# Blender 5.2.0 LTS
# www.blender.org
mtllib Honey Badger Mine Layer.mtl
o Honey_Badger.001
v 0.321169 0.530066 0.000000
v 1.259784 0.349514 0.511233
v 1.390156 0.530066 0.000000
v 0.229571 0.471678 0.000000
v -0.991681 0.471678 0.000000
v -1.116042 0.235585 0.552551
v -1.303901 -0.246755 0.552551
v -1.303901 -0.246755 -0.000000
v 1.337515 0.345822 0.552551
v 0.176759 0.227380 0.384879
v 1.015001 0.222993 0.552551
v 0.362173 0.266001 0.000000
v 0.829587 0.100081 0.552551
v 0.362173 0.222993 0.511233
v 0.698436 -0.133671 0.552551
v 0.725977 0.490338 0.000000
v 0.920712 -0.237616 0.552551
v 0.684687 0.345823 0.000000
v 0.685742 0.349514 0.511233
v 0.920712 -0.435767 -0.000000
v -1.303901 -0.444768 0.163596
v 1.015001 0.530066 0.000000
v -0.298323 -0.207170 0.606956
v -1.303901 -0.444768 -0.000000
v -0.290515 0.194666 0.606956
v 0.985244 -0.435324 -0.000000
v 0.829587 0.530066 0.000000
v 0.698436 -0.436745 -0.000000
v -0.343805 0.194702 0.606956
v -0.344952 -0.207149 0.606956
v 0.322386 -0.438003 -0.000000
v 0.321961 -0.242675 0.552551
v 0.321512 0.228831 0.552551
v -1.303901 -0.444768 0.276067
v 0.222778 -0.427949 -0.000000
v -0.950830 -0.213559 0.606956
v -0.241538 -0.438785 -0.000000
v -1.064776 0.204245 0.606956
v -0.823741 0.196613 0.606956
v -0.224853 0.471678 0.000000
v -1.228871 -0.217080 0.606956
v -0.846448 -0.655992 -0.000000
v 0.698436 -0.133671 0.806414
v -0.985594 -0.242724 0.552551
v 0.227567 0.221604 0.552551
v -1.027295 -0.293709 0.606956
v -1.015458 0.442867 0.000000
v 0.223880 -0.238513 0.552551
v 0.709887 -0.113262 0.783013
v 0.829587 0.100081 0.806414
v -0.988632 0.227439 0.552551
v 0.089325 -0.082617 0.384879
v -1.053440 0.439452 0.380727
v -1.127466 0.272395 0.529531
v -1.135829 0.299342 0.466639
v 1.378805 0.490338 0.375077
v 0.133042 0.072381 0.384879
v 1.373477 0.471689 0.444677
v 1.359891 0.424139 0.492227
v 0.321169 0.530066 0.380727
v 0.332621 0.358242 0.552551
v 0.322704 0.507046 0.466639
v 0.326895 0.444154 0.529531
v 0.229571 0.471678 0.380727
v 0.228136 0.292625 0.552551
v 0.229379 0.447689 0.466639
v 0.228853 0.382151 0.529531
v -0.991681 0.471678 0.380727
v -0.920248 0.294613 0.552551
v -0.982111 0.447956 0.466639
v -0.955964 0.383145 0.529531
v 1.015001 0.530066 0.380727
v 1.015001 0.358242 0.552551
v 1.015001 0.507046 0.466639
v 1.015001 0.444154 0.529531
v 0.829587 0.530066 0.380727
v 0.829587 0.358242 0.552551
v 0.829587 0.507046 0.466639
v 0.829587 0.444154 0.529531
v -0.224853 0.471678 0.380727
v -0.228310 0.293758 0.552551
v -0.225316 0.447841 0.466639
v -0.226581 0.382718 0.529531
v -0.289956 0.471678 0.380727
v -0.290462 0.294403 0.552551
v -0.290024 0.447927 0.466639
v -0.290209 0.383041 0.529531
v 0.920712 -0.333099 0.552551
v 0.920712 -0.435767 0.449885
v 0.920712 -0.384433 0.538796
v 0.920712 -0.422012 0.501218
v -1.303901 -0.444768 0.449885
v -1.303901 -0.342101 0.552551
v -1.303901 -0.431013 0.501218
v -1.303901 -0.393434 0.538796
v 0.133042 0.072382 0.000000
v 0.998719 -0.396265 0.444129
v 1.009692 -0.364456 0.501369
v 1.001947 -0.386907 0.478972
v 0.698436 -0.334078 0.552551
v 0.698436 -0.436745 0.449885
v 0.698436 -0.385411 0.538796
v 0.698436 -0.422990 0.501218
v 0.322386 -0.438003 0.449885
v 0.342529 -0.335268 0.552551
v 0.325085 -0.424239 0.501218
v 0.332457 -0.386636 0.538796
v 0.223695 -0.261715 0.552551
v 0.222778 -0.376161 0.449885
v 0.223236 -0.318938 0.538796
v 0.222900 -0.360828 0.501218
v -0.239311 -0.272383 0.552551
v -0.241538 -0.386997 0.449885
v -0.240424 -0.329690 0.538796
v -0.241240 -0.371642 0.501218
v -0.292238 -0.328099 0.552551
v -0.292559 -0.440561 0.449885
v -0.292398 -0.384330 0.538796
v -0.292516 -0.425494 0.501218
v -0.983727 -0.443626 0.449885
v -0.984193 -0.331544 0.552551
v -0.983789 -0.428610 0.501218
v -0.983960 -0.387585 0.538796
v -0.953483 0.197129 0.606956
v 0.089325 -0.082617 -0.000000
v -0.893750 0.255806 0.606956
v -0.343631 0.255622 0.606956
v -0.289342 0.255059 0.606956
v -0.949606 -0.291143 0.606956
v -1.228871 -0.300365 0.606956
v -0.298951 -0.239466 0.606956
v -0.345183 -0.288134 0.606956
v -0.941328 0.241462 0.606956
v -1.072796 -0.565467 -0.000000
v -1.028255 -0.214539 0.606956
v -0.983859 0.199002 0.606956
v -0.974716 0.278192 0.552551
v -1.003675 0.352336 0.529531
v -1.024874 0.406612 0.466639
v -1.015458 0.442867 0.380727
v -1.073133 -0.334481 0.552551
v -1.072965 -0.389212 0.538796
v -1.072842 -0.429279 0.501218
v -1.072796 -0.443944 0.449885
v -1.053440 0.439452 0.165701
v -0.991681 0.471678 0.225095
v 1.015001 0.530066 0.225095
v 1.378805 0.490338 0.225095
v 0.321169 0.530066 0.225095
v 0.829587 0.530066 0.225095
v 0.229571 0.471678 0.225095
v -0.224853 0.471678 0.225095
v -0.289956 0.471678 0.225095
v -1.015458 0.442867 0.225095
v 1.378805 0.490338 0.000000
v 1.338570 0.349514 0.511233
v 1.015001 0.222993 0.511233
v 0.829587 0.100081 0.511233
v 0.698436 -0.133671 0.511233
v 0.920712 -0.237616 0.511233
v 1.022045 -0.328646 0.511233
v 1.341063 0.358242 0.552551
v 0.998719 -0.396265 -0.000000
v 1.365610 0.444154 0.529531
v 1.383579 0.507046 0.466639
v 1.390156 0.530066 0.380727
v 1.390156 0.530066 0.225095
v 1.002995 -0.383869 0.538796
v 1.021207 -0.331075 0.552551
v 0.990000 -0.421537 0.501218
v 0.985244 -0.435324 0.449885
v 0.176759 0.270388 0.000000
v 0.045608 -0.237616 0.384879
v 0.045608 -0.237616 -0.000000
v 0.267884 -0.237616 0.511233
v 0.267884 -0.280865 -0.000000
v 0.369217 -0.328646 0.511233
v 0.368841 -0.329738 -0.000000
v 0.345890 -0.396265 -0.000000
v 0.299314 -0.084079 0.511233
v 0.707063 0.424139 0.492227
v 0.720649 0.471689 0.444677
v 0.725977 0.490338 0.375077
v 0.725977 0.490338 0.225095
v 0.356864 -0.364456 0.501369
v 0.330743 0.069457 0.511233
v 0.349119 -0.386907 0.478972
v 0.345890 -0.396265 0.444129
v -1.303901 -0.444768 0.388539
v 0.985244 -0.435324 0.337413
v 0.818137 0.079672 0.783013
v 0.312416 -0.200361 0.864803
v 0.232125 -0.196955 0.864803
v 0.235143 0.179706 0.864803
v 0.312048 0.185621 0.864803
v 0.709887 -0.113262 0.575952
v 0.818137 0.079672 0.575952
v 0.727968 0.080224 0.864803
v 0.620605 -0.111129 0.864803
v 0.985244 -0.435324 0.224942
v 0.985244 -0.435324 0.112471
v 0.920712 -0.435767 0.337413
v 0.920712 -0.435767 0.224942
v -0.233172 0.043529 0.552551
v -0.025179 0.223271 0.552551
v -0.228311 0.293708 0.552551
v -0.290480 0.194683 0.606924
v -0.204019 0.133894 0.552551
v -0.127888 0.199684 0.552551
v -0.033835 -0.236784 0.552551
v -0.235064 -0.053812 0.552551
v -0.298288 -0.207187 0.606924
v -0.239310 -0.272333 0.552551
v -0.135741 -0.211767 0.552551
v -0.209396 -0.144795 0.552551
v 0.920712 -0.435767 0.112471
v -0.239062 -0.107023 0.879367
v -0.247091 -0.110592 0.872020
v 0.698436 -0.436745 0.337413
v -0.142925 -0.012309 0.864803
v 0.062520 -0.195817 0.864803
v -0.116696 -0.103549 0.864803
v -0.041498 -0.170718 0.864803
v 0.069462 0.180798 0.864803
v -0.142673 0.000623 0.864803
v -0.035314 0.157163 0.864803
v -0.112961 0.091214 0.864803
v 0.698436 -0.133671 0.552551
v 0.698436 -0.133671 0.806414
v 0.829587 0.100081 0.806414
v 0.829587 0.100081 0.552551
v 0.610507 -0.113160 0.575952
v 0.610507 -0.113160 0.783013
v 0.660681 0.102303 0.783013
v 0.660681 0.102303 0.575952
v 0.919933 -0.396265 0.332848
v -1.303901 -0.246755 0.386812
v -1.053440 0.439452 0.000000
v -0.917638 0.506936 0.000000
v -0.240719 0.568639 0.000000
v -0.917638 0.506936 0.225095
v -0.395733 0.568992 0.225095
v -0.240719 0.568639 0.225095
v -0.682622 0.628579 0.000000
v -0.832070 0.595083 0.000000
v -0.406970 0.656786 0.000000
v -0.886084 0.540009 0.184816
v -0.832632 0.595083 0.000000
v -0.859690 0.567546 0.141515
v -0.840126 0.587705 0.090287
v -0.683183 0.628579 0.000000
v -0.511441 0.601550 0.164768
v -0.660506 0.624958 0.087601
v -0.597644 0.615065 0.131490
v -0.407532 0.656786 0.000000
v -0.335724 0.618570 0.164285
v -0.398243 0.651666 0.087536
v -0.371960 0.637678 0.131249
v 0.314336 -0.208873 0.853057
v 0.321960 -0.242675 0.734715
v 0.390831 -0.222734 0.806414
v 0.318148 -0.225774 0.820130
v 0.320939 -0.238146 0.776813
v 0.321512 0.228831 0.734715
v 0.313947 0.194293 0.853085
v 0.391014 0.211218 0.806414
v 0.320498 0.224204 0.776817
v 0.317729 0.211562 0.820143
v 0.227567 0.221604 0.734715
v 0.233564 0.188441 0.852630
v 0.228370 0.217161 0.776756
v 0.230565 0.205022 0.819916
v 0.230401 -0.205645 0.852592
v 0.223880 -0.238513 0.734714
v 0.227141 -0.222079 0.819897
v 0.224754 -0.234110 0.776751
v -0.233175 0.043375 0.734714
v -0.167458 0.012314 0.848813
v -0.224371 0.039191 0.776245
v -0.200317 0.027822 0.818008
v 0.047701 0.190682 0.851212
v -0.024355 0.223265 0.734715
v 0.011792 0.206973 0.819207
v -0.014582 0.218899 0.776566
v -0.137419 0.102668 0.849093
v -0.203910 0.133816 0.734714
v -0.170649 0.118231 0.818148
v -0.194986 0.129631 0.776282
v -0.059001 0.168102 0.849770
v -0.127476 0.199660 0.734715
v -0.093179 0.183878 0.818486
v -0.118243 0.195429 0.776373
v -0.033002 -0.236790 0.734714
v 0.040264 -0.205397 0.851152
v -0.023066 -0.232584 0.776558
v 0.003751 -0.221094 0.819177
v -0.168183 -0.023622 0.848796
v -0.235061 -0.053643 0.734714
v -0.201621 -0.038608 0.817999
v -0.226100 -0.049597 0.776242
v -0.135324 -0.211748 0.734714
v -0.065723 -0.181328 0.849701
v -0.125939 -0.207669 0.776364
v -0.100464 -0.196535 0.818452
v -0.209283 -0.144711 0.734714
v -0.141667 -0.114647 0.849047
v -0.200208 -0.140671 0.776276
v -0.175458 -0.129667 0.818125
v -0.846448 -0.655992 0.112471
v -0.846448 -0.577658 0.192164
v -0.983727 -0.443626 0.337413
v 0.322386 -0.438003 0.337413
v 0.322386 -0.438003 0.224942
v 0.322386 -0.438003 0.112471
v 0.222778 -0.376161 0.337413
v 0.222778 -0.427949 0.224942
v 0.222778 -0.427949 0.112471
v -0.241538 -0.386997 0.337413
v -0.241538 -0.438785 0.224942
v -0.241538 -0.438785 0.112471
v -0.292559 -0.440561 0.337413
v -0.776682 0.255767 0.606956
v -0.820982 -0.290503 0.606956
v -1.072796 -0.522218 0.112471
v -1.072796 -0.443944 0.224942
v -1.072796 -0.443944 0.337413
v 0.998719 -0.396265 0.110288
v 0.998719 -0.396265 0.221568
v 0.998719 -0.396265 0.332848
v 0.345890 -0.396265 0.110288
v 0.345890 -0.396265 0.221568
v 0.345890 -0.396265 0.332848
v -1.220890 -0.033620 0.552551
v 0.841926 -0.237616 0.511233
v -1.156361 -0.030906 0.606956
v -1.008638 -0.031804 0.606956
v -1.116042 0.235585 0.469657
v -1.303901 -0.246755 0.492494
v -1.220890 -0.033620 0.482403
v -1.126896 0.508501 0.380727
v -1.126896 0.508501 0.152894
v -0.996248 0.083599 0.606956
v -1.331103 0.455612 0.380727
v -1.331103 0.455612 0.153732
v -1.110569 0.086669 0.606956
v -1.344325 0.410070 0.380727
v -1.337074 0.384086 0.193514
v -1.168466 0.100983 0.552551
v -1.220905 -0.032877 0.380406
v -1.220905 -0.032877 0.154053
v -1.220905 -0.032877 -0.000000
v -1.344325 0.410070 0.153732
v -1.337074 0.384086 0.353750
v -1.228171 -0.006150 0.353750
v -1.228171 -0.006150 0.193514
v -1.150222 0.015603 0.353750
v -1.150222 0.015603 0.193514
v -1.259126 0.405839 0.353750
v -1.259126 0.405839 0.193514
v 0.650269 -0.127686 0.511233
v 0.769385 0.096385 0.511233
v 1.300020 0.490338 0.225095
v 1.300020 0.490338 0.000000
v 0.930906 -0.364456 0.501369
v 0.943260 -0.328646 0.511233
v 0.923161 -0.386907 0.478972
v 0.936215 0.222993 0.511233
v 0.919933 -0.396265 0.444129
v 1.281105 0.424139 0.492227
v 0.919933 -0.396265 -0.000000
v 1.294691 0.471689 0.444677
v 1.300020 0.490338 0.375077
v 0.919933 -0.396265 0.221568
v 0.919933 -0.396265 0.110288
v 1.290349 0.300046 0.319403
v 1.291740 0.304914 0.301237
v 1.269785 0.300046 0.319403
v 1.271175 0.304914 0.301237
v 0.985335 0.113764 0.305536
v 0.956294 0.094513 0.305536
v 0.946865 0.093934 0.305536
v 0.972995 0.113764 0.305536
v 0.975039 -0.301940 0.302594
v 0.951652 -0.301940 0.302594
v 0.936637 -0.187072 0.100671
v 0.936637 -0.187072 0.133705
v 0.975039 -0.301940 0.335627
v 0.963533 -0.273374 0.401784
v 0.967200 -0.262744 0.404712
v 0.940145 -0.273374 0.401784
v 0.943812 -0.262744 0.404712
v 0.951652 -0.301940 0.335627
v 0.913250 -0.187072 0.133705
v 0.913250 -0.187072 0.100671
v 1.271780 0.312340 0.374946
v 1.256793 0.312340 0.374946
v 1.260849 0.326535 0.371331
v 1.275836 0.326535 0.371331
v 0.822863 -0.127203 0.384842
v 0.862602 -0.145787 0.384842
v 0.848516 -0.145787 0.384842
v 0.814251 -0.126133 0.384842
v 1.278626 0.336896 0.153407
v 1.278626 0.336896 0.123615
v 1.268244 0.336896 0.123615
v 1.268244 0.336896 0.153407
v -1.099219 0.515713 0.592512
v -1.143148 0.441005 0.638321
v -1.138386 0.552530 0.592512
v -1.247270 0.524330 0.592512
v -1.136819 0.690062 0.703925
v -1.149230 0.688443 0.728630
v -1.147884 0.696067 0.695433
v -1.178645 0.691467 0.701938
v -1.168466 0.100983 0.476030
v -1.282615 0.188597 0.153892
v -1.282622 0.188968 0.353750
v -1.282622 0.188968 0.193514
v -1.282615 0.188597 0.380566
v -1.204674 0.210721 0.353750
v -1.204674 0.210721 0.193514
v -1.248864 -0.104926 0.382564
v -1.248854 -0.105419 0.552551
v -1.180788 -0.093623 0.606956
v -1.015246 -0.093363 0.606956
v -1.248854 -0.105419 0.485802
v -1.248864 -0.104926 0.155294
v -1.248864 -0.104926 -0.000000
v 1.015001 0.530066 0.302911
v 0.321169 0.530066 0.302911
v 0.229571 0.471678 0.302911
v -0.224853 0.471678 0.302911
v -0.991681 0.471678 0.302911
v 1.390156 0.530066 0.302911
v 0.829587 0.530066 0.302911
v -0.289956 0.471678 0.302911
v -1.015458 0.442867 0.302911
v 1.378805 0.490338 0.300086
v 0.725977 0.490338 0.300086
v -1.053440 0.439452 0.273214
v -1.303901 -0.246755 0.272275
v -1.126896 0.508501 0.266810
v -1.331103 0.455612 0.267229
v -1.344325 0.410070 0.267229
v -1.228171 -0.006150 0.273632
v -1.337074 0.384086 0.273632
v -1.220905 -0.032877 0.267229
v -1.150222 0.015603 0.273632
v -1.259126 0.405839 0.273632
v 1.300020 0.490338 0.300086
v -1.204674 0.210721 0.273632
v -1.248864 -0.134896 0.240722
v -1.230184 0.322827 0.425192
v -1.220897 -0.033248 0.431404
v -1.303901 -0.246755 0.439653
v -1.090168 0.473976 0.159297
v -1.090168 0.473976 0.380727
v -1.233466 0.377477 0.423683
v -1.118802 0.534122 0.592512
v -1.195209 0.482668 0.615417
v -1.142352 0.693064 0.699679
v -1.163938 0.689955 0.715284
v -1.225540 0.144790 0.428298
v -1.248859 -0.105173 0.434183
v -1.090168 0.473976 0.270012
v -1.282255 0.230145 0.000000
v -1.413001 -0.277734 0.496448
v -1.413001 -0.277734 0.535644
v -1.388015 -0.339961 0.535644
v -1.374563 -0.373464 0.526667
v -1.364716 -0.397989 0.502142
v -1.361111 -0.406966 0.468640
v -1.413001 -0.277734 0.461962
v -1.365666 -0.048265 0.434091
v -1.365666 -0.048265 0.449500
v -1.365666 -0.048265 0.420533
v -1.393659 -0.056214 0.435106
v -1.393659 -0.056214 0.445163
v -1.393659 -0.056214 0.426257
v -1.303901 -0.422549 -0.000000
v -1.303901 -0.422549 0.163596
v -1.303901 -0.404062 0.234574
v -1.263590 -0.142875 0.155294
v -1.263590 -0.142875 -0.000000
v -1.263590 -0.172845 0.200901
v -1.303901 -0.246755 0.272275
v -1.303901 -0.444768 0.163596
v -1.303901 -0.444768 -0.000000
v -1.303901 -0.246755 -0.000000
v -1.303901 -0.444768 0.276067
v -1.248864 -0.104926 -0.000000
v -1.248864 -0.104926 0.155294
v -1.248864 -0.134896 0.240722
v -1.304062 -0.247562 0.231577
v -1.152088 -0.323781 -0.000000
v -1.152088 -0.323781 0.157738
v -1.181159 -0.142875 0.155294
v -1.152250 -0.324588 0.231577
v -1.221470 -0.422549 0.163596
v -1.221470 -0.422549 -0.000000
v -1.221470 -0.404062 0.234574
v -1.181159 -0.142875 -0.000000
v -1.181159 -0.142875 0.229108
v -1.340112 -0.437994 0.163598
v -1.340112 -0.437994 -0.000000
v -1.340112 -0.437994 0.276069
v -1.285075 -0.098153 0.155296
v -1.285075 -0.098153 -0.000000
v -1.285075 -0.128123 0.240724
v -1.340112 -0.239981 0.272277
v -1.340112 -0.415775 0.163598
v -1.340112 -0.415775 -0.000000
v -1.340112 -0.397288 0.234576
v -1.299801 -0.136102 0.155296
v -1.299801 -0.136102 -0.000000
v -1.299801 -0.166072 0.200903
v -1.340274 -0.240788 0.231579
v -1.220912 0.400149 0.153892
v -1.220552 0.398691 0.000000
v -1.235847 0.480283 0.153341
v -1.224830 0.440116 0.156349
v -0.292559 -0.440561 0.112471
v -0.292559 -0.440561 -0.000000
v -0.983727 -0.443626 0.224942
v -0.292559 -0.440561 0.224942
v -0.592963 -0.654868 -0.000000
v -0.592963 -0.654868 0.112471
v -0.592963 -0.576534 0.192164
v -0.786227 0.294568 0.552551
v -0.814289 0.383123 0.529531
v -0.834832 0.447950 0.466639
v -0.842351 0.471678 0.380727
v -0.836942 -0.330811 0.552551
v -0.836792 -0.386892 0.538796
v -0.836683 -0.427947 0.501218
v -0.836643 -0.442974 0.449885
v -0.842351 0.471678 0.225095
v -0.821896 -0.212195 0.606956
v -0.806574 0.520142 0.225095
v -0.800267 0.602211 0.000000
v -0.800829 0.602211 0.000000
v -0.801902 0.595632 0.089715
v -0.803926 0.577658 0.139381
v -0.806358 0.553105 0.180550
v -0.836643 -0.442974 0.337413
v -0.836643 -0.442974 0.224942
v -0.842351 0.471678 0.302911
v -0.579396 0.255701 0.606956
v -0.575532 0.383085 0.529531
v -0.560370 0.294493 0.552551
v -0.588781 -0.385725 0.538796
v -0.588775 -0.426829 0.501218
v -0.588773 -0.441875 0.449885
v -0.737486 0.608992 0.088752
v -0.709949 0.594700 0.135786
v -0.672002 0.575176 0.173360
v -0.588773 -0.441875 0.337413
v -0.588773 -0.441875 0.224942
v -0.605095 0.195742 0.606956
v -0.604221 -0.289424 0.606956
v -0.586632 0.447939 0.466639
v -0.590695 0.471678 0.380727
v -0.588789 -0.329575 0.552551
v -0.590695 0.471678 0.225095
v -0.604613 -0.209896 0.606956
v -0.619406 0.542397 0.225095
v -0.746671 0.614224 0.000000
v -0.747233 0.614224 0.000000
v -0.590695 0.471678 0.302911
v -0.519338 -0.441875 0.112944
v -0.519338 -0.441875 -0.000000
v -1.072796 -0.486496 0.163800
v -0.920043 -0.542142 0.172767
v 0.668157 -0.509749 -0.000000
v 0.859186 -0.508908 -0.000000
v 0.344970 -0.510830 -0.000000
v 0.259363 -0.502190 -0.000000
v -0.139682 -0.511502 -0.000000
v 0.668157 -0.509749 0.116424
v 0.344970 -0.510830 0.116424
v 0.259363 -0.502190 0.116424
v -0.139682 -0.511502 0.116424
v 0.668157 -0.509749 0.309745
v 0.668157 -0.509749 0.213084
v 0.859186 -0.508908 0.116424
v 0.859186 -0.508908 0.213084
v 0.344970 -0.510830 0.213084
v 0.859186 -0.508908 0.309745
v 0.344970 -0.510830 0.309745
v -0.245362 -0.085397 0.879307
v -0.253307 -0.088957 0.871990
v -0.256098 -0.255544 0.727140
v -0.253942 -0.254584 0.737015
v -0.346051 -0.013444 0.736162
v -0.348180 -0.014406 0.726295
v -0.069602 -0.293850 0.852621
v -0.061348 -0.290237 0.860046
v -0.236296 -0.270502 0.737036
v -0.238526 -0.271471 0.727140
v -0.044842 -0.299685 0.852794
v -0.036166 -0.295956 0.860391
v -0.250309 0.080561 0.871769
v -0.242502 0.076876 0.879088
v -0.235365 0.098343 0.879155
v -0.243260 0.102041 0.871802
v -0.347732 0.008645 0.726295
v -0.345640 0.007651 0.736162
v -0.245540 0.245138 0.736766
v -0.247660 0.246132 0.726890
v -0.052746 0.277059 0.860002
v -0.060866 0.280808 0.852569
v -0.227307 0.260771 0.736787
v -0.229500 0.261776 0.726890
v -0.027395 0.282424 0.860345
v -0.035926 0.286295 0.852741
v 1.164809 0.693386 0.416264
v 1.133093 0.693386 0.416264
v 1.164809 0.693386 0.402953
v 1.133093 0.693386 0.402953
v -0.468343 0.634998 0.416264
v -0.511390 0.634998 0.416264
v -0.468343 0.634998 0.402953
v -0.511390 0.634998 0.402953
v 1.134762 0.598445 0.609556
v 1.134762 0.587072 0.620930
v 1.101231 0.587072 0.620930
v 1.101231 0.598445 0.609556
v -0.213559 0.536694 0.611356
v -0.213593 0.524959 0.622729
v -0.265192 0.524967 0.622729
v -0.267199 0.536696 0.611356
v 0.912473 0.008662 0.172769
v 1.011076 0.121400 0.080203
v 0.835723 0.137277 0.080204
v 0.766436 -0.024588 0.080203
v 0.898969 -0.140502 0.080204
v 1.050164 -0.050275 0.080203
v 0.867361 0.084260 0.147760
v 0.970431 0.074928 0.147760
v 0.925318 0.150526 0.093352
v 1.051363 0.040285 0.093351
v 0.993406 -0.025980 0.147760
v 0.826635 -0.010882 0.147760
v 0.781522 0.064716 0.093351
v 0.904536 -0.079014 0.147760
v 0.818697 -0.098558 0.093351
v 0.985469 -0.113657 0.093352
v 1.056270 0.094472 0.000000
v 1.079245 -0.006436 -0.000000
v 0.875298 0.171937 0.000000
v 0.978369 0.162606 0.000000
v 0.745702 0.023761 0.000000
v 0.786427 0.118904 0.000000
v 0.846578 -0.145281 -0.000000
v 0.768677 -0.077147 -0.000000
v 1.038520 -0.101579 -0.000000
v 0.949649 -0.154613 -0.000000
v 0.235143 0.179706 0.864803
v 0.312048 0.185621 0.864803
v 0.233564 0.188441 0.852630
v 0.313947 0.194293 0.853085
v 0.925318 0.150526 0.093352
v 0.835723 0.137277 0.080204
v 0.867361 0.084260 0.147760
v 0.766436 -0.024588 0.080203
v 0.826635 -0.010882 0.147760
v 0.898969 -0.140502 0.080204
v 0.904536 -0.079014 0.147760
v 0.818697 -0.098558 0.093351
v 0.985469 -0.113657 0.093352
v 1.051363 0.040285 0.093351
v 0.993406 -0.025980 0.147760
v 0.970431 0.074928 0.147760
v 1.055793 0.114319 0.174451
v 1.065383 0.125284 0.158512
v 1.074888 0.106146 0.161614
v 1.057248 -0.094991 0.174451
v 1.070640 -0.100723 0.158512
v 0.723778 0.025261 0.161613
v 0.720218 0.004190 0.158511
v 0.838377 -0.165668 0.161614
v 0.857317 -0.175564 0.158512
v 1.055375 -0.115678 0.161614
v 0.734422 0.007424 0.174451
v 0.858630 -0.161057 0.174451
v 0.869951 0.193252 0.161614
v 0.848812 0.190126 0.158512
v 0.856276 0.177617 0.174451
v 1.149459 0.173495 0.261383
v 1.152971 0.177511 0.255545
v 1.156453 0.170501 0.256681
v 1.142473 -0.165786 0.261383
v 1.147377 -0.167885 0.255545
v 0.619963 0.021137 0.256680
v 0.618659 0.013421 0.255544
v 0.810218 -0.265675 0.256682
v 0.817155 -0.269300 0.255545
v 1.141787 -0.173362 0.256681
v 0.623861 0.014605 0.261382
v 0.817636 -0.263987 0.261383
v 0.833949 0.290711 0.256682
v 0.826207 0.289566 0.255546
v 0.828941 0.284985 0.261383
v 1.259784 0.349514 -0.511233
v -1.116042 0.235585 -0.552551
v -1.303901 -0.246755 -0.552551
v 1.337515 0.345823 -0.552551
v 0.176759 0.227380 -0.384879
v 1.015001 0.222993 -0.552551
v 0.829587 0.100081 -0.552551
v 0.362173 0.222993 -0.511233
v 0.698436 -0.133671 -0.552551
v 0.920712 -0.237616 -0.552551
v 0.685742 0.349514 -0.511233
v -1.303901 -0.444768 -0.163596
v -0.298323 -0.207170 -0.606956
v -0.290515 0.194666 -0.606956
v -0.343805 0.194702 -0.606956
v -0.344952 -0.207149 -0.606956
v 0.321961 -0.242675 -0.552551
v 0.321512 0.228831 -0.552551
v -1.303901 -0.444768 -0.276068
v -0.950830 -0.213559 -0.606956
v -1.064776 0.204245 -0.606956
v -0.823741 0.196613 -0.606956
v -1.228871 -0.217080 -0.606956
v 0.698436 -0.133671 -0.806414
v -0.985594 -0.242724 -0.552551
v 0.227567 0.221604 -0.552551
v -1.027295 -0.293709 -0.606956
v 0.223880 -0.238513 -0.552551
v 0.709887 -0.113262 -0.783013
v 0.829587 0.100081 -0.806414
v -0.988632 0.227439 -0.552551
v 0.089325 -0.082617 -0.384879
v -1.053440 0.439452 -0.380727
v -1.127466 0.272395 -0.529531
v -1.135829 0.299342 -0.466639
v 1.378805 0.490338 -0.375077
v 0.133042 0.072382 -0.384879
v 1.373477 0.471689 -0.444677
v 1.359891 0.424139 -0.492227
v 0.321169 0.530066 -0.380727
v 0.332621 0.358242 -0.552551
v 0.322704 0.507046 -0.466639
v 0.326895 0.444154 -0.529531
v 0.229571 0.471678 -0.380727
v 0.228136 0.292625 -0.552551
v 0.229379 0.447689 -0.466639
v 0.228853 0.382151 -0.529531
v -0.991681 0.471678 -0.380727
v -0.920248 0.294613 -0.552551
v -0.982111 0.447956 -0.466639
v -0.955964 0.383145 -0.529531
v 1.015001 0.530066 -0.380727
v 1.015001 0.358242 -0.552551
v 1.015001 0.507046 -0.466639
v 1.015001 0.444154 -0.529531
v 0.829587 0.530066 -0.380727
v 0.829587 0.358242 -0.552551
v 0.829587 0.507046 -0.466639
v 0.829587 0.444154 -0.529531
v -0.224853 0.471678 -0.380727
v -0.228310 0.293758 -0.552551
v -0.225316 0.447841 -0.466639
v -0.226581 0.382718 -0.529531
v -0.289956 0.471678 -0.380727
v -0.290462 0.294403 -0.552551
v -0.290024 0.447927 -0.466639
v -0.290209 0.383041 -0.529531
v 0.920712 -0.333099 -0.552551
v 0.920712 -0.435767 -0.449885
v 0.920712 -0.384433 -0.538796
v 0.920712 -0.422012 -0.501218
v -1.303901 -0.444768 -0.449885
v -1.303901 -0.342101 -0.552551
v -1.303901 -0.431013 -0.501218
v -1.303901 -0.393434 -0.538796
v 0.998719 -0.396265 -0.444129
v 1.009692 -0.364456 -0.501369
v 1.001947 -0.386907 -0.478972
v 0.698436 -0.334078 -0.552551
v 0.698436 -0.436745 -0.449885
v 0.698436 -0.385411 -0.538796
v 0.698436 -0.422990 -0.501218
v 0.322386 -0.438003 -0.449885
v 0.342529 -0.335268 -0.552551
v 0.325085 -0.424239 -0.501218
v 0.332457 -0.386635 -0.538796
v 0.223695 -0.261715 -0.552551
v 0.222778 -0.376161 -0.449885
v 0.223236 -0.318938 -0.538796
v 0.222900 -0.360828 -0.501218
v -0.239311 -0.272383 -0.552551
v -0.241538 -0.386997 -0.449885
v -0.240424 -0.329690 -0.538796
v -0.241240 -0.371642 -0.501218
v -0.292238 -0.328099 -0.552551
v -0.292559 -0.440561 -0.449885
v -0.292398 -0.384330 -0.538796
v -0.292516 -0.425494 -0.501218
v -0.983727 -0.443626 -0.449885
v -0.984193 -0.331544 -0.552551
v -0.983789 -0.428610 -0.501218
v -0.983960 -0.387585 -0.538796
v -0.953483 0.197129 -0.606956
v -0.893750 0.255806 -0.606956
v -0.343631 0.255623 -0.606956
v -0.289342 0.255059 -0.606956
v -0.949606 -0.291143 -0.606956
v -1.228871 -0.300365 -0.606956
v -0.298951 -0.239466 -0.606956
v -0.345183 -0.288134 -0.606956
v -0.941328 0.241462 -0.606956
v -1.028255 -0.214539 -0.606956
v -0.983859 0.199002 -0.606956
v -0.974716 0.278192 -0.552551
v -1.003675 0.352336 -0.529531
v -1.024874 0.406613 -0.466639
v -1.015458 0.442867 -0.380727
v -1.073133 -0.334481 -0.552551
v -1.072965 -0.389212 -0.538796
v -1.072842 -0.429279 -0.501218
v -1.072796 -0.443944 -0.449885
v -1.053440 0.439452 -0.165701
v -0.991681 0.471678 -0.225095
v 1.015001 0.530066 -0.225095
v 1.378805 0.490338 -0.225095
v 0.321169 0.530066 -0.225095
v 0.829587 0.530066 -0.225095
v 0.229571 0.471678 -0.225095
v -0.224853 0.471678 -0.225095
v -0.289956 0.471678 -0.225095
v -1.015458 0.442867 -0.225095
v 1.338570 0.349514 -0.511233
v 1.015001 0.222993 -0.511233
v 0.829587 0.100081 -0.511233
v 0.698436 -0.133671 -0.511233
v 0.920712 -0.237616 -0.511233
v 1.022045 -0.328646 -0.511233
v 1.341063 0.358242 -0.552551
v 1.365610 0.444154 -0.529531
v 1.383579 0.507046 -0.466639
v 1.390156 0.530066 -0.380727
v 1.390156 0.530066 -0.225095
v 1.002995 -0.383869 -0.538796
v 1.021207 -0.331075 -0.552551
v 0.990000 -0.421537 -0.501218
v 0.985244 -0.435324 -0.449885
v 0.045608 -0.237616 -0.384879
v 0.267884 -0.237616 -0.511233
v 0.369217 -0.328646 -0.511233
v 0.299314 -0.084079 -0.511233
v 0.707063 0.424139 -0.492227
v 0.720649 0.471689 -0.444677
v 0.725977 0.490338 -0.375077
v 0.725977 0.490338 -0.225095
v 0.356864 -0.364456 -0.501369
v 0.330743 0.069457 -0.511233
v 0.349119 -0.386907 -0.478972
v 0.345890 -0.396265 -0.444129
v -1.303901 -0.444768 -0.388539
v 0.985244 -0.435324 -0.337413
v 0.818137 0.079672 -0.783013
v 0.312416 -0.200361 -0.864803
v 0.232125 -0.196955 -0.864803
v 0.235143 0.179706 -0.864803
v 0.312048 0.185622 -0.864803
v 0.709887 -0.113262 -0.575952
v 0.818137 0.079672 -0.575952
v 0.727968 0.080224 -0.864803
v 0.620605 -0.111129 -0.864803
v 0.985244 -0.435324 -0.224942
v 0.985244 -0.435324 -0.112471
v 0.920712 -0.435767 -0.337413
v 0.920712 -0.435767 -0.224942
v -0.233172 0.043529 -0.552551
v -0.025179 0.223271 -0.552551
v -0.228311 0.293708 -0.552551
v -0.290480 0.194683 -0.606924
v -0.204019 0.133894 -0.552551
v -0.127888 0.199684 -0.552551
v -0.033835 -0.236784 -0.552551
v -0.235064 -0.053812 -0.552551
v -0.298288 -0.207187 -0.606924
v -0.239310 -0.272333 -0.552551
v -0.135741 -0.211767 -0.552551
v -0.209396 -0.144795 -0.552551
v 0.920712 -0.435767 -0.112471
v -0.239062 -0.107023 -0.879367
v -0.247091 -0.110592 -0.872020
v 0.698436 -0.436745 -0.337413
v -0.142925 -0.012309 -0.864803
v 0.062520 -0.195817 -0.864803
v -0.116696 -0.103549 -0.864803
v -0.041498 -0.170718 -0.864803
v 0.069462 0.180798 -0.864803
v -0.142673 0.000624 -0.864803
v -0.035314 0.157163 -0.864803
v -0.112961 0.091214 -0.864803
v 0.698436 -0.133671 -0.552551
v 0.698436 -0.133671 -0.806414
v 0.829587 0.100081 -0.806414
v 0.829587 0.100081 -0.552551
v 0.610507 -0.113160 -0.575952
v 0.610507 -0.113160 -0.783013
v 0.660681 0.102303 -0.783013
v 0.660681 0.102303 -0.575952
v 0.919933 -0.396265 -0.332848
v -1.303901 -0.246755 -0.386812
v -0.917638 0.506936 -0.225095
v -0.395733 0.568992 -0.225095
v -0.240719 0.568639 -0.225095
v -0.886084 0.540009 -0.184816
v -0.859690 0.567546 -0.141514
v -0.840126 0.587705 -0.090287
v -0.511441 0.601550 -0.164768
v -0.660506 0.624958 -0.087601
v -0.597644 0.615065 -0.131490
v -0.335724 0.618570 -0.164285
v -0.398243 0.651666 -0.087536
v -0.371960 0.637678 -0.131249
v 0.314336 -0.208873 -0.853057
v 0.321960 -0.242675 -0.734715
v 0.390831 -0.222734 -0.806414
v 0.318148 -0.225774 -0.820130
v 0.320939 -0.238146 -0.776813
v 0.321512 0.228831 -0.734715
v 0.313947 0.194293 -0.853085
v 0.391014 0.211218 -0.806414
v 0.320498 0.224204 -0.776817
v 0.317729 0.211562 -0.820143
v 0.227567 0.221604 -0.734715
v 0.233564 0.188441 -0.852630
v 0.228370 0.217161 -0.776756
v 0.230565 0.205022 -0.819916
v 0.230401 -0.205645 -0.852592
v 0.223880 -0.238513 -0.734714
v 0.227141 -0.222079 -0.819897
v 0.224754 -0.234110 -0.776751
v -0.233175 0.043375 -0.734714
v -0.167458 0.012314 -0.848813
v -0.224371 0.039191 -0.776245
v -0.200317 0.027822 -0.818008
v 0.047701 0.190683 -0.851212
v -0.024355 0.223265 -0.734715
v 0.011792 0.206973 -0.819207
v -0.014582 0.218899 -0.776566
v -0.137419 0.102668 -0.849093
v -0.203910 0.133816 -0.734714
v -0.170649 0.118231 -0.818148
v -0.194986 0.129632 -0.776282
v -0.059001 0.168102 -0.849770
v -0.127476 0.199660 -0.734715
v -0.093179 0.183878 -0.818486
v -0.118243 0.195429 -0.776373
v -0.033002 -0.236789 -0.734714
v 0.040264 -0.205396 -0.851152
v -0.023066 -0.232584 -0.776558
v 0.003751 -0.221094 -0.819177
v -0.168183 -0.023622 -0.848796
v -0.235061 -0.053643 -0.734714
v -0.201621 -0.038608 -0.817999
v -0.226100 -0.049596 -0.776242
v -0.135324 -0.211748 -0.734714
v -0.065723 -0.181328 -0.849701
v -0.125939 -0.207669 -0.776364
v -0.100464 -0.196535 -0.818452
v -0.209283 -0.144711 -0.734714
v -0.141667 -0.114647 -0.849047
v -0.200208 -0.140671 -0.776276
v -0.175458 -0.129667 -0.818125
v -0.846448 -0.655992 -0.112471
v -0.846448 -0.577658 -0.192164
v -0.983727 -0.443626 -0.337413
v 0.322386 -0.438003 -0.337413
v 0.322386 -0.438003 -0.224942
v 0.322386 -0.438003 -0.112471
v 0.222778 -0.376161 -0.337413
v 0.222778 -0.427949 -0.224942
v 0.222778 -0.427949 -0.112471
v -0.241538 -0.386997 -0.337413
v -0.241538 -0.438785 -0.224942
v -0.241538 -0.438785 -0.112471
v -0.292559 -0.440561 -0.337413
v -0.776682 0.255767 -0.606956
v -0.820982 -0.290503 -0.606956
v -1.072796 -0.522218 -0.112471
v -1.072796 -0.443944 -0.224942
v -1.072796 -0.443944 -0.337413
v 0.998719 -0.396265 -0.110288
v 0.998719 -0.396265 -0.221568
v 0.998719 -0.396265 -0.332848
v 0.345890 -0.396265 -0.110288
v 0.345890 -0.396265 -0.221568
v 0.345890 -0.396265 -0.332848
v -1.220890 -0.033620 -0.552551
v 0.841926 -0.237616 -0.511233
v -1.156361 -0.030906 -0.606956
v -1.008638 -0.031804 -0.606956
v -1.116042 0.235585 -0.469657
v -1.303901 -0.246755 -0.492494
v -1.220890 -0.033620 -0.482403
v -1.126896 0.508501 -0.380727
v -1.126896 0.508501 -0.152894
v -0.996248 0.083599 -0.606956
v -1.331103 0.455612 -0.380727
v -1.331103 0.455612 -0.153732
v -1.110569 0.086669 -0.606956
v -1.344325 0.410070 -0.380727
v -1.337074 0.384086 -0.193514
v -1.168466 0.100983 -0.552551
v -1.220905 -0.032877 -0.380406
v -1.220905 -0.032877 -0.154053
v -1.344325 0.410070 -0.153732
v -1.337074 0.384086 -0.353750
v -1.228171 -0.006150 -0.353750
v -1.228171 -0.006150 -0.193514
v -1.150222 0.015603 -0.353750
v -1.150222 0.015603 -0.193514
v -1.259126 0.405840 -0.353750
v -1.259126 0.405839 -0.193514
v 0.650269 -0.127686 -0.511233
v 0.769385 0.096385 -0.511233
v 1.300020 0.490338 -0.225095
v 0.930906 -0.364456 -0.501369
v 0.943260 -0.328646 -0.511233
v 0.923161 -0.386907 -0.478972
v 0.936215 0.222993 -0.511233
v 0.919933 -0.396265 -0.444129
v 1.281105 0.424139 -0.492227
v 1.294691 0.471689 -0.444677
v 1.300020 0.490338 -0.375077
v 0.919933 -0.396265 -0.221568
v 0.919933 -0.396265 -0.110288
v 1.290349 0.300046 -0.319403
v 1.291740 0.304914 -0.301237
v 1.269785 0.300046 -0.319403
v 1.271175 0.304914 -0.301237
v 0.985335 0.113764 -0.305536
v 0.956294 0.094513 -0.305536
v 0.946865 0.093934 -0.305536
v 0.972995 0.113764 -0.305536
v 0.975039 -0.301940 -0.302594
v 0.951652 -0.301940 -0.302594
v 0.936637 -0.187072 -0.100671
v 0.936637 -0.187072 -0.133705
v 0.975039 -0.301940 -0.335627
v 0.963533 -0.273374 -0.401784
v 0.967200 -0.262744 -0.404712
v 0.940145 -0.273374 -0.401784
v 0.943812 -0.262744 -0.404712
v 0.951652 -0.301940 -0.335627
v 0.913250 -0.187072 -0.133705
v 0.913250 -0.187072 -0.100671
v 1.271780 0.312340 -0.374946
v 1.256793 0.312340 -0.374946
v 1.260849 0.326535 -0.371331
v 1.275836 0.326535 -0.371331
v 0.822863 -0.127203 -0.384842
v 0.862602 -0.145787 -0.384842
v 0.848516 -0.145787 -0.384842
v 0.814251 -0.126133 -0.384842
v 1.278626 0.336896 -0.153407
v 1.278626 0.336896 -0.123615
v 1.268244 0.336896 -0.123615
v 1.268244 0.336896 -0.153407
v -1.099219 0.515713 -0.592512
v -1.143148 0.441005 -0.638321
v -1.138386 0.552530 -0.592512
v -1.247270 0.524330 -0.592512
v -1.136819 0.690062 -0.703925
v -1.149230 0.688443 -0.728630
v -1.147884 0.696067 -0.695432
v -1.178645 0.691467 -0.701937
v -1.168466 0.100983 -0.476030
v -1.282615 0.188597 -0.153892
v -1.282622 0.188968 -0.353750
v -1.282622 0.188968 -0.193514
v -1.282615 0.188597 -0.380566
v -1.204674 0.210721 -0.353750
v -1.204674 0.210721 -0.193514
v -1.248864 -0.104926 -0.382564
v -1.248854 -0.105419 -0.552551
v -1.180788 -0.093623 -0.606956
v -1.015246 -0.093363 -0.606956
v -1.248854 -0.105419 -0.485802
v -1.248864 -0.104926 -0.155294
v 1.015001 0.530066 -0.302911
v 0.321169 0.530066 -0.302911
v 0.229571 0.471678 -0.302911
v -0.224853 0.471678 -0.302911
v -0.991681 0.471678 -0.302911
v 1.390156 0.530066 -0.302911
v 0.829587 0.530066 -0.302911
v -0.289956 0.471678 -0.302911
v -1.015458 0.442867 -0.302911
v 1.378805 0.490338 -0.300086
v 0.725977 0.490338 -0.300086
v -1.053440 0.439452 -0.273214
v -1.303901 -0.246755 -0.272275
v -1.126896 0.508501 -0.266810
v -1.331103 0.455612 -0.267229
v -1.344325 0.410070 -0.267229
v -1.228171 -0.006150 -0.273632
v -1.337074 0.384086 -0.273632
v -1.220905 -0.032877 -0.267229
v -1.150222 0.015603 -0.273632
v -1.259126 0.405839 -0.273632
v 1.300020 0.490338 -0.300086
v -1.204674 0.210721 -0.273632
v -1.248864 -0.134896 -0.240722
v -1.230184 0.322827 -0.425192
v -1.220897 -0.033248 -0.431404
v -1.303901 -0.246755 -0.439653
v -1.090168 0.473976 -0.159297
v -1.090168 0.473976 -0.380727
v -1.233466 0.377477 -0.423683
v -1.118802 0.534122 -0.592512
v -1.195209 0.482668 -0.615417
v -1.142352 0.693064 -0.699679
v -1.163938 0.689955 -0.715284
v -1.225540 0.144790 -0.428298
v -1.248859 -0.105173 -0.434183
v -1.090168 0.473976 -0.270012
v -1.413001 -0.277734 -0.496448
v -1.413001 -0.277734 -0.535644
v -1.388015 -0.339961 -0.535644
v -1.374563 -0.373464 -0.526667
v -1.364716 -0.397989 -0.502142
v -1.361111 -0.406966 -0.468640
v -1.413001 -0.277734 -0.461962
v -1.365666 -0.048265 -0.434091
v -1.365666 -0.048265 -0.449500
v -1.365666 -0.048265 -0.420533
v -1.393659 -0.056214 -0.435106
v -1.393659 -0.056214 -0.445163
v -1.393659 -0.056214 -0.426257
v -1.303901 -0.422549 -0.163596
v -1.303901 -0.404062 -0.234574
v -1.263590 -0.142875 -0.155294
v -1.263590 -0.172845 -0.200901
v -1.303901 -0.246755 -0.272275
v -1.303901 -0.444768 -0.163596
v -1.303901 -0.444768 -0.276068
v -1.248864 -0.104926 -0.155294
v -1.248864 -0.134896 -0.240722
v -1.304062 -0.247562 -0.231577
v -1.152088 -0.323781 -0.157738
v -1.181159 -0.142875 -0.155294
v -1.152250 -0.324588 -0.231577
v -1.221470 -0.422549 -0.163596
v -1.221470 -0.404062 -0.234574
v -1.181159 -0.142875 -0.229108
v -1.340112 -0.437994 -0.163598
v -1.340112 -0.437994 -0.276069
v -1.285075 -0.098153 -0.155296
v -1.285075 -0.128123 -0.240724
v -1.340112 -0.239981 -0.272277
v -1.340112 -0.415775 -0.163598
v -1.340112 -0.397288 -0.234576
v -1.299801 -0.136102 -0.155296
v -1.299801 -0.166072 -0.200903
v -1.340274 -0.240788 -0.231579
v -1.220912 0.400149 -0.153892
v -1.235847 0.480283 -0.153341
v -1.224830 0.440116 -0.156349
v -0.292559 -0.440561 -0.112471
v -0.983727 -0.443626 -0.224942
v -0.292559 -0.440561 -0.224942
v -0.592963 -0.654868 -0.112471
v -0.592963 -0.576534 -0.192164
v -0.786227 0.294568 -0.552551
v -0.814289 0.383123 -0.529531
v -0.834832 0.447950 -0.466639
v -0.842351 0.471678 -0.380727
v -0.836942 -0.330811 -0.552551
v -0.836792 -0.386892 -0.538796
v -0.836683 -0.427947 -0.501218
v -0.836643 -0.442974 -0.449885
v -0.842351 0.471678 -0.225095
v -0.821896 -0.212195 -0.606956
v -0.806574 0.520142 -0.225095
v -0.801902 0.595632 -0.089715
v -0.803926 0.577658 -0.139381
v -0.806358 0.553105 -0.180549
v -0.836643 -0.442974 -0.337413
v -0.836643 -0.442974 -0.224942
v -0.842351 0.471678 -0.302911
v -0.579396 0.255701 -0.606956
v -0.575532 0.383085 -0.529531
v -0.560370 0.294493 -0.552551
v -0.588781 -0.385725 -0.538796
v -0.588775 -0.426829 -0.501218
v -0.588773 -0.441875 -0.449885
v -0.737486 0.608992 -0.088752
v -0.709949 0.594700 -0.135786
v -0.672002 0.575176 -0.173360
v -0.588773 -0.441875 -0.337413
v -0.588773 -0.441875 -0.224942
v -0.605095 0.195742 -0.606956
v -0.604221 -0.289424 -0.606956
v -0.586632 0.447940 -0.466639
v -0.590695 0.471678 -0.380727
v -0.588789 -0.329575 -0.552551
v -0.590695 0.471678 -0.225095
v -0.604613 -0.209896 -0.606956
v -0.619406 0.542397 -0.225095
v -0.590695 0.471678 -0.302911
v -0.519338 -0.441875 -0.112944
v -1.072796 -0.486496 -0.163800
v -0.920043 -0.542142 -0.172767
v 0.668157 -0.509749 -0.116424
v 0.344970 -0.510830 -0.116424
v 0.259363 -0.502190 -0.116424
v -0.139682 -0.511502 -0.116424
v 0.668157 -0.509749 -0.309745
v 0.668157 -0.509749 -0.213084
v 0.859186 -0.508908 -0.116424
v 0.859186 -0.508908 -0.213084
v 0.344970 -0.510830 -0.213084
v 0.859186 -0.508908 -0.309745
v 0.344970 -0.510830 -0.309745
v -0.245362 -0.085397 -0.879307
v -0.253307 -0.088957 -0.871990
v -0.256098 -0.255543 -0.727140
v -0.253942 -0.254584 -0.737015
v -0.346051 -0.013444 -0.736162
v -0.348180 -0.014406 -0.726295
v -0.069602 -0.293850 -0.852621
v -0.061348 -0.290237 -0.860046
v -0.236296 -0.270502 -0.737036
v -0.238526 -0.271471 -0.727140
v -0.044842 -0.299685 -0.852794
v -0.036166 -0.295956 -0.860391
v -0.250309 0.080561 -0.871769
v -0.242502 0.076876 -0.879088
v -0.235365 0.098343 -0.879155
v -0.243260 0.102041 -0.871802
v -0.347732 0.008645 -0.726295
v -0.345640 0.007651 -0.736162
v -0.245540 0.245138 -0.736766
v -0.247660 0.246132 -0.726890
v -0.052746 0.277059 -0.860002
v -0.060866 0.280808 -0.852569
v -0.227307 0.260771 -0.736787
v -0.229500 0.261776 -0.726890
v -0.027395 0.282424 -0.860345
v -0.035926 0.286295 -0.852741
v 1.164809 0.693386 -0.416264
v 1.133093 0.693386 -0.416264
v 1.164809 0.693386 -0.402953
v 1.133093 0.693386 -0.402953
v -0.468343 0.634998 -0.416264
v -0.511390 0.634998 -0.416264
v -0.468343 0.634998 -0.402953
v -0.511390 0.634998 -0.402953
v 1.134762 0.598445 -0.609556
v 1.134762 0.587072 -0.620930
v 1.101231 0.587072 -0.620930
v 1.101231 0.598445 -0.609556
v -0.213559 0.536694 -0.611356
v -0.213593 0.524959 -0.622729
v -0.265192 0.524967 -0.622729
v -0.267199 0.536696 -0.611356
v 0.912473 0.008662 -0.172769
v 1.011076 0.121400 -0.080203
v 0.835723 0.137277 -0.080204
v 0.766436 -0.024588 -0.080203
v 0.898969 -0.140502 -0.080204
v 1.050164 -0.050275 -0.080203
v 0.867361 0.084260 -0.147760
v 0.970431 0.074928 -0.147760
v 0.925318 0.150526 -0.093352
v 1.051363 0.040285 -0.093351
v 0.993406 -0.025980 -0.147760
v 0.826635 -0.010882 -0.147760
v 0.781522 0.064716 -0.093351
v 0.904536 -0.079014 -0.147760
v 0.818697 -0.098558 -0.093351
v 0.985469 -0.113657 -0.093352
v 0.235143 0.179706 -0.864803
v 0.312048 0.185622 -0.864803
v 0.233564 0.188441 -0.852630
v 0.313947 0.194293 -0.853085
v 0.925318 0.150526 -0.093352
v 0.835723 0.137277 -0.080204
v 0.867361 0.084260 -0.147760
v 0.766436 -0.024588 -0.080203
v 0.826635 -0.010882 -0.147760
v 0.898969 -0.140502 -0.080204
v 0.904536 -0.079014 -0.147760
v 0.818697 -0.098558 -0.093351
v 0.985469 -0.113657 -0.093352
v 1.051363 0.040285 -0.093351
v 0.993406 -0.025980 -0.147760
v 0.970431 0.074928 -0.147760
v 1.055793 0.114319 -0.174451
v 1.065383 0.125284 -0.158512
v 1.074888 0.106146 -0.161614
v 1.057248 -0.094991 -0.174451
v 1.070640 -0.100723 -0.158512
v 0.723778 0.025261 -0.161613
v 0.720218 0.004190 -0.158511
v 0.838377 -0.165668 -0.161614
v 0.857317 -0.175564 -0.158512
v 1.055375 -0.115678 -0.161614
v 0.734422 0.007424 -0.174451
v 0.858630 -0.161057 -0.174451
v 0.869951 0.193252 -0.161614
v 0.848812 0.190126 -0.158512
v 0.856276 0.177617 -0.174451
v 1.149459 0.173495 -0.261383
v 1.152971 0.177511 -0.255545
v 1.156453 0.170501 -0.256681
v 1.142473 -0.165786 -0.261383
v 1.147377 -0.167885 -0.255545
v 0.619963 0.021137 -0.256680
v 0.618659 0.013421 -0.255544
v 0.810218 -0.265675 -0.256682
v 0.817155 -0.269300 -0.255545
v 1.141787 -0.173362 -0.256681
v 0.623861 0.014605 -0.261382
v 0.817636 -0.263987 -0.261383
v 0.833949 0.290711 -0.256682
v 0.826207 0.289566 -0.255546
v 0.828941 0.284985 -0.261383
vn -0.9318 0.3629 -0.0000
vn -0.0000 0.5579 -0.8299
vn -0.0000 0.1178 -0.9930
vn -0.0000 0.0761 -0.9971
vn -0.0000 -1.0000 -0.0000
vn -0.0000 -0.0000 -1.0000
vn -0.0000 -0.0000 1.0000
vn 0.9453 -0.3261 -0.0000
vn 0.0061 0.8115 0.5844
vn 0.0084 0.8104 0.5859
vn 0.0003 0.8142 0.5806
vn 0.8401 0.0104 -0.5424
vn 0.8413 0.0054 -0.5405
vn 0.8406 0.0083 -0.5416
vn -0.5339 0.5435 0.6477
vn 0.2460 -0.3016 0.9211
vn 0.5874 -0.2221 0.7783
vn 0.4615 -0.4384 0.7712
vn 0.9681 -0.2507 -0.0000
vn 0.9625 -0.2715 -0.0000
vn 0.0310 -0.9995 -0.0000
vn -0.0316 -0.9921 0.1212
vn 0.0286 -0.9931 0.1137
vn -0.6308 0.2457 0.7360
vn -0.6196 0.1566 0.7691
vn 0.0268 -0.8106 0.5850
vn 0.0040 -0.8041 0.5945
vn 0.0824 0.9966 -0.0000
vn -0.0000 1.0000 -0.0000
vn -0.0000 0.1533 0.9882
vn -0.0000 0.2588 0.9659
vn -0.0000 0.1305 0.9914
vn -0.0000 0.7071 0.7071
vn -0.0000 0.9659 0.2588
vn -0.0000 0.9848 0.1739
vn -0.0513 0.1497 0.9874
vn -0.1297 0.4463 0.8854
vn -0.0253 0.1034 0.9943
vn -0.2230 0.6822 0.6963
vn -0.3260 0.7433 0.5842
vn -0.3289 0.7734 0.5419
vn -0.5334 0.8373 0.1202
vn 0.0014 0.4886 0.8725
vn 0.0009 0.1676 0.9858
vn 0.0009 0.6945 0.7195
vn -0.0000 0.9632 0.2687
vn 0.0001 0.9909 0.1350
vn 0.0005 0.9637 0.2671
vn -0.0430 0.2476 0.9679
vn -0.1311 0.2291 0.9645
vn -0.1764 0.5304 0.8292
vn -0.4334 0.5787 0.6908
vn -0.5369 0.5829 0.6099
vn -0.4708 0.6186 0.6291
vn -0.6954 0.6810 0.2296
vn -0.7510 0.6463 0.1354
vn -0.6778 0.7011 0.2216
vn -0.0000 0.8524 -0.5229
vn -0.1282 0.9830 0.1315
vn -0.0656 0.2542 0.9649
vn -0.0000 0.9915 0.1298
vn 0.0019 0.4117 0.9113
vn 0.0013 0.2514 0.9679
vn 0.0019 0.6952 0.7188
vn 0.0001 0.9909 0.1346
vn 0.0007 0.9638 0.2665
vn 0.0001 0.2515 0.9679
vn -0.1249 0.4616 0.8783
vn 0.8105 -0.4142 -0.4142
vn -0.0000 0.9639 0.2663
vn -0.0000 0.9839 0.1790
vn -0.9551 -0.2964 -0.0000
vn -0.6716 0.7409 -0.0000
vn -0.7713 0.6365 -0.0000
vn -0.5375 0.8433 -0.0000
vn -0.5849 0.8111 -0.0000
vn -0.6152 0.7884 -0.0000
vn 0.9670 -0.2548 -0.0072
vn 0.9765 -0.2156 -0.0000
vn 0.8393 0.0132 -0.5434
vn 0.0011 -0.1307 0.9914
vn 0.0041 -0.2553 0.9669
vn 0.0032 -0.1573 0.9875
vn 0.0028 -0.5001 0.8659
vn 0.0058 -0.8521 0.5234
vn 0.0048 -0.7071 0.7071
vn 0.0049 -0.8661 0.4999
vn 0.0068 -0.9909 0.1342
vn -0.2319 -0.1473 0.9615
vn 0.0083 -0.4788 0.8779
vn 0.0069 -0.2427 0.9701
vn -0.1459 -0.5099 0.8478
vn 0.0074 -0.8539 0.5203
vn -0.2153 -0.8556 0.4708
vn 0.0044 -0.9904 0.1381
vn 0.0005 -0.1306 0.9914
vn 0.0019 -0.5001 0.8660
vn 0.0037 -0.9659 0.2588
vn 0.0056 -0.9914 0.1305
vn -0.0438 -0.1446 0.9885
vn -0.1476 -0.5068 0.8494
vn 0.0027 -0.7071 0.7071
vn 0.0032 -0.9659 0.2588
vn 0.0038 -0.9914 0.1305
vn -0.1158 -0.4238 0.8983
vn -0.3071 -0.7286 0.6122
vn -0.3231 -0.7641 0.5584
vn -0.5229 -0.8424 0.1303
vn -0.5236 -0.8433 0.1209
vn 0.2670 -0.1918 0.9444
vn -0.0224 -0.0960 0.9951
vn 0.1143 -0.3703 0.9218
vn 0.0224 -0.9579 0.2864
vn 0.0231 -0.9892 0.1450
vn 0.0223 -0.9579 0.2861
vn 0.5786 -0.5507 0.6017
vn 0.6445 -0.6135 0.4563
vn 0.5786 -0.5504 0.6019
vn 0.6779 -0.6456 0.3518
vn 0.7201 -0.6858 0.1058
vn 0.0045 -0.2383 0.9712
vn 0.0022 -0.4714 0.8819
vn 0.0012 -0.2382 0.9712
vn 0.0060 -0.4712 0.8820
vn 0.0031 -0.6752 0.7376
vn 0.0057 -0.9598 0.2808
vn 0.0044 -0.9899 0.1419
vn 0.0043 -0.9597 0.2810
vn 0.0014 -0.3549 0.9349
vn 0.0016 -0.3550 0.9349
vn 0.0069 -1.0000 -0.0000
vn -0.4692 -0.8831 -0.0000
vn -0.2093 -0.9014 0.3790
vn -0.3583 -0.8312 0.4252
vn -0.1848 -0.1234 -0.9750
vn -0.2902 -0.0691 -0.9545
vn -0.1633 -0.1291 -0.9781
vn 0.5194 -0.1144 -0.8468
vn 0.5238 -0.1394 -0.8404
vn 0.5415 -0.1196 -0.8322
vn 0.7653 -0.6437 -0.0000
vn 0.0203 -0.9998 -0.0000
vn -0.2228 0.7391 0.6357
vn -0.0983 0.8002 0.5916
vn -0.1031 0.8244 0.5565
vn -0.0957 0.8048 0.5858
vn -0.4261 0.1439 0.8932
vn -0.5870 -0.0000 0.8096
vn -0.3571 -0.9293 0.0939
vn -0.3178 -0.9482 -0.0000
vn 0.0046 -0.9900 0.1413
vn 0.0064 -0.6770 0.7360
vn -0.1348 0.9909 -0.0000
vn -0.0896 0.9960 -0.0000
vn -0.1614 0.9869 -0.0000
vn -0.6202 0.6415 0.4514
vn -0.5401 0.6944 0.4755
vn -0.4980 0.7712 0.3966
vn -0.1509 0.4173 0.8961
vn -0.1805 0.5988 0.7803
vn -0.1038 0.9946 -0.0000
vn 0.9615 -0.2747 -0.0000
vn 0.4810 -0.8717 0.0939
vn 0.3627 -0.9294 -0.0683
vn 0.4570 -0.8895 -0.0000
vn 0.0844 0.9944 -0.0630
vn 0.1437 0.9896 -0.0000
vn 0.1910 0.9816 -0.0000
vn 0.7328 -0.6804 -0.0000
vn 0.6869 -0.7207 0.0939
vn 0.4760 0.8795 -0.0000
vn 0.6385 0.7677 -0.0548
vn 0.4357 0.9001 -0.0000
vn 0.8721 -0.4893 -0.0000
vn 0.1430 -0.9897 -0.0000
vn 0.0218 -0.9958 -0.0894
vn -0.0237 -0.9997 -0.0000
vn 0.2759 0.9469 0.1651
vn 0.5532 0.8330 0.0054
vn 0.5213 0.8471 0.1035
vn 0.6779 0.7337 0.0463
vn 0.6799 0.7311 0.0568
vn 0.3190 -0.9466 -0.0473
vn 0.2402 -0.9707 -0.0000
vn 0.9533 -0.2921 -0.0773
vn 0.9371 -0.3091 -0.1622
vn 0.9506 -0.3103 -0.0104
vn 0.9237 -0.3831 -0.0000
vn 0.9356 -0.3530 -0.0000
vn 0.5042 -0.1167 -0.8557
vn 0.5026 -0.1340 -0.8541
vn -0.0000 0.7063 -0.7079
vn -0.0000 0.5436 -0.8393
vn -0.0000 0.9847 -0.1743
vn -0.0000 0.9658 -0.2594
vn -0.0000 -0.0919 -0.9958
vn -0.0000 -0.2468 -0.9691
vn -0.0000 -0.7071 -0.7071
vn -0.0000 -0.8546 -0.5193
vn -0.0000 -0.8212 -0.5706
vn 0.5409 -0.1366 -0.8299
vn 0.5576 -0.1141 -0.8222
vn -0.0000 -0.9910 -0.1335
vn -0.0000 -0.9965 -0.0842
vn -0.1966 -0.7883 -0.5830
vn -0.0000 -0.8090 -0.5878
vn 0.0036 -1.0000 -0.0000
vn 0.0040 -1.0000 -0.0000
vn 0.0012 -0.3548 0.9349
vn 0.0013 -0.3549 0.9349
vn 0.0033 -1.0000 -0.0000
vn 0.0033 -0.9917 0.1283
vn -0.4912 -0.7912 0.3643
vn -0.5224 -0.8415 0.1378
vn -0.5197 -0.8370 0.1712
vn 0.7173 -0.6832 0.1370
vn 0.7210 -0.6868 0.0924
vn 0.0044 -1.0000 0.0007
vn 0.0081 -1.0000 -0.0000
vn 0.0044 -1.0000 -0.0000
vn 0.5188 -0.2911 0.8039
vn 0.4958 -0.0691 0.8657
vn 0.6319 -0.0025 0.7750
vn 0.6268 -0.0422 0.7780
vn -0.0000 0.0001 1.0000
vn -0.1471 -0.8119 0.5650
vn -0.1816 -0.7810 0.5975
vn -0.0667 -0.8190 0.5700
vn -0.1331 -0.9779 0.1610
vn -0.0000 0.9919 -0.1270
vn 0.0056 0.0559 0.9984
vn 0.0033 0.0548 0.9985
vn -0.0386 -0.9993 -0.0000
vn -0.1004 -0.9949 -0.0000
vn 0.0228 -0.9764 0.2147
vn 0.0228 -0.9767 0.2134
vn 0.0231 -0.9893 0.1442
vn 0.0198 -0.9998 0.0002
vn 0.6901 -0.6574 0.3027
vn 0.7173 -0.6833 0.1365
vn -0.1191 0.9837 0.1350
vn -0.0000 0.9916 0.1296
vn 0.0044 -0.9898 0.1423
vn 0.0044 -0.9898 0.1421
vn 0.6474 0.0120 0.7620
vn 0.6699 -0.0128 0.7423
vn 0.6699 -0.0130 0.7423
vn 0.6699 -0.0133 0.7423
vn 0.6698 -0.0130 0.7425
vn 0.6276 0.0172 0.7784
vn 0.6377 -0.0254 0.7698
vn 0.9739 -0.2268 -0.0000
vn -0.1423 -0.9898 -0.0000
vn 0.0010 1.0000 -0.0000
vn 0.4977 0.0457 0.8661
vn 0.6442 -0.0535 0.7630
vn 0.9869 0.1615 -0.0000
vn -0.0539 0.9965 0.0638
vn -0.1463 0.9606 0.2363
vn 0.1541 0.9777 0.1427
vn -0.1054 0.8761 0.4705
vn -0.0838 0.8638 0.4969
vn -0.0882 0.8104 0.5792
vn -0.0402 0.7975 0.6020
vn -0.2140 0.9745 0.0674
vn -0.1985 0.9594 0.2005
vn -0.2182 0.9735 0.0688
vn -0.1867 0.9592 0.2123
vn -0.1541 0.8956 0.4174
vn -0.1361 0.8931 0.4287
vn -0.1137 0.8289 0.5476
vn -0.0962 0.7927 0.6020
vn -0.1067 0.8088 0.5783
vn -0.7201 0.6938 -0.0025
vn -0.7198 0.6942 -0.0030
vn -0.0575 0.7960 0.6025
vn 0.4666 0.8845 0.0013
vn 0.4656 0.8850 0.0003
vn 0.4666 0.8845 -0.0000
vn 0.0809 -0.8373 0.5408
vn 0.0371 -0.9266 0.3743
vn 0.2315 -0.9212 0.3128
vn 0.0508 -0.9821 0.1813
vn 0.1064 -0.9935 0.0404
vn 0.0724 0.9965 0.0409
vn 0.0163 0.9828 0.1838
vn 0.1995 0.9270 0.3175
vn 0.0045 0.9255 0.3788
vn 0.0535 0.9407 0.3351
vn -0.0216 -0.9318 0.3622
vn -0.0232 -0.9819 0.1879
vn -0.0242 -0.9983 0.0524
vn -0.0312 0.9302 0.3657
vn -0.0117 0.9499 0.3123
vn -0.0334 0.9812 0.1900
vn -0.0346 0.9980 0.0530
vn 0.0764 0.9213 0.3813
vn -0.6448 -0.4742 0.5994
vn -0.8861 -0.1732 0.4300
vn -0.8158 -0.3811 0.4350
vn -0.9812 -0.1763 0.0786
vn -0.9559 -0.2704 0.1149
vn -0.4431 -0.3642 0.8192
vn -0.4066 -0.7191 0.5635
vn -0.3490 -0.4887 0.7996
vn -0.3757 -0.8558 0.3556
vn 0.5214 0.8528 -0.0290
vn 0.2960 -0.1013 0.9498
vn -0.1263 -0.9644 0.2324
vn -0.0637 -0.9407 0.3332
vn -0.1300 -0.9894 0.0653
vn -0.2035 0.2360 0.9502
vn -0.6324 0.4955 0.5954
vn -0.8797 0.2061 0.4284
vn -0.8052 0.0987 0.5848
vn -0.8036 0.4090 0.4324
vn -0.9739 0.2131 0.0780
vn -0.4360 0.3787 0.8164
vn -0.3932 0.7289 0.5604
vn -0.3603 0.8633 0.3535
vn 0.0737 -0.0014 -0.9973
vn -0.5812 -0.7817 0.2264
vn -0.1126 0.9661 0.2325
vn -0.1158 0.9911 0.0654
vn -0.3825 0.9228 0.0471
vn -0.5809 -0.0416 0.8129
vn -0.8083 -0.0672 0.5849
vn -0.6784 0.0424 0.7335
vn -0.0638 0.7994 0.5974
vn -0.0509 0.9410 0.3347
vn -0.0749 -0.7989 0.5968
vn -0.0203 -0.8551 0.5181
vn 0.1194 -0.9928 -0.0000
vn -0.0246 -0.9997 -0.0000
vn 0.0906 -0.7993 0.5941
vn -0.0209 -0.8131 0.5817
vn 0.2234 -0.7716 0.5957
vn 0.2781 -0.9605 -0.0000
vn 0.0856 0.9963 -0.0000
vn 0.1958 0.7728 0.6037
vn -0.0351 0.9994 -0.0000
vn -0.0330 0.7824 0.6219
vn 0.0054 0.8128 0.5825
vn -0.1236 -0.9923 0.0004
vn -0.0434 -0.7831 0.6203
vn -0.9863 0.1652 0.0003
vn -0.9452 0.3057 0.1144
vn -0.9517 0.3070 0.0007
vn -0.4143 0.2957 0.8608
vn -0.5794 0.0638 0.8125
vn -0.5156 0.0743 0.8536
vn -0.5173 -0.0536 0.8541
vn -0.2210 0.5892 0.7772
vn -0.1096 0.9940 0.0004
vn -0.4522 0.8919 0.0008
vn -0.6531 0.7573 0.0013
vn -0.6539 0.7566 0.0007
vn -0.3399 0.4998 0.7967
vn -0.2301 -0.5832 0.7791
vn -0.3995 -0.9155 0.0472
vn -0.4202 -0.2798 0.8632
vn -0.9918 -0.1276 0.0003
vn -0.6720 -0.7406 0.0013
vn -0.4701 -0.8826 0.0009
vn -0.1173 -0.6075 0.7856
vn 0.0060 -1.0000 -0.0000
vn 0.0039 -1.0000 -0.0000
vn -0.9551 -0.2962 -0.0000
vn -0.9318 0.3629 0.0013
vn -0.9632 -0.2686 -0.0003
vn -0.9632 -0.2688 -0.0035
vn -0.9633 -0.2686 -0.0002
vn -0.9531 0.3025 -0.0033
vn -0.9435 0.3307 0.0228
vn -0.9475 0.3192 -0.0178
vn -0.9323 0.3618 -0.0000
vn -0.4737 -0.8581 0.1984
vn -0.9640 0.2658 0.0020
vn -0.9333 0.3588 -0.0170
vn -0.9320 0.3624 0.0018
vn 0.6849 0.7286 -0.0000
vn -0.9632 -0.2688 -0.0000
vn -0.2507 0.9681 -0.0000
vn -0.9603 0.2788 -0.0000
vn -0.4230 -0.0380 0.9053
vn -0.6243 -0.0829 0.7767
vn -0.6095 -0.0159 0.7927
vn -0.9642 -0.2652 0.0020
vn -0.9650 -0.2623 -0.0000
vn -0.9632 -0.2686 0.0002
vn -0.9659 -0.2584 -0.0143
vn -0.9632 -0.2688 0.0023
vn -0.9641 -0.2654 -0.0032
vn -0.2688 0.9632 -0.0000
vn 0.2688 -0.9632 -0.0000
vn 0.8901 -0.3321 0.3120
vn 0.8722 -0.2504 0.4203
vn 0.8773 -0.2744 0.3938
vn -0.4162 -0.0728 0.9063
vn -0.3691 0.0142 0.9293
vn -0.9997 -0.0261 -0.0000
vn -0.9679 0.2513 0.0010
vn -0.0000 0.8504 0.5261
vn -0.9995 -0.0319 -0.0000
vn -0.0000 0.3700 -0.9290
vn -0.0000 -0.0794 -0.9968
vn -0.9636 0.2625 -0.0504
vn -0.5339 0.7035 -0.4690
vn -0.9792 0.2028 -0.0000
vn -0.0000 0.7547 0.6561
vn -0.0000 -0.9659 -0.2588
vn 0.9473 -0.3200 -0.0132
vn 0.9105 -0.4114 -0.0405
vn -0.9857 0.1657 -0.0311
vn -0.0000 -0.5895 0.8077
vn -0.0000 0.8832 -0.4690
vn 0.5194 -0.7835 0.3411
vn 0.0611 -0.9960 0.0646
vn -0.0000 0.2656 -0.9641
vn -0.9478 0.3187 -0.0000
vn 0.8400 -0.1458 -0.5227
vn -0.0000 0.3872 0.9220
vn -0.0000 -0.3054 -0.9522
vn 0.9699 0.2435 -0.0000
vn 0.9587 0.2845 -0.0000
vn -0.9452 0.2798 0.1682
vn -0.0000 -0.0459 -0.9989
vn -0.0000 -0.7379 -0.6749
vn -0.0000 -0.9648 0.2632
vn -0.0000 -0.9648 0.2631
vn 0.8785 -0.3372 -0.3385
vn -0.0000 0.7781 -0.6282
vn 0.1215 0.9780 0.1697
vn 0.3196 0.8767 0.3595
vn -0.4160 -0.7252 -0.5486
vn -0.2262 -0.7824 -0.5802
vn 0.8373 -0.5467 -0.0000
vn -0.0000 -0.4233 0.9060
vn -0.0000 -0.6274 -0.7787
vn 0.8775 -0.1133 0.4661
vn 0.6837 0.7273 -0.0599
vn 0.6805 0.7239 -0.1136
vn 0.6838 0.7274 -0.0569
vn -0.2493 0.9626 -0.1056
vn -0.2451 0.9465 -0.2101
vn -0.6697 -0.5865 0.4554
vn -0.6467 -0.4840 0.5896
vn -0.6379 -0.4469 0.6272
vn 0.0871 0.9301 0.3568
vn -0.0073 0.9788 0.2048
vn 0.1692 0.8951 0.4124
vn -0.6492 -0.2502 0.7183
vn -0.6658 -0.2399 0.7065
vn 0.5053 0.5322 -0.6793
vn 0.6778 0.4673 -0.5676
vn 0.5077 0.5370 -0.6737
vn -0.1615 0.5813 -0.7975
vn -0.2216 0.5629 -0.7963
vn -0.2507 0.5531 -0.7945
vn -0.9636 -0.2672 0.0013
vn -0.9318 0.3629 0.0003
vn -0.9829 0.1842 0.0001
vn -0.9701 0.2428 0.0001
vn -0.9873 -0.1587 -0.0000
vn -0.9874 -0.1581 -0.0015
vn -0.9319 0.3628 0.0008
vn -0.9763 0.2149 -0.0236
vn -0.9642 -0.2653 -0.0032
vn -0.9633 -0.2686 0.0002
vn -0.2497 0.9642 -0.0890
vn -0.7655 0.6318 0.1218
vn -0.0000 0.9919 0.1274
vn -0.5342 0.8381 0.1106
vn -0.0000 0.9908 0.1356
vn 0.7369 -0.6760 -0.0000
vn -0.0882 0.9805 0.1754
vn 0.6841 0.7278 -0.0490
vn 0.0923 0.9957 -0.0000
vn 0.0916 0.9922 0.0851
vn -0.8005 0.5987 -0.0258
vn -0.8183 0.5748 -0.0000
vn -0.8182 0.5706 -0.0707
vn -1.0000 -0.0000 -0.0000
vn 0.6741 0.4794 -0.5620
vn 0.5068 0.5391 -0.6727
vn -0.6514 -0.2458 0.7178
vn -0.6387 -0.4583 0.6181
vn 0.1164 0.9509 0.2868
vn 0.0297 0.9963 0.0802
vn -0.3686 0.0258 0.9292
vn -0.3346 0.0972 0.9373
vn -0.4137 0.0373 0.9096
vn -0.5893 0.1051 0.8011
vn -0.9675 -0.2530 -0.0000
vn 0.0907 0.9637 -0.2510
vn -0.0000 0.9919 -0.1271
vn 0.0909 0.9879 -0.1256
vn 0.0470 -0.1174 -0.9920
vn 0.0132 -0.0037 -0.9999
vn 0.0142 -0.0708 -0.9974
vn -0.9280 -0.3726 -0.0000
vn -0.9913 -0.1318 -0.0000
vn -0.1772 -0.1465 0.9732
vn -0.2067 -0.3024 0.9305
vn -0.1590 -0.1436 -0.9768
vn -0.9892 -0.1468 -0.0000
vn -0.9962 0.0870 -0.0000
vn -0.3250 -0.7078 0.6272
vn -0.2731 0.9620 -0.0000
vn 0.9548 0.2971 -0.0000
vn -0.2471 0.3848 0.8893
vn -0.1942 0.1555 0.9685
vn -0.0923 -0.9957 -0.0000
vn -0.1063 -0.3278 -0.9387
vn -0.0519 -0.1023 -0.9934
vn -0.0605 -0.1905 -0.9798
vn 0.0573 0.9926 0.1075
vn -0.1839 -0.9830 -0.0000
vn -0.7963 0.5975 -0.0948
vn 0.1824 0.9750 -0.1268
vn 0.1781 0.9522 -0.2480
vn -0.9874 -0.1583 -0.0009
vn -0.9876 -0.1572 -0.0039
vn 0.0259 0.1380 0.9901
vn 0.0468 0.2498 0.9672
vn 0.0247 0.1320 0.9909
vn 0.1839 0.9830 -0.0000
vn 0.1738 0.9292 0.3260
vn -0.0070 -0.0228 -0.9997
vn -0.0017 -0.0192 -0.9998
vn 0.3417 -0.9398 -0.0000
vn -1.0000 -0.0001 0.0002
vn -0.9389 0.3356 0.0762
vn -0.9354 0.3514 0.0384
vn -0.9308 0.3612 0.0561
vn -0.9406 0.3375 0.0376
vn -0.9762 0.2167 -0.0114
vn -0.9636 0.2672 -0.0015
vn 0.0036 0.0191 0.9998
vn -0.0799 -0.8330 -0.5474
vn -0.1545 -0.8257 -0.5426
vn -0.0652 -0.3485 -0.9350
vn -0.0036 -0.0192 -0.9998
vn -0.0337 -0.1799 -0.9831
vn 0.1814 0.9700 0.1620
vn -0.9524 0.3049 -0.0000
vn -0.9486 0.3150 0.0301
vn -0.9391 0.3438 -0.0000
vn -0.2328 0.9725 -0.0050
vn 0.0104 0.0315 -0.9994
vn 0.0717 -0.0875 -0.9936
vn 0.0905 -0.0877 -0.9920
vn 0.0218 -0.0190 -0.9996
vn 0.0109 0.0049 -0.9999
vn 0.0013 -0.0004 -1.0000
vn -0.2489 -0.6907 0.6789
vn 0.0032 -0.7132 0.7010
vn -0.1869 -0.9824 -0.0000
vn -0.1410 0.8743 0.4645
vn -0.1894 0.9553 0.2269
vn -0.2145 0.9737 0.0769
vn -0.0978 0.9952 -0.0000
vn 0.0043 -0.9596 0.2813
vn 0.0031 -0.6748 0.7380
vn 0.0022 -0.4710 0.8821
vn 0.0012 -0.2379 0.9713
vn -0.0000 0.9639 0.2662
vn -0.0420 0.4377 0.8981
vn 0.0001 0.6963 0.7177
vn -0.0000 0.6964 0.7176
vn 0.0001 0.4902 0.8716
vn -0.0650 -0.3012 0.9513
vn -0.2985 -0.5289 0.7945
vn -0.1574 -0.2227 0.9621
vn 0.0026 0.8131 0.5821
vn 0.0522 -0.4248 0.9038
vn 0.0032 -0.6743 0.7385
vn 0.0043 -0.9595 0.2816
vn -0.1646 0.9832 0.0784
vn -0.2448 0.9696 -0.0000
vn -0.2133 0.6611 0.7193
vn 0.0001 0.2516 0.9678
vn 0.0010 -0.2365 0.9716
vn 0.9451 -0.3267 -0.0000
vn 0.9395 -0.3250 0.1082
vn 0.0058 -1.0000 -0.0000
vn 0.9350 -0.2801 0.2175
vn 0.8876 -0.2628 0.3783
vn 0.0052 -1.0000 0.0012
vn -0.0486 -0.9988 -0.0000
vn -0.0313 -0.9995 -0.0000
vn 0.0233 -0.9997 -0.0000
vn -0.5810 -0.8139 -0.0000
vn 0.0011 0.0537 0.9986
vn -0.0012 0.0526 0.9986
vn -0.6208 -0.1777 0.7635
vn -0.6215 -0.1785 0.7628
vn -0.6204 -0.1772 0.7640
vn -0.6555 -0.7240 0.2148
vn -0.6544 -0.7243 0.2171
vn -0.6538 -0.7245 0.2183
vn -0.1882 -0.7834 0.5923
vn -0.1863 -0.7820 0.5948
vn -0.1856 -0.7815 0.5956
vn -0.6160 0.2014 0.7615
vn -0.6167 0.2022 0.7608
vn -0.6171 0.2028 0.7603
vn -0.6373 0.7407 0.2126
vn -0.6362 0.7410 0.2150
vn -0.6379 0.7405 0.2115
vn -0.1766 0.7867 0.5915
vn -0.1748 0.7853 0.5940
vn -0.1773 0.7872 0.5906
vn -0.9777 0.0190 0.2091
vn -0.9777 0.0190 0.2092
vn 0.0448 -0.0520 -0.9976
vn 0.0500 -0.9188 0.3916
vn -0.6108 0.2016 -0.7657
vn -0.2082 -0.2295 0.9508
vn 0.0064 -0.0939 0.9956
vn 0.3025 0.0907 0.9488
vn 0.5022 -0.8643 -0.0285
vn 0.6690 0.5923 -0.4491
vn -0.5572 0.8022 0.2146
vn 0.0447 0.0493 -0.9978
vn -0.0710 0.3519 -0.9334
vn -0.6215 -0.1796 -0.7625
vn 0.6570 -0.6009 -0.4552
vn -0.2971 0.9417 0.1578
vn 0.0079 0.0949 0.9955
vn -0.9231 -0.3482 0.1631
vn -0.0764 -0.3518 -0.9329
vn -0.9128 0.3744 0.1629
vn -0.3341 -0.9284 0.1626
vn -0.6822 -0.0294 0.7305
vn -0.3153 0.0061 0.9490
vn -0.2644 0.9644 -0.0000
vn -0.2361 0.9717 -0.0000
vn -0.2200 0.9755 -0.0000
vn -0.0000 0.5223 -0.8527
vn -0.0000 -0.2126 0.9771
vn 0.8003 -0.5996 -0.0000
vn -0.2303 0.6568 0.7180
vn 0.0001 0.6960 0.7180
vn -0.2641 0.6478 0.7146
vn 0.9078 -0.2932 -0.2998
vn -0.5207 0.6037 0.6037
vn -0.0001 -0.5489 0.8359
vn -0.0000 0.8425 -0.5388
vn -0.0000 -0.5388 0.8425
vn 0.1907 0.4444 0.8753
vn -0.2791 0.3896 0.8777
vn 0.8727 -0.3948 0.2874
vn 0.9139 -0.3349 0.2295
vn 0.9147 -0.3336 0.2282
vn -0.3950 -0.0899 0.9143
vn -0.0365 -0.4035 0.9143
vn 0.2790 -0.2605 0.9243
vn 0.5708 0.7310 0.3740
vn 0.9139 0.1372 0.3819
vn 0.8667 0.4989 -0.0000
vn -0.3252 0.9161 0.2344
vn 0.0830 0.9505 0.2994
vn -0.2067 0.9784 -0.0000
vn -0.9412 -0.2143 0.2612
vn -0.7815 0.3947 0.4832
vn -0.9944 0.1058 -0.0000
vn -0.0870 -0.9614 0.2612
vn -0.6331 -0.7239 0.2743
vn -0.4079 -0.9130 -0.0000
vn 0.8716 -0.3169 0.3740
vn 0.4928 -0.8258 0.2743
vn 0.7423 -0.6701 -0.0000
vn 0.3790 0.9254 -0.0000
vn -0.7630 0.6464 -0.0000
vn -0.8506 -0.5259 -0.0000
vn 0.2373 -0.9714 -0.0000
vn 0.9972 -0.0745 -0.0000
vn -0.8036 0.2173 -0.5541
vn -0.7470 0.2186 -0.6278
vn 0.3111 -0.5213 0.7947
vn 0.7404 -0.1020 0.6644
vn 0.7684 -0.1642 0.6185
vn -0.3996 -0.4569 0.7947
vn -0.6590 -0.3526 0.6644
vn -0.7182 -0.3188 0.6185
vn 0.7423 -0.1059 0.6617
vn -0.0621 0.8071 0.5872
vn 0.1287 -0.7386 0.6617
vn -0.6627 -0.3506 0.6617
vn 0.5919 0.1348 0.7947
vn -0.1058 -0.9519 0.2874
vn -0.0361 -0.9726 0.2295
vn -0.0346 -0.9730 0.2282
vn 0.3936 0.6801 0.6185
vn 0.4784 0.6829 0.5521
vn 0.5999 0.7668 0.2282
vn 0.5357 0.8307 0.1513
vn -0.5251 0.5845 0.6185
vn -0.5016 0.6660 0.5521
vn 0.7318 0.2614 -0.6294
vn 0.6649 0.2143 -0.7155
vn 0.7328 0.2622 -0.6278
vn -0.7884 -0.2712 0.5521
vn -0.4550 -0.6971 -0.5541
vn -0.4388 -0.6429 -0.6278
vn 0.1317 -0.7357 0.6644
vn 0.0813 -0.7815 0.6185
vn -0.4740 0.8323 0.2874
vn -0.5425 0.8081 0.2295
vn -0.5439 0.8075 0.2282
vn -0.5390 0.5177 0.6644
vn 0.5224 -0.6481 -0.5541
vn 0.4758 -0.6160 -0.6278
vn -0.0416 0.8314 -0.5541
vn -0.0229 0.7780 -0.6278
vn 0.7778 0.2965 -0.5541
vn -0.9380 -0.1936 0.2874
vn -0.9362 -0.2662 0.2295
vn -0.9361 -0.2678 0.2282
vn 0.6451 0.7080 0.2874
vn 0.6009 0.7656 0.2295
vn 0.3258 0.6726 0.6644
vn 0.6233 0.4168 0.6617
vn 0.5890 -0.4639 0.6617
vn -0.2592 -0.7035 0.6617
vn -0.7492 0.0291 0.6617
vn -0.2038 0.7215 0.6617
vn -0.7457 0.2186 -0.6294
vn -0.6639 0.2175 -0.7155
vn 0.0143 -0.8337 0.5521
vn -0.4384 -0.6417 -0.6294
vn -0.4120 -0.5642 -0.7155
vn -0.0225 0.7768 -0.6294
vn 0.0017 0.6986 -0.7155
vn 0.4748 -0.6152 -0.6294
vn 0.4093 -0.5662 -0.7155
vn -0.9217 -0.3572 0.1513
vn 0.0549 -0.9870 0.1513
vn 0.7973 -0.2440 0.5521
vn 0.9556 -0.2528 0.1513
vn -0.6245 0.7662 0.1513
vn -0.9319 0.3628 -0.0008
vn -0.0000 0.1178 0.9930
vn -0.0000 0.5579 0.8299
vn -0.0000 0.0761 0.9971
vn 0.0084 0.8104 -0.5859
vn 0.0061 0.8115 -0.5844
vn 0.0003 0.8142 -0.5806
vn 0.8401 0.0104 0.5424
vn 0.8413 0.0054 0.5405
vn -0.5339 0.5435 -0.6477
vn 0.2460 -0.3016 -0.9211
vn 0.5874 -0.2221 -0.7783
vn 0.2670 -0.1917 -0.9444
vn -0.0316 -0.9921 -0.1212
vn 0.0286 -0.9931 -0.1137
vn -0.6308 0.2457 -0.7360
vn -0.6196 0.1566 -0.7691
vn -0.4261 0.1439 -0.8932
vn 0.0268 -0.8106 -0.5850
vn 0.0040 -0.8041 -0.5945
vn -0.0000 0.2588 -0.9659
vn -0.0000 0.1533 -0.9882
vn -0.0000 0.1305 -0.9914
vn -0.0000 0.7071 -0.7071
vn -0.0000 0.9848 -0.1739
vn -0.0000 0.9659 -0.2588
vn -0.1297 0.4463 -0.8854
vn -0.0513 0.1497 -0.9874
vn -0.0253 0.1034 -0.9943
vn -0.3260 0.7433 -0.5842
vn -0.2230 0.6822 -0.6963
vn -0.5334 0.8373 -0.1202
vn -0.3289 0.7734 -0.5419
vn 0.0014 0.4886 -0.8725
vn 0.0009 0.1676 -0.9858
vn 0.0009 0.6945 -0.7195
vn 0.0001 0.9909 -0.1350
vn -0.0000 0.9632 -0.2687
vn 0.0005 0.9637 -0.2671
vn -0.1311 0.2291 -0.9645
vn -0.0430 0.2476 -0.9679
vn -0.1764 0.5304 -0.8292
vn -0.5369 0.5829 -0.6099
vn -0.4334 0.5787 -0.6908
vn -0.4708 0.6186 -0.6291
vn -0.7510 0.6463 -0.1354
vn -0.6954 0.6810 -0.2296
vn -0.6778 0.7011 -0.2216
vn -0.0000 0.8524 0.5229
vn -0.1282 0.9830 -0.1315
vn 0.0019 0.4117 -0.9113
vn 0.0013 0.2514 -0.9679
vn 0.0019 0.6952 -0.7188
vn 0.0001 0.9909 -0.1346
vn 0.0007 0.9638 -0.2665
vn 0.0001 0.2515 -0.9679
vn 0.8105 -0.4142 0.4142
vn -0.0000 0.9639 -0.2663
vn 0.9670 -0.2548 0.0072
vn 0.8393 0.0132 0.5434
vn 0.0041 -0.2553 -0.9669
vn 0.0011 -0.1307 -0.9914
vn 0.0032 -0.1573 -0.9875
vn 0.0058 -0.8521 -0.5234
vn 0.0028 -0.5001 -0.8659
vn 0.0048 -0.7071 -0.7071
vn 0.0068 -0.9909 -0.1342
vn 0.0049 -0.8661 -0.4999
vn 0.0083 -0.4788 -0.8779
vn -0.2319 -0.1473 -0.9615
vn 0.0069 -0.2427 -0.9701
vn 0.0074 -0.8539 -0.5203
vn -0.1459 -0.5099 -0.8478
vn 0.0044 -0.9904 -0.1381
vn -0.2153 -0.8556 -0.4708
vn 0.0005 -0.1306 -0.9914
vn 0.0019 -0.5001 -0.8660
vn 0.0056 -0.9914 -0.1305
vn 0.0037 -0.9659 -0.2588
vn -0.0438 -0.1446 -0.9885
vn 0.0027 -0.7071 -0.7071
vn -0.1476 -0.5068 -0.8494
vn 0.0038 -0.9914 -0.1305
vn 0.0032 -0.9659 -0.2588
vn -0.1158 -0.4238 -0.8983
vn -0.0224 -0.0960 -0.9951
vn -0.3071 -0.7286 -0.6122
vn -0.3231 -0.7641 -0.5584
vn -0.5229 -0.8424 -0.1303
vn 0.1143 -0.3703 -0.9218
vn 0.0231 -0.9892 -0.1450
vn 0.0224 -0.9579 -0.2864
vn 0.0223 -0.9579 -0.2861
vn 0.6445 -0.6135 -0.4563
vn 0.5786 -0.5507 -0.6017
vn 0.5786 -0.5504 -0.6019
vn 0.7201 -0.6858 -0.1058
vn 0.6779 -0.6456 -0.3518
vn 0.0022 -0.4714 -0.8819
vn 0.0045 -0.2383 -0.9712
vn 0.0012 -0.2382 -0.9712
vn 0.0031 -0.6752 -0.7376
vn 0.0060 -0.4712 -0.8820
vn 0.0044 -0.9899 -0.1419
vn 0.0057 -0.9598 -0.2808
vn 0.0043 -0.9597 -0.2810
vn 0.0016 -0.3550 -0.9349
vn 0.0014 -0.3549 -0.9349
vn -0.2093 -0.9014 -0.3790
vn -0.3583 -0.8312 -0.4252
vn -0.1848 -0.1234 0.9750
vn -0.2902 -0.0691 0.9545
vn -0.3400 -0.0485 0.9392
vn 0.5194 -0.1144 0.8468
vn 0.5238 -0.1394 0.8404
vn 0.5026 -0.1340 0.8541
vn -0.2228 0.7391 -0.6357
vn -0.1805 0.5988 -0.7803
vn -0.1031 0.8244 -0.5565
vn -0.0983 0.8002 -0.5916
vn -0.0957 0.8048 -0.5858
vn -0.5870 -0.0000 -0.8096
vn -0.3571 -0.9293 -0.0939
vn 0.0046 -0.9900 -0.1413
vn 0.0064 -0.6770 -0.7360
vn -0.6202 0.6415 -0.4514
vn -0.5401 0.6944 -0.4755
vn -0.4980 0.7712 -0.3966
vn -0.1509 0.4173 -0.8961
vn 0.4810 -0.8717 -0.0939
vn 0.3627 -0.9294 0.0683
vn 0.3632 -0.9288 0.0737
vn 0.0844 0.9944 0.0630
vn 0.6869 -0.7207 -0.0939
vn 0.6385 0.7677 0.0548
vn 0.6670 0.7424 0.0628
vn 0.0218 -0.9958 0.0894
vn 0.2387 -0.9677 0.0814
vn 0.5532 0.8330 -0.0054
vn 0.2759 0.9469 -0.1651
vn 0.5213 0.8471 -0.1035
vn 0.6779 0.7337 -0.0463
vn 0.3190 -0.9466 0.0473
vn 0.9533 -0.2921 0.0773
vn 0.9371 -0.3091 0.1622
vn 0.9506 -0.3103 0.0104
vn 0.9473 -0.3200 0.0132
vn 0.5042 -0.1167 0.8557
vn 0.4895 -0.1381 0.8610
vn -0.0000 0.5436 0.8393
vn -0.0000 0.7063 0.7079
vn -0.0000 0.9658 0.2594
vn -0.0000 0.9847 0.1743
vn -0.0000 -0.2468 0.9691
vn -0.0000 -0.0919 0.9958
vn -0.0000 -0.8546 0.5193
vn -0.0000 -0.7071 0.7071
vn -0.0000 -0.8212 0.5706
vn 0.5415 -0.1196 0.8322
vn 0.5409 -0.1366 0.8299
vn -0.0000 -0.9910 0.1335
vn -0.0000 -0.9965 0.0842
vn -0.0000 -0.8090 0.5878
vn -0.1966 -0.7883 0.5830
vn 0.0013 -0.3549 -0.9349
vn 0.0012 -0.3548 -0.9349
vn 0.0033 -0.9917 -0.1283
vn -0.5224 -0.8415 -0.1378
vn -0.4912 -0.7912 -0.3643
vn -0.5197 -0.8370 -0.1712
vn 0.7173 -0.6832 -0.1370
vn 0.7210 -0.6868 -0.0924
vn 0.0044 -1.0000 -0.0007
vn 0.5188 -0.2911 -0.8039
vn 0.6320 -0.0025 -0.7750
vn 0.4958 -0.0691 -0.8657
vn 0.6268 -0.0422 -0.7780
vn -0.1816 -0.7810 -0.5975
vn -0.1471 -0.8119 -0.5650
vn -0.1331 -0.9779 -0.1610
vn -0.0000 0.9919 0.1270
vn 0.0056 0.0559 -0.9984
vn 0.0033 0.0548 -0.9985
vn 0.0011 0.0537 -0.9986
vn -0.5236 -0.8433 -0.1209
vn 0.0228 -0.9764 -0.2147
vn 0.0231 -0.9893 -0.1442
vn 0.0198 -0.9998 -0.0002
vn -0.1191 0.9837 -0.1350
vn -0.0000 0.9916 -0.1296
vn 0.0044 -0.9898 -0.1423
vn 0.0044 -0.9898 -0.1421
vn 0.6699 -0.0130 -0.7423
vn 0.6700 -0.0135 -0.7423
vn 0.6475 0.0116 -0.7620
vn 0.6276 0.0172 -0.7784
vn 0.6699 -0.0131 -0.7423
vn 0.6377 -0.0254 -0.7699
vn 0.6442 -0.0532 -0.7630
vn 0.4977 0.0457 -0.8661
vn -0.0539 0.9965 -0.0638
vn -0.1463 0.9606 -0.2363
vn -0.1646 0.9832 -0.0784
vn 0.1541 0.9777 -0.1427
vn -0.1054 0.8761 -0.4705
vn -0.0838 0.8638 -0.4969
vn -0.0882 0.8104 -0.5792
vn -0.1985 0.9594 -0.2005
vn -0.2140 0.9745 -0.0674
vn -0.2182 0.9735 -0.0688
vn -0.1541 0.8956 -0.4174
vn -0.1867 0.9592 -0.2123
vn -0.1137 0.8289 -0.5476
vn -0.1361 0.8931 -0.4287
vn -0.0962 0.7927 -0.6020
vn -0.0575 0.7960 -0.6025
vn -0.7231 0.6907 0.0001
vn -0.5411 0.8410 -0.0000
vn -0.0402 0.7975 -0.6020
vn 0.0018 0.7742 -0.6329
vn 0.2250 0.9744 -0.0000
vn 0.0809 -0.8373 -0.5408
vn 0.2315 -0.9212 -0.3128
vn 0.0371 -0.9266 -0.3743
vn 0.0508 -0.9821 -0.1813
vn 0.1064 -0.9935 -0.0404
vn 0.0724 0.9965 -0.0409
vn 0.1995 0.9270 -0.3175
vn 0.0163 0.9828 -0.1838
vn 0.0045 0.9255 -0.3788
vn 0.0535 0.9407 -0.3351
vn -0.0216 -0.9318 -0.3622
vn -0.0203 -0.8551 -0.5181
vn -0.0232 -0.9819 -0.1879
vn -0.0242 -0.9983 -0.0524
vn -0.0312 0.9302 -0.3657
vn -0.0117 0.9499 -0.3123
vn -0.0334 0.9812 -0.1900
vn -0.0346 0.9980 -0.0530
vn 0.0764 0.9213 -0.3813
vn -0.6448 -0.4742 -0.5994
vn -0.8861 -0.1732 -0.4300
vn -0.8083 -0.0672 -0.5849
vn -0.8158 -0.3811 -0.4350
vn -0.9812 -0.1763 -0.0786
vn -0.4066 -0.7191 -0.5635
vn -0.4431 -0.3642 -0.8192
vn -0.3490 -0.4887 -0.7996
vn -0.3757 -0.8558 -0.3556
vn 0.5214 0.8528 0.0290
vn 0.2960 -0.1013 -0.9498
vn -0.1263 -0.9644 -0.2324
vn -0.0637 -0.9407 -0.3332
vn -0.1300 -0.9894 -0.0653
vn -0.2035 0.2360 -0.9502
vn -0.8797 0.2061 -0.4284
vn -0.6324 0.4955 -0.5954
vn -0.8052 0.0987 -0.5848
vn -0.9739 0.2131 -0.0780
vn -0.8036 0.4090 -0.4324
vn -0.4360 0.3787 -0.8164
vn -0.3932 0.7289 -0.5604
vn -0.3399 0.4998 -0.7967
vn -0.3603 0.8633 -0.3535
vn 0.0737 -0.0014 0.9973
vn -0.5812 -0.7817 -0.2264
vn -0.1126 0.9661 -0.2325
vn -0.0509 0.9410 -0.3347
vn -0.1158 0.9911 -0.0654
vn -0.5809 -0.0416 -0.8129
vn -0.5794 0.0638 -0.8125
vn -0.6784 0.0424 -0.7335
vn -0.0638 0.7994 -0.5974
vn -0.0749 -0.7989 -0.5968
vn 0.0906 -0.7993 -0.5941
vn 0.2234 -0.7716 -0.5957
vn 0.1958 0.7728 -0.6037
vn -0.1096 0.9940 -0.0004
vn -0.0330 0.7824 -0.6219
vn -0.1236 -0.9923 -0.0004
vn -0.0434 -0.7831 -0.6203
vn -0.9863 0.1652 -0.0003
vn -0.9918 -0.1276 -0.0003
vn -0.9452 0.3057 -0.1144
vn -0.4143 0.2957 -0.8608
vn -0.5173 -0.0536 -0.8541
vn -0.2210 0.5892 -0.7772
vn -0.3825 0.9228 -0.0471
vn -0.4522 0.8919 -0.0008
vn -0.6531 0.7573 -0.0013
vn -0.6539 0.7566 -0.0007
vn -0.2301 -0.5832 -0.7791
vn -0.3995 -0.9155 -0.0472
vn -0.4701 -0.8826 -0.0009
vn -0.4202 -0.2798 -0.8632
vn -0.9559 -0.2704 -0.1149
vn -0.6720 -0.7406 -0.0013
vn -0.6727 -0.7399 -0.0008
vn -0.1173 -0.6075 -0.7856
vn -0.0667 -0.8190 -0.5700
vn -0.9318 0.3629 -0.0013
vn -0.9318 0.3629 -0.0003
vn -0.9632 -0.2686 0.0003
vn -0.9632 -0.2688 0.0035
vn -0.9435 0.3307 -0.0228
vn -0.9531 0.3025 0.0033
vn -0.9475 0.3192 0.0178
vn -0.4737 -0.8581 -0.1984
vn -0.9333 0.3588 0.0170
vn -0.9640 0.2658 -0.0020
vn -0.9320 0.3624 -0.0018
vn -0.4230 -0.0380 -0.9053
vn -0.6243 -0.0829 -0.7767
vn -0.3686 0.0258 -0.9292
vn -0.9642 -0.2652 -0.0020
vn -0.9659 -0.2584 0.0143
vn -0.9632 -0.2686 -0.0002
vn -0.9632 -0.2688 -0.0023
vn -0.9641 -0.2654 0.0032
vn 0.8901 -0.3321 -0.3120
vn 0.8722 -0.2504 -0.4203
vn -0.4162 -0.0728 -0.9063
vn -0.4137 0.0373 -0.9096
vn -0.6095 -0.0159 -0.7927
vn -0.7142 -0.1995 -0.6709
vn -0.0000 0.8504 -0.5261
vn -0.0000 0.3700 0.9290
vn -0.0000 -0.0794 0.9968
vn -0.9636 0.2625 0.0504
vn -0.5339 0.7035 0.4690
vn -0.0000 0.7547 -0.6561
vn -0.0000 -0.9659 0.2588
vn 0.9105 -0.4114 0.0405
vn -0.9857 0.1657 0.0311
vn -0.0000 -0.5895 -0.8077
vn -0.0000 0.8832 0.4690
vn 0.5194 -0.7835 -0.3411
vn 0.0611 -0.9960 -0.0646
vn -0.0000 0.2656 0.9641
vn 0.8400 -0.1458 0.5227
vn -0.0000 0.3872 -0.9220
vn -0.0000 -0.3054 0.9522
vn -0.9452 0.2798 -0.1682
vn -0.0000 -0.0459 0.9989
vn -0.0000 -0.7379 0.6749
vn -0.0000 -0.9648 -0.2631
vn -0.0000 -0.9648 -0.2632
vn 0.8785 -0.3372 0.3385
vn -0.0000 0.7781 0.6282
vn 0.1215 0.9780 -0.1697
vn 0.3196 0.8767 -0.3595
vn -0.4160 -0.7252 0.5486
vn -0.0000 -0.4233 -0.9060
vn -0.0000 -0.6274 0.7787
vn 0.8775 -0.1133 -0.4661
vn 0.8773 -0.2744 -0.3938
vn 0.6805 0.7239 0.1136
vn 0.6837 0.7273 0.0599
vn 0.6838 0.7274 0.0569
vn -0.2493 0.9626 0.1056
vn -0.2451 0.9465 0.2101
vn -0.2497 0.9642 0.0890
vn -0.6697 -0.5865 -0.4554
vn -0.6467 -0.4840 -0.5896
vn -0.0073 0.9788 -0.2048
vn 0.0871 0.9301 -0.3568
vn 0.1692 0.8951 -0.4124
vn -0.6379 -0.4469 -0.6272
vn -0.6492 -0.2502 -0.7183
vn 0.6778 0.4673 0.5676
vn 0.5053 0.5322 0.6793
vn 0.5077 0.5370 0.6737
vn -0.1615 0.5813 0.7975
vn -0.2216 0.5629 0.7963
vn -0.1513 0.5842 0.7974
vn -0.9829 0.1842 -0.0001
vn -0.9701 0.2428 -0.0001
vn -0.9874 -0.1581 0.0015
vn -0.9763 0.2149 0.0236
vn -0.9679 0.2513 -0.0010
vn -0.7655 0.6318 -0.1218
vn -0.0000 0.9919 -0.1274
vn -0.0000 0.9915 -0.1298
vn -0.5342 0.8381 -0.1106
vn -0.0000 0.9908 -0.1356
vn -0.0000 0.9839 -0.1790
vn -0.0882 0.9805 -0.1754
vn -0.0880 0.9788 -0.1848
vn 0.6841 0.7278 0.0490
vn -0.8005 0.5987 0.0258
vn -0.8182 0.5706 0.0707
vn 0.6741 0.4794 0.5620
vn 0.5068 0.5391 0.6727
vn -0.6514 -0.2458 -0.7178
vn -0.6387 -0.4583 -0.6181
vn 0.1164 0.9509 -0.2868
vn -0.5893 0.1051 -0.8011
vn -0.6431 -0.0034 -0.7658
vn -0.3691 0.0142 -0.9293
vn -0.9739 -0.2272 -0.0000
vn -0.0000 0.9919 0.1271
vn 0.0907 0.9637 0.2510
vn 0.0909 0.9879 0.1256
vn 0.0470 -0.1174 0.9920
vn 0.0132 -0.0037 0.9999
vn 0.0717 -0.0875 0.9936
vn -0.1772 -0.1465 -0.9732
vn -0.2067 -0.3024 -0.9305
vn -0.1590 -0.1436 0.9768
vn -0.1633 -0.1291 0.9781
vn -0.9837 -0.1799 -0.0000
vn -0.3250 -0.7078 -0.6272
vn -0.2732 0.9620 -0.0000
vn -0.2471 0.3848 -0.8893
vn -0.1942 0.1555 -0.9685
vn -0.0519 -0.1023 0.9934
vn -0.1063 -0.3278 0.9387
vn -0.0605 -0.1905 0.9798
vn 0.0573 0.9926 -0.1075
vn 0.0916 0.9922 -0.0851
vn -0.7963 0.5975 0.0948
vn -0.7540 0.6569 -0.0055
vn 0.1824 0.9750 0.1268
vn -0.9874 -0.1583 0.0009
vn -0.9876 -0.1572 0.0039
vn 0.0259 0.1380 -0.9901
vn 0.0468 0.2498 -0.9672
vn 0.1738 0.9292 -0.3260
vn -0.0070 -0.0228 0.9997
vn -0.0017 -0.0192 0.9998
vn -0.0927 -0.8321 0.5468
vn -0.0000 -0.8357 0.5492
vn -0.0799 -0.8330 0.5474
vn -1.0000 -0.0001 -0.0002
vn -0.9389 0.3356 -0.0762
vn -0.9354 0.3514 -0.0384
vn -0.9406 0.3375 -0.0376
vn -0.9762 0.2167 0.0114
vn -0.9636 0.2672 0.0015
vn 0.0036 0.0191 -0.9998
vn -0.1545 -0.8257 0.5426
vn -0.0652 -0.3485 0.9350
vn -0.0036 -0.0192 0.9998
vn -0.9486 0.3150 -0.0301
vn -0.9574 0.2792 -0.0732
vn -0.2328 0.9725 0.0050
vn -0.2370 0.9715 -0.0000
vn 0.0104 0.0315 0.9994
vn 0.0905 -0.0877 0.9920
vn 0.0218 -0.0190 0.9996
vn 0.0142 -0.0708 0.9974
vn 0.0109 0.0049 0.9999
vn 0.0013 -0.0004 1.0000
vn -0.2489 -0.6907 -0.6789
vn 0.0032 -0.7132 -0.7010
vn -0.1410 0.8743 -0.4645
vn -0.1894 0.9553 -0.2269
vn -0.2145 0.9737 -0.0769
vn 0.0043 -0.9596 -0.2813
vn 0.0031 -0.6748 -0.7380
vn 0.0022 -0.4710 -0.8821
vn 0.0012 -0.2379 -0.9713
vn -0.0000 0.9639 -0.2662
vn -0.0420 0.4377 -0.8981
vn 0.0001 0.6963 -0.7177
vn 0.0001 0.4902 -0.8716
vn 0.0001 0.2516 -0.9678
vn -0.2985 -0.5289 -0.7945
vn -0.0650 -0.3012 -0.9513
vn -0.1574 -0.2227 -0.9621
vn 0.0026 0.8131 -0.5821
vn 0.0522 -0.4248 -0.9038
vn 0.0032 -0.6743 -0.7385
vn 0.0043 -0.9595 -0.2816
vn -0.1067 0.8088 -0.5783
vn -0.2133 0.6611 -0.7193
vn -0.1249 0.4616 -0.8783
vn 0.0010 -0.2365 -0.9716
vn 0.9395 -0.3250 -0.1082
vn 0.9350 -0.2801 -0.2175
vn 0.8876 -0.2628 -0.3783
vn 0.0052 -1.0000 -0.0012
vn -0.0012 0.0526 -0.9986
vn -0.6208 -0.1777 -0.7635
vn -0.6215 -0.1785 -0.7628
vn -0.6219 -0.1791 -0.7624
vn -0.6544 -0.7243 -0.2171
vn -0.6555 -0.7240 -0.2148
vn -0.6538 -0.7245 -0.2183
vn -0.1863 -0.7820 -0.5948
vn -0.1882 -0.7834 -0.5923
vn -0.1856 -0.7815 -0.5956
vn -0.6167 0.2022 -0.7608
vn -0.6160 0.2014 -0.7615
vn -0.6171 0.2028 -0.7603
vn -0.6373 0.7407 -0.2126
vn -0.6362 0.7410 -0.2150
vn -0.6356 0.7411 -0.2162
vn -0.1766 0.7867 -0.5915
vn -0.1748 0.7853 -0.5940
vn -0.1741 0.7848 -0.5948
vn -0.9777 0.0190 -0.2091
vn -0.9777 0.0190 -0.2092
vn 0.0448 -0.0520 0.9976
vn 0.0500 -0.9188 -0.3916
vn -0.6108 0.2016 0.7657
vn -0.2082 -0.2295 -0.9508
vn 0.0064 -0.0939 -0.9956
vn 0.3025 0.0907 -0.9488
vn 0.5022 -0.8643 0.0285
vn 0.6690 0.5923 0.4491
vn -0.5572 0.8022 -0.2146
vn 0.0447 0.0493 0.9978
vn -0.0710 0.3519 0.9334
vn -0.6215 -0.1796 0.7625
vn 0.6570 -0.6009 0.4552
vn -0.2971 0.9417 -0.1578
vn 0.0079 0.0949 -0.9955
vn -0.9231 -0.3482 -0.1631
vn -0.0764 -0.3518 0.9329
vn -0.9128 0.3744 -0.1629
vn -0.3341 -0.9284 -0.1626
vn -0.6822 -0.0294 -0.7305
vn -0.3153 0.0061 -0.9490
vn -0.0000 0.5223 0.8527
vn -0.0000 -0.2126 -0.9771
vn -0.2303 0.6568 -0.7180
vn 0.0001 0.6960 -0.7180
vn 0.0001 0.6960 -0.7181
vn 0.9078 -0.2932 0.2998
vn -0.5207 0.6037 -0.6037
vn -0.2641 0.6478 -0.7146
vn -0.0001 -0.5489 -0.8359
vn -0.0000 0.8425 0.5388
vn -0.0000 -0.5388 -0.8425
vn -0.2791 0.3896 -0.8777
vn 0.1907 0.4444 -0.8753
vn 0.8727 -0.3948 -0.2874
vn 0.9139 -0.3349 -0.2295
vn -0.3950 -0.0899 -0.9143
vn -0.0365 -0.4035 -0.9143
vn 0.2790 -0.2605 -0.9243
vn 0.5708 0.7310 -0.3740
vn 0.9139 0.1372 -0.3819
vn -0.3252 0.9161 -0.2344
vn 0.0830 0.9505 -0.2994
vn -0.9412 -0.2143 -0.2612
vn -0.7815 0.3947 -0.4832
vn -0.0870 -0.9614 -0.2612
vn -0.6331 -0.7239 -0.2743
vn 0.8716 -0.3169 -0.3740
vn 0.4928 -0.8258 -0.2743
vn -0.7470 0.2186 0.6278
vn -0.8036 0.2173 0.5541
vn 0.3111 -0.5213 -0.7947
vn 0.7684 -0.1642 -0.6185
vn 0.7404 -0.1020 -0.6644
vn -0.3996 -0.4569 -0.7947
vn -0.6590 -0.3526 -0.6644
vn -0.7182 -0.3188 -0.6185
vn 0.7423 -0.1059 -0.6617
vn -0.0621 0.8071 -0.5872
vn 0.1287 -0.7386 -0.6617
vn -0.6627 -0.3506 -0.6617
vn 0.5919 0.1348 -0.7947
vn -0.1058 -0.9519 -0.2874
vn -0.0361 -0.9726 -0.2295
vn 0.4784 0.6829 -0.5521
vn 0.3936 0.6801 -0.6185
vn 0.5999 0.7668 -0.2282
vn 0.5357 0.8307 -0.1513
vn 0.6009 0.7656 -0.2295
vn -0.5016 0.6660 -0.5521
vn -0.5251 0.5845 -0.6185
vn 0.6649 0.2143 0.7155
vn 0.7318 0.2614 0.6294
vn 0.7328 0.2622 0.6278
vn -0.7884 -0.2712 -0.5521
vn -0.4388 -0.6429 0.6278
vn -0.4550 -0.6971 0.5541
vn 0.0813 -0.7815 -0.6185
vn 0.1317 -0.7357 -0.6644
vn -0.4740 0.8323 -0.2874
vn -0.5425 0.8081 -0.2295
vn -0.5390 0.5177 -0.6644
vn 0.4758 -0.6160 0.6278
vn 0.5224 -0.6481 0.5541
vn -0.0229 0.7780 0.6278
vn -0.0416 0.8314 0.5541
vn 0.7778 0.2965 0.5541
vn -0.9380 -0.1936 -0.2874
vn -0.9362 -0.2662 -0.2295
vn 0.6451 0.7080 -0.2874
vn 0.3258 0.6726 -0.6644
vn 0.6233 0.4168 -0.6617
vn 0.5890 -0.4639 -0.6617
vn -0.2592 -0.7035 -0.6617
vn -0.7492 0.0291 -0.6617
vn -0.2038 0.7215 -0.6617
vn -0.6639 0.2175 0.7155
vn -0.7457 0.2186 0.6294
vn 0.0143 -0.8337 -0.5521
vn -0.4120 -0.5642 0.7155
vn -0.4384 -0.6417 0.6294
vn 0.0017 0.6986 0.7155
vn -0.0225 0.7768 0.6294
vn 0.4093 -0.5662 0.7155
vn 0.4748 -0.6152 0.6294
vn -0.9361 -0.2678 -0.2282
vn -0.9217 -0.3572 -0.1513
vn -0.0346 -0.9730 -0.2282
vn 0.0549 -0.9870 -0.1513
vn 0.7973 -0.2440 -0.5521
vn 0.9147 -0.3336 -0.2282
vn 0.9556 -0.2528 -0.1513
vn -0.5439 0.8075 -0.2282
vn -0.6245 0.7662 -0.1513
vn -0.4842 0.5008 0.7174
vn 0.0155 -0.6673 0.7446
vn -0.3400 -0.0485 -0.9392
vn 0.0348 -0.9994 -0.0000
vn -0.0828 0.9214 0.3797
vn -0.0880 0.9788 0.1848
vn 0.3632 -0.9288 -0.0737
vn 0.0479 0.9953 -0.0842
vn 0.6670 0.7424 -0.0628
vn 0.2387 -0.9677 -0.0814
vn 0.4236 0.9058 -0.0000
vn 0.4895 -0.1381 -0.8610
vn -0.7231 0.6907 -0.0001
vn -0.7216 0.6923 -0.0010
vn 0.0018 0.7742 0.6329
vn 0.4652 0.8852 -0.0000
vn -0.9624 -0.2715 0.0007
vn -0.6727 -0.7399 0.0008
vn -0.4671 -0.8653 0.1816
vn -0.7142 -0.1995 0.6709
vn 0.3844 0.8219 0.4204
vn 0.8923 -0.0902 0.4423
vn -0.0989 0.9707 0.2189
vn 0.6843 0.4543 -0.5704
vn -0.1513 0.5842 -0.7974
vn -0.6431 -0.0034 0.7658
vn -0.0000 0.9677 -0.2520
vn -0.3109 -0.7316 0.6067
vn 0.3116 0.0367 -0.9495
vn -0.7540 0.6569 0.0055
vn -0.0927 -0.8321 -0.5468
vn -0.0000 -0.8357 -0.5492
vn -0.9574 0.2792 0.0732
vn 0.8399 -0.1529 0.5207
vn -0.6219 -0.1791 0.7624
vn -0.6561 -0.7238 0.2136
vn -0.1889 -0.7839 0.5914
vn -0.6156 0.2008 0.7620
vn -0.6356 0.7411 0.2162
vn -0.1741 0.7848 0.5948
vn 0.0001 0.6960 0.7181
vn 0.8406 0.0083 0.5416
vn 0.4615 -0.4384 -0.7712
vn -0.0656 0.2542 -0.9649
vn -0.4842 0.5008 -0.7174
vn 0.0155 -0.6673 -0.7446
vn -0.0828 0.9214 -0.3797
vn 0.0479 0.9953 0.0842
vn 0.6799 0.7311 -0.0568
vn 0.5576 -0.1141 0.8222
vn -0.2262 -0.7824 0.5802
vn 0.7173 -0.6833 -0.1365
vn 0.0228 -0.9767 -0.2134
vn 0.6901 -0.6574 -0.3027
vn 0.6697 -0.0131 -0.7425
vn -0.7198 0.6942 0.0030
vn -0.7201 0.6938 0.0025
vn -0.7216 0.6923 0.0010
vn 0.4656 0.8850 -0.0003
vn 0.4666 0.8845 -0.0013
vn -0.0209 -0.8131 -0.5817
vn 0.0054 0.8128 -0.5825
vn -0.9517 0.3070 -0.0007
vn -0.5156 0.0743 -0.8536
vn -0.9624 -0.2715 -0.0007
vn -0.4671 -0.8653 -0.1816
vn -0.9636 -0.2672 -0.0013
vn -0.9642 -0.2653 0.0032
vn 0.3844 0.8219 -0.4204
vn 0.8923 -0.0902 -0.4423
vn -0.0989 0.9707 -0.2189
vn -0.6658 -0.2399 -0.7065
vn 0.6843 0.4543 0.5704
vn -0.2507 0.5531 0.7945
vn 0.0297 0.9963 -0.0802
vn -0.3346 0.0972 -0.9373
vn -0.0000 0.9677 0.2520
vn -0.3109 -0.7316 -0.6067
vn 0.3116 0.0367 0.9495
vn 0.1781 0.9522 0.2480
vn 0.0247 0.1320 -0.9909
vn 0.1814 0.9700 -0.1620
vn -0.9308 0.3612 -0.0561
vn -0.0337 -0.1799 0.9831
vn -0.0000 0.6964 -0.7176
vn 0.8399 -0.1529 -0.5207
vn -0.6204 -0.1772 -0.7640
vn -0.6561 -0.7238 -0.2136
vn -0.1889 -0.7839 -0.5914
vn -0.6156 0.2008 -0.7620
vn -0.6379 0.7405 -0.2115
vn -0.1773 0.7872 -0.5906
vt 0.798125 0.218635
vt 0.824560 0.238948
vt 0.817489 0.246349
vt 0.739073 0.616210
vt 0.608096 0.643296
vt 0.739549 0.606921
vt 0.755062 0.345142
vt 0.609284 0.329743
vt 0.740736 0.293369
vt 0.659721 0.579468
vt 0.574060 0.554570
vt 0.672800 0.520609
vt 0.317611 0.626011
vt 0.300990 0.655516
vt 0.300081 0.626126
vt 0.306491 0.513615
vt 0.315207 0.522788
vt 0.297797 0.524324
vt 0.318137 0.670789
vt 0.300994 0.655535
vt 0.318776 0.654343
vt 0.396110 0.503542
vt 0.412284 0.514520
vt 0.397702 0.515641
vt 0.703164 0.157646
vt 0.732798 0.162301
vt 0.714520 0.166381
vt 0.314398 0.512365
vt 0.403604 0.575466
vt 0.316737 0.577959
vt 0.373557 0.663348
vt 0.352044 0.665871
vt 0.065842 0.129194
vt 0.060520 0.088493
vt 0.074247 0.090733
vt 0.425979 0.499201
vt 0.410996 0.502622
vt 0.421736 0.482656
vt 0.433065 0.616966
vt 0.416338 0.644641
vt 0.416989 0.614456
vt 0.055663 0.373515
vt 0.063690 0.268239
vt 0.070509 0.365582
vt 0.047856 0.262075
vt 0.071891 0.250114
vt 0.057244 0.241325
vt 0.571528 0.517420
vt 0.702980 0.481045
vt 0.283478 0.511174
vt 0.520034 0.907799
vt 0.558315 0.816118
vt 0.558296 0.907805
vt 0.176715 0.496458
vt 0.201363 0.389511
vt 0.201995 0.496854
vt 0.796626 0.245668
vt 0.778059 0.223260
vt 0.284495 0.661821
vt 0.299893 0.672154
vt 0.283923 0.682124
vt 0.284580 0.575042
vt 0.299362 0.578245
vt 0.930825 0.764888
vt 0.881787 0.763362
vt 0.417148 0.569068
vt 0.375994 0.054303
vt 0.409291 0.145769
vt 0.386080 0.148677
vt 0.396675 0.045506
vt 0.436948 0.142109
vt 0.417365 0.037679
vt 0.459128 0.139672
vt 0.419768 0.329470
vt 0.433621 0.355911
vt 0.408331 0.360867
vt 0.442063 0.326215
vt 0.459339 0.352186
vt 0.463591 0.323320
vt 0.484743 0.350352
vt 0.446877 0.479792
vt 0.473499 0.476775
vt 0.497564 0.474465
vt 0.434411 0.648995
vt 0.451485 0.667328
vt 0.431788 0.663331
vt 0.456244 0.655309
vt 0.470568 0.670716
vt 0.475301 0.659245
vt 0.490339 0.669683
vt 0.420496 0.192528
vt 0.396321 0.197315
vt 0.476966 0.494706
vt 0.464459 0.518069
vt 0.464060 0.514707
vt 0.468104 0.185388
vt 0.445063 0.188530
vt 0.485083 0.321475
vt 0.448711 0.496439
vt 0.499426 0.491596
vt 0.432834 0.563965
vt 0.453735 0.566460
vt 0.426327 0.156546
vt 0.426084 0.156524
vt 0.474874 0.568911
vt 0.496821 0.570498
vt 0.746276 0.138287
vt 0.761411 0.137997
vt 0.745661 0.148513
vt 0.523530 0.667288
vt 0.569010 0.682124
vt 0.522353 0.675031
vt 0.875003 0.703079
vt 0.972339 0.724468
vt 0.875053 0.703192
vt 0.372501 0.055725
vt 0.479158 0.022914
vt 0.567296 0.120847
vt 0.504606 0.130856
vt 0.509995 0.181999
vt 0.586279 0.312786
vt 0.525115 0.318364
vt 0.386075 0.338758
vt 0.588873 0.342297
vt 0.527532 0.347673
vt 0.600202 0.465892
vt 0.538990 0.471543
vt 0.785735 0.697171
vt 0.839217 0.677686
vt 0.839217 0.697171
vt 0.481780 0.816112
vt 0.471855 0.907827
vt 0.348867 0.154571
vt 0.326647 0.211061
vt 0.573305 0.174374
vt 0.071891 0.383967
vt 0.057244 0.394562
vt 0.288331 0.238553
vt 0.277658 0.220583
vt 0.289461 0.217073
vt 0.276973 0.238183
vt 0.266169 0.222977
vt 0.265608 0.237804
vt 0.254743 0.223588
vt 0.816871 0.259847
vt 0.791807 0.311732
vt 0.780827 0.299154
vt 0.822256 0.267262
vt 0.806312 0.324596
vt 0.836310 0.270508
vt 0.823438 0.334509
vt 0.286593 0.285993
vt 0.275328 0.285618
vt 0.263980 0.285266
vt 0.254236 0.237406
vt 0.283276 0.360397
vt 0.272231 0.361335
vt 0.261601 0.362094
vt 0.252539 0.284916
vt 0.282407 0.387972
vt 0.268932 0.387585
vt 0.256311 0.388368
vt 0.250904 0.362951
vt 0.295153 0.496577
vt 0.296096 0.388973
vt 0.280731 0.498391
vt 0.266891 0.498700
vt 0.271359 0.512717
vt 0.260457 0.513667
vt 0.253987 0.497455
vt 0.271962 0.629616
vt 0.284793 0.629775
vt 0.271676 0.661937
vt 0.259641 0.629496
vt 0.259329 0.661888
vt 0.247830 0.629381
vt 0.761241 0.590861
vt 0.780419 0.628657
vt 0.762155 0.643671
vt 0.157861 0.233957
vt 0.182454 0.220995
vt 0.181958 0.234821
vt 0.308741 0.239229
vt 0.329225 0.287541
vt 0.073007 0.775523
vt 0.132926 0.791479
vt 0.073195 0.805829
vt 0.882977 0.076454
vt 0.883613 0.028974
vt 0.903097 0.055130
vt 0.377082 0.916979
vt 0.326727 0.901999
vt 0.349791 0.872055
vt 0.545115 0.759402
vt 0.520046 0.816110
vt 0.507952 0.761683
vt 0.302755 0.366561
vt 0.184603 0.307651
vt 0.207312 0.329679
vt 0.184603 0.334375
vt 0.011997 0.254807
vt 0.029829 0.216639
vt 0.029957 0.262027
vt 0.207312 0.283746
vt 0.207312 0.306712
vt 0.151693 0.506905
vt 0.176431 0.507646
vt 0.711317 0.141654
vt 0.656491 0.053770
vt 0.646552 0.034327
vt 0.659247 0.027170
vt 0.802466 0.259415
vt 0.412584 0.654367
vt 0.416342 0.644665
vt 0.009437 0.785266
vt 0.014123 0.824868
vt 0.259025 0.681710
vt 0.247485 0.661776
vt 0.271240 0.681913
vt 0.765503 0.046015
vt 0.780546 0.009990
vt 0.787720 0.015125
vt 0.725316 0.103177
vt 0.739065 0.086553
vt 0.753419 0.125078
vt 0.717558 0.121743
vt 0.750493 0.266482
vt 0.737803 0.235860
vt 0.398902 0.653642
vt 0.758748 0.287617
vt 0.751627 0.066210
vt 0.750504 0.052167
vt 0.517868 0.473009
vt 0.540071 0.489429
vt 0.518748 0.490338
vt 0.483541 0.134132
vt 0.489911 0.183982
vt 0.541903 0.573362
vt 0.521890 0.571500
vt 0.506335 0.349282
vt 0.504698 0.320144
vt 0.456264 0.028140
vt 0.507511 0.664813
vt 0.506243 0.672558
vt 0.866879 0.584275
vt 0.866911 0.557835
vt 0.883822 0.626680
vt 0.970047 0.481303
vt 0.951606 0.485819
vt 0.986405 0.453469
vt 0.119204 0.480818
vt 0.012879 0.572826
vt 0.103061 0.473268
vt 0.596581 0.816134
vt 0.650359 0.907827
vt 0.596558 0.907813
vt 0.115653 0.388894
vt 0.128786 0.390969
vt 0.910347 0.504954
vt 0.883697 0.504975
vt 0.130130 0.298473
vt 0.143997 0.295252
vt 0.428057 0.902972
vt 0.088143 0.237413
vt 0.096296 0.229438
vt 0.061415 0.202887
vt 0.053360 0.211487
vt 0.871753 0.364412
vt 0.950694 0.364114
vt 0.023907 0.607433
vt 0.011124 0.576362
vt 0.023360 0.579359
vt 0.033175 0.633097
vt 0.008684 0.608766
vt 0.040116 0.664936
vt 0.019038 0.640949
vt 0.147983 0.735605
vt 0.078602 0.698181
vt 0.087152 0.687827
vt 0.056676 0.193351
vt 0.044453 0.197804
vt 0.056785 0.181492
vt 0.041622 0.181501
vt 0.043983 0.164852
vt 0.057959 0.167979
vt 0.052195 0.127552
vt 0.582277 0.757097
vt 0.069641 0.672264
vt 0.060427 0.681451
vt 0.710576 0.592497
vt 0.579123 0.628871
vt 0.739309 0.623962
vt 0.607621 0.652584
vt 0.740856 0.632429
vt 0.607857 0.660337
vt 0.769059 0.431569
vt 0.637609 0.448959
vt 0.769062 0.412584
vt 0.769062 0.734359
vt 0.630558 0.745251
vt 0.762010 0.708876
vt 0.636459 0.432699
vt 0.767911 0.396324
vt 0.044491 0.570201
vt 0.148728 0.469363
vt 0.470785 0.763938
vt 0.633113 0.415861
vt 0.764566 0.379487
vt 0.628362 0.398689
vt 0.759814 0.362314
vt 0.125462 0.221962
vt 0.120734 0.247320
vt 0.197539 0.680916
vt 0.222600 0.661523
vt 0.222370 0.681200
vt 0.759655 0.501527
vt 0.779633 0.583277
vt 0.226609 0.364665
vt 0.230135 0.390810
vt 0.979107 0.741058
vt 0.883060 0.763577
vt 0.875543 0.782609
vt 0.902626 0.875878
vt 0.819678 0.833514
vt 0.893206 0.895473
vt 0.226465 0.509939
vt 0.249853 0.513175
vt 0.198870 0.573891
vt 0.223435 0.574497
vt 0.918180 0.779981
vt 0.381884 0.482593
vt 0.396117 0.503523
vt 0.363979 0.490101
vt 0.308072 0.473725
vt 0.295182 0.496576
vt 0.302407 0.452653
vt 0.072465 0.821391
vt 0.071258 0.839884
vt 0.867958 0.266260
vt 0.857583 0.266194
vt 0.069592 0.047849
vt 0.083514 0.050507
vt 0.078826 0.009668
vt 0.091311 0.012162
vt 0.754959 0.683394
vt 0.616455 0.694286
vt 0.747907 0.657911
vt 0.609404 0.668803
vt 0.247203 0.681523
vt 0.342116 0.439376
vt 0.357375 0.424381
vt 0.359453 0.444718
vt 0.175273 0.390227
vt 0.200491 0.366035
vt 0.229187 0.494402
vt 0.201488 0.508350
vt 0.495270 0.630076
vt 0.492216 0.662292
vt 0.248115 0.574973
vt 0.398932 0.436164
vt 0.388549 0.364365
vt 0.421700 0.482662
vt 0.342342 0.492237
vt 0.892294 0.263042
vt 0.866983 0.342486
vt 0.314390 0.512352
vt 0.623506 0.719768
vt 0.780392 0.899056
vt 0.805763 0.852859
vt 0.871267 0.938919
vt 0.885129 0.758037
vt 0.887822 0.709283
vt 0.955187 0.724011
vt 0.931950 0.764401
vt 0.293468 0.938250
vt 0.365460 0.937534
vt 0.332200 0.973786
vt 0.298877 0.876447
vt 0.265617 0.912699
vt 0.312720 0.987131
vt 0.382859 0.953497
vt 0.396051 0.461431
vt 0.324003 0.489474
vt 0.662058 0.279153
vt 0.715562 0.255858
vt 0.715540 0.279203
vt 0.668749 0.105147
vt 0.645831 0.151309
vt 0.651803 0.098459
vt 0.668749 0.176602
vt 0.645272 0.188153
vt 0.597678 0.145889
vt 0.614101 0.087062
vt 0.607655 0.149012
vt 0.623568 0.102595
vt 0.618128 0.155991
vt 0.630960 0.123363
vt 0.626799 0.165007
vt 0.609373 0.044529
vt 0.619147 0.053133
vt 0.608328 0.052267
vt 0.620532 0.043889
vt 0.631786 0.053499
vt 0.634010 0.040113
vt 0.643257 0.053394
vt 0.604557 0.080734
vt 0.595864 0.064016
vt 0.606581 0.065280
vt 0.637740 0.085421
vt 0.817765 0.651087
vt 0.828559 0.648590
vt 0.593913 0.079608
vt 0.693296 0.220604
vt 0.701137 0.230344
vt 0.662079 0.255809
vt 0.817385 0.830519
vt 0.810806 0.823043
vt 0.820070 0.807361
vt 0.803106 0.813931
vt 0.796304 0.804683
vt 0.938304 0.878733
vt 0.927317 0.878131
vt 0.924403 0.860926
vt 0.915870 0.876698
vt 0.906247 0.875467
vt 0.794593 0.843025
vt 0.784602 0.833883
vt 0.775824 0.824515
vt 0.907907 0.899120
vt 0.897638 0.895871
vt 0.920770 0.902356
vt 0.933069 0.904458
vt 0.836813 0.968695
vt 0.831446 0.969197
vt 0.834276 0.963571
vt 0.776658 0.956924
vt 0.775823 0.971450
vt 0.767794 0.959870
vt 0.768748 0.974566
vt 0.760284 0.962652
vt 0.784078 0.951636
vt 0.768638 0.938406
vt 0.776550 0.931441
vt 0.762306 0.948906
vt 0.848751 0.973108
vt 0.846062 0.974086
vt 0.848075 0.969148
vt 0.831630 0.970524
vt 0.823417 0.967938
vt 0.755484 0.931546
vt 0.762226 0.924307
vt 0.749573 0.938054
vt 0.840812 0.972190
vt 0.845575 0.973075
vt 0.833024 0.976476
vt 0.829526 0.972802
vt 0.835541 0.978932
vt 0.850419 0.962848
vt 0.010192 0.061135
vt 0.023904 0.063094
vt 0.022901 0.063894
vt 0.831635 0.969751
vt 0.858889 0.966160
vt 0.857996 0.970326
vt 0.028440 0.103886
vt 0.011938 0.088258
vt 0.034127 0.088939
vt 0.008796 0.072015
vt 0.038453 0.072929
vt 0.768478 0.927081
vt 0.877708 0.948931
vt 0.888566 0.964206
vt 0.902850 0.976160
vt 0.917586 0.981909
vt 0.768010 0.899193
vt 0.802992 0.849836
vt 0.748487 0.898643
vt 0.729838 0.893204
vt 0.766350 0.759797
vt 0.738403 0.779919
vt 0.863052 0.706169
vt 0.989749 0.879000
vt 0.988530 0.910734
vt 0.359519 0.718058
vt 0.353940 0.705318
vt 0.360341 0.718944
vt 0.716325 0.883754
vt 0.674511 0.838784
vt 0.010148 0.009164
vt 0.037876 0.061135
vt 0.840905 0.991421
vt 0.842953 0.975334
vt 0.847416 0.988630
vt 0.833400 0.960081
vt 0.813477 0.962189
vt 0.016436 0.103526
vt 0.024191 0.113687
vt 0.019872 0.113554
vt 0.863217 0.951264
vt 0.851974 0.953396
vt 0.861980 0.983920
vt 0.854132 0.986258
vt 0.850832 0.956256
vt 0.772457 0.914801
vt 0.780166 0.927327
vt 0.756826 0.954543
vt 0.726062 0.951069
vt 0.788460 0.947242
vt 0.792509 0.962518
vt 0.746670 0.987515
vt 0.733499 0.964634
vt 0.092977 0.841650
vt 0.230151 0.236550
vt 0.206054 0.235685
vt 0.230647 0.222723
vt 0.206550 0.221859
vt 0.228504 0.284191
vt 0.012157 0.344157
vt 0.030094 0.338817
vt 0.087211 0.321026
vt 0.105328 0.341176
vt 0.087211 0.347750
vt 0.749882 0.186058
vt 0.732389 0.220798
vt 0.722755 0.193319
vt 0.766805 0.175931
vt 0.768081 0.210546
vt 0.801271 0.194417
vt 0.787475 0.204017
vt 0.244679 0.057118
vt 0.292857 0.063480
vt 0.238276 0.063523
vt 0.846002 0.162957
vt 0.884247 0.154944
vt 0.873139 0.183529
vt 0.868950 0.140919
vt 0.906124 0.124208
vt 0.886059 0.009504
vt 0.871619 0.013091
vt 0.811284 0.187553
vt 0.832335 0.197521
vt 0.820692 0.204127
vt 0.365357 0.817272
vt 0.390902 0.805296
vt 0.391663 0.817272
vt 0.325178 0.840115
vt 0.277046 0.821079
vt 0.325178 0.821079
vt 0.203655 0.009554
vt 0.227012 0.009643
vt 0.227016 0.036584
vt 0.277046 0.859343
vt 0.325178 0.859343
vt 0.238273 0.036582
vt 0.224663 0.132314
vt 0.259177 0.124385
vt 0.265565 0.143881
vt 0.277046 0.782814
vt 0.325178 0.802043
vt 0.277046 0.802043
vt 0.244677 0.038101
vt 0.341007 0.019041
vt 0.347750 0.036598
vt 0.341171 0.038111
vt 0.244673 0.019084
vt 0.292847 0.009668
vt 0.292768 0.019077
vt 0.341001 0.057169
vt 0.292775 0.057111
vt 0.277046 0.840115
vt 0.228915 0.821079
vt 0.209687 0.802043
vt 0.209687 0.821079
vt 0.228915 0.859343
vt 0.344406 0.840115
vt 0.344406 0.821079
vt 0.645343 0.289234
vt 0.616587 0.236450
vt 0.639878 0.236603
vt 0.224191 0.157174
vt 0.212363 0.128358
vt 0.309297 0.145472
vt 0.305904 0.156812
vt 0.083221 0.199833
vt 0.072198 0.198044
vt 0.072612 0.197807
vt 0.111255 0.056887
vt 0.094245 0.072777
vt 0.094287 0.072268
vt 0.092650 0.135497
vt 0.049781 0.654401
vt 0.087434 0.654874
vt 0.071994 0.637145
vt 0.056152 0.635264
vt 0.056068 0.635220
vt 0.637606 0.467944
vt 0.057680 0.618022
vt 0.037865 0.583977
vt 0.037611 0.583386
vt 0.084343 0.179753
vt 0.083000 0.189579
vt 0.132093 0.431531
vt 0.144816 0.382976
vt 0.103500 0.671371
vt 0.122023 0.692982
vt 0.118022 0.690953
vt 0.077419 0.145164
vt 0.085084 0.168960
vt 0.056044 0.635372
vt 0.055979 0.635209
vt 0.130969 0.432410
vt 0.131265 0.436456
vt 0.130157 0.437019
vt 0.093968 0.072144
vt 0.093671 0.072744
vt 0.075966 0.142570
vt 0.075042 0.144426
vt 0.072082 0.197652
vt 0.077213 0.142322
vt 0.099779 0.096806
vt 0.072664 0.197604
vt 0.036981 0.583518
vt 0.037005 0.584517
vt 0.051222 0.595799
vt 0.122530 0.247980
vt 0.125372 0.253824
vt 0.126822 0.254584
vt 0.160500 0.297461
vt 0.117118 0.691952
vt 0.121100 0.694947
vt 0.160500 0.711478
vt 0.606094 0.183901
vt 0.085371 0.582835
vt 0.133350 0.599301
vt 0.080871 0.593932
vt 0.157137 0.080444
vt 0.158696 0.139734
vt 0.134753 0.125679
vt 0.173380 0.170531
vt 0.166201 0.155373
vt 0.105112 0.164269
vt 0.111228 0.165794
vt 0.104795 0.166065
vt 0.110567 0.170531
vt 0.135748 0.593381
vt 0.176821 0.584596
vt 0.111888 0.161058
vt 0.106764 0.155747
vt 0.347554 0.009619
vt 0.228915 0.782814
vt 0.228915 0.802043
vt 0.781447 0.165089
vt 0.847741 0.233801
vt 0.836083 0.240523
vt 0.111342 0.917591
vt 0.068018 0.956312
vt 0.069125 0.920173
vt 0.876299 0.221571
vt 0.892342 0.263024
vt 0.811163 0.209807
vt 0.876259 0.221581
vt 0.344406 0.802043
vt 0.228915 0.840115
vt 0.209687 0.840115
vt 0.347560 0.063531
vt 0.238268 0.009641
vt 0.227020 0.063524
vt 0.176949 0.063531
vt 0.417968 0.805296
vt 0.417968 0.817272
vt 0.623610 0.381516
vt 0.437415 0.032316
vt 0.472852 0.151305
vt 0.472804 0.151342
vt 0.740576 0.067246
vt 0.392423 0.829249
vt 0.417968 0.829249
vt 0.906155 0.124230
vt 0.884277 0.154961
vt 0.038101 0.954568
vt 0.042349 0.915941
vt 0.177218 0.586355
vt 0.130949 0.605218
vt 0.104477 0.167860
vt 0.200783 0.100086
vt 0.076371 0.605031
vt 0.271266 0.163676
vt 0.304737 0.168693
vt 0.211666 0.099819
vt 0.237528 0.165122
vt 0.366878 0.829249
vt 0.832293 0.099855
vt 0.893104 0.113007
vt 0.026198 0.894790
vt 0.023164 0.912825
vt 0.156420 0.617749
vt 0.150320 0.645482
vt 0.141911 0.640211
vt 0.892511 0.026710
vt 0.900805 0.028630
vt 0.906970 0.034229
vt 0.939593 0.031771
vt 0.916448 0.014880
vt 0.901443 0.009888
vt 0.929695 0.091867
vt 0.928602 0.098641
vt 0.908401 0.050595
vt 0.932709 0.089095
vt 0.931488 0.091008
vt 0.932508 0.098193
vt 0.938168 0.093976
vt 0.939593 0.089983
vt 0.825838 0.242709
vt 0.914729 0.045615
vt 0.825838 0.243037
vt 0.131676 0.954651
vt 0.131513 0.917327
vt 0.100974 0.876922
vt 0.069694 0.904464
vt 0.078941 0.869541
vt 0.873176 0.183534
vt 0.254125 0.202297
vt 0.215300 0.202256
vt 0.254125 0.202258
vt 0.215300 0.202282
vt 0.188608 0.202254
vt 0.254125 0.193515
vt 0.046719 0.898925
vt 0.014224 0.911204
vt 0.017093 0.892924
vt 0.109517 0.899907
vt 0.296429 0.087712
vt 0.326143 0.093713
vt 0.296175 0.096239
vt 0.008728 0.950784
vt 0.083594 0.427940
vt 0.074157 0.406957
vt 0.082983 0.406170
vt 0.017777 0.952017
vt 0.041409 0.878976
vt 0.131101 0.904182
vt 0.253767 0.188242
vt 0.215300 0.193513
vt 0.215300 0.188240
vt 0.198456 0.183851
vt 0.188608 0.193511
vt 0.065612 0.426256
vt 0.072130 0.464134
vt 0.062013 0.462872
vt 0.074902 0.428048
vt 0.319294 0.107000
vt 0.260765 0.104469
vt 0.297309 0.105215
vt 0.140437 0.954627
vt 0.250742 0.093502
vt 0.249666 0.084854
vt 0.139768 0.904686
vt 0.140437 0.917595
vt 0.101174 0.867290
vt 0.040827 0.869784
vt 0.078810 0.860246
vt 0.850561 0.067954
vt 0.797374 0.065496
vt 0.819404 0.039576
vt 0.157428 0.651874
vt 0.168490 0.617932
vt 0.180562 0.618061
vt 0.129214 0.659842
vt 0.134212 0.669938
vt 0.180562 0.698843
vt 0.131750 0.815252
vt 0.189959 0.793573
vt 0.188346 0.820167
vt 0.131252 0.765813
vt 0.598633 0.043218
vt 0.628071 0.075983
vt 0.616831 0.068664
vt 0.667949 0.045054
vt 0.667418 0.009333
vt 0.197762 0.661250
vt 0.222959 0.629096
vt 0.511622 0.633208
vt 0.259737 0.575088
vt 0.271973 0.575105
vt 0.475718 0.628158
vt 0.454750 0.623351
vt 0.402627 0.624659
vt 0.398895 0.653606
vt 0.318775 0.654317
vt 0.128427 0.847078
vt 0.112461 0.817362
vt 0.506468 0.592127
vt 0.597594 0.050963
vt 0.198118 0.628793
vt 0.528208 0.636154
vt 0.738968 0.568349
vt 0.712245 0.514892
vt 0.738968 0.514803
vt 0.150149 0.556783
vt 0.712310 0.568437
vt 0.692414 0.532546
vt 0.174814 0.557644
vt 0.848518 0.582071
vt 0.826348 0.627856
vt 0.825555 0.582474
vt 0.847168 0.505292
vt 0.824204 0.505696
vt 0.846808 0.484851
vt 0.823844 0.485255
vt 0.845140 0.390024
vt 0.822176 0.390428
vt 0.802593 0.582876
vt 0.801241 0.506100
vt 0.778275 0.506506
vt 0.803384 0.628257
vt 0.822592 0.360680
vt 0.184603 0.280928
vt 0.207312 0.260779
vt 0.087211 0.294303
vt 0.105328 0.318209
vt 0.009820 0.367829
vt 0.030094 0.453979
vt 0.012157 0.478156
vt 0.339698 0.415712
vt 0.359453 0.329565
vt 0.028085 0.359161
vt 0.783236 0.960276
vt 0.782670 0.960599
vt 0.783716 0.959136
vt 0.754318 0.964630
vt 0.753926 0.964120
vt 0.753914 0.963376
vt 0.767664 0.927418
vt 0.766051 0.927502
vt 0.845630 0.973490
vt 0.845076 0.972490
vt 0.856870 0.958808
vt 0.857095 0.959493
vt 0.855879 0.957684
vt 0.024209 0.063800
vt 0.831502 0.968278
vt 0.857829 0.960521
vt 0.782122 0.961347
vt 0.860787 0.960789
vt 0.783331 0.966550
vt 0.753575 0.965867
vt 0.022989 0.064564
vt 0.770569 0.927355
vt 0.473016 0.151626
vt 0.472749 0.151610
vt 0.506074 0.590702
vt 0.505658 0.591914
vt 0.506338 0.590623
vt 0.426567 0.157319
vt 0.425884 0.157292
vt 0.462736 0.517816
vt 0.463288 0.514465
vt 0.371220 0.730089
vt 0.392997 0.733181
vt 0.372021 0.744322
vt 0.353625 0.706661
vt 0.349699 0.714284
vt 0.350436 0.714520
vt 0.350034 0.736024
vt 0.381527 0.718862
vt 0.408273 0.736659
vt 0.405130 0.723252
vt 0.427959 0.728045
vt 0.372050 0.760820
vt 0.392336 0.751457
vt 0.390539 0.779093
vt 0.336535 0.739607
vt 0.353467 0.751193
vt 0.327260 0.759803
vt 0.344592 0.720883
vt 0.331314 0.700123
vt 0.392904 0.705433
vt 0.372989 0.702653
vt 0.388562 0.682110
vt 0.418114 0.759241
vt 0.354653 0.779093
vt 0.318871 0.727972
vt 0.357671 0.682816
vt 0.416314 0.700288
vt 0.313051 0.735740
vt 0.351141 0.740418
vt 0.893461 0.895104
vt 0.897522 0.896258
vt 0.735624 0.037074
vt 0.709150 0.034796
vt 0.726510 0.017935
vt 0.906256 0.875806
vt 0.056844 0.703882
vt 0.030369 0.706160
vt 0.034493 0.701316
vt 0.336481 0.738024
vt 0.351202 0.736770
vt 0.902478 0.875520
vt 0.371852 0.703110
vt 0.343478 0.721719
vt 0.404030 0.721828
vt 0.392298 0.734834
vt 0.383325 0.718633
vt 0.321001 0.745625
vt 0.317226 0.740558
vt 0.371794 0.743334
vt 0.373129 0.761222
vt 0.391484 0.752043
vt 0.309610 0.751999
vt 0.179659 0.742068
vt 0.025628 0.709043
vt 0.009226 0.678373
vt 0.010846 0.677695
vt 0.350786 0.715666
vt 0.350893 0.714895
vt 0.350173 0.715907
vt 0.419090 0.738353
vt 0.526669 0.729675
vt 0.423616 0.742519
vt 0.013986 0.675753
vt 0.346695 0.716215
vt 0.414461 0.734259
vt 0.406460 0.739741
vt 0.347977 0.716795
vt 0.031118 0.732280
vt 0.047730 0.723021
vt 0.709898 0.008675
vt 0.699115 0.031358
vt 0.688007 0.010678
vt 0.392946 0.741038
vt 0.704408 0.031912
vt 0.020335 0.709598
vt 0.526672 0.728713
vt 0.526912 0.727340
vt 0.528846 0.727843
vt 0.010633 0.675950
vt 0.012397 0.676867
vt 0.350677 0.714772
vt 0.350777 0.714823
vt 0.350639 0.714787
vt 0.182904 0.747269
vt 0.169901 0.744562
vt 0.691177 0.064089
vt 0.689414 0.065006
vt 0.689627 0.063261
vt 0.185254 0.743111
vt 0.416226 0.730793
vt 0.688007 0.062583
vt 0.692766 0.065203
vt 0.350444 0.714688
vt 0.576591 0.591721
vt 0.881789 0.763365
vt 0.980968 0.714792
vt 0.864430 0.025145
vt 0.301678 0.389190
vt 0.866846 0.610715
vt 0.986405 0.435651
vt 0.986405 0.417833
vt 0.916186 0.626952
vt 0.441180 0.781546
vt 0.927869 0.759793
vt 0.265617 0.963802
vt 0.349599 0.989749
vt 0.668551 0.192265
vt 0.795305 0.666825
vt 0.785735 0.677686
vt 0.662058 0.211099
vt 0.682917 0.213520
vt 0.975697 0.991421
vt 0.037925 0.009164
vt 0.739941 0.976063
vt 0.325178 0.782814
vt 0.601662 0.288947
vt 0.176945 0.036492
vt 0.821734 0.180318
vt 0.731534 0.082629
vt 0.215300 0.202295
vt 0.188608 0.202281
vt 0.327687 0.084854
vt 0.062012 0.413524
vt 0.080869 0.464781
vt 0.186347 0.852655
vt 0.849311 0.360210
vt 0.184603 0.254205
vt 0.342116 0.305388
vt 0.009226 0.730278
vt 0.353557 0.753110
vt 0.713273 0.039640
vt 0.397874 0.661316
vt 0.340333 0.667169
vt 0.570188 0.674381
vt 0.545695 0.009953
vt 0.158357 0.220131
vt 0.011849 0.201994
vt 0.152036 0.495703
vt 0.866976 0.504954
vt 0.866943 0.531394
vt 0.874825 0.624325
vt 0.869188 0.618997
vt 0.986405 0.364114
vt 0.981797 0.470005
vt 0.649154 0.785700
vt 0.869061 0.486515
vt 0.139682 0.745655
vt 0.637609 0.770733
vt 0.014192 0.852655
vt 0.174406 0.367008
vt 0.906155 0.344406
vt 0.803967 0.960537
vt 0.805593 0.657762
vt 0.839280 0.648497
vt 0.587032 0.144900
vt 0.672779 0.210991
vt 0.363836 0.805296
vt 0.176941 0.009452
vt 0.119063 0.017690
vt 0.601662 0.188765
vt 0.112045 0.161082
vt 0.176429 0.582835
vt 0.112025 0.954936
vt 0.826322 0.242501
vt 0.190594 0.767244
vt 0.681378 0.563587
vt 0.849311 0.627455
vt 0.105328 0.295242
vt 0.186155 0.747141
vt 0.531656 0.725544
s 1
usemtl Material
f 423/1/1 338/2/1 7/3/1
f 364/4/2 177/5/3 365/6/4
f 362/7/5 16/8/5 363/9/5
f 360/10/6 186/11/6 361/12/6
f 538/13/7 129/14/7 323/15/7
f 131/16/7 30/17/7 132/18/7
f 135/19/7 129/20/7 36/21/7
f 25/22/7 127/23/7 29/24/7
f 133/25/7 38/26/7 136/27/7
f 23/28/7 29/24/7 30/17/7
f 30/17/7 559/29/7 565/30/7
f 342/31/7 336/32/7 36/21/7
f 329/33/8 200/34/8 328/35/8
f 85/36/9 128/37/10 81/38/10
f 529/39/11 126/40/11 322/41/11
f 44/42/12 124/43/13 36/44/14
f 51/45/15 126/46/15 69/47/15
f 361/12/6 14/48/6 367/49/6
f 116/50/16 131/16/17 132/18/18
f 96/51/19 52/52/20 125/53/20
f 320/54/21 316/55/22 319/56/23
f 423/1/24 41/57/25 424/58/24
f 121/59/26 46/60/26 141/61/26
f 563/62/27 132/18/27 560/63/27
f 50/64/28 229/65/29 230/64/29
f 29/24/7 548/66/7 559/29/7
f 162/67/30 75/68/31 73/69/32
f 164/70/33 74/71/33 75/68/33
f 165/72/34 72/73/35 74/71/34
f 61/74/36 67/75/37 65/76/38
f 63/77/39 66/78/40 67/75/37
f 62/79/41 64/80/42 66/78/40
f 65/76/38 83/81/43 81/38/44
f 67/75/37 82/82/45 83/81/43
f 66/78/46 80/83/47 82/82/48
f 69/84/49 138/85/50 137/86/51
f 71/87/52 139/88/53 138/85/54
f 70/89/55 140/90/56 139/88/57
f 73/69/32 79/91/31 77/92/32
f 86/93/58 631/94/58 628/95/58
f 74/71/34 76/96/59 78/97/34
f 61/74/36 79/91/31 63/77/60
f 63/77/39 78/97/33 62/79/41
f 62/79/34 76/96/59 60/98/61
f 81/38/44 87/99/62 85/36/63
f 83/81/43 86/93/64 87/99/62
f 82/82/48 84/100/65 86/93/66
f 550/101/67 87/99/62 549/102/68
f 75/68/69 624/103/69 625/104/69
f 561/105/70 84/100/65 562/106/71
f 54/107/72 337/108/72 6/109/72
f 146/110/73 47/111/74 154/112/74
f 15/113/29 231/114/29 228/115/29
f 73/69/32 9/116/7 162/67/30
f 167/117/29 22/118/29 147/119/29
f 150/120/29 1/121/29 149/122/29
f 33/123/7 77/92/32 61/74/36
f 149/122/75 4/124/75 151/125/75
f 65/76/38 33/123/7 61/74/36
f 151/125/29 40/126/29 152/127/29
f 146/128/73 239/129/76 5/130/77
f 10/131/78 96/51/19 172/132/79
f 11/133/7 77/92/32 13/134/7
f 147/119/29 27/135/29 150/120/29
f 44/42/12 129/136/80 121/137/80
f 88/138/81 168/139/82 169/140/83
f 90/141/84 170/142/85 168/139/86
f 91/143/87 171/144/88 170/142/85
f 93/145/89 142/146/90 141/147/91
f 95/148/92 143/149/93 142/146/90
f 94/150/94 144/151/95 143/149/93
f 100/152/96 90/141/84 88/138/81
f 102/153/97 91/143/87 90/141/84
f 103/154/98 89/155/99 91/143/87
f 105/156/100 102/153/97 100/152/96
f 107/157/101 103/154/102 102/153/97
f 106/158/103 101/159/104 103/154/98
f 105/156/100 110/160/105 107/157/101
f 107/157/101 111/161/106 106/158/107
f 106/158/107 109/162/108 104/163/109
f 112/164/110 110/160/105 108/165/111
f 114/166/112 111/161/106 110/160/105
f 115/167/113 109/162/114 111/161/115
f 116/50/16 114/166/112 112/164/110
f 118/168/116 115/167/117 114/166/118
f 119/169/119 113/170/120 115/167/117
f 121/59/121 534/171/122 533/172/123
f 123/173/124 535/174/125 534/171/122
f 122/175/126 536/176/127 535/174/128
f 219/177/129 588/178/130 202/179/130
f 20/180/131 201/181/131 216/182/131
f 17/183/7 88/138/81 169/140/83
f 100/152/96 17/183/7 15/184/7
f 134/185/132 309/186/133 324/187/134
f 455/188/135 472/189/136 473/190/137
f 49/191/6 234/192/6 191/193/6
f 180/194/138 57/195/139 186/196/140
f 100/152/96 32/197/7 105/156/100
f 216/198/141 575/199/141 20/200/141
f 28/201/6 575/202/6 574/203/6
f 32/197/7 108/165/111 105/156/100
f 216/198/141 586/204/141 585/205/141
f 523/206/142 320/54/21 522/207/142
f 137/208/51 38/26/143 133/25/143
f 539/209/144 247/210/145 241/211/146
f 7/3/147 130/212/148 41/57/25
f 69/84/143 133/213/143 126/214/143
f 24/215/149 324/187/134 21/216/150
f 143/217/93 120/218/151 122/175/126
f 142/219/90 122/175/152 123/173/124
f 141/61/91 123/173/124 121/59/121
f 145/220/153 47/221/154 238/222/155
f 139/223/53 53/224/156 55/225/157
f 138/226/54 55/225/157 54/107/158
f 137/208/51 54/107/159 6/109/160
f 141/147/26 130/212/26 93/145/26
f 424/58/7 135/227/7 425/228/7
f 133/213/7 124/229/7 126/214/7
f 41/57/7 46/230/7 135/227/7
f 440/231/154 154/232/154 145/220/153
f 432/233/29 153/234/29 436/235/29
f 429/236/29 150/120/29 435/237/161
f 436/235/29 564/238/29 569/239/29
f 431/240/29 152/127/29 432/233/29
f 430/241/75 151/125/75 431/240/75
f 435/237/161 149/122/29 430/241/29
f 434/242/29 147/119/29 429/236/29
f 433/243/74 154/112/74 437/244/74
f 332/245/8 331/246/8 177/247/8
f 181/248/162 19/249/162 183/250/162
f 157/251/163 9/252/164 11/253/165
f 173/254/166 176/255/167 174/256/168
f 157/251/163 13/257/169 158/258/170
f 176/259/171 177/247/172 178/260/173
f 158/258/170 15/261/174 159/262/174
f 12/263/175 10/131/176 172/132/177
f 159/262/178 17/264/179 160/265/180
f 52/52/20 174/256/20 125/53/20
f 161/266/181 17/264/179 169/267/182
f 19/249/183 12/268/175 18/269/184
f 59/270/185 162/271/162 156/272/186
f 58/273/187 164/274/162 59/270/185
f 58/273/187 166/275/162 165/276/162
f 156/272/186 162/271/162 9/252/162
f 155/277/188 167/278/162 148/279/189
f 98/280/8 169/267/8 168/281/8
f 99/282/8 168/281/8 170/283/8
f 99/282/8 171/284/8 97/285/8
f 97/285/8 190/286/8 329/33/8
f 175/287/190 52/52/191 180/194/138
f 438/288/162 167/278/162 434/289/162
f 334/290/6 177/5/3 175/291/6
f 366/292/192 185/293/193 364/4/2
f 368/294/194 187/295/195 366/292/195
f 2/296/196 181/297/197 369/298/197
f 370/299/29 330/300/29 374/301/29
f 369/298/198 182/302/199 371/303/200
f 2/304/196 157/251/6 367/305/6
f 186/196/140 10/131/201 14/306/202
f 371/303/200 183/307/203 372/308/204
f 372/308/204 439/309/5 450/310/5
f 334/311/205 400/312/206 160/265/206
f 325/313/207 311/314/208 326/315/207
f 312/316/209 583/317/210 219/177/129
f 312/318/211 101/159/104 104/163/212
f 316/55/213 312/318/214 315/319/215
f 13/320/28 230/64/29 231/114/29
f 43/321/29 228/115/29 229/65/29
f 199/322/7 195/323/7 192/324/7
f 194/325/7 192/324/7 195/323/7
f 321/326/216 113/170/120 117/327/217
f 558/328/218 321/326/219 557/329/220
f 43/321/221 198/330/221 199/322/221
f 208/331/222 207/332/223 204/333/224
f 214/334/7 213/335/225 210/336/7
f 21/216/226 572/337/227 325/338/228
f 189/339/207 144/151/95 92/340/229
f 328/35/8 201/341/8 327/342/8
f 327/342/8 26/343/8 163/344/8
f 373/345/29 332/346/29 236/347/29
f 236/347/29 188/348/230 368/294/194
f 326/315/207 120/218/151 144/349/95
f 314/350/231 581/351/232 580/352/231
f 317/353/233 313/354/234 316/55/22
f 315/319/215 104/163/109 109/162/108
f 318/355/235 316/55/22 315/319/236
f 318/355/235 109/162/114 113/170/237
f 522/207/142 319/56/23 525/356/238
f 321/326/216 319/56/239 318/355/240
f 532/357/241 433/243/29 68/358/242
f 557/329/220 117/327/243 553/359/244
f 205/360/7 45/361/7 65/76/38
f 206/362/245 81/38/246 128/37/247
f 25/22/248 23/28/249 211/363/250
f 34/364/207 326/365/207 189/339/207
f 212/366/251 23/28/249 131/16/17
f 210/336/7 112/164/110 108/165/111
f 374/301/29 331/367/29 373/345/29
f 221/368/7 193/369/7 224/370/7
f 49/371/174 228/115/174 196/372/174
f 197/373/174 230/64/174 191/374/174
f 196/372/174 231/114/174 197/373/174
f 49/371/174 230/64/174 229/65/174
f 235/375/252 233/376/252 232/377/252
f 191/378/253 235/375/253 197/379/253
f 196/380/7 235/375/7 232/377/7
f 49/381/254 232/377/254 233/376/254
f 206/362/7 209/382/7 205/360/7
f 215/383/255 212/366/251 213/335/256
f 40/384/257 243/385/257 152/386/257
f 564/387/7 242/388/7 566/389/7
f 153/390/7 243/391/7 242/388/7
f 255/392/258 253/393/259 257/394/260
f 257/394/260 254/395/261 258/396/262
f 258/396/262 252/397/263 256/398/264
f 248/399/265 542/400/266 541/401/267
f 250/402/268 543/403/269 542/400/266
f 249/404/270 544/405/271 543/403/269
f 251/406/6 567/407/6 568/408/6
f 566/389/272 252/397/263 556/409/273
f 250/410/274 248/411/275 239/129/76
f 255/392/6 244/412/6 251/406/6
f 242/388/276 256/398/264 252/397/263
f 258/413/277 256/414/278 240/415/279
f 259/416/280 262/417/281 261/418/282
f 262/417/281 263/419/283 261/418/282
f 263/419/283 260/420/284 261/418/282
f 264/421/285 267/422/286 266/423/287
f 267/422/286 268/424/288 266/423/287
f 268/424/288 265/425/289 266/423/287
f 259/416/280 275/426/290 262/417/281
f 262/417/281 276/427/291 263/419/283
f 263/419/283 274/428/292 260/420/284
f 265/425/289 272/429/293 270/430/294
f 268/424/288 271/431/295 272/429/293
f 267/422/286 269/432/296 271/431/295
f 287/433/297 604/434/297 285/435/297
f 308/436/298 300/437/299 307/438/300
f 307/438/300 298/439/301 305/440/302
f 306/441/303 304/442/304 302/443/305
f 308/436/298 303/444/306 304/442/304
f 290/445/307 612/446/307 292/447/307
f 285/435/308 603/448/308 278/449/308
f 304/442/304 295/450/309 296/451/310
f 303/444/306 293/452/311 295/450/309
f 288/453/312 612/446/312 608/454/312
f 287/433/313 279/455/314 280/456/315
f 288/453/316 277/457/317 279/455/314
f 285/435/318 291/458/319 287/433/313
f 287/433/313 292/447/320 288/453/316
f 277/459/321 595/460/321 606/461/321
f 280/456/322 603/448/322 602/462/322
f 291/458/319 284/463/323 292/447/320
f 292/447/320 282/464/324 290/445/325
f 297/465/326 280/466/315 299/467/327
f 299/467/327 279/468/314 300/469/299
f 304/442/328 597/470/328 302/443/328
f 281/471/329 272/429/293 283/472/330
f 283/472/330 271/431/295 284/473/323
f 284/473/323 269/432/296 282/474/324
f 294/475/331 275/426/290 273/476/332
f 296/477/310 276/427/291 275/426/290
f 295/478/309 274/428/292 276/427/291
f 32/479/333 274/428/292 48/480/334
f 273/476/332 192/324/335 193/369/336
f 261/418/282 199/322/337 192/324/335
f 15/481/338 43/321/338 261/418/282
f 33/482/339 264/421/285 266/423/287
f 266/423/287 195/323/340 198/330/340
f 45/483/341 264/421/285 33/482/339
f 645/484/29 667/485/29 668/486/29
f 45/483/341 282/474/324 269/432/296
f 270/430/294 224/370/342 194/325/343
f 48/480/334 293/487/311 210/488/344
f 273/476/332 221/368/345 294/475/331
f 204/489/346 298/490/301 277/459/317
f 204/491/346 286/492/347 208/493/348
f 227/494/349 278/449/350 225/495/351
f 278/496/350 220/497/352 225/498/351
f 281/499/329 226/500/353 224/370/342
f 290/445/325 205/501/354 209/502/355
f 286/492/356 209/502/355 208/493/357
f 289/503/358 227/494/349 226/500/353
f 294/504/331 223/505/359 302/443/305
f 301/506/360 210/507/344 293/452/311
f 222/508/361 297/509/326 306/441/303
f 211/510/362 305/440/302 298/439/301
f 302/443/305 222/508/361 306/441/303
f 305/440/363 214/511/364 301/506/360
f 572/337/227 524/512/365 325/338/228
f 202/513/366 171/144/88 89/155/99
f 203/514/131 190/515/131 202/513/366
f 216/182/131 200/516/131 203/514/131
f 219/517/367 89/155/99 101/159/104
f 31/518/6 574/203/6 576/519/6
f 313/520/368 589/521/368 312/522/368
f 345/523/7 336/524/7 342/525/7
f 348/526/24 335/527/24 345/523/24
f 348/526/1 339/528/369 333/529/1
f 353/530/370 419/531/371 346/532/372
f 447/533/373 427/534/374 452/535/375
f 350/536/376 428/537/376 427/534/374
f 94/538/94 472/189/377 92/539/229
f 454/540/378 422/541/379 464/542/380
f 456/543/381 442/544/381 465/545/381
f 359/546/382 451/547/382 449/548/382
f 520/549/383 344/550/383 443/551/383
f 418/552/7 359/546/7 347/553/7
f 344/550/384 444/554/384 443/551/384
f 453/555/385 419/556/386 463/557/387
f 417/558/6 358/559/6 420/560/6
f 353/530/370 444/554/382 446/561/382
f 355/562/388 447/563/389 445/564/389
f 347/565/390 416/566/391 418/567/392
f 354/568/393 419/531/371 417/569/371
f 421/570/382 448/571/382 451/547/382
f 354/572/394 448/571/394 445/573/394
f 355/574/7 421/570/7 418/552/7
f 347/575/395 449/548/395 446/576/395
f 55/577/396 407/578/397 408/579/398
f 453/555/385 55/580/399 458/581/400
f 463/557/401 349/582/402 454/583/378
f 365/584/403 389/585/403 391/586/403
f 374/587/404 393/588/404 394/589/404
f 328/35/29 236/590/29 329/33/29
f 175/291/6 360/10/6 334/290/6
f 56/591/5 450/592/5 438/288/5
f 372/593/405 376/594/405 378/595/405
f 19/596/406 367/49/6 14/48/6
f 59/270/198 371/597/200 58/273/198
f 163/344/29 374/587/29 327/342/29
f 2/304/407 397/598/407 396/599/407
f 97/285/195 366/600/195 99/282/195
f 99/282/192 364/601/2 98/280/192
f 160/265/6 365/584/4 334/311/6
f 367/305/408 381/602/408 361/603/408
f 159/262/6 361/603/6 158/258/6
f 362/604/409 405/605/409 406/606/409
f 97/285/410 392/607/410 368/608/410
f 375/609/411 378/595/411 376/594/411
f 56/591/412 375/609/413 376/594/413
f 372/593/414 377/610/414 371/597/414
f 371/597/415 375/609/415 58/273/415
f 380/611/6 382/612/6 379/613/6
f 157/251/416 382/612/416 367/305/416
f 157/251/163 380/611/417 379/613/417
f 158/258/418 381/602/418 380/611/418
f 385/614/29 393/588/29 386/615/29
f 383/616/29 392/607/29 387/617/29
f 388/618/419 391/586/419 389/585/419
f 236/590/420 392/607/420 384/619/420
f 161/266/421 388/618/421 389/585/421
f 373/620/422 386/615/422 393/588/422
f 329/33/423 384/619/423 383/616/423
f 329/33/424 387/617/424 97/285/424
f 327/342/425 386/615/425 328/35/425
f 365/584/426 390/621/426 364/601/426
f 374/587/427 385/614/427 327/342/427
f 364/601/428 388/618/428 98/280/428
f 395/622/197 397/598/197 398/623/197
f 2/304/429 395/622/430 156/272/429
f 156/272/186 398/623/431 59/270/185
f 369/624/432 398/623/432 397/598/432
f 401/625/6 399/626/6 400/312/6
f 159/262/178 402/627/433 360/628/433
f 160/265/180 399/626/434 159/262/178
f 334/311/205 402/627/435 401/625/436
f 403/629/5 405/605/5 404/630/5
f 148/279/189 404/630/437 155/277/188
f 362/604/438 403/629/438 148/279/438
f 363/631/439 404/630/439 405/605/439
f 407/578/397 412/632/440 408/579/398
f 340/633/441 459/634/442 457/635/443
f 340/636/444 410/637/445 409/638/445
f 458/581/446 408/639/447 460/640/448
f 413/641/449 462/642/450 461/643/451
f 460/640/448 412/644/452 462/642/453
f 409/645/454 461/646/455 459/634/456
f 409/638/457 414/647/458 413/648/459
f 355/562/388 416/566/391 350/649/460
f 354/650/6 420/560/6 356/651/6
f 6/109/1 415/652/461 348/526/1
f 348/526/24 38/26/24 6/109/24
f 38/26/7 342/525/7 136/27/7
f 464/542/380 237/653/462 455/654/463
f 497/655/464 495/656/464 496/657/465
f 34/364/29 486/658/29 490/659/29
f 335/527/7 425/228/7 336/524/7
f 333/529/24 424/58/24 335/527/24
f 333/529/1 426/660/466 423/1/1
f 422/541/379 441/661/467 237/653/462
f 438/288/5 362/604/5 148/279/5
f 446/576/395 358/559/395 353/662/395
f 445/573/394 357/663/394 355/664/394
f 451/547/382 356/651/382 420/560/382
f 354/568/393 447/563/389 349/665/468
f 347/565/390 444/554/382 352/666/469
f 443/551/384 346/532/384 343/667/384
f 340/668/444 443/551/383 343/667/470
f 449/548/382 420/560/382 358/559/382
f 465/545/381 340/669/441 457/670/443
f 422/541/379 447/533/373 452/535/375
f 450/310/5 184/671/5 362/7/5
f 56/591/412 434/289/162 166/275/162
f 68/358/471 437/244/74 140/90/56
f 166/672/472 429/236/29 72/73/35
f 76/96/59 430/241/29 60/98/61
f 60/98/473 431/240/75 64/80/42
f 64/80/474 432/233/29 80/83/47
f 84/100/65 569/239/29 562/106/71
f 72/73/475 618/673/475 616/674/475
f 80/83/47 436/235/29 84/100/65
f 53/224/476 437/675/154 440/231/154
f 440/676/381 457/670/443 53/677/477
f 427/534/29 491/678/478 492/679/479
f 496/657/480 500/680/481 499/681/482
f 237/653/462 34/364/483 189/339/483
f 426/660/466 455/654/463 338/2/1
f 459/634/456 411/682/484 407/683/485
f 460/640/448 414/647/486 410/637/487
f 411/684/488 462/642/450 412/644/489
f 458/581/446 410/637/487 343/685/446
f 457/635/443 407/683/442 53/686/477
f 415/687/461 454/583/378 339/688/369
f 346/689/490 458/581/400 343/685/491
f 337/690/492 463/557/387 415/687/493
f 145/691/381 465/545/381 440/676/381
f 339/528/369 464/542/380 426/660/466
f 455/654/463 189/339/483 92/340/483
f 416/692/391 351/693/494 350/536/460
f 482/694/495 499/681/496 481/695/497
f 341/696/498 521/697/499 520/698/500
f 471/699/501 470/700/501 469/701/501
f 471/699/501 473/190/502 472/189/501
f 7/702/147 469/701/503 93/703/89
f 93/703/89 470/700/504 95/704/92
f 455/188/135 479/705/505 476/706/505
f 467/707/506 478/708/507 477/709/507
f 95/704/92 471/699/508 94/538/94
f 474/710/509 479/705/509 477/709/509
f 474/711/509 478/708/509 475/712/509
f 473/190/502 477/709/507 479/705/507
f 455/654/510 474/713/510 338/2/510
f 7/702/147 478/708/511 468/714/512
f 338/2/510 475/715/510 7/3/510
f 484/716/513 497/655/5 483/717/513
f 485/718/514 498/719/515 494/720/516
f 441/661/29 493/721/517 486/658/29
f 452/535/29 492/679/479 493/721/517
f 24/722/29 487/723/29 488/724/29
f 21/725/29 490/726/29 487/723/29
f 487/723/518 505/727/518 488/724/518
f 501/728/519 496/657/480 499/681/482
f 482/694/495 511/729/520 513/730/521
f 503/731/522 496/657/465 498/719/523
f 486/732/524 509/733/525 510/734/526
f 481/695/497 512/735/527 511/729/520
f 492/736/479 509/737/528 493/738/517
f 481/695/497 500/680/29 480/739/478
f 494/720/516 501/728/529 482/740/530
f 485/741/531 497/655/531 503/731/531
f 512/742/483 504/743/483 511/744/483
f 513/745/532 504/743/483 506/746/483
f 514/747/533 508/748/376 515/749/376
f 514/747/533 509/737/534 507/750/535
f 516/751/536 510/734/537 509/733/534
f 513/752/532 510/734/537 517/753/538
f 490/726/518 504/743/518 487/723/518
f 483/717/513 515/754/518 484/716/513
f 486/732/524 506/755/539 490/756/539
f 483/717/540 516/757/541 514/758/541
f 494/720/516 516/759/542 485/718/514
f 494/720/516 513/760/543 517/761/544
f 492/736/479 508/748/527 507/750/545
f 466/762/546 518/763/547 519/764/548
f 238/222/155 518/763/549 145/220/153
f 518/765/550 456/766/551 145/767/552
f 521/697/499 344/768/553 520/698/500
f 352/769/554 518/765/550 416/770/555
f 310/771/556 527/772/557 528/773/557
f 42/774/558 527/772/220 309/186/133
f 541/401/6 245/775/6 248/399/6
f 555/776/559 544/405/271 556/409/273
f 554/777/560 543/403/269 555/776/559
f 568/408/561 542/400/266 554/777/560
f 537/778/7 241/211/7 146/779/7
f 311/314/208 536/176/127 120/218/151
f 524/780/208 545/781/220 311/314/208
f 547/782/562 146/110/29 433/243/29
f 535/174/128 553/359/244 552/783/563
f 534/171/122 552/783/564 551/784/565
f 533/172/123 551/784/565 563/62/566
f 70/89/567 532/357/241 68/358/242
f 71/87/568 531/785/569 70/89/570
f 69/84/49 530/786/571 71/87/568
f 39/787/7 126/40/7 124/788/7
f 533/172/27 129/14/27 121/59/27
f 529/39/11 548/66/11 550/101/11
f 36/789/7 39/787/7 124/788/7
f 565/30/7 323/15/7 560/63/7
f 546/790/572 573/791/573 310/771/574
f 132/18/7 565/30/7 560/63/7
f 550/101/11 127/23/575 85/36/9
f 563/62/566 118/168/576 116/50/16
f 551/784/565 119/169/577 118/168/576
f 552/783/563 117/327/243 119/169/578
f 251/406/579 554/777/560 253/393/259
f 253/393/259 555/776/559 254/395/261
f 254/395/261 556/409/273 252/397/263
f 532/357/241 623/792/580 547/782/562
f 539/209/144 556/409/273 544/405/271
f 568/408/6 540/793/6 541/401/6
f 564/387/7 539/209/7 537/778/7
f 545/781/220 553/359/244 536/176/127
f 546/794/220 557/329/220 545/781/220
f 569/239/29 537/795/29 547/782/562
f 531/785/567 562/106/71 532/357/241
f 530/786/571 561/105/581 531/785/569
f 529/39/582 549/102/68 530/786/571
f 559/29/7 322/41/7 39/787/7
f 563/62/27 323/15/27 533/172/27
f 565/30/7 39/787/7 538/13/7
f 528/773/583 546/790/572 310/771/574
f 571/796/584 527/797/585 526/798/584
f 522/207/142 571/799/586 523/206/142
f 570/800/587 528/801/588 527/797/585
f 525/356/238 570/802/589 522/207/142
f 573/791/573 324/187/134 309/186/133
f 573/791/573 309/186/133 310/771/556
f 574/803/367 585/804/220 579/805/367
f 576/806/590 579/805/367 580/807/591
f 577/808/233 580/807/591 581/809/233
f 578/810/592 581/809/233 582/811/592
f 580/807/591 584/812/367 587/813/211
f 587/813/211 583/317/367 589/814/211
f 584/812/367 588/178/220 583/317/367
f 579/805/367 586/815/220 584/812/367
f 320/816/593 578/810/593 582/811/593
f 203/817/141 588/818/141 586/204/141
f 314/819/368 587/820/368 313/520/368
f 35/821/6 578/822/6 37/823/6
f 317/824/594 582/825/595 581/351/232
f 31/518/6 577/826/6 35/821/6
f 217/827/596 591/828/597 218/829/598
f 593/830/599 599/831/600 598/832/601
f 597/470/602 600/833/603 601/834/604
f 604/434/605 602/462/606 603/448/607
f 608/454/608 613/835/609 609/836/610
f 610/837/611 615/838/612 611/839/613
f 594/840/614 606/461/615 595/460/614
f 290/445/616 609/836/616 613/835/616
f 308/436/617 217/827/617 218/829/617
f 280/456/618 605/841/618 287/433/618
f 307/438/619 598/832/619 303/444/619
f 289/503/620 614/842/620 610/837/620
f 306/441/621 590/843/621 217/827/621
f 301/506/622 598/832/622 599/831/622
f 283/844/623 614/842/623 281/499/623
f 299/845/624 590/843/624 297/509/624
f 301/506/625 592/846/625 305/440/625
f 283/844/626 611/839/626 615/838/626
f 299/845/627 218/829/627 591/828/627
f 296/451/628 601/834/628 600/833/628
f 277/459/629 607/847/629 279/468/629
f 302/443/630 601/834/630 294/504/630
f 286/492/631 608/454/631 609/836/631
f 296/451/632 596/848/632 304/442/632
f 305/440/633 593/830/633 307/438/633
f 298/490/634 594/840/634 595/460/634
f 291/458/635 610/837/635 611/839/635
f 300/469/636 607/847/636 594/840/636
f 616/674/29 619/849/637 617/850/638
f 620/851/29 623/792/580 621/852/639
f 76/96/59 619/849/637 435/237/161
f 429/236/640 619/849/640 618/673/640
f 569/239/640 623/792/640 622/853/640
f 72/73/641 617/850/641 76/96/641
f 562/106/642 622/853/642 620/851/642
f 562/106/641 621/852/641 532/357/641
f 625/104/33 627/854/33 626/855/33
f 630/856/643 628/95/644 631/94/645
f 86/93/646 629/857/646 87/99/646
f 78/97/647 626/855/647 627/854/647
f 549/102/68 631/94/645 561/105/581
f 87/99/648 630/856/648 549/102/648
f 74/71/649 627/854/649 624/103/649
f 75/68/650 626/855/650 79/91/650
f 632/858/7 639/859/651 638/860/652
f 636/861/653 685/862/654 682/863/655
f 632/858/7 638/860/652 643/864/656
f 632/858/7 643/864/656 645/484/657
f 632/858/7 645/484/657 642/865/658
f 633/866/659 641/867/660 648/868/661
f 634/869/662 640/870/663 650/871/664
f 635/872/665 644/873/666 652/874/667
f 636/861/668 646/875/669 654/876/670
f 637/877/671 647/878/672 656/879/673
f 633/866/659 648/868/661 651/880/674
f 634/869/662 650/871/664 653/881/675
f 635/872/665 652/874/667 655/882/676
f 636/861/668 654/876/670 657/883/677
f 637/877/671 656/879/673 649/884/678
f 656/879/673 647/878/672 657/883/677
f 647/878/672 636/861/668 657/883/677
f 654/876/670 646/875/669 655/882/676
f 646/875/669 635/872/665 655/882/676
f 652/874/667 644/873/666 653/881/675
f 644/873/666 634/869/662 653/881/675
f 650/871/664 640/870/663 651/880/674
f 640/870/663 633/866/659 651/880/674
f 648/868/661 641/867/660 649/884/678
f 641/867/660 637/877/671 649/884/678
f 635/872/679 679/885/680 644/886/679
f 642/865/658 645/484/657 647/878/681
f 270/430/294 658/887/29 660/888/29
f 662/889/682 688/890/683 664/891/682
f 645/484/657 643/864/656 646/875/684
f 265/425/289 660/888/29 661/892/29
f 642/893/685 683/894/686 677/895/686
f 643/864/656 638/860/652 644/873/666
f 638/860/652 634/869/662 644/873/666
f 641/867/660 642/865/687 637/877/671
f 643/864/29 665/896/29 666/897/29
f 639/859/651 632/858/7 642/865/658
f 195/323/29 661/892/29 659/898/29
f 638/860/652 639/859/651 640/870/663
f 639/859/651 633/866/659 640/870/663
f 660/888/688 659/898/688 661/892/688
f 668/486/689 667/485/689 670/899/689
f 666/897/690 665/896/690 669/900/690
f 671/901/691 673/902/691 672/903/691
f 635/872/692 684/904/693 680/905/694
f 642/865/29 671/901/29 672/903/29
f 634/869/662 664/906/29 663/907/29
f 647/878/29 668/486/29 670/899/29
f 641/867/29 673/902/29 671/901/29
f 635/872/29 669/900/29 665/896/29
f 639/859/29 672/903/29 673/902/29
f 636/861/29 670/899/29 667/485/29
f 640/870/663 663/907/29 662/908/29
f 638/860/29 662/908/29 664/906/29
f 646/875/29 666/897/29 669/900/29
f 194/325/29 659/898/29 658/887/29
f 679/909/695 699/910/696 684/904/695
f 678/911/697 692/912/698 693/913/698
f 681/914/699 700/915/700 685/916/699
f 675/917/701 691/918/702 676/919/703
f 683/894/686 692/920/704 677/895/686
f 636/861/705 681/914/706 646/921/705
f 641/867/707 674/922/708 639/859/707
f 633/923/709 674/922/710 675/917/711
f 645/924/712 681/914/699 685/916/699
f 637/925/713 683/894/714 647/926/713
f 663/927/715 686/928/716 662/929/715
f 633/923/717 676/919/703 641/930/717
f 663/927/718 688/890/719 687/931/720
f 637/925/721 677/932/722 678/911/697
f 643/864/723 679/909/695 684/904/695
f 690/933/724 689/934/724 691/935/724
f 692/936/725 698/937/725 693/913/725
f 700/938/726 696/939/726 697/940/726
f 699/910/727 694/941/727 695/942/727
f 703/943/728 701/944/728 702/945/728
f 680/905/729 694/946/730 679/885/680
f 676/947/708 689/934/731 674/922/708
f 682/863/732 696/939/733 681/914/706
f 687/931/734 701/948/735 686/928/716
f 678/911/736 698/937/737 683/894/714
f 687/931/720 703/943/738 702/945/738
f 680/905/694 699/910/739 695/942/739
f 688/890/683 701/949/740 703/943/740
f 682/863/655 700/950/741 697/940/741
f 675/917/711 689/934/742 690/933/742
f 1084/1/1 1002/2/1 1087/660/743
f 852/5/744 1026/4/745 1027/6/746
f 16/8/5 1025/7/5 363/9/5
f 1023/10/7 859/11/7 853/951/7
f 810/14/6 1182/13/6 987/15/6
f 812/16/6 719/17/6 716/28/6
f 815/19/6 810/20/6 730/60/6
f 808/23/6 717/22/6 718/24/6
f 814/25/6 816/27/6 724/26/6
f 718/24/6 716/28/6 719/17/6
f 1201/29/6 719/17/6 1207/30/6
f 1000/32/6 1006/31/6 723/21/6
f 873/34/8 993/33/8 992/35/8
f 809/37/747 768/36/748 764/38/747
f 1173/39/749 807/40/749 752/84/749
f 728/42/750 806/43/751 734/45/751
f 807/46/752 734/45/752 752/47/752
f 1024/12/7 711/48/7 859/11/7
f 798/50/753 812/16/754 794/164/755
f 96/51/19 735/52/20 740/195/20
f 980/55/756 984/54/21 983/56/757
f 1084/1/758 726/57/759 706/3/760
f 730/60/761 803/59/761 821/61/761
f 1205/62/762 813/18/762 798/50/762
f 733/64/28 902/65/29 727/952/29
f 1190/66/6 718/24/6 1201/29/6
f 758/68/763 841/67/764 756/69/765
f 757/71/766 842/70/766 758/68/766
f 755/73/767 843/72/768 757/71/768
f 750/75/769 744/74/770 748/76/771
f 749/78/772 746/77/773 750/75/769
f 747/80/774 745/79/775 749/78/772
f 766/81/776 748/76/771 764/38/777
f 765/82/778 750/75/769 766/81/776
f 763/83/779 749/78/780 765/82/781
f 818/85/782 752/84/783 817/86/784
f 819/88/785 754/87/786 818/85/787
f 820/90/788 753/89/789 819/88/790
f 762/91/763 756/69/765 760/92/765
f 769/93/791 1265/94/791 1203/105/791
f 759/96/792 757/71/768 761/97/768
f 744/74/770 762/91/763 760/92/765
f 746/77/773 761/97/766 762/91/766
f 745/79/768 759/96/792 761/97/768
f 770/99/793 764/38/777 768/36/794
f 769/93/795 766/81/776 770/99/793
f 767/100/796 765/82/781 769/93/797
f 1192/101/798 770/99/793 768/36/794
f 1259/104/799 757/71/799 758/68/799
f 1203/105/800 767/100/796 769/93/797
f 1001/108/72 737/107/72 705/109/72
f 47/111/74 826/110/73 834/112/74
f 712/113/29 904/114/29 710/953/28
f 756/69/765 707/116/6 709/133/6
f 22/118/29 845/117/29 827/119/29
f 1/121/29 830/120/29 829/122/29
f 760/92/765 721/123/6 744/74/770
f 4/124/75 829/122/75 831/125/75
f 748/76/771 721/123/6 729/361/6
f 40/126/29 831/125/29 832/127/29
f 239/129/76 826/128/73 5/130/77
f 96/51/19 708/131/801 172/132/79
f 709/133/6 760/92/765 756/69/765
f 27/135/29 827/119/29 830/120/29
f 810/136/802 728/42/750 803/137/802
f 846/139/803 771/138/804 847/140/805
f 848/142/806 773/141/807 846/139/808
f 849/144/809 774/143/810 848/142/806
f 822/146/811 776/145/812 821/147/813
f 823/149/814 778/148/815 822/146/811
f 824/151/816 777/150/817 823/149/814
f 773/141/807 782/152/818 771/138/804
f 774/143/810 784/153/819 773/141/807
f 772/155/820 785/154/821 774/143/810
f 784/153/819 787/156/822 782/152/818
f 785/154/823 789/157/824 784/153/819
f 783/159/825 788/158/826 785/154/821
f 787/156/822 792/160/827 790/165/828
f 789/157/824 793/161/829 792/160/827
f 788/158/830 791/162/831 793/161/829
f 792/160/827 794/164/755 790/165/828
f 793/161/829 796/166/832 792/160/827
f 791/162/833 797/167/834 793/161/835
f 796/166/832 798/50/753 794/164/755
f 797/167/836 800/168/837 796/166/838
f 795/170/839 801/169/840 797/167/836
f 1178/171/841 803/59/842 1177/172/843
f 1179/174/844 805/173/845 1178/171/841
f 1180/176/846 804/175/847 1179/174/848
f 1222/178/849 892/177/850 875/179/849
f 874/181/131 20/180/131 889/182/131
f 713/183/6 847/140/805 771/138/804
f 713/183/6 782/152/818 712/184/6
f 973/186/851 134/185/132 988/187/852
f 1115/188/853 1131/189/854 775/954/855
f 907/192/7 732/191/7 864/193/7
f 853/194/856 740/195/857 735/52/858
f 782/152/818 720/197/6 712/184/6
f 575/199/141 889/198/141 20/200/141
f 720/197/6 790/165/828 731/955/6
f 889/198/141 1220/204/141 876/817/141
f 984/54/21 523/206/142 1168/207/142
f 817/208/784 724/26/859 705/109/860
f 914/210/861 1183/209/862 911/211/863
f 706/3/760 811/212/864 776/145/812
f 752/84/859 814/213/859 817/86/784
f 988/187/852 24/215/865 715/216/150
f 802/218/866 823/217/814 804/175/847
f 804/175/867 822/219/811 805/173/845
f 805/173/845 821/61/813 803/59/842
f 825/220/153 47/221/154 834/232/154
f 736/224/868 819/223/785 738/225/869
f 738/225/869 818/226/787 737/107/870
f 737/107/871 817/208/784 705/109/860
f 811/212/761 821/147/761 776/145/761
f 1085/58/6 815/227/6 726/57/6
f 806/229/6 814/213/6 807/214/6
f 726/57/6 730/230/6 811/212/6
f 1100/231/154 834/232/154 1097/675/154
f 833/234/29 1092/233/29 1096/235/29
f 830/120/29 1089/236/29 1095/237/161
f 1206/238/29 1096/235/29 1209/239/29
f 832/127/29 1091/240/29 1092/233/29
f 831/125/75 1090/241/75 1091/240/75
f 829/122/29 1095/237/161 1090/241/29
f 827/119/29 1094/242/29 1089/236/29
f 834/112/74 1093/243/74 1097/244/74
f 996/245/8 861/956/8 852/247/8
f 1099/957/162 857/958/162 714/249/162
f 836/251/872 707/252/873 835/272/874
f 176/255/167 850/254/875 174/256/168
f 710/257/169 836/251/872 837/258/876
f 176/259/171 852/247/877 851/959/878
f 712/261/174 837/258/876 838/262/174
f 12/263/175 708/131/879 711/960/880
f 713/264/881 838/262/882 839/265/883
f 174/256/20 735/52/20 125/53/20
f 840/266/884 713/264/881 839/265/883
f 12/268/175 714/249/885 18/269/184
f 841/271/162 742/270/886 835/272/887
f 842/274/162 741/273/888 742/270/886
f 741/273/888 844/275/162 739/591/889
f 835/272/887 707/252/162 841/271/162
f 845/278/162 155/277/188 828/279/189
f 780/280/8 847/267/8 840/266/8
f 781/282/8 846/281/8 780/280/8
f 849/284/8 781/282/8 779/285/8
f 863/286/8 779/285/8 993/33/8
f 851/287/890 735/52/858 850/254/891
f 1098/288/162 845/278/162 828/279/189
f 998/290/7 852/5/744 1027/6/746
f 858/293/892 1028/292/893 1026/4/745
f 860/295/894 1030/294/895 1028/292/894
f 854/297/896 704/296/897 1031/298/896
f 994/300/29 370/299/29 1035/301/29
f 855/302/898 1031/298/899 1032/303/900
f 704/304/897 836/251/7 835/272/7
f 859/196/901 708/131/902 740/195/857
f 856/307/903 1032/303/900 1033/308/904
f 1099/309/5 1033/308/904 1110/310/5
f 1061/312/905 998/311/906 839/265/905
f 975/314/208 989/313/207 990/315/207
f 1217/317/907 976/316/908 892/177/850
f 783/159/825 976/318/211 786/163/909
f 976/318/910 980/55/911 979/319/912
f 710/320/28 903/64/29 733/961/28
f 727/321/29 901/115/29 712/481/29
f 872/322/6 868/323/6 871/330/6
f 865/324/6 867/325/6 868/323/6
f 795/170/839 985/326/913 799/327/914
f 985/326/219 1200/328/915 1199/329/220
f 727/321/916 871/330/916 733/961/916
f 880/332/917 881/331/918 877/333/919
f 886/335/6 887/334/6 883/336/6
f 1211/337/920 988/187/852 715/216/921
f 824/151/816 862/339/207 775/340/922
f 874/341/8 992/35/8 991/342/8
f 26/343/8 991/342/8 163/344/8
f 996/346/29 1034/345/29 909/347/29
f 861/348/923 909/347/29 1030/294/895
f 802/218/866 990/315/207 824/349/816
f 978/350/924 1215/351/925 981/824/926
f 977/354/234 981/353/233 980/55/756
f 786/163/927 979/319/912 791/162/831
f 982/355/928 980/55/756 983/56/757
f 791/162/833 982/355/928 795/170/929
f 983/56/757 1168/207/142 1170/356/930
f 985/326/219 983/56/757 1170/356/930
f 1093/243/29 1176/357/931 751/358/932
f 799/327/933 1199/329/220 1195/359/934
f 748/76/771 729/361/6 878/360/6
f 809/37/935 764/38/936 879/362/937
f 884/363/938 717/22/939 877/333/919
f 990/365/207 722/364/207 862/339/207
f 812/16/754 885/366/940 886/335/941
f 794/164/755 886/335/6 883/336/6
f 995/367/29 1035/301/29 1034/345/29
f 900/494/6 899/500/6 896/505/6
f 901/115/174 732/371/174 869/372/174
f 903/64/174 870/373/174 864/374/174
f 870/373/174 901/115/174 869/372/174
f 902/65/174 864/374/174 732/371/174
f 906/376/252 908/375/252 905/377/252
f 908/375/253 864/378/253 870/379/253
f 869/380/6 908/375/6 870/962/6
f 732/381/254 905/377/254 869/963/254
f 879/362/6 882/382/6 881/331/6
f 885/366/940 888/383/942 886/335/941
f 913/385/257 40/384/257 832/386/257
f 1206/387/6 912/388/6 833/390/6
f 833/390/6 913/391/6 832/964/6
f 255/392/943 918/393/944 251/406/945
f 921/394/946 919/395/947 918/393/944
f 922/396/948 917/397/949 919/395/947
f 1184/400/950 248/399/951 541/401/952
f 1185/403/953 916/402/954 1184/400/950
f 1186/405/955 915/404/956 1185/403/953
f 1208/389/957 917/397/949 912/388/958
f 914/965/959 911/966/960 239/129/76
f 912/388/958 920/398/961 913/391/962
f 246/967/963 240/415/279 921/968/946
f 923/416/964 925/418/965 926/417/966
f 926/417/966 925/418/965 927/419/967
f 927/419/967 925/418/965 924/420/968
f 928/421/969 930/423/970 931/422/971
f 931/422/971 930/423/970 932/424/972
f 932/424/972 930/423/970 929/425/973
f 923/416/964 939/426/974 937/476/975
f 926/417/966 940/427/976 939/426/974
f 927/419/967 938/428/977 940/427/976
f 936/429/978 929/425/973 934/430/979
f 935/431/980 932/424/972 936/429/978
f 933/432/981 931/422/971 935/431/980
f 1238/434/982 951/433/982 949/435/982
f 972/436/983 964/437/984 963/845/985
f 971/438/986 962/439/987 964/437/984
f 968/442/988 970/441/989 966/443/990
f 967/444/991 972/436/983 968/442/988
f 1246/446/992 954/445/992 956/447/992
f 1237/448/993 949/435/993 942/449/993
f 959/450/994 968/442/988 960/451/995
f 957/452/996 967/444/991 959/450/994
f 952/453/997 1246/446/997 956/447/997
f 943/455/998 951/433/999 944/456/1000
f 941/457/1001 952/453/1002 943/455/998
f 949/435/1003 955/458/1004 953/503/1005
f 951/433/999 956/447/1006 955/458/1004
f 941/459/1007 1229/460/1007 962/490/1007
f 944/456/1008 1237/448/1008 942/449/1008
f 955/458/1004 948/463/1009 947/844/1010
f 956/447/1006 946/464/1011 948/463/1009
f 961/465/1012 944/466/1000 942/496/1013
f 963/467/985 943/468/998 944/466/1000
f 1231/470/1014 968/442/1014 966/443/1014
f 945/471/1015 936/429/978 934/430/979
f 947/472/1010 935/431/980 936/429/978
f 948/473/1009 933/432/981 935/431/980
f 939/426/974 958/475/1016 937/476/975
f 940/427/976 960/477/995 939/426/974
f 938/428/977 959/478/994 940/427/976
f 938/428/977 720/479/333 731/480/334
f 937/476/975 865/324/1017 923/416/964
f 872/322/1018 727/321/1018 925/418/965
f 925/418/965 727/321/338 712/481/338
f 930/423/970 928/421/969 721/482/339
f 868/323/1019 929/425/973 930/423/970
f 928/421/969 729/483/341 721/482/339
f 1279/484/29 1291/485/29 1270/861/29
f 729/483/341 946/474/1011 878/969/1020
f 934/430/979 897/370/1021 945/471/1015
f 957/487/996 731/480/334 883/488/1022
f 894/368/1023 937/476/975 958/475/1016
f 877/489/1024 962/490/987 884/970/1025
f 877/491/1024 950/492/1026 941/457/1001
f 900/494/1027 942/449/1013 949/435/1003
f 942/496/1013 893/497/1028 961/465/1012
f 899/500/1029 945/499/1015 897/370/1021
f 878/501/1020 954/445/1030 882/502/1031
f 882/502/1031 950/492/1032 881/493/1033
f 900/494/1027 953/503/1005 899/500/1029
f 958/504/1016 896/505/1034 894/368/1023
f 965/506/1035 883/507/1022 887/511/1036
f 961/509/1012 895/508/1037 970/441/989
f 969/440/1038 884/510/1025 962/439/987
f 966/443/990 895/508/1037 896/505/1034
f 969/440/1039 887/511/1036 888/971/1040
f 1169/512/1041 1211/337/920 989/338/1042
f 849/144/809 875/513/366 772/155/820
f 863/515/131 876/514/131 875/513/366
f 873/516/131 889/182/131 876/514/131
f 772/155/820 892/517/367 783/159/825
f 1223/521/368 977/520/368 976/522/368
f 1009/523/6 1000/524/6 999/527/6
f 1012/526/758 999/527/758 997/529/758
f 1012/526/1 1003/528/1043 1076/652/1044
f 1016/530/1045 1080/531/1046 1078/569/1046
f 1088/534/1047 1107/533/1048 1112/535/1049
f 428/537/376 1014/536/376 1088/534/1047
f 1131/189/1050 777/538/817 775/539/922
f 1083/541/1051 1114/540/1052 1124/542/1053
f 1102/544/381 1116/543/381 1125/545/381
f 1109/548/382 1082/570/382 1022/546/382
f 1103/551/383 1008/550/383 1166/549/383
f 1022/546/6 1079/552/6 1011/553/6
f 1104/554/384 1008/550/384 1103/551/384
f 1113/555/1054 1080/556/1055 1010/689/1056
f 1081/560/7 1016/972/7 1078/558/7
f 1104/554/382 1016/530/1045 1106/561/382
f 1107/563/389 1018/562/1057 1105/564/389
f 1077/566/1058 1011/565/1059 1079/567/1060
f 1080/531/1046 1017/568/1061 1078/569/1046
f 1108/571/382 1082/570/382 1111/547/382
f 1108/571/394 1017/572/394 1105/573/394
f 1082/570/6 1018/574/6 1079/552/6
f 1109/548/395 1011/575/395 1106/576/395
f 738/577/1062 1068/578/1063 736/973/1062
f 1113/555/1054 738/580/1064 1001/690/1065
f 1123/557/1066 1013/582/1067 1080/556/1055
f 1027/584/1068 1050/585/1068 840/266/1068
f 1035/587/404 1054/588/404 1034/620/404
f 909/590/29 992/35/29 993/33/29
f 851/291/7 1023/10/7 853/951/7
f 1110/592/5 739/591/5 1098/288/5
f 1033/593/1069 1037/594/1069 739/591/1069
f 714/596/1070 1029/49/7 704/296/897
f 1032/597/900 742/270/899 741/273/899
f 1035/587/29 163/344/29 991/342/29
f 704/304/1071 1058/598/1071 1031/624/1071
f 1028/600/894 779/285/894 781/282/894
f 1026/601/745 781/282/893 780/280/893
f 839/265/7 1027/584/746 840/266/7
f 1042/602/1072 1029/305/1072 1024/603/1072
f 838/262/7 1024/603/7 1023/628/7
f 1025/604/409 1066/605/409 363/631/409
f 1053/607/1073 779/285/1073 1030/608/1073
f 1039/595/1074 1036/609/1074 1037/594/1074
f 739/591/889 1036/609/1075 741/273/888
f 1038/610/1076 1033/593/1076 1032/597/1076
f 1036/609/1077 1032/597/1077 741/273/1077
f 1041/611/7 1043/612/7 1042/602/7
f 1043/612/1078 836/251/1078 1029/305/1078
f 836/251/872 1041/611/1079 837/258/876
f 837/258/1080 1042/602/1080 1024/603/1080
f 1054/588/29 1046/614/29 1047/615/29
f 1053/607/29 1044/616/29 1048/617/29
f 1052/586/1081 1049/618/1081 1050/585/1081
f 909/590/420 1053/607/420 1030/608/420
f 840/266/1082 1049/618/1082 780/280/1082
f 1034/620/1083 1047/615/1083 992/35/1083
f 993/33/1084 1045/619/1084 909/590/1084
f 1048/617/424 993/33/424 779/285/424
f 1047/615/425 991/342/425 992/35/425
f 1051/621/1085 1027/584/1085 1026/601/1085
f 1046/614/1086 1035/587/1086 991/342/1086
f 1049/618/1087 1026/601/1087 780/280/1087
f 1058/598/896 1056/622/896 1059/623/896
f 1056/622/1088 704/304/1089 835/272/1089
f 1059/623/1090 835/272/887 742/270/886
f 1031/624/1091 1059/623/1091 742/270/1091
f 1062/625/7 1060/626/7 1063/627/7
f 1063/627/1092 838/262/882 1023/628/1092
f 1060/626/1093 839/265/883 838/262/882
f 998/311/906 1063/627/1094 1023/628/1094
f 1066/605/5 1064/629/5 1065/630/5
f 1065/630/437 828/279/189 155/277/188
f 1064/629/1095 1025/604/1095 828/279/1095
f 363/631/1096 1065/630/1096 155/277/1096
f 1073/632/1097 1068/578/1063 1069/579/1098
f 1119/634/1099 1004/633/1100 1117/635/1101
f 1004/636/1102 1071/637/1103 1007/685/1104
f 1118/581/1105 1069/639/1106 738/580/1105
f 1122/642/1107 1074/641/1108 1121/643/1109
f 1120/640/1110 1073/644/1111 1069/639/1106
f 1121/646/1112 1070/645/1113 1119/634/1114
f 1070/638/1115 1075/647/1116 1071/637/1117
f 1018/562/1057 1077/566/1058 1079/567/1060
f 1017/650/7 1081/560/7 1078/558/7
f 705/109/1 1076/652/1044 1001/108/1
f 724/26/758 1012/526/758 705/109/758
f 724/26/6 1006/525/6 1009/523/6
f 910/653/1118 1124/542/1053 1115/654/1119
f 495/656/464 1150/655/464 1149/657/1120
f 722/364/29 1143/658/29 1101/661/29
f 999/527/6 1086/228/6 1085/58/6
f 997/529/758 1085/58/758 1084/1/758
f 997/529/1 1087/660/743 1003/528/1043
f 1101/661/1121 1083/541/1051 910/653/1118
f 1025/604/5 1098/288/5 828/279/5
f 1021/559/395 1106/576/395 1016/662/395
f 1020/663/394 1105/573/394 1018/664/394
f 1019/651/382 1111/547/382 1081/560/382
f 1017/568/1061 1107/563/389 1105/564/389
f 1011/565/1059 1104/554/382 1106/561/382
f 1010/532/384 1103/551/384 1007/667/384
f 1004/668/1102 1103/551/383 1102/974/383
f 1021/559/382 1111/547/382 1109/548/382
f 1004/669/1100 1125/545/381 1117/670/1101
f 1083/541/1051 1107/533/1048 1013/975/1122
f 857/671/5 1110/310/5 1025/7/5
f 739/591/889 1094/289/162 1098/288/162
f 1097/244/74 751/358/1123 820/90/788
f 1089/236/29 844/672/1124 755/73/767
f 1090/241/29 759/96/792 743/98/1125
f 1091/240/75 743/98/1126 747/80/774
f 1092/233/29 747/80/1127 763/83/779
f 1209/239/29 767/100/796 1204/106/1128
f 755/73/475 1252/673/475 1089/236/475
f 1096/235/29 763/83/779 767/100/796
f 736/224/1129 1097/675/154 820/976/1130
f 1117/670/1101 1100/676/381 736/677/1131
f 1088/534/29 491/678/478 428/537/29
f 500/680/481 1149/657/1132 1152/681/1133
f 722/364/483 910/653/1118 862/339/483
f 1115/654/1119 1087/660/743 1002/2/1
f 1072/682/1134 1119/634/1114 1068/683/1135
f 1075/647/1136 1120/640/1110 1071/637/1137
f 1072/684/1138 1122/642/1107 1121/643/1109
f 1071/637/1137 1118/581/1105 1007/685/1105
f 1068/683/1099 1117/635/1101 736/686/1131
f 1076/687/1139 1114/583/1140 1123/557/1066
f 1010/689/1056 1118/581/1141 1113/555/1054
f 1001/690/1065 1123/557/1066 1113/555/1054
f 1125/545/381 825/691/381 1100/676/381
f 1124/542/1053 1003/528/1043 1087/660/743
f 862/339/483 1115/654/1119 775/340/483
f 1077/692/1058 351/693/494 466/762/1142
f 1152/681/1143 1140/694/1144 1139/695/1145
f 1005/696/1146 1167/697/1147 1116/766/1148
f 1128/701/501 1130/699/501 1126/707/506
f 1130/699/501 1132/190/502 1126/707/506
f 1128/701/1149 706/702/760 776/703/812
f 1129/700/1150 776/703/812 778/704/815
f 1115/188/853 1138/705/1151 1132/190/1152
f 1126/707/506 1137/708/507 1127/714/1153
f 1130/699/1154 778/704/815 777/538/817
f 1133/710/509 1138/705/509 1135/706/1155
f 1137/708/509 1133/711/509 1134/712/509
f 1132/190/502 1136/709/507 1126/707/506
f 1133/713/510 1115/654/510 1002/2/510
f 1137/708/1156 706/702/760 1127/714/1157
f 1134/715/510 1002/2/510 706/3/510
f 1150/655/5 484/716/513 1141/717/513
f 1151/719/1158 1142/718/1159 1148/720/1160
f 1101/661/29 1147/721/1161 1112/535/29
f 1112/535/29 1146/679/1162 1088/534/29
f 24/722/29 1144/723/29 715/977/29
f 715/725/29 1145/726/29 722/978/29
f 505/727/518 1144/723/518 488/724/518
f 1153/728/1163 1149/657/1132 1151/719/1164
f 1140/694/1144 1160/729/1165 1139/695/1145
f 1149/657/1120 1154/731/1166 1151/719/1167
f 1143/732/1168 1158/733/1169 1147/979/1169
f 1139/695/1145 512/735/527 480/739/478
f 1158/737/1170 1146/736/1162 1147/738/1161
f 500/680/29 1139/695/1145 480/739/478
f 1153/728/1171 1148/720/1160 1140/740/1172
f 1142/741/1173 1150/655/1174 1141/717/1175
f 1155/743/483 512/742/483 1160/744/483
f 1161/745/1176 1155/743/483 1160/744/483
f 508/748/376 1162/747/1177 515/749/376
f 1162/747/1177 1158/737/1178 1163/980/1179
f 1163/751/1179 1159/734/1180 1164/753/1181
f 1159/734/1180 1161/752/1176 1164/753/1181
f 1155/743/518 1145/726/518 1144/723/518
f 515/754/518 1141/717/513 484/716/513
f 1156/755/1182 1143/732/1168 1145/756/1182
f 1141/717/1175 1163/757/1183 1142/741/1173
f 1163/759/1184 1148/720/1160 1142/718/1159
f 1148/720/1160 1161/760/1185 1140/740/1172
f 1146/736/1162 508/748/527 491/981/478
f 466/762/546 1165/763/1186 1077/692/1187
f 238/222/155 1165/763/1188 519/764/1189
f 1116/766/1148 1165/765/1190 825/767/1191
f 1008/768/1192 1167/697/1147 1166/698/1193
f 1165/765/1190 1015/769/1194 1077/770/1195
f 974/771/1196 1171/772/1197 973/186/851
f 1171/772/220 42/774/558 973/186/851
f 1197/776/1198 1186/405/955 1185/403/953
f 1196/777/1199 1185/403/953 1184/400/950
f 568/408/1200 1184/400/950 541/401/952
f 911/211/6 1181/778/6 826/779/6
f 1180/176/846 975/314/208 802/218/866
f 1187/781/220 1169/780/208 975/314/208
f 826/110/29 1189/782/562 1093/243/29
f 1195/359/934 1179/174/848 1194/783/1201
f 1194/783/1202 1178/171/841 1193/784/1203
f 1193/784/1203 1177/172/843 1205/62/1204
f 753/89/1205 1176/357/931 1175/785/1205
f 754/87/1206 1175/785/1207 1174/786/1208
f 752/84/783 1174/786/1208 1173/39/1209
f 807/40/6 725/787/6 806/788/6
f 810/14/762 1177/172/762 803/59/762
f 1190/66/749 1173/39/749 1192/101/749
f 723/789/6 725/787/6 1182/13/6
f 987/15/6 1207/30/6 1202/63/6
f 1212/791/1210 1188/790/1211 974/771/1212
f 813/18/6 1207/30/6 719/17/6
f 808/23/1213 1192/101/749 768/36/748
f 800/168/1214 1205/62/1204 798/50/753
f 801/169/1215 1193/784/1203 800/168/1214
f 799/327/933 1194/783/1201 801/169/1216
f 251/406/945 1196/777/1199 568/408/1200
f 918/393/944 1197/776/1198 1196/777/1199
f 919/395/947 1198/409/1217 1197/776/1198
f 1257/792/580 1176/357/931 1189/782/562
f 1183/209/862 1198/409/1217 1208/389/957
f 1183/209/6 1206/387/6 1181/778/6
f 1195/359/934 1187/781/220 1180/176/846
f 1199/329/220 1188/794/220 1187/781/220
f 1181/795/29 1209/239/29 1189/782/562
f 1175/785/1205 1204/106/1128 1203/105/800
f 1174/786/1208 1203/105/1218 1191/102/1219
f 1173/39/1209 1191/102/1219 1192/101/798
f 986/41/6 1201/29/6 725/787/6
f 987/15/762 1205/62/762 1177/172/762
f 725/787/6 1207/30/6 1182/13/6
f 1172/773/1220 1188/790/1211 1200/982/1220
f 571/796/584 1171/797/1221 1210/800/1222
f 571/799/586 1168/207/142 523/206/142
f 1172/801/1223 1210/800/1222 1171/797/1221
f 1210/802/1224 1170/356/930 1168/207/142
f 1212/791/1210 988/187/852 1211/337/920
f 1212/791/1210 974/771/1196 973/186/851
f 1219/804/220 574/803/367 1213/805/367
f 1213/805/367 576/806/590 1214/807/591
f 1214/807/591 577/808/233 1215/809/233
f 1215/809/233 578/810/592 1216/811/592
f 1218/812/367 1214/807/591 1221/813/211
f 1217/317/367 1221/813/211 1223/814/211
f 1222/178/220 1218/812/367 1217/317/367
f 1218/812/367 1219/804/220 1213/805/367
f 984/816/593 578/810/593 37/983/593
f 876/817/141 1222/818/141 875/984/141
f 1221/820/368 978/819/368 977/520/368
f 981/824/926 1216/825/1225 984/985/1225
f 890/827/1226 1225/828/1227 1224/843/1228
f 1233/831/1229 1227/830/1230 1232/832/1231
f 1234/833/1232 1231/470/1233 1235/834/1234
f 1236/462/1235 1238/434/1236 1237/448/1237
f 1242/454/1238 1247/835/1239 1246/446/1240
f 1244/837/1241 1249/838/1242 1248/842/1243
f 1228/840/1244 1240/461/1245 1241/847/1245
f 954/445/1246 1243/836/1246 950/492/1246
f 972/436/1247 890/827/1247 970/441/1247
f 1239/841/1248 944/456/1248 951/433/1248
f 1232/832/1249 971/438/1249 967/444/1249
f 953/503/1250 1248/842/1250 945/499/1250
f 970/441/1251 1224/843/1251 961/509/1251
f 965/506/1252 1232/832/1252 967/444/1252
f 1248/842/1253 947/844/1253 945/499/1253
f 1224/843/1254 963/845/1254 961/509/1254
f 1226/846/1255 965/506/1255 969/440/1255
f 947/844/1256 1245/839/1256 955/458/1256
f 963/845/1257 891/829/1257 972/436/1257
f 960/451/1258 1235/834/1258 958/504/1258
f 1241/847/1259 941/459/1259 943/468/1259
f 1235/834/1260 966/443/1260 958/504/1260
f 950/492/1261 1242/454/1261 952/453/1261
f 1230/848/1262 960/451/1262 968/442/1262
f 1227/830/1263 969/440/1263 971/438/1263
f 962/490/1264 1228/840/1264 964/469/1264
f 955/458/1265 1244/837/1265 953/503/1265
f 964/469/1266 1241/847/1266 943/468/1266
f 1253/849/637 1250/674/29 1251/850/638
f 1257/792/580 1254/851/29 1255/852/639
f 1253/849/637 759/96/792 1095/237/161
f 1089/236/1267 1253/849/1267 1095/237/1267
f 1209/239/1267 1257/792/1267 1189/782/1267
f 1251/850/1268 755/73/1268 759/96/1268
f 1204/106/642 1256/853/642 1209/239/642
f 1255/852/1268 1204/106/1268 1176/357/1268
f 1261/854/766 1259/104/766 1260/855/766
f 1264/856/1269 1262/95/1270 1263/857/1271
f 1263/857/1272 769/93/1272 770/99/1272
f 761/97/1273 1260/855/1273 762/91/1273
f 1265/94/1274 1191/102/1219 1203/105/1218
f 1264/856/1275 770/99/1275 1191/102/1275
f 757/71/1276 1261/854/1276 761/97/1276
f 1260/855/1277 758/68/1277 762/91/1277
f 1266/858/6 1272/860/1278 1273/859/1279
f 1270/861/1280 1309/862/1281 1279/484/1280
f 1266/858/6 1277/864/1282 1272/860/1278
f 1266/858/6 1279/484/1283 1277/864/1282
f 1266/858/6 1276/865/1284 1279/484/1283
f 1267/866/1285 648/868/661 1275/867/1286
f 1268/869/1287 650/871/664 1274/870/1288
f 1269/872/1289 652/874/667 1278/873/1290
f 1270/861/1291 654/876/670 1280/875/1292
f 1271/877/1293 656/879/673 1281/878/1294
f 1267/866/1285 651/880/674 648/868/661
f 1268/869/1287 653/881/675 650/871/664
f 1269/872/1289 655/882/676 652/874/667
f 1270/861/1291 657/883/677 654/876/670
f 1271/877/1293 649/884/678 656/879/673
f 656/879/673 657/883/677 1281/878/1294
f 1281/878/1294 657/883/677 1270/861/1291
f 654/876/670 655/882/676 1280/875/1292
f 1280/875/1292 655/882/676 1269/872/1289
f 652/874/667 653/881/675 1278/873/1290
f 1278/873/1290 653/881/675 1268/869/1287
f 650/871/664 651/880/674 1274/870/1288
f 1274/870/1288 651/880/674 1267/866/1285
f 648/868/661 649/884/678 1275/867/1286
f 1275/867/1286 649/884/678 1271/877/1293
f 1303/885/1295 1269/872/1296 1278/886/1296
f 1276/865/1284 1281/878/1297 1279/484/1283
f 934/430/979 1282/887/29 867/325/29
f 1312/890/1298 1286/889/1299 1288/891/1299
f 1279/484/1283 1280/875/1300 1277/864/1282
f 929/425/973 1284/888/29 934/430/979
f 1276/893/1301 1307/894/1302 1281/926/1301
f 1277/864/1282 1278/873/1290 1272/860/1278
f 1272/860/1278 1278/873/1290 1268/869/1287
f 1275/867/1286 1271/877/1293 1276/865/1303
f 1277/864/29 1289/896/29 1269/872/29
f 1273/859/1279 1276/865/1284 1266/858/6
f 868/323/29 1285/892/29 929/425/973
f 1272/860/1278 1274/870/1288 1273/859/1279
f 1273/859/1279 1274/870/1288 1267/866/1285
f 1283/898/1304 1284/888/1304 1285/892/1304
f 1292/486/1305 1294/899/1305 1291/485/1305
f 1290/897/1306 1293/900/1306 1289/896/1306
f 1295/901/1307 1296/903/1307 1297/902/1307
f 1269/872/1308 1308/904/1309 1277/864/1308
f 1276/865/29 1295/901/29 1275/867/29
f 1268/869/1287 1288/906/29 1272/860/29
f 1281/878/29 1292/486/29 1279/484/29
f 1275/867/29 1297/902/29 1273/859/29
f 1269/872/29 1293/900/29 1280/875/29
f 1273/859/29 1296/903/29 1276/865/29
f 1270/861/29 1294/899/29 1281/878/29
f 1274/870/1288 1287/907/29 1268/869/1287
f 1272/860/29 1286/908/29 1274/870/1288
f 1280/875/29 1290/897/29 1277/864/29
f 867/325/29 1283/898/29 868/323/29
f 1323/910/1310 1303/909/1311 1308/904/1311
f 1302/911/1312 1316/912/1313 1301/932/1314
f 1324/915/1315 1305/914/1316 1309/916/1316
f 1315/918/1317 1299/917/1318 1300/919/1319
f 1301/895/1302 1322/937/1320 1307/894/1302
f 1305/914/1321 1270/861/1322 1280/921/1322
f 1298/922/1323 1275/867/1324 1273/859/1324
f 1267/923/1325 1298/922/1326 1273/859/1325
f 1279/924/1327 1305/914/1316 1280/921/1327
f 1307/894/1328 1271/925/1329 1281/926/1329
f 1310/928/1330 1287/927/1331 1286/929/1331
f 1300/919/1319 1267/923/1332 1275/930/1332
f 1287/927/1333 1312/890/1334 1288/891/1333
f 1271/925/1335 1301/932/1314 1276/986/1335
f 1277/864/1336 1303/909/1311 1278/987/1336
f 1314/933/1337 1315/935/1337 1313/934/1337
f 1316/936/1338 1317/913/1338 1322/937/1338
f 1324/938/1339 1321/940/1339 1320/939/1339
f 1323/910/1340 1319/942/1340 1318/941/1340
f 1327/943/1341 1326/945/1341 1325/944/1341
f 1318/946/1342 1304/905/1343 1303/885/1295
f 1313/934/1344 1300/947/1323 1298/922/1323
f 1320/939/1345 1306/863/1346 1305/914/1321
f 1325/948/1347 1311/931/1348 1310/928/1330
f 1322/937/1349 1302/911/1350 1307/894/1328
f 1311/931/1351 1327/943/1352 1312/890/1334
f 1304/905/1353 1323/910/1354 1308/904/1309
f 1312/890/1298 1325/949/1355 1310/988/1298
f 1306/863/1356 1324/950/1357 1309/862/1281
f 1299/917/1358 1313/934/1359 1298/922/1326
f 423/1/1 426/660/466 338/2/1
f 364/4/2 185/293/193 177/5/3
f 362/7/5 184/671/5 16/8/5
f 360/10/6 180/951/6 186/11/6
f 538/13/7 36/789/7 129/14/7
f 131/16/7 23/28/7 30/17/7
f 135/19/7 46/60/7 129/20/7
f 25/22/7 128/37/7 127/23/7
f 23/28/7 25/22/7 29/24/7
f 30/17/7 29/24/7 559/29/7
f 124/229/7 136/989/7 342/31/7
f 336/32/7 425/990/7 36/21/7
f 425/990/7 135/19/7 36/21/7
f 124/229/7 342/31/7 36/21/7
f 329/33/8 190/286/8 200/34/8
f 85/36/9 127/23/575 128/37/10
f 529/39/11 69/84/11 126/40/11
f 44/42/12 51/45/13 124/43/13
f 51/45/15 124/43/15 126/46/15
f 361/12/6 186/11/6 14/48/6
f 116/50/16 112/164/110 131/16/17
f 96/51/19 57/195/20 52/52/20
f 320/54/21 317/353/233 316/55/22
f 423/1/24 7/3/147 41/57/25
f 121/59/26 129/20/26 46/60/26
f 563/62/27 116/50/27 132/18/27
f 50/64/28 43/952/29 229/65/29
f 29/24/7 127/23/7 548/66/7
f 162/67/30 164/70/31 75/68/31
f 164/70/33 165/72/33 74/71/33
f 165/72/34 166/672/472 72/73/35
f 61/74/36 63/77/60 67/75/37
f 63/77/39 62/79/41 66/78/40
f 62/79/41 60/98/473 64/80/42
f 65/76/38 67/75/37 83/81/43
f 67/75/37 66/78/40 82/82/45
f 66/78/46 64/80/474 80/83/47
f 69/84/49 71/87/568 138/85/50
f 71/87/52 70/89/1360 139/88/53
f 70/89/55 68/358/471 140/90/56
f 73/69/32 75/68/31 79/91/31
f 86/93/58 561/105/58 631/94/58
f 74/71/34 72/73/35 76/96/59
f 61/74/36 77/92/32 79/91/31
f 63/77/39 79/91/33 78/97/33
f 62/79/34 78/97/34 76/96/59
f 81/38/44 83/81/43 87/99/62
f 83/81/43 82/82/45 86/93/64
f 82/82/48 80/83/47 84/100/65
f 550/101/67 85/36/63 87/99/62
f 75/68/69 74/71/69 624/103/69
f 561/105/70 86/93/66 84/100/65
f 54/107/72 55/225/72 337/108/72
f 146/110/73 5/991/77 47/111/74
f 15/113/29 13/953/28 231/114/29
f 73/69/32 11/133/7 9/116/7
f 167/117/29 3/992/29 22/118/29
f 150/120/29 27/135/29 1/121/29
f 33/123/7 13/134/7 77/92/32
f 149/122/75 1/121/75 4/124/75
f 65/76/38 45/361/7 33/123/7
f 151/125/29 4/124/29 40/126/29
f 146/128/73 241/966/960 239/129/76
f 10/131/78 57/195/20 96/51/19
f 11/133/7 73/69/32 77/92/32
f 147/119/29 22/118/29 27/135/29
f 44/42/12 36/44/14 129/136/80
f 88/138/81 90/141/84 168/139/82
f 90/141/84 91/143/87 170/142/85
f 91/143/87 89/155/99 171/144/88
f 93/145/89 95/148/92 142/146/90
f 95/148/92 94/150/94 143/149/93
f 94/150/94 92/340/229 144/151/95
f 100/152/96 102/153/97 90/141/84
f 102/153/97 103/154/102 91/143/87
f 103/154/98 101/159/104 89/155/99
f 105/156/100 107/157/101 102/153/97
f 107/157/101 106/158/107 103/154/102
f 106/158/103 104/163/212 101/159/104
f 105/156/100 108/165/111 110/160/105
f 107/157/101 110/160/105 111/161/106
f 106/158/107 111/161/106 109/162/108
f 112/164/110 114/166/112 110/160/105
f 114/166/112 115/167/1361 111/161/106
f 115/167/113 113/170/237 109/162/114
f 116/50/16 118/168/576 114/166/112
f 118/168/116 119/169/119 115/167/117
f 119/169/119 117/327/217 113/170/120
f 121/59/121 123/173/124 534/171/122
f 123/173/124 122/175/152 535/174/125
f 122/175/126 120/218/151 536/176/127
f 219/177/129 583/317/210 588/178/130
f 20/180/131 26/993/131 201/181/131
f 100/152/96 88/138/81 17/183/7
f 134/185/132 42/774/558 309/186/133
f 455/188/135 92/954/1362 472/189/136
f 49/191/6 233/376/6 234/192/6
f 180/194/138 52/52/191 57/195/139
f 100/152/96 15/184/7 32/197/7
f 216/198/141 585/205/141 575/199/141
f 28/201/6 20/994/6 575/202/6
f 32/197/7 48/955/7 108/165/111
f 216/198/141 203/817/141 586/204/141
f 523/206/142 37/995/1363 320/54/21
f 137/208/51 6/109/160 38/26/143
f 539/209/144 544/405/271 247/210/145
f 7/3/147 93/145/89 130/212/148
f 69/84/143 137/86/51 133/213/143
f 24/215/149 134/185/132 324/187/134
f 143/217/93 144/349/95 120/218/151
f 142/219/90 143/217/93 122/175/152
f 141/61/91 142/219/90 123/173/124
f 145/220/153 154/232/154 47/221/154
f 139/223/1364 140/976/1365 53/224/476
f 138/226/54 139/223/53 55/225/157
f 137/208/51 138/226/50 54/107/159
f 141/147/26 46/230/26 130/212/26
f 424/58/7 41/57/7 135/227/7
f 133/213/7 136/989/7 124/229/7
f 41/57/7 130/212/7 46/230/7
f 440/231/154 437/675/154 154/232/154
f 432/233/29 152/127/29 153/234/29
f 429/236/29 147/119/29 150/120/29
f 436/235/29 153/234/29 564/238/29
f 431/240/29 151/125/29 152/127/29
f 430/241/75 149/122/75 151/125/75
f 435/237/161 150/120/29 149/122/29
f 434/242/29 167/117/29 147/119/29
f 433/243/74 146/110/73 154/112/74
f 179/996/8 178/260/8 330/997/8
f 178/260/8 177/247/8 331/246/8
f 330/997/8 178/260/8 331/246/8
f 177/247/8 185/998/8 188/956/8
f 185/998/8 187/999/8 188/956/8
f 188/956/8 332/245/8 177/247/8
f 18/269/162 16/1000/162 184/958/162
f 439/957/162 183/250/162 19/249/162
f 183/250/162 182/1001/162 181/248/162
f 18/269/162 184/958/162 19/249/162
f 184/958/162 439/957/162 19/249/162
f 157/251/163 156/272/1366 9/252/164
f 173/254/166 175/1002/1367 176/255/167
f 157/251/163 11/253/165 13/257/169
f 176/259/171 175/959/1368 177/247/172
f 158/258/170 13/257/169 15/261/174
f 12/263/175 14/960/1369 10/131/176
f 159/262/178 15/261/1370 17/264/179
f 52/52/20 173/254/20 174/256/20
f 161/266/181 160/265/180 17/264/179
f 19/249/183 14/1003/1369 12/268/175
f 59/270/185 164/274/162 162/271/162
f 58/273/187 165/276/162 164/274/162
f 58/273/187 56/591/412 166/275/162
f 155/277/188 3/1004/162 167/278/162
f 98/280/8 161/266/8 169/267/8
f 99/282/8 98/280/8 168/281/8
f 99/282/8 170/283/8 171/284/8
f 97/285/8 171/284/8 190/286/8
f 175/287/190 173/254/1371 52/52/191
f 438/288/162 148/279/189 167/278/162
f 334/290/6 365/6/4 177/5/3
f 366/292/192 187/295/192 185/293/193
f 368/294/194 188/348/230 187/295/195
f 2/296/196 19/596/406 181/297/197
f 370/299/29 179/1005/29 330/300/29
f 369/298/198 181/297/198 182/302/199
f 2/304/196 156/272/6 157/251/6
f 186/196/140 57/195/139 10/131/201
f 371/303/200 182/302/199 183/307/203
f 372/308/204 183/307/203 439/309/5
f 334/311/205 401/625/436 400/312/206
f 325/313/207 524/780/208 311/314/208
f 312/316/209 589/814/209 583/317/210
f 312/318/211 219/517/367 101/159/104
f 316/55/22 313/354/234 312/318/234
f 13/320/28 50/961/28 230/64/29
f 43/321/29 15/481/29 228/115/29
f 199/322/7 198/330/7 195/323/7
f 194/325/7 193/369/7 192/324/7
f 321/326/216 318/355/240 113/170/120
f 558/328/218 525/356/238 321/326/219
f 43/321/221 50/961/221 198/330/221
f 208/331/222 206/362/245 207/332/223
f 214/334/7 215/383/7 213/335/225
f 325/338/207 34/1006/207 21/216/207
f 21/216/226 324/187/134 572/337/227
f 189/339/207 326/365/207 144/151/95
f 328/35/8 200/34/8 201/341/8
f 327/342/8 201/341/8 26/343/8
f 373/345/29 331/367/29 332/346/29
f 236/347/29 332/346/29 188/348/230
f 326/315/207 311/314/208 120/218/151
f 314/350/231 317/824/594 581/351/232
f 317/353/233 314/1007/234 313/354/234
f 315/319/215 312/318/214 104/163/109
f 318/355/235 319/56/23 316/55/22
f 318/355/235 315/319/236 109/162/114
f 522/207/142 320/54/21 319/56/23
f 321/326/219 525/356/238 319/56/23
f 532/357/241 547/782/562 433/243/29
f 557/329/220 321/326/219 117/327/243
f 65/76/38 81/38/44 205/360/7
f 81/38/44 206/362/7 205/360/7
f 25/22/248 207/332/223 128/37/247
f 207/332/223 206/362/245 128/37/247
f 23/28/249 212/366/251 211/363/250
f 211/363/250 204/333/224 25/22/248
f 204/333/224 207/332/223 25/22/248
f 34/364/207 325/1008/207 326/365/207
f 131/16/17 112/164/110 213/335/256
f 213/335/256 212/366/251 131/16/17
f 108/165/111 48/955/7 210/336/7
f 210/336/7 213/335/225 112/164/110
f 374/301/29 330/300/29 331/367/29
f 193/369/7 194/325/7 224/370/7
f 224/370/7 226/500/7 221/368/7
f 226/500/7 227/494/7 223/505/7
f 227/494/7 225/495/7 223/505/7
f 225/495/7 220/1009/7 223/505/7
f 220/1009/7 222/508/7 223/505/7
f 223/505/7 221/368/7 226/500/7
f 49/371/174 229/65/174 228/115/174
f 197/373/174 231/114/174 230/64/174
f 196/372/174 228/115/174 231/114/174
f 49/371/174 191/374/174 230/64/174
f 235/375/252 234/192/252 233/376/252
f 191/378/253 234/192/253 235/375/253
f 196/380/7 197/962/7 235/375/7
f 49/381/254 196/963/254 232/377/254
f 206/362/7 208/331/7 209/382/7
f 215/383/255 211/363/250 212/366/251
f 40/384/257 240/415/257 243/385/257
f 564/387/7 153/390/7 242/388/7
f 153/390/7 152/964/7 243/391/7
f 255/392/258 251/406/579 253/393/259
f 257/394/260 253/393/259 254/395/261
f 258/396/262 254/395/261 252/397/263
f 248/399/265 250/402/268 542/400/266
f 250/402/268 249/404/270 543/403/269
f 249/404/270 247/210/145 544/405/271
f 251/406/6 244/412/6 567/407/6
f 566/389/272 242/388/276 252/397/263
f 239/129/76 241/966/960 247/965/1372
f 247/965/1372 249/1010/1373 239/129/76
f 249/1010/1373 250/410/274 239/129/76
f 248/411/6 245/1011/6 239/129/6
f 255/392/6 246/1012/6 244/412/6
f 242/388/276 243/391/1374 256/398/264
f 256/414/278 243/385/1375 240/415/279
f 240/415/279 246/967/963 257/968/260
f 246/967/963 255/1013/258 257/968/260
f 257/968/260 258/413/277 240/415/279
f 259/416/280 273/476/332 275/426/290
f 262/417/281 275/426/290 276/427/291
f 263/419/283 276/427/291 274/428/292
f 265/425/289 268/424/288 272/429/293
f 268/424/288 267/422/286 271/431/295
f 267/422/286 264/421/285 269/432/296
f 287/433/297 605/841/297 604/434/297
f 308/436/298 299/845/327 300/437/299
f 307/438/300 300/437/299 298/439/301
f 306/441/303 308/436/298 304/442/304
f 308/436/298 307/438/300 303/444/306
f 290/445/307 613/835/307 612/446/307
f 285/435/308 604/434/308 603/448/308
f 304/442/304 303/444/306 295/450/309
f 303/444/306 301/506/360 293/452/311
f 288/453/312 292/447/312 612/446/312
f 287/433/313 288/453/316 279/455/314
f 288/453/316 286/492/347 277/457/317
f 285/435/318 289/503/358 291/458/319
f 287/433/313 291/458/319 292/447/320
f 277/459/321 298/490/321 595/460/321
f 280/456/322 278/449/322 603/448/322
f 291/458/319 283/844/330 284/463/323
f 292/447/320 284/463/323 282/464/324
f 297/465/326 278/496/350 280/466/315
f 299/467/327 280/466/315 279/468/314
f 304/442/328 596/848/328 597/470/328
f 281/471/329 270/430/294 272/429/293
f 283/472/330 272/429/293 271/431/295
f 284/473/323 271/431/295 269/432/296
f 294/475/331 296/477/310 275/426/290
f 296/477/310 295/478/309 276/427/291
f 295/478/309 293/487/311 274/428/292
f 32/479/333 260/420/284 274/428/292
f 273/476/332 259/416/280 192/324/335
f 192/324/335 259/416/280 261/418/282
f 261/418/282 43/321/337 199/322/337
f 260/420/284 32/479/333 261/418/282
f 32/479/333 15/481/338 261/418/282
f 50/961/28 13/320/28 266/423/287
f 13/320/28 33/482/339 266/423/287
f 198/330/340 50/961/340 266/423/287
f 266/423/287 265/425/289 195/323/340
f 45/483/341 269/432/296 264/421/285
f 645/484/29 636/861/29 667/485/29
f 45/483/341 205/969/354 282/474/324
f 270/430/294 281/471/329 224/370/342
f 48/480/334 274/428/292 293/487/311
f 273/476/332 193/369/336 221/368/345
f 204/489/346 211/970/362 298/490/301
f 204/491/346 277/457/317 286/492/347
f 227/494/349 285/435/318 278/449/350
f 278/496/350 297/465/326 220/497/352
f 281/499/329 289/503/358 226/500/353
f 290/445/325 282/464/324 205/501/354
f 286/492/356 290/445/325 209/502/355
f 289/503/358 285/435/318 227/494/349
f 294/504/331 221/368/345 223/505/359
f 301/506/360 214/511/364 210/507/344
f 222/508/361 220/1009/352 297/509/326
f 211/510/362 215/971/1376 305/440/302
f 302/443/305 223/505/359 222/508/361
f 305/440/363 215/971/1377 214/511/364
f 572/337/227 573/791/573 524/512/365
f 202/513/366 190/515/131 171/144/88
f 203/514/131 200/516/131 190/515/131
f 216/182/131 201/181/131 200/516/131
f 219/517/367 202/513/366 89/155/99
f 31/518/6 28/201/6 574/203/6
f 313/520/368 587/820/368 589/521/368
f 345/523/7 335/527/7 336/524/7
f 348/526/24 333/529/24 335/527/24
f 348/526/1 415/652/461 339/528/369
f 353/530/370 417/569/371 419/531/371
f 447/533/373 350/536/376 427/534/374
f 350/536/376 351/693/376 428/537/376
f 94/538/94 471/699/1378 472/189/377
f 454/540/378 349/975/402 422/541/379
f 456/543/381 341/1014/381 442/544/381
f 359/546/382 421/570/382 451/547/382
f 443/551/383 442/974/383 520/549/383
f 442/974/383 341/1015/383 520/549/383
f 418/552/7 421/570/7 359/546/7
f 344/550/384 352/666/384 444/554/384
f 453/555/385 346/689/490 419/556/386
f 417/558/6 353/972/6 358/559/6
f 353/530/370 346/532/372 444/554/382
f 355/562/388 350/649/460 447/563/389
f 347/565/390 352/666/469 416/566/391
f 354/568/393 349/665/468 419/531/371
f 421/570/382 357/663/382 448/571/382
f 354/572/394 356/651/394 448/571/394
f 355/574/7 357/663/7 421/570/7
f 347/575/395 359/546/395 449/548/395
f 55/577/396 53/973/396 407/578/397
f 453/555/385 337/690/492 55/580/399
f 463/557/387 419/556/386 349/582/1379
f 365/584/403 161/266/403 389/585/403
f 374/587/404 373/620/404 393/588/404
f 328/35/29 373/620/29 236/590/29
f 175/291/6 180/951/6 360/10/6
f 56/591/5 372/593/204 450/592/5
f 372/593/405 56/591/405 376/594/405
f 19/596/406 2/296/196 367/49/6
f 59/270/198 369/624/198 371/597/200
f 163/344/29 370/1016/29 374/587/29
f 2/304/407 369/624/407 397/598/407
f 97/285/195 368/608/194 366/600/195
f 99/282/192 366/600/192 364/601/2
f 160/265/6 161/266/6 365/584/4
f 367/305/408 382/612/408 381/602/408
f 159/262/6 360/628/6 361/603/6
f 362/604/409 363/631/409 405/605/409
f 97/285/410 387/617/410 392/607/410
f 375/609/411 377/610/411 378/595/411
f 56/591/412 58/273/187 375/609/413
f 372/593/414 378/595/414 377/610/414
f 371/597/415 377/610/415 375/609/415
f 380/611/6 381/602/6 382/612/6
f 157/251/416 379/613/416 382/612/416
f 157/251/163 158/258/170 380/611/417
f 158/258/418 361/603/418 381/602/418
f 385/614/29 394/589/29 393/588/29
f 383/616/29 384/619/29 392/607/29
f 388/618/419 390/621/419 391/586/419
f 236/590/420 368/608/420 392/607/420
f 161/266/421 98/280/421 388/618/421
f 373/620/422 328/35/422 386/615/422
f 329/33/423 236/590/423 384/619/423
f 329/33/424 383/616/424 387/617/424
f 327/342/425 385/614/425 386/615/425
f 365/584/426 391/586/426 390/621/426
f 374/587/427 394/589/427 385/614/427
f 364/601/428 390/621/428 388/618/428
f 395/622/197 396/599/197 397/598/197
f 2/304/429 396/599/430 395/622/430
f 156/272/186 395/622/431 398/623/431
f 369/624/432 59/270/432 398/623/432
f 401/625/6 402/627/6 399/626/6
f 159/262/178 399/626/434 402/627/433
f 160/265/180 400/312/1380 399/626/434
f 334/311/205 360/628/435 402/627/435
f 403/629/5 406/606/5 405/605/5
f 148/279/189 403/629/437 404/630/437
f 362/604/438 406/606/438 403/629/438
f 363/631/439 155/277/439 404/630/439
f 407/578/397 411/1017/1381 412/632/440
f 340/633/441 409/645/442 459/634/442
f 340/636/444 343/685/470 410/637/445
f 458/581/446 55/580/446 408/639/447
f 413/641/449 414/1018/1382 462/642/450
f 460/640/448 408/639/447 412/644/452
f 409/645/454 413/1019/1383 461/646/455
f 409/638/457 410/637/1384 414/647/458
f 355/562/388 418/567/392 416/566/391
f 354/650/6 417/558/6 420/560/6
f 6/109/1 337/108/1 415/652/461
f 348/526/24 345/523/24 38/26/24
f 38/26/7 345/523/7 342/525/7
f 464/542/380 422/541/379 237/653/462
f 497/655/464 502/1020/464 495/656/464
f 34/364/29 441/661/29 486/658/29
f 335/527/7 424/58/7 425/228/7
f 333/529/24 423/1/24 424/58/24
f 333/529/1 339/528/369 426/660/466
f 422/541/379 452/535/375 441/661/467
f 438/288/5 450/592/5 362/604/5
f 446/576/395 449/548/395 358/559/395
f 445/573/394 448/571/394 357/663/394
f 451/547/382 448/571/382 356/651/382
f 354/568/393 445/564/389 447/563/389
f 347/565/390 446/561/382 444/554/382
f 443/551/384 444/554/384 346/532/384
f 340/668/444 442/974/383 443/551/383
f 449/548/382 451/547/382 420/560/382
f 465/545/381 442/544/381 340/669/441
f 422/541/379 349/975/402 447/533/373
f 450/310/5 439/309/5 184/671/5
f 56/591/412 438/288/162 434/289/162
f 68/358/471 433/243/74 437/244/74
f 166/672/472 434/242/29 429/236/29
f 76/96/59 435/237/161 430/241/29
f 60/98/473 430/241/75 431/240/75
f 64/80/474 431/240/29 432/233/29
f 84/100/65 436/235/29 569/239/29
f 72/73/475 429/236/475 618/673/475
f 80/83/47 432/233/29 436/235/29
f 53/224/476 140/976/1365 437/675/154
f 440/676/381 465/545/381 457/670/443
f 427/534/29 428/537/29 491/678/478
f 496/657/480 495/656/481 500/680/481
f 237/653/462 441/661/467 34/364/483
f 426/660/466 464/542/380 455/654/463
f 459/634/456 461/646/455 411/682/484
f 460/640/448 462/642/453 414/647/486
f 411/684/488 461/643/451 462/642/450
f 458/581/446 460/640/448 410/637/487
f 457/635/443 459/634/442 407/683/442
f 415/687/493 463/557/387 454/583/1385
f 346/689/490 453/555/385 458/581/400
f 337/690/492 453/555/385 463/557/387
f 145/691/381 456/543/381 465/545/381
f 339/528/369 454/540/378 464/542/380
f 455/654/463 237/653/462 189/339/483
f 416/692/391 466/762/1142 351/693/494
f 482/694/495 501/728/1386 499/681/496
f 341/696/498 456/766/551 521/697/499
f 469/701/501 468/714/1153 467/707/506
f 467/707/506 471/699/501 469/701/501
f 471/699/501 467/707/506 473/190/502
f 7/702/147 468/714/512 469/701/503
f 93/703/89 469/701/503 470/700/504
f 455/188/135 473/190/137 479/705/505
f 467/707/506 468/714/1153 478/708/507
f 95/704/92 470/700/1387 471/699/508
f 474/710/509 476/706/1155 479/705/509
f 474/711/509 477/709/509 478/708/509
f 473/190/502 467/707/506 477/709/507
f 455/654/510 476/1021/510 474/713/510
f 7/702/147 475/712/511 478/708/511
f 338/2/510 474/713/510 475/715/510
f 484/716/513 502/1020/5 497/655/5
f 485/718/1388 503/731/1388 498/719/1388
f 441/661/29 452/535/29 493/721/517
f 452/535/29 427/534/29 492/679/479
f 24/722/29 21/977/29 487/723/29
f 21/725/29 34/978/29 490/726/29
f 487/723/518 504/743/518 505/727/518
f 501/728/519 498/719/1389 496/657/480
f 482/694/495 481/695/497 511/729/520
f 503/731/522 497/655/464 496/657/465
f 486/732/524 493/979/525 509/733/525
f 481/695/497 480/739/478 512/735/527
f 492/736/479 507/750/545 509/737/528
f 481/695/497 499/681/496 500/680/29
f 494/720/516 498/719/515 501/728/529
f 485/741/1390 483/717/540 497/655/1391
f 512/742/483 505/727/483 504/743/483
f 513/745/532 511/744/483 504/743/483
f 514/747/533 507/750/535 508/748/376
f 514/747/533 516/980/536 509/737/534
f 516/751/536 517/753/538 510/734/537
f 513/752/532 506/755/483 510/734/537
f 490/726/518 506/746/518 504/743/518
f 483/717/513 514/758/518 515/754/518
f 486/732/524 510/734/526 506/755/539
f 483/717/540 485/741/1390 516/757/541
f 494/720/516 517/761/544 516/759/542
f 494/720/516 482/740/530 513/760/543
f 492/736/479 491/981/478 508/748/527
f 466/762/546 416/692/1392 518/763/547
f 238/222/155 519/764/1189 518/763/549
f 518/765/550 521/697/499 456/766/551
f 521/697/499 352/769/554 344/768/553
f 352/769/554 521/697/499 518/765/550
f 310/771/556 309/186/133 527/772/557
f 42/774/558 526/1022/220 527/772/220
f 541/401/6 540/793/6 245/775/6
f 555/776/559 543/403/269 544/405/271
f 554/777/560 542/400/266 543/403/269
f 568/408/561 541/401/267 542/400/266
f 537/778/7 539/209/7 241/211/7
f 311/314/208 545/781/220 536/176/127
f 524/780/208 546/794/220 545/781/220
f 547/782/562 537/795/29 146/110/29
f 535/174/128 536/176/127 553/359/244
f 534/171/122 535/174/125 552/783/564
f 533/172/123 534/171/122 551/784/565
f 70/89/567 531/785/567 532/357/241
f 71/87/568 530/786/571 531/785/569
f 69/84/49 529/39/582 530/786/571
f 39/787/7 322/41/7 126/40/7
f 533/172/27 323/15/27 129/14/27
f 529/39/11 322/41/11 548/66/11
f 36/789/7 538/13/7 39/787/7
f 565/30/7 538/13/7 323/15/7
f 546/790/572 524/512/365 573/791/573
f 132/18/7 30/17/7 565/30/7
f 550/101/11 548/66/11 127/23/575
f 563/62/566 551/784/565 118/168/576
f 551/784/565 552/783/564 119/169/577
f 552/783/563 553/359/244 117/327/243
f 251/406/579 568/408/561 554/777/560
f 253/393/259 554/777/560 555/776/559
f 254/395/261 555/776/559 556/409/273
f 532/357/241 621/852/639 623/792/580
f 539/209/144 566/389/272 556/409/273
f 568/408/6 567/407/6 540/793/6
f 564/387/7 566/389/7 539/209/7
f 545/781/220 557/329/220 553/359/244
f 546/794/220 558/328/218 557/329/220
f 569/239/29 564/238/29 537/795/29
f 531/785/567 561/105/70 562/106/71
f 530/786/571 549/102/68 561/105/581
f 529/39/582 550/101/67 549/102/68
f 559/29/7 548/66/7 322/41/7
f 563/62/27 560/63/27 323/15/27
f 565/30/7 559/29/7 39/787/7
f 528/773/583 558/982/583 546/790/572
f 571/796/584 570/800/587 527/797/585
f 522/207/142 570/802/589 571/799/586
f 570/800/587 558/1023/1393 528/801/588
f 525/356/238 558/328/218 570/802/589
f 573/791/573 572/337/227 324/187/134
f 574/803/367 575/1024/220 585/804/220
f 576/806/590 574/803/367 579/805/367
f 577/808/233 576/806/590 580/807/591
f 578/810/592 577/808/233 581/809/233
f 580/807/591 579/805/367 584/812/367
f 587/813/211 584/812/367 583/317/367
f 584/812/367 586/815/220 588/178/220
f 579/805/367 585/804/220 586/815/220
f 320/816/593 37/983/593 578/810/593
f 203/817/141 202/984/141 588/818/141
f 314/819/368 580/1025/368 587/820/368
f 35/821/6 577/826/6 578/822/6
f 317/824/594 320/985/595 582/825/595
f 31/518/6 576/519/6 577/826/6
f 217/827/596 590/843/1394 591/828/597
f 593/830/599 592/846/1395 599/831/600
f 597/470/602 596/848/1396 600/833/603
f 604/434/605 605/841/1397 602/462/606
f 608/454/608 612/446/1398 613/835/609
f 610/837/611 614/842/1399 615/838/612
f 594/840/614 607/847/615 606/461/615
f 290/445/616 286/492/616 609/836/616
f 308/436/617 306/441/617 217/827/617
f 280/456/618 602/462/618 605/841/618
f 307/438/619 593/830/619 598/832/619
f 289/503/620 281/499/620 614/842/620
f 306/441/621 297/509/621 590/843/621
f 301/506/622 303/444/622 598/832/622
f 283/844/623 615/838/623 614/842/623
f 299/845/624 591/828/624 590/843/624
f 301/506/625 599/831/625 592/846/625
f 283/844/626 291/458/626 611/839/626
f 299/845/627 308/436/627 218/829/627
f 296/451/628 294/504/628 601/834/628
f 277/459/629 606/461/629 607/847/629
f 302/443/630 597/470/630 601/834/630
f 286/492/631 288/453/631 608/454/631
f 296/451/632 600/833/632 596/848/632
f 305/440/633 592/846/633 593/830/633
f 298/490/634 300/469/634 594/840/634
f 291/458/635 289/503/635 610/837/635
f 300/469/636 279/468/636 607/847/636
f 616/674/29 618/673/29 619/849/637
f 620/851/29 622/853/29 623/792/580
f 76/96/59 617/850/638 619/849/637
f 429/236/640 435/237/640 619/849/640
f 569/239/640 547/782/640 623/792/640
f 72/73/641 616/674/641 617/850/641
f 562/106/642 569/239/642 622/853/642
f 562/106/641 620/851/641 621/852/641
f 625/104/33 624/103/33 627/854/33
f 630/856/643 629/857/1400 628/95/644
f 86/93/646 628/95/646 629/857/646
f 78/97/647 79/91/647 626/855/647
f 549/102/68 630/856/643 631/94/645
f 87/99/648 629/857/648 630/856/648
f 74/71/649 78/97/649 627/854/649
f 75/68/650 625/104/650 626/855/650
f 636/861/653 645/484/653 685/862/654
f 635/872/679 680/905/729 679/885/680
f 270/430/294 194/325/29 658/887/29
f 662/889/682 686/988/683 688/890/683
f 265/425/289 270/430/294 660/888/29
f 642/893/685 647/926/685 683/894/686
f 643/864/29 635/872/29 665/896/29
f 195/323/29 265/425/289 661/892/29
f 660/888/688 658/887/688 659/898/688
f 635/872/692 643/864/692 684/904/693
f 642/865/29 641/867/29 671/901/29
f 634/869/662 638/860/29 664/906/29
f 647/878/29 645/484/29 668/486/29
f 641/867/29 639/859/29 673/902/29
f 635/872/29 646/875/29 669/900/29
f 639/859/29 642/865/29 672/903/29
f 636/861/29 647/878/29 670/899/29
f 640/870/663 634/869/662 663/907/29
f 638/860/29 640/870/663 662/908/29
f 646/875/29 643/864/29 666/897/29
f 194/325/29 195/323/29 659/898/29
f 679/909/695 694/1026/696 699/910/696
f 678/911/697 677/932/722 692/912/698
f 681/914/699 696/939/700 700/915/700
f 675/917/701 690/933/702 691/918/702
f 683/894/686 698/937/704 692/920/704
f 636/861/705 682/863/732 681/914/706
f 641/867/707 676/947/708 674/922/708
f 633/923/709 639/859/709 674/922/710
f 645/924/712 646/921/712 681/914/699
f 637/925/713 678/911/736 683/894/714
f 663/927/715 687/931/734 686/928/716
f 633/923/717 675/917/701 676/919/703
f 663/927/718 664/891/718 688/890/719
f 637/925/721 642/986/721 677/932/722
f 643/864/723 644/987/723 679/909/695
f 680/905/729 695/942/730 694/946/730
f 676/947/708 691/1027/731 689/934/731
f 682/863/732 697/940/733 696/939/733
f 687/931/734 702/945/735 701/948/735
f 678/911/736 693/913/737 698/937/737
f 687/931/720 688/890/719 703/943/738
f 680/905/694 684/904/693 699/910/739
f 688/890/683 686/988/683 701/949/740
f 682/863/655 685/862/654 700/950/741
f 675/917/711 674/922/710 689/934/742
f 1084/1/1 706/3/1 1002/2/1
f 852/5/744 858/293/892 1026/4/745
f 16/8/5 857/671/5 1025/7/5
f 1023/10/7 1024/12/7 859/11/7
f 810/14/6 723/789/6 1182/13/6
f 812/16/6 813/18/6 719/17/6
f 815/19/6 723/21/6 810/20/6
f 808/23/6 809/37/6 717/22/6
f 718/24/6 717/22/6 716/28/6
f 1201/29/6 718/24/6 719/17/6
f 1006/31/6 816/989/6 806/229/6
f 806/229/6 723/21/6 1006/31/6
f 723/21/6 815/19/6 1086/990/6
f 1000/32/6 723/21/6 1086/990/6
f 873/34/8 863/286/8 993/33/8
f 809/37/747 808/23/1213 768/36/748
f 1173/39/749 986/41/749 807/40/749
f 728/42/750 723/44/1401 806/43/751
f 807/46/752 806/43/752 734/45/752
f 1024/12/7 1029/49/7 711/48/7
f 798/50/753 813/18/1402 812/16/754
f 96/51/19 125/53/20 735/52/20
f 980/55/756 981/353/233 984/54/21
f 1084/1/758 1085/58/758 726/57/759
f 730/60/761 810/20/761 803/59/761
f 1205/62/762 1202/63/762 813/18/762
f 733/64/28 903/64/29 902/65/29
f 1190/66/6 808/23/6 718/24/6
f 758/68/763 842/70/763 841/67/764
f 757/71/766 843/72/766 842/70/766
f 755/73/767 844/672/1124 843/72/768
f 750/75/769 746/77/1403 744/74/770
f 749/78/772 745/79/775 746/77/773
f 747/80/774 743/98/1126 745/79/775
f 766/81/776 750/75/769 748/76/771
f 765/82/778 749/78/772 750/75/769
f 763/83/779 747/80/1127 749/78/780
f 818/85/782 754/87/1206 752/84/783
f 819/88/785 753/89/1404 754/87/786
f 820/90/788 751/358/1123 753/89/789
f 762/91/763 758/68/763 756/69/765
f 769/93/791 1262/95/791 1265/94/791
f 759/96/792 755/73/767 757/71/768
f 744/74/770 746/77/1403 762/91/763
f 746/77/773 745/79/775 761/97/766
f 745/79/768 743/98/1125 759/96/792
f 770/99/793 766/81/776 764/38/777
f 769/93/795 765/82/778 766/81/776
f 767/100/796 763/83/779 765/82/781
f 1192/101/798 1191/102/1219 770/99/793
f 1259/104/799 1258/103/799 757/71/799
f 1203/105/800 1204/106/1128 767/100/796
f 1001/108/72 738/225/72 737/107/72
f 47/111/74 5/991/77 826/110/73
f 712/113/29 901/115/29 904/114/29
f 756/69/765 841/67/764 707/116/6
f 22/118/29 3/992/29 845/117/29
f 1/121/29 27/135/29 830/120/29
f 760/92/765 710/134/6 721/123/6
f 4/124/75 1/121/75 829/122/75
f 748/76/771 744/74/770 721/123/6
f 40/126/29 4/124/29 831/125/29
f 239/129/76 911/966/960 826/128/73
f 96/51/19 740/195/20 708/131/801
f 709/133/6 710/134/6 760/92/765
f 27/135/29 22/118/29 827/119/29
f 810/136/802 723/44/1401 728/42/750
f 846/139/803 773/141/807 771/138/804
f 848/142/806 774/143/810 773/141/807
f 849/144/809 772/155/820 774/143/810
f 822/146/811 778/148/815 776/145/812
f 823/149/814 777/150/817 778/148/815
f 824/151/816 775/340/922 777/150/817
f 773/141/807 784/153/819 782/152/818
f 774/143/810 785/154/823 784/153/819
f 772/155/820 783/159/825 785/154/821
f 784/153/819 789/157/824 787/156/822
f 785/154/823 788/158/830 789/157/824
f 783/159/825 786/163/909 788/158/826
f 787/156/822 789/157/824 792/160/827
f 789/157/824 788/158/830 793/161/829
f 788/158/830 786/163/927 791/162/831
f 792/160/827 796/166/832 794/164/755
f 793/161/829 797/167/1405 796/166/832
f 791/162/833 795/170/929 797/167/834
f 796/166/832 800/168/1214 798/50/753
f 797/167/836 801/169/840 800/168/837
f 795/170/839 799/327/914 801/169/840
f 1178/171/841 805/173/845 803/59/842
f 1179/174/844 804/175/867 805/173/845
f 1180/176/846 802/218/866 804/175/847
f 1222/178/849 1217/317/907 892/177/850
f 874/181/131 26/993/131 20/180/131
f 713/183/6 771/138/804 782/152/818
f 973/186/851 42/774/558 134/185/132
f 1115/188/853 1132/190/1152 1131/189/854
f 907/192/7 906/376/7 732/191/7
f 853/194/856 859/196/901 740/195/857
f 782/152/818 787/156/822 720/197/6
f 575/199/141 1219/205/141 889/198/141
f 720/197/6 787/156/822 790/165/828
f 889/198/141 1219/205/141 1220/204/141
f 984/54/21 37/995/1363 523/206/142
f 817/208/784 814/25/859 724/26/859
f 914/210/861 1186/405/955 1183/209/862
f 706/3/760 726/57/759 811/212/864
f 752/84/859 807/214/859 814/213/859
f 988/187/852 134/185/132 24/215/865
f 802/218/866 824/349/816 823/217/814
f 804/175/867 823/217/814 822/219/811
f 805/173/845 822/219/811 821/61/813
f 825/220/153 238/222/155 47/221/154
f 736/224/1129 820/976/1130 819/223/1406
f 738/225/869 819/223/785 818/226/787
f 737/107/871 818/226/782 817/208/784
f 811/212/761 730/230/761 821/147/761
f 1085/58/6 1086/228/6 815/227/6
f 806/229/6 816/989/6 814/213/6
f 726/57/6 815/227/6 730/230/6
f 1100/231/154 825/220/153 834/232/154
f 833/234/29 832/127/29 1092/233/29
f 830/120/29 827/119/29 1089/236/29
f 1206/238/29 833/234/29 1096/235/29
f 832/127/29 831/125/29 1091/240/29
f 831/125/75 829/122/75 1090/241/75
f 829/122/29 830/120/29 1095/237/161
f 827/119/29 845/117/29 1094/242/29
f 834/112/74 826/110/73 1093/243/74
f 852/247/8 178/260/8 995/246/8
f 178/260/8 179/996/8 994/997/8
f 994/997/8 995/246/8 178/260/8
f 995/246/8 996/245/8 852/247/8
f 860/999/8 858/998/8 861/956/8
f 858/998/8 852/247/8 861/956/8
f 857/958/162 16/1000/162 18/269/162
f 18/269/162 714/249/162 857/958/162
f 714/249/162 854/248/162 856/250/162
f 1099/957/162 714/249/162 856/250/162
f 854/248/162 855/1001/162 856/250/162
f 836/251/872 709/253/165 707/252/873
f 176/255/167 851/1002/1407 850/254/875
f 710/257/169 709/253/165 836/251/872
f 176/259/171 178/260/173 852/247/877
f 712/261/174 710/257/169 837/258/876
f 12/263/175 172/132/177 708/131/879
f 713/264/881 712/261/1370 838/262/882
f 174/256/20 850/254/20 735/52/20
f 840/266/884 847/267/1408 713/264/881
f 12/268/175 711/1003/880 714/249/885
f 841/271/162 842/274/162 742/270/886
f 842/274/162 843/276/162 741/273/888
f 741/273/888 843/276/162 844/275/162
f 845/278/162 3/1004/162 155/277/188
f 780/280/8 846/281/8 847/267/8
f 781/282/8 848/283/8 846/281/8
f 849/284/8 848/283/8 781/282/8
f 863/286/8 849/284/8 779/285/8
f 851/287/890 853/194/856 735/52/858
f 1098/288/162 1094/289/162 845/278/162
f 998/290/7 851/291/7 852/5/744
f 858/293/892 860/295/893 1028/292/893
f 860/295/894 861/348/923 1030/294/895
f 854/297/896 714/596/1070 704/296/897
f 994/300/29 179/1005/29 370/299/29
f 855/302/898 854/297/899 1031/298/899
f 704/304/897 1029/305/7 836/251/7
f 859/196/901 711/306/1409 708/131/902
f 856/307/903 855/302/898 1032/303/900
f 1099/309/5 856/307/903 1033/308/904
f 1061/312/905 1062/625/1410 998/311/906
f 975/314/208 1169/780/208 989/313/207
f 1217/317/907 1223/814/908 976/316/908
f 783/159/825 892/517/367 976/318/211
f 976/318/234 977/354/234 980/55/756
f 710/320/28 904/114/29 903/64/29
f 727/321/29 902/65/29 901/115/29
f 872/322/6 865/324/6 868/323/6
f 865/324/6 866/369/6 867/325/6
f 795/170/839 982/355/1411 985/326/913
f 985/326/219 1170/356/930 1200/328/915
f 727/321/916 872/322/916 871/330/916
f 880/332/917 879/362/937 881/331/918
f 886/335/6 888/383/6 887/334/6
f 715/216/207 722/1006/207 989/338/207
f 989/338/1042 1211/337/920 715/216/921
f 824/151/816 990/365/207 862/339/207
f 874/341/8 873/34/8 992/35/8
f 26/343/8 874/341/8 991/342/8
f 996/346/29 995/367/29 1034/345/29
f 861/348/923 996/346/29 909/347/29
f 802/218/866 975/314/208 990/315/207
f 978/350/924 1214/352/924 1215/351/925
f 977/354/234 978/1007/234 981/353/233
f 786/163/927 976/318/910 979/319/912
f 982/355/928 979/319/1412 980/55/756
f 791/162/833 979/319/1412 982/355/928
f 983/56/757 984/54/21 1168/207/142
f 985/326/913 982/355/1411 983/56/1413
f 1093/243/29 1189/782/562 1176/357/931
f 799/327/933 985/326/219 1199/329/220
f 879/362/6 764/38/777 878/360/6
f 764/38/777 748/76/771 878/360/6
f 879/362/937 880/332/917 809/37/935
f 880/332/917 717/22/939 809/37/935
f 884/363/938 885/366/940 716/28/1414
f 716/28/1414 717/22/939 884/363/938
f 717/22/939 880/332/917 877/333/919
f 990/365/207 989/1008/207 722/364/207
f 886/335/941 794/164/755 812/16/754
f 812/16/754 716/28/1414 885/366/940
f 883/336/6 731/955/6 790/165/828
f 790/165/828 794/164/755 883/336/6
f 995/367/29 994/300/29 1035/301/29
f 897/370/6 867/325/6 866/369/6
f 866/369/6 894/368/6 897/370/6
f 894/368/6 896/505/6 899/500/6
f 897/370/6 894/368/6 899/500/6
f 896/505/6 895/508/6 893/1009/6
f 893/1009/6 898/495/6 896/505/6
f 898/495/6 900/494/6 896/505/6
f 901/115/174 902/65/174 732/371/174
f 903/64/174 904/114/174 870/373/174
f 870/373/174 904/114/174 901/115/174
f 902/65/174 903/64/174 864/374/174
f 906/376/252 907/192/252 908/375/252
f 908/375/253 907/192/253 864/378/253
f 869/380/6 905/377/6 908/375/6
f 732/381/254 906/376/254 905/377/254
f 879/362/6 878/360/6 882/382/6
f 885/366/940 884/363/938 888/383/942
f 913/385/257 240/415/257 40/384/257
f 1206/387/6 1208/389/6 912/388/6
f 833/390/6 912/388/6 913/391/6
f 255/392/943 921/394/946 918/393/944
f 921/394/946 922/396/948 919/395/947
f 922/396/948 920/398/961 917/397/949
f 1184/400/950 916/402/954 248/399/951
f 1185/403/953 915/404/956 916/402/954
f 1186/405/955 914/210/861 915/404/956
f 1208/389/957 1198/409/1217 917/397/949
f 248/411/1415 916/410/1416 239/129/76
f 916/410/1416 915/1010/1417 239/129/76
f 915/1010/1417 914/965/959 239/129/76
f 912/388/958 917/397/949 920/398/961
f 240/415/279 913/385/1375 920/414/1418
f 920/414/1418 922/413/1419 240/415/279
f 922/413/1419 921/968/946 240/415/279
f 921/968/946 255/1013/943 246/967/963
f 923/416/964 926/417/966 939/426/974
f 926/417/966 927/419/967 940/427/976
f 927/419/967 924/420/968 938/428/977
f 936/429/978 932/424/972 929/425/973
f 935/431/980 931/422/971 932/424/972
f 933/432/981 928/421/969 931/422/971
f 1238/434/982 1239/841/982 951/433/982
f 972/436/983 971/438/986 964/437/984
f 971/438/986 969/440/1038 962/439/987
f 968/442/988 972/436/983 970/441/989
f 967/444/991 971/438/986 972/436/983
f 1246/446/992 1247/835/992 954/445/992
f 1237/448/993 1238/434/993 949/435/993
f 959/450/994 967/444/991 968/442/988
f 957/452/996 965/506/1035 967/444/991
f 952/453/997 1242/454/997 1246/446/997
f 943/455/998 952/453/1002 951/433/999
f 941/457/1001 950/492/1026 952/453/1002
f 949/435/1003 951/433/999 955/458/1004
f 951/433/999 952/453/1002 956/447/1006
f 941/459/1007 1240/461/1007 1229/460/1007
f 944/456/1008 1236/462/1008 1237/448/1008
f 955/458/1004 956/447/1006 948/463/1009
f 956/447/1006 954/445/1030 946/464/1011
f 961/465/1012 963/467/985 944/466/1000
f 963/467/985 964/469/984 943/468/998
f 1231/470/1014 1230/848/1014 968/442/1014
f 945/471/1015 947/472/1010 936/429/978
f 947/472/1010 948/473/1009 935/431/980
f 948/473/1009 946/474/1011 933/432/981
f 939/426/974 960/477/995 958/475/1016
f 940/427/976 959/478/994 960/477/995
f 938/428/977 957/487/996 959/478/994
f 938/428/977 924/420/968 720/479/333
f 937/476/975 866/369/1420 865/324/1017
f 925/418/965 923/416/964 865/324/1017
f 865/324/1017 872/322/1018 925/418/965
f 712/481/338 720/479/333 925/418/965
f 720/479/333 924/420/968 925/418/965
f 721/482/339 710/320/28 930/423/970
f 710/320/28 733/961/28 930/423/970
f 930/423/970 733/961/1019 871/330/1019
f 871/330/1019 868/323/1019 930/423/970
f 928/421/969 933/432/981 729/483/341
f 1279/484/29 1292/486/29 1291/485/29
f 729/483/341 933/432/981 946/474/1011
f 934/430/979 867/325/1421 897/370/1021
f 957/487/996 938/428/977 731/480/334
f 894/368/1023 866/369/1420 937/476/975
f 877/489/1024 941/459/1001 962/490/987
f 877/491/1024 881/493/1422 950/492/1026
f 900/494/1027 898/495/1423 942/449/1013
f 942/496/1013 898/498/1423 893/497/1028
f 899/500/1029 953/503/1005 945/499/1015
f 878/501/1020 946/464/1011 954/445/1030
f 882/502/1031 954/445/1030 950/492/1032
f 900/494/1027 949/435/1003 953/503/1005
f 958/504/1016 966/443/990 896/505/1034
f 965/506/1035 957/452/996 883/507/1022
f 961/509/1012 893/1009/1028 895/508/1037
f 969/440/1038 888/971/1424 884/510/1025
f 966/443/990 970/441/989 895/508/1037
f 969/440/1039 965/506/1035 887/511/1036
f 1169/512/1041 1212/791/1210 1211/337/920
f 849/144/809 863/515/131 875/513/366
f 863/515/131 873/516/131 876/514/131
f 873/516/131 874/181/131 889/182/131
f 772/155/820 875/513/366 892/517/367
f 1223/521/368 1221/820/368 977/520/368
f 1009/523/6 1006/525/6 1000/524/6
f 1012/526/758 1009/523/758 999/527/758
f 1012/526/1 997/529/1 1003/528/1043
f 1016/530/1045 1010/532/469 1080/531/1046
f 1088/534/1047 1014/536/376 1107/533/1048
f 428/537/376 351/693/376 1014/536/376
f 1131/189/1050 1130/699/1425 777/538/817
f 1083/541/1051 1013/975/1122 1114/540/1052
f 1102/544/381 1005/1014/381 1116/543/381
f 1109/548/382 1111/547/382 1082/570/382
f 1005/1015/383 1102/974/383 1166/549/383
f 1102/974/383 1103/551/383 1166/549/383
f 1022/546/6 1082/570/6 1079/552/6
f 1104/554/384 1015/666/384 1008/550/384
f 1113/555/1054 1123/557/1066 1080/556/1055
f 1081/560/7 1021/559/7 1016/972/7
f 1104/554/382 1010/532/469 1016/530/1045
f 1107/563/389 1014/649/1426 1018/562/1057
f 1077/566/1058 1015/666/372 1011/565/1059
f 1080/531/1046 1013/665/1427 1017/568/1061
f 1108/571/382 1020/663/382 1082/570/382
f 1108/571/394 1019/651/394 1017/572/394
f 1082/570/6 1020/663/6 1018/574/6
f 1109/548/395 1022/546/395 1011/575/395
f 738/577/1062 1069/579/1098 1068/578/1063
f 1113/555/1054 1118/581/1141 738/580/1064
f 1123/557/401 1114/583/1052 1013/582/1122
f 1027/584/1068 1052/586/1068 1050/585/1068
f 1035/587/404 1055/589/404 1054/588/404
f 909/590/29 1034/620/29 992/35/29
f 851/291/7 998/290/7 1023/10/7
f 1110/592/5 1033/593/904 739/591/5
f 1033/593/1069 1039/595/1069 1037/594/1069
f 714/596/1070 711/48/7 1029/49/7
f 1032/597/900 1031/624/899 742/270/899
f 1035/587/29 370/1016/29 163/344/29
f 704/304/1071 1057/599/1071 1058/598/1071
f 1028/600/894 1030/608/895 779/285/894
f 1026/601/745 1028/600/893 781/282/893
f 839/265/7 998/311/7 1027/584/746
f 1042/602/1072 1043/612/1072 1029/305/1072
f 838/262/7 837/258/7 1024/603/7
f 1025/604/409 1067/606/409 1066/605/409
f 1053/607/1073 1048/617/1073 779/285/1073
f 1039/595/1074 1038/610/1074 1036/609/1074
f 739/591/889 1037/594/1075 1036/609/1075
f 1038/610/1076 1039/595/1076 1033/593/1076
f 1036/609/1077 1038/610/1077 1032/597/1077
f 1041/611/7 1040/613/7 1043/612/7
f 1043/612/1078 1040/613/1078 836/251/1078
f 836/251/872 1040/613/1079 1041/611/1079
f 837/258/1080 1041/611/1080 1042/602/1080
f 1054/588/29 1055/589/29 1046/614/29
f 1053/607/29 1045/619/29 1044/616/29
f 1052/586/1081 1051/621/1081 1049/618/1081
f 909/590/420 1045/619/420 1053/607/420
f 840/266/1082 1050/585/1082 1049/618/1082
f 1034/620/1083 1054/588/1083 1047/615/1083
f 993/33/1084 1044/616/1084 1045/619/1084
f 1048/617/424 1044/616/424 993/33/424
f 1047/615/425 1046/614/425 991/342/425
f 1051/621/1085 1052/586/1085 1027/584/1085
f 1046/614/1086 1055/589/1086 1035/587/1086
f 1049/618/1087 1051/621/1087 1026/601/1087
f 1058/598/896 1057/599/896 1056/622/896
f 1056/622/1088 1057/599/1088 704/304/1089
f 1059/623/1090 1056/622/1090 835/272/887
f 1031/624/1091 1058/598/1091 1059/623/1091
f 1062/625/7 1061/312/7 1060/626/7
f 1063/627/1092 1060/626/1093 838/262/882
f 1060/626/1093 1061/312/1428 839/265/883
f 998/311/906 1062/625/1410 1063/627/1094
f 1066/605/5 1067/606/5 1064/629/5
f 1065/630/437 1064/629/437 828/279/189
f 1064/629/1095 1067/606/1095 1025/604/1095
f 363/631/1096 1066/605/1096 1065/630/1096
f 1073/632/1097 1072/1017/1429 1068/578/1063
f 1119/634/1099 1070/645/1099 1004/633/1100
f 1004/636/1102 1070/638/1103 1071/637/1103
f 1118/581/1105 1120/640/1110 1069/639/1106
f 1122/642/1107 1075/1018/1430 1074/641/1108
f 1120/640/1110 1122/642/1431 1073/644/1111
f 1121/646/1112 1074/1019/1432 1070/645/1113
f 1070/638/1115 1074/648/1433 1075/647/1116
f 1018/562/1057 1014/649/1426 1077/566/1058
f 1017/650/7 1019/651/7 1081/560/7
f 705/109/1 1012/526/1 1076/652/1044
f 724/26/758 1009/523/758 1012/526/758
f 724/26/6 816/27/6 1006/525/6
f 910/653/1118 1083/541/1051 1124/542/1053
f 495/656/464 502/1020/464 1150/655/464
f 722/364/29 1145/659/29 1143/658/29
f 999/527/6 1000/524/6 1086/228/6
f 997/529/758 999/527/758 1085/58/758
f 997/529/1 1084/1/1 1087/660/743
f 1101/661/1121 1112/535/1049 1083/541/1051
f 1025/604/5 1110/592/5 1098/288/5
f 1021/559/395 1109/548/395 1106/576/395
f 1020/663/394 1108/571/394 1105/573/394
f 1019/651/382 1108/571/382 1111/547/382
f 1017/568/1061 1013/665/1427 1107/563/389
f 1011/565/1059 1015/666/372 1104/554/382
f 1010/532/384 1104/554/384 1103/551/384
f 1004/668/1102 1007/667/1104 1103/551/383
f 1021/559/382 1081/560/382 1111/547/382
f 1004/669/1100 1102/544/381 1125/545/381
f 1083/541/1051 1112/535/1049 1107/533/1048
f 857/671/5 1099/309/5 1110/310/5
f 739/591/889 844/275/162 1094/289/162
f 1097/244/74 1093/243/74 751/358/1123
f 1089/236/29 1094/242/29 844/672/1124
f 1090/241/29 1095/237/161 759/96/792
f 1091/240/75 1090/241/75 743/98/1126
f 1092/233/29 1091/240/29 747/80/1127
f 1209/239/29 1096/235/29 767/100/796
f 755/73/475 1250/674/475 1252/673/475
f 1096/235/29 1092/233/29 763/83/779
f 736/224/1129 1100/231/154 1097/675/154
f 1117/670/1101 1125/545/381 1100/676/381
f 1088/534/29 1146/679/1162 491/678/478
f 500/680/481 495/656/481 1149/657/1132
f 722/364/483 1101/661/1121 910/653/1118
f 1115/654/1119 1124/542/1053 1087/660/743
f 1072/682/1134 1121/646/1112 1119/634/1114
f 1075/647/1136 1122/642/1431 1120/640/1110
f 1072/684/1138 1073/644/1434 1122/642/1107
f 1071/637/1137 1120/640/1110 1118/581/1105
f 1068/683/1099 1119/634/1099 1117/635/1101
f 1076/687/1044 1003/688/1043 1114/583/1052
f 1010/689/1056 1007/685/1435 1118/581/1141
f 1001/690/1065 1076/687/1139 1123/557/1066
f 1125/545/381 1116/543/381 825/691/381
f 1124/542/1053 1114/540/1052 1003/528/1043
f 862/339/483 910/653/1118 1115/654/1119
f 1077/692/1058 1014/536/1426 351/693/494
f 1152/681/1143 1153/728/1436 1140/694/1144
f 1005/696/1146 1166/698/1193 1167/697/1147
f 1126/707/506 1127/714/1153 1128/701/501
f 1128/701/501 1129/700/501 1130/699/501
f 1130/699/501 1131/189/501 1132/190/502
f 1128/701/1149 1127/714/1157 706/702/760
f 1129/700/1150 1128/701/1149 776/703/812
f 1115/188/853 1135/706/1151 1138/705/1151
f 1126/707/506 1136/709/507 1137/708/507
f 1130/699/1154 1129/700/1437 778/704/815
f 1133/710/509 1136/709/509 1138/705/509
f 1137/708/509 1136/709/509 1133/711/509
f 1132/190/502 1138/705/507 1136/709/507
f 1133/713/510 1135/1021/510 1115/654/510
f 1137/708/1156 1134/712/1156 706/702/760
f 1134/715/510 1133/713/510 1002/2/510
f 1150/655/5 502/1020/5 484/716/513
f 1151/719/1438 1154/731/1438 1142/718/1438
f 1101/661/29 1143/658/29 1147/721/1161
f 1112/535/29 1147/721/1161 1146/679/1162
f 24/722/29 488/724/29 1144/723/29
f 715/725/29 1144/723/29 1145/726/29
f 505/727/518 1155/743/518 1144/723/518
f 1153/728/1163 1152/681/1133 1149/657/1132
f 1140/694/1144 1161/730/1439 1160/729/1165
f 1149/657/1120 1150/655/464 1154/731/1166
f 1143/732/1168 1159/734/1440 1158/733/1169
f 1139/695/1145 1160/729/1165 512/735/527
f 1158/737/1170 1157/750/1441 1146/736/1162
f 500/680/29 1152/681/1143 1139/695/1145
f 1153/728/1171 1151/719/1158 1148/720/1160
f 1142/741/531 1154/731/531 1150/655/531
f 1155/743/483 505/727/483 512/742/483
f 1161/745/1176 1156/746/483 1155/743/483
f 508/748/376 1157/750/1442 1162/747/1177
f 1162/747/1177 1157/750/1442 1158/737/1178
f 1163/751/1179 1158/733/1178 1159/734/1180
f 1159/734/1180 1156/755/483 1161/752/1176
f 1155/743/518 1156/746/518 1145/726/518
f 515/754/518 1162/758/518 1141/717/513
f 1156/755/1182 1159/734/1440 1143/732/1168
f 1141/717/1175 1162/758/1183 1163/757/1183
f 1163/759/1184 1164/761/1443 1148/720/1160
f 1148/720/1160 1164/761/1443 1161/760/1185
f 1146/736/1162 1157/750/1441 508/748/527
f 466/762/546 519/764/548 1165/763/1186
f 238/222/155 825/220/153 1165/763/1188
f 1116/766/1148 1167/697/1147 1165/765/1190
f 1008/768/1192 1015/769/1194 1167/697/1147
f 1165/765/1190 1167/697/1147 1015/769/1194
f 974/771/1196 1172/773/1197 1171/772/1197
f 1171/772/220 526/1022/220 42/774/558
f 1197/776/1198 1198/409/1217 1186/405/955
f 1196/777/1199 1197/776/1198 1185/403/953
f 568/408/1200 1196/777/1199 1184/400/950
f 911/211/6 1183/209/6 1181/778/6
f 1180/176/846 1187/781/220 975/314/208
f 1187/781/220 1188/794/220 1169/780/208
f 826/110/29 1181/795/29 1189/782/562
f 1195/359/934 1180/176/846 1179/174/848
f 1194/783/1202 1179/174/844 1178/171/841
f 1193/784/1203 1178/171/841 1177/172/843
f 753/89/1205 751/358/932 1176/357/931
f 754/87/1206 753/89/1444 1175/785/1207
f 752/84/783 754/87/1206 1174/786/1208
f 807/40/6 986/41/6 725/787/6
f 810/14/762 987/15/762 1177/172/762
f 1190/66/749 986/41/749 1173/39/749
f 723/789/6 806/788/6 725/787/6
f 987/15/6 1182/13/6 1207/30/6
f 1212/791/1210 1169/512/1041 1188/790/1211
f 813/18/6 1202/63/6 1207/30/6
f 808/23/1213 1190/66/749 1192/101/749
f 800/168/1214 1193/784/1203 1205/62/1204
f 801/169/1215 1194/783/1202 1193/784/1203
f 799/327/933 1195/359/934 1194/783/1201
f 251/406/945 918/393/944 1196/777/1199
f 918/393/944 919/395/947 1197/776/1198
f 919/395/947 917/397/949 1198/409/1217
f 1257/792/580 1255/852/639 1176/357/931
f 1183/209/862 1186/405/955 1198/409/1217
f 1183/209/6 1208/389/6 1206/387/6
f 1195/359/934 1199/329/220 1187/781/220
f 1199/329/220 1200/328/915 1188/794/220
f 1181/795/29 1206/238/29 1209/239/29
f 1175/785/1205 1176/357/931 1204/106/1128
f 1174/786/1208 1175/785/1207 1203/105/1218
f 1173/39/1209 1174/786/1208 1191/102/1219
f 986/41/6 1190/66/6 1201/29/6
f 987/15/762 1202/63/762 1205/62/762
f 725/787/6 1201/29/6 1207/30/6
f 1172/773/1220 974/771/1212 1188/790/1211
f 571/796/584 526/798/584 1171/797/1221
f 571/799/586 1210/802/1224 1168/207/142
f 1172/801/1223 1200/1023/1445 1210/800/1222
f 1210/802/1224 1200/328/915 1170/356/930
f 1212/791/1210 973/186/851 988/187/852
f 1219/804/220 575/1024/220 574/803/367
f 1213/805/367 574/803/367 576/806/590
f 1214/807/591 576/806/590 577/808/233
f 1215/809/233 577/808/233 578/810/592
f 1218/812/367 1213/805/367 1214/807/591
f 1217/317/367 1218/812/367 1221/813/211
f 1222/178/220 1220/815/220 1218/812/367
f 1218/812/367 1220/815/220 1219/804/220
f 984/816/593 1216/811/593 578/810/593
f 876/817/141 1220/204/141 1222/818/141
f 1221/820/368 1214/1025/368 978/819/368
f 981/824/926 1215/351/925 1216/825/1225
f 890/827/1226 891/829/1446 1225/828/1227
f 1233/831/1229 1226/846/1447 1227/830/1230
f 1234/833/1232 1230/848/1448 1231/470/1233
f 1236/462/1235 1239/841/1449 1238/434/1236
f 1242/454/1238 1243/836/1450 1247/835/1239
f 1244/837/1241 1245/839/1451 1249/838/1242
f 1228/840/1244 1229/460/1244 1240/461/1245
f 954/445/1246 1247/835/1246 1243/836/1246
f 972/436/1247 891/829/1247 890/827/1247
f 1239/841/1248 1236/462/1248 944/456/1248
f 1232/832/1249 1227/830/1249 971/438/1249
f 953/503/1250 1244/837/1250 1248/842/1250
f 970/441/1251 890/827/1251 1224/843/1251
f 965/506/1252 1233/831/1252 1232/832/1252
f 1248/842/1253 1249/838/1253 947/844/1253
f 1224/843/1254 1225/828/1254 963/845/1254
f 1226/846/1255 1233/831/1255 965/506/1255
f 947/844/1256 1249/838/1256 1245/839/1256
f 963/845/1257 1225/828/1257 891/829/1257
f 960/451/1258 1234/833/1258 1235/834/1258
f 1241/847/1259 1240/461/1259 941/459/1259
f 1235/834/1260 1231/470/1260 966/443/1260
f 950/492/1261 1243/836/1261 1242/454/1261
f 1230/848/1262 1234/833/1262 960/451/1262
f 1227/830/1263 1226/846/1263 969/440/1263
f 962/490/1264 1229/460/1264 1228/840/1264
f 955/458/1265 1245/839/1265 1244/837/1265
f 964/469/1266 1228/840/1266 1241/847/1266
f 1253/849/637 1252/673/29 1250/674/29
f 1257/792/580 1256/853/29 1254/851/29
f 1253/849/637 1251/850/638 759/96/792
f 1089/236/1267 1252/673/1267 1253/849/1267
f 1209/239/1267 1256/853/1267 1257/792/1267
f 1251/850/1268 1250/674/1268 755/73/1268
f 1204/106/642 1254/851/642 1256/853/642
f 1255/852/1268 1254/851/1268 1204/106/1268
f 1261/854/766 1258/103/766 1259/104/766
f 1264/856/1269 1265/94/1274 1262/95/1270
f 1263/857/1272 1262/95/1272 769/93/1272
f 761/97/1273 1261/854/1273 1260/855/1273
f 1265/94/1274 1264/856/1269 1191/102/1219
f 1264/856/1275 1263/857/1275 770/99/1275
f 757/71/1276 1258/103/1276 1261/854/1276
f 1260/855/1277 1259/104/1277 758/68/1277
f 1270/861/1280 1306/863/1356 1309/862/1281
f 1303/885/1295 1304/905/1343 1269/872/1296
f 934/430/979 1284/888/29 1282/887/29
f 1312/890/1298 1310/988/1298 1286/889/1299
f 929/425/973 1285/892/29 1284/888/29
f 1276/893/1301 1301/895/1302 1307/894/1302
f 1277/864/29 1290/897/29 1289/896/29
f 868/323/29 1283/898/29 1285/892/29
f 1283/898/1304 1282/887/1304 1284/888/1304
f 1269/872/1308 1304/905/1353 1308/904/1309
f 1276/865/29 1296/903/29 1295/901/29
f 1268/869/1287 1287/907/29 1288/906/29
f 1281/878/29 1294/899/29 1292/486/29
f 1275/867/29 1295/901/29 1297/902/29
f 1269/872/29 1289/896/29 1293/900/29
f 1273/859/29 1297/902/29 1296/903/29
f 1270/861/29 1291/485/29 1294/899/29
f 1274/870/1288 1286/908/29 1287/907/29
f 1272/860/29 1288/906/29 1286/908/29
f 1280/875/29 1293/900/29 1290/897/29
f 867/325/29 1282/887/29 1283/898/29
f 1323/910/1310 1318/1026/1310 1303/909/1311
f 1302/911/1312 1317/913/1313 1316/912/1313
f 1324/915/1315 1320/939/1315 1305/914/1316
f 1315/918/1317 1314/933/1317 1299/917/1318
f 1301/895/1302 1316/920/1320 1322/937/1320
f 1305/914/1321 1306/863/1346 1270/861/1322
f 1298/922/1323 1300/947/1323 1275/867/1324
f 1267/923/1325 1299/917/1358 1298/922/1326
f 1279/924/1327 1309/916/1316 1305/914/1316
f 1307/894/1328 1302/911/1350 1271/925/1329
f 1310/928/1330 1311/931/1348 1287/927/1331
f 1300/919/1319 1299/917/1318 1267/923/1332
f 1287/927/1333 1311/931/1351 1312/890/1334
f 1271/925/1335 1302/911/1312 1301/932/1314
f 1277/864/1336 1308/904/1311 1303/909/1311
f 1318/946/1342 1319/942/1342 1304/905/1343
f 1313/934/1344 1315/1027/1344 1300/947/1323
f 1320/939/1345 1321/940/1345 1306/863/1346
f 1325/948/1347 1326/945/1347 1311/931/1348
f 1322/937/1349 1317/913/1349 1302/911/1350
f 1311/931/1351 1326/945/1352 1327/943/1352
f 1304/905/1353 1319/942/1354 1323/910/1354
f 1312/890/1298 1327/943/1355 1325/949/1355
f 1306/863/1356 1321/940/1357 1324/950/1357
f 1299/917/1358 1314/933/1359 1313/934/1359
l 489 8
