# This file uses centimeters as units for non-parametric coordinates.

v 15.090283 1.612048 -7.802766
v 15.090283 1.216013 -7.406732
v 15.090283 0.675018 -7.261775
v 15.090283 0.134023 -7.406732
v 15.090283 -0.262012 -7.802766
v 15.090283 -0.406972 -8.343761
v 15.090283 -0.262012 -8.884756
v 15.090283 0.134023 -9.280787
v 15.090283 0.675018 -9.425748
v 15.090283 1.216013 -9.280787
v 15.090283 1.612048 -8.884756
v 15.090283 1.757004 -8.343761
v 17.254253 1.479445 -7.879325
v 17.254253 1.139450 -7.539330
v 17.254253 0.675018 -7.414892
v 17.254253 0.210577 -7.539330
v 17.254253 -0.129409 -7.879325
v 17.254253 -0.253855 -8.343761
v 17.254253 -0.129409 -8.808198
v 17.254253 0.210577 -9.148188
v 17.254253 0.675018 -9.272630
v 17.254253 1.139450 -9.148188
v 17.254253 1.479445 -8.808198
v 17.254253 1.603887 -8.343761
v 16.507458 1.612048 -7.802766
v 16.507458 1.757004 -8.343761
v 16.507458 1.612048 -8.884756
v 16.507458 1.216013 -9.280787
v 16.507458 0.675018 -9.425748
v 16.507458 0.134023 -9.280787
v 16.507458 -0.262012 -8.884756
v 16.507458 -0.406972 -8.343761
v 16.507458 -0.262012 -7.802766
v 16.507458 0.134023 -7.406732
v 16.507458 0.675018 -7.261775
v 16.507458 1.216013 -7.406732
v 17.254253 1.272369 -7.998878
v 17.254253 1.019901 -7.746405
v 17.254253 0.675018 -7.653995
v 17.254253 0.330135 -7.746405
v 17.254253 0.077666 -7.998878
v 17.254253 -0.014744 -8.343761
v 17.254253 0.077666 -8.688641
v 17.254253 0.330135 -8.941113
v 17.254253 0.675018 -9.033524
v 17.254253 1.019901 -8.941113
v 17.254253 1.272369 -8.688641
v 17.254253 1.364780 -8.343761
v 17.125198 1.234078 -8.020987
v 17.125198 0.997793 -7.784697
v 17.125198 0.675018 -8.343761
v 17.125198 0.675018 -7.698214
v 17.125200 0.352238 -7.784697
v 17.125198 0.115949 -8.020987
v 17.125198 0.029463 -8.343761
v 17.125198 0.115949 -8.666536
v 17.125200 0.352238 -8.902825
v 17.125198 0.675018 -8.989312
v 17.125198 0.997793 -8.902825
v 17.125198 1.234078 -8.666536
v 17.125198 1.320572 -8.343761
v 15.090283 1.625960 -10.353422
v 15.090283 1.229929 -9.957388
v 15.090283 0.688933 -9.812431
v 15.090283 0.147939 -9.957388
v 15.090283 -0.248100 -10.353422
v 15.090283 -0.393056 -10.894414
v 15.090283 -0.248100 -11.435410
v 15.090283 0.147939 -11.831444
v 15.090283 0.688933 -11.976404
v 15.090283 1.229929 -11.831444
v 15.090283 1.625960 -11.435410
v 15.090283 1.770920 -10.894414
v 17.254253 1.493356 -10.429982
v 17.254253 1.153366 -10.089992
v 17.254253 0.688933 -9.965546
v 17.254253 0.224497 -10.089992
v 17.254253 -0.115497 -10.429982
v 17.254253 -0.239943 -10.894414
v 17.254253 -0.115497 -11.358854
v 17.254253 0.224497 -11.698841
v 17.254253 0.688933 -11.823287
v 17.254253 1.153366 -11.698841
v 17.254253 1.493356 -11.358854
v 17.254253 1.617803 -10.894414
v 16.507458 1.625960 -10.353422
v 16.507458 1.770920 -10.894414
v 16.507458 1.625960 -11.435410
v 16.507458 1.229929 -11.831444
v 16.507458 0.688933 -11.976404
v 16.507458 0.147939 -11.831444
v 16.507458 -0.248100 -11.435410
v 16.507458 -0.393056 -10.894414
v 16.507458 -0.248100 -10.353422
v 16.507458 0.147939 -9.957388
v 16.507458 0.688933 -9.812431
v 16.507458 1.229929 -9.957388
v 17.254253 1.286281 -10.549535
v 17.254253 1.033816 -10.297063
v 17.254253 0.688933 -10.204656
v 17.254253 0.344051 -10.297063
v 17.254253 0.091578 -10.549535
v 17.254253 -0.000832 -10.894414
v 17.254253 0.091578 -11.239297
v 17.254253 0.344051 -11.491766
v 17.254253 0.688933 -11.584176
v 17.254253 1.033816 -11.491766
v 17.254253 1.286281 -11.239297
v 17.254253 1.378692 -10.894414
v 17.125198 1.247990 -10.571638
v 17.125198 1.011709 -10.335349
v 17.125198 0.688933 -10.894414
v 17.125198 0.688933 -10.248863
v 17.125200 0.366150 -10.335349
v 17.125198 0.129869 -10.571638
v 17.125198 0.043375 -10.894414
v 17.125198 0.129869 -11.217189
v 17.125200 0.366150 -11.453478
v 17.125198 0.688933 -11.539966
v 17.125198 1.011709 -11.453478
v 17.125198 1.247990 -11.217189
v 17.125198 1.334484 -10.894414
v 15.633060 -0.123057 -9.119205
v 15.633060 -0.519092 -8.723170
v 15.633060 -1.060087 -8.578214
v 15.633060 -1.601082 -8.723170
v 15.633060 -1.997118 -9.119205
v 15.633060 -2.142077 -9.660204
v 15.633060 -1.997118 -10.201196
v 15.633060 -1.601082 -10.597226
v 15.633060 -1.060087 -10.742186
v 15.633060 -0.519092 -10.597226
v 15.633060 -0.123057 -10.201196
v 15.633060 0.021899 -9.660204
v 17.797031 -0.255661 -9.195764
v 17.797031 -0.595655 -8.855770
v 17.797031 -1.060087 -8.731332
v 17.797031 -1.524528 -8.855770
v 17.797031 -1.864514 -9.195764
v 17.797031 -1.988960 -9.660204
v 17.797031 -1.864514 -10.124637
v 17.797031 -1.524528 -10.464628
v 17.797031 -1.060087 -10.589069
v 17.797031 -0.595655 -10.464628
v 17.797031 -0.255661 -10.124637
v 17.797031 -0.131218 -9.660204
v 17.050236 -0.123057 -9.119205
v 17.050236 0.021899 -9.660204
v 17.050236 -0.123057 -10.201196
v 17.050236 -0.519092 -10.597226
v 17.050236 -1.060087 -10.742186
v 17.050236 -1.601082 -10.597226
v 17.050236 -1.997118 -10.201196
v 17.050236 -2.142077 -9.660204
v 17.050236 -1.997118 -9.119205
v 17.050236 -1.601082 -8.723170
v 17.050236 -1.060087 -8.578214
v 17.050236 -0.519092 -8.723170
v 17.797031 -0.462736 -9.315321
v 17.797031 -0.715204 -9.062845
v 17.797031 -1.060087 -8.970438
v 17.797031 -1.404970 -9.062845
v 17.797031 -1.657439 -9.315321
v 17.797031 -1.749850 -9.660204
v 17.797031 -1.657439 -10.005083
v 17.797031 -1.404970 -10.257551
v 17.797031 -1.060087 -10.349962
v 17.797031 -0.715204 -10.257551
v 17.797031 -0.462736 -10.005083
v 17.797031 -0.370325 -9.660204
v 17.667974 -0.501027 -9.337425
v 17.667974 -0.737312 -9.101135
v 17.667974 -1.060087 -9.660204
v 17.667974 -1.060087 -9.014654
v 17.667978 -1.382867 -9.101135
v 17.667974 -1.619156 -9.337425
v 17.667974 -1.705642 -9.660204
v 17.667974 -1.619156 -9.982975
v 17.667978 -1.382867 -10.219265
v 17.667974 -1.060087 -10.305750
v 17.667974 -0.737312 -10.219265
v 17.667974 -0.501027 -9.982975
v 17.667974 -0.414533 -9.660204
v 17.649185 4.990105 -0.009847
v 17.679306 5.042731 1.226446
v 18.058815 1.552920 1.434514
v 18.074213 1.552920 -0.009847
v 18.246796 1.552920 1.942338
v 17.889423 4.903430 1.743593
v 18.932907 3.909974 2.223655
v 19.136475 1.552920 2.230834
v 19.501316 3.165746 2.577738
v 19.884123 1.552920 2.522051
v 20.324623 2.063592 3.082347
v 20.324310 1.552920 3.082628
v 19.723618 2.944855 2.907065
v 19.918488 1.552920 2.881404
v 19.367786 1.552920 -0.009847
v 20.390167 1.552920 -0.009847
v 20.390167 1.552920 2.045220
v 20.390163 1.552920 2.511138
v 14.343110 6.750116 -0.009847
v 14.371357 6.749131 1.044176
v 14.455067 6.736397 2.478029
v 18.315701 4.872037 4.853187
v 19.264120 3.588049 4.024247
v 19.689865 3.002693 3.632789
v 20.361408 0.259531 -0.009855
v 20.390163 0.276115 1.829106
v 20.278057 1.125565 3.092214
v 9.636217 6.912141 -0.009851
v 9.690716 6.899400 4.369861
v 10.400657 4.828588 6.674964
v 6.176051 6.912141 4.487567
v 6.174758 5.023868 6.726889
v 10.054068 4.866209 6.690435
v 10.037180 1.693148 8.647624
v 6.183973 1.690850 8.634178
v 9.987002 4.194370 7.337775
v 6.171674 4.268449 7.402462
v 10.025158 3.063046 8.199875
v 6.191180 3.024350 8.283609
v 10.013656 1.210373 6.699212
v 10.025158 1.596423 8.107322
v 10.409772 1.090727 6.612728
v 18.026819 1.082247 4.524969
v 19.029259 1.045126 3.957439
v 19.734652 1.030798 3.437005
v 19.946899 0.385640 2.394726
v 18.888571 0.336406 3.144274
v 17.407572 0.353955 3.949613
v 10.327828 0.359749 5.881723
v 8.873289 1.118748 6.734926
v 8.973733 0.281824 5.890738
v 6.171674 0.942449 6.683532
v 6.171674 1.437674 7.788011
v 16.501169 0.241554 -0.009847
v 15.218364 -1.551963 -0.009847
v 16.515608 0.259527 1.959314
v 15.205410 -1.551963 1.478999
v 14.321848 -1.576030 0.560054
v 14.327927 -1.551963 -0.009847
v 13.874659 -2.912140 0.313791
v 13.907349 -2.912140 -0.009847
v 11.260411 -1.588029 1.584833
v 10.972939 -2.912140 1.120031
v 13.082804 -0.959658 1.959353
v 9.388803 -1.517964 1.840793
v 9.425435 -1.551963 1.609000
v 9.473408 -2.690725 1.314233
v 9.340384 0.259527 2.448207
v 13.674080 0.259527 2.340070
v 9.038774 -1.536500 5.502122
v 9.006054 -2.187598 5.351261
v 8.789963 1.143754 7.466906
v 8.818857 0.413041 7.369507
v 8.805130 -0.472906 7.741967
v 8.765599 -1.529828 8.545505
v 8.691777 -1.822101 8.566439
v 5.932671 -2.714811 1.308320
v 6.272600 -2.186570 5.359883
v 6.530104 -1.815298 8.566439
v 5.674190 -1.469908 1.832874
v 5.820501 -1.590727 1.584171
v 5.688879 0.259527 2.697380
v 6.305170 0.259527 6.014226
v 1.396924 -1.557872 1.792759
v 1.512728 -1.588741 1.132938
v 1.372026 0.242393 2.433163
v 6.413017 0.976775 6.758447
v 6.489334 1.157458 7.478624
v 5.977140 0.706318 6.482458
v 5.942641 5.251851 6.468581
v 4.386518 0.601889 6.478474
v 3.858504 0.259527 6.114325
v 4.188713 0.787650 6.676068
v 4.192404 1.148216 7.037031
v -1.212283 1.207763 7.352938
v -1.209493 0.289592 6.491528
v -1.185187 0.241978 5.485704
v 0.821522 0.258211 5.502496
v 6.496428 -1.544753 8.560676
v 6.480653 -0.862208 7.910305
v 6.460805 0.487051 7.371327
v 5.999803 6.912141 -0.009847
v -1.222396 6.880336 -0.009847
v -1.216064 6.891157 2.650047
v -1.204200 6.900623 4.809661
v 4.161819 5.151725 6.685838
v 4.377938 5.321330 6.468735
v -1.202171 4.885256 7.321653
v 4.194675 4.830132 7.038074
v -1.136356 3.487336 7.348519
v 4.194675 3.432207 7.043956
v -1.156693 3.459781 8.195761
v 4.184956 2.158328 7.041203
v -1.216064 6.640949 4.811166
v -1.216064 4.824974 7.036110
v -1.159857 6.627860 2.909733
v -1.216064 3.377887 6.995780
v -1.049662 4.682365 6.853642
v -1.049662 6.460031 4.672196
v -1.186099 3.934072 6.242967
v -1.049662 6.452309 3.177561
v -1.234764 1.668104 6.227626
v -1.189059 2.175031 7.354070
v -0.388706 3.436006 8.975674
v 1.140633 3.442181 8.975674
v 1.139043 3.459781 8.713889
v 1.236393 3.459781 8.489630
v 2.020290 3.459781 8.488021
v 4.191176 3.459781 8.797507
v 2.115631 3.459781 8.688622
v 4.034090 3.459781 8.975674
v 2.128722 3.459781 8.975674
v 1.250097 2.163109 8.490146
v 2.008287 2.163328 8.490146
v 2.109633 2.161873 8.974692
v 4.044726 2.158328 8.960333
v 4.194675 2.166296 8.805111
v -1.181087 2.168775 8.196107
v -0.384691 2.163694 8.975674
v 1.144067 2.159421 8.975674
v 1.144209 2.162197 8.708666
v 2.109633 2.171162 8.713150
v 10.540654 -2.912140 -0.009847
v 9.123686 -2.912140 -0.009847
v 5.622368 -2.912140 -0.009847
v 1.632401 -2.912140 0.656949
v 1.335987 -2.912140 -0.009847
v -1.276528 -2.912140 0.473371
v -1.284927 -2.912140 -0.009847
v 1.532072 -2.389079 0.936576
v -1.264513 -2.525928 0.625603
v 1.341391 -1.899760 1.931513
v 1.091529 -0.992741 3.551569
v 0.921301 -0.368169 4.698607
v -1.220106 -0.399420 4.655693
v -1.181657 -1.070284 3.544617
v -1.220109 -1.894390 1.942173
v -1.284927 -2.500792 -0.009847
v -1.287091 -1.540199 -0.009847
v -1.263389 -1.546804 1.795307
v -1.154060 0.257572 2.438487
v -1.241301 0.259666 4.166705
v -5.821240 -0.226066 1.470164
v -5.834717 -0.222062 -0.009847
v -5.834717 0.258349 -0.009839
v -5.890423 0.283067 1.670884
v -6.698915 0.259874 2.945421
v -6.609923 0.343273 -0.009847
v -7.061609 1.661922 4.235745
v -8.344015 0.527617 3.083664
v -8.256728 0.535435 -0.009847
v -9.450838 0.333176 2.952824
v -9.396091 0.357782 -0.009839
v -9.875998 -0.042387 2.725346
v -9.822018 -0.023233 -0.009839
v -10.694130 -2.055006 1.499671
v -10.659538 -2.038376 -0.009847
v -9.889733 2.022357 3.961416
v -12.158773 2.169210 3.739066
v -17.132450 -0.081560 2.151053
v -16.598814 -2.214783 1.235746
v -17.906870 2.116546 3.175055
v -16.368620 -2.245829 -0.009847
v -18.350403 -2.220530 0.607195
v -18.360788 -2.242672 -0.009847
v -18.914427 -0.477306 1.001878
v -20.345358 2.108966 1.545483
v -19.018280 -0.208912 -0.009847
v -20.390167 2.135789 -0.009851
v -20.290474 3.451324 -0.009847
v -20.377275 3.372144 1.510761
v -18.127884 3.419296 3.023612
v -7.063095 3.909817 4.238401
v -1.590222 4.015042 6.125577
v -2.967364 6.869512 1.929173
v -6.920557 6.058676 2.344205
v -2.700768 6.879032 -0.009847
v -6.949613 6.052717 -0.009847
v -17.613316 4.827918 2.272866
v -17.446095 4.866775 -0.009847
v -18.878517 4.607701 -0.009851
v -18.917889 4.594924 1.016268
v 10.035244 1.746441 10.298864
v 6.182037 1.747114 10.285567
v 1.856129 -0.838654 8.031075
v 1.862950 0.552824 7.414210
v 5.018861 -1.574667 8.566439
v 1.959264 1.136421 7.492851
v 4.996866 -1.909415 8.566439
v 12.539141 -0.489405 7.583330
v 10.674039 -1.545215 8.561142
v 12.523708 0.399167 7.382383
v 12.523492 1.025101 7.372382
v 10.673950 -1.839531 8.591741
v 12.744592 -1.092384 8.156803
v 13.262440 -1.526849 8.497063
v 1.897657 -1.502663 8.557608
v 1.940510 1.685842 8.668388
v 1.941703 1.734550 10.315775
v 13.366726 1.731524 8.658652
v 13.744741 1.776236 10.226953
v 13.680875 1.864150 9.381828
v 10.064984 1.530508 11.283409
v 6.211778 1.535019 11.271567
v 1.941695 1.533614 11.249052
v 13.804498 1.547095 11.239824
v 10.120691 1.136544 11.825870
v 6.267488 1.144605 11.822490
v 2.009146 1.151449 11.819614
v 14.070589 1.153512 11.818748
v 10.162716 0.467646 11.932574
v 6.309509 0.475522 11.932962
v 2.006594 0.482220 11.932936
v 14.258335 0.471992 11.933736
v 10.266129 -0.788722 11.380350
v 6.412925 -0.783460 11.384257
v 2.006752 -0.759828 11.401284
v 14.013542 -0.770144 11.394151
v 10.678516 -1.591948 10.702945
v 5.007782 -1.584364 10.710655
v 1.976972 -1.593849 10.693110
v 13.803073 -1.593002 10.704432
v 10.686350 -2.056781 9.845692
v 13.733929 -2.086599 9.755299
v 10.674475 -1.903247 9.067664
v 13.551722 -1.863775 9.010546
v 4.993158 -2.050671 9.876568
v 1.931994 -2.058540 9.769714
v 4.996789 -2.010598 9.232433
v 1.904271 -1.979275 9.209256
v 1.922263 1.417371 7.798859
v 12.663110 1.549813 8.078905
v 13.122253 1.696155 8.349224
v 10.591287 -2.289655 10.651077
v 5.048429 -2.279916 10.659549
v 4.996789 -2.302528 8.699257
v 10.673950 -2.184014 8.716472
v 5.038786 -2.516667 10.093834
v 4.997944 -2.524912 9.226379
v 10.581008 -2.515193 9.165256
v 10.581008 -2.522556 10.056781
v 13.430142 2.231730 8.590352
v 13.813993 2.282693 9.491819
v 13.778352 1.960376 9.649864
v 13.795874 2.291362 9.843997
v 14.010021 2.102695 11.292481
v 13.334572 1.832065 8.468111
v 13.053347 2.116292 8.261647
v 12.801426 2.096132 8.033709
v 12.673862 1.810442 7.296458
v 14.293762 1.801027 11.984449
v 14.516178 1.524957 12.272819
v 14.651949 1.150906 12.428764
v 14.592043 0.324337 12.302729
v 14.037572 -0.780792 11.459692
v 14.178644 -0.751944 11.758396
v 14.110036 -1.024903 11.591079
v 13.801980 -1.665784 10.699172
v 13.972188 -1.730467 10.992661
v 13.858482 -1.966341 10.749982
v 13.836641 -2.325936 10.162192
v 13.775522 -2.425180 9.624015
v 13.658186 -2.288835 9.058137
v 13.346821 -1.944907 8.487097
v 12.813581 -1.532053 8.052009
v 12.773914 -1.248993 7.821367
v 12.685410 -0.538197 7.340727
v 12.675405 0.493276 6.892937
v 12.677052 1.163733 6.844237
v 12.672891 1.570908 7.027287
v 16.058750 2.291628 9.838850
v 16.130308 1.997739 9.733336
v 16.058750 2.097248 11.331154
v 16.058750 1.797739 11.865620
v 16.058750 1.562678 12.228787
v 16.058750 1.146553 12.369541
v 16.058750 0.417607 12.279885
v 16.058750 -0.744052 11.766568
v 16.058750 2.228315 9.494218
v 16.058750 2.215878 8.577814
v 16.130308 1.860801 8.467010
v 16.058750 2.147580 8.249702
v 16.130308 -0.745885 11.500862
v 16.058750 -1.025400 11.582210
v 16.058750 -1.725686 10.997515
v 16.130308 -1.672733 10.714759
v 16.058750 -1.984364 10.734598
v 16.058750 -2.332165 10.113441
v 16.058750 2.065528 7.906765
v 16.058750 1.786972 7.268578
v 16.058750 1.312588 6.919263
v 16.058750 0.922309 6.842312
v 16.058750 -2.403330 9.595644
v 16.059277 -2.277887 9.039660
v 16.058750 -1.996825 8.524402
v 16.058750 -1.679951 8.213283
v 16.058750 -1.429137 7.955182
v 16.058750 -0.967823 7.633581
v 16.058750 -0.014821 7.062980
v 16.130314 1.815936 11.183884
v 16.130314 1.779315 7.920363
v 16.130314 1.558455 7.448402
v 16.130314 1.221560 7.183415
v 16.130314 0.878390 7.091266
v 16.130314 0.128995 7.240222
v 16.130314 -0.788333 7.694200
v 16.130314 -1.918576 8.708122
v 16.130314 -1.638861 8.402401
v 16.130314 -1.274238 8.070821
v 16.130835 -2.130856 9.093317
v 16.130314 -2.253377 9.591063
v 16.130314 -2.176973 10.050968
v 16.130314 1.616444 11.688847
v 16.130314 1.368933 11.993365
v 16.130314 1.006801 12.123705
v 16.130314 0.435918 12.098757
v 15.941885 1.844364 9.747279
v 15.943924 1.622141 11.253114
v 15.943552 1.623253 8.001030
v 15.959719 1.241823 7.329230
v 15.946397 -0.163084 7.535323
v 15.957894 1.286812 11.883396
v 15.947513 0.542199 11.954716
v 15.930468 -0.687631 11.297281
v 15.929886 -1.449366 10.645109
v 15.947340 -1.367215 8.345739
v 15.961716 -2.076055 9.327340
v 15.951159 -2.014143 10.028046
v 15.885929 0.286054 9.506490
v 1.495209 -0.531792 8.602273
v 1.448107 0.192265 8.350867
v 1.445093 0.829124 8.339284
v 1.520696 -1.063471 8.922026
v 1.485847 1.112323 9.122254
v 1.511631 1.184050 10.043336
v 1.488053 1.084368 10.735327
v 1.470326 0.555229 11.222987
v 1.472686 -0.351759 10.747960
v 1.462716 -0.906712 10.259204
v 1.491513 -1.350535 9.555744
v 1.354637 0.057156 9.629050
v 17.679306 5.042731 -1.246136
v 18.058815 1.552920 -1.454208
v 18.246796 1.552920 -1.962028
v 17.889423 4.903430 -1.763283
v 18.932907 3.909974 -2.243349
v 19.136475 1.552920 -2.250524
v 19.501316 3.165746 -2.597428
v 19.884123 1.552920 -2.541741
v 20.324623 2.063592 -3.102041
v 20.324310 1.552920 -3.102319
v 19.723618 2.944855 -2.926759
v 19.918488 1.552920 -2.901098
v 20.390167 1.552920 -2.064910
v 20.390163 1.552920 -2.530832
v 14.371357 6.749131 -1.063867
v 14.455067 6.736397 -2.497722
v 18.315701 4.872037 -4.872881
v 19.264120 3.588049 -4.043937
v 19.689865 3.002693 -3.652483
v 20.361408 0.259531 -0.009839
v 20.390163 0.276115 -1.848796
v 20.278057 1.125565 -3.111904
v 9.636217 6.912141 -0.009843
v 9.690716 6.899400 -4.389556
v 10.400657 4.828588 -6.694654
v 6.176051 6.912141 -4.507261
v 6.174758 5.023868 -6.746579
v 10.054068 4.866209 -6.710129
v 10.037180 1.693148 -8.667318
v 6.183973 1.690850 -8.653868
v 9.987002 4.194370 -7.357465
v 6.171674 4.268449 -7.422153
v 10.025158 3.063046 -8.219569
v 6.191180 3.024350 -8.303303
v 10.013656 1.210373 -6.718902
v 10.025158 1.596423 -8.127016
v 10.409772 1.090727 -6.632423
v 18.026819 1.082247 -4.544663
v 19.029259 1.045126 -3.977129
v 19.734652 1.030798 -3.456698
v 19.946899 0.385640 -2.414420
v 18.888571 0.336406 -3.163965
v 17.407572 0.353955 -3.969304
v 10.327828 0.359749 -5.901417
v 8.873289 1.118748 -6.754620
v 8.973733 0.281824 -5.910429
v 6.171674 0.942449 -6.703222
v 6.171674 1.437674 -7.807706
v 16.515608 0.259527 -1.979005
v 15.205410 -1.551963 -1.498689
v 14.321848 -1.576030 -0.579744
v 13.874659 -2.912140 -0.333485
v 11.260411 -1.588029 -1.604527
v 10.972939 -2.912140 -1.139724
v 13.082804 -0.959658 -1.979047
v 9.388803 -1.517964 -1.860487
v 9.425435 -1.551963 -1.628694
v 9.473408 -2.690725 -1.333923
v 9.340384 0.259527 -2.467897
v 13.674080 0.259527 -2.359765
v 9.038774 -1.536500 -5.521812
v 9.006054 -2.187598 -5.370955
v 8.789963 1.143754 -7.486600
v 8.818857 0.413041 -7.389201
v 8.805130 -0.472906 -7.761661
v 8.765599 -1.529828 -8.565195
v 8.691777 -1.822101 -8.586129
v 5.932671 -2.714811 -1.328014
v 6.272600 -2.186570 -5.379574
v 6.530104 -1.815298 -8.586129
v 5.674190 -1.469908 -1.852568
v 5.820501 -1.590727 -1.603861
v 5.688879 0.259527 -2.717074
v 6.305170 0.259527 -6.033920
v 1.396924 -1.557872 -1.812453
v 1.512728 -1.588741 -1.152628
v 1.372026 0.242393 -2.452857
v 6.413017 0.976775 -6.778142
v 6.489334 1.157458 -7.498315
v 5.977140 0.706318 -6.502148
v 5.942641 5.251851 -6.488275
v 4.386518 0.601889 -6.498168
v 3.858504 0.259527 -6.134018
v 4.188713 0.787650 -6.695758
v 4.192404 1.148216 -7.056721
v -1.212283 1.207763 -7.372632
v -1.209493 0.289592 -6.511218
v -1.185187 0.241978 -5.505394
v 0.821522 0.258211 -5.522185
v 6.496428 -1.544753 -8.580370
v 6.480653 -0.862208 -7.929999
v 6.460805 0.487051 -7.391022
v -1.216064 6.891157 -2.669740
v -1.204200 6.900623 -4.829351
v 4.161819 5.151725 -6.705528
v 4.377938 5.321330 -6.488429
v -1.202171 4.885256 -7.341348
v 4.194675 4.830132 -7.057764
v -1.136356 3.487336 -7.368214
v 4.194675 3.432207 -7.063646
v -1.156693 3.459781 -8.215454
v 4.184956 2.158328 -7.060898
v -1.216064 6.640949 -4.830856
v -1.216064 4.824974 -7.055800
v -1.159857 6.627860 -2.929423
v -1.216064 3.377887 -7.015473
v -1.049662 4.682365 -6.873335
v -1.049662 6.460031 -4.691890
v -1.186099 3.934072 -6.262661
v -1.049662 6.452309 -3.197251
v -1.234764 1.668104 -6.247316
v -1.189059 2.175031 -7.373764
v -0.388706 3.436006 -8.995363
v 1.140633 3.442181 -8.995363
v 1.139043 3.459781 -8.733580
v 1.236393 3.459781 -8.509319
v 2.020290 3.459781 -8.507711
v 4.191176 3.459781 -8.817201
v 2.115631 3.459781 -8.708311
v 4.034090 3.459781 -8.995363
v 2.128722 3.459781 -8.995363
v 1.250097 2.163109 -8.509840
v 2.008287 2.163328 -8.509840
v 2.109633 2.161873 -8.994381
v 4.044726 2.158328 -8.980026
v 4.194675 2.166296 -8.824800
v -1.181087 2.168775 -8.215796
v -0.384691 2.163694 -8.995363
v 1.144067 2.159421 -8.995363
v 1.144209 2.162197 -8.728355
v 2.109633 2.171162 -8.732844
v 1.632401 -2.912140 -0.676643
v -1.276528 -2.912140 -0.493061
v 1.532072 -2.389079 -0.956266
v -1.264513 -2.525928 -0.645293
v 1.341391 -1.899760 -1.951204
v 1.091529 -0.992741 -3.571263
v 0.921301 -0.368169 -4.718302
v -1.220106 -0.399420 -4.675384
v -1.181657 -1.070284 -3.564311
v -1.220109 -1.894390 -1.961866
v -1.263389 -1.546804 -1.815001
v -1.154060 0.257572 -2.458180
v -1.241301 0.259666 -4.186399
v -5.821240 -0.226066 -1.489858
v -5.834717 0.258349 -0.009855
v -5.890423 0.283067 -1.690578
v -6.698915 0.259874 -2.965116
v -7.061609 1.661922 -4.255435
v -8.344015 0.527617 -3.103354
v -9.450838 0.333176 -2.972514
v -9.396091 0.357782 -0.009855
v -9.875998 -0.042387 -2.745040
v -9.822018 -0.023233 -0.009855
v -10.694130 -2.055006 -1.519361
v -9.889733 2.022357 -3.981106
v -12.158773 2.169210 -3.758760
v -17.132450 -0.081560 -2.170748
v -16.598814 -2.214783 -1.255440
v -17.906870 2.116546 -3.194745
v -18.350403 -2.220530 -0.626885
v -18.914427 -0.477306 -1.021572
v -20.345358 2.108966 -1.565173
v -20.390167 2.135789 -0.009843
v -20.377275 3.372144 -1.530451
v -18.127884 3.419296 -3.043302
v -7.063095 3.909817 -4.258096
v -1.590222 4.015042 -6.145271
v -2.967364 6.869512 -1.948867
v -6.920557 6.058676 -2.363895
v -17.613316 4.827918 -2.292560
v -18.878517 4.607701 -0.009843
v -18.917889 4.594924 -1.035958
v 10.035244 1.746441 -10.318559
v 6.182037 1.747114 -10.305262
v 1.856129 -0.838654 -8.050769
v 1.862950 0.552824 -7.433906
v 5.018861 -1.574667 -8.586129
v 1.959264 1.136421 -7.512542
v 4.996866 -1.909415 -8.586129
v 12.539141 -0.489405 -7.603024
v 10.674039 -1.545215 -8.580836
v 12.523708 0.399167 -7.402073
v 12.523492 1.025101 -7.392076
v 10.673950 -1.839531 -8.611435
v 12.744592 -1.092384 -8.176493
v 13.262440 -1.526849 -8.516752
v 1.897657 -1.502663 -8.577297
v 1.940510 1.685842 -8.688082
v 1.941703 1.734550 -10.335464
v 13.366726 1.731524 -8.678343
v 13.744741 1.776236 -10.246642
v 13.680875 1.864150 -9.401519
v 10.064984 1.530508 -11.303099
v 6.211778 1.535019 -11.291258
v 1.941695 1.533614 -11.268745
v 13.804498 1.547095 -11.259515
v 10.120691 1.136544 -11.845564
v 6.267488 1.144605 -11.842180
v 2.009146 1.151449 -11.839309
v 14.070589 1.153512 -11.838442
v 10.162716 0.467646 -11.952263
v 6.309509 0.475522 -11.952652
v 2.006594 0.482220 -11.952626
v 14.258335 0.471992 -11.953426
v 10.266129 -0.788722 -11.400044
v 6.412925 -0.783460 -11.403948
v 2.006752 -0.759828 -11.420979
v 14.013542 -0.770144 -11.413845
v 10.678516 -1.591948 -10.722635
v 5.007782 -1.584364 -10.730349
v 1.976972 -1.593849 -10.712803
v 13.803073 -1.593002 -10.724121
v 10.686350 -2.056781 -9.865381
v 13.733929 -2.086599 -9.774988
v 10.674475 -1.903247 -9.087354
v 13.551722 -1.863775 -9.030239
v 4.993158 -2.050671 -9.896262
v 1.931994 -2.058540 -9.789404
v 4.996789 -2.010598 -9.252128
v 1.904271 -1.979275 -9.228947
v 1.922263 1.417371 -7.818553
v 12.663110 1.549813 -8.098595
v 13.122253 1.696155 -8.368917
v 10.591287 -2.289655 -10.670767
v 5.048429 -2.279916 -10.679239
v 4.996789 -2.302528 -8.718947
v 10.673950 -2.184014 -8.736166
v 5.038786 -2.516667 -10.113523
v 4.997944 -2.524912 -9.246069
v 10.581008 -2.515193 -9.184950
v 10.581008 -2.522556 -10.076475
v 13.430142 2.231730 -8.610042
v 13.813993 2.282693 -9.511514
v 13.778352 1.960376 -9.669554
v 13.795874 2.291362 -9.863691
v 14.010021 2.102695 -11.312176
v 13.334572 1.832065 -8.487805
v 13.053347 2.116292 -8.281338
v 12.801426 2.096132 -8.053398
v 12.673862 1.810442 -7.316153
v 14.293762 1.801027 -12.004144
v 14.516178 1.524957 -12.292513
v 14.651949 1.150906 -12.448459
v 14.592043 0.324337 -12.322418
v 14.037572 -0.780792 -11.479385
v 14.178644 -0.751944 -11.778087
v 14.110036 -1.024903 -11.610773
v 13.801980 -1.665784 -10.718863
v 13.972188 -1.730467 -11.012354
v 13.858482 -1.966341 -10.769671
v 13.836641 -2.325936 -10.181887
v 13.775522 -2.425180 -9.643709
v 13.658186 -2.288835 -9.077827
v 13.346821 -1.944907 -8.506790
v 12.813581 -1.532053 -8.071703
v 12.773914 -1.248993 -7.841057
v 12.685410 -0.538197 -7.360418
v 12.675405 0.493276 -6.912631
v 12.677052 1.163733 -6.863927
v 12.672891 1.570908 -7.046978
v 16.058750 2.291628 -9.858544
v 16.130308 1.997739 -9.753026
v 16.058750 2.097248 -11.350847
v 16.058750 1.797739 -11.885309
v 16.058750 1.562678 -12.248478
v 16.058750 1.146553 -12.389231
v 16.058750 0.417607 -12.299580
v 16.058750 -0.744052 -11.786263
v 16.058750 2.228315 -9.513912
v 16.058750 2.215878 -8.597507
v 16.130308 1.860801 -8.486704
v 16.058750 2.147580 -8.269393
v 16.130308 -0.745885 -11.520553
v 16.058750 -1.025400 -11.601904
v 16.058750 -1.725686 -11.017209
v 16.130308 -1.672733 -10.734453
v 16.058750 -1.984364 -10.754290
v 16.058750 -2.332165 -10.133136
v 16.058750 2.065528 -7.926453
v 16.058750 1.786972 -7.288271
v 16.058750 1.312588 -6.938954
v 16.058750 0.922309 -6.862006
v 16.058750 -2.403330 -9.615338
v 16.059277 -2.277887 -9.059353
v 16.058750 -1.996825 -8.544096
v 16.058750 -1.679951 -8.232973
v 16.058750 -1.429137 -7.974876
v 16.058750 -0.967823 -7.653275
v 16.058750 -0.014821 -7.082674
v 16.130314 1.815936 -11.203577
v 16.130314 1.779315 -7.940058
v 16.130314 1.558455 -7.468092
v 16.130314 1.221560 -7.203105
v 16.130314 0.878390 -7.110960
v 16.130314 0.128995 -7.259912
v 16.130314 -0.788333 -7.713893
v 16.130314 -1.918576 -8.727816
v 16.130314 -1.638861 -8.422091
v 16.130314 -1.274238 -8.090510
v 16.130835 -2.130856 -9.113007
v 16.130314 -2.253377 -9.610754
v 16.130314 -2.176973 -10.070662
v 16.130314 1.616444 -11.708542
v 16.130314 1.368933 -12.013059
v 16.130314 1.006801 -12.143398
v 16.130314 0.435918 -12.118450
v 15.941885 1.844364 -9.766969
v 15.943924 1.622141 -11.272807
v 15.943552 1.623253 -8.020724
v 15.959719 1.241823 -7.348919
v 15.946397 -0.163084 -7.555017
v 15.957894 1.286812 -11.903090
v 15.947513 0.542199 -11.974410
v 15.930468 -0.687631 -11.316972
v 15.929886 -1.449366 -10.664804
v 15.947340 -1.367215 -8.365430
v 15.961716 -2.076055 -9.347029
v 15.951159 -2.014143 -10.047735
v 15.885929 0.286054 -9.526184
v 1.495209 -0.531792 -8.621967
v 1.448107 0.192265 -8.370562
v 1.445093 0.829124 -8.358974
v 1.520696 -1.063471 -8.941721
v 1.485847 1.112323 -9.141944
v 1.511631 1.184050 -10.063025
v 1.488053 1.084368 -10.755016
v 1.470326 0.555229 -11.242678
v 1.472686 -0.351759 -10.767654
v 1.462716 -0.906712 -10.278893
v 1.491513 -1.350535 -9.575434
v 1.354637 0.057156 -9.648740
v -2.512716 -0.415299 -5.139547
v -2.512716 -0.279473 -5.467453
v -2.512716 0.048429 -5.603271
v -2.512716 0.376336 -5.467453
v -2.512716 0.512161 -5.139539
v -2.512716 0.376344 -4.811640
v -2.512716 0.048433 -4.675815
v -2.512716 -0.279481 -4.811640
v -5.627115 -0.526761 -5.139539
v -5.627115 -0.358292 -5.546275
v -5.627115 0.048433 -5.714736
v -5.627115 0.455154 -5.546268
v -5.627115 0.623627 -5.139543
v -5.627115 0.455158 -4.732821
v -5.627115 0.048433 -4.564345
v -5.627115 -0.358292 -4.732818
v -2.457942 0.048433 -5.139547
v -3.915873 -0.428275 -5.616255
v -3.915873 -0.625727 -5.139547
v -3.915873 -0.428279 -4.662838
v -3.915873 0.048433 -4.465382
v -3.915873 0.525142 -4.662838
v -3.915873 0.722597 -5.139547
v -3.915873 0.525134 -5.616251
v -3.915873 0.048433 -5.813710
v -4.474067 -0.428275 -5.616255
v -4.474067 -0.625727 -5.139547
v -4.474067 -0.428279 -4.662838
v -4.474067 0.048433 -4.465382
v -4.474067 0.525142 -4.662838
v -4.474067 0.722597 -5.139547
v -4.474067 0.525134 -5.616251
v -4.474067 0.048433 -5.813710
v -3.915873 -0.501704 -5.689688
v -3.915873 -0.729578 -5.139547
v -4.474067 -0.501704 -5.689688
v -4.474067 -0.729578 -5.139547
v -3.915873 -0.501708 -4.589409
v -4.474067 -0.501708 -4.589409
v -3.915873 -0.053597 -4.259501
v -4.474067 -0.053597 -4.259501
v -3.915873 0.598571 -4.589409
v -4.474067 0.598571 -4.589409
v -3.915873 0.928472 -5.241570
v -4.474067 0.928472 -5.241570
v -3.915873 0.598571 -5.689692
v -4.474067 0.598571 -5.689692
v -3.915873 0.048433 -5.917558
v -4.474067 0.048433 -5.917558
v -4.999806 0.048433 -5.813710
v -4.999806 -0.428275 -5.616255
v -4.999806 -0.625727 -5.139547
v -4.999806 -0.428279 -4.662838
v -4.999806 0.048433 -4.465382
v -4.999806 0.525142 -4.662838
v -4.999806 0.722597 -5.139547
v -4.999806 0.525134 -5.616251
v -5.034564 0.048433 -5.714736
v -5.034564 -0.358292 -5.546275
v -5.034564 -0.526761 -5.139539
v -5.034564 -0.358292 -4.732818
v -5.034564 0.048433 -4.564345
v -5.034564 0.455158 -4.732821
v -5.034564 0.623627 -5.139543
v -5.034564 0.455154 -5.546268
v -2.605524 0.048433 -5.765103
v -2.605524 -0.393903 -5.581883
v -2.605524 -0.577131 -5.139539
v -2.605524 -0.393911 -4.697210
v -2.605524 0.048429 -4.513983
v -2.605524 0.490774 -4.697210
v -2.605524 0.673994 -5.139547
v -2.605524 0.490774 -5.581891
v -3.915873 0.650366 -3.759603
v -3.915873 1.039375 -4.148604
v -4.474067 0.650366 -3.759603
v -4.474067 1.039375 -4.148604
v -3.915873 1.428377 -4.537618
v -4.474067 1.428377 -4.537618
v -5.627115 -0.375029 -5.139543
v -5.627115 -0.250999 -5.438979
v -5.627115 0.048433 -5.563002
v -5.627115 0.347862 -5.438975
v -5.627115 0.471896 -5.139539
v -5.627115 0.347869 -4.840110
v -5.627115 0.048433 -4.716080
v -5.627115 -0.250999 -4.840110
v -5.343766 -0.375029 -5.139543
v -5.343766 -0.250999 -5.438979
v -5.343770 0.048433 -5.139547
v -5.343766 0.048433 -5.563002
v -5.343766 0.347862 -5.438975
v -5.343766 0.471896 -5.139539
v -5.343766 0.347869 -4.840110
v -5.343766 0.048433 -4.716080
v -5.343766 -0.250999 -4.840110
v -3.455278 0.538542 -5.629652
v -3.455278 0.048433 -5.832669
v -3.455282 -0.441675 -5.629655
v -3.455282 -0.644682 -5.139551
v -3.455282 -0.441671 -4.649438
v -3.455282 0.048433 -4.446431
v -3.455282 0.538542 -4.649438
v -3.455278 0.741552 -5.139551
v 15.090283 1.612048 11.444656
v 15.090283 1.216013 11.840691
v 15.090283 0.675018 11.985646
v 15.090283 0.134023 11.840691
v 15.090283 -0.262012 11.444656
v 15.090283 -0.406972 10.903660
v 15.090283 -0.262012 10.362665
v 15.090283 0.134023 9.966635
v 15.090283 0.675018 9.821674
v 15.090283 1.216013 9.966635
v 15.090283 1.612048 10.362665
v 15.090283 1.757004 10.903660
v 17.254253 1.479445 11.368096
v 17.254253 1.139450 11.708088
v 17.254253 0.675018 11.832529
v 17.254253 0.210577 11.708088
v 17.254253 -0.129409 11.368096
v 17.254253 -0.253855 10.903660
v 17.254253 -0.129409 10.439223
v 17.254253 0.210577 10.099234
v 17.254253 0.675018 9.974792
v 17.254253 1.139450 10.099234
v 17.254253 1.479445 10.439223
v 17.254253 1.603887 10.903660
v 16.507458 1.612048 11.444656
v 16.507458 1.757004 10.903660
v 16.507458 1.612048 10.362665
v 16.507458 1.216013 9.966635
v 16.507458 0.675018 9.821674
v 16.507458 0.134023 9.966635
v 16.507458 -0.262012 10.362665
v 16.507458 -0.406972 10.903660
v 16.507458 -0.262012 11.444656
v 16.507458 0.134023 11.840691
v 16.507458 0.675018 11.985646
v 16.507458 1.216013 11.840691
v 17.254253 1.272369 11.248543
v 17.254253 1.019901 11.501017
v 17.254253 0.675018 11.593422
v 17.254253 0.330135 11.501017
v 17.254253 0.077666 11.248543
v 17.254253 -0.014744 10.903660
v 17.254253 0.077666 10.558781
v 17.254253 0.330135 10.306309
v 17.254253 0.675018 10.213898
v 17.254253 1.019901 10.306309
v 17.254253 1.272369 10.558781
v 17.254253 1.364780 10.903660
v 17.125198 1.234078 11.226437
v 17.125198 0.997793 11.462726
v 17.125198 0.675018 10.903660
v 17.125198 0.675018 11.549212
v 17.125200 0.352238 11.462726
v 17.125198 0.115949 11.226437
v 17.125198 0.029463 10.903660
v 17.125198 0.115949 10.580885
v 17.125200 0.352238 10.344596
v 17.125198 0.675018 10.258109
v 17.125198 0.997793 10.344596
v 17.125198 1.234078 10.580885
v 17.125198 1.320572 10.903660
v 7.027669 0.400784 12.464146
v 2.385368 0.400784 12.464146
v 7.027669 0.595129 12.464146
v 2.385368 0.595129 12.464146
v 7.027669 0.595129 12.645090
v 2.385368 0.595129 12.645090
v 7.027669 0.400784 12.645090
v 2.385368 0.400784 12.645090
v 6.961927 0.644018 12.582983
v 4.639406 0.644018 12.582983
v 6.961927 0.838363 12.582983
v 4.639406 0.838363 12.582983
v 6.961927 0.838363 12.763932
v 4.639406 0.838363 12.763932
v 6.961927 0.644018 12.763932
v 4.639406 0.644018 12.763932
v 6.368179 0.268728 12.328427
v 6.368179 0.443960 12.153188
v 6.183684 0.268728 12.328427
v 6.183684 0.443960 12.153188
v 6.368179 0.969754 12.328427
v 6.368179 0.794510 12.153188
v 6.183684 0.969754 12.328427
v 6.183684 0.794510 12.153188
v 6.368179 0.794510 12.875128
v 6.368179 0.969754 12.699887
v 6.183684 0.794510 12.875128
v 6.183684 0.969754 12.699887
v 6.368179 0.268728 12.699887
v 6.368179 0.443960 12.875128
v 6.183684 0.268728 12.699887
v 6.183684 0.443960 12.875128
v 6.368179 0.443960 11.604567
v 6.183684 0.443960 11.604567
v 6.183684 0.794510 11.604567
v 6.368179 0.794510 11.604567
v 7.098561 0.644018 12.299852
v 3.021741 0.644018 12.299852
v 7.098561 0.838363 12.299852
v 3.021741 0.838363 12.299852
v 7.098561 0.838363 12.480803
v 3.021741 0.838363 12.480803
v 7.098561 0.644018 12.480803
v 3.021741 0.644018 12.480803
v 7.902640 0.239945 12.249609
v 7.757535 0.239945 12.249609
v 7.902640 1.035999 12.249609
v 7.902791 0.330627 12.249860
v 8.067445 0.268816 12.414417
v 8.066063 0.331597 12.413032
v 8.067445 0.336182 12.799015
v 7.757535 0.336182 12.799015
v 7.757535 0.059651 12.834323
v 7.757535 0.059651 11.717222
v 7.757535 0.487063 12.949888
v 7.757535 0.788878 12.949888
v 7.757535 0.939751 12.799015
v 7.757535 1.215735 12.834323
v 7.757535 0.926743 13.123317
v 7.757535 0.348643 13.123317
v 8.067445 0.939751 12.799015
v 8.067445 1.007128 12.414417
v 8.066063 0.943777 12.413032
v 7.902791 0.944755 12.249860
v 8.067445 0.484145 12.629154
v 8.067445 0.791241 12.629154
v 8.067445 0.788878 12.949888
v 8.067445 0.487063 12.949888
v 7.035595 1.215735 11.717222
v 7.035595 1.215735 12.834323
v 7.035595 0.926743 13.123317
v 7.035595 0.348643 13.123317
v 7.035595 0.059651 12.834323
v 7.035595 0.059651 11.717222
v 7.035595 0.239945 12.249609
v 7.035595 1.035999 12.249609
v 7.035595 0.939751 12.799015
v 7.035595 0.788878 12.949888
v 7.035595 0.487063 12.949888
v 7.035595 0.336182 12.799015
v 6.968837 0.239945 12.249609
v 6.968837 1.035999 12.249609
v 6.696524 0.939751 12.799015
v 6.624578 0.788878 12.949888
v 6.624578 0.487063 12.949888
v 6.696524 0.336182 12.799015
v 8.301717 0.330627 11.705035
v 7.902245 0.330627 11.705035
v 7.902245 0.944755 11.705035
v 8.301717 0.944755 11.705035
v 8.502761 0.416413 11.695518
v 8.502761 0.858965 11.695518
v 8.301717 0.330627 12.411650
v 8.301717 0.944755 12.411650
v 8.502761 0.416413 12.300330
v 8.502761 0.858965 12.300330
v 8.502761 0.748343 12.410956
v 8.502761 0.527043 12.410956
v 8.301717 0.484145 12.629154
v 8.301717 0.791241 12.629154
v 7.757535 1.035999 12.249609
v 7.757535 1.215735 11.717222
v 15.633060 -0.123057 10.128217
v 15.633060 -0.519092 10.524251
v 15.633060 -1.060087 10.669208
v 15.633060 -1.601082 10.524251
v 15.633060 -1.997118 10.128217
v 15.633060 -2.142077 9.587221
v 15.633060 -1.997118 9.046227
v 15.633060 -1.601082 8.650195
v 15.633060 -1.060087 8.505236
v 15.633060 -0.519092 8.650195
v 15.633060 -0.123057 9.046227
v 15.633060 0.021899 9.587221
v 17.797031 -0.255661 10.051659
v 17.797031 -0.595655 10.391649
v 17.797031 -1.060087 10.516090
v 17.797031 -1.524528 10.391649
v 17.797031 -1.864514 10.051659
v 17.797031 -1.988960 9.587221
v 17.797031 -1.864514 9.122786
v 17.797031 -1.524528 8.782795
v 17.797031 -1.060087 8.658353
v 17.797031 -0.595655 8.782795
v 17.797031 -0.255661 9.122786
v 17.797031 -0.131218 9.587221
v 17.050236 -0.123057 10.128217
v 17.050236 0.021899 9.587221
v 17.050236 -0.123057 9.046227
v 17.050236 -0.519092 8.650195
v 17.050236 -1.060087 8.505236
v 17.050236 -1.601082 8.650195
v 17.050236 -1.997118 9.046227
v 17.050236 -2.142077 9.587221
v 17.050236 -1.997118 10.128217
v 17.050236 -1.601082 10.524251
v 17.050236 -1.060087 10.669208
v 17.050236 -0.519092 10.524251
v 17.797031 -0.462736 9.932100
v 17.797031 -0.715204 10.184576
v 17.797031 -1.060087 10.276983
v 17.797031 -1.404970 10.184576
v 17.797031 -1.657439 9.932100
v 17.797031 -1.749850 9.587221
v 17.797031 -1.657439 9.242338
v 17.797031 -1.404970 8.989870
v 17.797031 -1.060087 8.897459
v 17.797031 -0.715204 8.989870
v 17.797031 -0.462736 9.242338
v 17.797031 -0.370325 9.587221
v 17.667974 -0.501027 9.909996
v 17.667974 -0.737312 10.146286
v 17.667974 -1.060087 9.587221
v 17.667974 -1.060087 10.232773
v 17.667978 -1.382867 10.146286
v 17.667974 -1.619156 9.909996
v 17.667974 -1.705642 9.587221
v 17.667974 -1.619156 9.264446
v 17.667978 -1.382867 9.028156
v 17.667974 -1.060087 8.941671
v 17.667974 -0.737312 9.028156
v 17.667974 -0.501027 9.264446
v 17.667974 -0.414533 9.587221
v -14.910808 3.215262 -4.556553
v -15.287407 3.215262 -4.556553
v -14.910808 3.357873 -4.413935
v -15.287407 3.357873 -4.413935
v -14.910808 3.346741 -4.688033
v -14.946224 3.393847 -4.691009
v -15.251997 3.393847 -4.691009
v -15.287407 3.346741 -4.688033
v -14.946224 3.492332 -4.592524
v -14.910808 3.489357 -4.545417
v -15.251997 3.492332 -4.592524
v -15.287407 3.489357 -4.545417
v -14.419098 3.215262 -4.556553
v -14.795696 3.215262 -4.556553
v -14.419098 3.357873 -4.413935
v -14.795696 3.357873 -4.413935
v -14.419098 3.346741 -4.688033
v -14.454510 3.393847 -4.691009
v -14.760277 3.393847 -4.691009
v -14.795696 3.346741 -4.688033
v -14.454510 3.492332 -4.592524
v -14.419098 3.489357 -4.545417
v -14.760277 3.492332 -4.592524
v -14.795696 3.489357 -4.545417
v -13.707822 2.490073 -3.683695
v -13.714635 2.490465 -3.405927
v -13.361911 2.490465 -3.405927
v -13.704915 2.489988 -4.188697
v -13.530195 2.490465 -4.188000
v -13.412451 2.490465 -4.105282
v -13.361911 2.490465 -3.970073
v -13.778168 2.489280 -3.613349
v -13.318863 2.648910 -3.402317
v -13.704418 2.489280 -4.398998
v -13.707822 3.301194 -3.683695
v -13.778168 3.301987 -3.613349
v -15.641793 2.489280 -3.613349
v -13.778168 2.415527 -3.687101
v -13.704418 2.648910 -4.231842
v -13.516333 2.648910 -4.231842
v -13.376139 2.648910 -4.133353
v -13.318069 2.648910 -3.977999
v -13.714635 3.300801 -3.405927
v -13.778168 3.375739 -3.687101
v -15.641793 3.301987 -3.613349
v -15.715539 2.895631 -3.687101
v -15.715539 2.489280 -3.687101
v -15.641793 2.415527 -3.687101
v -13.778168 2.415527 -4.429540
v -13.704418 2.698249 -4.406208
v -13.361911 3.300801 -3.405927
v -13.361911 3.300801 -3.970073
v -13.412451 3.300801 -4.105282
v -13.530195 3.300801 -4.188000
v -13.704895 3.301282 -4.188743
v -13.704418 3.301987 -4.398998
v -15.641793 3.375739 -3.687101
v -15.715539 3.301987 -3.687101
v -15.715539 2.704816 -4.281034
v -15.641793 2.415527 -4.429540
v -13.317103 3.142356 -3.402301
v -13.193164 2.698249 -3.398136
v -13.778168 2.559544 -4.573565
v -13.704418 2.590098 -4.499812
v -13.457509 2.698249 -4.406208
v -13.270589 2.698249 -4.274891
v -13.193164 2.698249 -4.067758
v -13.778168 3.375739 -4.429540
v -15.641793 3.375739 -4.429540
v -15.641793 3.375739 -4.237174
v -13.940714 3.375739 -4.237174
v -13.940714 3.375739 -3.816298
v -15.641793 3.375739 -3.816298
v -15.715539 3.301987 -3.816298
v -15.715539 3.198509 -3.816298
v -15.715539 3.086446 -4.281034
v -16.540438 2.704816 -4.281034
v -15.715539 2.489280 -4.398998
v -15.641793 2.559544 -4.573565
v -13.193164 3.093018 -3.398136
v -13.318069 3.142356 -3.977999
v -13.376139 3.142356 -4.133353
v -13.516333 3.142356 -4.231842
v -13.704418 3.142356 -4.231842
v -13.704418 3.201173 -4.499812
v -13.778168 3.231718 -4.573565
v -15.641793 3.231718 -4.573565
v -15.715539 3.301987 -4.398998
v -15.715539 3.301987 -4.237174
v -15.715539 3.198509 -4.237174
v -16.540438 3.086446 -4.281034
v -16.738838 2.895631 -4.140505
v -16.738838 2.645176 -4.140505
v -16.540438 2.778607 -4.421552
v -15.715539 2.778607 -4.421552
v -15.715539 2.590098 -4.499812
v -13.193164 3.093018 -4.067758
v -13.704418 3.093018 -4.406208
v -13.457509 3.093018 -4.406208
v -13.270589 3.093018 -4.274891
v -15.715539 3.201173 -4.499812
v -15.715539 3.012659 -4.421552
v -16.540438 3.012659 -4.421552
v -16.738838 3.146094 -4.140505
v -16.738838 2.645176 -3.882840
v -16.738838 2.681850 -3.755876
v -17.004507 2.645176 -4.140505
v -16.818840 2.704816 -4.281034
v -16.818840 2.774353 -4.384278
v -16.818840 3.086446 -4.281034
v -17.004507 3.146094 -4.140505
v -16.738838 3.146094 -3.882840
v -16.738838 3.109416 -3.755876
v -16.738838 2.770392 -3.703293
v -17.004507 2.681850 -3.755876
v -17.004507 2.645176 -3.882840
v -16.940710 2.801334 -4.300786
v -16.818840 3.016917 -4.384278
v -16.940710 2.989932 -4.300786
v -17.004507 3.146094 -3.882840
v -17.004507 3.109416 -3.755876
v -16.738838 3.020878 -3.703293
v -17.004507 2.770392 -3.703293
v -17.004507 2.895631 -4.140505
v -17.004507 3.020878 -3.703293
v -15.980618 3.198509 -3.816298
v -15.980618 3.198509 -4.237174
v -13.940714 3.485730 -3.816298
v -16.038057 3.485730 -3.816298
v -16.038057 3.255947 -3.816298
v -16.038057 3.255947 -4.237174
v -16.038057 3.485730 -4.237174
v -13.940714 3.485730 -4.237174
v -13.982798 3.527813 -3.858384
v -15.995974 3.527813 -3.858384
v -15.995974 3.527813 -4.195087
v -13.982798 3.527813 -4.195087
v -14.573521 3.518139 -4.141629
v -15.050056 3.518139 -4.141629
v -14.573521 3.518139 -3.912735
v -15.050056 3.518139 -3.912735
v -14.573521 3.565068 -4.141629
v -14.608932 3.600483 -4.106214
v -15.014641 3.600483 -4.106214
v -15.050056 3.565068 -4.141629
v -14.608932 3.600483 -3.948147
v -14.573521 3.565068 -3.912735
v -15.014641 3.600483 -3.948147
v -15.050056 3.565068 -3.912735
v -14.081806 3.518139 -4.141629
v -14.558341 3.518139 -4.141629
v -14.081806 3.518139 -3.912735
v -14.558341 3.518139 -3.912735
v -14.081806 3.565068 -4.141629
v -14.117218 3.600483 -4.106214
v -14.522928 3.600483 -4.106214
v -14.558341 3.565068 -4.141629
v -14.117218 3.600483 -3.948147
v -14.081806 3.565068 -3.912735
v -14.522928 3.600483 -3.948147
v -14.558341 3.565068 -3.912735
v -15.069345 3.518139 -4.141629
v -15.545885 3.518139 -4.141629
v -15.069345 3.518139 -3.912735
v -15.545885 3.518139 -3.912735
v -15.069345 3.565068 -4.141629
v -15.104761 3.600483 -4.106214
v -15.510468 3.600483 -4.106214
v -15.545885 3.565068 -4.141629
v -15.104761 3.600483 -3.948147
v -15.069345 3.565068 -3.912735
v -15.510468 3.600483 -3.948147
v -15.545885 3.565068 -3.912735
v -15.774736 2.613568 -4.125681
v -15.774736 2.738430 -4.250535
v -16.044401 2.613568 -4.125681
v -16.044401 2.738430 -4.250535
v -15.774736 3.177698 -4.125681
v -15.774736 3.052836 -4.250535
v -16.044401 3.177698 -4.125681
v -16.044401 3.052836 -4.250535
v -15.774736 3.052836 -3.751045
v -15.774736 3.177698 -3.875911
v -16.044401 3.052836 -3.751045
v -16.044401 3.177698 -3.875911
v -15.774736 2.613568 -3.875911
v -15.774736 2.738430 -3.751045
v -16.044401 2.613568 -3.875911
v -16.044401 2.738430 -3.751045
v -16.089619 2.613568 -4.125681
v -16.089619 2.738430 -4.250535
v -16.359283 2.613568 -4.125681
v -16.359283 2.738430 -4.250535
v -16.089619 3.177698 -4.125681
v -16.089619 3.052836 -4.250535
v -16.359283 3.177698 -4.125681
v -16.359283 3.052836 -4.250535
v -16.089619 3.052836 -3.751045
v -16.089619 3.177698 -3.875911
v -16.359283 3.052836 -3.751045
v -16.359283 3.177698 -3.875911
v -16.089619 2.613568 -3.875911
v -16.089619 2.738430 -3.751045
v -16.359283 2.613568 -3.875911
v -16.359283 2.738430 -3.751045
v -16.411776 2.613568 -4.125681
v -16.411776 2.738430 -4.250535
v -16.681440 2.613568 -4.125681
v -16.681440 2.738430 -4.250535
v -16.411776 3.177698 -4.125681
v -16.411776 3.052836 -4.250535
v -16.681440 3.177698 -4.125681
v -16.681440 3.052836 -4.250535
v -16.411776 3.052836 -3.751045
v -16.411776 3.177698 -3.875911
v -16.681440 3.052836 -3.751045
v -16.681440 3.177698 -3.875911
v -16.411776 2.613568 -3.875911
v -16.411776 2.738430 -3.751045
v -16.681440 2.613568 -3.875911
v -16.681440 2.738430 -3.751045
v -15.595778 2.751322 -4.072958
v -15.595778 2.844618 -4.153867
v -17.562754 2.751322 -4.072958
v -17.562748 2.844618 -4.153867
v -15.595778 3.048710 -4.051810
v -15.595778 2.967798 -4.145110
v -17.562754 3.048710 -4.051810
v -17.562748 2.967798 -4.145110
v -15.595778 2.946648 -3.847721
v -15.595778 3.039945 -3.928626
v -17.562756 2.946648 -3.847721
v -17.562754 3.039945 -3.928626
v -15.595778 2.742560 -3.949775
v -15.595778 2.823469 -3.856482
v -17.562754 2.742560 -3.949775
v -17.562756 2.823469 -3.856482
v -14.910808 3.215262 4.467604
v -15.287407 3.215262 4.467604
v -14.910808 3.357873 4.324987
v -15.287407 3.357873 4.324987
v -14.910808 3.346741 4.599082
v -14.946224 3.393847 4.602055
v -15.251997 3.393847 4.602055
v -15.287407 3.346741 4.599082
v -14.946224 3.492332 4.503573
v -14.910808 3.489357 4.456467
v -15.251997 3.492332 4.503573
v -15.287407 3.489357 4.456467
v -14.419098 3.215262 4.467604
v -14.795696 3.215262 4.467604
v -14.419098 3.357873 4.324987
v -14.795696 3.357873 4.324987
v -14.419098 3.346741 4.599082
v -14.454510 3.393847 4.602055
v -14.760277 3.393847 4.602055
v -14.795696 3.346741 4.599082
v -14.454510 3.492332 4.503573
v -14.419098 3.489357 4.456467
v -14.760277 3.492332 4.503573
v -14.795696 3.489357 4.456467
v -13.707822 2.490073 3.594745
v -13.714635 2.490465 3.316978
v -13.361911 2.490465 3.316978
v -13.704915 2.489988 4.099747
v -13.530195 2.490465 4.099051
v -13.412451 2.490465 4.016332
v -13.361911 2.490465 3.881123
v -13.778168 2.489280 3.524395
v -13.318863 2.648910 3.313367
v -13.704418 2.489280 4.310044
v -13.707822 3.301194 3.594745
v -13.778168 3.301987 3.524395
v -15.641793 2.489280 3.524395
v -13.778168 2.415527 3.598152
v -13.704418 2.648910 4.142892
v -13.516333 2.648910 4.142892
v -13.376139 2.648910 4.044399
v -13.318069 2.648910 3.889053
v -13.714635 3.300801 3.316978
v -13.778168 3.375739 3.598152
v -15.641793 3.301987 3.524395
v -15.715539 2.895631 3.598152
v -15.715539 2.489280 3.598152
v -15.641793 2.415527 3.598152
v -13.778168 2.415527 4.340590
v -13.704418 2.698249 4.317255
v -13.361911 3.300801 3.316978
v -13.361911 3.300801 3.881123
v -13.412451 3.300801 4.016332
v -13.530195 3.300801 4.099051
v -13.704895 3.301282 4.099789
v -13.704418 3.301987 4.310044
v -15.641793 3.375739 3.598152
v -15.715539 3.301987 3.598152
v -15.715539 2.704816 4.192088
v -15.641793 2.415527 4.340590
v -13.317103 3.142356 3.313351
v -13.193164 2.698249 3.309190
v -13.778168 2.559544 4.484615
v -13.704418 2.590098 4.410862
v -13.457509 2.698249 4.317255
v -13.270589 2.698249 4.185937
v -13.193164 2.698249 3.978807
v -13.778168 3.375739 4.340590
v -15.641793 3.375739 4.340590
v -15.641793 3.375739 4.148220
v -13.940714 3.375739 4.148220
v -13.940714 3.375739 3.727344
v -15.641793 3.375739 3.727344
v -15.715539 3.301987 3.727344
v -15.715539 3.198509 3.727344
v -15.715539 3.086446 4.192088
v -16.540438 2.704816 4.192088
v -15.715539 2.489280 4.310044
v -15.641793 2.559544 4.484615
v -13.193164 3.093018 3.309190
v -13.318069 3.142356 3.889053
v -13.376139 3.142356 4.044399
v -13.516333 3.142356 4.142892
v -13.704418 3.142356 4.142892
v -13.704418 3.201173 4.410862
v -13.778168 3.231718 4.484615
v -15.641793 3.231718 4.484615
v -15.715539 3.301987 4.310044
v -15.715539 3.301987 4.148220
v -15.715539 3.198509 4.148220
v -16.540438 3.086446 4.192088
v -16.738838 2.895631 4.051551
v -16.738838 2.645176 4.051551
v -16.540438 2.778607 4.332606
v -15.715539 2.778607 4.332606
v -15.715539 2.590098 4.410862
v -13.193164 3.093018 3.978807
v -13.704418 3.093018 4.317255
v -13.457509 3.093018 4.317255
v -13.270589 3.093018 4.185937
v -15.715539 3.201173 4.410862
v -15.715539 3.012659 4.332606
v -16.540438 3.012659 4.332606
v -16.738838 3.146094 4.051551
v -16.738838 2.645176 3.793890
v -16.738838 2.681850 3.666930
v -17.004507 2.645176 4.051551
v -16.818840 2.704816 4.192088
v -16.818840 2.774353 4.295324
v -16.818840 3.086446 4.192088
v -17.004507 3.146094 4.051551
v -16.738838 3.146094 3.793890
v -16.738838 3.109416 3.666930
v -16.738838 2.770392 3.614342
v -17.004507 2.681850 3.666930
v -17.004507 2.645176 3.793890
v -16.940710 2.801334 4.211840
v -16.818840 3.016917 4.295324
v -16.940710 2.989932 4.211840
v -17.004507 3.146094 3.793890
v -17.004507 3.109416 3.666930
v -16.738838 3.020878 3.614342
v -17.004507 2.770392 3.614342
v -17.004507 2.895631 4.051551
v -17.004507 3.020878 3.614342
v -15.980618 3.198509 3.727344
v -15.980618 3.198509 4.148220
v -13.940714 3.485730 3.727344
v -16.038057 3.485730 3.727344
v -16.038057 3.255947 3.727344
v -16.038057 3.255947 4.148220
v -16.038057 3.485730 4.148220
v -13.940714 3.485730 4.148220
v -13.982798 3.527813 3.769430
v -15.995974 3.527813 3.769430
v -15.995974 3.527813 4.106137
v -13.982798 3.527813 4.106137
v -14.573521 3.518139 4.052683
v -15.050056 3.518139 4.052683
v -14.573521 3.518139 3.823785
v -15.050056 3.518139 3.823785
v -14.573521 3.565068 4.052683
v -14.608932 3.600483 4.017264
v -15.014641 3.600483 4.017264
v -15.050056 3.565068 4.052683
v -14.608932 3.600483 3.859196
v -14.573521 3.565068 3.823785
v -15.014641 3.600483 3.859196
v -15.050056 3.565068 3.823785
v -14.081806 3.518139 4.052683
v -14.558341 3.518139 4.052683
v -14.081806 3.518139 3.823785
v -14.558341 3.518139 3.823785
v -14.081806 3.565068 4.052683
v -14.117218 3.600483 4.017264
v -14.522928 3.600483 4.017264
v -14.558341 3.565068 4.052683
v -14.117218 3.600483 3.859196
v -14.081806 3.565068 3.823785
v -14.522928 3.600483 3.859196
v -14.558341 3.565068 3.823785
v -15.069345 3.518139 4.052683
v -15.545885 3.518139 4.052683
v -15.069345 3.518139 3.823785
v -15.545885 3.518139 3.823785
v -15.069345 3.565068 4.052683
v -15.104761 3.600483 4.017264
v -15.510468 3.600483 4.017264
v -15.545885 3.565068 4.052683
v -15.104761 3.600483 3.859196
v -15.069345 3.565068 3.823785
v -15.510468 3.600483 3.859196
v -15.545885 3.565068 3.823785
v -15.774736 2.613568 4.036727
v -15.774736 2.738430 4.161589
v -16.044401 2.613568 4.036727
v -16.044401 2.738430 4.161589
v -15.774736 3.177698 4.036727
v -15.774736 3.052836 4.161589
v -16.044401 3.177698 4.036727
v -16.044401 3.052836 4.161589
v -15.774736 3.052836 3.662099
v -15.774736 3.177698 3.786957
v -16.044401 3.052836 3.662099
v -16.044401 3.177698 3.786957
v -15.774736 2.613568 3.786957
v -15.774736 2.738430 3.662099
v -16.044401 2.613568 3.786957
v -16.044401 2.738430 3.662099
v -16.089619 2.613568 4.036727
v -16.089619 2.738430 4.161589
v -16.359283 2.613568 4.036727
v -16.359283 2.738430 4.161589
v -16.089619 3.177698 4.036727
v -16.089619 3.052836 4.161589
v -16.359283 3.177698 4.036727
v -16.359283 3.052836 4.161589
v -16.089619 3.052836 3.662099
v -16.089619 3.177698 3.786957
v -16.359283 3.052836 3.662099
v -16.359283 3.177698 3.786957
v -16.089619 2.613568 3.786957
v -16.089619 2.738430 3.662099
v -16.359283 2.613568 3.786957
v -16.359283 2.738430 3.662099
v -16.411776 2.613568 4.036727
v -16.411776 2.738430 4.161589
v -16.681440 2.613568 4.036727
v -16.681440 2.738430 4.161589
v -16.411776 3.177698 4.036727
v -16.411776 3.052836 4.161589
v -16.681440 3.177698 4.036727
v -16.681440 3.052836 4.161589
v -16.411776 3.052836 3.662099
v -16.411776 3.177698 3.786957
v -16.681440 3.052836 3.662099
v -16.681440 3.177698 3.786957
v -16.411776 2.613568 3.786957
v -16.411776 2.738430 3.662099
v -16.681440 2.613568 3.786957
v -16.681440 2.738430 3.662099
v -15.595778 2.751322 3.984008
v -15.595778 2.844618 4.064917
v -17.562754 2.751322 3.984008
v -17.562748 2.844618 4.064917
v -15.595778 3.048710 3.962856
v -15.595778 2.967798 4.056156
v -17.562754 3.048710 3.962856
v -17.562748 2.967798 4.056156
v -15.595778 2.946648 3.758771
v -15.595778 3.039945 3.839676
v -17.562756 2.946648 3.758771
v -17.562754 3.039945 3.839676
v -15.595778 2.742560 3.860829
v -15.595778 2.823469 3.767529
v -17.562754 2.742560 3.860829
v -17.562756 2.823469 3.767529
v 7.027669 0.400784 -12.464146
v 2.385368 0.400784 -12.464146
v 7.027669 0.595129 -12.464146
v 2.385368 0.595129 -12.464146
v 7.027669 0.595129 -12.645090
v 2.385368 0.595129 -12.645090
v 7.027669 0.400784 -12.645090
v 2.385368 0.400784 -12.645090
v 6.961927 0.644018 -12.582983
v 4.639406 0.644018 -12.582983
v 6.961927 0.838363 -12.582983
v 4.639406 0.838363 -12.582983
v 6.961927 0.838363 -12.763932
v 4.639406 0.838363 -12.763932
v 6.961927 0.644018 -12.763932
v 4.639406 0.644018 -12.763932
v 6.368179 0.268728 -12.328427
v 6.368179 0.443960 -12.153188
v 6.183684 0.268728 -12.328427
v 6.183684 0.443960 -12.153188
v 6.368179 0.969754 -12.328427
v 6.368179 0.794510 -12.153188
v 6.183684 0.969754 -12.328427
v 6.183684 0.794510 -12.153188
v 6.368179 0.794510 -12.875128
v 6.368179 0.969754 -12.699887
v 6.183684 0.794510 -12.875128
v 6.183684 0.969754 -12.699887
v 6.368179 0.268728 -12.699887
v 6.368179 0.443960 -12.875128
v 6.183684 0.268728 -12.699887
v 6.183684 0.443960 -12.875128
v 6.368179 0.443960 -11.604567
v 6.183684 0.443960 -11.604567
v 6.183684 0.794510 -11.604567
v 6.368179 0.794510 -11.604567
v 7.098561 0.644018 -12.299852
v 3.021741 0.644018 -12.299852
v 7.098561 0.838363 -12.299852
v 3.021741 0.838363 -12.299852
v 7.098561 0.838363 -12.480803
v 3.021741 0.838363 -12.480803
v 7.098561 0.644018 -12.480803
v 3.021741 0.644018 -12.480803
v 7.902640 0.239945 -12.249609
v 7.757535 0.239945 -12.249609
v 7.902640 1.035999 -12.249609
v 7.902791 0.330627 -12.249860
v 8.067445 0.268816 -12.414417
v 8.066063 0.331597 -12.413032
v 8.067445 0.336182 -12.799015
v 7.757535 0.336182 -12.799015
v 7.757535 0.059651 -12.834323
v 7.757535 0.059651 -11.717222
v 7.757535 0.487063 -12.949888
v 7.757535 0.788878 -12.949888
v 7.757535 0.939751 -12.799015
v 7.757535 1.215735 -12.834323
v 7.757535 0.926743 -13.123317
v 7.757535 0.348643 -13.123317
v 8.067445 0.939751 -12.799015
v 8.067445 1.007128 -12.414417
v 8.066063 0.943777 -12.413032
v 7.902791 0.944755 -12.249860
v 8.067445 0.484145 -12.629154
v 8.067445 0.791241 -12.629154
v 8.067445 0.788878 -12.949888
v 8.067445 0.487063 -12.949888
v 7.035595 1.215735 -11.717222
v 7.035595 1.215735 -12.834323
v 7.035595 0.926743 -13.123317
v 7.035595 0.348643 -13.123317
v 7.035595 0.059651 -12.834323
v 7.035595 0.059651 -11.717222
v 7.035595 0.239945 -12.249609
v 7.035595 1.035999 -12.249609
v 7.035595 0.939751 -12.799015
v 7.035595 0.788878 -12.949888
v 7.035595 0.487063 -12.949888
v 7.035595 0.336182 -12.799015
v 6.968837 0.239945 -12.249609
v 6.968837 1.035999 -12.249609
v 6.696524 0.939751 -12.799015
v 6.624578 0.788878 -12.949888
v 6.624578 0.487063 -12.949888
v 6.696524 0.336182 -12.799015
v 8.301717 0.330627 -11.705035
v 7.902245 0.330627 -11.705035
v 7.902245 0.944755 -11.705035
v 8.301717 0.944755 -11.705035
v 8.502761 0.416413 -11.695518
v 8.502761 0.858965 -11.695518
v 8.301717 0.330627 -12.411650
v 8.301717 0.944755 -12.411650
v 8.502761 0.416413 -12.300330
v 8.502761 0.858965 -12.300330
v 8.502761 0.748343 -12.410956
v 8.502761 0.527043 -12.410956
v 8.301717 0.484145 -12.629154
v 8.301717 0.791241 -12.629154
v 7.757535 1.035999 -12.249609
v 7.757535 1.215735 -11.717222
v -2.512716 -0.415299 5.055612
v -2.512716 -0.279473 5.383519
v -2.512716 0.048429 5.519337
v -2.512716 0.376336 5.383519
v -2.512716 0.512161 5.055605
v -2.512716 0.376344 4.727706
v -2.512716 0.048433 4.591880
v -2.512716 -0.279481 4.727706
v -5.627115 -0.526761 5.055605
v -5.627115 -0.358292 5.462341
v -5.627115 0.048433 5.630803
v -5.627115 0.455154 5.462334
v -5.627115 0.623627 5.055608
v -5.627115 0.455158 4.648887
v -5.627115 0.048433 4.480411
v -5.627115 -0.358292 4.648884
v -2.457942 0.048433 5.055612
v -3.915873 -0.428275 5.532325
v -3.915873 -0.625727 5.055612
v -3.915873 -0.428279 4.578908
v -3.915873 0.048433 4.381449
v -3.915873 0.525142 4.578908
v -3.915873 0.722597 5.055612
v -3.915873 0.525134 5.532320
v -3.915873 0.048433 5.729777
v -4.474067 -0.428275 5.532325
v -4.474067 -0.625727 5.055612
v -4.474067 -0.428279 4.578908
v -4.474067 0.048433 4.381449
v -4.474067 0.525142 4.578908
v -4.474067 0.722597 5.055612
v -4.474067 0.525134 5.532320
v -4.474067 0.048433 5.729777
v -3.915873 -0.501704 5.605754
v -3.915873 -0.729578 5.055612
v -4.474067 -0.501704 5.605754
v -4.474067 -0.729578 5.055612
v -3.915873 -0.501708 4.505475
v -4.474067 -0.501708 4.505475
v -3.915873 -0.053597 4.175567
v -4.474067 -0.053597 4.175567
v -3.915873 0.598571 4.505475
v -4.474067 0.598571 4.505475
v -3.915873 0.928472 5.157639
v -4.474067 0.928472 5.157639
v -3.915873 0.598571 5.605758
v -4.474067 0.598571 5.605758
v -3.915873 0.048433 5.833624
v -4.474067 0.048433 5.833624
v -4.999806 0.048433 5.729777
v -4.999806 -0.428275 5.532325
v -4.999806 -0.625727 5.055612
v -4.999806 -0.428279 4.578908
v -4.999806 0.048433 4.381449
v -4.999806 0.525142 4.578908
v -4.999806 0.722597 5.055612
v -4.999806 0.525134 5.532320
v -5.034564 0.048433 5.630803
v -5.034564 -0.358292 5.462341
v -5.034564 -0.526761 5.055605
v -5.034564 -0.358292 4.648884
v -5.034564 0.048433 4.480411
v -5.034564 0.455158 4.648887
v -5.034564 0.623627 5.055608
v -5.034564 0.455154 5.462334
v -2.605524 0.048433 5.681170
v -2.605524 -0.393903 5.497950
v -2.605524 -0.577131 5.055605
v -2.605524 -0.393911 4.613276
v -2.605524 0.048429 4.430048
v -2.605524 0.490774 4.613276
v -2.605524 0.673994 5.055612
v -2.605524 0.490774 5.497956
v -3.915873 0.650366 3.675669
v -3.915873 1.039375 4.064674
v -4.474067 0.650366 3.675669
v -4.474067 1.039375 4.064674
v -3.915873 1.428377 4.453684
v -4.474067 1.428377 4.453684
v -5.627115 -0.375029 5.055608
v -5.627115 -0.250999 5.355049
v -5.627115 0.048433 5.479071
v -5.627115 0.347862 5.355041
v -5.627115 0.471896 5.055605
v -5.627115 0.347869 4.756181
v -5.627115 0.048433 4.632146
v -5.627115 -0.250999 4.756181
v -5.343766 -0.375029 5.055608
v -5.343766 -0.250999 5.355049
v -5.343770 0.048433 5.055612
v -5.343766 0.048433 5.479071
v -5.343766 0.347862 5.355041
v -5.343766 0.471896 5.055605
v -5.343766 0.347869 4.756181
v -5.343766 0.048433 4.632146
v -5.343766 -0.250999 4.756181
v -3.455278 0.538542 5.545717
v -3.455278 0.048433 5.748735
v -3.455282 -0.441675 5.545721
v -3.455282 -0.644682 5.055616
v -3.455282 -0.441671 4.565507
v -3.455282 0.048433 4.362497
v -3.455282 0.538542 4.565507
v -3.455278 0.741552 5.055616
v 15.090283 1.625960 8.893994
v 15.090283 1.229929 9.290030
v 15.090283 0.688933 9.434986
v 15.090283 0.147939 9.290030
v 15.090283 -0.248100 8.893994
v 15.090283 -0.393056 8.353000
v 15.090283 -0.248100 7.812009
v 15.090283 0.147939 7.415974
v 15.090283 0.688933 7.271013
v 15.090283 1.229929 7.415974
v 15.090283 1.625960 7.812009
v 15.090283 1.770920 8.353000
v 17.254253 1.493356 8.817436
v 17.254253 1.153366 9.157427
v 17.254253 0.688933 9.281874
v 17.254253 0.224497 9.157427
v 17.254253 -0.115497 8.817436
v 17.254253 -0.239943 8.353000
v 17.254253 -0.115497 7.888567
v 17.254253 0.224497 7.548577
v 17.254253 0.688933 7.424130
v 17.254253 1.153366 7.548577
v 17.254253 1.493356 7.888567
v 17.254253 1.617803 8.353000
v 16.507458 1.625960 8.893994
v 16.507458 1.770920 8.353000
v 16.507458 1.625960 7.812009
v 16.507458 1.229929 7.415974
v 16.507458 0.688933 7.271013
v 16.507458 0.147939 7.415974
v 16.507458 -0.248100 7.812009
v 16.507458 -0.393056 8.353000
v 16.507458 -0.248100 8.893994
v 16.507458 0.147939 9.290030
v 16.507458 0.688933 9.434986
v 16.507458 1.229929 9.290030
v 17.254253 1.286281 8.697884
v 17.254253 1.033816 8.950356
v 17.254253 0.688933 9.042762
v 17.254253 0.344051 8.950356
v 17.254253 0.091578 8.697884
v 17.254253 -0.000832 8.353000
v 17.254253 0.091578 8.008121
v 17.254253 0.344051 7.755652
v 17.254253 0.688933 7.663241
v 17.254253 1.033816 7.755652
v 17.254253 1.286281 8.008121
v 17.254253 1.378692 8.353000
v 17.125198 1.247990 8.675779
v 17.125198 1.011709 8.912068
v 17.125198 0.688933 8.353000
v 17.125198 0.688933 8.998551
v 17.125200 0.366150 8.912068
v 17.125198 0.129869 8.675779
v 17.125198 0.043375 8.353000
v 17.125198 0.129869 8.030224
v 17.125200 0.366150 7.793940
v 17.125198 0.688933 7.707449
v 17.125198 1.011709 7.793940
v 17.125198 1.247990 8.030224
v 17.125198 1.334484 8.353000
v -20.290474 3.451324 -0.009847
v -20.290474 3.451324 -0.009847
v -20.290474 3.451324 -0.009847
vt -0.408063 0.423740
vt -0.422030 0.423740
vt -0.435972 0.423740
vt -0.449806 0.423740
vt -0.463659 0.423740
vt -0.477473 0.423740
vt -0.491331 0.423740
vt -0.505169 0.423740
vt -0.518990 0.423740
vt -0.532808 0.423740
vt -0.546618 0.423740
vt -0.560521 0.423740
vt -0.574456 0.423740
vt -0.409748 0.368316
vt -0.422788 0.368316
vt -0.436191 0.368316
vt -0.449937 0.368316
vt -0.463762 0.368316
vt -0.477583 0.368316
vt -0.491325 0.368316
vt -0.505053 0.368316
vt -0.518867 0.368316
vt -0.532669 0.368316
vt -0.546397 0.368316
vt -0.559756 0.368316
vt -0.572763 0.368316
vt -0.726846 0.670338
vt -0.737725 0.659460
vt -0.752585 0.655478
vt -0.767445 0.659460
vt -0.778324 0.670338
vt -0.782305 0.685199
vt -0.778324 0.700059
vt -0.767445 0.710938
vt -0.752585 0.714919
vt -0.737725 0.710938
vt -0.726846 0.700059
vt -0.722864 0.685199
vt -0.752585 0.685199
vt -0.574753 0.388559
vt -0.407729 0.388559
vt -0.560540 0.388559
vt -0.546554 0.388559
vt -0.532686 0.388559
vt -0.518877 0.388559
vt -0.505094 0.388559
vt -0.491320 0.388559
vt -0.477542 0.388559
vt -0.463748 0.388559
vt -0.449919 0.388559
vt -0.436021 0.388559
vt -0.421994 0.388559
vt -0.726846 0.700059
vt -0.737725 0.710938
vt -0.752585 0.714919
vt -0.767445 0.710938
vt -0.778324 0.700059
vt -0.782305 0.685199
vt -0.778324 0.670338
vt -0.767445 0.659460
vt -0.752585 0.655478
vt -0.737725 0.659460
vt -0.726846 0.670338
vt -0.722864 0.685199
vt -0.726846 0.700059
vt -0.737725 0.710938
vt -0.752585 0.714919
vt -0.767445 0.710938
vt -0.778324 0.700059
vt -0.782305 0.685199
vt -0.778324 0.670338
vt -0.767445 0.659460
vt -0.752585 0.655478
vt -0.737725 0.659460
vt -0.726846 0.670338
vt -0.722864 0.685199
vt -0.408063 0.423740
vt -0.422030 0.423740
vt -0.421994 0.388559
vt -0.407729 0.388559
vt -0.435972 0.423740
vt -0.436021 0.388559
vt -0.449806 0.423740
vt -0.449919 0.388559
vt -0.463659 0.423740
vt -0.463748 0.388559
vt -0.477473 0.423740
vt -0.477542 0.388559
vt -0.491331 0.423740
vt -0.491320 0.388559
vt -0.505169 0.423740
vt -0.505094 0.388559
vt -0.518990 0.423740
vt -0.518877 0.388559
vt -0.532808 0.423740
vt -0.532686 0.388559
vt -0.546618 0.423740
vt -0.546554 0.388559
vt -0.560521 0.423740
vt -0.560540 0.388559
vt -0.574456 0.423740
vt -0.574753 0.388559
vt -0.726846 0.700059
vt -0.737725 0.710938
vt -0.752585 0.685199
vt -0.752585 0.714919
vt -0.767445 0.710938
vt -0.778324 0.700059
vt -0.782305 0.685199
vt -0.778324 0.670338
vt -0.767445 0.659460
vt -0.752585 0.655478
vt -0.737725 0.659460
vt -0.726846 0.670338
vt -0.722864 0.685199
vt -0.572763 0.368316
vt -0.559756 0.368316
vt -0.546397 0.368316
vt -0.532669 0.368316
vt -0.518867 0.368316
vt -0.505053 0.368316
vt -0.491325 0.368316
vt -0.477583 0.368316
vt -0.463762 0.368316
vt -0.449937 0.368316
vt -0.436191 0.368316
vt -0.422788 0.368316
vt -0.409748 0.368316
vt -0.726846 0.700059
vt -0.737725 0.710938
vt -0.737725 0.710938
vt -0.726846 0.700059
vt -0.752585 0.714919
vt -0.752585 0.714919
vt -0.767445 0.710938
vt -0.767445 0.710938
vt -0.778324 0.700059
vt -0.778324 0.700059
vt -0.782305 0.685199
vt -0.782305 0.685199
vt -0.778324 0.670338
vt -0.778324 0.670338
vt -0.767445 0.659460
vt -0.767445 0.659460
vt -0.752585 0.655478
vt -0.752585 0.655478
vt -0.737725 0.659460
vt -0.737725 0.659460
vt -0.726846 0.670338
vt -0.726846 0.670338
vt -0.722864 0.685199
vt -0.722864 0.685199
vt -0.408063 0.423740
vt -0.422030 0.423740
vt -0.421994 0.388559
vt -0.407729 0.388559
vt -0.435972 0.423740
vt -0.436021 0.388559
vt -0.449806 0.423740
vt -0.449919 0.388559
vt -0.463659 0.423740
vt -0.463748 0.388559
vt -0.477473 0.423740
vt -0.477542 0.388559
vt -0.491331 0.423740
vt -0.491320 0.388559
vt -0.505169 0.423740
vt -0.505094 0.388559
vt -0.518990 0.423740
vt -0.518877 0.388559
vt -0.532808 0.423740
vt -0.532686 0.388559
vt -0.546618 0.423740
vt -0.546554 0.388559
vt -0.560521 0.423740
vt -0.560540 0.388559
vt -0.574456 0.423740
vt -0.574753 0.388559
vt -0.726846 0.700059
vt -0.737725 0.710938
vt -0.752585 0.685199
vt -0.752585 0.714919
vt -0.767445 0.710938
vt -0.778324 0.700059
vt -0.782305 0.685199
vt -0.778324 0.670338
vt -0.767445 0.659460
vt -0.752585 0.655478
vt -0.737725 0.659460
vt -0.726846 0.670338
vt -0.722864 0.685199
vt -0.572763 0.368316
vt -0.559756 0.368316
vt -0.546397 0.368316
vt -0.532669 0.368316
vt -0.518867 0.368316
vt -0.505053 0.368316
vt -0.491325 0.368316
vt -0.477583 0.368316
vt -0.463762 0.368316
vt -0.449937 0.368316
vt -0.436191 0.368316
vt -0.422788 0.368316
vt -0.409748 0.368316
vt -0.726846 0.700059
vt -0.737725 0.710938
vt -0.737725 0.710938
vt -0.726846 0.700059
vt -0.752585 0.714919
vt -0.752585 0.714919
vt -0.767445 0.710938
vt -0.767445 0.710938
vt -0.778324 0.700059
vt -0.778324 0.700059
vt -0.782305 0.685199
vt -0.782305 0.685199
vt -0.778324 0.670338
vt -0.778324 0.670338
vt -0.767445 0.659460
vt -0.767445 0.659460
vt -0.752585 0.655478
vt -0.752585 0.655478
vt -0.737725 0.659460
vt -0.737725 0.659460
vt -0.726846 0.670338
vt -0.726846 0.670338
vt -0.722864 0.685199
vt -0.722864 0.685199
vt -0.136498 0.689655
vt -0.135640 0.720623
vt -0.219839 0.725420
vt -0.219839 0.689655
vt -0.139635 0.734174
vt -0.219839 0.739654
vt -0.219839 0.763494
vt -0.165551 0.760482
vt -0.182459 0.776136
vt -0.219839 0.783614
vt -0.186467 0.786370
vt -0.219839 0.792667
vt -0.206844 0.803147
vt -0.219839 0.804036
vt -0.224766 0.711486
vt -0.224766 0.742643
vt -0.258720 0.743014
vt -0.271516 0.739136
vt -0.277440 0.717058
vt -0.273077 0.687641
vt -0.224766 0.687641
vt -0.284289 0.699051
vt -0.284036 0.687641
vt -0.292737 0.698227
vt -0.297472 0.687641
vt -0.534900 0.964797
vt -0.534900 0.997803
vt -0.628187 0.997803
vt -0.628844 0.974835
vt -0.628679 0.941107
vt -0.534900 0.949856
vt -0.542128 0.882354
vt -0.500095 0.923091
vt -0.509182 0.875227
vt -0.480414 0.900188
vt -0.490801 0.870824
vt -0.477557 0.885817
vt -0.460591 0.859462
vt -0.221732 0.081605
vt -0.221732 0.125190
vt -0.246986 0.116304
vt -0.246790 0.081606
vt -0.227013 0.136028
vt -0.240363 0.150774
vt -0.231240 0.149154
vt -0.744021 0.997803
vt -0.738908 0.895557
vt -0.712451 0.824544
vt -0.720750 0.822944
vt -0.822985 0.889192
vt -0.817772 0.816073
vt -0.716135 0.763045
vt -0.811259 0.751557
vt -0.807934 0.716498
vt -0.712204 0.726444
vt -0.815422 0.790349
vt -0.720394 0.798931
vt -0.000759 0.465520
vt -0.056982 0.399531
vt -0.000759 0.104731
vt -0.161121 0.104731
vt -0.114176 0.104731
vt -0.131615 0.288450
vt -0.692851 0.742487
vt -0.683255 0.743141
vt -0.514432 0.804993
vt -0.486596 0.816737
vt -0.465467 0.826693
vt -0.454795 0.846593
vt -0.451338 0.836438
vt -0.252387 0.158738
vt -0.254499 0.128380
vt -0.275051 0.144563
vt -0.267488 0.168362
vt -0.304375 0.162074
vt -0.289022 0.179640
vt -0.442176 0.231593
vt -0.446497 0.210669
vt -0.448700 0.235688
vt -0.472360 0.237602
vt -0.472360 0.212529
vt -0.723505 0.217150
vt -0.755694 0.208868
vt -0.717377 0.197214
vt -0.705405 0.171672
vt -0.803942 0.171672
vt -0.785715 0.188081
vt -0.063311 0.505136
vt -0.001909 0.470117
vt -0.001909 0.514913
vt -0.040026 0.533583
vt -0.324983 0.114635
vt -0.324982 0.081606
vt -0.068008 0.544579
vt -0.084811 0.530960
vt -0.459185 0.002998
vt -0.466885 0.022615
vt -0.493409 0.005355
vt -0.492717 0.002998
vt -0.544022 0.060967
vt -0.559164 0.026933
vt -0.033351 0.587203
vt -0.053195 0.629972
vt -0.053642 0.673118
vt -0.048089 0.673118
vt -0.593995 0.067688
vt -0.596379 0.034672
vt -0.301266 0.658014
vt -0.311421 0.684325
vt -0.317006 0.684451
vt -0.001909 0.579869
vt -0.001909 0.673118
vt -0.382312 0.114635
vt -0.472360 0.114635
vt -0.336213 0.725240
vt -0.417143 0.715900
vt -0.402960 0.673323
vt -0.397736 0.658014
vt -0.439257 0.733823
vt -0.456704 0.732453
vt -0.452365 0.715001
vt -0.458575 0.692706
vt -0.474478 0.665276
vt -0.474322 0.658014
vt -0.609552 0.134036
vt -0.674987 0.132816
vt -0.680934 0.032386
vt -0.618661 0.213287
vt -0.670432 0.212203
vt -0.448700 0.253127
vt -0.472360 0.253127
vt -0.557936 0.071476
vt -0.532127 0.062811
vt -0.532127 0.161665
vt -0.560363 0.078547
vt -0.587541 0.184735
vt -0.597887 0.104414
vt -0.237075 0.378370
vt -0.337827 0.377832
vt -0.337827 0.361909
vt -0.237075 0.371710
vt -0.237075 0.424389
vt -0.337827 0.424389
vt -0.827199 0.052988
vt -0.860420 0.052988
vt -0.858153 0.045412
vt -0.837710 0.043546
vt -0.887696 0.047822
vt -0.870741 0.057779
vt -0.699717 0.164284
vt -0.809459 0.164284
vt -0.870741 0.104540
vt -0.886738 0.119891
vt -0.864372 0.110193
vt -0.849613 0.110193
vt -0.843750 0.269405
vt -0.879913 0.269405
vt -0.907889 0.269405
vt -0.907889 0.201036
vt -0.994591 0.190024
vt -0.983465 0.063196
vt -0.556075 0.226795
vt -0.532127 0.239741
vt -0.538473 0.240321
vt -0.589073 0.218089
vt -0.604752 0.222899
vt -0.602316 0.204758
vt -0.831411 0.997803
vt -1.000000 0.997803
vt -1.000000 0.932887
vt -1.000000 0.878227
vt -0.869177 0.816706
vt -1.000000 0.796605
vt -0.868046 0.804561
vt -0.864054 0.823896
vt -0.824344 0.824316
vt -1.000000 0.761416
vt -0.865707 0.769199
vt -0.519715 0.661793
vt -0.519715 0.790715
vt -0.539630 0.790715
vt -0.807109 0.120205
vt -0.799308 0.111588
vt -0.765558 0.111593
vt -0.811205 0.127108
vt -0.701749 0.120205
vt -0.734803 0.111779
vt -0.697265 0.127108
vt -0.710416 0.111977
vt -0.641299 0.374902
vt -0.581373 0.324983
vt -0.581243 0.331224
vt -0.633043 0.376246
vt -0.529739 0.323772
vt -0.535694 0.330435
vt -0.632506 0.411447
vt -0.641299 0.408517
vt -0.577284 0.336832
vt -0.626839 0.379170
vt -0.615067 0.398823
vt -0.541798 0.335706
vt -0.615067 0.453320
vt -0.641299 0.440130
vt -0.554903 0.736562
vt -0.561984 0.774100
vt -0.561984 0.736562
vt -0.550220 0.734258
vt -0.550310 0.715361
vt -0.555620 0.713021
vt -0.556440 0.661793
vt -0.561984 0.713021
vt -0.561984 0.666910
vt -0.339466 0.493174
vt -0.378464 0.493174
vt -0.378299 0.427598
vt -0.340420 0.427598
vt -0.219334 0.493173
vt -0.314122 0.493174
vt -0.315068 0.427598
vt -0.218334 0.427598
vt -0.207518 0.493173
vt -0.207458 0.427598
vt -0.534225 0.493174
vt -0.575622 0.493174
vt -0.575622 0.427598
vt -0.533619 0.427598
vt -0.479760 0.493174
vt -0.479134 0.427598
vt -0.403679 0.493174
vt -0.403683 0.427598
vt -0.390626 0.493174
vt -0.390414 0.427598
vt -0.328417 0.493174
vt -0.328155 0.427598
vt -0.119775 0.427598
vt -0.119775 0.493173
vt -0.572011 0.002999
vt -0.605384 0.002999
vt -0.687847 0.002999
vt -0.781847 0.016053
vt -0.788802 0.002999
vt -0.850289 0.011653
vt -0.850530 0.002999
vt -0.685544 0.059914
vt -0.786613 0.049908
vt -0.784762 0.030211
vt -0.850392 0.021653
vt -0.106268 0.718011
vt -0.106183 0.739980
vt -0.122890 0.745124
vt -0.128754 0.737200
vt -0.127525 0.795831
vt -0.164370 0.771278
vt -0.189667 0.794952
vt -0.206112 0.816421
vt -0.395303 0.869202
vt -0.441487 0.869202
vt -0.445211 0.847122
vt -0.395303 0.841943
vt -0.448197 0.816331
vt -0.395303 0.810155
vt -0.454767 0.773866
vt -0.395303 0.764941
vt -0.460744 0.738683
vt -0.395303 0.738683
vt -0.484103 0.048098
vt -0.479262 0.058562
vt -0.485857 0.065835
vt -0.492794 0.052308
vt -0.513164 0.062181
vt -0.494858 0.101220
vt -0.485857 0.100515
vt -0.524631 0.136764
vt -0.485857 0.143301
vt -0.502658 0.172105
vt -0.485857 0.174126
vt -0.485857 0.199041
vt -0.510947 0.226208
vt -0.485857 0.222952
vt -0.496770 0.243329
vt -0.641299 0.463440
vt -0.640374 0.468845
vt -0.597764 0.468300
vt -0.605482 0.583055
vt -0.640374 0.583140
vt -0.600787 0.595725
vt -0.640374 0.594737
vt -0.088953 0.560236
vt -0.196764 0.575171
vt -0.197573 0.562373
vt -0.099169 0.516938
vt -0.079520 0.599190
vt -0.205863 0.608992
vt -0.570616 0.615186
vt -0.640374 0.613562
vt -0.064447 0.655055
vt -0.207090 0.655055
vt -0.567395 0.655504
vt -0.640374 0.653585
vt -0.570473 0.682631
vt -0.640374 0.681420
vt -0.575822 0.696309
vt -0.640374 0.695216
vt -0.604705 0.748613
vt -0.640374 0.747894
vt -0.237721 0.616353
vt -0.273421 0.655055
vt -0.326293 0.655055
vt -0.262767 0.607099
vt -0.295872 0.530288
vt -0.273183 0.595005
vt -0.450854 0.595847
vt -0.442367 0.530288
vt -0.459482 0.655055
vt -0.647452 0.400681
vt -0.647452 0.714964
vt -0.720352 0.714890
vt -0.720352 0.389609
vt -0.647452 0.291087
vt -0.685272 0.292446
vt -0.506438 0.583625
vt -0.493635 0.530288
vt -0.526392 0.655055
vt -0.535736 0.579900
vt -0.509085 0.530288
vt -0.562286 0.655055
vt -0.490852 0.961051
vt -0.530737 0.998570
vt -0.517313 0.941429
vt -0.436877 0.915483
vt -0.443857 0.882899
vt -0.302751 0.855278
vt -0.174395 0.872137
vt -0.250127 0.841280
vt -0.188587 0.819486
vt -0.043676 0.831231
vt -0.025999 0.775220
vt -0.025999 0.826924
vt -0.025999 0.929319
vt -0.025999 0.921547
vt -0.069720 0.953942
vt -0.163710 0.942166
vt -0.025999 0.938136
vt -0.025999 0.998570
vt -0.064569 0.998570
vt -0.163459 0.998570
vt -0.410030 0.998570
vt -0.416615 0.948997
vt -0.447858 0.976176
vt -0.449619 0.998570
vt -0.488672 0.733029
vt -0.484196 0.736562
vt -0.519257 0.790715
vt -0.488672 0.714754
vt -0.519257 0.661793
vt -0.482765 0.713021
vt -0.477155 0.773112
vt -0.499437 0.790715
vt -0.818176 0.269405
vt -0.818176 0.110193
vt -0.477155 0.736562
vt -0.477155 0.666910
vt -0.477155 0.713021
vt -0.481711 0.661793
vt -0.814031 0.427178
vt -0.901999 0.427158
vt -0.902153 0.388780
vt -0.814127 0.388437
vt -0.894659 0.472570
vt -0.894659 0.506149
vt -0.998264 0.507257
vt -0.998264 0.471801
vt -0.894659 0.527750
vt -0.927351 0.527750
vt -0.894659 0.456917
vt -0.998264 0.457901
vt -0.378229 0.746700
vt -0.339738 0.746700
vt -0.338800 0.752294
vt -0.378747 0.755088
vt -0.842220 0.530356
vt -0.842220 0.498839
vt -0.756364 0.497631
vt -0.799361 0.530356
vt -0.842220 0.476293
vt -0.756842 0.476337
vt -0.842220 0.458959
vt -0.756873 0.461718
vt -0.285446 0.753280
vt -0.283388 0.746700
vt -0.235144 0.746700
vt -0.235329 0.755085
vt -0.751897 0.517163
vt -0.740225 0.530356
vt -0.998264 0.527750
vt -0.998264 0.426983
vt -0.998264 0.388591
vt -0.729073 0.389867
vt -0.730422 0.409726
vt -0.737625 0.426898
vt -0.901597 0.365338
vt -0.813500 0.364790
vt -0.998264 0.366353
vt -0.727766 0.365587
vt -0.900405 0.349634
vt -0.812257 0.349059
vt -0.998264 0.350278
vt -0.721691 0.349193
vt -0.899518 0.333861
vt -0.811340 0.333160
vt -0.998264 0.334467
vt -0.717393 0.332993
vt -0.897292 0.301917
vt -0.809110 0.300898
vt -0.998264 0.302996
vt -0.722991 0.301245
vt -0.929099 0.276998
vt -0.799812 0.276998
vt -0.998264 0.277500
vt -0.727763 0.276025
vt -0.799583 0.252962
vt -0.729246 0.250817
vt -0.799827 0.234202
vt -0.733472 0.232482
vt -0.799830 0.219539
vt -0.740135 0.217979
vt -0.998264 0.253398
vt -0.929099 0.256210
vt -0.998264 0.240197
vt -0.929099 0.241499
vt -0.998264 0.222344
vt -0.929099 0.222344
vt -0.902048 0.447385
vt -0.998264 0.448186
vt -0.743214 0.434166
vt -0.814276 0.440225
vt -0.753799 0.441219
vt -0.234942 0.833366
vt -0.378539 0.833302
vt -0.377477 0.815210
vt -0.237118 0.815210
vt -0.376574 0.764733
vt -0.236791 0.763988
vt -0.389396 0.775187
vt -0.389396 0.746700
vt -0.376405 0.799889
vt -0.389396 0.815210
vt -0.389396 0.795940
vt -0.376601 0.778555
vt -0.239350 0.777483
vt -0.238623 0.799313
vt -0.225744 0.769593
vt -0.225744 0.794819
vt -0.225744 0.815210
vt -0.225744 0.746700
vt -0.113928 0.083867
vt -0.135685 0.078543
vt -0.136143 0.068009
vt -0.115426 0.074532
vt -0.152900 0.067789
vt -0.144518 0.070977
vt -0.164004 0.077551
vt -0.191499 0.073464
vt -0.185547 0.060702
vt -0.103427 0.089196
vt -0.106660 0.077994
vt -0.096776 0.082068
vt -0.090779 0.086412
vt -0.089535 0.099353
vt -0.063835 0.099511
vt -0.072914 0.085370
vt -0.201088 0.053379
vt -0.212367 0.066488
vt -0.208836 0.048266
vt -0.233803 0.062137
vt -0.216985 0.045479
vt -0.235246 0.048303
vt -0.262808 0.054987
vt -0.268463 0.059379
vt -0.269080 0.061110
vt -0.295925 0.066018
vt -0.273398 0.056005
vt -0.297501 0.064951
vt -0.323438 0.077827
vt -0.303554 0.062620
vt -0.292443 0.059390
vt -0.330638 0.069485
vt -0.318570 0.065735
vt -0.346451 0.087991
vt -0.345159 0.074561
vt -0.363714 0.097299
vt -0.362808 0.084063
vt -0.383025 0.109106
vt -0.378994 0.096786
vt -0.387884 0.097713
vt -0.408405 0.109106
vt -0.410165 0.099420
vt -0.434615 0.109107
vt -0.438686 0.096127
vt -0.454108 0.109107
vt -0.454767 0.093337
vt -0.064681 0.084134
vt -0.151980 0.013563
vt -0.146527 0.009040
vt -0.185518 0.014075
vt -0.198704 0.014337
vt -0.207538 0.014561
vt -0.216209 0.014224
vt -0.232300 0.013026
vt -0.262084 0.012788
vt -0.139216 0.013162
vt -0.118875 0.014158
vt -0.111844 0.009785
vt -0.104337 0.013764
vt -0.267174 0.009285
vt -0.273160 0.012898
vt -0.294087 0.013296
vt -0.299981 0.009989
vt -0.306445 0.013059
vt -0.322583 0.012012
vt -0.097142 0.013299
vt -0.082585 0.011235
vt -0.070326 0.007476
vt -0.465478 0.091961
vt -0.451561 0.011028
vt -0.442585 0.012848
vt -0.334540 0.011877
vt -0.347745 0.012594
vt -0.361420 0.013344
vt -0.371899 0.013114
vt -0.380527 0.013254
vt -0.394047 0.013221
vt -0.420446 0.014225
vt -0.183825 0.006985
vt -0.096491 0.007771
vt -0.083541 0.006767
vt -0.074229 0.003077
vt -0.448601 0.005839
vt -0.440746 0.008345
vt -0.422009 0.008285
vt -0.396929 0.008871
vt -0.369375 0.008516
vt -0.358899 0.008807
vt -0.381501 0.008379
vt -0.347881 0.007930
vt -0.334985 0.007552
vt -0.322878 0.007464
vt -0.197753 0.008047
vt -0.208169 0.007606
vt -0.218324 0.007852
vt -0.232932 0.008222
vt -0.186729 0.001135
vt -0.146889 0.001134
vt -0.098225 0.001134
vt -0.076258 0.001134
vt -0.448931 0.001135
vt -0.412402 0.001134
vt -0.208529 0.001135
vt -0.231269 0.001135
vt -0.268734 0.001135
vt -0.297176 0.001135
vt -0.375183 0.001135
vt -0.343017 0.001135
vt -0.322044 0.001135
vt -0.874993 0.543023
vt -0.795865 0.554116
vt -0.886743 0.626950
vt -0.762074 0.612773
vt -0.792252 0.678247
vt -0.762602 0.571772
vt -0.826041 0.719567
vt -0.858096 0.750299
vt -0.966490 0.555942
vt -0.892557 0.748625
vt -0.946718 0.716497
vt -0.989917 0.652235
vt -0.997830 0.583461
vt -0.338371 0.219524
vt -0.282635 0.183243
vt -0.266392 0.214939
vt -0.295215 0.237919
vt -0.359428 0.253374
vt -0.312157 0.263188
vt -0.238965 0.172980
vt -0.239573 0.201967
vt -0.262780 0.358106
vt -0.328766 0.310769
vt -0.290112 0.295036
vt -0.255812 0.321959
vt -0.216706 0.372726
vt -0.226083 0.334882
vt -0.182059 0.370923
vt -0.193566 0.325888
vt -0.157737 0.346004
vt -0.141995 0.279196
vt -0.187182 0.278064
vt -0.149329 0.224508
vt -0.191413 0.243440
vt -0.176389 0.180783
vt -0.207167 0.207699
vt -0.201874 0.168705
vt -0.354562 0.273519
vt -0.242045 0.265483
vt -0.135640 0.720623
vt -0.219839 0.725420
vt -0.139635 0.734174
vt -0.219839 0.739654
vt -0.219839 0.763494
vt -0.165551 0.760482
vt -0.182459 0.776136
vt -0.219839 0.783614
vt -0.186467 0.786370
vt -0.219839 0.792667
vt -0.206844 0.803147
vt -0.219839 0.804036
vt -0.258720 0.743014
vt -0.271516 0.739136
vt -0.277440 0.717058
vt -0.273077 0.687641
vt -0.284289 0.699051
vt -0.284036 0.687641
vt -0.292737 0.698227
vt -0.297472 0.687641
vt -0.534900 0.964797
vt -0.628844 0.974835
vt -0.628679 0.941107
vt -0.534900 0.949856
vt -0.542128 0.882354
vt -0.500095 0.923091
vt -0.509182 0.875227
vt -0.480414 0.900188
vt -0.490801 0.870824
vt -0.477557 0.885817
vt -0.460591 0.859462
vt -0.221732 0.081605
vt -0.221732 0.125190
vt -0.246986 0.116304
vt -0.246790 0.081606
vt -0.227013 0.136028
vt -0.240363 0.150774
vt -0.231240 0.149154
vt -0.744021 0.997803
vt -0.738908 0.895557
vt -0.712451 0.824544
vt -0.720750 0.822944
vt -0.822985 0.889192
vt -0.817772 0.816073
vt -0.716135 0.763045
vt -0.811259 0.751557
vt -0.807934 0.716498
vt -0.712204 0.726444
vt -0.815422 0.790349
vt -0.720394 0.798931
vt -0.000759 0.465520
vt -0.056982 0.399531
vt -0.000759 0.104731
vt -0.161121 0.104731
vt -0.114176 0.104731
vt -0.131615 0.288450
vt -0.692851 0.742487
vt -0.683255 0.743141
vt -0.514432 0.804993
vt -0.486596 0.816737
vt -0.465467 0.826693
vt -0.454795 0.846593
vt -0.451338 0.836438
vt -0.252387 0.158738
vt -0.254499 0.128380
vt -0.275051 0.144563
vt -0.267488 0.168362
vt -0.304375 0.162074
vt -0.289022 0.179640
vt -0.442176 0.231593
vt -0.446497 0.210669
vt -0.448700 0.235688
vt -0.472360 0.237602
vt -0.472360 0.212529
vt -0.723505 0.217150
vt -0.755694 0.208868
vt -0.717377 0.197214
vt -0.705405 0.171672
vt -0.803942 0.171672
vt -0.785715 0.188081
vt -0.001909 0.514913
vt -0.040026 0.533583
vt -0.324983 0.114635
vt -0.324982 0.081606
vt -0.068008 0.544579
vt -0.466885 0.022615
vt -0.493409 0.005355
vt -0.544022 0.060967
vt -0.559164 0.026933
vt -0.033351 0.587203
vt -0.053195 0.629972
vt -0.053642 0.673118
vt -0.048089 0.673118
vt -0.593995 0.067688
vt -0.596379 0.034672
vt -0.301266 0.658014
vt -0.311421 0.684325
vt -0.317006 0.684451
vt -0.001909 0.579869
vt -0.001909 0.673118
vt -0.382312 0.114635
vt -0.472360 0.114635
vt -0.336213 0.725240
vt -0.417143 0.715900
vt -0.402960 0.673323
vt -0.397736 0.658014
vt -0.439257 0.733823
vt -0.456704 0.732453
vt -0.452365 0.715001
vt -0.458575 0.692706
vt -0.474478 0.665276
vt -0.474322 0.658014
vt -0.609552 0.134036
vt -0.674987 0.132816
vt -0.680934 0.032386
vt -0.618661 0.213287
vt -0.670432 0.212203
vt -0.448700 0.253127
vt -0.472360 0.253127
vt -0.557936 0.071476
vt -0.532127 0.062811
vt -0.532127 0.161665
vt -0.560363 0.078547
vt -0.587541 0.184735
vt -0.597887 0.104414
vt -0.237075 0.378370
vt -0.337827 0.377832
vt -0.337827 0.361909
vt -0.237075 0.371710
vt -0.237075 0.424389
vt -0.337827 0.424389
vt -0.827199 0.052988
vt -0.860420 0.052988
vt -0.858153 0.045412
vt -0.837710 0.043546
vt -0.887696 0.047822
vt -0.870741 0.057779
vt -0.699717 0.164284
vt -0.809459 0.164284
vt -0.870741 0.104540
vt -0.886738 0.119891
vt -0.864372 0.110193
vt -0.849613 0.110193
vt -0.843750 0.269405
vt -0.879913 0.269405
vt -0.907889 0.269405
vt -0.907889 0.201036
vt -0.994591 0.190024
vt -0.983465 0.063196
vt -0.556075 0.226795
vt -0.532127 0.239741
vt -0.538473 0.240321
vt -0.589073 0.218089
vt -0.604752 0.222899
vt -0.602316 0.204758
vt -1.000000 0.932887
vt -1.000000 0.878227
vt -0.869177 0.816706
vt -1.000000 0.796605
vt -0.868046 0.804561
vt -0.864054 0.823896
vt -0.824344 0.824316
vt -1.000000 0.761416
vt -0.865707 0.769199
vt -0.519715 0.661793
vt -0.519715 0.790715
vt -0.539630 0.790715
vt -0.807109 0.120205
vt -0.799308 0.111588
vt -0.765558 0.111593
vt -0.811205 0.127108
vt -0.701749 0.120205
vt -0.734803 0.111779
vt -0.697265 0.127108
vt -0.710416 0.111977
vt -0.641299 0.374902
vt -0.581373 0.324983
vt -0.581243 0.331224
vt -0.633043 0.376246
vt -0.529739 0.323772
vt -0.535694 0.330435
vt -0.632506 0.411447
vt -0.641299 0.408517
vt -0.577284 0.336832
vt -0.626839 0.379170
vt -0.615067 0.398823
vt -0.541798 0.335706
vt -0.615067 0.453320
vt -0.641299 0.440130
vt -0.554903 0.736562
vt -0.561984 0.774100
vt -0.561984 0.736562
vt -0.550220 0.734258
vt -0.550310 0.715361
vt -0.555620 0.713021
vt -0.556440 0.661793
vt -0.561984 0.713021
vt -0.561984 0.666910
vt -0.339466 0.493174
vt -0.378464 0.493174
vt -0.378299 0.427598
vt -0.340420 0.427598
vt -0.219334 0.493173
vt -0.314122 0.493174
vt -0.315068 0.427598
vt -0.218334 0.427598
vt -0.207518 0.493173
vt -0.207458 0.427598
vt -0.534225 0.493174
vt -0.575622 0.493174
vt -0.575622 0.427598
vt -0.533619 0.427598
vt -0.479760 0.493174
vt -0.479134 0.427598
vt -0.403679 0.493174
vt -0.403683 0.427598
vt -0.390626 0.493174
vt -0.390414 0.427598
vt -0.328417 0.493174
vt -0.328155 0.427598
vt -0.119775 0.427598
vt -0.119775 0.493173
vt -0.781847 0.016053
vt -0.850289 0.011653
vt -0.685544 0.059914
vt -0.786613 0.049908
vt -0.784762 0.030211
vt -0.850392 0.021653
vt -0.106268 0.718011
vt -0.106183 0.739980
vt -0.122890 0.745124
vt -0.128754 0.737200
vt -0.127525 0.795831
vt -0.164370 0.771278
vt -0.189667 0.794952
vt -0.206112 0.816421
vt -0.395303 0.869202
vt -0.441487 0.869202
vt -0.445211 0.847122
vt -0.395303 0.841943
vt -0.448197 0.816331
vt -0.395303 0.810155
vt -0.454767 0.773866
vt -0.395303 0.764941
vt -0.460744 0.738683
vt -0.395303 0.738683
vt -0.479262 0.058562
vt -0.485857 0.065835
vt -0.494858 0.101220
vt -0.485857 0.100515
vt -0.524631 0.136764
vt -0.485857 0.143301
vt -0.502658 0.172105
vt -0.485857 0.174126
vt -0.485857 0.199041
vt -0.510947 0.226208
vt -0.485857 0.222952
vt -0.496770 0.243329
vt -0.641299 0.463440
vt -0.597764 0.468300
vt -0.605482 0.583055
vt -0.600787 0.595725
vt -0.640374 0.594737
vt -0.088953 0.560236
vt -0.196764 0.575171
vt -0.197573 0.562373
vt -0.099169 0.516938
vt -0.079520 0.599190
vt -0.205863 0.608992
vt -0.570616 0.615186
vt -0.064447 0.655055
vt -0.207090 0.655055
vt -0.567395 0.655504
vt -0.570473 0.682631
vt -0.640374 0.681420
vt -0.575822 0.696309
vt -0.640374 0.695216
vt -0.604705 0.748613
vt -0.640374 0.747894
vt -0.237721 0.616353
vt -0.273421 0.655055
vt -0.326293 0.655055
vt -0.262767 0.607099
vt -0.295872 0.530288
vt -0.273183 0.595005
vt -0.450854 0.595847
vt -0.442367 0.530288
vt -0.459482 0.655055
vt -0.720352 0.714890
vt -0.720352 0.389609
vt -0.685272 0.292446
vt -0.506438 0.583625
vt -0.493635 0.530288
vt -0.526392 0.655055
vt -0.562286 0.655055
vt -0.490852 0.961051
vt -0.497180 0.998570
vt -0.530737 0.998570
vt -0.517313 0.941429
vt -0.436877 0.915483
vt -0.443857 0.882899
vt -0.302751 0.855278
vt -0.174395 0.872137
vt -0.250127 0.841280
vt -0.188587 0.819486
vt -0.043676 0.831231
vt -0.025999 0.775220
vt -0.025999 0.826924
vt -0.025999 0.929319
vt -0.025999 0.921547
vt -0.069720 0.953942
vt -0.163710 0.942166
vt -0.025999 0.938136
vt -0.416615 0.948997
vt -0.447858 0.976176
vt -0.449619 0.998570
vt -0.488672 0.733029
vt -0.484196 0.736562
vt -0.519257 0.790715
vt -0.488672 0.714754
vt -0.519257 0.661793
vt -0.482765 0.713021
vt -0.477155 0.773112
vt -0.499437 0.790715
vt -0.818176 0.269405
vt -0.818176 0.110193
vt -0.477155 0.736562
vt -0.477155 0.666910
vt -0.477155 0.713021
vt -0.481711 0.661793
vt -0.814031 0.427178
vt -0.901999 0.427158
vt -0.902153 0.388780
vt -0.814127 0.388437
vt -0.894659 0.472570
vt -0.894659 0.506149
vt -0.998264 0.507257
vt -0.998264 0.471801
vt -0.894659 0.527750
vt -0.927351 0.527750
vt -0.894659 0.456917
vt -0.998264 0.457901
vt -0.378229 0.746700
vt -0.339738 0.746700
vt -0.338800 0.752294
vt -0.378747 0.755088
vt -0.842220 0.530356
vt -0.842220 0.498839
vt -0.756364 0.497631
vt -0.799361 0.530356
vt -0.842220 0.476293
vt -0.756842 0.476337
vt -0.842220 0.458959
vt -0.756873 0.461718
vt -0.285446 0.753280
vt -0.283388 0.746700
vt -0.235144 0.746700
vt -0.235329 0.755085
vt -0.751897 0.517163
vt -0.740225 0.530356
vt -0.998264 0.527750
vt -0.998264 0.426983
vt -0.998264 0.388591
vt -0.729073 0.389867
vt -0.730422 0.409726
vt -0.737625 0.426898
vt -0.901597 0.365338
vt -0.813500 0.364790
vt -0.998264 0.366353
vt -0.727766 0.365587
vt -0.900405 0.349634
vt -0.812257 0.349059
vt -0.998264 0.350278
vt -0.721691 0.349193
vt -0.899518 0.333861
vt -0.811340 0.333160
vt -0.998264 0.334467
vt -0.717393 0.332993
vt -0.897292 0.301917
vt -0.809110 0.300898
vt -0.998264 0.302996
vt -0.722991 0.301245
vt -0.929099 0.276998
vt -0.799812 0.276998
vt -0.998264 0.277500
vt -0.727763 0.276025
vt -0.799583 0.252962
vt -0.729246 0.250817
vt -0.799827 0.234202
vt -0.733472 0.232482
vt -0.799830 0.219539
vt -0.740135 0.217979
vt -0.998264 0.253398
vt -0.929099 0.256210
vt -0.998264 0.240197
vt -0.929099 0.241499
vt -0.998264 0.222344
vt -0.929099 0.222344
vt -0.902048 0.447385
vt -0.998264 0.448186
vt -0.743214 0.434166
vt -0.814276 0.440225
vt -0.753799 0.441219
vt -0.234942 0.833366
vt -0.378539 0.833302
vt -0.377477 0.815210
vt -0.237118 0.815210
vt -0.376574 0.764733
vt -0.236791 0.763988
vt -0.389396 0.775187
vt -0.389396 0.746700
vt -0.376405 0.799889
vt -0.389396 0.815210
vt -0.389396 0.795940
vt -0.376601 0.778555
vt -0.239350 0.777483
vt -0.238623 0.799313
vt -0.225744 0.769593
vt -0.225744 0.794819
vt -0.225744 0.815210
vt -0.225744 0.746700
vt -0.113928 0.083867
vt -0.135685 0.078543
vt -0.136143 0.068009
vt -0.115426 0.074532
vt -0.152900 0.067789
vt -0.144518 0.070977
vt -0.164004 0.077551
vt -0.191499 0.073464
vt -0.185547 0.060702
vt -0.103427 0.089196
vt -0.106660 0.077994
vt -0.096776 0.082068
vt -0.090779 0.086412
vt -0.089535 0.099353
vt -0.063835 0.099511
vt -0.072914 0.085370
vt -0.201088 0.053379
vt -0.212367 0.066488
vt -0.208836 0.048266
vt -0.233803 0.062137
vt -0.216985 0.045479
vt -0.235246 0.048303
vt -0.262808 0.054987
vt -0.268463 0.059379
vt -0.269080 0.061110
vt -0.295925 0.066018
vt -0.273398 0.056005
vt -0.297501 0.064951
vt -0.323438 0.077827
vt -0.303554 0.062620
vt -0.292443 0.059390
vt -0.330638 0.069485
vt -0.318570 0.065735
vt -0.346451 0.087991
vt -0.345159 0.074561
vt -0.363714 0.097299
vt -0.362808 0.084063
vt -0.383025 0.109106
vt -0.378994 0.096786
vt -0.387884 0.097713
vt -0.408405 0.109106
vt -0.410165 0.099420
vt -0.434615 0.109107
vt -0.438686 0.096127
vt -0.454108 0.109107
vt -0.454767 0.093337
vt -0.064681 0.084134
vt -0.151980 0.013563
vt -0.146527 0.009040
vt -0.185518 0.014075
vt -0.198704 0.014337
vt -0.207538 0.014561
vt -0.216209 0.014224
vt -0.232300 0.013026
vt -0.262084 0.012788
vt -0.139216 0.013162
vt -0.118875 0.014158
vt -0.111844 0.009785
vt -0.104337 0.013764
vt -0.267174 0.009285
vt -0.273160 0.012898
vt -0.294087 0.013296
vt -0.299981 0.009989
vt -0.306445 0.013059
vt -0.322583 0.012012
vt -0.097142 0.013299
vt -0.082585 0.011235
vt -0.070326 0.007476
vt -0.465478 0.091961
vt -0.451561 0.011028
vt -0.442585 0.012848
vt -0.334540 0.011877
vt -0.347745 0.012594
vt -0.361420 0.013344
vt -0.371899 0.013114
vt -0.380527 0.013254
vt -0.394047 0.013221
vt -0.420446 0.014225
vt -0.183825 0.006985
vt -0.096491 0.007771
vt -0.083541 0.006767
vt -0.074229 0.003077
vt -0.448601 0.005839
vt -0.440746 0.008345
vt -0.422009 0.008285
vt -0.396929 0.008871
vt -0.369375 0.008516
vt -0.358899 0.008807
vt -0.381501 0.008379
vt -0.347881 0.007930
vt -0.334985 0.007552
vt -0.322878 0.007464
vt -0.197753 0.008047
vt -0.208169 0.007606
vt -0.218324 0.007852
vt -0.232932 0.008222
vt -0.186729 0.001135
vt -0.146889 0.001134
vt -0.098225 0.001134
vt -0.076258 0.001134
vt -0.448931 0.001135
vt -0.412402 0.001134
vt -0.208529 0.001135
vt -0.231269 0.001135
vt -0.268734 0.001135
vt -0.297176 0.001135
vt -0.375183 0.001135
vt -0.343017 0.001135
vt -0.322044 0.001135
vt -0.874993 0.543023
vt -0.795865 0.554116
vt -0.886743 0.626950
vt -0.762074 0.612773
vt -0.792252 0.678247
vt -0.762602 0.571772
vt -0.826041 0.719567
vt -0.858096 0.750299
vt -0.966490 0.555942
vt -0.892557 0.748625
vt -0.946718 0.716497
vt -0.989917 0.652235
vt -0.997830 0.583461
vt -0.338371 0.219524
vt -0.282635 0.183243
vt -0.266392 0.214939
vt -0.295215 0.237919
vt -0.359428 0.253374
vt -0.312157 0.263188
vt -0.238965 0.172980
vt -0.239573 0.201967
vt -0.262780 0.358106
vt -0.328766 0.310769
vt -0.290112 0.295036
vt -0.255812 0.321959
vt -0.216706 0.372726
vt -0.226083 0.334882
vt -0.182059 0.370923
vt -0.193566 0.325888
vt -0.157737 0.346004
vt -0.141995 0.279196
vt -0.187182 0.278064
vt -0.149329 0.224508
vt -0.191413 0.243440
vt -0.176389 0.180783
vt -0.207167 0.207699
vt -0.201874 0.168705
vt -0.354562 0.273519
vt -0.242045 0.265483
vt -0.717337 0.105611
vt -0.733351 0.105611
vt -0.732333 0.099332
vt -0.713274 0.099332
vt -0.751111 0.105611
vt -0.750741 0.099332
vt -0.769510 0.105611
vt -0.769342 0.099332
vt -0.788059 0.105611
vt -0.788027 0.099332
vt -0.806570 0.105611
vt -0.806672 0.099332
vt -0.824830 0.105611
vt -0.825136 0.099332
vt -0.842358 0.105611
vt -0.843303 0.099332
vt -0.858069 0.105611
vt -0.861946 0.099332
vt -0.196871 0.517974
vt -0.183640 0.517974
vt -0.190256 0.533945
vt -0.206226 0.527330
vt -0.206226 0.540560
vt -0.196871 0.549916
vt -0.183640 0.549916
vt -0.174285 0.540561
vt -0.174285 0.527330
vt -0.057557 0.760184
vt -0.065243 0.767450
vt -0.070173 0.754538
vt -0.075816 0.767154
vt -0.083084 0.759469
vt -0.082788 0.748895
vt -0.075102 0.741627
vt -0.064527 0.741923
vt -0.057260 0.749610
vt -0.020729 0.925178
vt -0.020730 0.903070
vt -0.000006 0.903069
vt -0.000005 0.925176
vt -0.020727 0.947285
vt -0.000003 0.947284
vt -0.020726 0.967945
vt -0.000002 0.967944
vt -0.020733 0.858855
vt -0.020734 0.838196
vt -0.000010 0.838194
vt -0.000009 0.858854
vt -0.020731 0.880962
vt -0.000007 0.880961
vt -0.568856 0.258615
vt -0.551320 0.258615
vt -0.551158 0.276724
vt -0.568856 0.276892
vt -0.444938 0.258615
vt -0.427667 0.258615
vt -0.427667 0.276949
vt -0.445121 0.276740
vt -0.462734 0.258615
vt -0.462776 0.276734
vt -0.480473 0.258615
vt -0.480488 0.276716
vt -0.498170 0.258615
vt -0.498172 0.276740
vt -0.515843 0.258615
vt -0.515844 0.276744
vt -0.533531 0.258615
vt -0.533530 0.276727
vt -0.585450 0.587307
vt -0.567464 0.594758
vt -0.567464 0.598677
vt -0.588221 0.590077
vt -0.567458 0.594759
vt -0.549473 0.587306
vt -0.546702 0.590076
vt -0.567458 0.598678
vt -0.592900 0.569320
vt -0.596818 0.569320
vt -0.542025 0.569319
vt -0.538107 0.569318
vt -0.585448 0.551334
vt -0.593663 0.548563
vt -0.549478 0.551333
vt -0.541264 0.548561
vt -0.567461 0.543884
vt -0.567461 0.539966
vt -0.567466 0.543885
vt -0.567467 0.539967
vt -0.549475 0.551336
vt -0.541260 0.548565
vt -0.585452 0.551338
vt -0.593667 0.548569
vt -0.542026 0.569323
vt -0.538107 0.569323
vt -0.592899 0.569326
vt -0.596818 0.569327
vt -0.549477 0.587309
vt -0.546706 0.590080
vt -0.585446 0.587312
vt -0.588216 0.590083
vt -0.533528 0.280364
vt -0.551068 0.280364
vt -0.568856 0.280364
vt -0.427667 0.280364
vt -0.445191 0.280364
vt -0.462784 0.280364
vt -0.480472 0.280364
vt -0.498173 0.280364
vt -0.515869 0.280364
vt -0.533557 0.303828
vt -0.551177 0.303828
vt -0.568856 0.303828
vt -0.427667 0.303828
vt -0.445084 0.303828
vt -0.462703 0.303828
vt -0.480477 0.303828
vt -0.498160 0.303828
vt -0.515825 0.303828
vt -0.750579 0.071980
vt -0.731831 0.071980
vt -0.713274 0.071981
vt -0.861860 0.071980
vt -0.843714 0.071980
vt -0.825181 0.071980
vt -0.806588 0.071980
vt -0.787955 0.071980
vt -0.769285 0.071980
vt -0.588217 0.516444
vt -0.567460 0.516445
vt 0.000000 0.999999
vt -0.020724 1.000000
vt -0.567470 0.516446
vt -0.546713 0.516443
vt -0.546703 0.516446
vt -0.588228 0.516449
vt -0.020736 0.806140
vt -0.000012 0.806139
vt -0.043812 0.765456
vt -0.059250 0.780897
vt -0.061576 0.775269
vt -0.049437 0.763121
vt -0.081085 0.780901
vt -0.078751 0.775276
vt -0.096529 0.765464
vt -0.090901 0.763137
vt -0.096534 0.743626
vt -0.090909 0.745960
vt -0.081094 0.728180
vt -0.078768 0.733809
vt -0.059253 0.728178
vt -0.061590 0.733803
vt -0.043812 0.743622
vt -0.049441 0.745946
vt -0.769214 0.057933
vt -0.750576 0.057933
vt -0.732009 0.057933
vt -0.713274 0.057933
vt -0.861542 0.057933
vt -0.843558 0.057933
vt -0.825230 0.057933
vt -0.806713 0.057933
vt -0.787974 0.057933
vt -0.408063 0.423740
vt -0.422030 0.423740
vt -0.421994 0.388559
vt -0.407729 0.388559
vt -0.435972 0.423740
vt -0.436021 0.388559
vt -0.449806 0.423740
vt -0.449919 0.388559
vt -0.463659 0.423740
vt -0.463748 0.388559
vt -0.477473 0.423740
vt -0.477542 0.388559
vt -0.491331 0.423740
vt -0.491320 0.388559
vt -0.505169 0.423740
vt -0.505094 0.388559
vt -0.518990 0.423740
vt -0.518877 0.388559
vt -0.532808 0.423740
vt -0.532686 0.388559
vt -0.546618 0.423740
vt -0.546554 0.388559
vt -0.560521 0.423740
vt -0.560540 0.388559
vt -0.574456 0.423740
vt -0.574753 0.388559
vt -0.726846 0.700059
vt -0.737725 0.710938
vt -0.752585 0.685199
vt -0.752585 0.714919
vt -0.767445 0.710938
vt -0.778324 0.700059
vt -0.782305 0.685199
vt -0.778324 0.670338
vt -0.767445 0.659460
vt -0.752585 0.655478
vt -0.737725 0.659460
vt -0.726846 0.670338
vt -0.722864 0.685199
vt -0.572763 0.368316
vt -0.559756 0.368316
vt -0.546397 0.368316
vt -0.532669 0.368316
vt -0.518867 0.368316
vt -0.505053 0.368316
vt -0.491325 0.368316
vt -0.477583 0.368316
vt -0.463762 0.368316
vt -0.449937 0.368316
vt -0.436191 0.368316
vt -0.422788 0.368316
vt -0.409748 0.368316
vt -0.726846 0.700059
vt -0.737725 0.710938
vt -0.737725 0.710938
vt -0.726846 0.700059
vt -0.752585 0.714919
vt -0.752585 0.714919
vt -0.767445 0.710938
vt -0.767445 0.710938
vt -0.778324 0.700059
vt -0.778324 0.700059
vt -0.782305 0.685199
vt -0.782305 0.685199
vt -0.778324 0.670338
vt -0.778324 0.670338
vt -0.767445 0.659460
vt -0.767445 0.659460
vt -0.752585 0.655478
vt -0.752585 0.655478
vt -0.737725 0.659460
vt -0.737725 0.659460
vt -0.726846 0.670338
vt -0.726846 0.670338
vt -0.722864 0.685199
vt -0.722864 0.685199
vt -0.539552 0.497427
vt -0.386509 0.497427
vt -0.386509 0.504863
vt -0.539552 0.504863
vt -0.386509 0.511773
vt -0.539552 0.511792
vt -0.386509 0.519215
vt -0.539552 0.519215
vt -0.386509 0.526138
vt -0.539552 0.526138
vt -0.379536 0.497427
vt -0.379536 0.504863
vt -0.477292 0.497427
vt -0.386509 0.497427
vt -0.386509 0.504863
vt -0.477293 0.504863
vt -0.386509 0.511789
vt -0.477294 0.511776
vt -0.386509 0.519215
vt -0.477295 0.519215
vt -0.386509 0.526138
vt -0.477296 0.526138
vt -0.379536 0.497427
vt -0.379536 0.504863
vt -0.271503 0.503523
vt -0.271503 0.496673
vt -0.257712 0.496674
vt -0.257712 0.503524
vt -0.248511 0.503524
vt -0.248511 0.496674
vt -0.235497 0.496675
vt -0.235497 0.503525
vt -0.226296 0.503525
vt -0.226295 0.496675
vt -0.212504 0.496676
vt -0.212505 0.503525
vt -0.233866 0.609613
vt -0.233866 0.583586
vt -0.220074 0.583586
vt -0.220074 0.609613
vt -0.220074 0.583586
vt -0.220074 0.609613
vt -0.233865 0.609613
vt -0.233866 0.583586
vt -0.203304 0.503526
vt -0.203304 0.496676
vt -0.280705 0.503523
vt -0.280704 0.496673
vt -0.182935 0.496677
vt -0.182936 0.503526
vt -0.240371 0.590092
vt -0.240371 0.603106
vt -0.260740 0.603106
vt -0.260740 0.590092
vt -0.301073 0.503522
vt -0.301073 0.496672
vt -0.240372 0.590092
vt -0.240372 0.603107
vt -0.260740 0.603107
vt -0.260740 0.590092
vt -0.213568 0.590092
vt -0.213568 0.603106
vt -0.213568 0.603107
vt -0.213568 0.590092
vt -0.539552 0.497427
vt -0.386509 0.497427
vt -0.386509 0.504863
vt -0.539552 0.504863
vt -0.386509 0.511796
vt -0.539552 0.511769
vt -0.386509 0.519215
vt -0.539552 0.519215
vt -0.386509 0.526138
vt -0.539552 0.526138
vt -0.379536 0.497427
vt -0.379536 0.504863
vt -0.026374 0.694316
vt -0.001043 0.694316
vt -0.001022 0.712394
vt -0.033683 0.712394
vt -0.075367 0.694316
vt -0.068068 0.712394
vt -0.100678 0.712394
vt -0.100678 0.694316
vt -0.252576 0.507500
vt -0.252576 0.536427
vt -0.259807 0.529196
vt -0.259807 0.514731
vt -0.288729 0.723530
vt -0.288730 0.734735
vt -0.294936 0.740336
vt -0.294934 0.717928
vt -0.313891 0.518015
vt -0.320023 0.524190
vt -0.334623 0.512938
vt -0.313891 0.512939
vt -0.382363 0.512938
vt -0.361672 0.512938
vt -0.376063 0.524699
vt -0.382348 0.518636
vt -0.044631 0.712394
vt -0.033734 0.702329
vt -0.044744 0.702329
vt -0.057133 0.702329
vt -0.057255 0.712394
vt -0.068034 0.702329
vt -0.138363 0.528278
vt -0.146222 0.519289
vt -0.138151 0.507851
vt -0.134798 0.507925
vt -0.334519 0.524322
vt -0.342441 0.524394
vt -0.342545 0.512938
vt -0.158909 0.657646
vt -0.158913 0.684449
vt -0.200387 0.684443
vt -0.200383 0.657640
vt -0.215561 0.684440
vt -0.215557 0.657637
vt -0.237024 0.684437
vt -0.237020 0.657634
vt -0.252193 0.657632
vt -0.252197 0.684435
vt -0.293672 0.684428
vt -0.293668 0.657625
vt -0.353646 0.524495
vt -0.353750 0.512938
vt -0.361567 0.524567
vt -0.320178 0.714352
vt -0.317699 0.714353
vt -0.317703 0.743907
vt -0.320181 0.743907
vt -0.007122 0.677812
vt -0.007122 0.680945
vt -0.033292 0.693727
vt -0.033295 0.677817
vt -0.043304 0.697105
vt -0.043307 0.677818
vt -0.057466 0.697107
vt -0.057469 0.677821
vt -0.067479 0.693733
vt -0.067481 0.677823
vt -0.093654 0.677827
vt -0.093653 0.680959
vt -0.588147 0.460039
vt -0.612256 0.460038
vt -0.612254 0.432862
vt -0.588146 0.432863
vt -0.000952 0.724317
vt -0.030761 0.724317
vt -0.070999 0.724317
vt -0.100678 0.724317
vt -0.213043 0.507500
vt -0.213043 0.536427
vt -0.058796 0.724317
vt -0.043024 0.724317
vt -0.173870 0.507926
vt -0.170546 0.507852
vt -0.162474 0.519289
vt -0.170304 0.528278
vt -0.162319 0.536263
vt -0.146347 0.536262
vt -0.217777 0.538574
vt -0.207047 0.549303
vt -0.213485 0.554422
vt -0.219087 0.548820
vt -0.207046 0.570765
vt -0.213485 0.565627
vt -0.217775 0.581495
vt -0.219086 0.571229
vt -0.239484 0.574803
vt -0.259249 0.581497
vt -0.239485 0.545248
vt -0.259251 0.538576
vt -0.207047 0.570767
vt -0.217776 0.581497
vt -0.219087 0.571250
vt -0.213485 0.565649
vt -0.207047 0.549304
vt -0.213485 0.554443
vt -0.217776 0.538575
vt -0.219087 0.548842
vt -0.259250 0.538575
vt -0.239484 0.545269
vt -0.259250 0.581496
vt -0.239484 0.574823
vt -0.133379 0.495578
vt -0.138207 0.495636
vt -0.170490 0.495636
vt -0.175288 0.495579
vt -0.581717 0.428851
vt -0.581719 0.464077
vt -0.588139 0.428850
vt -0.588141 0.464077
vt -0.408063 0.423740
vt -0.422030 0.423740
vt -0.421994 0.388559
vt -0.407729 0.388559
vt -0.435972 0.423740
vt -0.436021 0.388559
vt -0.449806 0.423740
vt -0.449919 0.388559
vt -0.463659 0.423740
vt -0.463748 0.388559
vt -0.477473 0.423740
vt -0.477542 0.388559
vt -0.491331 0.423740
vt -0.491320 0.388559
vt -0.505169 0.423740
vt -0.505094 0.388559
vt -0.518990 0.423740
vt -0.518877 0.388559
vt -0.532808 0.423740
vt -0.532686 0.388559
vt -0.546618 0.423740
vt -0.546554 0.388559
vt -0.560521 0.423740
vt -0.560540 0.388559
vt -0.574456 0.423740
vt -0.574753 0.388559
vt -0.726846 0.700059
vt -0.737725 0.710938
vt -0.752585 0.685199
vt -0.752585 0.714919
vt -0.767445 0.710938
vt -0.778324 0.700059
vt -0.782305 0.685199
vt -0.778324 0.670338
vt -0.767445 0.659460
vt -0.752585 0.655478
vt -0.737725 0.659460
vt -0.726846 0.670338
vt -0.722864 0.685199
vt -0.572763 0.368316
vt -0.559756 0.368316
vt -0.546397 0.368316
vt -0.532669 0.368316
vt -0.518867 0.368316
vt -0.505053 0.368316
vt -0.491325 0.368316
vt -0.477583 0.368316
vt -0.463762 0.368316
vt -0.449937 0.368316
vt -0.436191 0.368316
vt -0.422788 0.368316
vt -0.409748 0.368316
vt -0.726846 0.700059
vt -0.737725 0.710938
vt -0.737725 0.710938
vt -0.726846 0.700059
vt -0.752585 0.714919
vt -0.752585 0.714919
vt -0.767445 0.710938
vt -0.767445 0.710938
vt -0.778324 0.700059
vt -0.778324 0.700059
vt -0.782305 0.685199
vt -0.782305 0.685199
vt -0.778324 0.670338
vt -0.778324 0.670338
vt -0.767445 0.659460
vt -0.767445 0.659460
vt -0.752585 0.655478
vt -0.752585 0.655478
vt -0.737725 0.659460
vt -0.737725 0.659460
vt -0.726846 0.670338
vt -0.726846 0.670338
vt -0.722864 0.685199
vt -0.722864 0.685199
vt -0.716110 0.293703
vt -0.713259 0.289039
vt -0.700536 0.289038
vt -0.697689 0.293703
vt -0.717431 0.292338
vt -0.717431 0.253256
vt -0.713268 0.256557
vt -0.716110 0.251891
vt -0.697689 0.251891
vt -0.700537 0.256556
vt -0.696368 0.292338
vt -0.696368 0.253257
vt -0.721208 0.292338
vt -0.721208 0.253256
vt -0.692591 0.253257
vt -0.692591 0.292338
vt -0.716110 0.248795
vt -0.697689 0.248795
vt -0.697689 0.296799
vt -0.716110 0.296799
vt -0.716110 0.293703
vt -0.713259 0.289038
vt -0.700536 0.289038
vt -0.697689 0.293703
vt -0.717431 0.292338
vt -0.717431 0.253256
vt -0.713269 0.256557
vt -0.716110 0.251891
vt -0.697689 0.251891
vt -0.700537 0.256556
vt -0.696368 0.292338
vt -0.696368 0.253257
vt -0.721208 0.292338
vt -0.721208 0.253256
vt -0.692591 0.253257
vt -0.692591 0.292338
vt -0.716110 0.248795
vt -0.697689 0.248795
vt -0.697689 0.296799
vt -0.716110 0.296799
vt -0.577833 0.314715
vt -0.578287 0.311567
vt -0.574517 0.311567
vt -0.637820 0.311567
vt -0.634286 0.311567
vt -0.634286 0.314715
vt -0.576825 0.230166
vt -0.574516 0.233201
vt -0.577050 0.233201
vt -0.637820 0.233201
vt -0.634286 0.230166
vt -0.634286 0.233201
vt -0.960986 0.002562
vt -0.986870 0.012391
vt -0.992012 0.002565
vt -0.370294 0.410680
vt -0.351864 0.397346
vt -0.351438 0.424458
vt -0.370294 0.424458
vt -0.372819 0.410391
vt -0.391245 0.396892
vt -0.389069 0.390652
vt -0.384064 0.386131
vt -0.960984 0.021087
vt -0.960983 0.039612
vt -0.966613 0.039612
vt -0.966614 0.034895
vt -0.875219 0.002554
vt -0.870883 0.002590
vt -0.870880 0.039566
vt -0.875216 0.039603
vt -0.984957 0.034896
vt -0.986869 0.029788
vt -0.389966 0.345768
vt -0.401263 0.345767
vt -0.401261 0.327829
vt -0.389964 0.327831
vt -0.414518 0.345765
vt -0.417054 0.343971
vt -0.417052 0.329621
vt -0.414516 0.327828
vt -0.359041 0.386591
vt -0.370294 0.384634
vt -0.370294 0.376654
vt -0.354723 0.380076
vt -0.354039 0.391109
vt -0.347740 0.386583
vt -0.344046 0.395292
vt -0.343035 0.424458
vt -0.956441 0.002562
vt -0.956437 0.039611
vt -0.636944 0.256407
vt -0.642621 0.262470
vt -0.642621 0.249389
vt -0.637820 0.249389
vt -0.347279 0.360984
vt -0.347279 0.370635
vt -0.354567 0.370833
vt -0.355043 0.360984
vt -0.347279 0.351452
vt -0.355043 0.351452
vt -0.347279 0.342202
vt -0.355043 0.342202
vt -0.355043 0.314149
vt -0.347279 0.314149
vt -0.577912 0.256408
vt -0.634286 0.256408
vt -0.634286 0.262470
vt -0.637820 0.262470
vt -0.391672 0.424119
vt -0.400104 0.424119
vt -0.399067 0.394837
vt -0.395371 0.386123
vt -0.388385 0.379898
vt -0.372819 0.384440
vt -0.372819 0.376192
vt -0.693230 0.187395
vt -0.693230 0.156770
vt -0.679061 0.156770
vt -0.679061 0.187396
vt -0.574516 0.256408
vt -0.578004 0.262470
vt -0.373375 0.342202
vt -0.373375 0.314149
vt -0.634286 0.282904
vt -0.637820 0.282904
vt -0.642621 0.283173
vt -0.373871 0.370819
vt -0.373375 0.360984
vt -0.373375 0.351452
vt -0.636875 0.289032
vt -0.634286 0.289033
vt -0.578035 0.282904
vt -0.577952 0.289032
vt -0.574516 0.289032
vt -0.574517 0.295487
vt -0.577742 0.295487
vt -0.578682 0.307820
vt -0.574517 0.307820
vt -0.686146 0.196422
vt -0.695445 0.196422
vt -0.676847 0.196422
vt -0.717382 0.221037
vt -0.684915 0.221037
vt -0.684915 0.227492
vt -0.717382 0.227446
vt -0.992994 0.015755
vt -0.996406 0.007162
vt -0.574516 0.262470
vt -0.637820 0.295487
vt -0.642621 0.295487
vt -0.381225 0.342202
vt -0.381225 0.314149
vt -0.381225 0.351452
vt -0.381225 0.360984
vt -0.574517 0.282904
vt -0.992009 0.039615
vt -0.996403 0.035019
vt -0.992993 0.026425
vt -0.717382 0.243623
vt -0.717382 0.236931
vt -0.684914 0.237397
vt -0.684915 0.243623
vt -0.694083 0.210702
vt -0.695445 0.205988
vt -0.671430 0.217194
vt -0.666979 0.224192
vt -0.673619 0.224076
vt -0.674205 0.241270
vt -0.666979 0.241497
vt -0.671430 0.249882
vt -0.676847 0.205988
vt -0.678209 0.210702
vt -0.655931 0.217194
vt -0.649394 0.220007
vt -0.654827 0.226798
vt -0.658437 0.224993
vt -0.676500 0.227898
vt -0.676918 0.237289
vt -0.658896 0.241373
vt -0.656134 0.249882
vt -0.654988 0.239902
vt -0.649394 0.245774
vt -0.652540 0.229858
vt -0.645624 0.226454
vt -0.645624 0.240835
vt -0.652540 0.237061
vt -0.666979 0.232854
vt -0.672118 0.229446
vt -0.672525 0.235948
vt -0.404725 0.345766
vt -0.404723 0.327829
vt -0.510075 0.327815
vt -0.505387 0.327816
vt -0.505390 0.345753
vt -0.510077 0.345752
vt -0.504647 0.346496
vt -0.502853 0.343959
vt -0.415261 0.346508
vt -0.415259 0.327085
vt -0.502851 0.329609
vt -0.504644 0.327073
vt -0.858774 0.002606
vt -0.858771 0.039547
vt -0.628553 0.295487
vt -0.432146 0.322395
vt -0.504644 0.322385
vt -0.429008 0.354337
vt -0.415263 0.356301
vt -0.417711 0.358748
vt -0.429008 0.358747
vt -0.628553 0.307820
vt -0.429003 0.319252
vt -0.415257 0.317292
vt -0.429002 0.314842
vt -0.417705 0.314844
vt -0.504647 0.351183
vt -0.432150 0.351193
vt -0.984956 0.039614
vt -0.690796 0.212654
vt -0.681496 0.212654
vt -0.372819 0.424119
vt -0.716096 0.293670
vt -0.713250 0.289012
vt -0.700552 0.289013
vt -0.697704 0.293670
vt -0.717414 0.292307
vt -0.717414 0.253287
vt -0.713242 0.256581
vt -0.716095 0.251924
vt -0.697703 0.251924
vt -0.700552 0.256581
vt -0.696385 0.292307
vt -0.696385 0.253289
vt -0.721185 0.292307
vt -0.721185 0.253287
vt -0.692613 0.253289
vt -0.692613 0.292307
vt -0.716095 0.248833
vt -0.697703 0.248833
vt -0.697704 0.296761
vt -0.716096 0.296761
vt -0.716096 0.293670
vt -0.713250 0.289013
vt -0.700552 0.289013
vt -0.697704 0.293670
vt -0.717414 0.292307
vt -0.717414 0.253287
vt -0.713240 0.256581
vt -0.716095 0.251924
vt -0.697703 0.251924
vt -0.700552 0.256581
vt -0.696385 0.292307
vt -0.696385 0.253288
vt -0.721185 0.292307
vt -0.721185 0.253287
vt -0.692613 0.253288
vt -0.692613 0.292307
vt -0.716095 0.248833
vt -0.697703 0.248833
vt -0.697704 0.296761
vt -0.716096 0.296761
vt -0.716096 0.293670
vt -0.713250 0.289013
vt -0.700552 0.289013
vt -0.697704 0.293670
vt -0.717414 0.292307
vt -0.717414 0.253287
vt -0.713241 0.256580
vt -0.716095 0.251924
vt -0.697703 0.251924
vt -0.700552 0.256581
vt -0.696385 0.292307
vt -0.696385 0.253289
vt -0.721185 0.292307
vt -0.721185 0.253287
vt -0.692613 0.253289
vt -0.692613 0.292307
vt -0.716095 0.248833
vt -0.697703 0.248833
vt -0.697704 0.296761
vt -0.716096 0.296761
vt -0.998309 0.217420
vt -0.998306 0.204852
vt -0.983652 0.204854
vt -0.983655 0.217423
vt -0.975425 0.217424
vt -0.975423 0.204856
vt -0.963781 0.204858
vt -0.963783 0.217426
vt -0.955553 0.217428
vt -0.955551 0.204859
vt -0.940897 0.204861
vt -0.940899 0.217430
vt -0.932669 0.217432
vt -0.932667 0.204863
vt -0.921026 0.204865
vt -0.921028 0.217433
vt -0.653934 0.263266
vt -0.681227 0.263267
vt -0.674405 0.256444
vt -0.660757 0.256444
vt -0.681227 0.263267
vt -0.653934 0.263267
vt -0.653934 0.280446
vt -0.681227 0.280447
vt -0.912798 0.217435
vt -0.912796 0.204866
vt -0.998308 0.217426
vt -0.998307 0.204857
vt -0.983653 0.204858
vt -0.983654 0.217427
vt -0.975424 0.217427
vt -0.975423 0.204858
vt -0.963782 0.204859
vt -0.963783 0.217427
vt -0.955552 0.217428
vt -0.955552 0.204859
vt -0.940898 0.204860
vt -0.940898 0.217428
vt -0.932668 0.217429
vt -0.932668 0.204860
vt -0.921026 0.204861
vt -0.921027 0.217429
vt -0.681225 0.263263
vt -0.653932 0.263269
vt -0.653935 0.280448
vt -0.681228 0.280444
vt -0.681227 0.263267
vt -0.674404 0.256444
vt -0.660756 0.256444
vt -0.653934 0.263267
vt -0.912797 0.217429
vt -0.912796 0.204861
vt -0.998306 0.217437
vt -0.998309 0.204868
vt -0.983655 0.204865
vt -0.983652 0.217433
vt -0.975422 0.217432
vt -0.975425 0.204863
vt -0.963784 0.204861
vt -0.963781 0.217429
vt -0.955551 0.217427
vt -0.955553 0.204859
vt -0.940899 0.204856
vt -0.940897 0.217424
vt -0.932667 0.217423
vt -0.932669 0.204854
vt -0.921028 0.204852
vt -0.921025 0.217420
vt -0.681228 0.280445
vt -0.653935 0.280449
vt -0.660757 0.287269
vt -0.674406 0.287268
vt -0.681227 0.280446
vt -0.653934 0.280446
vt -0.660756 0.287269
vt -0.674404 0.287269
vt -0.912795 0.217419
vt -0.912798 0.204850
vt -0.681226 0.263265
vt -0.674402 0.256444
vt -0.660754 0.256446
vt -0.653932 0.263269
vt -0.653933 0.280446
vt -0.660756 0.287269
vt -0.674404 0.287269
vt -0.681226 0.280447
vt -0.660759 0.287270
vt -0.674408 0.287267
vt -0.674400 0.256443
vt -0.660753 0.256445
vt -0.660756 0.287269
vt -0.674404 0.287269
vt -0.674404 0.256444
vt -0.660756 0.256444
vt -0.681227 0.280446
vt -0.653934 0.280446
vt -0.660756 0.287269
vt -0.674404 0.287269
vt -0.681227 0.263267
vt -0.653934 0.263267
vt -0.674404 0.256444
vt -0.660756 0.256444
vt -0.227949 0.394452
vt -0.138572 0.394461
vt -0.138573 0.400072
vt -0.227950 0.400063
vt -0.227951 0.405675
vt -0.138574 0.405684
vt -0.138574 0.411295
vt -0.227951 0.411286
vt -0.227952 0.416897
vt -0.138574 0.416906
vt -0.138575 0.422517
vt -0.227952 0.422509
vt -0.227949 0.383229
vt -0.138571 0.383238
vt -0.138572 0.388850
vt -0.227949 0.388841
vt -0.232421 0.557781
vt -0.221715 0.568486
vt -0.227986 0.568486
vt -0.232421 0.564052
vt -0.227948 0.377618
vt -0.138570 0.377627
vt -0.227987 0.553346
vt -0.217281 0.564051
vt -0.221716 0.553346
vt -0.217281 0.557780
vt -0.381225 0.370635
vt -0.716110 0.293703
vt -0.713259 0.289039
vt -0.700536 0.289038
vt -0.697689 0.293703
vt -0.717431 0.292338
vt -0.717431 0.253256
vt -0.713268 0.256557
vt -0.716110 0.251891
vt -0.697689 0.251891
vt -0.700537 0.256556
vt -0.696368 0.292338
vt -0.696368 0.253257
vt -0.721208 0.292338
vt -0.721208 0.253256
vt -0.692591 0.253257
vt -0.692591 0.292338
vt -0.716110 0.248795
vt -0.697689 0.248795
vt -0.697689 0.296799
vt -0.716110 0.296799
vt -0.716110 0.293703
vt -0.713259 0.289038
vt -0.700536 0.289038
vt -0.697689 0.293703
vt -0.717431 0.292338
vt -0.717431 0.253256
vt -0.713269 0.256557
vt -0.716110 0.251891
vt -0.697689 0.251891
vt -0.700537 0.256556
vt -0.696368 0.292338
vt -0.696368 0.253257
vt -0.721208 0.292338
vt -0.721208 0.253256
vt -0.692591 0.253257
vt -0.692591 0.292338
vt -0.716110 0.248795
vt -0.697689 0.248795
vt -0.697689 0.296799
vt -0.716110 0.296799
vt -0.577833 0.314715
vt -0.578287 0.311567
vt -0.574517 0.311567
vt -0.637820 0.311567
vt -0.634286 0.311567
vt -0.634286 0.314715
vt -0.576825 0.230166
vt -0.574516 0.233201
vt -0.577050 0.233201
vt -0.637820 0.233201
vt -0.634286 0.230166
vt -0.634286 0.233201
vt -0.960986 0.002562
vt -0.986870 0.012391
vt -0.992012 0.002565
vt -0.370294 0.410680
vt -0.351864 0.397346
vt -0.351438 0.424458
vt -0.370294 0.424458
vt -0.372819 0.410391
vt -0.391245 0.396892
vt -0.389069 0.390652
vt -0.384064 0.386131
vt -0.960984 0.021087
vt -0.960983 0.039612
vt -0.966613 0.039612
vt -0.966614 0.034895
vt -0.875219 0.002554
vt -0.870883 0.002590
vt -0.870880 0.039566
vt -0.875216 0.039603
vt -0.984957 0.034896
vt -0.986869 0.029788
vt -0.389966 0.345768
vt -0.401263 0.345767
vt -0.401261 0.327829
vt -0.389964 0.327831
vt -0.414518 0.345765
vt -0.417054 0.343971
vt -0.417052 0.329621
vt -0.414516 0.327828
vt -0.359041 0.386591
vt -0.370294 0.384634
vt -0.370294 0.376654
vt -0.354723 0.380076
vt -0.354039 0.391109
vt -0.347740 0.386583
vt -0.344046 0.395292
vt -0.343035 0.424458
vt -0.956441 0.002562
vt -0.956437 0.039611
vt -0.636944 0.256407
vt -0.642621 0.262470
vt -0.642621 0.249389
vt -0.637820 0.249389
vt -0.347279 0.360984
vt -0.347279 0.370635
vt -0.354567 0.370833
vt -0.355043 0.360984
vt -0.347279 0.351452
vt -0.355043 0.351452
vt -0.347279 0.342202
vt -0.355043 0.342202
vt -0.355043 0.314149
vt -0.347279 0.314149
vt -0.577912 0.256408
vt -0.634286 0.256408
vt -0.634286 0.262470
vt -0.637820 0.262470
vt -0.391672 0.424119
vt -0.400104 0.424119
vt -0.399067 0.394837
vt -0.395371 0.386123
vt -0.388385 0.379898
vt -0.372819 0.384440
vt -0.372819 0.376192
vt -0.693230 0.187395
vt -0.693230 0.156770
vt -0.679061 0.156770
vt -0.679061 0.187396
vt -0.574516 0.256408
vt -0.578004 0.262470
vt -0.373375 0.342202
vt -0.373375 0.314149
vt -0.634286 0.282904
vt -0.637820 0.282904
vt -0.642621 0.283173
vt -0.373871 0.370819
vt -0.373375 0.360984
vt -0.373375 0.351452
vt -0.636875 0.289032
vt -0.634286 0.289033
vt -0.578035 0.282904
vt -0.577952 0.289032
vt -0.574516 0.289032
vt -0.574517 0.295487
vt -0.577742 0.295487
vt -0.578682 0.307820
vt -0.574517 0.307820
vt -0.686146 0.196422
vt -0.695445 0.196422
vt -0.676847 0.196422
vt -0.717382 0.221037
vt -0.684915 0.221037
vt -0.684915 0.227492
vt -0.717382 0.227446
vt -0.992994 0.015755
vt -0.996406 0.007162
vt -0.574516 0.262470
vt -0.637820 0.295487
vt -0.642621 0.295487
vt -0.381225 0.342202
vt -0.381225 0.314149
vt -0.381225 0.351452
vt -0.381225 0.360984
vt -0.574517 0.282904
vt -0.992009 0.039615
vt -0.996403 0.035019
vt -0.992993 0.026425
vt -0.717382 0.243623
vt -0.717382 0.236931
vt -0.684914 0.237397
vt -0.684915 0.243623
vt -0.694083 0.210702
vt -0.695445 0.205988
vt -0.671430 0.217194
vt -0.666979 0.224192
vt -0.673619 0.224076
vt -0.674205 0.241270
vt -0.666979 0.241497
vt -0.671430 0.249882
vt -0.676847 0.205988
vt -0.678209 0.210702
vt -0.655931 0.217194
vt -0.649394 0.220007
vt -0.654827 0.226798
vt -0.658437 0.224993
vt -0.676500 0.227898
vt -0.676918 0.237289
vt -0.658896 0.241373
vt -0.656134 0.249882
vt -0.654988 0.239902
vt -0.649394 0.245774
vt -0.652540 0.229858
vt -0.645624 0.226454
vt -0.645624 0.240835
vt -0.652540 0.237061
vt -0.666979 0.232854
vt -0.672118 0.229446
vt -0.672525 0.235948
vt -0.404725 0.345766
vt -0.404723 0.327829
vt -0.510075 0.327815
vt -0.505387 0.327816
vt -0.505390 0.345753
vt -0.510077 0.345752
vt -0.504647 0.346496
vt -0.502853 0.343959
vt -0.415261 0.346508
vt -0.415259 0.327085
vt -0.502851 0.329609
vt -0.504644 0.327073
vt -0.858774 0.002606
vt -0.858771 0.039547
vt -0.628553 0.295487
vt -0.432146 0.322395
vt -0.504644 0.322385
vt -0.429008 0.354337
vt -0.415263 0.356301
vt -0.417711 0.358748
vt -0.429008 0.358747
vt -0.628553 0.307820
vt -0.429003 0.319252
vt -0.415257 0.317292
vt -0.429002 0.314842
vt -0.417705 0.314844
vt -0.504647 0.351183
vt -0.432150 0.351193
vt -0.984956 0.039614
vt -0.690796 0.212654
vt -0.681496 0.212654
vt -0.372819 0.424119
vt -0.716096 0.293670
vt -0.713250 0.289012
vt -0.700552 0.289013
vt -0.697704 0.293670
vt -0.717414 0.292307
vt -0.717414 0.253287
vt -0.713242 0.256581
vt -0.716095 0.251924
vt -0.697703 0.251924
vt -0.700552 0.256581
vt -0.696385 0.292307
vt -0.696385 0.253289
vt -0.721185 0.292307
vt -0.721185 0.253287
vt -0.692613 0.253289
vt -0.692613 0.292307
vt -0.716095 0.248833
vt -0.697703 0.248833
vt -0.697704 0.296761
vt -0.716096 0.296761
vt -0.716096 0.293670
vt -0.713250 0.289013
vt -0.700552 0.289013
vt -0.697704 0.293670
vt -0.717414 0.292307
vt -0.717414 0.253287
vt -0.713240 0.256581
vt -0.716095 0.251924
vt -0.697703 0.251924
vt -0.700552 0.256581
vt -0.696385 0.292307
vt -0.696385 0.253288
vt -0.721185 0.292307
vt -0.721185 0.253287
vt -0.692613 0.253288
vt -0.692613 0.292307
vt -0.716095 0.248833
vt -0.697703 0.248833
vt -0.697704 0.296761
vt -0.716096 0.296761
vt -0.716096 0.293670
vt -0.713250 0.289013
vt -0.700552 0.289013
vt -0.697704 0.293670
vt -0.717414 0.292307
vt -0.717414 0.253287
vt -0.713241 0.256580
vt -0.716095 0.251924
vt -0.697703 0.251924
vt -0.700552 0.256581
vt -0.696385 0.292307
vt -0.696385 0.253289
vt -0.721185 0.292307
vt -0.721185 0.253287
vt -0.692613 0.253289
vt -0.692613 0.292307
vt -0.716095 0.248833
vt -0.697703 0.248833
vt -0.697704 0.296761
vt -0.716096 0.296761
vt -0.998309 0.217420
vt -0.998306 0.204852
vt -0.983652 0.204854
vt -0.983655 0.217423
vt -0.975425 0.217424
vt -0.975423 0.204856
vt -0.963781 0.204858
vt -0.963783 0.217426
vt -0.955553 0.217428
vt -0.955551 0.204859
vt -0.940897 0.204861
vt -0.940899 0.217430
vt -0.932669 0.217432
vt -0.932667 0.204863
vt -0.921026 0.204865
vt -0.921028 0.217433
vt -0.653934 0.263266
vt -0.681227 0.263267
vt -0.674405 0.256444
vt -0.660757 0.256444
vt -0.681227 0.263267
vt -0.653934 0.263267
vt -0.653934 0.280446
vt -0.681227 0.280447
vt -0.912798 0.217435
vt -0.912796 0.204866
vt -0.998308 0.217426
vt -0.998307 0.204857
vt -0.983653 0.204858
vt -0.983654 0.217427
vt -0.975424 0.217427
vt -0.975423 0.204858
vt -0.963782 0.204859
vt -0.963783 0.217427
vt -0.955552 0.217428
vt -0.955552 0.204859
vt -0.940898 0.204860
vt -0.940898 0.217428
vt -0.932668 0.217429
vt -0.932668 0.204860
vt -0.921026 0.204861
vt -0.921027 0.217429
vt -0.681225 0.263263
vt -0.653932 0.263269
vt -0.653935 0.280448
vt -0.681228 0.280444
vt -0.681227 0.263267
vt -0.674404 0.256444
vt -0.660756 0.256444
vt -0.653934 0.263267
vt -0.912797 0.217429
vt -0.912796 0.204861
vt -0.998306 0.217437
vt -0.998309 0.204868
vt -0.983655 0.204865
vt -0.983652 0.217433
vt -0.975422 0.217432
vt -0.975425 0.204863
vt -0.963784 0.204861
vt -0.963781 0.217429
vt -0.955551 0.217427
vt -0.955553 0.204859
vt -0.940899 0.204856
vt -0.940897 0.217424
vt -0.932667 0.217423
vt -0.932669 0.204854
vt -0.921028 0.204852
vt -0.921025 0.217420
vt -0.681228 0.280445
vt -0.653935 0.280449
vt -0.660757 0.287269
vt -0.674406 0.287268
vt -0.681227 0.280446
vt -0.653934 0.280446
vt -0.660756 0.287269
vt -0.674404 0.287269
vt -0.912795 0.217419
vt -0.912798 0.204850
vt -0.681226 0.263265
vt -0.674402 0.256444
vt -0.660754 0.256446
vt -0.653932 0.263269
vt -0.653933 0.280446
vt -0.660756 0.287269
vt -0.674404 0.287269
vt -0.681226 0.280447
vt -0.660759 0.287270
vt -0.674408 0.287267
vt -0.674400 0.256443
vt -0.660753 0.256445
vt -0.660756 0.287269
vt -0.674404 0.287269
vt -0.674404 0.256444
vt -0.660756 0.256444
vt -0.681227 0.280446
vt -0.653934 0.280446
vt -0.660756 0.287269
vt -0.674404 0.287269
vt -0.681227 0.263267
vt -0.653934 0.263267
vt -0.674404 0.256444
vt -0.660756 0.256444
vt -0.227949 0.394452
vt -0.138572 0.394461
vt -0.138573 0.400072
vt -0.227950 0.400063
vt -0.227951 0.405675
vt -0.138574 0.405684
vt -0.138574 0.411295
vt -0.227951 0.411286
vt -0.227952 0.416897
vt -0.138574 0.416906
vt -0.138575 0.422517
vt -0.227952 0.422509
vt -0.227949 0.383229
vt -0.138571 0.383238
vt -0.138572 0.388850
vt -0.227949 0.388841
vt -0.232421 0.557781
vt -0.221715 0.568486
vt -0.227986 0.568486
vt -0.232421 0.564052
vt -0.227948 0.377618
vt -0.138570 0.377627
vt -0.227987 0.553346
vt -0.217281 0.564051
vt -0.221716 0.553346
vt -0.217281 0.557780
vt -0.381225 0.370635
vt -0.539552 0.497427
vt -0.386509 0.497427
vt -0.386509 0.504863
vt -0.539552 0.504863
vt -0.386509 0.511773
vt -0.539552 0.511792
vt -0.386509 0.519215
vt -0.539552 0.519215
vt -0.386509 0.526138
vt -0.539552 0.526138
vt -0.379536 0.497427
vt -0.379536 0.504863
vt -0.477292 0.497427
vt -0.386509 0.497427
vt -0.386509 0.504863
vt -0.477293 0.504863
vt -0.386509 0.511789
vt -0.477294 0.511776
vt -0.386509 0.519215
vt -0.477295 0.519215
vt -0.386509 0.526138
vt -0.477296 0.526138
vt -0.379536 0.497427
vt -0.379536 0.504863
vt -0.271503 0.503523
vt -0.271503 0.496673
vt -0.257712 0.496674
vt -0.257712 0.503524
vt -0.248511 0.503524
vt -0.248511 0.496674
vt -0.235497 0.496675
vt -0.235497 0.503525
vt -0.226296 0.503525
vt -0.226295 0.496675
vt -0.212504 0.496676
vt -0.212505 0.503525
vt -0.233866 0.609613
vt -0.233866 0.583586
vt -0.220074 0.583586
vt -0.220074 0.609613
vt -0.220074 0.583586
vt -0.220074 0.609613
vt -0.233865 0.609613
vt -0.233866 0.583586
vt -0.203304 0.503526
vt -0.203304 0.496676
vt -0.280705 0.503523
vt -0.280704 0.496673
vt -0.182935 0.496677
vt -0.182936 0.503526
vt -0.240371 0.590092
vt -0.240371 0.603106
vt -0.260740 0.603106
vt -0.260740 0.590092
vt -0.301073 0.503522
vt -0.301073 0.496672
vt -0.240372 0.590092
vt -0.240372 0.603107
vt -0.260740 0.603107
vt -0.260740 0.590092
vt -0.213568 0.590092
vt -0.213568 0.603106
vt -0.213568 0.603107
vt -0.213568 0.590092
vt -0.539552 0.497427
vt -0.386509 0.497427
vt -0.386509 0.504863
vt -0.539552 0.504863
vt -0.386509 0.511796
vt -0.539552 0.511769
vt -0.386509 0.519215
vt -0.539552 0.519215
vt -0.386509 0.526138
vt -0.539552 0.526138
vt -0.379536 0.497427
vt -0.379536 0.504863
vt -0.026374 0.694316
vt -0.001043 0.694316
vt -0.001022 0.712394
vt -0.033683 0.712394
vt -0.075367 0.694316
vt -0.068068 0.712394
vt -0.100678 0.712394
vt -0.100678 0.694316
vt -0.252576 0.507500
vt -0.252576 0.536427
vt -0.259807 0.529196
vt -0.259807 0.514731
vt -0.288729 0.723530
vt -0.288730 0.734735
vt -0.294936 0.740336
vt -0.294934 0.717928
vt -0.313891 0.518015
vt -0.320023 0.524190
vt -0.334623 0.512938
vt -0.313891 0.512939
vt -0.382363 0.512938
vt -0.361672 0.512938
vt -0.376063 0.524699
vt -0.382348 0.518636
vt -0.044631 0.712394
vt -0.033734 0.702329
vt -0.044744 0.702329
vt -0.057133 0.702329
vt -0.057255 0.712394
vt -0.068034 0.702329
vt -0.138363 0.528278
vt -0.146222 0.519289
vt -0.138151 0.507851
vt -0.134798 0.507925
vt -0.334519 0.524322
vt -0.342441 0.524394
vt -0.342545 0.512938
vt -0.158909 0.657646
vt -0.158913 0.684449
vt -0.200387 0.684443
vt -0.200383 0.657640
vt -0.215561 0.684440
vt -0.215557 0.657637
vt -0.237024 0.684437
vt -0.237020 0.657634
vt -0.252193 0.657632
vt -0.252197 0.684435
vt -0.293672 0.684428
vt -0.293668 0.657625
vt -0.353646 0.524495
vt -0.353750 0.512938
vt -0.361567 0.524567
vt -0.320178 0.714352
vt -0.317699 0.714353
vt -0.317703 0.743907
vt -0.320181 0.743907
vt -0.007122 0.677812
vt -0.007122 0.680945
vt -0.033292 0.693727
vt -0.033295 0.677817
vt -0.043304 0.697105
vt -0.043307 0.677818
vt -0.057466 0.697107
vt -0.057469 0.677821
vt -0.067479 0.693733
vt -0.067481 0.677823
vt -0.093654 0.677827
vt -0.093653 0.680959
vt -0.588147 0.460039
vt -0.612256 0.460038
vt -0.612254 0.432862
vt -0.588146 0.432863
vt -0.000952 0.724317
vt -0.030761 0.724317
vt -0.070999 0.724317
vt -0.100678 0.724317
vt -0.213043 0.507500
vt -0.213043 0.536427
vt -0.058796 0.724317
vt -0.043024 0.724317
vt -0.173870 0.507926
vt -0.170546 0.507852
vt -0.162474 0.519289
vt -0.170304 0.528278
vt -0.162319 0.536263
vt -0.146347 0.536262
vt -0.217777 0.538574
vt -0.207047 0.549303
vt -0.213485 0.554422
vt -0.219087 0.548820
vt -0.207046 0.570765
vt -0.213485 0.565627
vt -0.217775 0.581495
vt -0.219086 0.571229
vt -0.239484 0.574803
vt -0.259249 0.581497
vt -0.239485 0.545248
vt -0.259251 0.538576
vt -0.207047 0.570767
vt -0.217776 0.581497
vt -0.219087 0.571250
vt -0.213485 0.565649
vt -0.207047 0.549304
vt -0.213485 0.554443
vt -0.217776 0.538575
vt -0.219087 0.548842
vt -0.259250 0.538575
vt -0.239484 0.545269
vt -0.259250 0.581496
vt -0.239484 0.574823
vt -0.133379 0.495578
vt -0.138207 0.495636
vt -0.170490 0.495636
vt -0.175288 0.495579
vt -0.581717 0.428851
vt -0.581719 0.464077
vt -0.588139 0.428850
vt -0.588141 0.464077
vt -0.717337 0.105611
vt -0.733351 0.105611
vt -0.732333 0.099332
vt -0.713274 0.099332
vt -0.751111 0.105611
vt -0.750741 0.099332
vt -0.769510 0.105611
vt -0.769342 0.099332
vt -0.788059 0.105611
vt -0.788027 0.099332
vt -0.806570 0.105611
vt -0.806672 0.099332
vt -0.824830 0.105611
vt -0.825136 0.099332
vt -0.842358 0.105611
vt -0.843303 0.099332
vt -0.858069 0.105611
vt -0.861946 0.099332
vt -0.196871 0.517974
vt -0.183640 0.517974
vt -0.190256 0.533945
vt -0.206226 0.527330
vt -0.206226 0.540560
vt -0.196871 0.549916
vt -0.183640 0.549916
vt -0.174285 0.540561
vt -0.174285 0.527330
vt -0.057557 0.760184
vt -0.065243 0.767450
vt -0.070173 0.754538
vt -0.075816 0.767154
vt -0.083084 0.759469
vt -0.082788 0.748895
vt -0.075102 0.741627
vt -0.064527 0.741923
vt -0.057260 0.749610
vt -0.020729 0.925178
vt -0.020730 0.903070
vt -0.000006 0.903069
vt -0.000005 0.925176
vt -0.020727 0.947285
vt -0.000003 0.947284
vt -0.020726 0.967945
vt -0.000002 0.967944
vt -0.020733 0.858855
vt -0.020734 0.838196
vt -0.000010 0.838194
vt -0.000009 0.858854
vt -0.020731 0.880962
vt -0.000007 0.880961
vt -0.568856 0.258615
vt -0.551320 0.258615
vt -0.551158 0.276724
vt -0.568856 0.276892
vt -0.444938 0.258615
vt -0.427667 0.258615
vt -0.427667 0.276949
vt -0.445121 0.276740
vt -0.462734 0.258615
vt -0.462776 0.276734
vt -0.480473 0.258615
vt -0.480488 0.276716
vt -0.498170 0.258615
vt -0.498172 0.276740
vt -0.515843 0.258615
vt -0.515844 0.276744
vt -0.533531 0.258615
vt -0.533530 0.276727
vt -0.585450 0.587307
vt -0.567464 0.594758
vt -0.567464 0.598677
vt -0.588221 0.590077
vt -0.567458 0.594759
vt -0.549473 0.587306
vt -0.546702 0.590076
vt -0.567458 0.598678
vt -0.592900 0.569320
vt -0.596818 0.569320
vt -0.542025 0.569319
vt -0.538107 0.569318
vt -0.585448 0.551334
vt -0.593663 0.548563
vt -0.549478 0.551333
vt -0.541264 0.548561
vt -0.567461 0.543884
vt -0.567461 0.539966
vt -0.567466 0.543885
vt -0.567467 0.539967
vt -0.549475 0.551336
vt -0.541260 0.548565
vt -0.585452 0.551338
vt -0.593667 0.548569
vt -0.542026 0.569323
vt -0.538107 0.569323
vt -0.592899 0.569326
vt -0.596818 0.569327
vt -0.549477 0.587309
vt -0.546706 0.590080
vt -0.585446 0.587312
vt -0.588216 0.590083
vt -0.533528 0.280364
vt -0.551068 0.280364
vt -0.568856 0.280364
vt -0.427667 0.280364
vt -0.445191 0.280364
vt -0.462784 0.280364
vt -0.480472 0.280364
vt -0.498173 0.280364
vt -0.515869 0.280364
vt -0.533557 0.303828
vt -0.551177 0.303828
vt -0.568856 0.303828
vt -0.427667 0.303828
vt -0.445084 0.303828
vt -0.462703 0.303828
vt -0.480477 0.303828
vt -0.498160 0.303828
vt -0.515825 0.303828
vt -0.750579 0.071980
vt -0.731831 0.071980
vt -0.713274 0.071981
vt -0.861860 0.071980
vt -0.843714 0.071980
vt -0.825181 0.071980
vt -0.806588 0.071980
vt -0.787955 0.071980
vt -0.769285 0.071980
vt -0.588217 0.516444
vt -0.567460 0.516445
vt 0.000000 0.999999
vt -0.020724 1.000000
vt -0.567470 0.516446
vt -0.546713 0.516443
vt -0.546703 0.516446
vt -0.588228 0.516449
vt -0.020736 0.806140
vt -0.000012 0.806139
vt -0.043812 0.765456
vt -0.059250 0.780897
vt -0.061576 0.775269
vt -0.049437 0.763121
vt -0.081085 0.780901
vt -0.078751 0.775276
vt -0.096529 0.765464
vt -0.090901 0.763137
vt -0.096534 0.743626
vt -0.090909 0.745960
vt -0.081094 0.728180
vt -0.078768 0.733809
vt -0.059253 0.728178
vt -0.061590 0.733803
vt -0.043812 0.743622
vt -0.049441 0.745946
vt -0.769214 0.057933
vt -0.750576 0.057933
vt -0.732009 0.057933
vt -0.713274 0.057933
vt -0.861542 0.057933
vt -0.843558 0.057933
vt -0.825230 0.057933
vt -0.806713 0.057933
vt -0.787974 0.057933
vt -0.408063 0.423740
vt -0.422030 0.423740
vt -0.421994 0.388559
vt -0.407729 0.388559
vt -0.435972 0.423740
vt -0.436021 0.388559
vt -0.449806 0.423740
vt -0.449919 0.388559
vt -0.463659 0.423740
vt -0.463748 0.388559
vt -0.477473 0.423740
vt -0.477542 0.388559
vt -0.491331 0.423740
vt -0.491320 0.388559
vt -0.505169 0.423740
vt -0.505094 0.388559
vt -0.518990 0.423740
vt -0.518877 0.388559
vt -0.532808 0.423740
vt -0.532686 0.388559
vt -0.546618 0.423740
vt -0.546554 0.388559
vt -0.560521 0.423740
vt -0.560540 0.388559
vt -0.574456 0.423740
vt -0.574753 0.388559
vt -0.726846 0.700059
vt -0.737725 0.710938
vt -0.752585 0.685199
vt -0.752585 0.714919
vt -0.767445 0.710938
vt -0.778324 0.700059
vt -0.782305 0.685199
vt -0.778324 0.670338
vt -0.767445 0.659460
vt -0.752585 0.655478
vt -0.737725 0.659460
vt -0.726846 0.670338
vt -0.722864 0.685199
vt -0.572763 0.368316
vt -0.559756 0.368316
vt -0.546397 0.368316
vt -0.532669 0.368316
vt -0.518867 0.368316
vt -0.505053 0.368316
vt -0.491325 0.368316
vt -0.477583 0.368316
vt -0.463762 0.368316
vt -0.449937 0.368316
vt -0.436191 0.368316
vt -0.422788 0.368316
vt -0.409748 0.368316
vt -0.726846 0.700059
vt -0.737725 0.710938
vt -0.737725 0.710938
vt -0.726846 0.700059
vt -0.752585 0.714919
vt -0.752585 0.714919
vt -0.767445 0.710938
vt -0.767445 0.710938
vt -0.778324 0.700059
vt -0.778324 0.700059
vt -0.782305 0.685199
vt -0.782305 0.685199
vt -0.778324 0.670338
vt -0.778324 0.670338
vt -0.767445 0.659460
vt -0.767445 0.659460
vt -0.752585 0.655478
vt -0.752585 0.655478
vt -0.737725 0.659460
vt -0.737725 0.659460
vt -0.726846 0.670338
vt -0.726846 0.670338
vt -0.722864 0.685199
vt -0.722864 0.685199
vt -0.163459 0.998570
vt -0.410030 0.998570
vt -0.064569 0.998570
vt -1.000000 0.997803
vt -0.025999 0.998570
vt -0.831411 0.997803
vt -0.534900 0.997803
vt -0.628187 0.997803
vt -0.497180 0.998570
vt -0.497180 0.998570
vt -0.497180 0.998570
vn 0.000000 0.707106 0.707107
vn 0.000000 0.707106 0.707107
vn 0.065739 0.498916 0.864153
vn 0.065740 0.864153 0.498916
vn 0.000000 0.258815 0.965927
vn 0.000000 0.258815 0.965927
vn 0.065738 -0.000000 0.997837
vn 0.000000 -0.258815 0.965927
vn 0.000000 -0.258815 0.965927
vn 0.065738 -0.498916 0.864154
vn 0.000000 -0.707106 0.707107
vn 0.000000 -0.707106 0.707107
vn 0.065739 -0.864152 0.498918
vn 0.000000 -0.965926 0.258820
vn 0.000000 -0.965926 0.258820
vn 0.065740 -0.997837 0.000000
vn 0.000000 -0.965926 -0.258820
vn 0.000000 -0.965926 -0.258820
vn 0.065739 -0.864151 -0.498919
vn 0.000000 -0.707104 -0.707110
vn 0.000000 -0.707104 -0.707110
vn 0.065739 -0.498916 -0.864153
vn 0.000000 -0.258821 -0.965925
vn 0.000000 -0.258821 -0.965925
vn 0.065739 -0.000000 -0.997837
vn 0.000000 0.258821 -0.965925
vn 0.000000 0.258821 -0.965925
vn 0.065739 0.498917 -0.864153
vn 0.000000 0.707104 -0.707110
vn 0.000000 0.707104 -0.707110
vn 0.065740 0.864152 -0.498918
vn 0.000000 0.965927 -0.258814
vn 0.000000 0.965927 -0.258814
vn 0.065740 0.997837 0.000000
vn 0.000000 0.965927 0.258814
vn 0.000000 0.965927 0.258814
vn 1.000000 0.000000 0.000000
vn 1.000000 0.000000 0.000000
vn 1.000000 0.000000 -0.000000
vn 1.000000 0.000000 0.000000
vn 1.000000 0.000000 -0.000003
vn 1.000000 0.000000 -0.000003
vn 1.000000 0.000000 0.000000
vn 1.000000 0.000000 0.000003
vn 1.000000 0.000000 0.000003
vn 1.000000 0.000000 0.000000
vn 1.000000 0.000000 0.000000
vn 1.000000 0.000000 0.000000
vn 1.000000 0.000000 0.000000
vn 0.200854 0.848379 0.489808
vn 0.200854 0.979621 0.000000
vn 0.200854 0.848377 -0.489811
vn 0.200853 0.489807 -0.848379
vn 0.200852 0.000000 -0.979622
vn 0.200850 -0.489809 -0.848379
vn 0.200852 -0.848377 -0.489811
vn 0.200854 -0.979621 0.000000
vn 0.200852 -0.848379 0.489808
vn 0.200850 -0.489809 0.848379
vn 0.200850 -0.000000 0.979622
vn 0.200853 0.489807 0.848379
vn 1.000000 0.000001 0.000000
vn 1.000000 0.000004 0.000000
vn 1.000000 0.000004 0.000000
vn 1.000000 0.000001 0.000000
vn 1.000000 -0.000000 0.000000
vn 1.000000 0.000000 0.000000
vn 1.000000 -0.000005 0.000000
vn 1.000000 -0.000005 0.000000
vn 1.000000 -0.000001 0.000000
vn 1.000000 -0.000001 0.000000
vn 1.000000 0.000004 0.000000
vn 1.000000 0.000004 0.000000
vn 1.000000 0.000002 0.000000
vn 1.000000 0.000002 0.000000
vn 1.000000 0.000000 0.000000
vn 1.000000 0.000000 0.000000
vn 1.000000 -0.000002 0.000000
vn 1.000000 -0.000002 0.000000
vn 1.000000 -0.000002 0.000000
vn 1.000000 -0.000002 0.000000
vn 1.000000 -0.000002 0.000000
vn 1.000000 -0.000002 0.000000
vn 1.000000 -0.000002 0.000000
vn 1.000000 -0.000002 0.000000
vn 0.324098 -0.819281 -0.473011
vn 0.324119 -0.473011 -0.819272
vn 0.324119 -0.473012 -0.819272
vn 0.324098 -0.819282 -0.473009
vn 0.324123 0.000001 -0.946015
vn 0.324123 0.000001 -0.946015
vn 0.324105 0.473012 -0.819278
vn 0.324105 0.473018 -0.819274
vn 0.324072 0.819289 -0.473015
vn 0.324072 0.819295 -0.473004
vn 0.324060 0.946037 0.000000
vn 0.324060 0.946037 0.000000
vn 0.324062 0.819291 0.473018
vn 0.324062 0.819293 0.473015
vn 0.324076 0.473016 0.819287
vn 0.324076 0.473019 0.819285
vn 0.324087 0.000001 0.946027
vn 0.324087 0.000001 0.946027
vn 0.324090 -0.473017 0.819281
vn 0.324090 -0.473013 0.819283
vn 0.324086 -0.819284 0.473014
vn 0.324086 -0.819281 0.473019
vn 0.324085 -0.946028 -0.000000
vn 0.324085 -0.946028 0.000000
vn 0.000000 0.707110 0.707104
vn 0.000000 0.707110 0.707104
vn 0.065740 0.498918 0.864152
vn 0.065740 0.864152 0.498918
vn 0.000000 0.258815 0.965927
vn 0.000000 0.258815 0.965927
vn 0.065739 -0.000000 0.997837
vn 0.000000 -0.258815 0.965927
vn 0.000000 -0.258815 0.965927
vn 0.065740 -0.498915 0.864154
vn 0.000000 -0.707103 0.707111
vn 0.000000 -0.707103 0.707111
vn 0.065740 -0.864151 0.498921
vn 0.000000 -0.965927 0.258816
vn 0.000000 -0.965927 0.258816
vn 0.065739 -0.997837 -0.000000
vn 0.000000 -0.965927 -0.258814
vn 0.000000 -0.965927 -0.258814
vn 0.065739 -0.864152 -0.498919
vn 0.000000 -0.707103 -0.707111
vn 0.000000 -0.707103 -0.707111
vn 0.065739 -0.498917 -0.864153
vn 0.000000 -0.258821 -0.965925
vn 0.000000 -0.258821 -0.965925
vn 0.065740 0.000000 -0.997837
vn 0.000000 0.258821 -0.965925
vn 0.000000 0.258821 -0.965925
vn 0.065740 0.498920 -0.864151
vn 0.000000 0.707110 -0.707104
vn 0.000000 0.707110 -0.707104
vn 0.065740 0.864153 -0.498916
vn 0.000000 0.965926 -0.258820
vn 0.000000 0.965926 -0.258820
vn 0.065739 0.997837 -0.000000
vn 0.000000 0.965925 0.258822
vn 0.000000 0.965925 0.258822
vn 1.000000 0.000000 0.000000
vn 1.000000 0.000000 0.000000
vn 1.000000 0.000000 0.000000
vn 1.000000 0.000000 0.000000
vn 1.000000 0.000000 -0.000003
vn 1.000000 0.000000 -0.000003
vn 1.000000 0.000000 0.000000
vn 1.000000 0.000000 0.000003
vn 1.000000 0.000000 0.000003
vn 1.000000 0.000000 0.000000
vn 1.000000 0.000000 0.000000
vn 1.000000 0.000000 0.000000
vn 1.000000 0.000000 0.000000
vn 0.200855 0.848376 0.489811
vn 0.200853 0.979621 0.000000
vn 0.200853 0.848377 -0.489810
vn 0.200854 0.489811 -0.848377
vn 0.200854 0.000000 -0.979621
vn 0.200853 -0.489808 -0.848379
vn 0.200851 -0.848376 -0.489813
vn 0.200851 -0.979622 0.000000
vn 0.200853 -0.848375 0.489814
vn 0.200853 -0.489808 0.848378
vn 0.200853 0.000000 0.979622
vn 0.200855 0.489810 0.848377
vn 1.000000 -0.000001 0.000000
vn 1.000000 -0.000001 0.000000
vn 1.000000 -0.000001 0.000000
vn 1.000000 -0.000001 0.000000
vn 1.000000 0.000002 0.000000
vn 1.000000 0.000002 0.000000
vn 1.000000 0.000002 0.000000
vn 1.000000 0.000002 0.000000
vn 1.000000 -0.000001 0.000000
vn 1.000000 -0.000001 0.000000
vn 1.000000 0.000001 0.000000
vn 1.000000 0.000001 0.000000
vn 1.000000 0.000002 0.000000
vn 1.000000 0.000002 0.000000
vn 1.000000 0.000000 0.000000
vn 1.000000 0.000000 0.000000
vn 1.000000 0.000000 0.000000
vn 1.000000 0.000000 0.000000
vn 1.000000 0.000000 0.000000
vn 1.000000 0.000000 0.000000
vn 1.000000 -0.000002 0.000000
vn 1.000000 -0.000002 0.000000
vn 1.000000 -0.000002 0.000000
vn 1.000000 -0.000002 0.000000
vn 0.324085 -0.819287 -0.473010
vn 0.324080 -0.473020 -0.819283
vn 0.324080 -0.473015 -0.819285
vn 0.324085 -0.819283 -0.473016
vn 0.324070 0.000001 -0.946033
vn 0.324070 0.000001 -0.946033
vn 0.324070 0.473014 -0.819290
vn 0.324070 0.473022 -0.819286
vn 0.324076 0.819290 -0.473011
vn 0.324076 0.819286 -0.473018
vn 0.324084 0.946028 0.000001
vn 0.324084 0.946028 0.000001
vn 0.324086 0.819284 0.473013
vn 0.324086 0.819286 0.473012
vn 0.324090 0.473010 0.819284
vn 0.324090 0.473020 0.819279
vn 0.324089 0.000001 0.946027
vn 0.324089 -0.000000 0.946027
vn 0.324099 -0.473016 0.819277
vn 0.324099 -0.473013 0.819279
vn 0.324097 -0.819281 0.473010
vn 0.324097 -0.819282 0.473009
vn 0.324086 -0.946028 0.000001
vn 0.324086 -0.946028 0.000001
vn 0.000000 0.707106 0.707108
vn 0.000000 0.707106 0.707108
vn 0.065740 0.498916 0.864153
vn 0.065740 0.864154 0.498915
vn 0.000000 0.258815 0.965927
vn 0.000000 0.258815 0.965927
vn 0.065739 -0.000000 0.997837
vn 0.000000 -0.258815 0.965927
vn 0.000000 -0.258815 0.965927
vn 0.065739 -0.498916 0.864154
vn 0.000000 -0.707106 0.707108
vn 0.000000 -0.707106 0.707108
vn 0.065739 -0.864153 0.498916
vn 0.000000 -0.965926 0.258818
vn 0.000000 -0.965926 0.258818
vn 0.065740 -0.997837 0.000000
vn 0.000000 -0.965925 -0.258821
vn 0.000000 -0.965925 -0.258821
vn 0.065739 -0.864151 -0.498921
vn 0.000000 -0.707103 -0.707111
vn 0.000000 -0.707103 -0.707111
vn 0.065739 -0.498915 -0.864154
vn 0.000000 -0.258820 -0.965926
vn 0.000000 -0.258820 -0.965926
vn 0.065739 0.000000 -0.997837
vn 0.000000 0.258820 -0.965926
vn 0.000000 0.258820 -0.965926
vn 0.065739 0.498916 -0.864154
vn 0.000000 0.707103 -0.707111
vn 0.000000 0.707103 -0.707111
vn 0.065740 0.864152 -0.498919
vn 0.000000 0.965927 -0.258816
vn 0.000000 0.965927 -0.258816
vn 0.065740 0.997837 0.000000
vn 0.000000 0.965928 0.258812
vn 0.000000 0.965928 0.258812
vn 1.000000 0.000000 0.000000
vn 1.000000 0.000000 0.000000
vn 1.000000 0.000001 0.000000
vn 1.000000 0.000005 0.000000
vn 1.000000 -0.000000 -0.000005
vn 1.000000 -0.000005 -0.000005
vn 1.000000 0.000000 0.000000
vn 1.000000 -0.000005 0.000005
vn 1.000000 -0.000000 0.000005
vn 1.000000 0.000005 0.000000
vn 1.000000 0.000005 0.000000
vn 1.000000 0.000005 0.000000
vn 1.000000 0.000000 0.000000
vn 0.200854 0.848379 0.489807
vn 0.200854 0.979621 -0.000000
vn 0.200854 0.848376 -0.489811
vn 0.200853 0.489807 -0.848380
vn 0.200851 0.000000 -0.979622
vn 0.200851 -0.489808 -0.848379
vn 0.200852 -0.848377 -0.489811
vn 0.200854 -0.979621 -0.000000
vn 0.200852 -0.848379 0.489807
vn 0.200851 -0.489809 0.848379
vn 0.200852 -0.000000 0.979622
vn 0.200853 0.489807 0.848379
vn 1.000000 -0.000001 0.000000
vn 1.000000 -0.000001 0.000000
vn 1.000000 -0.000001 0.000000
vn 1.000000 -0.000001 0.000000
vn 1.000000 0.000000 0.000000
vn 1.000000 0.000000 0.000000
vn 1.000000 0.000002 0.000000
vn 1.000000 0.000002 0.000000
vn 1.000000 0.000004 0.000000
vn 1.000000 0.000004 0.000000
vn 1.000000 0.000001 0.000000
vn 1.000000 0.000001 0.000000
vn 1.000000 0.000002 0.000000
vn 1.000000 0.000002 0.000000
vn 1.000000 0.000001 0.000000
vn 1.000000 0.000001 0.000000
vn 1.000000 -0.000001 0.000000
vn 1.000000 -0.000001 0.000000
vn 1.000000 -0.000001 0.000000
vn 1.000000 -0.000001 0.000000
vn 1.000000 -0.000002 0.000000
vn 1.000000 -0.000002 0.000000
vn 1.000000 -0.000001 0.000000
vn 1.000000 -0.000001 0.000000
vn 0.324085 -0.819286 -0.473011
vn 0.324101 -0.473012 -0.819279
vn 0.324101 -0.473010 -0.819280
vn 0.324085 -0.819283 -0.473016
vn 0.324105 0.000001 -0.946021
vn 0.324105 -0.000000 -0.946021
vn 0.324092 0.473009 -0.819285
vn 0.324092 0.473014 -0.819282
vn 0.324065 0.819291 -0.473016
vn 0.324065 0.819294 -0.473011
vn 0.324056 0.946038 0.000000
vn 0.324056 0.946038 0.000000
vn 0.324064 0.819286 0.473025
vn 0.324064 0.819292 0.473015
vn 0.324076 0.473012 0.819289
vn 0.324076 0.473013 0.819288
vn 0.324081 -0.000002 0.946029
vn 0.324081 -0.000003 0.946029
vn 0.324086 -0.473019 0.819281
vn 0.324086 -0.473014 0.819284
vn 0.324086 -0.819282 0.473018
vn 0.324086 -0.819282 0.473017
vn 0.324081 -0.946029 -0.000000
vn 0.324081 -0.946029 -0.000000
vn 0.993349 0.115141 -0.000000
vn 0.990092 0.107956 -0.089794
vn 0.987844 0.105688 -0.113988
vn 0.993349 0.115141 -0.000000
vn 0.932805 0.079584 -0.351485
vn 0.932805 0.079584 -0.351485
vn 0.408242 0.030276 -0.912372
vn 0.370736 0.002928 -0.928734
vn 0.370736 0.002928 -0.928734
vn 0.383587 0.012226 -0.923424
vn 0.475325 0.080913 -0.876082
vn 0.475325 0.080913 -0.876082
vn 0.938514 0.188267 -0.289391
vn 0.938514 0.188267 -0.289391
vn 0.938514 0.188267 -0.289391
vn 0.938514 0.188267 -0.289391
vn 0.389470 0.052094 -0.919565
vn 0.389470 0.052094 -0.919565
vn 0.389470 0.052094 -0.919565
vn 0.389470 0.052094 -0.919565
vn 0.000000 1.000000 -0.000000
vn 0.000000 1.000000 0.000000
vn 0.000000 1.000000 0.000000
vn 0.000000 1.000000 0.000000
vn 0.000000 1.000000 -0.000000
vn 0.000000 1.000000 -0.000000
vn 0.000000 1.000000 -0.000000
vn 0.000000 1.000000 -0.000000
vn 0.000000 1.000000 -0.000000
vn 0.000000 1.000000 0.000000
vn 0.000000 1.000000 0.000000
vn 0.464756 0.885312 -0.015009
vn 0.464897 0.885365 -0.000000
vn 0.310806 0.950474 -0.000000
vn 0.168405 0.985712 -0.003403
vn 0.177852 0.984027 -0.007731
vn 0.518215 0.853647 -0.052343
vn 0.566277 0.821923 -0.061425
vn 0.600393 0.797548 -0.058695
vn 0.794637 0.605855 -0.038618
vn 0.793438 0.607410 -0.038844
vn 0.790275 0.611867 -0.032923
vn 0.793572 0.607705 -0.030631
vn 0.826738 0.562550 -0.006383
vn 0.999917 -0.010573 -0.007339
vn 0.999579 -0.021022 0.020026
vn 0.999869 -0.015361 0.005196
vn 0.999917 -0.010573 -0.007339
vn 0.994882 -0.048850 0.088453
vn 0.994540 -0.052560 0.090158
vn 0.988000 -0.104381 0.113848
vn 0.015963 0.999870 0.002281
vn 0.014855 0.999887 0.002251
vn 0.164676 0.828266 0.535591
vn 0.164676 0.828266 0.535591
vn 0.120641 0.808379 0.576167
vn 0.163716 0.827087 0.537702
vn 0.034121 0.739656 0.672119
vn 0.029843 0.761858 0.647056
vn 0.030873 0.740306 0.671560
vn 0.013127 0.447397 0.894239
vn 0.013072 0.445855 0.895010
vn 0.007259 0.283216 0.959029
vn 0.007259 0.283216 0.959029
vn 0.023120 0.627741 0.778079
vn 0.023152 0.627974 0.777890
vn 0.995704 -0.010785 0.091962
vn 0.998738 -0.001818 0.050185
vn 0.999986 0.005259 -0.000955
vn 0.999746 0.001419 -0.022499
vn 0.999936 0.000715 -0.011331
vn 0.999682 0.011542 -0.022429
vn 0.134389 -0.007733 0.990898
vn 0.239931 -0.057438 0.969089
vn 0.238740 -0.056873 0.969417
vn 0.134389 -0.007733 0.990898
vn 0.277708 -0.063760 0.958547
vn 0.262809 -0.061793 0.962867
vn 0.544394 -0.093346 0.833619
vn 0.555016 -0.089503 0.827010
vn 0.595867 -0.066078 0.800360
vn 0.599999 -0.069232 0.796999
vn 0.579544 -0.052800 0.813229
vn 0.581612 -0.053503 0.811705
vn 0.540252 -0.039616 0.840570
vn 0.423959 -0.724757 0.543126
vn 0.450826 -0.715527 0.533645
vn 0.473860 -0.706978 0.525013
vn 0.473860 -0.706978 0.525013
vn 0.361983 -0.735946 0.572147
vn 0.343983 -0.737819 0.580774
vn 0.201638 -0.708732 0.676048
vn 0.216160 -0.713594 0.666377
vn 0.178971 -0.704214 0.687061
vn 0.169171 -0.702930 0.690848
vn 0.051742 -0.693852 0.718256
vn 0.059979 -0.692840 0.718593
vn 0.059979 -0.692840 0.718593
vn -0.999892 0.008551 0.011975
vn -0.999969 -0.000637 0.007869
vn -0.999916 0.012825 -0.001705
vn -0.999981 0.000605 0.006077
vn -0.999964 -0.001785 0.008256
vn -0.999964 -0.001785 0.008256
vn 0.811642 -0.584155 0.000000
vn 0.811642 -0.584155 0.000000
vn 0.811640 -0.584152 0.002688
vn 0.811640 -0.584152 0.002688
vn 0.008273 -0.999765 0.020056
vn 0.007424 -0.999533 0.029658
vn 0.004620 -0.999949 0.009022
vn 0.004620 -0.999949 0.009022
vn 0.018114 -0.997956 0.061279
vn 0.026933 -0.996710 0.076442
vn 0.022166 -0.999754 0.000000
vn 0.020031 -0.935567 0.352581
vn 0.000000 -1.000000 0.000000
vn 0.951034 -0.309087 -0.000000
vn 0.950518 -0.308920 0.032921
vn 0.950518 -0.308920 0.032921
vn 0.951034 -0.309087 -0.000000
vn 0.278771 -0.319101 0.905793
vn 0.278771 -0.319101 0.905793
vn 0.209880 -0.314871 0.925639
vn 0.196287 -0.313855 0.928960
vn 0.020792 -0.931729 0.362560
vn 0.020932 -0.904511 0.425936
vn 0.045102 -0.823577 0.565409
vn 0.060485 -0.757782 0.649698
vn 0.060485 -0.757782 0.649699
vn 0.039450 -0.297982 0.953756
vn 0.039450 -0.297982 0.953756
vn 0.994242 -0.011111 0.106580
vn 0.987769 0.001254 0.155919
vn 0.994618 -0.003200 0.103557
vn 0.075292 -0.330137 0.940925
vn 0.020779 -0.316482 0.948371
vn 0.020779 -0.316482 0.948371
vn 0.052850 -0.324637 0.944361
vn 0.121057 -0.340824 0.932301
vn 0.121057 -0.340824 0.932301
vn 0.006692 -0.999236 0.038519
vn 0.005608 -0.999406 0.034016
vn 0.007513 -0.999439 0.032637
vn 0.010784 -0.999451 0.031329
vn 0.057532 -0.998264 0.012593
vn 0.994943 0.003591 0.100374
vn 0.994963 0.009173 0.099826
vn 0.995121 -0.000635 0.098661
vn 0.994810 -0.011243 0.101122
vn 0.994214 0.018467 0.105819
vn 0.994214 0.018467 0.105819
vn 0.994825 0.018335 0.099938
vn 0.995613 0.004300 0.093471
vn 0.993976 -0.052817 0.096029
vn 0.964453 -0.234933 0.120980
vn -0.004308 -0.991328 0.131343
vn 0.001918 -0.992511 0.122143
vn 0.001874 -0.992524 0.122032
vn 0.005424 -0.991598 0.129248
vn -0.001388 -0.993483 0.113971
vn -0.001388 -0.993483 0.113971
vn 0.172664 -0.966210 0.191379
vn 0.172665 -0.966210 0.191379
vn 0.172665 -0.966210 0.191379
vn 0.172664 -0.966210 0.191379
vn -0.968907 -0.234470 0.079014
vn -0.968907 -0.234470 0.079014
vn -0.987867 -0.049079 0.147343
vn -0.983437 -0.119017 0.136698
vn -0.990323 -0.027413 0.136050
vn -0.984253 -0.050482 0.169407
vn 0.000446 -0.986326 0.164806
vn 0.000446 -0.986326 0.164806
vn 0.000446 -0.986326 0.164806
vn 0.000446 -0.986326 0.164806
vn -0.027766 -0.392114 0.919498
vn -0.027766 -0.392114 0.919498
vn -0.027766 -0.392114 0.919498
vn -0.027766 -0.392114 0.919498
vn -0.252695 -0.903807 0.345366
vn -0.110413 -0.801917 0.587144
vn -0.181294 -0.860854 0.475460
vn -0.252695 -0.903807 0.345366
vn 0.030157 -0.726858 0.686126
vn 0.026143 -0.724742 0.688524
vn -0.714627 -0.006891 0.699472
vn -0.744736 -0.003694 0.667349
vn -0.718456 -0.006493 0.695542
vn -0.745391 -0.003622 0.666618
vn 0.032741 -0.729422 0.683280
vn 0.040101 -0.707610 0.705465
vn -0.046311 -0.714064 0.698547
vn 0.040515 -0.705812 0.707240
vn 0.040767 -0.705803 0.707234
vn 0.040767 -0.705803 0.707234
vn 0.001731 -0.999992 0.003575
vn -0.000378 -0.999521 0.030938
vn -0.000378 -0.999521 0.030938
vn 0.001329 -0.999927 0.012040
vn 0.002126 -0.999993 0.003219
vn 0.001779 -0.999995 0.002694
vn 0.000000 -1.000000 -0.000000
vn -0.996392 -0.000785 0.084873
vn -0.997513 -0.003282 0.070413
vn -0.997513 -0.003282 0.070413
vn -0.995525 0.005680 0.094327
vn -0.993969 0.033635 0.104378
vn -0.993969 0.033635 0.104378
vn -0.001511 0.999999 -0.000000
vn -0.001217 0.999999 -0.000379
vn -0.003878 0.999993 -0.000000
vn -0.003399 0.999993 -0.001870
vn -0.001752 0.999989 -0.004373
vn 0.036015 0.769392 0.637761
vn 0.035472 0.779173 0.625805
vn 0.042839 0.739807 0.671453
vn 0.027719 0.767478 0.640476
vn 0.033880 0.764013 0.644311
vn 0.032934 0.776110 0.629737
vn 0.054870 0.012986 0.998409
vn 0.054870 0.012986 0.998409
vn 0.054870 0.012986 0.998409
vn 0.054870 0.012986 0.998409
vn 0.002898 0.999946 -0.009976
vn 0.012208 0.999388 0.032796
vn 0.007420 0.999722 0.022371
vn 0.998095 0.001648 -0.061675
vn 0.995645 -0.000392 -0.093229
vn 0.999817 0.000098 -0.019121
vn 0.000234 0.003055 0.999995
vn -0.000419 0.002829 0.999996
vn -0.002090 0.002250 0.999995
vn 0.999443 0.004277 -0.033103
vn 0.999828 0.000153 -0.018542
vn 0.707819 0.002762 0.706389
vn 0.707819 0.002762 0.706389
vn 0.707819 0.002762 0.706389
vn 0.707819 0.002762 0.706389
vn -0.002640 0.002059 0.999994
vn 0.999816 0.007445 -0.017661
vn -0.995181 0.009829 0.097559
vn -0.999374 -0.034091 0.009439
vn -0.999785 -0.002874 0.020544
vn -0.998779 0.039648 0.029483
vn -0.995922 -0.089626 -0.010377
vn -0.995922 -0.089626 -0.010377
vn -0.999670 0.016534 0.019680
vn -0.997873 0.014953 0.063455
vn -0.814849 -0.528872 -0.237311
vn -0.806436 -0.458247 -0.373725
vn -0.806436 -0.458247 -0.373725
vn -0.813945 -0.503680 -0.289481
vn -0.996477 0.083735 -0.004700
vn -0.997752 0.066560 0.007810
vn -0.788396 -0.615097 -0.009279
vn -0.788397 -0.615097 -0.009279
vn -0.996359 0.076817 0.036985
vn -0.996359 0.076817 0.036985
vn -0.999921 -0.008995 0.008787
vn -0.999817 0.017086 0.008655
vn -0.006023 0.999453 0.032507
vn -0.006254 0.999575 0.028485
vn -0.004028 0.997738 0.067104
vn 0.000448 0.999948 -0.010236
vn 0.001663 0.999880 -0.015421
vn 0.001749 0.999923 -0.012267
vn 0.001790 0.999920 -0.012556
vn 0.000000 1.000000 -0.000000
vn 0.000000 1.000000 -0.000000
vn 0.001043 0.001019 0.999999
vn 0.001043 0.001019 0.999999
vn 0.001043 0.001019 0.999999
vn 0.001043 0.001019 0.999999
vn 0.003734 -0.006291 0.999973
vn 0.003734 -0.006291 0.999973
vn 0.003734 -0.006291 0.999973
vn 0.003734 -0.006291 0.999973
vn 0.735554 0.001987 0.677463
vn 0.735554 0.001987 0.677463
vn 0.735554 0.001987 0.677463
vn 0.735554 0.001987 0.677463
vn -0.999540 0.029586 -0.006724
vn -0.999540 0.029586 -0.006724
vn -0.705931 0.005708 0.708258
vn -0.705931 0.005708 0.708258
vn -0.705931 0.005708 0.708258
vn -0.705931 0.005708 0.708258
vn 0.000000 0.000000 1.000000
vn 0.000000 0.000000 1.000000
vn 0.000000 0.000000 1.000000
vn 0.000000 0.000000 1.000000
vn 0.978109 0.004681 0.208041
vn 0.999991 0.003338 -0.002609
vn 0.999991 0.003338 -0.002609
vn 0.979029 0.004654 0.203668
vn 0.908814 0.005854 0.417160
vn 0.908814 0.005854 0.417160
vn -0.999662 0.009915 0.024024
vn -0.976979 0.010478 0.213079
vn -0.977966 0.010469 0.208502
vn -0.999662 0.009915 0.024024
vn -0.907023 0.010656 0.420947
vn -0.907023 0.010656 0.420947
vn 0.999996 -0.002426 -0.001744
vn 0.999996 -0.002426 -0.001744
vn 0.000000 -1.000000 0.000000
vn 0.000000 -1.000000 0.000000
vn -0.026217 -0.998735 0.042910
vn -0.037930 -0.999280 0.000000
vn -0.012545 -0.999921 -0.000000
vn 0.010116 -0.999949 -0.000000
vn 0.013208 -0.996784 0.079034
vn 0.009559 -0.999954 -0.000000
vn 0.000000 -1.000000 -0.000001
vn 0.000000 -1.000000 -0.000000
vn -0.100332 -0.243569 0.964680
vn -0.100332 -0.243569 0.964680
vn -0.095443 -0.323956 0.941246
vn -0.100674 -0.250566 0.962851
vn -0.088672 -0.459749 0.883611
vn -0.067502 -0.433383 0.898678
vn -0.067502 -0.433383 0.898678
vn 0.980078 -0.040854 0.194367
vn 0.980078 -0.040854 0.194367
vn 0.980252 -0.055188 0.189895
vn 0.980248 -0.054312 0.190170
vn 0.981051 -0.061548 0.183715
vn 0.981290 -0.062573 0.182085
vn 0.981906 -0.065291 0.177760
vn 0.981906 -0.065291 0.177760
vn 0.000220 -0.790058 0.613032
vn 0.000220 -0.790058 0.613032
vn 0.009256 -0.836549 0.547814
vn 0.009547 -0.837963 0.545643
vn 0.014373 -0.875184 0.483577
vn 0.014309 -0.875584 0.482855
vn 0.006444 -0.889329 0.457223
vn 0.005769 -0.890155 0.455622
vn -0.002367 -0.899851 0.436191
vn -0.002367 -0.899851 0.436191
vn -0.999949 0.010104 0.000000
vn -0.999612 0.010101 0.025974
vn -0.999292 -0.024559 0.028514
vn -0.999996 0.002827 0.000000
vn -0.999587 -0.028730 -0.000000
vn -0.999332 0.002175 0.036472
vn -0.999362 -0.001171 0.035694
vn -0.999983 -0.000341 0.005795
vn -0.999984 -0.005276 -0.002237
vn -0.999466 -0.031449 -0.008836
vn -0.999467 -0.032638 -0.000854
vn -0.999029 -0.033377 0.028767
vn -0.999805 -0.019205 -0.004575
vn -0.999961 -0.007360 0.004852
vn -0.278359 -0.960477 -0.000000
vn -0.278359 -0.960477 0.000049
vn -0.278359 -0.960477 0.000049
vn -0.278359 -0.960477 -0.000000
vn -0.997661 -0.067134 -0.012889
vn -0.997661 -0.067134 -0.012889
vn -0.997661 -0.067134 -0.012889
vn -0.997661 -0.067134 -0.012889
vn -0.157837 -0.335970 0.928554
vn -0.157837 -0.335970 0.928554
vn -0.157837 -0.335970 0.928554
vn -0.157837 -0.335970 0.928554
vn -0.001087 -0.999972 -0.007351
vn -0.063924 -0.997873 -0.012798
vn -0.012233 -0.999886 -0.008904
vn -0.001087 -0.999972 -0.007351
vn -0.115298 -0.993331 -0.000000
vn -0.050363 -0.998630 -0.014212
vn -0.176537 -0.763341 0.621406
vn -0.161158 -0.735390 0.658202
vn -0.165239 -0.742910 0.648677
vn -0.176537 -0.763341 0.621406
vn -0.014884 -0.999818 -0.011909
vn -0.018640 -0.999826 -0.000000
vn 0.299766 -0.954012 0.000704
vn 0.332227 -0.943199 0.001229
vn 0.842640 -0.538325 0.012797
vn 0.871649 -0.489933 0.013890
vn 0.923065 -0.384311 0.016021
vn 0.923065 -0.384311 0.016021
vn -0.104800 -0.612214 0.783716
vn -0.090427 -0.560456 0.823233
vn -0.094529 -0.172820 0.980407
vn -0.071502 -0.490836 0.868313
vn -0.049720 -0.455582 0.888804
vn -0.059204 -0.464719 0.883477
vn -0.186245 -0.456709 0.869902
vn -0.112876 -0.447230 0.887268
vn -0.246715 -0.181192 0.951999
vn 0.026126 -0.999659 0.000000
vn 0.031417 -0.999506 0.000000
vn 0.031416 -0.999472 0.008249
vn 0.025078 -0.999616 0.011797
vn -0.004023 -0.999992 0.000000
vn -0.004021 -0.999598 0.028069
vn -0.429216 -0.435747 0.791138
vn -0.377904 -0.390666 0.839386
vn -0.511141 -0.283059 0.811550
vn -0.892305 -0.451432 0.000000
vn -0.950867 -0.309599 0.000000
vn -0.950679 -0.309537 0.019880
vn -0.900533 -0.434782 0.002291
vn -0.869656 -0.493617 -0.006404
vn -0.869656 -0.493617 -0.006404
vn -0.999578 0.026102 -0.012747
vn -0.999578 0.026102 -0.012747
vn -0.999578 0.026102 -0.012747
vn -0.999578 0.026102 -0.012747
vn -0.231955 0.044819 0.971694
vn -0.556840 0.005374 0.830602
vn -0.270550 0.003202 0.962701
vn -0.097296 -0.000344 0.995255
vn -0.285615 -0.004156 0.958336
vn -0.323541 -0.004656 0.946203
vn -0.324445 -0.004741 0.945893
vn -0.279043 -0.000508 0.960279
vn -0.224943 0.765268 0.603130
vn -0.113424 0.641408 0.758769
vn -0.219571 0.771340 0.597347
vn -0.205517 0.772434 0.600924
vn -0.029205 0.773006 0.633726
vn -0.193517 0.747775 0.635125
vn -0.086134 0.618613 0.780960
vn -0.225573 0.764271 0.604158
vn -0.133719 0.991019 -0.000000
vn -0.140415 0.990066 -0.007283
vn -0.135203 0.990818 -0.000000
vn -0.134713 0.990885 0.000150
vn -0.118593 0.992943 -0.000000
vn -0.116845 0.993143 0.003700
vn -0.397199 0.917733 0.000619
vn -0.415933 0.909395 0.000295
vn -0.094601 0.605168 0.790457
vn -0.094601 0.605168 0.790457
vn -0.499641 0.647243 0.575704
vn -0.499641 0.647243 0.575704
vn -0.499641 0.647243 0.575704
vn -0.499641 0.647243 0.575704
vn -0.638412 0.769685 -0.003837
vn -0.638412 0.769685 -0.003837
vn -0.002792 -0.999993 -0.002525
vn -0.002162 -0.999977 -0.006406
vn -0.002421 -0.999989 -0.003907
vn -0.001840 -0.999998 -0.000852
vn -0.003955 -0.999987 -0.003163
vn -0.004256 -0.999989 -0.002048
vn -0.002023 -0.999976 -0.006597
vn 0.000900 -0.999972 -0.007437
vn 0.058323 -0.002568 0.998294
vn 0.058132 -0.003571 0.998303
vn 0.058297 -0.002704 0.998296
vn 0.058108 -0.003695 0.998304
vn -0.002126 -0.999976 -0.006567
vn -0.004407 -0.999981 -0.004421
vn -0.006038 -0.999971 -0.004648
vn 0.057394 -0.998343 0.004194
vn -0.010896 0.998954 -0.044421
vn -0.001962 0.995917 -0.090252
vn -0.001080 0.998239 0.059308
vn -0.007581 0.996585 0.082219
vn -0.016263 -0.236709 -0.971444
vn -0.018754 -0.474798 -0.879895
vn -0.018903 -0.437842 -0.898854
vn -0.016541 -0.247340 -0.968788
vn -0.014874 -0.660673 -0.750526
vn -0.013595 -0.714543 -0.699459
vn -0.005710 0.325081 -0.945669
vn -0.005752 0.390297 -0.920671
vn -0.001522 -0.009550 -0.999953
vn -0.001522 -0.009550 -0.999953
vn 0.005797 -0.278110 -0.960532
vn 0.007899 -0.148138 -0.988935
vn -0.023201 -0.632122 -0.774521
vn -0.022057 -0.491021 -0.870868
vn -0.017725 -0.450391 -0.892656
vn -0.018234 -0.679389 -0.733552
vn -0.015870 -0.151604 -0.988314
vn -0.015960 -0.154980 -0.987789
vn -0.004323 0.312978 -0.949751
vn 0.000449 0.504558 -0.863378
vn 0.006996 -0.285645 -0.958310
vn 0.009732 -0.088727 -0.996009
vn 0.009732 -0.088727 -0.996008
vn 0.009525 -0.188670 -0.981994
vn -0.003096 -0.658122 -0.752905
vn -0.005453 -0.800820 -0.598880
vn -0.011350 -0.757428 -0.652820
vn -0.003071 0.992247 -0.124244
vn -0.001988 0.998219 0.059629
vn -0.016548 0.993754 0.110356
vn -0.026471 0.999611 -0.008785
vn -0.010823 0.986326 -0.164454
vn -0.000681 0.930671 0.365856
vn -0.000752 0.928948 0.370211
vn -0.001341 0.934013 0.357236
vn -0.001369 0.920220 0.391400
vn -0.000497 0.818051 0.575145
vn 0.000198 0.815651 0.578544
vn -0.001164 0.823447 0.567392
vn 0.000218 0.818377 0.574682
vn 0.000123 0.161122 0.986935
vn -0.000064 0.162794 0.986660
vn 0.000083 -0.222151 0.975012
vn -0.000206 -0.220379 0.975414
vn -0.000073 0.164929 0.986305
vn 0.000262 -0.219938 0.975514
vn 0.000302 0.162048 0.986783
vn -0.000302 -0.225062 0.974344
vn -0.000011 -0.517602 0.855622
vn -0.000200 -0.517564 0.855645
vn -0.000275 -0.502018 0.864857
vn -0.000402 -0.489540 0.871981
vn -0.002587 -0.717423 0.696633
vn 0.000645 -0.719966 0.694010
vn -0.003915 -0.764804 0.644251
vn 0.000972 -0.759008 0.651081
vn -0.000497 -0.982678 0.185319
vn -0.000275 -0.978062 0.208315
vn -0.004168 -0.925098 -0.379706
vn -0.004225 -0.937552 -0.347819
vn -0.005095 -0.968484 0.249024
vn -0.005284 -0.962974 0.269544
vn -0.007210 -0.922577 -0.385746
vn -0.007116 -0.924596 -0.380882
vn -0.004917 0.889713 -0.456494
vn -0.004814 0.907117 -0.420850
vn -0.010164 0.983153 -0.182504
vn 0.005477 0.847429 -0.530880
vn 0.001260 0.887373 -0.461050
vn 0.001325 -0.073752 0.997276
vn 0.001325 -0.073752 0.997276
vn 0.001325 -0.073752 0.997276
vn 0.001325 -0.073752 0.997276
vn 0.012183 -0.315981 -0.948687
vn 0.007950 -0.328634 -0.944424
vn -0.999504 0.031154 0.004617
vn -0.999749 0.022085 0.003700
vn -0.999740 -0.016963 0.015270
vn -0.999504 0.031154 0.004617
vn -0.997505 -0.057705 0.040661
vn -0.996476 -0.066748 0.050799
vn -0.996476 -0.066748 0.050799
vn -0.997845 -0.054298 0.036842
vn -0.999256 -0.033709 0.018760
vn 0.000308 -0.987775 0.155889
vn 0.003486 -0.979507 -0.201379
vn 0.003669 -0.977006 -0.213180
vn 0.000307 -0.987286 0.158953
vn 0.985289 -0.167807 0.032350
vn 0.985223 -0.170962 -0.010328
vn 0.990010 -0.140590 0.010725
vn 0.984725 -0.173259 0.017247
vn 0.985557 -0.153268 0.072013
vn 0.985557 -0.153268 0.072013
vn 0.000234 -0.926914 0.375274
vn 0.000234 -0.926914 0.375274
vn 0.007987 -0.870107 -0.492799
vn 0.007987 -0.870107 -0.492799
vn 0.994537 -0.082249 0.064271
vn 0.997796 -0.052551 0.040522
vn 0.999999 -0.000421 -0.001159
vn -0.915067 0.176543 0.362610
vn -0.913504 0.193293 0.357978
vn -0.913803 0.182156 0.363019
vn -0.912945 0.177402 0.367504
vn -0.964604 0.236616 0.116412
vn -0.952866 0.289978 0.089212
vn -0.952309 0.268832 0.144349
vn -0.914157 0.248957 0.319901
vn -0.922123 0.253855 0.291970
vn -0.645717 0.624952 0.438731
vn -0.645717 0.624952 0.438731
vn -0.645717 0.624952 0.438731
vn -0.957582 0.154607 0.243173
vn -0.579997 0.140032 0.802493
vn -0.529411 0.089035 0.843680
vn -0.585474 0.145745 0.797483
vn -0.590768 0.151308 0.792527
vn -0.590768 0.151308 0.792527
vn -0.984828 0.098372 -0.142957
vn -0.974491 0.216601 0.058758
vn -0.974490 0.216601 0.058758
vn -0.976472 0.212412 0.037187
vn -0.831174 0.189361 0.522774
vn -0.790448 0.076806 0.607695
vn -0.729256 -0.016714 0.684036
vn -0.780808 -0.036522 0.623703
vn -0.726852 -0.044994 0.685318
vn -0.796709 -0.034743 0.603364
vn -0.817076 -0.029287 0.575786
vn -0.864827 -0.035031 0.500846
vn -0.939263 -0.007771 0.343110
vn -0.958564 -0.023896 0.283874
vn -0.919664 -0.094578 0.381147
vn -0.962842 -0.139089 0.231494
vn -0.970530 -0.186910 0.152108
vn -0.976121 -0.164325 0.142071
vn -0.864541 -0.215969 0.453790
vn -0.968286 -0.194475 0.156847
vn -0.974144 -0.174880 0.143038
vn -0.931022 -0.194869 0.308584
vn -0.952269 -0.201046 0.229705
vn -0.756648 -0.211086 0.618810
vn -0.847423 -0.199907 0.491845
vn -0.686262 -0.215653 0.694650
vn -0.686262 -0.215653 0.694650
vn -0.988358 -0.151332 -0.015744
vn -0.940116 -0.310586 -0.140424
vn -0.941201 -0.308158 -0.138489
vn -0.930183 -0.233709 -0.283091
vn -0.927569 -0.209661 -0.309285
vn -0.933623 -0.091032 -0.346498
vn -0.943677 -0.060908 -0.325215
vn -0.959936 0.021723 -0.279377
vn -0.971007 0.146210 -0.189123
vn 0.011764 0.433184 -0.901229
vn 0.011764 0.433184 -0.901229
vn 0.011764 0.433184 -0.901229
vn 0.011764 0.433184 -0.901229
vn 0.000187 0.991625 0.129149
vn 0.002643 0.980051 0.198728
vn 0.003496 0.974868 0.222755
vn 0.000187 0.991625 0.129149
vn 0.013873 0.876247 0.481662
vn 0.014859 0.867056 0.497990
vn 0.021929 0.790215 0.612437
vn 0.021929 0.790215 0.612438
vn 0.028680 0.355692 0.934163
vn 0.032000 0.055690 0.997935
vn 0.032096 0.039008 0.998723
vn 0.028680 0.355692 0.934163
vn 0.021640 -0.349398 0.936725
vn 0.022972 -0.325542 0.945249
vn 0.016949 -0.429781 0.902774
vn 0.016949 -0.429781 0.902774
vn -0.013021 0.582807 0.812506
vn -0.013021 0.582807 0.812506
vn -0.013021 0.582807 0.812506
vn -0.013021 0.582807 0.812506
vn 0.014320 0.999180 -0.037871
vn 0.014320 0.999180 -0.037871
vn 0.014320 0.999180 -0.037871
vn 0.014320 0.999180 -0.037871
vn -0.004340 0.594221 0.804290
vn -0.004340 0.594221 0.804290
vn -0.004340 0.594221 0.804290
vn -0.004340 0.594221 0.804290
vn -0.003104 0.295120 -0.955455
vn -0.003104 0.295120 -0.955455
vn -0.003104 0.295120 -0.955455
vn -0.003104 0.295120 -0.955455
vn 0.010098 -0.998542 0.053035
vn 0.010098 -0.998542 0.053035
vn 0.010098 -0.998542 0.053035
vn 0.010098 -0.998542 0.053035
vn -0.010609 0.376357 0.926414
vn -0.010609 0.376357 0.926414
vn -0.010609 0.376357 0.926414
vn -0.010609 0.376357 0.926414
vn 0.001445 -0.643976 0.765045
vn 0.001445 -0.643976 0.765045
vn 0.001445 -0.643976 0.765045
vn 0.001445 -0.643976 0.765045
vn 0.000445 -0.979777 -0.200092
vn 0.000445 -0.979777 -0.200092
vn 0.000445 -0.979777 -0.200092
vn 0.000445 -0.979777 -0.200092
vn 0.000588 0.114629 0.993408
vn 0.000588 0.114629 0.993408
vn 0.000588 0.114629 0.993408
vn 0.000588 0.114629 0.993408
vn 0.002590 -0.863119 0.504994
vn 0.002590 -0.863119 0.504994
vn 0.004273 -0.935175 0.354160
vn 0.004241 -0.934010 0.357223
vn 0.004367 0.834921 -0.550352
vn -0.001705 0.936518 -0.350615
vn -0.002015 0.944849 -0.327500
vn 0.004094 0.840047 -0.542499
vn -0.003978 0.984643 -0.174538
vn -0.003978 0.984643 -0.174538
vn 0.009980 0.493619 -0.869621
vn 0.010221 0.511642 -0.859138
vn 0.006830 0.006206 -0.999957
vn 0.006768 -0.013457 -0.999887
vn 0.005325 -0.997971 -0.063444
vn 0.005392 -0.998842 -0.047809
vn -0.001575 -0.915589 -0.402112
vn -0.000730 -0.925508 -0.378727
vn -0.002193 -0.771795 -0.635868
vn -0.003019 -0.800807 -0.598915
vn -0.000628 -0.690067 -0.723745
vn -0.000650 -0.698852 -0.715266
vn 0.000662 -0.597627 -0.801774
vn 0.000544 -0.605191 -0.796080
vn -0.001266 -0.492219 -0.870471
vn -0.000874 -0.504199 -0.863587
vn 0.001677 -0.322688 -0.946504
vn 0.000827 -0.351153 -0.936318
vn 0.972937 0.229206 0.029298
vn 0.972218 0.227812 0.053801
vn 0.972501 0.228255 0.046273
vn 0.972937 0.229206 0.029298
vn 0.972095 0.234040 -0.016017
vn 0.972095 0.234040 -0.016017
vn 0.972095 0.234040 -0.016017
vn 0.972095 0.234040 -0.016017
vn 0.971086 0.228192 -0.070144
vn 0.973166 0.226312 -0.041598
vn 0.973166 0.226312 -0.041598
vn 0.970185 0.228796 -0.079963
vn 0.969414 0.195311 -0.148628
vn 0.969412 0.195600 -0.148260
vn 0.967992 0.116865 -0.222114
vn 0.967927 0.110837 -0.225459
vn 0.956974 -0.027976 -0.288823
vn 0.958676 -0.015812 -0.284061
vn 0.943735 -0.111770 -0.311241
vn 0.939769 -0.133456 -0.314681
vn 0.929168 -0.186137 -0.319373
vn 0.926110 -0.205756 -0.316204
vn 0.925063 -0.269636 -0.267497
vn 0.914963 -0.336412 -0.222867
vn 0.919775 -0.307479 -0.243867
vn 0.926407 -0.263913 -0.268552
vn 0.925045 -0.244264 -0.290907
vn 0.924220 -0.240419 -0.296676
vn 0.907356 -0.392784 -0.149753
vn 0.907298 -0.393289 -0.148775
vn 0.908483 -0.417288 -0.023004
vn 0.908743 -0.417033 -0.016402
vn 0.940502 -0.310447 0.138126
vn 0.940895 -0.308694 0.139375
vn 0.949812 -0.260707 0.172884
vn 0.949812 -0.260707 0.172884
vn 0.960302 -0.179733 0.213343
vn 0.960302 -0.179733 0.213343
vn 0.960302 -0.179733 0.213343
vn 0.960302 -0.179733 0.213343
vn 0.968331 0.217865 0.121941
vn 0.968175 0.215352 0.127517
vn 0.971062 0.140331 0.193249
vn 0.971010 0.144040 0.190769
vn 0.962281 0.037894 0.269406
vn 0.956199 0.010571 0.292526
vn 0.946198 -0.097644 0.308505
vn 0.945947 -0.107291 0.306061
vn 0.944330 -0.140960 0.297272
vn 0.944330 -0.140960 0.297272
vn 0.667747 -0.744387 -0.001725
vn 0.674487 -0.724424 -0.142399
vn 0.685877 -0.701794 -0.192504
vn 0.667679 -0.744390 -0.009357
vn 0.665576 -0.740990 0.089116
vn 0.711304 -0.670818 0.209883
vn 0.728438 -0.629988 0.269244
vn 0.810691 -0.207457 0.547487
vn 0.733638 -0.587411 0.341649
vn 0.588220 -0.337198 0.735047
vn 0.831633 0.078086 0.549808
vn 0.731773 0.258287 0.630711
vn 0.731215 0.387125 0.561657
vn 0.822826 0.103344 0.558817
vn 0.699791 -0.638197 -0.320931
vn 0.723195 -0.374692 -0.580167
vn 0.622722 -0.456256 -0.635648
vn 0.713750 -0.043818 -0.699029
vn 0.719680 0.239508 -0.651688
vn 0.723765 0.187753 -0.664012
vn 0.705670 0.398310 -0.585985
vn 0.707045 0.377610 -0.597911
vn 0.693423 0.517769 -0.501078
vn 0.695978 0.494986 -0.520195
vn 0.734771 0.462722 0.495984
vn 0.730994 0.397319 0.554785
vn 0.762855 0.510095 0.397311
vn 0.710671 0.681354 0.175224
vn 0.771208 0.510925 0.379730
vn 0.656563 0.685870 0.313858
vn 0.716196 0.695961 -0.051985
vn 0.714566 0.617693 -0.328406
vn 0.720623 0.632303 -0.284421
vn 0.999360 -0.035773 -0.000731
vn 0.999627 -0.017837 -0.020696
vn 0.999972 -0.004927 0.005726
vn 0.999653 -0.008502 -0.024946
vn 0.999743 0.005044 -0.022121
vn 0.999609 -0.012830 -0.024863
vn 0.999737 0.022541 -0.004240
vn 0.999481 0.030618 0.010032
vn 0.999589 -0.013048 0.025523
vn 0.999459 0.031300 0.010111
vn 0.999538 0.025533 0.016516
vn 0.999564 0.001958 0.029475
vn 0.999498 -0.006496 0.031022
vn -0.894651 -0.027241 -0.445935
vn -0.863911 -0.249537 -0.437480
vn -0.924078 -0.200780 -0.325218
vn -0.934178 -0.099652 -0.342610
vn -0.892444 0.141990 -0.428233
vn -0.931720 0.280087 -0.231191
vn -0.854308 -0.395889 -0.336793
vn -0.920940 -0.293414 -0.256470
vn -0.787006 0.615662 0.039779
vn -0.814912 0.571350 -0.097353
vn -0.891981 0.450211 -0.040984
vn -0.787439 0.616188 0.015887
vn -0.831089 0.476889 0.286126
vn -0.909301 0.383609 0.161296
vn -0.835874 0.320701 0.445495
vn -0.912473 -0.019673 0.408664
vn -0.808537 -0.176487 0.561356
vn -0.814737 -0.299419 0.496541
vn -0.899472 -0.226460 0.373720
vn -0.842041 -0.410605 0.349814
vn -0.911483 -0.310790 0.269460
vn -0.853832 -0.475192 0.212517
vn -0.928685 -0.368925 0.037923
vn -0.855189 -0.470991 -0.216378
vn -0.845584 0.487552 -0.217441
vn -0.999992 0.002145 0.003401
vn -0.990452 0.137855 0.000354
vn 0.987844 0.105688 0.113989
vn 0.990092 0.107956 0.089794
vn 0.932805 0.079583 0.351486
vn 0.932805 0.079583 0.351486
vn 0.408242 0.030277 0.912372
vn 0.383589 0.012227 0.923423
vn 0.370738 0.002929 0.928733
vn 0.370738 0.002929 0.928733
vn 0.475323 0.080914 0.876083
vn 0.475323 0.080914 0.876083
vn 0.938514 0.188269 0.289388
vn 0.938514 0.188269 0.289388
vn 0.938514 0.188269 0.289388
vn 0.938514 0.188269 0.289388
vn 0.389468 0.052094 0.919566
vn 0.389468 0.052094 0.919566
vn 0.389468 0.052094 0.919566
vn 0.389468 0.052094 0.919566
vn 0.000000 1.000000 -0.000000
vn 0.000000 1.000000 -0.000000
vn 0.000000 1.000000 -0.000000
vn 0.000000 1.000000 0.000000
vn 0.000000 1.000000 0.000000
vn 0.000000 1.000000 0.000000
vn 0.000000 1.000000 -0.000000
vn 0.000000 1.000000 -0.000000
vn 0.464756 0.885312 0.015009
vn 0.168405 0.985712 0.003403
vn 0.177852 0.984027 0.007731
vn 0.518215 0.853647 0.052343
vn 0.600393 0.797548 0.058695
vn 0.566277 0.821923 0.061425
vn 0.794637 0.605855 0.038618
vn 0.793438 0.607410 0.038844
vn 0.790276 0.611866 0.032923
vn 0.793572 0.607705 0.030631
vn 0.826739 0.562550 0.006384
vn 0.999917 -0.010573 0.007339
vn 0.999917 -0.010573 0.007339
vn 0.999869 -0.015361 -0.005196
vn 0.999578 -0.021022 -0.020026
vn 0.994540 -0.052561 -0.090157
vn 0.994882 -0.048851 -0.088453
vn 0.988000 -0.104376 -0.113848
vn 0.015963 0.999870 -0.002281
vn 0.014855 0.999887 -0.002251
vn 0.164676 0.828266 -0.535591
vn 0.163716 0.827087 -0.537703
vn 0.120641 0.808379 -0.576168
vn 0.164676 0.828266 -0.535591
vn 0.034121 0.739656 -0.672120
vn 0.030873 0.740306 -0.671561
vn 0.029843 0.761858 -0.647056
vn 0.013127 0.447397 -0.894239
vn 0.007258 0.283215 -0.959029
vn 0.007258 0.283215 -0.959029
vn 0.013071 0.445855 -0.895010
vn 0.023151 0.627974 -0.777890
vn 0.023120 0.627742 -0.778078
vn 0.995704 -0.010786 -0.091963
vn 0.999986 0.005258 0.000955
vn 0.998738 -0.001818 -0.050185
vn 0.999746 0.001419 0.022499
vn 0.999682 0.011543 0.022429
vn 0.999936 0.000714 0.011330
vn 0.134386 -0.007733 -0.990899
vn 0.134386 -0.007733 -0.990899
vn 0.238740 -0.056873 -0.969417
vn 0.239931 -0.057438 -0.969089
vn 0.262809 -0.061792 -0.962867
vn 0.277708 -0.063760 -0.958547
vn 0.544396 -0.093346 -0.833618
vn 0.555017 -0.089503 -0.827010
vn 0.599996 -0.069233 -0.797002
vn 0.595864 -0.066078 -0.800362
vn 0.581613 -0.053504 -0.811704
vn 0.579545 -0.052800 -0.813228
vn 0.540255 -0.039616 -0.840568
vn 0.423958 -0.724758 -0.543125
vn 0.473862 -0.706977 -0.525012
vn 0.473863 -0.706977 -0.525012
vn 0.450827 -0.715527 -0.533645
vn 0.361982 -0.735947 -0.572147
vn 0.343983 -0.737820 -0.580774
vn 0.201638 -0.708733 -0.676047
vn 0.216160 -0.713595 -0.666376
vn 0.169170 -0.702931 -0.690847
vn 0.178970 -0.704215 -0.687060
vn 0.051741 -0.693852 -0.718256
vn 0.059979 -0.692839 -0.718593
vn 0.059979 -0.692839 -0.718593
vn -0.999892 0.008551 -0.011975
vn -0.999916 0.012824 0.001705
vn -0.999969 -0.000637 -0.007869
vn -0.999981 0.000605 -0.006077
vn -0.999964 -0.001785 -0.008256
vn -0.999964 -0.001785 -0.008256
vn 0.811639 -0.584153 -0.002688
vn 0.811639 -0.584153 -0.002688
vn 0.008273 -0.999765 -0.020056
vn 0.004620 -0.999949 -0.009022
vn 0.004620 -0.999949 -0.009022
vn 0.007424 -0.999533 -0.029658
vn 0.018114 -0.997956 -0.061279
vn 0.026933 -0.996710 -0.076442
vn 0.020032 -0.935567 -0.352581
vn 0.950518 -0.308920 -0.032921
vn 0.950518 -0.308920 -0.032921
vn 0.278771 -0.319100 -0.905793
vn 0.196287 -0.313854 -0.928960
vn 0.209880 -0.314871 -0.925639
vn 0.278771 -0.319100 -0.905793
vn 0.020793 -0.931729 -0.362559
vn 0.045102 -0.823577 -0.565409
vn 0.020932 -0.904512 -0.425935
vn 0.060484 -0.757782 -0.649699
vn 0.060484 -0.757782 -0.649699
vn 0.039449 -0.297983 -0.953756
vn 0.039449 -0.297983 -0.953756
vn 0.994242 -0.011111 -0.106580
vn 0.994618 -0.003199 -0.103557
vn 0.987769 0.001252 -0.155919
vn 0.075293 -0.330137 -0.940925
vn 0.052850 -0.324637 -0.944361
vn 0.020778 -0.316481 -0.948371
vn 0.020778 -0.316481 -0.948371
vn 0.121058 -0.340825 -0.932300
vn 0.121058 -0.340825 -0.932300
vn 0.006692 -0.999236 -0.038519
vn 0.005608 -0.999406 -0.034016
vn 0.007513 -0.999439 -0.032637
vn 0.010784 -0.999451 -0.031329
vn 0.057532 -0.998264 -0.012593
vn 0.995121 -0.000634 -0.098661
vn 0.994963 0.009173 -0.099826
vn 0.994943 0.003591 -0.100374
vn 0.994811 -0.011242 -0.101122
vn 0.994825 0.018336 -0.099938
vn 0.994214 0.018468 -0.105818
vn 0.994214 0.018468 -0.105818
vn 0.995613 0.004300 -0.093471
vn 0.993976 -0.052818 -0.096029
vn 0.964452 -0.234938 -0.120980
vn -0.004308 -0.991328 -0.131343
vn 0.005424 -0.991598 -0.129248
vn 0.001874 -0.992524 -0.122032
vn 0.001918 -0.992511 -0.122143
vn -0.001389 -0.993483 -0.113971
vn -0.001389 -0.993483 -0.113971
vn 0.172665 -0.966210 -0.191378
vn 0.172665 -0.966210 -0.191378
vn 0.172665 -0.966210 -0.191378
vn 0.172665 -0.966210 -0.191378
vn -0.968907 -0.234469 -0.079014
vn -0.983437 -0.119017 -0.136698
vn -0.987867 -0.049079 -0.147343
vn -0.968907 -0.234469 -0.079014
vn -0.990323 -0.027413 -0.136050
vn -0.984253 -0.050482 -0.169407
vn 0.000446 -0.986326 -0.164805
vn 0.000446 -0.986326 -0.164805
vn 0.000446 -0.986326 -0.164805
vn 0.000446 -0.986326 -0.164805
vn -0.027766 -0.392114 -0.919498
vn -0.027766 -0.392114 -0.919498
vn -0.027766 -0.392114 -0.919498
vn -0.027766 -0.392114 -0.919498
vn -0.252697 -0.903807 -0.345366
vn -0.252697 -0.903807 -0.345366
vn -0.181301 -0.860854 -0.475459
vn -0.110420 -0.801915 -0.587145
vn 0.030157 -0.726856 -0.686127
vn 0.026141 -0.724741 -0.688525
vn -0.714627 -0.006891 -0.699472
vn -0.718455 -0.006493 -0.695543
vn -0.744733 -0.003694 -0.667352
vn -0.745388 -0.003623 -0.666621
vn 0.040101 -0.707610 -0.705465
vn 0.032741 -0.729420 -0.683282
vn -0.046309 -0.714061 -0.698550
vn 0.040515 -0.705812 -0.707240
vn 0.040767 -0.705803 -0.707234
vn 0.040767 -0.705803 -0.707234
vn 0.001731 -0.999992 -0.003575
vn 0.001329 -0.999927 -0.012040
vn -0.000378 -0.999521 -0.030938
vn -0.000378 -0.999521 -0.030938
vn 0.002126 -0.999993 -0.003219
vn 0.001779 -0.999995 -0.002694
vn 0.000000 -1.000000 0.000000
vn -0.996392 -0.000785 -0.084873
vn -0.997513 -0.003283 -0.070413
vn -0.997513 -0.003283 -0.070413
vn -0.995525 0.005681 -0.094327
vn -0.993969 0.033635 -0.104378
vn -0.993969 0.033635 -0.104378
vn -0.001217 0.999999 0.000379
vn -0.003399 0.999993 0.001870
vn -0.001752 0.999989 0.004373
vn 0.036015 0.769392 -0.637761
vn 0.042839 0.739808 -0.671453
vn 0.035472 0.779173 -0.625804
vn 0.033882 0.764013 -0.644311
vn 0.027719 0.767478 -0.640476
vn 0.032934 0.776111 -0.629736
vn 0.054871 0.012986 -0.998409
vn 0.054871 0.012986 -0.998409
vn 0.054871 0.012986 -0.998409
vn 0.054871 0.012986 -0.998409
vn 0.002898 0.999946 0.009976
vn 0.007420 0.999722 -0.022371
vn 0.012208 0.999388 -0.032796
vn 0.998095 0.001647 0.061675
vn 0.999817 0.000098 0.019121
vn 0.995645 -0.000392 0.093229
vn 0.000234 0.003054 -0.999995
vn -0.002087 0.002249 -0.999995
vn -0.000418 0.002828 -0.999996
vn 0.999443 0.004277 0.033103
vn 0.999828 0.000153 0.018542
vn 0.707811 0.002762 -0.706396
vn 0.707811 0.002762 -0.706396
vn 0.707811 0.002762 -0.706396
vn 0.707811 0.002762 -0.706396
vn -0.002637 0.002059 -0.999994
vn 0.999816 0.007445 0.017661
vn -0.995181 0.009829 -0.097559
vn -0.998779 0.039647 -0.029483
vn -0.999785 -0.002874 -0.020544
vn -0.999374 -0.034091 -0.009439
vn -0.995922 -0.089626 0.010377
vn -0.995921 -0.089626 0.010377
vn -0.997873 0.014953 -0.063455
vn -0.999670 0.016533 -0.019680
vn -0.814847 -0.528874 0.237313
vn -0.813943 -0.503684 0.289482
vn -0.806433 -0.458250 0.373727
vn -0.806433 -0.458250 0.373727
vn -0.996477 0.083735 0.004700
vn -0.997752 0.066560 -0.007810
vn -0.788396 -0.615098 0.009279
vn -0.788396 -0.615098 0.009279
vn -0.996359 0.076817 -0.036985
vn -0.996359 0.076817 -0.036985
vn -0.999817 0.017086 -0.008655
vn -0.999921 -0.008995 -0.008786
vn -0.006023 0.999453 -0.032507
vn -0.004028 0.997738 -0.067106
vn -0.006254 0.999575 -0.028485
vn 0.000448 0.999948 0.010236
vn 0.001663 0.999880 0.015421
vn 0.001749 0.999923 0.012267
vn 0.001790 0.999920 0.012556
vn 0.000000 1.000000 0.000000
vn 0.000000 1.000000 0.000000
vn 0.001044 0.001022 -0.999999
vn 0.001044 0.001022 -0.999999
vn 0.001044 0.001022 -0.999999
vn 0.001044 0.001022 -0.999999
vn 0.003732 -0.006290 -0.999973
vn 0.003732 -0.006290 -0.999973
vn 0.003732 -0.006290 -0.999973
vn 0.003732 -0.006290 -0.999973
vn 0.735557 0.001987 -0.677460
vn 0.735557 0.001987 -0.677460
vn 0.735557 0.001987 -0.677460
vn 0.735557 0.001987 -0.677460
vn -0.999540 0.029586 0.006724
vn -0.999540 0.029586 0.006724
vn -0.705930 0.005707 -0.708258
vn -0.705930 0.005707 -0.708258
vn -0.705930 0.005707 -0.708258
vn -0.705930 0.005707 -0.708258
vn 0.000000 0.000000 -1.000000
vn 0.000000 0.000000 -1.000000
vn 0.000000 0.000000 -1.000000
vn 0.000000 0.000000 -1.000000
vn 0.978109 0.004681 -0.208042
vn 0.979029 0.004654 -0.203669
vn 0.999991 0.003338 0.002609
vn 0.999991 0.003338 0.002609
vn 0.908813 0.005854 -0.417164
vn 0.908813 0.005854 -0.417164
vn -0.999662 0.009915 -0.024024
vn -0.999662 0.009915 -0.024024
vn -0.977966 0.010470 -0.208503
vn -0.976978 0.010479 -0.213081
vn -0.907023 0.010657 -0.420947
vn -0.907023 0.010657 -0.420947
vn 0.999996 -0.002426 0.001744
vn 0.999996 -0.002426 0.001744
vn -0.026217 -0.998735 -0.042909
vn 0.000000 -1.000000 -0.000000
vn 0.013208 -0.996784 -0.079034
vn 0.000000 -1.000000 0.000000
vn -0.100333 -0.243567 -0.964681
vn -0.100674 -0.250564 -0.962851
vn -0.095443 -0.323953 -0.941247
vn -0.100333 -0.243567 -0.964681
vn -0.088673 -0.459745 -0.883613
vn -0.067503 -0.433380 -0.898680
vn -0.067503 -0.433380 -0.898680
vn 0.980078 -0.040855 -0.194367
vn 0.980248 -0.054312 -0.190170
vn 0.980252 -0.055189 -0.189895
vn 0.980078 -0.040855 -0.194367
vn 0.981290 -0.062573 -0.182085
vn 0.981051 -0.061547 -0.183715
vn 0.981906 -0.065290 -0.177760
vn 0.981906 -0.065290 -0.177760
vn 0.000220 -0.790057 -0.613033
vn 0.009547 -0.837963 -0.545644
vn 0.009255 -0.836549 -0.547815
vn 0.000220 -0.790057 -0.613033
vn 0.014309 -0.875584 -0.482855
vn 0.014373 -0.875184 -0.483577
vn 0.005770 -0.890155 -0.455622
vn 0.006445 -0.889329 -0.457223
vn -0.002367 -0.899851 -0.436191
vn -0.002367 -0.899851 -0.436191
vn -0.999292 -0.024559 -0.028514
vn -0.999612 0.010100 -0.025974
vn -0.999332 0.002175 -0.036472
vn -0.999362 -0.001171 -0.035694
vn -0.999983 -0.000341 -0.005795
vn -0.999984 -0.005276 0.002237
vn -0.999466 -0.031449 0.008836
vn -0.999467 -0.032638 0.000854
vn -0.999029 -0.033377 -0.028768
vn -0.999805 -0.019205 0.004575
vn -0.999961 -0.007360 -0.004852
vn -0.278359 -0.960477 -0.000049
vn -0.278359 -0.960477 -0.000049
vn -0.997661 -0.067134 0.012889
vn -0.997661 -0.067134 0.012889
vn -0.997661 -0.067134 0.012889
vn -0.997661 -0.067134 0.012889
vn -0.157837 -0.335970 -0.928554
vn -0.157837 -0.335970 -0.928554
vn -0.157837 -0.335970 -0.928554
vn -0.157837 -0.335970 -0.928554
vn -0.001087 -0.999972 0.007351
vn -0.001087 -0.999972 0.007351
vn -0.012233 -0.999886 0.008904
vn -0.063924 -0.997873 0.012798
vn -0.050363 -0.998630 0.014212
vn -0.176537 -0.763340 -0.621407
vn -0.176537 -0.763340 -0.621407
vn -0.165239 -0.742909 -0.648677
vn -0.161158 -0.735389 -0.658202
vn -0.014885 -0.999818 0.011909
vn 0.332227 -0.943199 -0.001229
vn 0.299767 -0.954012 -0.000704
vn 0.871649 -0.489934 -0.013890
vn 0.842640 -0.538325 -0.012797
vn 0.923065 -0.384311 -0.016021
vn 0.923065 -0.384311 -0.016021
vn -0.104801 -0.612214 -0.783716
vn -0.090427 -0.560456 -0.823233
vn -0.071501 -0.490836 -0.868313
vn -0.094529 -0.172819 -0.980407
vn -0.049720 -0.455582 -0.888804
vn -0.112876 -0.447231 -0.887268
vn -0.186245 -0.456709 -0.869902
vn -0.059204 -0.464719 -0.883477
vn -0.246715 -0.181191 -0.951999
vn 0.025078 -0.999616 -0.011797
vn 0.031416 -0.999472 -0.008249
vn -0.004021 -0.999598 -0.028069
vn -0.429216 -0.435747 -0.791138
vn -0.377904 -0.390668 -0.839385
vn -0.511141 -0.283058 -0.811550
vn -0.900533 -0.434782 -0.002291
vn -0.950679 -0.309539 -0.019880
vn -0.869657 -0.493616 0.006404
vn -0.869657 -0.493616 0.006404
vn -0.999578 0.026100 0.012747
vn -0.999578 0.026100 0.012747
vn -0.999578 0.026100 0.012747
vn -0.999578 0.026100 0.012747
vn -0.231955 0.044819 -0.971694
vn -0.556840 0.005374 -0.830603
vn -0.270550 0.003200 -0.962701
vn -0.097295 -0.000348 -0.995255
vn -0.285615 -0.004158 -0.958336
vn -0.323541 -0.004658 -0.946203
vn -0.324445 -0.004743 -0.945893
vn -0.279044 -0.000510 -0.960278
vn -0.224942 0.765268 -0.603131
vn -0.219571 0.771340 -0.597346
vn -0.113424 0.641408 -0.758769
vn -0.205517 0.772434 -0.600923
vn -0.029205 0.773007 -0.633725
vn -0.193517 0.747774 -0.635126
vn -0.086134 0.618613 -0.780960
vn -0.225573 0.764270 -0.604159
vn -0.140415 0.990066 0.007283
vn -0.134713 0.990885 -0.000150
vn -0.116845 0.993143 -0.003700
vn -0.397198 0.917733 -0.000619
vn -0.415933 0.909395 -0.000295
vn -0.094601 0.605168 -0.790457
vn -0.094601 0.605168 -0.790457
vn -0.499642 0.647243 -0.575704
vn -0.499642 0.647243 -0.575704
vn -0.499642 0.647243 -0.575704
vn -0.499642 0.647243 -0.575704
vn -0.638412 0.769685 0.003837
vn -0.638412 0.769685 0.003837
vn -0.002792 -0.999993 0.002525
vn -0.002421 -0.999989 0.003907
vn -0.002162 -0.999977 0.006406
vn -0.001840 -0.999998 0.000852
vn -0.003955 -0.999987 0.003163
vn -0.004256 -0.999989 0.002048
vn 0.000900 -0.999972 0.007438
vn -0.002023 -0.999976 0.006597
vn 0.058323 -0.002569 -0.998294
vn 0.058297 -0.002705 -0.998296
vn 0.058132 -0.003574 -0.998303
vn 0.058108 -0.003699 -0.998303
vn -0.002126 -0.999976 0.006567
vn -0.006038 -0.999971 0.004648
vn -0.004407 -0.999981 0.004421
vn 0.057394 -0.998343 -0.004194
vn -0.010896 0.998954 0.044421
vn -0.007581 0.996585 -0.082219
vn -0.001080 0.998239 -0.059308
vn -0.001962 0.995917 0.090252
vn -0.016263 -0.236711 0.971444
vn -0.016541 -0.247341 0.968787
vn -0.018903 -0.437841 0.898854
vn -0.018754 -0.474797 0.879896
vn -0.013595 -0.714542 0.699460
vn -0.014874 -0.660672 0.750528
vn -0.005710 0.325079 0.945670
vn -0.005752 0.390296 0.920672
vn -0.001519 -0.009544 0.999953
vn 0.007901 -0.148134 0.988936
vn 0.005798 -0.278113 0.960531
vn -0.001519 -0.009544 0.999953
vn -0.023200 -0.632122 0.774522
vn -0.018233 -0.679389 0.733552
vn -0.017725 -0.450391 0.892655
vn -0.022057 -0.491022 0.870868
vn -0.015961 -0.154980 0.987789
vn -0.015870 -0.151604 0.988314
vn 0.000448 0.504558 0.863378
vn -0.004324 0.312979 0.949750
vn 0.006997 -0.285648 0.958309
vn 0.009526 -0.188671 0.981994
vn 0.009734 -0.088727 0.996008
vn 0.009734 -0.088727 0.996008
vn -0.003098 -0.658122 0.752905
vn -0.005453 -0.800820 0.598880
vn -0.011349 -0.757428 0.652820
vn -0.001988 0.998219 -0.059629
vn -0.003071 0.992247 0.124244
vn -0.026471 0.999611 0.008785
vn -0.016548 0.993754 -0.110356
vn -0.010824 0.986326 0.164453
vn -0.000753 0.928948 -0.370211
vn -0.000681 0.930671 -0.365856
vn -0.001340 0.934013 -0.357236
vn -0.001369 0.920220 -0.391399
vn 0.000173 0.524412 -0.851465
vn -0.000303 0.530303 -0.847808
vn -0.000689 0.547355 -0.836900
vn 0.000291 0.450002 -0.893027
vn -0.000206 -0.220379 -0.975414
vn 0.000083 -0.222151 -0.975012
vn 0.000262 -0.219938 -0.975514
vn -0.000302 -0.225062 -0.974344
vn -0.000200 -0.517563 -0.855645
vn -0.000012 -0.517601 -0.855622
vn -0.000274 -0.502017 -0.864858
vn -0.000402 -0.489539 -0.871981
vn 0.000645 -0.719966 -0.694009
vn -0.002587 -0.717423 -0.696633
vn -0.003915 -0.764804 -0.644251
vn 0.000972 -0.759009 -0.651079
vn -0.000275 -0.978062 -0.208315
vn -0.000497 -0.982678 -0.185320
vn -0.004225 -0.937552 0.347820
vn -0.004168 -0.925098 0.379707
vn -0.005284 -0.962974 -0.269544
vn -0.005095 -0.968484 -0.249023
vn -0.007116 -0.924597 0.380881
vn -0.007209 -0.922577 0.385745
vn -0.004814 0.907117 0.420850
vn -0.004917 0.889713 0.456493
vn -0.010164 0.983152 0.182505
vn 0.005477 0.847429 0.530880
vn 0.001259 0.887373 0.461050
vn 0.001325 -0.073754 -0.997276
vn 0.001325 -0.073754 -0.997276
vn 0.001325 -0.073754 -0.997276
vn 0.001325 -0.073754 -0.997276
vn 0.012183 -0.315983 0.948687
vn 0.007951 -0.328635 0.944423
vn -0.999504 0.031153 -0.004617
vn -0.999504 0.031153 -0.004617
vn -0.999740 -0.016964 -0.015270
vn -0.999749 0.022084 -0.003700
vn -0.997505 -0.057705 -0.040661
vn -0.997845 -0.054299 -0.036843
vn -0.996476 -0.066748 -0.050799
vn -0.996476 -0.066748 -0.050799
vn -0.999256 -0.033709 -0.018760
vn 0.000307 -0.987775 -0.155889
vn 0.000307 -0.987286 -0.158953
vn 0.003669 -0.977006 0.213180
vn 0.003486 -0.979507 0.201379
vn 0.985289 -0.167806 -0.032350
vn 0.984725 -0.173258 -0.017247
vn 0.990010 -0.140590 -0.010726
vn 0.985224 -0.170962 0.010329
vn 0.985557 -0.153267 -0.072013
vn 0.985557 -0.153267 -0.072013
vn 0.000234 -0.926913 -0.375275
vn 0.000234 -0.926913 -0.375275
vn 0.007988 -0.870106 0.492799
vn 0.007988 -0.870106 0.492799
vn 0.997796 -0.052552 -0.040523
vn 0.994537 -0.082248 -0.064272
vn 0.999999 -0.000428 0.001159
vn -0.915067 0.176543 -0.362610
vn -0.912946 0.177402 -0.367504
vn -0.913804 0.182155 -0.363018
vn -0.913504 0.193292 -0.357977
vn -0.964604 0.236616 -0.116412
vn -0.952310 0.268831 -0.144349
vn -0.952865 0.289982 -0.089212
vn -0.922124 0.253854 -0.291970
vn -0.914158 0.248956 -0.319900
vn -0.645710 0.624958 -0.438732
vn -0.645710 0.624958 -0.438732
vn -0.645710 0.624958 -0.438732
vn -0.957580 0.154607 -0.243181
vn -0.580002 0.140034 -0.802489
vn -0.585478 0.145747 -0.797479
vn -0.529416 0.089038 -0.843677
vn -0.590773 0.151310 -0.792523
vn -0.590773 0.151310 -0.792523
vn -0.984828 0.098373 0.142957
vn -0.976472 0.212413 -0.037187
vn -0.974490 0.216602 -0.058758
vn -0.974490 0.216602 -0.058758
vn -0.831175 0.189361 -0.522772
vn -0.790449 0.076805 -0.607693
vn -0.729257 -0.016715 -0.684035
vn -0.726854 -0.044996 -0.685317
vn -0.780807 -0.036523 -0.623704
vn -0.796708 -0.034745 -0.603365
vn -0.817075 -0.029288 -0.575788
vn -0.864827 -0.035032 -0.500846
vn -0.939263 -0.007766 -0.343110
vn -0.919666 -0.094576 -0.381143
vn -0.958565 -0.023888 -0.283872
vn -0.962842 -0.139087 -0.231494
vn -0.970530 -0.186909 -0.152108
vn -0.976121 -0.164329 -0.142070
vn -0.864542 -0.215971 -0.453787
vn -0.968287 -0.194472 -0.156847
vn -0.974144 -0.174881 -0.143038
vn -0.952269 -0.201044 -0.229705
vn -0.931022 -0.194869 -0.308584
vn -0.847423 -0.199906 -0.491846
vn -0.756647 -0.211082 -0.618813
vn -0.686260 -0.215646 -0.694654
vn -0.686260 -0.215646 -0.694654
vn -0.988357 -0.151337 0.015744
vn -0.941200 -0.308161 0.138489
vn -0.940115 -0.310588 0.140423
vn -0.927569 -0.209662 0.309286
vn -0.930182 -0.233710 0.283091
vn -0.943677 -0.060907 0.325215
vn -0.933623 -0.091032 0.346498
vn -0.959936 0.021723 0.279376
vn -0.971008 0.146211 0.189121
vn 0.011764 0.433195 0.901224
vn 0.011764 0.433195 0.901224
vn 0.011764 0.433195 0.901224
vn 0.011764 0.433195 0.901224
vn 0.000187 0.991625 -0.129149
vn 0.000187 0.991625 -0.129149
vn 0.003496 0.974868 -0.222755
vn 0.002643 0.980051 -0.198728
vn 0.014859 0.867056 -0.497990
vn 0.013874 0.876247 -0.481663
vn 0.021931 0.790216 -0.612436
vn 0.021931 0.790216 -0.612437
vn 0.028682 0.355692 -0.934163
vn 0.028682 0.355692 -0.934163
vn 0.032097 0.039008 -0.998723
vn 0.032002 0.055690 -0.997935
vn 0.022971 -0.325541 -0.945249
vn 0.021638 -0.349397 -0.936725
vn 0.016946 -0.429781 -0.902774
vn 0.016946 -0.429781 -0.902774
vn -0.013021 0.582798 -0.812513
vn -0.013021 0.582798 -0.812513
vn -0.013021 0.582798 -0.812513
vn -0.013021 0.582798 -0.812513
vn 0.014320 0.999180 0.037871
vn 0.014320 0.999180 0.037871
vn 0.014320 0.999180 0.037871
vn 0.014320 0.999180 0.037871
vn -0.004340 0.594228 -0.804285
vn -0.004340 0.594228 -0.804285
vn -0.004340 0.594228 -0.804285
vn -0.004340 0.594228 -0.804285
vn -0.003103 0.295113 0.955457
vn -0.003103 0.295113 0.955457
vn -0.003103 0.295113 0.955457
vn -0.003103 0.295113 0.955457
vn 0.010098 -0.998542 -0.053035
vn 0.010098 -0.998542 -0.053035
vn 0.010098 -0.998542 -0.053035
vn 0.010098 -0.998542 -0.053035
vn -0.010608 0.376364 -0.926411
vn -0.010608 0.376364 -0.926411
vn -0.010608 0.376364 -0.926411
vn -0.010608 0.376364 -0.926411
vn 0.001445 -0.643976 -0.765044
vn 0.001445 -0.643976 -0.765044
vn 0.001445 -0.643976 -0.765044
vn 0.001445 -0.643976 -0.765044
vn 0.000446 -0.979777 0.200091
vn 0.000446 -0.979777 0.200091
vn 0.000446 -0.979777 0.200092
vn 0.000446 -0.979777 0.200092
vn 0.000586 0.114623 -0.993409
vn 0.000586 0.114623 -0.993409
vn 0.000586 0.114623 -0.993409
vn 0.000586 0.114623 -0.993409
vn 0.002590 -0.863118 -0.504996
vn 0.004241 -0.934009 -0.357224
vn 0.004273 -0.935175 -0.354161
vn 0.002590 -0.863118 -0.504996
vn 0.004367 0.834921 0.550353
vn 0.004094 0.840046 0.542499
vn -0.002016 0.944849 0.327501
vn -0.001705 0.936517 0.350617
vn -0.003978 0.984643 0.174537
vn -0.003978 0.984643 0.174537
vn 0.010222 0.511644 0.859137
vn 0.009980 0.493621 0.869620
vn 0.006830 0.006203 0.999957
vn 0.006768 -0.013460 0.999887
vn 0.005392 -0.998842 0.047809
vn 0.005325 -0.997971 0.063443
vn -0.000730 -0.925508 0.378726
vn -0.001575 -0.915589 0.402112
vn -0.003019 -0.800807 0.598916
vn -0.002193 -0.771795 0.635868
vn -0.000650 -0.698853 0.715265
vn -0.000629 -0.690068 0.723744
vn 0.000544 -0.605191 0.796081
vn 0.000662 -0.597627 0.801774
vn -0.000873 -0.504199 0.863587
vn -0.001265 -0.492218 0.870471
vn 0.000828 -0.351154 0.936318
vn 0.001677 -0.322688 0.946504
vn 0.972937 0.229206 -0.029298
vn 0.972937 0.229206 -0.029298
vn 0.972501 0.228255 -0.046273
vn 0.972218 0.227812 -0.053801
vn 0.972094 0.234046 0.016017
vn 0.972094 0.234046 0.016017
vn 0.972094 0.234046 0.016017
vn 0.972094 0.234046 0.016017
vn 0.971087 0.228190 0.070144
vn 0.970186 0.228792 0.079962
vn 0.973166 0.226315 0.041598
vn 0.973166 0.226315 0.041598
vn 0.969413 0.195595 0.148260
vn 0.969415 0.195306 0.148629
vn 0.967992 0.116863 0.222115
vn 0.967927 0.110836 0.225460
vn 0.958676 -0.015812 0.284062
vn 0.956974 -0.027976 0.288824
vn 0.939768 -0.133458 0.314684
vn 0.943735 -0.111771 0.311243
vn 0.926108 -0.205757 0.316209
vn 0.929167 -0.186138 0.319377
vn 0.925063 -0.269635 0.267499
vn 0.926406 -0.263913 0.268555
vn 0.919775 -0.307476 0.243868
vn 0.914963 -0.336410 0.222869
vn 0.924218 -0.240420 0.296681
vn 0.925044 -0.244265 0.290911
vn 0.907296 -0.393295 0.148775
vn 0.907354 -0.392789 0.149754
vn 0.908741 -0.417038 0.016401
vn 0.908480 -0.417294 0.023005
vn 0.940895 -0.308692 -0.139375
vn 0.940502 -0.310446 -0.138126
vn 0.949812 -0.260706 -0.172884
vn 0.949812 -0.260706 -0.172884
vn 0.960303 -0.179728 -0.213342
vn 0.960303 -0.179728 -0.213342
vn 0.960303 -0.179728 -0.213343
vn 0.960303 -0.179728 -0.213342
vn 0.968331 0.217865 -0.121942
vn 0.968175 0.215353 -0.127518
vn 0.971062 0.140333 -0.193251
vn 0.971009 0.144042 -0.190771
vn 0.956198 0.010571 -0.292528
vn 0.962280 0.037894 -0.269408
vn 0.945947 -0.107292 -0.306059
vn 0.946198 -0.097646 -0.308503
vn 0.944331 -0.140961 -0.297269
vn 0.944331 -0.140961 -0.297269
vn 0.667745 -0.744388 0.001725
vn 0.667677 -0.744392 0.009357
vn 0.685875 -0.701797 0.192503
vn 0.674485 -0.724426 0.142397
vn 0.665575 -0.740991 -0.089116
vn 0.711305 -0.670816 -0.209882
vn 0.728441 -0.629986 -0.269242
vn 0.810691 -0.207458 -0.547487
vn 0.733640 -0.587410 -0.341647
vn 0.588219 -0.337192 -0.735051
vn 0.831633 0.078086 -0.549808
vn 0.731775 0.258287 -0.630708
vn 0.822826 0.103344 -0.558817
vn 0.731214 0.387124 -0.561659
vn 0.699790 -0.638198 0.320930
vn 0.723193 -0.374695 0.580169
vn 0.622715 -0.456261 0.635651
vn 0.713746 -0.043818 0.699033
vn 0.719680 0.239508 0.651688
vn 0.723765 0.187753 0.664013
vn 0.705670 0.398308 0.585987
vn 0.707045 0.377608 0.597912
vn 0.695978 0.494985 0.520197
vn 0.693423 0.517769 0.501078
vn 0.730993 0.397318 -0.554786
vn 0.734770 0.462722 -0.495985
vn 0.762853 0.510096 -0.397313
vn 0.771206 0.510926 -0.379732
vn 0.710668 0.681358 -0.175224
vn 0.656560 0.685873 -0.313859
vn 0.716196 0.695961 0.051985
vn 0.720623 0.632302 0.284422
vn 0.714567 0.617694 0.328403
vn 0.999360 -0.035772 0.000731
vn 0.999972 -0.004926 -0.005726
vn 0.999627 -0.017836 0.020696
vn 0.999653 -0.008501 0.024946
vn 0.999743 0.005045 0.022121
vn 0.999609 -0.012828 0.024863
vn 0.999737 0.022541 0.004240
vn 0.999481 0.030617 -0.010032
vn 0.999589 -0.013048 -0.025523
vn 0.999459 0.031300 -0.010111
vn 0.999538 0.025533 -0.016516
vn 0.999564 0.001958 -0.029475
vn 0.999498 -0.006496 -0.031022
vn -0.894651 -0.027242 0.445935
vn -0.934178 -0.099652 0.342610
vn -0.924079 -0.200779 0.325218
vn -0.863911 -0.249536 0.437480
vn -0.892443 0.141989 0.428233
vn -0.931720 0.280086 0.231192
vn -0.920941 -0.293414 0.256470
vn -0.854309 -0.395887 0.336794
vn -0.787006 0.615662 -0.039779
vn -0.787439 0.616188 -0.015887
vn -0.891981 0.450211 0.040984
vn -0.814912 0.571350 0.097353
vn -0.831089 0.476889 -0.286125
vn -0.909301 0.383609 -0.161296
vn -0.835874 0.320700 -0.445494
vn -0.912473 -0.019671 -0.408664
vn -0.808537 -0.176487 -0.561356
vn -0.814737 -0.299418 -0.496540
vn -0.899472 -0.226460 -0.373720
vn -0.842042 -0.410605 -0.349813
vn -0.911483 -0.310790 -0.269459
vn -0.853832 -0.475192 -0.212517
vn -0.928685 -0.368925 -0.037923
vn -0.855189 -0.470991 0.216378
vn -0.845583 0.487553 0.217441
vn -0.999992 0.002145 -0.003401
vn -0.990452 0.137855 -0.000354
vn 0.935513 -0.353292 -0.000007
vn 0.867474 -0.497483 0.000002
vn 0.867472 -0.351775 -0.351776
vn 0.935512 -0.249817 -0.249818
vn 0.867476 0.000002 -0.497479
vn 0.935513 -0.000003 -0.353291
vn 0.867484 0.351761 -0.351762
vn 0.935515 0.249810 -0.249812
vn 0.867477 0.497478 -0.000010
vn 0.935514 0.353291 0.000001
vn 0.867471 0.351776 0.351777
vn 0.935512 0.249817 0.249818
vn 0.867473 -0.000003 0.497484
vn 0.935513 0.000002 0.353292
vn 0.867475 -0.351771 0.351773
vn 0.935514 -0.249814 0.249815
vn 1.000000 0.000000 -0.000000
vn -1.000000 -0.000008 0.000000
vn -1.000000 -0.000000 -0.000000
vn -1.000000 -0.000006 -0.000006
vn -1.000000 -0.000000 -0.000009
vn -1.000000 0.000006 -0.000006
vn -1.000000 0.000008 -0.000000
vn -1.000000 0.000007 0.000006
vn -1.000000 0.000000 0.000009
vn -1.000000 -0.000007 0.000006
vn 0.000000 -0.923881 -0.382681
vn 0.000000 -0.923881 -0.382681
vn 0.000000 -0.923881 -0.382681
vn 0.000000 -0.923881 -0.382681
vn 0.000000 -0.923882 0.382677
vn 0.000000 -0.923882 0.382677
vn 0.000000 -0.923882 0.382677
vn 0.000000 -0.923882 0.382677
vn 0.000000 -0.584450 0.811430
vn 0.000000 -0.584450 0.811430
vn 0.000000 -0.592875 0.805294
vn 0.000000 -0.592875 0.805294
vn 0.000000 0.805308 -0.592856
vn 0.000000 0.805308 -0.592856
vn 0.000000 0.811430 -0.584450
vn 0.000000 0.811430 -0.584450
vn 0.000000 0.382672 -0.923884
vn 0.000000 0.382672 -0.923884
vn 0.000000 0.382672 -0.923884
vn 0.000000 0.382672 -0.923884
vn 0.000000 -0.382678 -0.923882
vn 0.000000 -0.382678 -0.923882
vn 0.000000 -0.382678 -0.923882
vn 0.000000 -0.382678 -0.923882
vn 0.000000 -0.923885 -0.382671
vn 0.000000 -0.923885 -0.382671
vn 0.000000 -0.923885 -0.382671
vn 0.000000 -0.923885 -0.382671
vn 0.000000 -0.923888 0.382664
vn 0.000000 -0.923888 0.382664
vn 0.000000 -0.923888 0.382664
vn 0.000000 -0.923888 0.382664
vn 0.000000 -0.382676 0.923883
vn 0.000000 -0.382676 0.923883
vn 0.000000 -0.382676 0.923883
vn 0.000000 -0.382676 0.923883
vn 0.000000 0.382679 0.923881
vn 0.000000 0.382679 0.923881
vn 0.000000 0.382679 0.923881
vn 0.000000 0.382679 0.923881
vn 0.000000 0.923882 0.382677
vn 0.000000 0.923882 0.382677
vn 0.000000 0.923882 0.382677
vn 0.000000 0.923882 0.382677
vn 0.000000 0.923876 -0.382693
vn 0.000000 0.923876 -0.382693
vn 0.000000 0.923876 -0.382693
vn 0.000000 0.923876 -0.382693
vn 0.000000 0.382689 -0.923877
vn 0.000000 0.382689 -0.923877
vn 0.000000 0.382689 -0.923877
vn 0.000000 0.382689 -0.923877
vn 0.000000 -0.382677 -0.923882
vn 0.000000 -0.382677 -0.923882
vn 0.000000 -0.382677 -0.923882
vn 0.000000 -0.382677 -0.923882
vn 1.000000 0.000000 0.000000
vn 1.000000 0.000000 0.000000
vn 1.000000 -0.000001 0.000000
vn 1.000000 -0.000001 0.000000
vn -1.000000 0.000000 0.000000
vn -1.000000 0.000000 0.000000
vn -1.000000 0.000002 0.000000
vn -1.000000 0.000002 0.000000
vn 1.000000 0.000000 0.000000
vn 1.000000 0.000000 0.000000
vn -1.000000 0.000001 0.000000
vn -1.000000 0.000002 0.000000
vn 1.000000 -0.000000 0.000000
vn 1.000000 0.000000 0.000000
vn -1.000000 0.000000 0.000000
vn -1.000000 -0.000000 0.000000
vn 1.000000 -0.000000 0.000000
vn 1.000000 0.000000 0.000000
vn -1.000000 -0.000000 0.000000
vn -1.000000 -0.000002 0.000000
vn 1.000000 0.000001 0.000000
vn 1.000000 0.000000 0.000000
vn -1.000000 -0.000000 0.000000
vn -1.000000 -0.000002 0.000000
vn 1.000000 0.000001 0.000000
vn 1.000000 0.000001 0.000000
vn -1.000000 -0.000000 0.000000
vn -1.000000 -0.000000 0.000000
vn 1.000000 -0.000001 0.000000
vn 1.000000 -0.000001 0.000000
vn -1.000000 -0.000001 0.000000
vn -1.000000 -0.000001 0.000000
vn -0.943510 -0.234297 -0.234294
vn -0.943510 -0.234294 -0.234297
vn -0.943510 0.000003 -0.331344
vn -0.943510 0.000002 -0.331344
vn -0.943507 -0.331352 -0.000009
vn -0.943507 -0.331352 0.000005
vn -0.943506 -0.234310 0.234300
vn -0.943506 -0.234303 0.234307
vn -0.943505 -0.000000 0.331359
vn -0.943505 0.000000 0.331359
vn -0.943507 0.234301 0.234302
vn -0.943507 0.234300 0.234302
vn -0.943509 0.331346 -0.000006
vn -0.943509 0.331346 0.000000
vn -0.943510 0.234295 -0.234299
vn -0.943510 0.234298 -0.234296
vn 0.000000 -0.382664 -0.923888
vn 0.000000 -0.382664 -0.923888
vn 0.000000 -0.382664 -0.923888
vn 0.000000 -0.382664 -0.923888
vn 0.000000 -0.923885 -0.382670
vn 0.000000 -0.923885 -0.382670
vn 0.000000 -0.923885 -0.382670
vn 0.000000 -0.923885 -0.382670
vn 0.000000 -0.923880 0.382682
vn 0.000000 -0.923880 0.382682
vn 0.000000 -0.923880 0.382682
vn 0.000000 -0.923880 0.382682
vn 0.000000 -0.382686 0.923879
vn 0.000000 -0.382686 0.923879
vn 0.000000 -0.382686 0.923879
vn 0.000000 -0.382686 0.923879
vn 0.000000 0.382693 0.923875
vn 0.000000 0.382693 0.923875
vn 0.000000 0.382693 0.923875
vn 0.000000 0.382693 0.923875
vn 0.000000 0.923880 0.382682
vn 0.000000 0.923880 0.382682
vn 0.000000 0.923880 0.382682
vn 0.000000 0.923880 0.382682
vn 0.000000 0.923878 -0.382687
vn 0.000000 0.923878 -0.382687
vn 0.000000 0.923878 -0.382687
vn 0.000000 0.923878 -0.382687
vn 0.000000 0.382682 -0.923880
vn 0.000000 0.382682 -0.923880
vn 0.000000 0.382682 -0.923880
vn 0.000000 0.382682 -0.923880
vn 0.073259 -0.381658 -0.921396
vn 0.033087 -0.382476 -0.923373
vn 0.033087 -0.382476 -0.923373
vn 0.073259 -0.381658 -0.921396
vn 0.073253 -0.921397 -0.381656
vn 0.033084 -0.923375 -0.382472
vn 0.033084 -0.923375 -0.382472
vn 0.073253 -0.921397 -0.381656
vn 0.073242 -0.921398 0.381656
vn 0.033080 -0.923375 0.382470
vn 0.033080 -0.923375 0.382470
vn 0.073242 -0.921398 0.381656
vn 0.073248 -0.381658 0.921397
vn 0.033083 -0.382474 0.923374
vn 0.033083 -0.382474 0.923374
vn 0.073248 -0.381658 0.921397
vn 0.073251 0.381655 0.921398
vn 0.033084 0.382472 0.923375
vn 0.033084 0.382472 0.923375
vn 0.073251 0.381655 0.921398
vn 0.073252 0.921398 0.381653
vn 0.033084 0.923375 0.382471
vn 0.033084 0.923375 0.382471
vn 0.073252 0.921398 0.381653
vn 0.073252 0.921398 -0.381654
vn 0.033080 0.923373 -0.382476
vn 0.033080 0.923373 -0.382476
vn 0.073252 0.921398 -0.381655
vn 0.073252 0.381653 -0.921399
vn 0.033081 0.382476 -0.923373
vn 0.033081 0.382476 -0.923373
vn 0.073252 0.381653 -0.921399
vn 1.000000 0.000000 0.000000
vn 1.000000 0.000000 0.000000
vn 0.000000 -0.578987 0.815337
vn 0.000000 -0.578987 0.815337
vn -1.000000 0.000000 0.000000
vn -1.000000 0.000000 0.000000
vn 1.000000 0.000000 0.000000
vn -1.000000 0.000000 0.000000
vn 0.000000 0.815328 -0.578999
vn 0.000000 0.815328 -0.578999
vn -1.000000 0.000002 0.000000
vn -1.000000 0.000002 0.000000
vn -1.000000 0.000000 0.000000
vn -1.000000 0.000000 0.000000
vn -1.000000 -0.000001 0.000000
vn -1.000000 -0.000001 0.000000
vn -1.000000 -0.000003 0.000000
vn -1.000000 -0.000003 0.000000
vn -1.000000 -0.000004 0.000000
vn -1.000000 -0.000004 0.000000
vn -1.000000 -0.000002 0.000000
vn -1.000000 -0.000002 0.000000
vn -1.000000 -0.000001 0.000000
vn -1.000000 -0.000001 0.000000
vn -1.000000 0.000002 0.000000
vn -1.000000 0.000002 0.000000
vn 0.000000 0.923880 0.382683
vn 0.000000 0.923880 0.382683
vn 0.000000 0.923880 0.382683
vn 0.000000 0.923880 0.382683
vn 0.000000 0.382667 0.923886
vn 0.000000 0.382667 0.923886
vn 0.000000 0.382667 0.923886
vn 0.000000 0.382667 0.923886
vn 0.000000 -0.382682 0.923880
vn 0.000000 -0.382682 0.923880
vn 0.000000 -0.382682 0.923880
vn 0.000000 -0.382682 0.923880
vn 0.000000 -0.923875 0.382694
vn 0.000000 -0.923875 0.382694
vn 0.000000 -0.923875 0.382694
vn 0.000000 -0.923875 0.382694
vn 0.000000 -0.923880 -0.382681
vn 0.000000 -0.923880 -0.382681
vn 0.000000 -0.923880 -0.382681
vn 0.000000 -0.923880 -0.382681
vn 0.000000 -0.382684 -0.923879
vn 0.000000 -0.382684 -0.923879
vn 0.000000 -0.382684 -0.923879
vn 0.000000 -0.382684 -0.923879
vn 0.000000 0.382688 -0.923877
vn 0.000000 0.382688 -0.923877
vn 0.000000 0.382688 -0.923877
vn 0.000000 0.382688 -0.923877
vn 0.000000 0.923878 -0.382688
vn 0.000000 0.923878 -0.382688
vn 0.000000 0.923878 -0.382688
vn 0.000000 0.923878 -0.382688
vn -0.037995 0.382416 -0.923209
vn -0.037995 0.382416 -0.923209
vn -0.037992 -0.382407 -0.923213
vn -0.037992 -0.382407 -0.923213
vn -0.037991 -0.923216 -0.382400
vn -0.037991 -0.923216 -0.382400
vn -0.037980 -0.923217 0.382397
vn -0.037980 -0.923217 0.382397
vn -0.037982 -0.382403 0.923215
vn -0.037982 -0.382403 0.923215
vn -0.037986 0.382402 0.923215
vn -0.037986 0.382402 0.923215
vn -0.037988 0.923214 0.382403
vn -0.037988 0.923214 0.382403
vn -0.037998 0.923209 -0.382415
vn -0.037998 0.923209 -0.382415
vn 0.000000 0.707106 0.707107
vn 0.000000 0.707106 0.707107
vn 0.065740 0.498916 0.864154
vn 0.065740 0.864153 0.498916
vn 0.000000 0.258813 0.965927
vn 0.000000 0.258813 0.965927
vn 0.065739 0.000000 0.997837
vn 0.000000 -0.258813 0.965927
vn 0.000000 -0.258813 0.965927
vn 0.065739 -0.498915 0.864154
vn 0.000000 -0.707106 0.707107
vn 0.000000 -0.707106 0.707107
vn 0.065740 -0.864152 0.498918
vn 0.000000 -0.965926 0.258820
vn 0.000000 -0.965926 0.258820
vn 0.065740 -0.997837 -0.000000
vn 0.000000 -0.965926 -0.258820
vn 0.000000 -0.965926 -0.258820
vn 0.065739 -0.864151 -0.498920
vn 0.000000 -0.707103 -0.707111
vn 0.000000 -0.707103 -0.707111
vn 0.065738 -0.498916 -0.864154
vn 0.000000 -0.258821 -0.965925
vn 0.000000 -0.258821 -0.965925
vn 0.065739 -0.000000 -0.997837
vn 0.000000 0.258821 -0.965925
vn 0.000000 0.258821 -0.965925
vn 0.065739 0.498916 -0.864154
vn 0.000000 0.707103 -0.707111
vn 0.000000 0.707103 -0.707111
vn 0.065740 0.864152 -0.498918
vn 0.000000 0.965927 -0.258814
vn 0.000000 0.965927 -0.258814
vn 0.065740 0.997837 0.000000
vn 0.000000 0.965927 0.258814
vn 0.000000 0.965927 0.258814
vn 1.000000 0.000000 0.000000
vn 1.000000 0.000000 0.000000
vn 1.000000 0.000000 -0.000000
vn 1.000000 0.000000 0.000000
vn 1.000000 0.000000 -0.000003
vn 1.000000 0.000000 -0.000003
vn 1.000000 0.000000 0.000000
vn 1.000000 0.000000 0.000003
vn 1.000000 0.000000 0.000003
vn 1.000000 0.000000 0.000000
vn 1.000000 0.000000 0.000000
vn 1.000000 0.000000 0.000000
vn 1.000000 0.000000 0.000000
vn 0.200856 0.848378 0.489809
vn 0.200854 0.979621 0.000000
vn 0.200853 0.848377 -0.489811
vn 0.200852 0.489806 -0.848380
vn 0.200851 -0.000000 -0.979622
vn 0.200850 -0.489808 -0.848379
vn 0.200852 -0.848377 -0.489811
vn 0.200854 -0.979621 -0.000000
vn 0.200854 -0.848378 0.489809
vn 0.200852 -0.489808 0.848379
vn 0.200852 0.000000 0.979622
vn 0.200855 0.489807 0.848379
vn 1.000000 -0.000002 0.000000
vn 1.000000 0.000000 0.000000
vn 1.000000 0.000000 0.000000
vn 1.000000 -0.000002 0.000000
vn 1.000000 0.000000 0.000000
vn 1.000000 0.000000 0.000000
vn 1.000000 0.000000 0.000000
vn 1.000000 0.000000 0.000000
vn 1.000000 0.000002 0.000000
vn 1.000000 0.000002 0.000000
vn 1.000000 0.000005 0.000000
vn 1.000000 0.000005 0.000000
vn 1.000000 0.000002 0.000000
vn 1.000000 0.000002 0.000000
vn 1.000000 0.000000 0.000000
vn 1.000000 0.000000 0.000000
vn 1.000000 -0.000002 0.000000
vn 1.000000 -0.000002 0.000000
vn 1.000000 -0.000002 0.000000
vn 1.000000 -0.000002 0.000000
vn 1.000000 -0.000002 0.000000
vn 1.000000 -0.000002 0.000000
vn 1.000000 -0.000005 0.000000
vn 1.000000 -0.000005 0.000000
vn 0.324094 -0.819281 -0.473013
vn 0.324103 -0.473011 -0.819279
vn 0.324103 -0.473010 -0.819279
vn 0.324094 -0.819281 -0.473014
vn 0.324100 0.000002 -0.946023
vn 0.324100 0.000001 -0.946023
vn 0.324088 0.473012 -0.819284
vn 0.324088 0.473018 -0.819281
vn 0.324067 0.819291 -0.473015
vn 0.324067 0.819294 -0.473008
vn 0.324059 0.946037 0.000000
vn 0.324059 0.946037 0.000000
vn 0.324061 0.819291 0.473019
vn 0.324061 0.819293 0.473016
vn 0.324075 0.473017 0.819287
vn 0.324075 0.473019 0.819285
vn 0.324086 0.000001 0.946028
vn 0.324086 0.000001 0.946028
vn 0.324092 -0.473016 0.819280
vn 0.324092 -0.473012 0.819282
vn 0.324088 -0.819283 0.473013
vn 0.324088 -0.819280 0.473018
vn 0.324086 -0.946028 -0.000000
vn 0.324086 -0.946028 -0.000000
vn 0.000000 0.000000 -1.000000
vn 0.000000 0.000000 -1.000000
vn 0.000000 0.000000 -1.000000
vn 0.000000 0.000000 -1.000000
vn 0.000000 1.000000 0.000000
vn 0.000000 1.000000 0.000000
vn 0.000000 1.000000 0.000000
vn 0.000000 1.000000 0.000000
vn 0.000000 0.000000 1.000000
vn 0.000000 0.000000 1.000000
vn 0.000000 0.000000 1.000000
vn 0.000000 0.000000 1.000000
vn 0.000000 -1.000000 0.000000
vn 0.000000 -1.000000 0.000000
vn 0.000000 -1.000000 0.000000
vn 0.000000 -1.000000 0.000000
vn -1.000000 0.000000 0.000000
vn -1.000000 0.000000 0.000000
vn -1.000000 0.000000 0.000000
vn -1.000000 0.000000 0.000000
vn 0.000000 0.000000 -1.000000
vn 0.000000 0.000000 -1.000000
vn 0.000000 0.000000 -1.000000
vn 0.000000 0.000000 -1.000000
vn 0.000000 1.000000 0.000000
vn 0.000000 1.000000 0.000000
vn 0.000000 1.000000 0.000000
vn 0.000000 1.000000 0.000000
vn 0.000000 0.000000 1.000000
vn 0.000000 0.000000 1.000000
vn 0.000000 0.000000 1.000000
vn 0.000000 0.000000 1.000000
vn 0.000000 -1.000000 0.000000
vn 0.000000 -1.000000 0.000000
vn 0.000000 -1.000000 0.000000
vn 0.000000 -1.000000 0.000000
vn -1.000000 0.000000 0.000000
vn -1.000000 0.000000 0.000000
vn -1.000000 0.000000 0.000000
vn -1.000000 0.000000 0.000000
vn 0.000000 1.000000 0.000000
vn 0.000000 1.000000 0.000000
vn 0.000000 1.000000 0.000000
vn 0.000000 1.000000 0.000000
vn 0.000000 0.000000 1.000000
vn 0.000000 0.000000 1.000000
vn 0.000000 0.000000 1.000000
vn 0.000000 0.000000 1.000000
vn 0.000000 -1.000000 0.000000
vn 0.000000 -1.000000 0.000000
vn 0.000000 -1.000000 0.000000
vn 0.000000 -1.000000 0.000000
vn -1.000000 0.000000 0.000000
vn -1.000000 0.000000 0.000000
vn -1.000000 0.000000 0.000000
vn -1.000000 0.000000 0.000000
vn 1.000000 0.000000 0.000000
vn 1.000000 0.000000 0.000000
vn 1.000000 0.000000 0.000000
vn 1.000000 0.000000 0.000000
vn 0.000000 -0.707120 -0.707093
vn 0.000000 -0.707120 -0.707093
vn 0.000000 -0.707120 -0.707093
vn 0.000000 -0.707120 -0.707093
vn 0.000000 0.707097 -0.707116
vn 0.000000 0.707097 -0.707116
vn 0.000000 0.707097 -0.707116
vn 0.000000 0.707097 -0.707116
vn 0.000000 0.707100 0.707114
vn 0.000000 0.707100 0.707114
vn 0.000000 0.707100 0.707114
vn 0.000000 0.707100 0.707114
vn 0.000000 -0.707123 0.707090
vn 0.000000 -0.707123 0.707090
vn 0.000000 -0.707123 0.707090
vn 0.000000 -0.707123 0.707090
vn 0.000000 -1.000000 0.000000
vn 0.000000 -1.000000 0.000000
vn 0.000000 -1.000000 0.000000
vn 0.000000 -1.000000 0.000000
vn -1.000000 0.000000 0.000000
vn -1.000000 0.000000 0.000000
vn -1.000000 0.000000 0.000000
vn -1.000000 0.000000 0.000000
vn 0.000000 1.000000 0.000000
vn 0.000000 1.000000 0.000000
vn 0.000000 1.000000 0.000000
vn 0.000000 1.000000 0.000000
vn 1.000000 0.000000 0.000000
vn 1.000000 0.000000 0.000000
vn 1.000000 0.000000 0.000000
vn 1.000000 0.000000 0.000000
vn -1.000000 0.000000 0.000000
vn -1.000000 0.000000 0.000000
vn 1.000000 0.000000 0.000000
vn 1.000000 0.000000 0.000000
vn 0.000000 0.000000 -1.000000
vn 0.000000 0.000000 -1.000000
vn 0.000000 0.000000 -1.000000
vn 0.000000 0.000000 -1.000000
vn 0.000000 1.000000 0.000000
vn 0.000000 1.000000 0.000000
vn 0.000000 1.000000 0.000000
vn 0.000000 1.000000 0.000000
vn 0.000000 0.000000 1.000000
vn 0.000000 0.000000 1.000000
vn 0.000000 0.000000 1.000000
vn 0.000000 0.000000 1.000000
vn 0.000000 -1.000000 0.000000
vn 0.000000 -1.000000 0.000000
vn 0.000000 -1.000000 0.000000
vn 0.000000 -1.000000 0.000000
vn -1.000000 0.000000 0.000000
vn -1.000000 0.000000 0.000000
vn -1.000000 0.000000 0.000000
vn -1.000000 0.000000 0.000000
vn -0.000063 -1.000000 0.000156
vn 0.000000 -1.000000 0.000000
vn 0.148397 -0.988928 0.000000
vn 0.136529 -0.990636 0.000167
vn -0.000064 1.000000 0.000157
vn 0.136535 0.990635 0.000168
vn 0.148403 0.988927 -0.000000
vn 0.000000 1.000000 -0.000000
vn 1.000000 0.000000 0.000000
vn 1.000000 0.000000 0.000000
vn 1.000000 0.000000 0.000000
vn 1.000000 0.000000 0.000000
vn -0.902625 0.000000 -0.430429
vn -0.902625 0.000000 -0.430429
vn -0.896511 0.000000 -0.443021
vn -0.896511 0.000000 -0.443021
vn 0.000006 -0.985002 0.172541
vn 0.000005 -0.985003 0.172539
vn 0.000003 -0.985003 0.172537
vn 0.000006 -0.985002 0.172541
vn -0.000003 0.984999 0.172558
vn -0.000002 0.984999 0.172560
vn -0.000002 0.984999 0.172559
vn -0.000003 0.984999 0.172558
vn 0.000024 -0.816995 0.576645
vn 0.000011 -0.816990 0.576652
vn 0.000013 -0.816990 0.576651
vn 0.000000 -0.816985 0.576658
vn 0.000000 0.817006 0.576629
vn -0.000003 0.817004 0.576632
vn -0.000004 0.817004 0.576633
vn -0.000007 0.817002 0.576635
vn 0.999997 -0.001738 -0.001748
vn 0.999999 -0.001098 -0.001103
vn 0.999987 -0.003602 -0.003618
vn 0.999987 -0.003602 -0.003618
vn 0.000000 -0.707090 0.707123
vn 0.000000 -0.707090 0.707123
vn 0.000000 -0.707090 0.707123
vn 0.000000 -0.707090 0.707123
vn 0.000000 1.000000 0.000000
vn 0.000000 1.000000 0.000000
vn 0.000000 1.000000 0.000000
vn 0.000000 1.000000 0.000000
vn 0.000000 0.707108 0.707105
vn 0.000000 0.707108 0.707105
vn 0.000000 0.707108 0.707105
vn 0.000000 0.707108 0.707105
vn 0.000000 0.000000 1.000000
vn 0.000000 0.000000 1.000000
vn 0.000000 0.000000 1.000000
vn 0.000000 0.000000 1.000000
vn 0.000000 -0.707108 0.707105
vn 0.000000 -0.707108 0.707105
vn 0.000000 -0.707108 0.707105
vn 0.000000 -0.707108 0.707105
vn 0.000000 -1.000000 0.000000
vn 0.000000 -1.000000 0.000000
vn 0.000000 -1.000000 0.000000
vn 0.000000 -1.000000 0.000000
vn 0.000000 0.000000 1.000000
vn 0.000000 0.000000 1.000000
vn 0.000000 0.000000 1.000000
vn 0.000000 0.000000 1.000000
vn 0.000000 0.707108 0.707106
vn 0.000000 0.707108 0.707106
vn 0.000000 0.707108 0.707106
vn 0.000000 0.707108 0.707106
vn 0.000000 0.000000 -1.000000
vn 0.000000 0.000000 -1.000000
vn 0.000000 0.000000 -1.000000
vn 0.000000 0.000000 -1.000000
vn 0.000000 0.984999 0.172559
vn 0.000000 0.984999 0.172559
vn 0.000000 0.984999 0.172559
vn 0.000000 0.984999 0.172559
vn 0.000000 0.707108 0.707105
vn 0.000000 0.707108 0.707105
vn 0.000000 0.707108 0.707105
vn 0.000000 0.707108 0.707105
vn 0.000000 0.000000 1.000000
vn 0.000000 0.000000 1.000000
vn 0.000000 0.000000 1.000000
vn 0.000000 0.000000 1.000000
vn 0.000000 -0.707090 0.707123
vn 0.000000 -0.707090 0.707123
vn 0.000000 -0.707090 0.707123
vn 0.000000 -0.707090 0.707123
vn 0.000000 -0.985003 0.172539
vn 0.000000 -0.985003 0.172539
vn 0.000000 -0.985003 0.172539
vn 0.000000 -0.985003 0.172539
vn 0.000000 0.000000 1.000000
vn 0.000000 0.000000 1.000000
vn 0.000000 0.000000 1.000000
vn 0.000000 0.000000 1.000000
vn -1.000000 0.000000 0.001003
vn -1.000000 0.000000 0.001003
vn -1.000000 0.000000 0.001003
vn -1.000000 0.000000 0.001003
vn 0.392464 -0.919767 0.000000
vn 0.392464 -0.919767 0.000000
vn 0.392479 0.919761 0.000000
vn 0.392479 0.919761 0.000000
vn 1.000000 0.000000 0.000000
vn 1.000000 0.000000 0.000000
vn -0.004057 -0.999942 0.010004
vn -0.004090 0.999941 0.010085
vn 0.735424 0.000000 0.677607
vn 0.735424 0.000000 0.677607
vn 0.735424 0.000000 0.677607
vn 0.735424 0.000000 0.677607
vn 0.606692 -0.619226 0.498482
vn 0.606692 -0.619226 0.498482
vn 0.606692 -0.619226 0.498482
vn 0.606692 -0.619226 0.498482
vn 0.606692 0.619236 0.498468
vn 0.606692 0.619236 0.498468
vn 0.606692 0.619236 0.498468
vn 0.606692 0.619236 0.498468
vn 0.999987 0.003617 -0.003623
vn 0.999987 0.003617 -0.003623
vn 0.999999 0.001101 -0.001103
vn 0.999997 0.001740 -0.001746
vn 1.000000 -0.000001 0.000000
vn 1.000000 0.000001 0.000000
vn 1.000000 0.000001 0.000000
vn 1.000000 0.000000 0.000000
vn 1.000000 0.000000 0.000000
vn 1.000000 0.000001 0.000000
vn 1.000000 0.000000 0.000000
vn 1.000000 0.000000 0.000000
vn 1.000000 0.000000 0.000000
vn 1.000000 0.000000 0.000000
vn 1.000000 0.000000 0.000000
vn 1.000000 0.000000 0.000000
vn 1.000000 0.000000 0.000000
vn 1.000000 0.000000 0.000000
vn -1.000000 0.000000 0.000000
vn -1.000000 0.000001 0.000000
vn -1.000000 0.000001 0.000000
vn -1.000000 0.000000 0.000000
vn -1.000000 -0.000001 0.000000
vn -1.000000 -0.000000 0.000000
vn -1.000000 0.000001 0.000000
vn -1.000000 0.000000 0.000000
vn -1.000000 0.000000 0.000000
vn -1.000000 0.000000 0.000000
vn -1.000000 0.000000 0.000000
vn -1.000000 0.000000 0.000000
vn 0.000000 0.984999 0.172562
vn 0.000000 -0.985004 0.172533
vn -0.895981 0.000000 -0.444093
vn -0.895981 0.000000 -0.444093
vn 0.706981 -0.000436 -0.707232
vn 0.706981 -0.000436 -0.707232
vn 0.706981 -0.000436 -0.707232
vn 0.706981 -0.000436 -0.707232
vn 0.706983 0.000440 -0.707230
vn 0.706983 0.000440 -0.707230
vn 0.706983 0.000440 -0.707230
vn 0.706983 0.000440 -0.707230
vn 0.001555 0.000283 -0.999999
vn 0.001515 -0.000255 -0.999999
vn 0.001553 0.000249 -0.999999
vn 0.001555 0.000283 -0.999999
vn 0.001508 -0.000355 -0.999999
vn 0.001508 -0.000355 -0.999999
vn 0.000000 0.707106 0.707108
vn 0.000000 0.707106 0.707108
vn 0.065740 0.498916 0.864153
vn 0.065740 0.864153 0.498916
vn 0.000000 0.258815 0.965927
vn 0.000000 0.258815 0.965927
vn 0.065739 -0.000000 0.997837
vn 0.000000 -0.258815 0.965927
vn 0.000000 -0.258815 0.965927
vn 0.065739 -0.498916 0.864154
vn 0.000000 -0.707106 0.707108
vn 0.000000 -0.707106 0.707108
vn 0.065739 -0.864152 0.498918
vn 0.000000 -0.965926 0.258819
vn 0.000000 -0.965926 0.258819
vn 0.065740 -0.997837 -0.000000
vn 0.000000 -0.965926 -0.258820
vn 0.000000 -0.965926 -0.258820
vn 0.065739 -0.864151 -0.498920
vn 0.000000 -0.707103 -0.707110
vn 0.000000 -0.707103 -0.707110
vn 0.065739 -0.498916 -0.864154
vn 0.000000 -0.258820 -0.965926
vn 0.000000 -0.258820 -0.965926
vn 0.065739 0.000000 -0.997837
vn 0.000000 0.258820 -0.965926
vn 0.000000 0.258820 -0.965926
vn 0.065739 0.498916 -0.864153
vn 0.000000 0.707104 -0.707110
vn 0.000000 0.707104 -0.707110
vn 0.065740 0.864152 -0.498918
vn 0.000000 0.965927 -0.258815
vn 0.000000 0.965927 -0.258815
vn 0.065740 0.997837 0.000000
vn 0.000000 0.965927 0.258814
vn 0.000000 0.965927 0.258814
vn 1.000000 0.000000 0.000000
vn 1.000000 0.000005 0.000000
vn 1.000000 0.000002 0.000000
vn 1.000000 0.000009 0.000000
vn 1.000000 0.000005 -0.000005
vn 1.000000 0.000000 -0.000005
vn 1.000000 0.000000 0.000000
vn 1.000000 -0.000002 0.000005
vn 1.000000 0.000002 0.000005
vn 1.000000 0.000005 0.000000
vn 1.000000 0.000000 0.000000
vn 1.000000 0.000000 0.000000
vn 1.000000 0.000000 0.000000
vn 0.200854 0.848378 0.489809
vn 0.200853 0.979621 -0.000000
vn 0.200854 0.848377 -0.489810
vn 0.200853 0.489807 -0.848379
vn 0.200852 0.000000 -0.979622
vn 0.200851 -0.489808 -0.848379
vn 0.200852 -0.848378 -0.489810
vn 0.200853 -0.979621 -0.000000
vn 0.200852 -0.848378 0.489809
vn 0.200852 -0.489809 0.848378
vn 0.200853 0.000000 0.979621
vn 0.200854 0.489807 0.848379
vn 1.000000 -0.000001 0.000000
vn 1.000000 -0.000001 0.000000
vn 1.000000 -0.000001 0.000000
vn 1.000000 -0.000001 0.000000
vn 1.000000 0.000000 0.000000
vn 1.000000 0.000000 0.000000
vn 1.000000 0.000000 0.000000
vn 1.000000 0.000000 0.000000
vn 1.000000 0.000001 0.000000
vn 1.000000 0.000001 0.000000
vn 1.000000 0.000001 0.000000
vn 1.000000 0.000001 0.000000
vn 1.000000 0.000001 0.000000
vn 1.000000 0.000001 0.000000
vn 1.000000 0.000001 0.000000
vn 1.000000 0.000001 0.000000
vn 1.000000 0.000000 0.000000
vn 1.000000 0.000000 0.000000
vn 1.000000 0.000000 0.000000
vn 1.000000 0.000000 0.000000
vn 1.000000 -0.000001 0.000000
vn 1.000000 -0.000001 0.000000
vn 1.000000 -0.000001 0.000000
vn 1.000000 -0.000001 0.000000
vn 0.324085 -0.819286 -0.473011
vn 0.324091 -0.473017 -0.819280
vn 0.324091 -0.473016 -0.819281
vn 0.324085 -0.819283 -0.473016
vn 0.324086 -0.000001 -0.946028
vn 0.324086 -0.000001 -0.946028
vn 0.324078 0.473013 -0.819287
vn 0.324078 0.473019 -0.819284
vn 0.324060 0.819293 -0.473016
vn 0.324060 0.819295 -0.473012
vn 0.324054 0.946039 0.000000
vn 0.324054 0.946039 0.000000
vn 0.324065 0.819287 0.473022
vn 0.324065 0.819293 0.473012
vn 0.324079 0.473011 0.819288
vn 0.324079 0.473013 0.819288
vn 0.324082 -0.000002 0.946029
vn 0.324082 -0.000003 0.946029
vn 0.324088 -0.473019 0.819281
vn 0.324088 -0.473013 0.819284
vn 0.324088 -0.819283 0.473015
vn 0.324088 -0.819283 0.473014
vn 0.324080 -0.946030 -0.000000
vn 0.324080 -0.946030 -0.000000
vn 0.707069 0.500032 -0.500020
vn 0.707069 0.500032 -0.500020
vn 0.707069 0.500033 -0.500020
vn 0.707069 0.500033 -0.500020
vn 0.000000 -0.063039 -0.998011
vn 0.000000 -0.063039 -0.998011
vn 0.000000 -0.063039 -0.998011
vn 0.000000 -0.063039 -0.998011
vn -0.707142 0.499972 -0.499978
vn -0.707142 0.499972 -0.499978
vn -0.707142 0.499972 -0.499978
vn -0.707142 0.499972 -0.499978
vn 0.000000 0.998012 0.063032
vn 0.000000 0.998012 0.063032
vn 0.000000 0.998012 0.063032
vn 0.000000 0.998012 0.063032
vn 0.000000 -0.707108 -0.707105
vn 0.000000 -0.707108 -0.707105
vn 0.000000 -0.707108 -0.707105
vn 0.000000 -0.707108 -0.707105
vn 0.000000 0.707107 -0.707107
vn 0.000000 0.707107 -0.707107
vn 0.000000 0.707107 -0.707107
vn 0.000000 0.707107 -0.707107
vn 0.000000 0.707105 0.707108
vn 0.000000 0.707105 0.707108
vn 0.000000 0.707105 0.707108
vn 0.000000 0.707105 0.707108
vn -1.000000 0.000000 0.000000
vn -1.000000 0.000000 0.000000
vn -1.000000 0.000000 0.000000
vn -1.000000 0.000000 0.000000
vn 1.000000 -0.000003 0.000000
vn 1.000000 -0.000003 0.000000
vn 1.000000 -0.000003 0.000000
vn 1.000000 -0.000003 0.000000
vn 0.707123 0.499986 -0.499991
vn 0.707123 0.499986 -0.499991
vn 0.707123 0.499986 -0.499991
vn 0.707123 0.499987 -0.499991
vn 0.000000 -0.063039 -0.998011
vn 0.000000 -0.063039 -0.998011
vn 0.000000 -0.063039 -0.998011
vn 0.000000 -0.063039 -0.998011
vn -0.707045 0.500044 -0.500044
vn -0.707045 0.500043 -0.500043
vn -0.707045 0.500043 -0.500043
vn -0.707045 0.500043 -0.500043
vn 0.000000 0.998011 0.063040
vn 0.000000 0.998011 0.063040
vn 0.000000 0.998011 0.063040
vn 0.000000 0.998011 0.063040
vn 0.000000 -0.707109 -0.707104
vn 0.000000 -0.707109 -0.707104
vn 0.000000 -0.707109 -0.707104
vn 0.000000 -0.707109 -0.707104
vn 0.000000 0.707105 -0.707108
vn 0.000000 0.707105 -0.707108
vn 0.000000 0.707105 -0.707108
vn 0.000000 0.707105 -0.707108
vn 0.000000 0.707104 0.707109
vn 0.000000 0.707104 0.707109
vn 0.000000 0.707104 0.707109
vn 0.000000 0.707104 0.707109
vn -1.000000 -0.000003 0.000000
vn -1.000000 -0.000003 0.000000
vn -1.000000 -0.000003 0.000000
vn -1.000000 -0.000003 0.000000
vn 1.000000 0.000003 0.000000
vn 1.000000 0.000003 0.000000
vn 1.000000 0.000003 0.000000
vn 1.000000 0.000003 0.000000
vn -0.577380 0.577342 0.577329
vn -0.577380 0.577342 0.577329
vn -0.577380 0.577342 0.577329
vn 0.581668 0.575178 0.575181
vn 0.581668 0.575178 0.575181
vn 0.581668 0.575178 0.575181
vn -0.577380 -0.577342 0.577329
vn -0.577380 -0.577342 0.577329
vn -0.577380 -0.577342 0.577329
vn 0.581664 -0.575180 0.575182
vn 0.581664 -0.575180 0.575182
vn 0.581664 -0.575180 0.575182
vn -1.000000 0.000000 0.000000
vn -1.000000 0.000000 0.000000
vn -1.000000 0.000000 0.000000
vn 0.000819 -1.000000 0.000370
vn 0.000694 -1.000000 -0.000008
vn 0.000755 -1.000000 0.000472
vn 0.000755 -1.000000 0.000472
vn 0.000820 1.000000 0.000371
vn 0.000694 1.000000 -0.000008
vn 0.000633 1.000000 -0.000488
vn 0.001446 0.999999 -0.000227
vn -1.000000 0.000000 0.000000
vn -1.000000 0.000000 0.000000
vn -1.000000 0.000000 0.000000
vn -1.000000 0.000000 0.000000
vn 0.707106 0.000000 0.707108
vn 0.707106 0.000000 0.707108
vn 0.707106 0.000000 0.707108
vn 0.707106 0.000000 0.707108
vn -1.000000 0.000013 0.000000
vn -1.000000 0.000001 0.000000
vn 0.000000 -1.000000 0.000000
vn 0.000000 -1.000000 0.000000
vn 0.000000 -1.000000 0.000000
vn 0.000000 -1.000000 0.000000
vn -0.707099 0.707114 0.000000
vn -0.707099 0.707114 0.000000
vn -0.707099 0.707114 0.000000
vn -0.707099 0.707114 0.000000
vn 0.002205 -0.264429 -0.964403
vn 0.002205 -0.264429 -0.964403
vn 0.002205 -0.264429 -0.964403
vn 0.002205 -0.264429 -0.964403
vn 0.554024 -0.266686 -0.788630
vn 0.554024 -0.266686 -0.788630
vn 0.554024 -0.266686 -0.788630
vn 0.554024 -0.266686 -0.788630
vn 0.960810 -0.267579 -0.072421
vn 0.902780 -0.266678 -0.337448
vn 0.902780 -0.266678 -0.337448
vn 0.960809 -0.267579 -0.072435
vn 0.964406 -0.264425 0.000671
vn 0.964406 -0.264425 0.000671
vn 0.000000 0.000000 1.000000
vn 0.000000 0.000000 1.000000
vn 0.000000 0.000000 1.000000
vn 0.000000 0.000000 1.000000
vn -0.707140 0.000000 0.707074
vn -0.707139 0.000000 0.707075
vn -0.707137 0.000000 0.707077
vn -0.707138 0.000000 0.707076
vn -0.707138 0.000000 0.707075
vn 0.000000 -0.707106 0.707108
vn 0.000000 -0.707106 0.707108
vn 0.000000 -0.707106 0.707108
vn 0.000000 -0.707106 0.707108
vn 0.999999 -0.001049 0.001003
vn 1.000000 -0.000315 0.000302
vn 0.999999 -0.001193 0.001141
vn 0.999999 -0.001193 0.001141
vn 0.074035 -0.965845 -0.248321
vn 0.000000 -0.962220 -0.272272
vn 0.000000 -0.962220 -0.272272
vn 0.075923 -0.965860 -0.247689
vn 0.229256 -0.959533 -0.163519
vn 0.205280 -0.961609 -0.182122
vn 0.354104 -0.934997 -0.019767
vn 0.338681 -0.939858 -0.044285
vn 0.366451 -0.930437 0.000233
vn 0.366451 -0.930437 0.000233
vn 0.000000 0.707107 0.707107
vn 0.000000 0.707107 0.707107
vn 0.000000 0.707107 0.707107
vn 0.000000 0.707107 0.707107
vn 0.000000 -1.000000 0.000000
vn 0.000000 -1.000000 0.000000
vn 0.000000 -1.000000 0.000000
vn 0.000000 -1.000000 0.000000
vn 0.707116 -0.499996 -0.499992
vn 0.707116 -0.499996 -0.499992
vn 0.707116 -0.499996 -0.499992
vn 0.707116 -0.499996 -0.499992
vn 1.000000 0.000001 0.000000
vn 0.959625 0.271508 -0.073511
vn 0.963025 0.269410 -0.000816
vn 0.963025 0.269410 -0.000816
vn 0.959626 0.271508 -0.073495
vn 0.902779 0.266680 -0.337449
vn 0.902779 0.266680 -0.337449
vn 0.554025 0.266686 -0.788629
vn 0.554025 0.266686 -0.788629
vn 0.554025 0.266686 -0.788629
vn 0.554025 0.266686 -0.788629
vn 0.002329 0.264302 -0.964437
vn 0.002329 0.264302 -0.964437
vn 0.002329 0.264302 -0.964437
vn 0.002329 0.264302 -0.964437
vn 0.000000 0.000000 1.000000
vn 0.000000 0.000000 1.000000
vn 0.000000 0.000000 1.000000
vn 0.000000 0.000000 1.000000
vn -0.707142 -0.707072 0.000000
vn -0.707142 -0.707072 0.000000
vn -0.707142 -0.707072 0.000000
vn -0.707142 -0.707072 0.000000
vn 0.000000 -0.707125 -0.707088
vn 0.000000 -0.707125 -0.707088
vn 0.000000 -0.707125 -0.707088
vn 0.000000 -0.707125 -0.707088
vn 1.000000 0.000000 0.000000
vn 0.996124 0.000000 -0.087966
vn 0.996124 0.000000 -0.087966
vn 1.000000 0.000000 0.000000
vn 0.707120 0.000000 -0.707093
vn 0.707120 0.000000 -0.707093
vn 0.707120 0.000000 -0.707093
vn 0.707120 0.000000 -0.707093
vn 1.000000 0.000000 0.000000
vn 1.000000 0.000303 0.000289
vn 0.000000 0.000000 -1.000000
vn 0.000000 0.000000 -1.000000
vn 0.000000 0.000000 -1.000000
vn 0.000000 0.000000 -1.000000
vn 0.574851 0.000000 -0.818258
vn 0.574851 0.000000 -0.818258
vn 0.574851 0.000000 -0.818258
vn 0.574851 0.000000 -0.818258
vn 0.936701 0.000000 -0.350132
vn 0.936701 0.000000 -0.350132
vn 0.707098 0.500012 -0.500000
vn 0.707098 0.500012 -0.500000
vn 0.707098 0.500012 -0.500000
vn 0.707098 0.500012 -0.500000
vn 0.000000 0.707116 -0.707098
vn 0.000000 0.707116 -0.707098
vn 0.000000 0.707116 -0.707098
vn 0.000000 0.707116 -0.707098
vn -0.707144 0.707070 0.000000
vn -0.707144 0.707070 0.000000
vn -0.707144 0.707070 0.000000
vn -0.707144 0.707070 0.000000
vn -0.707139 0.707075 0.000000
vn -0.707139 0.707075 0.000000
vn -0.707139 0.707075 0.000000
vn -0.707139 0.707075 0.000000
vn 0.578003 0.000000 0.816034
vn 0.578005 0.000000 0.816033
vn 0.578006 0.000000 0.816033
vn 0.578006 0.000000 0.816032
vn 0.578005 0.000000 0.816033
vn 0.000000 -0.885349 -0.464928
vn -0.005740 -0.884180 -0.467112
vn -0.005929 -0.880450 -0.474102
vn 0.000000 -0.885349 -0.464928
vn -1.000000 0.000000 0.000000
vn -1.000000 0.000000 0.000000
vn -0.707131 -0.499988 -0.499977
vn -0.707131 -0.499988 -0.499977
vn -0.707131 -0.499988 -0.499977
vn -0.707131 -0.499988 -0.499977
vn 0.000000 0.000000 -1.000000
vn 0.000000 0.000000 -1.000000
vn 0.000000 0.000000 -1.000000
vn 0.000000 0.000000 -1.000000
vn 0.999999 0.001145 0.001095
vn 0.999999 0.001145 0.001095
vn 0.999999 0.001007 0.000963
vn 0.355742 0.934364 -0.020307
vn 0.368529 0.929616 -0.000286
vn 0.368529 0.929616 -0.000286
vn 0.339838 0.939419 -0.044748
vn 0.229255 0.959533 -0.163519
vn 0.205279 0.961609 -0.182122
vn 0.074035 0.965845 -0.248320
vn 0.075923 0.965861 -0.247687
vn -0.707119 0.499994 -0.499989
vn -0.707119 0.499994 -0.499989
vn -0.707119 0.499994 -0.499989
vn -0.707119 0.499994 -0.499990
vn -1.000000 0.000002 0.000000
vn -1.000000 0.000000 0.000000
vn -1.000000 0.000000 0.000000
vn 0.000000 0.885359 -0.464908
vn 0.000000 0.885359 -0.464908
vn -0.005927 0.880462 -0.474079
vn -0.005738 0.884189 -0.467095
vn 1.000000 0.000000 0.000000
vn 1.000000 0.000000 0.000000
vn 1.000000 0.000000 0.000000
vn 1.000000 0.000000 0.000000
vn 0.000000 -0.980750 -0.195270
vn -0.003909 -0.995443 -0.095275
vn -0.030375 -0.891185 -0.452622
vn 0.000000 0.000000 -1.000000
vn -0.034466 0.000000 -0.999406
vn -0.034467 0.000000 -0.999406
vn 0.000000 0.000000 -1.000000
vn -0.707139 0.000000 -0.707075
vn -0.707139 0.000000 -0.707075
vn -0.707139 0.000000 -0.707075
vn -0.707139 0.000000 -0.707075
vn -0.030360 0.891183 -0.452627
vn -0.003907 0.995443 -0.095284
vn 0.000000 0.980745 -0.195295
vn 1.000000 0.000000 0.000000
vn 1.000000 0.000000 0.000000
vn 1.000000 0.000000 0.000000
vn 0.000000 -0.995485 0.094919
vn 0.000000 -0.960723 0.277510
vn 0.000000 -0.960723 0.277510
vn 0.000000 -0.995485 0.094919
vn -0.290727 -0.030521 -0.956319
vn -0.290728 0.030522 -0.956319
vn 0.000000 0.995484 0.094929
vn 0.000000 0.995484 0.094929
vn 0.000000 0.960715 0.277536
vn 0.000000 0.960715 0.277536
vn 0.000000 0.000000 1.000000
vn 0.000000 0.000000 1.000000
vn 0.000000 0.000000 1.000000
vn 0.000000 0.000000 1.000000
vn 0.000000 -0.510624 0.859804
vn 0.000000 -0.510624 0.859804
vn 0.000000 -0.510624 0.859804
vn 0.000000 -0.510624 0.859804
vn -0.997775 -0.000007 -0.066674
vn -1.000000 -0.000009 0.000000
vn -1.000000 -0.000003 0.000000
vn -0.995882 -0.000000 -0.090658
vn -0.929106 0.000000 -0.369815
vn -0.997775 0.000007 -0.066673
vn -0.929105 0.000000 -0.369815
vn -0.582456 -0.173402 -0.794152
vn -0.582460 0.173396 -0.794150
vn -1.000000 0.000003 0.000000
vn -1.000000 0.000009 0.000000
vn 0.000000 0.510641 0.859794
vn 0.000000 0.510641 0.859794
vn 0.000000 0.510641 0.859794
vn 0.000000 0.510641 0.859794
vn -0.707101 -0.707113 0.000000
vn -0.707101 -0.707113 0.000000
vn -0.707101 -0.707113 0.000000
vn -0.707101 -0.707113 0.000000
vn 1.000000 0.000000 0.000000
vn 1.000000 0.000000 0.000000
vn 1.000000 0.000000 0.000000
vn 1.000000 0.000000 0.000000
vn 0.000000 0.707137 0.707077
vn 0.000000 0.707136 0.707077
vn 0.000000 0.707136 0.707077
vn 0.000000 0.707137 0.707077
vn -1.000000 0.000000 0.000000
vn -1.000000 0.000000 0.000000
vn -1.000000 0.000000 0.000000
vn -1.000000 0.000000 0.000000
vn 0.000000 0.707137 -0.707077
vn 0.000000 0.707136 -0.707077
vn 0.000000 0.707136 -0.707077
vn 0.000000 0.707137 -0.707077
vn 0.707094 0.707120 0.000000
vn 0.707094 0.707120 0.000000
vn 0.707094 0.707120 0.000000
vn 0.707094 0.707120 0.000000
vn 0.000000 1.000000 0.000000
vn 0.000000 1.000000 0.000000
vn 0.000000 1.000000 0.000000
vn 0.000000 1.000000 0.000000
vn -0.999699 0.000000 -0.024521
vn -0.999699 0.000000 -0.024521
vn -0.999699 0.000000 -0.024521
vn -0.999699 0.000000 -0.024521
vn 0.718333 -0.695697 0.001780
vn 0.715364 -0.698749 0.002343
vn 0.706274 -0.707927 0.004053
vn 0.718568 0.695455 0.001735
vn 0.718267 0.695766 0.001791
vn 0.715318 0.698795 0.002332
vn 0.718568 0.695455 0.001735
vn -0.039517 -0.858413 -0.511435
vn -0.039501 0.858433 -0.511402
vn -0.568138 -0.464853 -0.679066
vn -0.568151 0.464837 -0.679067
vn 0.000000 1.000000 0.000000
vn 0.000000 1.000000 0.000000
vn 0.000000 1.000000 0.000000
vn 0.000000 1.000000 0.000000
vn 0.000000 0.000000 -1.000000
vn 0.000000 0.000000 -1.000000
vn 0.000000 0.000000 -1.000000
vn 0.000000 0.000000 -1.000000
vn 0.000000 0.000000 1.000000
vn 0.000000 0.000000 1.000000
vn 0.000000 0.000000 1.000000
vn 0.000000 0.000000 1.000000
vn 0.000000 1.000000 0.000000
vn 0.000000 1.000000 0.000000
vn 0.000000 1.000000 0.000000
vn 0.000000 1.000000 0.000000
vn 0.000000 0.000000 -1.000000
vn 0.000000 0.000000 -1.000000
vn -0.000001 0.000000 -1.000000
vn -0.000001 0.000000 -1.000000
vn 0.000000 0.000000 1.000000
vn 0.000000 0.000000 1.000000
vn 0.000000 0.000000 1.000000
vn 0.000000 0.000000 1.000000
vn -1.000000 0.000006 0.000000
vn -1.000000 0.000000 0.000000
vn -1.000000 0.000000 0.000000
vn 1.000000 0.000000 0.000000
vn 1.000000 0.000000 0.000000
vn 0.002731 -0.999996 0.000183
vn 0.001437 -0.999999 -0.000230
vn 0.000756 1.000000 0.000473
vn 0.000756 1.000000 0.000473
vn 0.002755 0.999996 0.000192
vn 0.000632 -1.000000 -0.000487
vn 0.706287 0.707915 0.003976
vn 0.718636 -0.695384 0.001722
vn 0.718636 -0.695384 0.001722
vn 0.707144 0.707070 0.000000
vn 0.707144 0.707070 0.000000
vn 0.707144 0.707070 0.000000
vn 0.707144 0.707070 0.000000
vn 0.000000 0.707108 -0.707105
vn 0.000000 0.707108 -0.707105
vn 0.000000 0.707108 -0.707105
vn 0.000000 0.707108 -0.707105
vn -0.707119 0.707094 0.000000
vn -0.707119 0.707095 0.000000
vn -0.707119 0.707094 0.000000
vn -0.707119 0.707094 0.000000
vn 0.000000 0.707069 0.707145
vn 0.000000 0.707069 0.707145
vn 0.000000 0.707069 0.707145
vn 0.000000 0.707069 0.707145
vn 0.000000 0.000000 -1.000000
vn 0.000000 0.000000 -1.000000
vn 0.000000 0.000000 -1.000000
vn 0.000000 0.000000 -1.000000
vn 0.000000 1.000000 0.000000
vn 0.000000 1.000000 0.000000
vn 0.000000 1.000000 0.000000
vn 0.000000 1.000000 0.000000
vn 0.000000 0.000000 1.000000
vn 0.000000 0.000000 1.000000
vn 0.000000 0.000000 1.000000
vn 0.000000 0.000000 1.000000
vn -1.000000 0.000000 0.000000
vn -1.000000 0.000000 0.000000
vn -1.000000 0.000000 0.000000
vn -1.000000 0.000000 0.000000
vn 1.000000 0.000000 0.000000
vn 1.000000 0.000000 0.000000
vn 1.000000 0.000000 0.000000
vn 1.000000 0.000000 0.000000
vn 0.707144 0.707070 0.000000
vn 0.707144 0.707070 0.000000
vn 0.707144 0.707070 0.000000
vn 0.707144 0.707070 0.000000
vn 0.000000 0.707105 -0.707108
vn 0.000000 0.707105 -0.707108
vn 0.000000 0.707105 -0.707108
vn 0.000000 0.707105 -0.707108
vn -0.707131 0.707082 0.000000
vn -0.707131 0.707082 0.000000
vn -0.707131 0.707082 0.000000
vn -0.707131 0.707082 0.000000
vn 0.000000 0.707067 0.707147
vn 0.000000 0.707067 0.707147
vn 0.000000 0.707067 0.707147
vn 0.000000 0.707067 0.707147
vn 0.000000 0.000000 -1.000000
vn 0.000000 0.000000 -1.000000
vn 0.000000 0.000000 -1.000000
vn 0.000000 0.000000 -1.000000
vn 0.000000 1.000000 0.000000
vn 0.000000 1.000000 0.000000
vn 0.000000 1.000000 0.000000
vn 0.000000 1.000000 0.000000
vn 0.000000 0.000000 1.000000
vn 0.000000 0.000000 1.000000
vn 0.000000 0.000000 1.000000
vn 0.000000 0.000000 1.000000
vn -1.000000 0.000000 0.000000
vn -1.000000 0.000000 0.000000
vn -1.000000 0.000000 0.000000
vn -1.000000 0.000000 0.000000
vn 1.000000 0.000000 0.000000
vn 1.000000 0.000000 0.000000
vn 1.000000 0.000000 0.000000
vn 1.000000 0.000000 0.000000
vn 0.707094 0.707119 0.000000
vn 0.707094 0.707119 0.000000
vn 0.707094 0.707119 0.000000
vn 0.707094 0.707119 0.000000
vn 0.000000 0.707110 -0.707104
vn 0.000000 0.707110 -0.707104
vn 0.000000 0.707110 -0.707104
vn 0.000000 0.707110 -0.707104
vn -0.707094 0.707119 0.000000
vn -0.707095 0.707119 0.000000
vn -0.707094 0.707119 0.000000
vn -0.707094 0.707119 0.000000
vn 0.000000 0.707070 0.707143
vn 0.000000 0.707070 0.707143
vn 0.000000 0.707070 0.707143
vn 0.000000 0.707070 0.707143
vn 0.000000 0.000000 -1.000000
vn 0.000000 0.000000 -1.000000
vn 0.000000 0.000000 -1.000000
vn 0.000000 0.000000 -1.000000
vn 0.000000 1.000000 0.000000
vn 0.000000 1.000000 0.000000
vn 0.000000 1.000000 0.000000
vn 0.000000 1.000000 0.000000
vn 0.000000 0.000000 1.000000
vn 0.000000 0.000000 1.000000
vn 0.000000 0.000000 1.000000
vn 0.000000 0.000000 1.000000
vn -1.000000 0.000000 0.000000
vn -1.000000 0.000000 0.000000
vn -1.000000 0.000000 0.000000
vn -1.000000 0.000000 0.000000
vn 1.000000 0.000000 0.000000
vn 1.000000 0.000000 0.000000
vn 1.000000 0.000000 0.000000
vn 1.000000 0.000000 0.000000
vn 0.000000 0.000000 -1.000000
vn 0.000000 0.000000 -1.000000
vn 0.000000 0.000000 -1.000000
vn 0.000000 0.000000 -1.000000
vn 0.000000 1.000000 0.000000
vn 0.000000 1.000000 0.000000
vn 0.000000 1.000000 0.000000
vn 0.000000 1.000000 0.000000
vn 0.000000 0.000000 1.000000
vn 0.000000 0.000000 1.000000
vn 0.000000 0.000000 1.000000
vn 0.000000 0.000000 1.000000
vn 0.000000 -1.000000 0.000000
vn 0.000000 -1.000000 0.000000
vn 0.000000 -1.000000 0.000000
vn 0.000000 -1.000000 0.000000
vn -1.000000 -0.000001 0.000000
vn -1.000000 -0.000001 0.000000
vn -1.000000 -0.000010 0.000000
vn -1.000000 -0.000010 0.000000
vn 1.000000 -0.000001 0.000000
vn 1.000000 -0.000001 0.000000
vn 1.000000 0.000000 0.000000
vn 1.000000 0.000000 0.000000
vn 0.000000 -0.707084 -0.707129
vn 0.000000 -0.707084 -0.707129
vn 0.000000 -0.707084 -0.707129
vn 0.000000 -0.707084 -0.707129
vn 0.000000 0.707085 -0.707129
vn 0.000000 0.707085 -0.707129
vn 0.000000 0.707085 -0.707129
vn 0.000000 0.707085 -0.707129
vn 0.000000 0.707117 0.707096
vn 0.000000 0.707117 0.707096
vn 0.000000 0.707117 0.707096
vn 0.000000 0.707117 0.707096
vn 0.000000 -0.707117 0.707097
vn 0.000000 -0.707117 0.707097
vn 0.000000 -0.707117 0.707097
vn 0.000000 -0.707117 0.707097
vn 0.000000 0.000000 -1.000000
vn 0.000000 0.000000 -1.000000
vn 0.000000 0.000000 -1.000000
vn 0.000000 0.000000 -1.000000
vn 0.000000 1.000000 0.000000
vn 0.000000 1.000000 0.000000
vn 0.000000 1.000000 0.000000
vn 0.000000 1.000000 0.000000
vn 0.000000 0.000000 1.000000
vn 0.000000 0.000000 1.000000
vn 0.000000 0.000000 1.000000
vn 0.000000 0.000000 1.000000
vn 0.000000 -1.000000 0.000000
vn 0.000000 -1.000000 0.000000
vn 0.000000 -1.000000 0.000000
vn 0.000000 -1.000000 0.000000
vn -1.000000 0.000000 0.000000
vn -1.000000 0.000000 0.000000
vn -1.000000 0.000001 0.000000
vn -1.000000 0.000001 0.000000
vn 1.000000 0.000000 0.000000
vn 1.000000 0.000000 0.000000
vn 1.000000 0.000000 0.000000
vn 1.000000 0.000000 0.000000
vn 0.000000 -0.707084 -0.707129
vn 0.000000 -0.707084 -0.707129
vn 0.000000 -0.707084 -0.707129
vn 0.000000 -0.707084 -0.707129
vn 0.000000 0.707085 -0.707129
vn 0.000000 0.707085 -0.707129
vn 0.000000 0.707085 -0.707129
vn 0.000000 0.707085 -0.707129
vn 0.000000 0.707117 0.707096
vn 0.000000 0.707117 0.707096
vn 0.000000 0.707117 0.707096
vn 0.000000 0.707117 0.707096
vn 0.000000 -0.707117 0.707097
vn 0.000000 -0.707117 0.707097
vn 0.000000 -0.707117 0.707097
vn 0.000000 -0.707117 0.707097
vn 0.000000 0.000000 -1.000000
vn 0.000000 0.000000 -1.000000
vn 0.000000 0.000000 -1.000000
vn 0.000000 0.000000 -1.000000
vn 0.000000 1.000000 0.000000
vn 0.000000 1.000000 0.000000
vn 0.000000 1.000000 0.000000
vn 0.000000 1.000000 0.000000
vn 0.000000 0.000000 1.000000
vn 0.000000 0.000000 1.000000
vn 0.000000 0.000000 1.000000
vn 0.000000 0.000000 1.000000
vn 0.000000 -1.000000 0.000000
vn 0.000000 -1.000000 0.000000
vn 0.000000 -1.000000 0.000000
vn 0.000000 -1.000000 0.000000
vn -1.000000 -0.000001 0.000000
vn -1.000000 -0.000001 0.000000
vn -1.000000 -0.000010 0.000000
vn -1.000000 -0.000010 0.000000
vn 1.000000 -0.000002 0.000000
vn 1.000000 -0.000002 0.000000
vn 1.000000 -0.000015 0.000000
vn 1.000000 -0.000015 0.000000
vn 0.000000 -0.707084 -0.707129
vn 0.000000 -0.707084 -0.707129
vn 0.000000 -0.707084 -0.707129
vn 0.000000 -0.707084 -0.707129
vn 0.000000 0.707085 -0.707129
vn 0.000000 0.707085 -0.707129
vn 0.000000 0.707085 -0.707129
vn 0.000000 0.707085 -0.707129
vn 0.000000 0.707117 0.707096
vn 0.000000 0.707117 0.707096
vn 0.000000 0.707117 0.707096
vn 0.000000 0.707117 0.707096
vn 0.000000 -0.707117 0.707097
vn 0.000000 -0.707117 0.707097
vn 0.000000 -0.707117 0.707097
vn 0.000000 -0.707117 0.707097
vn -1.000000 0.000000 0.000000
vn -1.000000 0.000000 0.000000
vn -1.000000 0.000000 0.000000
vn -1.000000 0.000000 0.000000
vn -1.000000 0.000003 0.000000
vn -1.000000 0.000020 0.000000
vn -1.000000 0.000020 0.000000
vn -1.000000 0.000003 0.000000
vn -1.000000 0.000010 0.000000
vn -1.000000 0.000010 0.000000
vn -1.000000 0.000000 0.000000
vn -1.000000 0.000000 0.000000
vn 1.000000 0.000000 0.000000
vn 1.000000 0.000000 0.000000
vn 1.000000 -0.000010 0.000000
vn 1.000000 -0.000010 0.000000
vn 1.000000 0.000001 0.000000
vn 1.000000 0.000001 0.000000
vn 1.000000 0.000010 0.000000
vn 1.000000 0.000010 0.000000
vn 1.000000 0.000003 0.000000
vn 1.000000 0.000003 0.000000
vn 1.000000 0.000020 0.000000
vn 1.000000 0.000020 0.000000
vn 0.000000 0.070917 -0.997482
vn 0.000000 0.070917 -0.997482
vn 0.000000 0.070917 -0.997482
vn 0.000000 0.070917 -0.997482
vn 0.000000 0.997478 0.070976
vn 0.000000 0.997478 0.070976
vn 0.000000 0.997478 0.070976
vn 0.000000 0.997478 0.070976
vn 0.000000 -0.070944 0.997480
vn 0.000000 -0.070944 0.997480
vn 0.000000 -0.070944 0.997480
vn 0.000000 -0.070944 0.997480
vn 0.000000 -0.997480 -0.070943
vn 0.000000 -0.997480 -0.070943
vn 0.000000 -0.997480 -0.070943
vn 0.000000 -0.997480 -0.070943
vn -1.000000 -0.000011 -0.000024
vn -1.000000 -0.000011 -0.000024
vn -1.000000 -0.000032 -0.000020
vn -1.000000 -0.000032 -0.000020
vn 0.000000 -0.655170 -0.755481
vn 0.000000 -0.655170 -0.755481
vn 0.000000 -0.655170 -0.755481
vn 0.000000 -0.655170 -0.755481
vn 0.000000 0.755479 -0.655173
vn 0.000000 0.755479 -0.655173
vn 0.000000 0.755479 -0.655173
vn 0.000000 0.755479 -0.655173
vn 0.000000 0.655152 0.755497
vn 0.000000 0.655152 0.755497
vn 0.000000 0.655152 0.755497
vn 0.000000 0.655152 0.755497
vn 0.000000 -0.755468 0.655185
vn 0.000000 -0.755468 0.655185
vn 0.000000 -0.755468 0.655185
vn 0.000000 -0.755468 0.655185
vn -1.000000 0.000001 -0.000024
vn -1.000000 0.000001 -0.000024
vn -1.000000 0.000026 -0.000016
vn -1.000000 0.000026 -0.000016
vn 0.000000 0.962221 -0.272270
vn 0.000000 0.962221 -0.272270
vn 0.707053 0.500039 0.500037
vn 0.707053 0.500039 0.500037
vn 0.707053 0.500039 0.500037
vn 0.707053 0.500039 0.500037
vn 0.000000 -0.062969 0.998015
vn 0.000000 -0.062969 0.998016
vn 0.000000 -0.062969 0.998016
vn 0.000000 -0.062969 0.998015
vn -0.707133 0.499967 0.499997
vn -0.707133 0.499967 0.499997
vn -0.707133 0.499967 0.499997
vn -0.707133 0.499967 0.499997
vn 0.000000 0.998012 -0.063030
vn 0.000000 0.998012 -0.063030
vn 0.000000 0.998012 -0.063030
vn 0.000000 0.998012 -0.063030
vn 0.000000 -0.707104 0.707109
vn 0.000000 -0.707104 0.707109
vn 0.000000 -0.707104 0.707109
vn 0.000000 -0.707104 0.707109
vn 0.000000 0.707093 0.707121
vn 0.000000 0.707093 0.707121
vn 0.000000 0.707093 0.707121
vn 0.000000 0.707093 0.707121
vn 0.000000 0.707097 -0.707117
vn 0.000000 0.707097 -0.707117
vn 0.000000 0.707097 -0.707117
vn 0.000000 0.707097 -0.707117
vn -1.000000 -0.000006 0.000000
vn -1.000000 -0.000006 0.000000
vn -1.000000 -0.000006 0.000000
vn -1.000000 -0.000006 0.000000
vn 1.000000 -0.000006 0.000000
vn 1.000000 -0.000006 0.000000
vn 1.000000 -0.000006 0.000000
vn 1.000000 -0.000006 0.000000
vn 0.707095 0.500017 0.499999
vn 0.707095 0.500017 0.499999
vn 0.707095 0.500017 0.500000
vn 0.707095 0.500017 0.500000
vn 0.000000 -0.062969 0.998016
vn 0.000000 -0.062969 0.998016
vn 0.000000 -0.062969 0.998016
vn 0.000000 -0.062969 0.998016
vn -0.707023 0.500064 0.500054
vn -0.707023 0.500064 0.500054
vn -0.707023 0.500064 0.500054
vn -0.707023 0.500064 0.500054
vn 0.000000 0.998011 -0.063041
vn 0.000000 0.998011 -0.063041
vn 0.000000 0.998011 -0.063041
vn 0.000000 0.998011 -0.063041
vn 0.000000 -0.707105 0.707108
vn 0.000000 -0.707105 0.707108
vn 0.000000 -0.707105 0.707108
vn 0.000000 -0.707105 0.707108
vn 0.000000 0.707091 0.707122
vn 0.000000 0.707091 0.707122
vn 0.000000 0.707091 0.707122
vn 0.000000 0.707091 0.707122
vn 0.000000 0.707096 -0.707118
vn 0.000000 0.707096 -0.707118
vn 0.000000 0.707096 -0.707118
vn 0.000000 0.707096 -0.707118
vn -1.000000 0.000000 0.000000
vn -1.000000 0.000000 0.000000
vn -1.000000 0.000000 0.000000
vn -1.000000 0.000000 0.000000
vn 1.000000 -0.000006 0.000000
vn 1.000000 -0.000006 0.000000
vn 1.000000 -0.000006 0.000000
vn 1.000000 -0.000006 0.000000
vn -0.577392 0.577348 -0.577310
vn -0.577392 0.577348 -0.577310
vn -0.577392 0.577348 -0.577310
vn 0.581674 0.575197 -0.575155
vn 0.581674 0.575197 -0.575155
vn 0.581674 0.575197 -0.575155
vn -0.577392 -0.577348 -0.577310
vn -0.577393 -0.577348 -0.577310
vn -0.577392 -0.577348 -0.577310
vn 0.581675 -0.575192 -0.575159
vn 0.581674 -0.575193 -0.575159
vn 0.581674 -0.575193 -0.575159
vn -1.000000 0.000000 0.000000
vn -1.000000 0.000000 0.000000
vn -1.000000 0.000000 0.000000
vn 0.000819 -1.000000 -0.000370
vn 0.000755 -1.000000 -0.000472
vn 0.000755 -1.000000 -0.000472
vn 0.000694 -1.000000 0.000008
vn 0.000820 1.000000 -0.000371
vn 0.001446 0.999999 0.000227
vn 0.000633 1.000000 0.000488
vn 0.000695 1.000000 0.000008
vn -1.000000 0.000000 0.000000
vn -1.000000 0.000000 0.000000
vn -1.000000 0.000000 0.000000
vn -1.000000 0.000000 0.000000
vn 0.707125 0.000000 -0.707089
vn 0.707125 0.000000 -0.707089
vn 0.707125 0.000000 -0.707089
vn 0.707125 0.000000 -0.707089
vn -1.000000 0.000000 0.000000
vn -1.000000 -0.000002 0.000000
vn 0.000000 -1.000000 0.000000
vn 0.000000 -1.000000 0.000000
vn 0.000000 -1.000000 0.000000
vn 0.000000 -1.000000 0.000000
vn -0.707099 0.707115 0.000000
vn -0.707099 0.707115 0.000000
vn -0.707099 0.707115 0.000000
vn -0.707099 0.707115 0.000000
vn 0.002199 -0.264431 0.964402
vn 0.002199 -0.264431 0.964402
vn 0.002199 -0.264431 0.964402
vn 0.002199 -0.264431 0.964402
vn 0.554037 -0.266679 0.788622
vn 0.554037 -0.266679 0.788622
vn 0.554037 -0.266679 0.788622
vn 0.554037 -0.266679 0.788622
vn 0.960811 -0.267578 0.072419
vn 0.960809 -0.267579 0.072437
vn 0.902777 -0.266677 0.337457
vn 0.902777 -0.266677 0.337457
vn 0.964406 -0.264424 -0.000671
vn 0.964406 -0.264424 -0.000671
vn 0.000000 0.000000 -1.000000
vn 0.000000 0.000000 -1.000000
vn 0.000000 0.000000 -1.000000
vn 0.000000 0.000000 -1.000000
vn -0.707155 0.000000 -0.707058
vn -0.707157 0.000000 -0.707057
vn -0.707160 0.000000 -0.707054
vn -0.707158 0.000000 -0.707056
vn -0.707157 0.000000 -0.707057
vn 0.000000 -0.707126 -0.707088
vn 0.000000 -0.707126 -0.707088
vn 0.000000 -0.707126 -0.707088
vn 0.000000 -0.707126 -0.707088
vn 0.999999 -0.001052 -0.001003
vn 0.999999 -0.001196 -0.001141
vn 0.999999 -0.001196 -0.001141
vn 1.000000 -0.000316 -0.000302
vn 0.074038 -0.965844 0.248324
vn 0.075926 -0.965859 0.247691
vn 0.000000 -0.962219 0.272277
vn 0.000000 -0.962219 0.272277
vn 0.229256 -0.959533 0.163521
vn 0.205281 -0.961608 0.182124
vn 0.354099 -0.934999 0.019767
vn 0.338678 -0.939860 0.044284
vn 0.366445 -0.930440 -0.000233
vn 0.366445 -0.930440 -0.000233
vn 0.000000 0.707127 -0.707086
vn 0.000000 0.707127 -0.707086
vn 0.000000 0.707127 -0.707086
vn 0.000000 0.707127 -0.707086
vn 0.000000 -1.000000 0.000000
vn 0.000000 -1.000000 0.000000
vn 0.000000 -1.000000 0.000000
vn 0.000000 -1.000000 0.000000
vn 0.707126 -0.499989 0.499985
vn 0.707126 -0.499989 0.499985
vn 0.707126 -0.499989 0.499985
vn 0.707126 -0.499989 0.499985
vn 1.000000 0.000000 0.000000
vn 0.959625 0.271508 0.073510
vn 0.959626 0.271508 0.073497
vn 0.963025 0.269412 0.000816
vn 0.963025 0.269412 0.000816
vn 0.902778 0.266673 0.337458
vn 0.902778 0.266673 0.337458
vn 0.554037 0.266680 0.788622
vn 0.554037 0.266680 0.788622
vn 0.554037 0.266680 0.788622
vn 0.554037 0.266680 0.788622
vn 0.002313 0.264315 0.964434
vn 0.002313 0.264315 0.964434
vn 0.002313 0.264315 0.964434
vn 0.002313 0.264315 0.964434
vn 0.000000 0.000000 -1.000000
vn 0.000000 0.000000 -1.000000
vn 0.000000 0.000000 -1.000000
vn 0.000000 0.000000 -1.000000
vn -0.707140 -0.707073 0.000000
vn -0.707140 -0.707073 0.000000
vn -0.707140 -0.707073 0.000000
vn -0.707140 -0.707073 0.000000
vn 0.000000 -0.707126 0.707087
vn 0.000000 -0.707126 0.707087
vn 0.000000 -0.707126 0.707087
vn 0.000000 -0.707126 0.707087
vn 1.000000 0.000000 0.000000
vn 1.000000 0.000000 0.000000
vn 0.996123 0.000000 0.087967
vn 0.996123 0.000000 0.087967
vn 0.707123 0.000000 0.707091
vn 0.707123 0.000000 0.707091
vn 0.707123 0.000000 0.707091
vn 0.707123 0.000000 0.707091
vn 1.000000 0.000302 -0.000289
vn 1.000000 0.000000 0.000000
vn 0.000000 0.000000 1.000000
vn 0.000000 0.000000 1.000000
vn 0.000000 0.000000 1.000000
vn 0.000000 0.000000 1.000000
vn 0.574854 0.000000 0.818256
vn 0.574854 0.000000 0.818256
vn 0.574854 0.000000 0.818256
vn 0.574854 0.000000 0.818256
vn 0.936698 0.000000 0.350138
vn 0.936698 0.000000 0.350138
vn 0.707107 0.500008 0.499991
vn 0.707107 0.500009 0.499991
vn 0.707107 0.500009 0.499991
vn 0.707107 0.500009 0.499991
vn 0.000000 0.707117 0.707097
vn 0.000000 0.707117 0.707097
vn 0.000000 0.707117 0.707097
vn 0.000000 0.707117 0.707097
vn -0.707137 0.707076 0.000000
vn -0.707137 0.707076 0.000000
vn -0.707137 0.707076 0.000000
vn -0.707137 0.707076 0.000000
vn -0.707137 0.707077 0.000000
vn -0.707137 0.707077 0.000000
vn -0.707137 0.707077 0.000000
vn -0.707137 0.707077 0.000000
vn 0.578026 0.000000 -0.816018
vn 0.578027 0.000000 -0.816018
vn 0.578026 0.000000 -0.816018
vn 0.578026 0.000000 -0.816018
vn 0.578024 0.000000 -0.816020
vn 0.000000 -0.885349 0.464928
vn 0.000000 -0.885349 0.464928
vn -0.005930 -0.880449 0.474104
vn -0.005742 -0.884179 0.467112
vn -1.000000 0.000000 0.000000
vn -1.000000 0.000000 0.000000
vn -0.707140 -0.499986 0.499967
vn -0.707140 -0.499986 0.499967
vn -0.707140 -0.499986 0.499967
vn -0.707140 -0.499986 0.499967
vn 0.000000 0.000000 1.000000
vn 0.000000 0.000000 1.000000
vn 0.000000 0.000000 1.000000
vn 0.000000 0.000000 1.000000
vn 0.999999 0.001142 -0.001095
vn 0.999999 0.001004 -0.000963
vn 0.999999 0.001142 -0.001095
vn 0.355741 0.934364 0.020308
vn 0.339837 0.939419 0.044747
vn 0.368529 0.929616 0.000286
vn 0.368529 0.929616 0.000286
vn 0.229255 0.959533 0.163520
vn 0.205280 0.961609 0.182123
vn 0.074037 0.965844 0.248322
vn 0.075926 0.965860 0.247690
vn -0.707125 0.499999 0.499975
vn -0.707125 0.499999 0.499975
vn -0.707125 0.499999 0.499975
vn -0.707125 0.499999 0.499975
vn -1.000000 0.000001 0.000000
vn -1.000000 0.000003 0.000000
vn -1.000000 0.000001 0.000000
vn 0.000000 0.885359 0.464908
vn -0.005740 0.884189 0.467095
vn -0.005929 0.880461 0.474082
vn 0.000000 0.885359 0.464908
vn 1.000000 -0.000003 0.000000
vn 1.000000 0.000000 0.000000
vn 1.000000 0.000000 0.000000
vn 1.000000 0.000000 0.000000
vn -0.030382 -0.891185 0.452621
vn -0.003910 -0.995443 0.095277
vn 0.000000 -0.980750 0.195267
vn 0.000000 0.000000 1.000000
vn 0.000000 0.000000 1.000000
vn -0.034474 0.000000 0.999406
vn -0.034473 0.000000 0.999406
vn -0.707140 0.000000 0.707073
vn -0.707140 0.000000 0.707073
vn -0.707140 0.000000 0.707073
vn -0.707140 0.000000 0.707073
vn 0.000000 0.980746 0.195290
vn -0.003908 0.995442 0.095286
vn -0.030368 0.891184 0.452624
vn 1.000000 -0.000003 0.000000
vn 1.000000 -0.000009 0.000000
vn 1.000000 -0.000009 0.000000
vn 0.000000 -0.995485 -0.094921
vn 0.000000 -0.995485 -0.094921
vn 0.000000 -0.960721 -0.277517
vn 0.000000 -0.960721 -0.277517
vn -0.290728 0.030527 0.956319
vn -0.290727 -0.030526 0.956319
vn 0.000000 0.995484 -0.094931
vn 0.000000 0.995484 -0.094931
vn 0.000000 0.960713 -0.277543
vn 0.000000 0.960713 -0.277543
vn 0.000000 0.000000 -1.000000
vn 0.000000 0.000000 -1.000000
vn 0.000000 0.000000 -1.000000
vn 0.000000 0.000000 -1.000000
vn 0.000000 -0.510653 -0.859787
vn 0.000000 -0.510653 -0.859787
vn 0.000000 -0.510653 -0.859787
vn 0.000000 -0.510653 -0.859787
vn -0.997775 0.000000 0.066676
vn -0.995882 0.000000 0.090659
vn -1.000000 0.000000 0.000000
vn -1.000000 0.000000 0.000000
vn -0.997775 0.000000 0.066675
vn -0.929112 0.000000 0.369798
vn -0.929112 0.000000 0.369798
vn -0.582424 0.173422 0.794170
vn -0.582421 -0.173428 0.794172
vn -1.000000 0.000000 0.000000
vn -1.000000 0.000000 0.000000
vn 0.000000 0.510670 -0.859777
vn 0.000000 0.510670 -0.859777
vn 0.000000 0.510670 -0.859777
vn 0.000000 0.510670 -0.859777
vn -0.707101 -0.707112 0.000000
vn -0.707101 -0.707112 0.000000
vn -0.707101 -0.707112 0.000000
vn -0.707101 -0.707112 0.000000
vn 1.000000 0.000000 0.000000
vn 1.000000 0.000000 0.000000
vn 1.000000 0.000000 0.000000
vn 1.000000 0.000000 0.000000
vn 0.000000 0.707137 -0.707076
vn 0.000000 0.707137 -0.707076
vn 0.000000 0.707137 -0.707076
vn 0.000000 0.707137 -0.707076
vn -1.000000 0.000000 0.000000
vn -1.000000 0.000000 0.000000
vn -1.000000 0.000000 0.000000
vn -1.000000 0.000000 0.000000
vn 0.000000 0.707109 0.707104
vn 0.000000 0.707109 0.707104
vn 0.000000 0.707109 0.707104
vn 0.000000 0.707109 0.707104
vn 0.707101 0.707112 0.000000
vn 0.707101 0.707112 0.000000
vn 0.707101 0.707112 0.000000
vn 0.707101 0.707112 0.000000
vn 0.000000 1.000000 0.000000
vn 0.000000 1.000000 0.000000
vn 0.000000 1.000000 0.000000
vn 0.000000 1.000000 0.000000
vn -0.999699 0.000000 0.024521
vn -0.999699 0.000000 0.024521
vn -0.999699 0.000000 0.024521
vn -0.999699 0.000000 0.024521
vn 0.718337 -0.695693 -0.001780
vn 0.706278 -0.707923 -0.004053
vn 0.715368 -0.698744 -0.002343
vn 0.718566 0.695456 -0.001735
vn 0.718566 0.695456 -0.001735
vn 0.715317 0.698796 -0.002332
vn 0.718265 0.695767 -0.001791
vn -0.039527 -0.858404 0.511448
vn -0.039512 0.858425 0.511415
vn -0.568101 -0.464910 0.679058
vn -0.568113 0.464895 0.679058
vn 0.000000 1.000000 0.000000
vn 0.000000 1.000000 0.000001
vn 0.000000 1.000000 0.000001
vn 0.000000 1.000000 0.000000
vn 0.000000 0.000000 1.000000
vn 0.000000 0.000000 1.000000
vn 0.000000 0.000000 1.000000
vn 0.000000 0.000000 1.000000
vn 0.000000 0.000000 -1.000000
vn 0.000000 0.000000 -1.000000
vn 0.000000 0.000000 -1.000000
vn 0.000000 0.000000 -1.000000
vn 0.000000 1.000000 -0.000001
vn 0.000000 1.000000 -0.000001
vn 0.000000 1.000000 -0.000001
vn 0.000000 1.000000 -0.000001
vn -0.000000 0.000000 1.000000
vn -0.000000 0.000000 1.000000
vn -0.000001 0.000000 1.000000
vn -0.000001 0.000000 1.000000
vn 0.000000 0.000000 -1.000000
vn 0.000000 0.000000 -1.000000
vn 0.000000 0.000000 -1.000000
vn 0.000000 0.000000 -1.000000
vn -1.000000 -0.000003 0.000000
vn -1.000000 0.000000 0.000000
vn -1.000000 0.000000 0.000000
vn 1.000000 0.000000 0.000000
vn 1.000000 0.000000 0.000000
vn 0.001437 -0.999999 0.000230
vn 0.002731 -0.999996 -0.000183
vn 0.000756 1.000000 -0.000472
vn 0.000756 1.000000 -0.000472
vn 0.002755 0.999996 -0.000192
vn 0.000632 -1.000000 0.000487
vn 0.706285 0.707916 -0.003976
vn 0.718640 -0.695380 -0.001722
vn 0.718640 -0.695380 -0.001722
vn 0.707130 0.707084 0.000000
vn 0.707130 0.707084 0.000000
vn 0.707130 0.707084 0.000000
vn 0.707130 0.707084 0.000000
vn 0.000000 0.707151 0.707062
vn 0.000000 0.707151 0.707062
vn 0.000000 0.707151 0.707062
vn 0.000000 0.707151 0.707062
vn -0.707108 0.707105 0.000000
vn -0.707108 0.707105 0.000000
vn -0.707108 0.707105 0.000000
vn -0.707108 0.707105 0.000000
vn 0.000000 0.707066 -0.707147
vn 0.000000 0.707066 -0.707147
vn 0.000000 0.707066 -0.707147
vn 0.000000 0.707066 -0.707147
vn 0.000000 0.000000 1.000000
vn 0.000000 0.000000 1.000000
vn 0.000000 0.000000 1.000000
vn 0.000000 0.000000 1.000000
vn 0.000000 1.000000 0.000000
vn 0.000000 1.000000 0.000000
vn 0.000000 1.000000 0.000000
vn 0.000000 1.000000 0.000000
vn 0.000000 0.000000 -1.000000
vn 0.000000 0.000000 -1.000000
vn 0.000000 0.000000 -1.000000
vn 0.000000 0.000000 -1.000000
vn -1.000000 0.000000 0.000000
vn -1.000000 0.000000 0.000000
vn -1.000000 0.000000 0.000000
vn -1.000000 0.000000 0.000000
vn 1.000000 0.000000 0.000000
vn 1.000000 0.000000 0.000000
vn 1.000000 0.000000 0.000000
vn 1.000000 0.000000 0.000000
vn 0.707142 0.707071 0.000000
vn 0.707142 0.707071 0.000000
vn 0.707142 0.707071 0.000000
vn 0.707142 0.707071 0.000000
vn 0.000000 0.707147 0.707066
vn 0.000000 0.707147 0.707066
vn 0.000000 0.707147 0.707066
vn 0.000000 0.707147 0.707066
vn -0.707130 0.707084 0.000000
vn -0.707130 0.707084 0.000000
vn -0.707130 0.707084 0.000000
vn -0.707130 0.707084 0.000000
vn 0.000000 0.707065 -0.707149
vn 0.000000 0.707065 -0.707149
vn 0.000000 0.707065 -0.707149
vn 0.000000 0.707065 -0.707149
vn 0.000000 0.000000 1.000000
vn 0.000000 0.000000 1.000000
vn 0.000000 0.000000 1.000000
vn 0.000000 0.000000 1.000000
vn 0.000000 1.000000 0.000000
vn 0.000000 1.000000 0.000000
vn 0.000000 1.000000 0.000000
vn 0.000000 1.000000 0.000000
vn 0.000000 0.000000 -1.000000
vn 0.000000 0.000000 -1.000000
vn 0.000000 0.000000 -1.000000
vn 0.000000 0.000000 -1.000000
vn -1.000000 0.000000 0.000000
vn -1.000000 0.000000 0.000000
vn -1.000000 0.000000 0.000000
vn -1.000000 0.000000 0.000000
vn 1.000000 0.000000 0.000000
vn 1.000000 0.000000 0.000000
vn 1.000000 0.000000 0.000000
vn 1.000000 0.000000 0.000000
vn 0.707090 0.707124 0.000000
vn 0.707090 0.707124 0.000000
vn 0.707090 0.707124 0.000000
vn 0.707090 0.707124 0.000000
vn 0.000000 0.707152 0.707061
vn 0.000000 0.707152 0.707061
vn 0.000000 0.707152 0.707061
vn 0.000000 0.707152 0.707061
vn -0.707087 0.707127 0.000000
vn -0.707087 0.707127 0.000000
vn -0.707087 0.707127 0.000000
vn -0.707087 0.707127 0.000000
vn 0.000000 0.707070 -0.707144
vn 0.000000 0.707070 -0.707144
vn 0.000000 0.707070 -0.707144
vn 0.000000 0.707070 -0.707144
vn 0.000000 0.000000 1.000000
vn 0.000000 0.000000 1.000000
vn 0.000000 0.000000 1.000000
vn 0.000000 0.000000 1.000000
vn 0.000000 1.000000 0.000000
vn 0.000000 1.000000 0.000000
vn 0.000000 1.000000 0.000000
vn 0.000000 1.000000 0.000000
vn 0.000000 0.000000 -1.000000
vn 0.000000 0.000000 -1.000000
vn 0.000000 0.000000 -1.000000
vn 0.000000 0.000000 -1.000000
vn -1.000000 0.000000 0.000000
vn -1.000000 0.000000 0.000000
vn -1.000000 0.000000 0.000000
vn -1.000000 0.000000 0.000000
vn 1.000000 0.000000 0.000000
vn 1.000000 0.000000 0.000000
vn 1.000000 0.000000 0.000000
vn 1.000000 0.000000 0.000000
vn 0.000000 0.000000 1.000000
vn 0.000000 0.000000 1.000000
vn 0.000000 0.000000 1.000000
vn 0.000000 0.000000 1.000000
vn 0.000000 1.000000 0.000000
vn 0.000000 1.000000 0.000000
vn 0.000000 1.000000 0.000000
vn 0.000000 1.000000 0.000000
vn 0.000000 0.000000 -1.000000
vn 0.000000 0.000000 -1.000000
vn 0.000000 0.000000 -1.000000
vn 0.000000 0.000000 -1.000000
vn 0.000000 -1.000000 0.000000
vn 0.000000 -1.000000 0.000000
vn 0.000000 -1.000000 0.000000
vn 0.000000 -1.000000 0.000000
vn -1.000000 0.000000 0.000000
vn -1.000000 0.000000 0.000000
vn -1.000000 0.000000 0.000000
vn -1.000000 0.000000 0.000000
vn 1.000000 -0.000001 0.000000
vn 1.000000 0.000001 0.000000
vn 1.000000 0.000001 0.000000
vn 1.000000 -0.000001 0.000000
vn 0.000000 -0.707106 0.707108
vn 0.000000 -0.707106 0.707108
vn 0.000000 -0.707106 0.707108
vn 0.000000 -0.707106 0.707108
vn 0.000000 0.707106 0.707107
vn 0.000000 0.707106 0.707107
vn 0.000000 0.707106 0.707107
vn 0.000000 0.707106 0.707107
vn 0.000000 0.707096 -0.707117
vn 0.000000 0.707096 -0.707117
vn 0.000000 0.707096 -0.707117
vn 0.000000 0.707096 -0.707117
vn 0.000000 -0.707096 -0.707118
vn 0.000000 -0.707096 -0.707118
vn 0.000000 -0.707096 -0.707118
vn 0.000000 -0.707096 -0.707118
vn 0.000000 0.000000 1.000000
vn 0.000000 0.000000 1.000000
vn 0.000000 0.000000 1.000000
vn 0.000000 0.000000 1.000000
vn 0.000000 1.000000 0.000000
vn 0.000000 1.000000 0.000000
vn 0.000000 1.000000 0.000000
vn 0.000000 1.000000 0.000000
vn 0.000000 0.000000 -1.000000
vn 0.000000 0.000000 -1.000000
vn 0.000000 0.000000 -1.000000
vn 0.000000 0.000000 -1.000000
vn 0.000000 -1.000000 0.000000
vn 0.000000 -1.000000 0.000000
vn 0.000000 -1.000000 0.000000
vn 0.000000 -1.000000 0.000000
vn -1.000000 -0.000001 0.000000
vn -1.000000 0.000000 0.000000
vn -1.000000 0.000000 0.000000
vn -1.000000 -0.000001 0.000000
vn 1.000000 -0.000001 0.000000
vn 1.000000 -0.000001 0.000000
vn 1.000000 -0.000005 0.000000
vn 1.000000 -0.000005 0.000000
vn 0.000000 -0.707107 0.707107
vn 0.000000 -0.707107 0.707107
vn 0.000000 -0.707107 0.707107
vn 0.000000 -0.707107 0.707107
vn 0.000000 0.707107 0.707106
vn 0.000000 0.707107 0.707106
vn 0.000000 0.707107 0.707106
vn 0.000000 0.707107 0.707106
vn 0.000000 0.707095 -0.707119
vn 0.000000 0.707095 -0.707119
vn 0.000000 0.707095 -0.707119
vn 0.000000 0.707095 -0.707119
vn 0.000000 -0.707094 -0.707119
vn 0.000000 -0.707094 -0.707119
vn 0.000000 -0.707094 -0.707119
vn 0.000000 -0.707094 -0.707119
vn 0.000000 0.000000 1.000000
vn 0.000000 0.000000 1.000000
vn 0.000000 0.000000 1.000000
vn 0.000000 0.000000 1.000000
vn 0.000000 1.000000 0.000000
vn 0.000000 1.000000 0.000000
vn 0.000000 1.000000 0.000000
vn 0.000000 1.000000 0.000000
vn 0.000000 0.000000 -1.000000
vn 0.000000 0.000000 -1.000000
vn 0.000000 0.000000 -1.000000
vn 0.000000 0.000000 -1.000000
vn 0.000000 -1.000000 0.000000
vn 0.000000 -1.000000 0.000000
vn 0.000000 -1.000000 0.000000
vn 0.000000 -1.000000 0.000000
vn -1.000000 0.000000 0.000000
vn -1.000000 0.000000 0.000000
vn -1.000000 0.000000 0.000000
vn -1.000000 0.000000 0.000000
vn 1.000000 0.000000 0.000000
vn 1.000000 0.000000 0.000000
vn 1.000000 0.000000 0.000000
vn 1.000000 0.000000 0.000000
vn 0.000000 -0.707107 0.707107
vn 0.000000 -0.707107 0.707107
vn 0.000000 -0.707107 0.707107
vn 0.000000 -0.707107 0.707107
vn 0.000000 0.707107 0.707106
vn 0.000000 0.707107 0.707106
vn 0.000000 0.707107 0.707106
vn 0.000000 0.707107 0.707106
vn 0.000000 0.707095 -0.707119
vn 0.000000 0.707095 -0.707119
vn 0.000000 0.707095 -0.707119
vn 0.000000 0.707095 -0.707119
vn 0.000000 -0.707094 -0.707119
vn 0.000000 -0.707094 -0.707119
vn 0.000000 -0.707094 -0.707119
vn 0.000000 -0.707094 -0.707119
vn -1.000000 0.000000 0.000000
vn -1.000000 0.000000 0.000000
vn -1.000000 0.000000 0.000000
vn -1.000000 0.000000 0.000000
vn -1.000000 0.000001 0.000000
vn -1.000000 0.000001 0.000000
vn -1.000000 0.000005 0.000000
vn -1.000000 0.000005 0.000000
vn -1.000000 0.000000 0.000000
vn -1.000000 0.000000 0.000000
vn -1.000000 -0.000010 0.000000
vn -1.000000 -0.000010 0.000000
vn 1.000000 0.000010 0.000000
vn 1.000000 0.000010 0.000000
vn 1.000000 -0.000008 0.000000
vn 1.000000 -0.000008 0.000000
vn 1.000000 0.000000 0.000000
vn 1.000000 0.000000 0.000000
vn 1.000000 0.000000 0.000000
vn 1.000000 0.000000 0.000000
vn 1.000000 -0.000001 0.000000
vn 1.000000 -0.000001 0.000000
vn 1.000000 -0.000010 0.000000
vn 1.000000 -0.000010 0.000000
vn 0.000000 0.070948 0.997480
vn 0.000000 0.070948 0.997480
vn 0.000000 0.070948 0.997480
vn 0.000000 0.070948 0.997480
vn 0.000000 0.997478 -0.070979
vn 0.000000 0.997478 -0.070979
vn 0.000000 0.997478 -0.070979
vn 0.000000 0.997478 -0.070979
vn 0.000000 -0.070917 -0.997482
vn 0.000000 -0.070917 -0.997482
vn 0.000000 -0.070917 -0.997482
vn 0.000000 -0.070917 -0.997482
vn 0.000000 -0.997480 0.070946
vn 0.000000 -0.997480 0.070946
vn 0.000000 -0.997480 0.070946
vn 0.000000 -0.997480 0.070946
vn -1.000000 -0.000005 0.000024
vn -1.000000 -0.000026 0.000020
vn -1.000000 -0.000026 0.000020
vn -1.000000 -0.000005 0.000024
vn 0.000000 -0.655170 0.755481
vn 0.000000 -0.655170 0.755481
vn 0.000000 -0.655170 0.755481
vn 0.000000 -0.655170 0.755481
vn 0.000000 0.755479 0.655173
vn 0.000000 0.755479 0.655173
vn 0.000000 0.755479 0.655173
vn 0.000000 0.755479 0.655173
vn 0.000000 0.655153 -0.755496
vn 0.000000 0.655153 -0.755496
vn 0.000000 0.655153 -0.755496
vn 0.000000 0.655153 -0.755496
vn 0.000000 -0.755495 -0.655155
vn 0.000000 -0.755495 -0.655155
vn 0.000000 -0.755495 -0.655155
vn 0.000000 -0.755495 -0.655155
vn -1.000000 0.000008 0.000024
vn -1.000000 0.000008 0.000024
vn -1.000000 0.000039 0.000016
vn -1.000000 0.000039 0.000016
vn 0.000000 0.962220 0.272275
vn 0.000000 0.962220 0.272275
vn 0.000000 0.000000 1.000000
vn 0.000000 0.000000 1.000000
vn 0.000000 0.000000 1.000000
vn 0.000000 0.000000 1.000000
vn 0.000000 1.000000 0.000000
vn 0.000000 1.000000 0.000000
vn 0.000000 1.000000 0.000000
vn 0.000000 1.000000 0.000000
vn 0.000000 0.000000 -1.000000
vn 0.000000 -0.681424 -0.731889
vn 0.000000 -0.681424 -0.731889
vn 0.000000 0.000000 -1.000000
vn 0.000000 -1.000000 0.000000
vn 0.000000 -1.000000 0.000000
vn -1.000000 0.000000 0.000000
vn -1.000000 0.000000 0.000000
vn -1.000000 0.000000 0.000000
vn -1.000000 0.000000 0.000000
vn 0.000000 0.000000 1.000000
vn 0.000000 0.000000 1.000000
vn 0.000000 0.000000 1.000000
vn 0.000000 0.000000 1.000000
vn 0.000000 1.000000 0.000000
vn 0.000000 1.000000 0.000000
vn 0.000000 1.000000 0.000000
vn 0.000000 1.000000 0.000000
vn 0.000000 0.000000 -1.000000
vn 0.000000 0.000000 -1.000000
vn 0.000000 0.000000 -1.000000
vn 0.000000 0.000000 -1.000000
vn 0.000000 -1.000000 0.000000
vn 0.000000 -1.000000 0.000000
vn 0.000000 -1.000000 0.000000
vn 0.000000 -1.000000 0.000000
vn -1.000000 0.000000 0.000000
vn -1.000000 0.000000 0.000000
vn -1.000000 0.000000 0.000000
vn -1.000000 0.000000 0.000000
vn 0.000000 1.000000 0.000000
vn 0.000000 1.000000 0.000000
vn 0.000000 1.000000 0.000000
vn 0.000000 1.000000 0.000000
vn 0.000000 0.000000 -1.000000
vn 0.000000 0.000000 -1.000000
vn 0.000000 0.000000 -1.000000
vn 0.000000 0.000000 -1.000000
vn 0.000000 -1.000000 0.000000
vn 0.000000 -1.000000 0.000000
vn 0.000000 -1.000000 0.000000
vn 0.000000 -1.000000 0.000000
vn -1.000000 0.000000 0.000000
vn -1.000000 0.000000 0.000000
vn -1.000000 0.000000 0.000000
vn -1.000000 0.000000 0.000000
vn 1.000000 0.000000 0.000000
vn 1.000000 0.000000 0.000000
vn 1.000000 0.000000 0.000000
vn 1.000000 0.000000 0.000000
vn 0.000000 -0.707120 0.707093
vn 0.000000 -0.707120 0.707093
vn 0.000000 -0.707120 0.707093
vn 0.000000 -0.707120 0.707093
vn 0.000000 0.707097 0.707116
vn 0.000000 0.707097 0.707116
vn 0.000000 0.707097 0.707116
vn 0.000000 0.707097 0.707116
vn 0.000000 0.707100 -0.707114
vn 0.000000 0.707100 -0.707114
vn 0.000000 0.707100 -0.707114
vn 0.000000 0.707100 -0.707114
vn 0.000000 -0.707123 -0.707090
vn 0.000000 -0.707123 -0.707090
vn 0.000000 -0.707123 -0.707090
vn 0.000000 -0.707123 -0.707090
vn 0.000000 -1.000000 0.000000
vn 0.000000 -1.000000 0.000000
vn 0.000000 -1.000000 0.000000
vn 0.000000 -1.000000 0.000000
vn -1.000000 0.000000 0.000000
vn -1.000000 0.000000 0.000000
vn -1.000000 0.000000 0.000000
vn -1.000000 0.000000 0.000000
vn 0.000000 1.000000 0.000000
vn 0.000000 1.000000 0.000000
vn 0.000000 1.000000 0.000000
vn 0.000000 1.000000 0.000000
vn 1.000000 0.000000 0.000000
vn 1.000000 0.000000 0.000000
vn 1.000000 0.000000 0.000000
vn 1.000000 0.000000 0.000000
vn -1.000000 0.000000 0.000000
vn -1.000000 0.000000 0.000000
vn 1.000000 0.000000 0.000000
vn 1.000000 0.000000 0.000000
vn 0.000000 0.000000 1.000000
vn 0.000000 0.000000 1.000000
vn 0.000000 0.000000 1.000000
vn 0.000000 0.000000 1.000000
vn 0.000000 1.000000 0.000000
vn 0.000000 1.000000 0.000000
vn 0.000000 1.000000 0.000000
vn 0.000000 1.000000 0.000000
vn 0.000000 0.000000 -1.000000
vn 0.000000 0.000000 -1.000000
vn 0.000000 0.000000 -1.000000
vn 0.000000 0.000000 -1.000000
vn 0.000000 -1.000000 0.000000
vn 0.000000 -1.000000 0.000000
vn 0.000000 -1.000000 0.000000
vn 0.000000 -1.000000 0.000000
vn -1.000000 0.000000 0.000000
vn -1.000000 0.000000 0.000000
vn -1.000000 0.000000 0.000000
vn -1.000000 0.000000 0.000000
vn -0.000063 -1.000000 -0.000156
vn 0.136529 -0.990636 -0.000167
vn 0.148397 -0.988928 0.000000
vn 0.000000 -1.000000 0.000000
vn -0.000064 1.000000 -0.000157
vn 0.000000 1.000000 0.000000
vn 0.148403 0.988927 0.000000
vn 0.136535 0.990635 -0.000168
vn 1.000000 0.000000 0.000000
vn 1.000000 0.000000 0.000000
vn 1.000000 0.000000 0.000000
vn 1.000000 0.000000 0.000000
vn -0.902625 0.000000 0.430427
vn -0.896511 0.000000 0.443021
vn -0.896511 0.000000 0.443021
vn -0.902625 0.000000 0.430427
vn 0.000006 -0.985002 -0.172541
vn 0.000006 -0.985002 -0.172541
vn 0.000003 -0.985003 -0.172537
vn 0.000005 -0.985003 -0.172539
vn -0.000002 0.984999 -0.172559
vn -0.000002 0.984999 -0.172559
vn -0.000002 0.984999 -0.172559
vn -0.000001 0.984999 -0.172560
vn 0.000023 -0.816994 -0.576646
vn 0.000012 -0.816990 -0.576652
vn 0.000011 -0.816989 -0.576653
vn 0.000000 -0.816985 -0.576658
vn 0.000000 0.817006 -0.576629
vn -0.000004 0.817003 -0.576633
vn -0.000004 0.817004 -0.576632
vn -0.000008 0.817001 -0.576636
vn 0.999997 -0.001735 0.001748
vn 0.999987 -0.003602 0.003618
vn 0.999987 -0.003602 0.003618
vn 0.999999 -0.001097 0.001103
vn 0.000000 -0.707090 -0.707123
vn 0.000000 -0.707090 -0.707123
vn 0.000000 -0.707090 -0.707123
vn 0.000000 -0.707090 -0.707123
vn 0.000000 1.000000 0.000000
vn 0.000000 1.000000 0.000000
vn 0.000000 1.000000 0.000000
vn 0.000000 1.000000 0.000000
vn 0.000000 0.707108 -0.707105
vn 0.000000 0.707108 -0.707105
vn 0.000000 0.707108 -0.707105
vn 0.000000 0.707108 -0.707105
vn 0.000000 0.000000 -1.000000
vn 0.000000 0.000000 -1.000000
vn 0.000000 0.000000 -1.000000
vn 0.000000 0.000000 -1.000000
vn 0.000000 -0.707108 -0.707105
vn 0.000000 -0.707108 -0.707105
vn 0.000000 -0.707108 -0.707105
vn 0.000000 -0.707108 -0.707105
vn 0.000000 -1.000000 0.000000
vn 0.000000 -1.000000 0.000000
vn 0.000000 -1.000000 0.000000
vn 0.000000 -1.000000 0.000000
vn 0.000000 0.000000 -1.000000
vn 0.000000 0.000000 -1.000000
vn 0.000000 0.000000 -1.000000
vn 0.000000 0.000000 -1.000000
vn 0.000000 0.707108 -0.707106
vn 0.000000 0.707108 -0.707106
vn 0.000000 0.707108 -0.707106
vn 0.000000 0.707108 -0.707106
vn 0.000000 0.000000 1.000000
vn 0.000000 0.000000 1.000000
vn 0.000000 0.000000 1.000000
vn 0.000000 0.000000 1.000000
vn 0.000000 0.984999 -0.172559
vn 0.000000 0.984999 -0.172559
vn 0.000000 0.984999 -0.172559
vn 0.000000 0.984999 -0.172559
vn 0.000000 0.707108 -0.707105
vn 0.000000 0.707108 -0.707105
vn 0.000000 0.707108 -0.707105
vn 0.000000 0.707108 -0.707105
vn 0.000000 0.000000 -1.000000
vn 0.000000 0.000000 -1.000000
vn 0.000000 0.000000 -1.000000
vn 0.000000 0.000000 -1.000000
vn 0.000000 -0.707090 -0.707123
vn 0.000000 -0.707090 -0.707123
vn 0.000000 -0.707090 -0.707123
vn 0.000000 -0.707090 -0.707123
vn 0.000000 -0.985003 -0.172539
vn 0.000000 -0.985003 -0.172539
vn 0.000000 -0.985003 -0.172539
vn 0.000000 -0.985003 -0.172539
vn 0.000000 0.000000 -1.000000
vn 0.000000 0.000000 -1.000000
vn 0.000000 0.000000 -1.000000
vn 0.000000 0.000000 -1.000000
vn -1.000000 0.000000 -0.001003
vn -1.000000 0.000000 -0.001003
vn -1.000000 0.000000 -0.001003
vn -1.000000 0.000000 -0.001003
vn 0.392464 -0.919767 0.000000
vn 0.392464 -0.919767 0.000000
vn 0.392479 0.919761 0.000000
vn 0.392479 0.919761 0.000000
vn 1.000000 0.000000 0.000000
vn 1.000000 0.000000 0.000000
vn -0.004057 -0.999942 -0.010005
vn -0.004090 0.999941 -0.010085
vn 0.735423 0.000000 -0.677608
vn 0.735423 0.000000 -0.677608
vn 0.735423 0.000000 -0.677608
vn 0.735423 0.000000 -0.677608
vn 0.606691 -0.619228 -0.498481
vn 0.606691 -0.619228 -0.498481
vn 0.606691 -0.619228 -0.498481
vn 0.606691 -0.619228 -0.498481
vn 0.606691 0.619238 -0.498468
vn 0.606691 0.619238 -0.498468
vn 0.606691 0.619238 -0.498468
vn 0.606691 0.619238 -0.498468
vn 0.999987 0.003617 0.003623
vn 0.999997 0.001740 0.001746
vn 0.999999 0.001101 0.001103
vn 0.999987 0.003617 0.003623
vn 1.000000 -0.000001 0.000000
vn 1.000000 0.000001 0.000000
vn 1.000000 0.000000 0.000000
vn 1.000000 0.000000 0.000000
vn 1.000000 0.000000 0.000000
vn 1.000000 0.000000 0.000000
vn 1.000000 0.000000 0.000000
vn 1.000000 0.000000 0.000000
vn 1.000000 0.000000 0.000000
vn 1.000000 0.000000 0.000000
vn 1.000000 0.000000 0.000000
vn 1.000000 0.000000 0.000000
vn 1.000000 0.000000 0.000000
vn 1.000000 0.000000 0.000000
vn -1.000000 0.000000 0.000000
vn -1.000000 0.000000 0.000000
vn -1.000000 -0.000002 0.000000
vn -1.000000 -0.000002 0.000000
vn -1.000000 0.000000 0.000000
vn -1.000000 0.000000 0.000000
vn -1.000000 0.000002 0.000000
vn -1.000000 0.000002 0.000000
vn -1.000000 0.000000 0.000000
vn -1.000000 0.000001 0.000000
vn -1.000000 -0.000001 0.000000
vn -1.000000 -0.000000 0.000000
vn 0.000000 0.984999 -0.172562
vn 0.000000 -0.985004 -0.172533
vn -0.895981 0.000000 0.444093
vn -0.895981 0.000000 0.444093
vn 0.706983 -0.000439 0.707230
vn 0.706983 -0.000439 0.707231
vn 0.706983 -0.000439 0.707230
vn 0.706983 -0.000439 0.707230
vn 0.706983 0.000442 0.707230
vn 0.706983 0.000442 0.707230
vn 0.706983 0.000442 0.707230
vn 0.706983 0.000442 0.707230
vn 0.001555 0.000283 0.999999
vn 0.001555 0.000283 0.999999
vn 0.001553 0.000249 0.999999
vn 0.001515 -0.000255 0.999999
vn 0.001508 -0.000355 0.999999
vn 0.001508 -0.000355 0.999999
vn 0.935513 -0.353292 0.000006
vn 0.935512 -0.249817 0.249818
vn 0.867472 -0.351775 0.351776
vn 0.867473 -0.497484 -0.000002
vn 0.935513 -0.000003 0.353291
vn 0.867476 0.000002 0.497479
vn 0.935515 0.249811 0.249812
vn 0.867483 0.351762 0.351763
vn 0.935514 0.353291 -0.000000
vn 0.867477 0.497478 0.000009
vn 0.935512 0.249817 -0.249817
vn 0.867472 0.351774 -0.351776
vn 0.935513 0.000001 -0.353292
vn 0.867474 -0.000003 -0.497482
vn 0.935513 -0.249815 -0.249814
vn 0.867475 -0.351771 -0.351773
vn 1.000000 0.000000 -0.000000
vn -1.000000 -0.000009 -0.000000
vn -1.000000 -0.000006 0.000006
vn -1.000000 0.000000 0.000000
vn -1.000000 0.000001 0.000009
vn -1.000000 0.000007 0.000006
vn -1.000000 0.000010 0.000000
vn -1.000000 0.000007 -0.000006
vn -1.000000 0.000000 -0.000009
vn -1.000000 -0.000007 -0.000006
vn 0.000000 -0.923881 0.382680
vn 0.000000 -0.923881 0.382680
vn 0.000000 -0.923881 0.382680
vn 0.000000 -0.923881 0.382680
vn 0.000000 -0.923882 -0.382677
vn 0.000000 -0.923882 -0.382677
vn 0.000000 -0.923882 -0.382677
vn 0.000000 -0.923882 -0.382677
vn 0.000000 -0.584450 -0.811430
vn 0.000000 -0.592875 -0.805295
vn 0.000000 -0.592875 -0.805295
vn 0.000000 -0.584450 -0.811430
vn 0.000000 0.805306 0.592859
vn 0.000000 0.811430 0.584450
vn 0.000000 0.811430 0.584450
vn 0.000000 0.805306 0.592859
vn 0.000000 0.382672 0.923884
vn 0.000000 0.382672 0.923884
vn 0.000000 0.382672 0.923884
vn 0.000000 0.382672 0.923884
vn 0.000000 -0.382676 0.923882
vn 0.000000 -0.382676 0.923882
vn 0.000000 -0.382676 0.923882
vn 0.000000 -0.382676 0.923882
vn 0.000000 -0.923886 0.382668
vn 0.000000 -0.923886 0.382668
vn 0.000000 -0.923886 0.382668
vn 0.000000 -0.923886 0.382668
vn 0.000000 -0.923886 -0.382667
vn 0.000000 -0.923886 -0.382667
vn 0.000000 -0.923886 -0.382667
vn 0.000000 -0.923886 -0.382667
vn 0.000000 -0.382681 -0.923881
vn 0.000000 -0.382681 -0.923881
vn 0.000000 -0.382681 -0.923881
vn 0.000000 -0.382681 -0.923881
vn 0.000000 0.382684 -0.923879
vn 0.000000 0.382684 -0.923879
vn 0.000000 0.382684 -0.923879
vn 0.000000 0.382684 -0.923879
vn 0.000000 0.923881 -0.382680
vn 0.000000 0.923881 -0.382680
vn 0.000000 0.923881 -0.382680
vn 0.000000 0.923881 -0.382680
vn 0.000000 0.923877 0.382690
vn 0.000000 0.923877 0.382690
vn 0.000000 0.923877 0.382690
vn 0.000000 0.923877 0.382690
vn 0.000000 0.382684 0.923879
vn 0.000000 0.382684 0.923879
vn 0.000000 0.382684 0.923879
vn 0.000000 0.382684 0.923879
vn 0.000000 -0.382672 0.923884
vn 0.000000 -0.382672 0.923884
vn 0.000000 -0.382672 0.923884
vn 0.000000 -0.382672 0.923884
vn 1.000000 0.000001 0.000000
vn 1.000000 0.000000 0.000000
vn 1.000000 0.000000 0.000000
vn 1.000000 0.000001 0.000000
vn -1.000000 -0.000000 0.000000
vn -1.000000 -0.000000 0.000000
vn -1.000000 -0.000000 0.000000
vn -1.000000 -0.000000 0.000000
vn 1.000000 0.000001 0.000000
vn 1.000000 0.000001 0.000000
vn -1.000000 0.000000 0.000000
vn -1.000000 0.000000 0.000000
vn 1.000000 -0.000000 0.000000
vn 1.000000 0.000000 0.000000
vn -1.000000 -0.000000 0.000000
vn -1.000000 0.000000 0.000000
vn 1.000000 0.000001 0.000000
vn 1.000000 0.000000 0.000000
vn -1.000000 -0.000001 0.000000
vn -1.000000 -0.000000 0.000000
vn 1.000000 0.000001 0.000000
vn 1.000000 0.000000 0.000000
vn -1.000000 -0.000001 0.000000
vn -1.000000 -0.000001 0.000000
vn 1.000000 -0.000000 0.000000
vn 1.000000 -0.000000 0.000000
vn -1.000000 -0.000001 0.000000
vn -1.000000 -0.000001 0.000000
vn 1.000000 0.000000 0.000000
vn 1.000000 0.000000 0.000000
vn -1.000000 -0.000001 0.000000
vn -1.000000 -0.000001 0.000000
vn -0.943511 -0.234294 0.234293
vn -0.943512 0.000002 0.331340
vn -0.943512 0.000003 0.331340
vn -0.943511 -0.234294 0.234293
vn -0.943507 -0.331353 0.000008
vn -0.943507 -0.331353 -0.000004
vn -0.943504 -0.234314 -0.234302
vn -0.943504 -0.234305 -0.234311
vn -0.943502 0.000000 -0.331367
vn -0.943502 0.000001 -0.331367
vn -0.943505 0.234307 -0.234304
vn -0.943505 0.234304 -0.234307
vn -0.943508 0.331349 0.000006
vn -0.943508 0.331349 -0.000000
vn -0.943510 0.234292 0.234299
vn -0.943510 0.234298 0.234293
vn 0.000000 -0.382665 0.923887
vn 0.000000 -0.382665 0.923887
vn 0.000000 -0.382665 0.923887
vn 0.000000 -0.382665 0.923887
vn 0.000000 -0.923885 0.382670
vn 0.000000 -0.923885 0.382670
vn 0.000000 -0.923885 0.382670
vn 0.000000 -0.923885 0.382670
vn 0.000000 -0.923880 -0.382682
vn 0.000000 -0.923880 -0.382682
vn 0.000000 -0.923880 -0.382682
vn 0.000000 -0.923880 -0.382682
vn 0.000000 -0.382688 -0.923878
vn 0.000000 -0.382688 -0.923878
vn 0.000000 -0.382688 -0.923878
vn 0.000000 -0.382688 -0.923878
vn 0.000000 0.382694 -0.923875
vn 0.000000 0.382694 -0.923875
vn 0.000000 0.382694 -0.923875
vn 0.000000 0.382694 -0.923875
vn 0.000000 0.923880 -0.382682
vn 0.000000 0.923880 -0.382682
vn 0.000000 0.923880 -0.382682
vn 0.000000 0.923880 -0.382682
vn 0.000000 0.923878 0.382686
vn 0.000000 0.923878 0.382686
vn 0.000000 0.923878 0.382686
vn 0.000000 0.923878 0.382686
vn 0.000000 0.382682 0.923880
vn 0.000000 0.382682 0.923880
vn 0.000000 0.382682 0.923880
vn 0.000000 0.382682 0.923880
vn 0.073258 -0.381658 0.921396
vn 0.073258 -0.381658 0.921396
vn 0.033088 -0.382475 0.923373
vn 0.033088 -0.382475 0.923373
vn 0.073253 -0.921397 0.381656
vn 0.073253 -0.921397 0.381656
vn 0.033084 -0.923375 0.382471
vn 0.033084 -0.923375 0.382471
vn 0.073241 -0.921398 -0.381657
vn 0.073241 -0.921398 -0.381657
vn 0.033080 -0.923375 -0.382472
vn 0.033080 -0.923375 -0.382472
vn 0.073245 -0.381661 -0.921396
vn 0.073245 -0.381661 -0.921396
vn 0.033081 -0.382478 -0.923372
vn 0.033082 -0.382478 -0.923372
vn 0.073248 0.381658 -0.921397
vn 0.073248 0.381658 -0.921397
vn 0.033083 0.382476 -0.923373
vn 0.033083 0.382476 -0.923373
vn 0.073251 0.921398 -0.381655
vn 0.073251 0.921398 -0.381655
vn 0.033083 0.923374 -0.382473
vn 0.033084 0.923374 -0.382473
vn 0.073252 0.921398 0.381654
vn 0.073252 0.921398 0.381654
vn 0.033080 0.923373 0.382476
vn 0.033080 0.923373 0.382476
vn 0.073252 0.381654 0.921398
vn 0.073252 0.381654 0.921398
vn 0.033083 0.382476 0.923373
vn 0.033083 0.382476 0.923373
vn 1.000000 0.000001 0.000000
vn 1.000000 0.000000 0.000000
vn 0.000000 -0.578987 -0.815337
vn 0.000000 -0.578987 -0.815337
vn -1.000000 -0.000000 0.000000
vn -1.000000 0.000000 0.000000
vn 1.000000 0.000000 0.000000
vn -1.000000 -0.000000 0.000000
vn 0.000000 0.815330 0.578997
vn 0.000000 0.815330 0.578997
vn -1.000000 0.000002 0.000000
vn -1.000000 0.000001 0.000000
vn -1.000000 0.000001 0.000000
vn -1.000000 0.000002 0.000000
vn -1.000000 0.000000 0.000000
vn -1.000000 -0.000000 0.000000
vn -1.000000 -0.000001 0.000000
vn -1.000000 -0.000001 0.000000
vn -1.000000 -0.000001 0.000000
vn -1.000000 -0.000001 0.000000
vn -1.000000 -0.000000 0.000000
vn -1.000000 -0.000000 0.000000
vn -1.000000 -0.000001 0.000000
vn -1.000000 -0.000001 0.000000
vn -1.000000 0.000001 0.000000
vn -1.000000 0.000001 0.000000
vn 0.000000 0.923882 -0.382678
vn 0.000000 0.923882 -0.382678
vn 0.000000 0.923882 -0.382678
vn 0.000000 0.923882 -0.382678
vn 0.000000 0.382667 -0.923886
vn 0.000000 0.382667 -0.923886
vn 0.000000 0.382667 -0.923886
vn 0.000000 0.382667 -0.923886
vn 0.000000 -0.382692 -0.923876
vn 0.000000 -0.382692 -0.923876
vn 0.000000 -0.382692 -0.923876
vn 0.000000 -0.382692 -0.923876
vn 0.000000 -0.923875 -0.382694
vn 0.000000 -0.923875 -0.382694
vn 0.000000 -0.923875 -0.382694
vn 0.000000 -0.923875 -0.382694
vn 0.000000 -0.923879 0.382686
vn 0.000000 -0.923879 0.382686
vn 0.000000 -0.923879 0.382686
vn 0.000000 -0.923879 0.382686
vn 0.000000 -0.382695 0.923875
vn 0.000000 -0.382695 0.923875
vn 0.000000 -0.382695 0.923875
vn 0.000000 -0.382695 0.923875
vn 0.000000 0.382699 0.923873
vn 0.000000 0.382699 0.923873
vn 0.000000 0.382699 0.923873
vn 0.000000 0.382699 0.923873
vn 0.000000 0.923876 0.382693
vn 0.000000 0.923876 0.382693
vn 0.000000 0.923876 0.382693
vn 0.000000 0.923876 0.382693
vn -0.037992 0.382414 0.923210
vn -0.037992 0.382414 0.923210
vn -0.037988 -0.382405 0.923214
vn -0.037988 -0.382405 0.923214
vn -0.037989 -0.923216 0.382398
vn -0.037989 -0.923216 0.382398
vn -0.037979 -0.923216 -0.382400
vn -0.037979 -0.923216 -0.382400
vn -0.037982 -0.382408 -0.923213
vn -0.037982 -0.382408 -0.923213
vn -0.037986 0.382408 -0.923213
vn -0.037986 0.382408 -0.923213
vn -0.037987 0.923213 -0.382406
vn -0.037987 0.923213 -0.382406
vn -0.037997 0.923210 0.382414
vn -0.037997 0.923210 0.382414
vn 0.000000 0.707110 0.707103
vn 0.000000 0.707110 0.707103
vn 0.065740 0.498919 0.864152
vn 0.065740 0.864153 0.498916
vn 0.000000 0.258815 0.965927
vn 0.000000 0.258815 0.965927
vn 0.065739 -0.000000 0.997837
vn 0.000000 -0.258815 0.965927
vn 0.000000 -0.258815 0.965927
vn 0.065739 -0.498915 0.864154
vn 0.000000 -0.707104 0.707110
vn 0.000000 -0.707104 0.707110
vn 0.065739 -0.864152 0.498919
vn 0.000000 -0.965927 0.258814
vn 0.000000 -0.965927 0.258814
vn 0.065739 -0.997837 0.000000
vn 0.000000 -0.965927 -0.258817
vn 0.000000 -0.965927 -0.258817
vn 0.065739 -0.864151 -0.498921
vn 0.000000 -0.707104 -0.707110
vn 0.000000 -0.707104 -0.707110
vn 0.065740 -0.498918 -0.864152
vn 0.000000 -0.258821 -0.965925
vn 0.000000 -0.258821 -0.965925
vn 0.065740 -0.000000 -0.997837
vn 0.000000 0.258821 -0.965925
vn 0.000000 0.258821 -0.965925
vn 0.065740 0.498921 -0.864151
vn 0.000000 0.707111 -0.707103
vn 0.000000 0.707111 -0.707103
vn 0.065740 0.864152 -0.498918
vn 0.000000 0.965925 -0.258823
vn 0.000000 0.965925 -0.258823
vn 0.065740 0.997837 0.000000
vn 0.000000 0.965926 0.258820
vn 0.000000 0.965926 0.258820
vn 1.000000 0.000002 0.000000
vn 1.000000 -0.000002 0.000000
vn 1.000000 -0.000001 -0.000000
vn 1.000000 -0.000005 0.000000
vn 1.000000 -0.000005 -0.000003
vn 1.000000 -0.000005 -0.000003
vn 1.000000 0.000000 0.000000
vn 1.000000 0.000000 0.000003
vn 1.000000 0.000000 0.000003
vn 1.000000 0.000000 0.000000
vn 1.000000 0.000000 0.000000
vn 1.000000 0.000000 0.000000
vn 1.000000 0.000000 0.000000
vn 0.200855 0.848377 0.489810
vn 0.200854 0.979621 -0.000000
vn 0.200854 0.848376 -0.489811
vn 0.200855 0.489813 -0.848375
vn 0.200854 0.000000 -0.979621
vn 0.200854 -0.489810 -0.848377
vn 0.200853 -0.848375 -0.489814
vn 0.200851 -0.979622 -0.000000
vn 0.200853 -0.848376 0.489813
vn 0.200853 -0.489809 0.848378
vn 0.200852 -0.000000 0.979622
vn 0.200854 0.489811 0.848377
vn 1.000000 -0.000004 0.000000
vn 1.000000 -0.000001 0.000000
vn 1.000000 -0.000001 0.000000
vn 1.000000 -0.000004 0.000000
vn 1.000000 0.000000 0.000000
vn 1.000000 0.000000 0.000000
vn 1.000000 0.000000 0.000000
vn 1.000000 0.000000 0.000000
vn 1.000000 0.000001 0.000000
vn 1.000000 0.000001 0.000000
vn 1.000000 0.000001 0.000000
vn 1.000000 0.000001 0.000000
vn 1.000000 -0.000002 0.000000
vn 1.000000 -0.000002 0.000000
vn 1.000000 -0.000002 0.000000
vn 1.000000 -0.000002 0.000000
vn 1.000000 0.000000 0.000000
vn 1.000000 0.000000 0.000000
vn 1.000000 0.000002 0.000000
vn 1.000000 0.000002 0.000000
vn 1.000000 0.000002 0.000000
vn 1.000000 0.000002 0.000000
vn 1.000000 -0.000002 0.000000
vn 1.000000 -0.000002 0.000000
vn 0.324084 -0.819289 -0.473006
vn 0.324089 -0.473015 -0.819282
vn 0.324089 -0.473011 -0.819285
vn 0.324084 -0.819286 -0.473011
vn 0.324085 0.000002 -0.946028
vn 0.324085 0.000001 -0.946028
vn 0.324080 0.473009 -0.819289
vn 0.324080 0.473018 -0.819284
vn 0.324079 0.819290 -0.473009
vn 0.324079 0.819287 -0.473013
vn 0.324082 0.946029 0.000000
vn 0.324082 0.946029 0.000000
vn 0.324074 0.819290 0.473012
vn 0.324074 0.819285 0.473020
vn 0.324069 0.473014 0.819291
vn 0.324069 0.473023 0.819285
vn 0.324071 0.000003 0.946033
vn 0.324071 0.000002 0.946033
vn 0.324082 -0.473018 0.819283
vn 0.324082 -0.473014 0.819285
vn 0.324085 -0.819287 0.473009
vn 0.324085 -0.819283 0.473017
vn 0.324083 -0.946029 0.000000
vn 0.324083 -0.946029 0.000000
s 1
f 1/1/1 2/2/2 36/52/3 25/41/4
f 2/2/5 3/3/6 35/51/7 36/52/3
f 3/3/8 4/4/9 34/50/10 35/51/7
f 4/4/11 5/5/12 33/49/13 34/50/10
f 5/5/14 6/6/15 32/48/16 33/49/13
f 6/6/17 7/7/18 31/47/19 32/48/16
f 7/7/20 8/8/21 30/46/22 31/47/19
f 8/8/23 9/9/24 29/45/25 30/46/22
f 9/9/26 10/10/27 28/44/28 29/45/25
f 10/10/29 11/11/30 27/43/31 28/44/28
f 11/11/32 12/12/33 26/42/34 27/43/31
f 12/12/35 1/13/36 25/40/4 26/42/34
s 13
f 49/65/37 50/66/38 51/39/39
f 50/66/38 52/67/40 51/39/39
f 52/67/40 53/68/41 51/39/39
f 53/68/41 54/69/42 51/39/39
f 54/69/42 55/70/43 51/39/39
f 55/70/43 56/71/44 51/39/39
f 56/71/44 57/72/45 51/39/39
f 57/72/45 58/73/46 51/39/39
f 58/73/46 59/74/47 51/39/39
f 59/74/47 60/75/48 51/39/39
f 60/75/48 61/76/49 51/39/39
f 61/76/49 49/65/37 51/39/39
s 1
f 26/42/34 25/40/4 13/26/50 24/25/51
f 27/43/31 26/42/34 24/25/51 23/24/52
f 28/44/28 27/43/31 23/24/52 22/23/53
f 29/45/25 28/44/28 22/23/53 21/22/54
f 30/46/22 29/45/25 21/22/54 20/21/55
f 31/47/19 30/46/22 20/21/55 19/20/56
f 32/48/16 31/47/19 19/20/56 18/19/57
f 33/49/13 32/48/16 18/19/57 17/18/58
f 34/50/10 33/49/13 17/18/58 16/17/59
f 35/51/7 34/50/10 16/17/59 15/16/60
f 36/52/3 35/51/7 15/16/60 14/15/61
f 25/41/4 36/52/3 14/15/61 13/14/50
s 14
f 13/37/62 14/36/63 38/54/64 37/53/65
f 14/36/63 15/35/66 39/55/67 38/54/64
f 15/35/66 16/34/68 40/56/69 39/55/67
f 16/34/68 17/33/70 41/57/71 40/56/69
f 17/33/70 18/32/72 42/58/73 41/57/71
f 18/32/72 19/31/74 43/59/75 42/58/73
f 19/31/74 20/30/76 44/60/77 43/59/75
f 20/30/76 21/29/78 45/61/79 44/60/77
f 21/29/78 22/28/80 46/62/81 45/61/79
f 22/28/80 23/27/82 47/63/83 46/62/81
f 23/27/82 24/38/84 48/64/85 47/63/83
f 24/38/84 13/37/62 37/53/65 48/64/85
s 15
f 37/53/86 38/54/87 50/66/88 49/65/89
f 38/54/87 39/55/90 52/67/91 50/66/88
f 39/55/90 40/56/92 53/68/93 52/67/91
f 40/56/92 41/57/94 54/69/95 53/68/93
f 41/57/94 42/58/96 55/70/97 54/69/95
f 42/58/96 43/59/98 56/71/99 55/70/97
f 43/59/98 44/60/100 57/72/101 56/71/99
f 44/60/100 45/61/102 58/73/103 57/72/101
f 45/61/102 46/62/104 59/74/105 58/73/103
f 46/62/104 47/63/106 60/75/107 59/74/105
f 47/63/106 48/64/108 61/76/109 60/75/107
f 48/64/108 37/53/86 49/65/89 61/76/109
s 16
f 62/77/110 63/78/111 97/79/112 86/80/113
f 63/78/114 64/81/115 96/82/116 97/79/112
f 64/81/117 65/83/118 95/84/119 96/82/116
f 65/83/120 66/85/121 94/86/122 95/84/119
f 66/85/123 67/87/124 93/88/125 94/86/122
f 67/87/126 68/89/127 92/90/128 93/88/125
f 68/89/129 69/91/130 91/92/131 92/90/128
f 69/91/132 70/93/133 90/94/134 91/92/131
f 70/93/135 71/95/136 89/96/137 90/94/134
f 71/95/138 72/97/139 88/98/140 89/96/137
f 72/97/141 73/99/142 87/100/143 88/98/140
f 73/99/144 62/101/145 86/102/113 87/100/143
s 28
f 110/103/146 111/104/147 112/105/148
f 111/104/147 113/106/149 112/105/148
f 113/106/149 114/107/150 112/105/148
f 114/107/150 115/108/151 112/105/148
f 115/108/151 116/109/152 112/105/148
f 116/109/152 117/110/153 112/105/148
f 117/110/153 118/111/154 112/105/148
f 118/111/154 119/112/155 112/105/148
f 119/112/155 120/113/156 112/105/148
f 120/113/156 121/114/157 112/105/148
f 121/114/157 122/115/158 112/105/148
f 122/115/158 110/103/146 112/105/148
s 16
f 87/100/143 86/102/113 74/116/159 85/117/160
f 88/98/140 87/100/143 85/117/160 84/118/161
f 89/96/137 88/98/140 84/118/161 83/119/162
f 90/94/134 89/96/137 83/119/162 82/120/163
f 91/92/131 90/94/134 82/120/163 81/121/164
f 92/90/128 91/92/131 81/121/164 80/122/165
f 93/88/125 92/90/128 80/122/165 79/123/166
f 94/86/122 93/88/125 79/123/166 78/124/167
f 95/84/119 94/86/122 78/124/167 77/125/168
f 96/82/116 95/84/119 77/125/168 76/126/169
f 97/79/112 96/82/116 76/126/169 75/127/170
f 86/80/113 97/79/112 75/127/170 74/128/159
s 29
f 74/129/171 75/130/172 99/131/173 98/132/174
f 75/130/172 76/133/175 100/134/176 99/131/173
f 76/133/175 77/135/177 101/136/178 100/134/176
f 77/135/177 78/137/179 102/138/180 101/136/178
f 78/137/179 79/139/181 103/140/182 102/138/180
f 79/139/181 80/141/183 104/142/184 103/140/182
f 80/141/183 81/143/185 105/144/186 104/142/184
f 81/143/185 82/145/187 106/146/188 105/144/186
f 82/145/187 83/147/189 107/148/190 106/146/188
f 83/147/189 84/149/191 108/150/192 107/148/190
f 84/149/191 85/151/193 109/152/194 108/150/192
f 85/151/193 74/129/171 98/132/174 109/152/194
s 30
f 98/132/195 99/131/196 111/104/197 110/103/198
f 99/131/196 100/134/199 113/106/200 111/104/197
f 100/134/199 101/136/201 114/107/202 113/106/200
f 101/136/201 102/138/203 115/108/204 114/107/202
f 102/138/203 103/140/205 116/109/206 115/108/204
f 103/140/205 104/142/207 117/110/208 116/109/206
f 104/142/207 105/144/209 118/111/210 117/110/208
f 105/144/209 106/146/211 119/112/212 118/111/210
f 106/146/211 107/148/213 120/113/214 119/112/212
f 107/148/213 108/150/215 121/114/216 120/113/214
f 108/150/215 109/152/217 122/115/218 121/114/216
f 109/152/217 98/132/195 110/103/198 122/115/218
s 31
f 123/153/219 124/154/220 158/155/221 147/156/222
f 124/154/223 125/157/224 157/158/225 158/155/221
f 125/157/226 126/159/227 156/160/228 157/158/225
f 126/159/229 127/161/230 155/162/231 156/160/228
f 127/161/232 128/163/233 154/164/234 155/162/231
f 128/163/235 129/165/236 153/166/237 154/164/234
f 129/165/238 130/167/239 152/168/240 153/166/237
f 130/167/241 131/169/242 151/170/243 152/168/240
f 131/169/244 132/171/245 150/172/246 151/170/243
f 132/171/247 133/173/248 149/174/249 150/172/246
f 133/173/250 134/175/251 148/176/252 149/174/249
f 134/175/253 123/177/254 147/178/222 148/176/252
s 43
f 171/179/255 172/180/256 173/181/257
f 172/180/256 174/182/258 173/181/257
f 174/182/258 175/183/259 173/181/257
f 175/183/259 176/184/260 173/181/257
f 176/184/260 177/185/261 173/181/257
f 177/185/261 178/186/262 173/181/257
f 178/186/262 179/187/263 173/181/257
f 179/187/263 180/188/264 173/181/257
f 180/188/264 181/189/265 173/181/257
f 181/189/265 182/190/266 173/181/257
f 182/190/266 183/191/267 173/181/257
f 183/191/267 171/179/255 173/181/257
s 31
f 148/176/252 147/178/222 135/192/268 146/193/269
f 149/174/249 148/176/252 146/193/269 145/194/270
f 150/172/246 149/174/249 145/194/270 144/195/271
f 151/170/243 150/172/246 144/195/271 143/196/272
f 152/168/240 151/170/243 143/196/272 142/197/273
f 153/166/237 152/168/240 142/197/273 141/198/274
f 154/164/234 153/166/237 141/198/274 140/199/275
f 155/162/231 154/164/234 140/199/275 139/200/276
f 156/160/228 155/162/231 139/200/276 138/201/277
f 157/158/225 156/160/228 138/201/277 137/202/278
f 158/155/221 157/158/225 137/202/278 136/203/279
f 147/156/222 158/155/221 136/203/279 135/204/268
s 44
f 135/205/280 136/206/281 160/207/282 159/208/283
f 136/206/281 137/209/284 161/210/285 160/207/282
f 137/209/284 138/211/286 162/212/287 161/210/285
f 138/211/286 139/213/288 163/214/289 162/212/287
f 139/213/288 140/215/290 164/216/291 163/214/289
f 140/215/290 141/217/292 165/218/293 164/216/291
f 141/217/292 142/219/294 166/220/295 165/218/293
f 142/219/294 143/221/296 167/222/297 166/220/295
f 143/221/296 144/223/298 168/224/299 167/222/297
f 144/223/298 145/225/300 169/226/301 168/224/299
f 145/225/300 146/227/302 170/228/303 169/226/301
f 146/227/302 135/205/280 159/208/283 170/228/303
s 45
f 159/208/304 160/207/305 172/180/306 171/179/307
f 160/207/305 161/210/308 174/182/309 172/180/306
f 161/210/308 162/212/310 175/183/311 174/182/309
f 162/212/310 163/214/312 176/184/313 175/183/311
f 163/214/312 164/216/314 177/185/315 176/184/313
f 164/216/314 165/218/316 178/186/317 177/185/315
f 165/218/316 166/220/318 179/187/319 178/186/317
f 166/220/318 167/222/320 180/188/321 179/187/319
f 167/222/320 168/224/322 181/189/323 180/188/321
f 168/224/322 169/226/324 182/190/325 181/189/323
f 169/226/324 170/228/326 183/191/327 182/190/325
f 170/228/326 159/208/304 171/179/307 183/191/327
s 46
f 184/229/328 185/230/329 186/231/330 187/232/331
f 189/233/332 188/234/333 186/231/330 185/230/329
s 47
f 191/235/334 188/234/335 189/233/336 190/236/337
f 191/235/334 190/236/337 192/237/338 193/238/339
s off
f 192/237/340 196/239/341 197/240/342 193/238/343
f 197/240/344 196/239/345 194/241/346 195/242/347
s 48
f 198/243/348 187/244/349 186/245/350
f 186/245/350 188/246/351 191/247/352 198/243/348
f 198/243/348 191/247/352 200/248/353 199/249/354
f 193/250/355 201/251/356 200/248/353 191/247/352
f 201/251/356 193/250/355 197/252/357 195/253/358
s 49
f 185/254/359 184/255/360 202/3170/361 203/257/362
f 204/258/363 189/259/364 185/254/359 203/257/362
f 189/259/364 204/258/363 205/260/365 190/261/366
f 206/262/367 192/263/368 190/261/366 205/260/365
f 207/264/369 196/265/370 192/263/368 206/262/367
f 207/264/369 194/266/371 196/265/370
s 50
f 199/267/372 200/268/373 209/269/374 208/270/375
f 200/268/373 201/271/376 210/272/377 209/269/374
f 195/273/378 210/272/377 201/271/376
s 49
f 203/257/362 202/3170/361 211/274/379
f 204/258/363 203/257/362 211/274/379 212/275/380
s 51
f 205/260/381 204/258/382 212/275/383 213/276/384
f 213/276/384 212/275/383 216/277/385
f 216/277/385 212/275/383 214/278/386 215/279/387
f 221/280/388 222/281/389 218/282/390 217/283/391
f 216/277/385 215/279/387 220/284/392 219/285/393
f 219/285/393 220/284/392 222/281/389 221/280/388
s 53
f 216/286/394 219/287/395 223/288/396
f 217/289/397 224/290/398 221/291/399
f 221/291/399 224/290/398 223/288/396
f 219/287/395 221/291/399 223/288/396
s 55
f 223/292/400 225/293/401 213/276/402 216/277/403
f 213/276/402 225/293/401 226/294/404 205/260/405
f 206/262/406 205/260/405 226/294/404 227/295/407
f 206/262/406 227/295/407 228/296/408 207/264/409
f 228/296/408 195/297/410 194/266/411 207/264/409
f 195/297/410 228/296/408 210/298/412
s 56
f 228/299/413 229/300/414 209/269/415 210/272/416
f 230/301/417 229/300/414 228/299/413 227/302/418
f 231/303/419 230/301/417 227/302/418 226/304/420
f 226/304/420 225/305/421 232/306/422 231/303/419
f 232/306/422 225/305/421 223/307/423
f 223/307/423 233/308/424 234/309/425 232/306/422
s 57
f 218/310/426 222/311/427 236/312/428
f 236/312/428 222/311/427 235/313/429
f 215/314/430 235/313/429 222/311/427 220/315/431
s 58
f 238/316/432 237/317/433 239/318/434 240/319/435
s 59
f 209/269/436 239/320/437 237/321/438 208/270/439
f 230/301/440 239/320/437 209/269/436 229/300/441
s 60
f 238/316/442 241/322/443 242/323/444
s 61
f 242/324/445 241/325/446 243/326/447 244/327/448
s 62
f 243/326/449 241/325/450 245/328/451 246/329/452
s 60
f 241/322/443 238/316/442 240/319/453
f 241/322/443 240/319/453 247/330/454 245/331/455
f 249/332/456 245/331/455 247/330/454 248/333/457
s 62
f 245/328/451 249/334/458 250/335/459 246/329/452
s 63
f 250/336/460 249/337/461 248/338/462
s 64
f 252/339/463 251/340/464 248/333/465 247/330/466
f 239/318/467 252/339/463 247/330/466 240/319/468
s 59
f 231/303/469 252/341/470 239/320/437 230/301/440
f 251/342/471 252/341/470 231/303/469 232/306/472
f 234/309/473 251/342/471 232/306/472
s 63
f 248/338/462 251/343/474 234/344/475 253/345/476
f 250/336/460 248/338/462 253/345/476 254/346/477
f 234/344/475 233/347/478 255/348/479 256/349/480
f 234/344/475 256/349/480 257/350/481 253/345/476
f 253/345/476 257/350/481 258/351/482 254/346/477
f 259/352/483 254/346/477 258/351/482
s 66
f 250/335/484 254/353/485 261/354/486 260/355/487
f 254/353/485 259/356/488 262/357/489 261/354/486
s off
f 223/307/490 224/358/491 255/359/492 233/308/493
s 67
f 264/360/494 260/361/495 261/362/496 263/363/497
f 266/364/498 265/365/499 263/363/497 261/362/496
s off
f 263/366/500 267/367/501 268/368/502 264/369/503
f 265/370/504 269/371/505 267/367/506 263/366/507
s 68
f 236/372/508 235/373/509 270/374/510 271/375/511
f 266/376/512 270/374/510 235/373/509 272/377/513
s 69
f 235/313/514 215/314/515 272/378/516
f 215/314/515 273/379/517 272/378/516
s 68
f 266/376/512 272/377/513 274/380/518 275/381/519
f 275/381/519 274/380/518 276/382/520
f 275/381/519 276/382/520 277/383/521
f 277/383/521 278/384/522 279/385/523 275/381/519
s 70
f 275/381/524 279/385/525 280/386/526 281/387/527
f 269/388/528 265/389/529 275/381/524 281/387/527
f 266/376/530 275/381/524 265/389/529
s 67
f 283/390/531 261/362/496 262/391/532 282/392/533
f 266/364/498 261/362/496 283/390/531 284/393/534
f 266/364/498 284/393/534 271/394/535 270/395/536
s 49
f 212/275/380 211/274/379 285/396/537 214/278/538
f 214/278/538 285/396/537 286/3166/539 287/398/540
f 214/278/538 287/398/540 288/399/541
s 51
f 289/400/542 291/401/543 292/402/544
f 214/278/386 290/403/545 273/404/546
f 288/399/547 289/400/542 290/403/545
f 289/400/542 288/399/547 291/401/543
s off
f 292/402/548 291/401/549 293/405/550 294/406/551
s 73
f 294/407/552 293/408/553 295/409/554
s 74
f 289/410/555 292/411/556 294/412/557
s 75
f 273/379/558 290/413/559 272/378/560
s 74
f 276/414/561 289/410/555 294/412/557 296/415/562
s off
f 274/416/563 290/413/564 289/410/565 276/414/566
s 75
f 274/416/567 272/378/560 290/413/559
s 74
f 296/415/562 277/417/568 276/414/561
s 76
f 291/418/569 288/419/570 297/420/571 298/421/572
f 297/420/571 288/419/570 287/422/573 299/423/574
f 291/418/569 298/421/572 300/424/575 293/425/576
s 77
f 302/426/577 301/427/578 298/421/579 297/420/580
s 76
f 301/427/581 303/428/582 300/424/575 298/421/572
s 77
f 304/429/583 302/426/577 297/420/580 299/423/584
s 76
f 301/427/581 302/426/585 304/429/586 303/428/582
f 300/424/575 303/428/582 305/430/587 306/431/588
s 73
f 309/432/589 307/433/590 308/434/591
f 310/435/592 295/409/554 307/433/590 309/432/589
f 310/435/592 311/436/593 294/407/552 295/409/554
f 313/437/594 312/438/595 294/407/552 311/436/593
f 315/439/596 314/440/597 312/438/595 313/437/594
s off
f 311/441/598 310/442/599 316/443/600 317/444/601
f 314/445/602 315/446/603 318/447/604 319/448/605
f 312/449/606 314/445/607 319/448/608 320/450/609
s 76
f 295/451/610 293/452/576 306/453/588 321/454/611
s off
f 307/455/612 295/451/613 321/454/614 322/456/615
f 308/457/616 307/455/617 322/456/618 323/458/619
s 79
f 309/459/620 308/457/621 323/458/622 324/460/623
f 310/442/624 309/459/620 324/460/623 316/443/625
s 80
f 315/446/626 313/461/627 325/462/628 318/447/629
f 313/461/627 311/441/630 317/444/631 325/462/628
s 74
f 312/449/632 320/450/633 296/463/562 294/464/557
s 76
f 300/424/575 306/431/588 293/425/576
s 66
f 244/327/634 243/326/635 246/329/636 326/465/637
f 326/465/637 246/329/636 250/335/484 327/466/638
f 327/466/638 250/335/484 260/355/487 328/467/639
f 328/467/639 260/355/487 329/468/640 330/469/641
f 330/469/641 329/468/640 331/470/642 332/471/643
s 82
f 264/472/644 268/473/645 333/474/646 260/355/647
f 260/355/647 333/474/646 329/468/648
f 331/470/649 329/468/648 333/474/646 334/475/650
s 83
f 333/476/651 268/477/652 267/478/653 335/479/654
f 267/478/653 269/480/655 336/481/656 335/479/654
f 337/482/657 336/481/656 269/480/655 281/483/658
s 84
f 281/484/659 280/485/660 338/486/661 337/487/662
f 337/487/662 338/486/661 339/488/663 336/489/664
f 336/489/664 339/488/663 340/490/665 335/491/666
f 335/491/666 340/490/665 334/492/667 333/493/668
s 76
f 332/494/669 331/495/670 334/496/671 341/497/672
f 341/497/672 334/496/671 342/498/673
f 343/499/674 342/498/673 334/496/671 340/500/675
f 344/501/676 343/499/674 340/500/675 339/502/677
f 345/503/678 344/501/676 339/502/677 338/504/679
f 338/504/679 280/505/680 305/506/587 345/503/678
f 279/507/681 278/508/682 305/506/587 280/505/680
f 278/509/682 306/431/588 305/430/587
s 86
f 342/510/683 343/511/684 346/512/685 347/513/686
s off
f 349/514/687 348/515/688 347/513/689 346/512/690
f 344/516/691 349/517/692 346/518/693 343/519/694
s 87
f 345/520/695 350/521/696 349/517/697 344/516/698
f 350/522/696 351/523/699 348/515/700 349/514/697
s 88
f 305/524/701 352/525/702 350/521/703 345/520/704
s 87
f 351/523/699 350/522/696 353/526/705 354/527/706
f 354/527/706 353/526/705 355/528/707 356/529/708
f 356/529/708 355/528/707 357/530/709 358/531/710
f 358/531/710 357/530/709 359/532/711 360/533/712
s 88
f 353/534/713 350/521/703 352/525/702 361/535/714
f 353/534/713 361/535/714 362/536/715 355/537/716
f 359/538/717 357/539/718 363/540/719 364/541/720
f 363/540/719 357/539/718 355/537/716 362/536/715
f 365/542/721 363/540/719 362/536/715
s 89
f 366/543/722 360/544/723 359/545/724 364/546/725
f 368/547/726 366/543/722 364/546/725 367/548/727
s 88
f 369/549/728 367/550/729 364/541/720 363/540/719
f 370/551/730 369/549/728 363/540/719 365/542/721
s 90
f 371/552/731 368/553/732 367/550/733 369/549/734
f 372/554/735 371/552/731 369/549/734 370/551/736
s off
f 374/555/737 1948/3172/738 372/556/739 370/557/740
s 88
f 375/558/741 374/555/742 370/557/730 365/559/721
f 365/559/721 362/560/715 376/561/743 375/558/741
f 376/561/743 362/560/715 361/562/744
f 376/561/743 361/562/744 352/563/745
f 377/564/746 376/561/743 352/563/745 305/565/747
f 303/566/748 377/564/746 305/565/747
s 91
f 299/567/749 376/561/750 304/568/751
f 376/561/750 377/564/752 304/568/751
f 304/568/751 377/564/752 303/566/753
f 378/569/754 379/570/755 376/561/750
f 287/571/756 378/569/754 376/561/750 299/567/749
s 49
f 286/572/539 380/3165/757 378/569/758 287/571/540
f 380/3165/757 381/3163/759 379/570/760 378/569/758
f 383/3164/761 382/576/762 379/570/760 381/3163/759
f 385/577/763 382/576/762 383/3164/761 384/578/764
s 91
f 379/570/755 382/576/765 375/558/766 376/561/750
s off
f 374/555/767 375/558/768 382/576/769 385/577/770
s 49
f 374/555/771 385/577/763 384/578/764 1947/3173/772
s 93
f 316/579/773 324/580/774 306/581/775
f 317/582/776 316/579/773 306/581/775 296/583/777
f 325/584/778 317/582/776 296/583/777
f 306/581/775 322/585/779 321/586/780
s 94
f 278/384/781 277/383/782 306/587/783
f 296/588/784 306/587/783 277/383/782
s 93
f 306/581/775 324/580/774 323/589/785 322/585/779
f 325/584/778 296/583/777 319/590/786 318/591/787
f 320/592/788 319/590/786 296/583/777
s 95
f 217/593/789 218/594/790 387/595/791 386/596/792
f 284/597/793 283/598/794 388/599/795 389/600/796
f 283/598/794 282/601/797 390/602/798 388/599/795
f 271/603/799 284/597/793 389/600/796 391/604/800
s 97
f 390/605/801 282/606/802 262/607/803 392/608/804
s 95
f 258/609/805 257/610/806 393/611/807 394/612/808
f 257/610/806 256/613/809 395/614/810 393/611/807
f 256/613/809 255/615/811 396/616/812 395/614/810
s 97
f 259/617/813 258/618/814 394/619/815 397/620/816
s 95
f 398/621/817 394/612/808 393/611/807
f 399/622/818 394/612/808 398/621/817
f 400/623/819 388/599/795 390/602/798
f 387/595/791 218/594/790 401/624/820 402/625/821
f 217/593/789 386/596/792 404/626/822 405/627/823
f 217/593/789 405/627/823 403/628/824
f 386/596/792 387/595/791 407/629/825 406/630/826
f 387/595/791 402/625/821 408/631/827 407/629/825
f 404/626/822 386/596/792 406/630/826 409/632/828
f 406/630/826 407/629/825 411/633/829 410/634/830
f 407/629/825 408/631/827 412/635/831 411/633/829
f 409/632/828 406/630/826 410/634/830 413/636/832
f 410/634/833 411/633/834 415/637/835 414/638/836
f 411/633/834 412/635/837 416/639/838 415/637/835
f 413/636/839 410/634/833 414/638/836 417/640/840
f 414/638/836 415/637/835 419/641/841 418/642/842
f 415/637/835 416/639/838 420/643/843 419/641/841
f 417/640/840 414/638/836 418/642/842 421/644/844
f 418/642/842 419/641/841 423/645/845 422/646/846
f 419/641/841 420/643/843 424/647/847 423/645/845
f 422/646/846 425/648/848 421/644/844 418/642/842
f 425/648/848 422/646/846 426/649/849 427/650/850
f 427/650/850 426/649/849 428/651/851 429/652/852
f 394/653/808 399/654/818 429/652/852 428/651/851
f 423/645/845 424/647/847 431/655/853 430/656/854
f 430/656/854 431/655/853 433/657/855 432/658/856
f 432/658/856 433/657/855 400/659/819 390/660/798
f 401/624/820 218/594/790 236/661/857 434/662/858
f 236/661/857 271/603/799 391/604/800 434/662/858
f 217/593/789 403/628/824 436/663/859
f 224/664/860 435/665/861 396/616/812 255/615/811
f 217/593/789 436/663/859 435/665/861 224/664/860
s off
f 422/666/862 423/667/863 438/668/864 437/669/865
s 97
f 392/608/804 262/607/803 439/670/866
f 262/607/803 259/617/813 440/671/867 439/670/866
f 259/617/813 397/620/816 440/671/867
s 101
f 392/608/868 439/670/869 432/672/870 390/673/871
f 441/674/872 438/668/873 423/675/874 430/676/875
f 442/677/876 441/674/872 430/676/875 432/672/870
f 442/677/876 432/672/870 439/670/869
s 103
f 441/674/877 442/677/878 443/678/879 444/679/880
s 104
f 444/679/881 443/678/882 428/680/883 426/681/884
f 437/669/885 444/679/881 426/681/884 422/682/886
s 103
f 441/674/877 444/679/880 437/669/887 438/668/888
f 443/678/879 442/677/878 439/670/889 440/671/890
s 104
f 443/678/882 440/671/891 397/620/892 428/680/883
f 428/680/883 397/620/892 394/683/893
s 105
f 403/684/894 405/685/895 446/686/896 445/687/897
f 448/688/898 447/689/899 404/690/900
f 447/689/899 446/686/896 405/685/895
f 448/688/898 404/690/900 409/691/901 449/692/902
s off
f 436/693/903 403/684/904 450/694/905
s 105
f 445/687/897 450/694/906 403/684/894
f 404/690/900 447/689/899 405/685/895
s 107
f 436/693/907 450/694/908 451/695/909
f 452/696/910 435/697/911 436/693/907 451/695/909
s 108
f 396/698/912 435/697/913 452/696/914 453/699/915
s 105
f 454/700/916 449/692/902 409/691/901 413/701/917
f 454/700/916 413/701/917 455/702/918
f 413/701/917 417/703/919 456/704/920 455/702/918
f 456/704/920 417/703/919 457/705/921
f 459/706/922 457/705/921 417/703/919 458/707/923
f 458/707/923 417/703/919 421/708/924
f 458/707/923 425/709/925 460/710/926
f 461/711/927 460/710/926 425/709/925
f 427/712/928 463/713/929 461/711/927
f 462/714/930 460/710/926 461/711/927
f 458/707/923 421/708/924 425/709/925
f 427/712/928 461/711/927 425/709/925
f 465/715/931 464/716/932 463/713/929 427/712/928
f 427/712/928 429/717/933 466/718/934 465/715/931
f 429/717/933 399/719/935 467/720/936 466/718/934
f 399/719/935 398/721/937 468/722/938 467/720/936
s 108
f 468/722/939 398/721/940 469/723/941
f 398/721/940 393/724/942 470/725/943 469/723/941
f 393/724/942 395/726/944 471/727/945 470/725/943
f 396/728/912 472/729/946 471/727/945 395/726/944
f 473/730/947 396/698/912 453/699/915
s off
f 447/689/948 448/688/949 474/731/950 475/732/951
s 111
f 448/688/952 449/692/953 476/733/954 474/731/955
f 449/692/953 454/700/956 477/734/957 476/733/954
f 454/700/956 455/702/958 478/735/959 477/734/957
s 112
f 455/702/960 456/704/961 479/736/962 478/735/963
f 456/704/961 457/705/964 480/737/965 479/736/962
f 457/705/964 459/706/966 481/738/967 480/737/965
s off
f 447/689/968 475/732/969 482/739/970 446/686/971
f 446/686/972 482/739/973 483/740/974 445/687/975
f 451/695/976 450/694/977 484/741/978 485/742/979
f 445/687/980 483/740/981 484/741/982 450/694/983
f 481/738/984 459/706/985 458/707/986 486/743/987
f 486/743/988 458/707/989 460/710/990 487/744/991
f 487/744/992 460/710/993 462/714/994 488/745/995
f 488/745/996 462/714/997 461/711/998 489/746/999
f 489/746/1000 461/711/1001 463/713/1002 490/747/1003
s 113
f 490/747/1004 463/713/1005 464/716/1006 491/748/1007
f 453/699/1008 452/696/1009 492/749/1010 493/750/1011
f 452/696/1009 451/695/1012 485/742/1013 492/749/1010
f 453/699/1008 493/750/1011 494/751/1014 473/730/1015
f 472/729/1016 473/752/1015 494/753/1014 495/754/1017
f 464/716/1006 465/715/1018 496/755/1019 491/748/1007
f 465/715/1018 466/718/1020 497/756/1021 496/755/1019
f 466/718/1020 467/720/1022 498/757/1023 497/756/1021
f 467/720/1022 468/722/1024 499/758/1025 498/757/1023
f 468/722/1024 469/723/1026 500/759/1027 499/758/1025
f 469/723/1026 470/725/1028 501/760/1029 500/759/1027
f 470/725/1028 471/727/1030 502/761/1031 501/760/1029
f 471/727/1030 472/729/1016 495/754/1017 502/761/1031
s 115
f 474/731/1032 476/733/1033 503/762/1034 475/732/1035
s off
f 483/740/1036 482/739/1037 475/732/1038 484/741/1039
s 116
f 492/749/1040 485/742/1041 484/741/1042 504/763/1043
f 504/763/1043 505/764/1044 493/750/1045 492/749/1040
f 506/765/1046 494/751/1047 493/750/1045 505/764/1044
f 506/766/1046 507/767/1048 495/754/1049 494/753/1047
f 507/767/1048 508/768/1050 502/761/1051 495/754/1049
f 508/768/1050 509/769/1052 501/760/1053 502/761/1051
f 511/770/1054 510/771/1055 498/757/1056 499/758/1057
f 499/758/1057 500/759/1058 512/772/1059 511/770/1054
f 500/759/1058 501/760/1053 509/769/1052 512/772/1059
f 510/771/1055 513/773/1060 497/756/1061 498/757/1056
f 513/773/1060 514/774/1062 496/755/1063 497/756/1061
f 514/774/1062 515/775/1064 491/748/1065 496/755/1063
f 515/775/1064 489/746/1066 490/747/1067 491/748/1065
s off
f 487/744/1068 488/745/1069 489/746/1070 486/743/1071
s 115
f 516/776/1072 503/762/1034 476/733/1033 477/734/1073
f 517/777/1074 516/776/1072 477/734/1073 478/735/1075
f 478/735/1075 479/736/1076 518/778/1077 517/777/1074
f 479/736/1076 480/737/1078 519/779/1079 518/778/1077
f 480/737/1078 481/738/1080 486/743/1081 519/779/1079
s 118
f 475/732/1082 503/762/1083 521/780/1084 520/781/1085
f 484/741/1086 475/732/1082 520/781/1085 522/782/1087
f 484/741/1086 522/782/1087 504/763/1088
f 523/783/1089 505/764/1090 504/763/1088 522/782/1087
f 523/783/1089 506/765/1091 505/764/1090
f 523/784/1089 507/767/1092 506/766/1091
f 524/785/1093 509/769/1094 508/768/1095
f 507/767/1092 523/784/1089 524/785/1093 508/768/1095
f 516/776/1096 525/786/1097 521/780/1084 503/762/1083
f 525/786/1097 516/776/1096 517/777/1098
f 525/786/1097 517/777/1098 518/778/1099
f 519/779/1100 526/787/1101 525/786/1097 518/778/1099
f 527/788/1102 526/787/1101 519/779/1100 486/743/1103
f 486/743/1103 489/746/1104 528/789/1105 527/788/1102
f 524/785/1093 529/790/1106 512/772/1107 509/769/1094
f 529/790/1106 511/770/1108 512/772/1107
f 511/770/1108 529/790/1106 530/791/1109 510/771/1110
f 530/791/1109 513/773/1111 510/771/1110
f 530/791/1109 514/774/1112 513/773/1111
f 514/774/1112 530/791/1109 531/792/1113 515/775/1114
f 489/746/1104 515/775/1114 531/792/1113 528/789/1105
s 120
f 520/793/1115 521/794/1116 532/795/1117
f 526/796/1118 527/797/1119 532/795/1117
f 525/798/1120 526/796/1118 532/795/1117 521/794/1116
f 528/799/1121 531/800/1122 532/795/1117
f 532/795/1117 527/797/1119 528/799/1121
f 522/801/1123 520/793/1115 532/795/1117
f 530/802/1124 529/803/1125 532/795/1117
f 532/795/1117 531/800/1122 530/802/1124
f 532/795/1117 529/803/1125 524/804/1126
f 522/801/1123 532/795/1117 524/804/1126 523/805/1127
s 124
f 389/806/1128 388/807/1129 533/808/1130 534/809/1131
f 391/810/1132 389/806/1128 534/809/1131 535/811/1133
f 388/807/1129 400/812/1134 536/813/1135 533/808/1130
f 402/814/1136 401/815/1137 537/816/1138 538/817/1139
f 408/818/1140 402/814/1136 538/817/1139 539/819/1141
f 412/820/1142 408/818/1140 539/819/1141 540/821/1143
f 416/822/1144 412/820/1142 540/821/1143
f 420/823/1145 416/822/1144 540/821/1143 541/824/1146
f 424/825/1147 420/823/1145 541/824/1146 542/826/1148
f 431/827/1149 424/825/1147 542/826/1148 543/828/1150
f 433/829/1151 431/827/1149 543/828/1150
f 400/812/1134 433/829/1151 543/828/1150 536/813/1135
f 401/815/1137 434/830/1152 535/811/1133 537/816/1138
f 434/830/1152 391/810/1132 535/811/1133
f 534/809/1131 533/808/1130 544/831/1153
f 535/811/1133 534/809/1131 544/831/1153
f 533/808/1130 536/813/1135 544/831/1153
f 538/817/1154 537/816/1138 544/831/1153
f 539/819/1141 538/817/1154 544/831/1153
f 540/821/1143 539/819/1141 544/831/1153
f 541/824/1146 540/821/1143 544/831/1153
f 542/826/1148 541/824/1146 544/831/1153
f 543/828/1150 542/826/1148 544/831/1153
f 536/813/1135 543/828/1150 544/831/1153
f 537/816/1138 535/811/1133 544/831/1153
s 51
f 214/278/386 273/404/546 215/279/387
f 288/399/547 290/403/545 214/278/386
s 108
f 473/752/947 472/729/946 396/728/912
s 46
f 184/229/328 187/232/331 546/833/1155 545/832/1156
f 548/834/1157 545/832/1156 546/833/1155 547/835/1158
s 126
f 550/836/1159 549/837/1160 548/834/1161 547/835/1162
f 550/836/1159 552/839/1163 551/838/1164 549/837/1160
s off
f 551/838/1165 552/839/1166 556/841/1167 555/840/1168
f 556/841/1169 554/843/1170 553/842/1171 555/840/1172
s 48
f 198/243/348 546/844/1173 187/244/349
f 546/844/1173 198/243/348 550/846/1174 547/845/1175
f 198/243/348 199/249/354 557/847/1176 550/846/1174
f 552/848/1177 550/846/1174 557/847/1176 558/849/1178
f 558/849/1178 554/851/1179 556/850/1180 552/848/1177
s 49
f 545/852/1181 559/853/1182 202/256/361 184/3169/360
f 560/854/1183 559/853/1182 545/852/1181 548/855/1184
f 548/855/1184 549/857/1185 561/856/1186 560/854/1183
f 562/858/1187 561/856/1186 549/857/1185 551/859/1188
f 563/860/1189 562/858/1187 551/859/1188 555/861/1190
f 563/860/1189 555/861/1190 553/862/1191
s 127
f 199/863/1192 564/866/1193 565/865/1194 557/864/1195
f 557/864/1195 565/865/1194 566/868/1196 558/867/1197
f 554/869/1198 558/867/1197 566/868/1196
s 49
f 559/853/1182 567/870/1199 202/256/361
f 560/854/1183 568/871/1200 567/870/1199 559/853/1182
s 128
f 561/856/1201 569/872/1202 568/871/1203 560/854/1204
f 569/872/1202 572/873/1205 568/871/1203
f 572/873/1205 571/875/1206 570/874/1207 568/871/1203
f 577/876/1208 573/879/1209 574/878/1210 578/877/1211
f 572/873/1205 575/881/1212 576/880/1213 571/875/1206
f 575/881/1212 577/876/1208 578/877/1211 576/880/1213
s 130
f 572/882/1214 579/884/1215 575/883/1216
f 573/885/1217 577/887/1218 580/886/1219
f 577/887/1218 579/884/1215 580/886/1219
f 575/883/1216 579/884/1215 577/887/1218
s 132
f 579/888/1220 572/873/1221 569/872/1222 581/889/1223
f 569/872/1222 561/856/1224 582/890/1225 581/889/1223
f 562/858/1226 583/891/1227 582/890/1225 561/856/1224
f 562/858/1226 563/860/1228 584/892/1229 583/891/1227
f 584/892/1229 563/860/1228 553/862/1230 554/893/1231
f 554/893/1231 566/894/1232 584/892/1229
s 133
f 584/895/1233 566/868/1234 565/865/1235 585/896/1236
f 586/897/1237 583/898/1238 584/895/1233 585/896/1236
f 587/899/1239 582/900/1240 583/898/1238 586/897/1237
f 582/900/1240 587/899/1239 588/902/1241 581/901/1242
f 588/902/1241 579/903/1243 581/901/1242
f 579/903/1243 588/902/1241 590/905/1244 589/904/1245
s 134
f 574/906/1246 592/908/1247 578/907/1248
f 592/908/1247 591/909/1249 578/907/1248
f 571/910/1250 576/911/1251 578/907/1248 591/909/1249
s 58
f 238/316/432 594/913/1252 593/912/1253 237/317/433
s 135
f 565/865/1254 564/866/1255 237/915/1256 593/914/1257
f 586/897/1258 585/896/1259 565/865/1254 593/914/1257
s 60
f 238/316/442 242/323/444 595/916/1260
s 61
f 242/324/445 244/327/448 596/918/1261 595/917/1262
s 136
f 596/918/1263 598/920/1264 597/919/1265 595/917/1266
s 60
f 595/916/1260 594/913/1267 238/316/442
f 595/916/1260 597/922/1268 599/921/1269 594/913/1267
f 601/923/1270 600/924/1271 599/921/1269 597/922/1268
s 136
f 597/919/1265 598/920/1264 602/926/1272 601/925/1273
s 137
f 602/927/1274 600/929/1275 601/928/1276
s 138
f 604/930/1277 599/921/1278 600/924/1279 603/931/1280
f 593/912/1281 594/913/1282 599/921/1278 604/930/1277
s 135
f 587/899/1283 586/897/1258 593/914/1257 604/932/1284
f 603/933/1285 588/902/1286 587/899/1283 604/932/1284
f 590/905/1287 588/902/1286 603/933/1285
s 137
f 600/929/1275 605/936/1288 590/935/1289 603/934/1290
f 602/927/1274 606/937/1291 605/936/1288 600/929/1275
f 590/935/1289 608/940/1292 607/939/1293 589/938/1294
f 590/935/1289 605/936/1288 609/941/1295 608/940/1292
f 605/936/1288 606/937/1291 610/942/1296 609/941/1295
f 611/943/1297 610/942/1296 606/937/1291
s 66
f 602/926/1298 612/946/1299 613/945/1300 606/944/1301
f 606/944/1301 613/945/1300 614/948/1302 611/947/1303
s off
f 579/903/1304 589/904/1305 607/950/1306 580/949/1307
s 139
f 616/951/1308 615/954/1309 613/953/1310 612/952/1311
f 618/955/1312 613/953/1310 615/954/1309 617/956/1313
s off
f 615/957/1314 616/960/1315 620/959/1316 619/958/1317
f 617/961/1318 615/957/1319 619/958/1320 621/962/1321
s 140
f 592/963/1322 623/966/1323 622/965/1324 591/964/1325
f 618/967/1326 624/968/1327 591/964/1325 622/965/1324
s 141
f 591/909/1328 624/969/1329 571/910/1330
f 571/910/1330 624/969/1329 625/970/1331
s 140
f 618/967/1326 627/972/1332 626/971/1333 624/968/1327
f 627/972/1332 628/973/1334 626/971/1333
f 627/972/1332 629/974/1335 628/973/1334
f 629/974/1335 627/972/1332 631/976/1336 630/975/1337
s 142
f 627/972/1338 633/978/1339 632/977/1340 631/976/1341
f 621/979/1342 633/978/1339 627/972/1338 617/980/1343
f 618/967/1344 617/980/1343 627/972/1338
s 139
f 635/981/1345 634/983/1346 614/982/1347 613/953/1310
f 618/955/1312 636/984/1348 635/981/1345 613/953/1310
f 618/955/1312 622/986/1349 623/985/1350 636/984/1348
s 49
f 568/871/1200 570/874/1351 285/3168/537 567/870/1199
f 570/874/1351 637/987/1352 286/397/539 285/3168/537
f 570/874/1351 638/988/1353 637/987/1352
s 128
f 639/989/1354 642/991/1355 641/990/1356
f 570/874/1207 625/993/1357 640/992/1358
f 638/988/1359 640/992/1358 639/989/1354
f 639/989/1354 641/990/1356 638/988/1359
s off
f 642/991/1360 644/995/1361 643/994/1362 641/990/1363
s 144
f 644/996/1364 645/998/1365 643/997/1366
s 145
f 639/999/1367 644/1001/1368 642/1000/1369
s 146
f 625/970/1370 624/969/1371 640/1002/1372
s 145
f 628/1003/1373 646/1004/1374 644/1001/1368 639/999/1367
s off
f 626/1005/1375 628/1003/1376 639/999/1377 640/1002/1378
s 146
f 626/1005/1379 640/1002/1372 624/969/1371
s 145
f 646/1004/1374 628/1003/1373 629/1006/1380
s 76
f 641/1007/1381 648/1010/1382 647/1009/1383 638/1008/1384
f 647/1009/1383 649/1012/1385 637/1011/1386 638/1008/1384
f 641/1007/1381 643/1014/1387 650/1013/1388 648/1010/1382
s 148
f 652/1015/1389 647/1009/1390 648/1010/1391 651/1016/1392
s 76
f 651/1016/1393 648/1010/1382 650/1013/1388 653/1017/1394
s 148
f 654/1018/1395 649/1012/1396 647/1009/1390 652/1015/1389
s 76
f 651/1016/1393 653/1017/1394 654/1018/1397 652/1015/1398
f 650/1013/1388 656/1020/1399 655/1019/1400 653/1017/1394
s 144
f 659/1021/1401 658/1023/1402 657/1022/1403
f 660/1024/1404 659/1021/1401 657/1022/1403 645/998/1365
f 660/1024/1404 645/998/1365 644/996/1364 661/1025/1405
f 663/1026/1406 661/1025/1405 644/996/1364 662/1027/1407
f 665/1028/1408 663/1026/1406 662/1027/1407 664/1029/1409
s off
f 661/1030/1410 667/1033/1411 666/1032/1412 660/1031/1413
f 664/1034/1414 669/1037/1415 668/1036/1416 665/1035/1417
f 662/1038/1418 670/1039/1419 669/1037/1420 664/1034/1421
s 76
f 645/1040/1422 671/1043/1423 656/1042/1399 643/1041/1387
s off
f 657/1044/1424 672/1045/1425 671/1043/1426 645/1040/1427
f 658/1046/1428 673/1047/1429 672/1045/1430 657/1044/1431
s 150
f 659/1048/1432 674/1049/1433 673/1047/1434 658/1046/1435
f 660/1031/1436 666/1032/1437 674/1049/1433 659/1048/1432
s 151
f 665/1035/1438 668/1036/1439 675/1051/1440 663/1050/1441
f 663/1050/1441 675/1051/1440 667/1033/1442 661/1030/1443
s 145
f 662/1038/1444 644/1053/1368 646/1052/1374 670/1039/1445
s 76
f 650/1013/1388 643/1014/1387 656/1020/1399
s 66
f 244/327/634 326/465/637 598/920/1446 596/918/1447
f 326/465/637 327/466/638 602/926/1298 598/920/1446
f 327/466/638 328/467/639 612/946/1299 602/926/1298
f 328/467/639 330/469/641 676/1054/1448 612/946/1299
f 330/469/641 332/471/643 677/1055/1449 676/1054/1448
s 152
f 616/1056/1450 612/946/1451 678/1058/1452 620/1057/1453
f 612/946/1451 676/1054/1454 678/1058/1452
f 677/1055/1455 679/1059/1456 678/1058/1452 676/1054/1454
s 153
f 678/1060/1457 680/1063/1458 619/1062/1459 620/1061/1460
f 619/1062/1459 680/1063/1458 681/1065/1461 621/1064/1462
f 682/1066/1463 633/1067/1464 621/1064/1462 681/1065/1461
s 154
f 633/1068/1465 682/1071/1466 683/1070/1467 632/1069/1468
f 682/1071/1466 681/1073/1469 684/1072/1470 683/1070/1467
f 681/1073/1469 680/1075/1471 685/1074/1472 684/1072/1470
f 680/1075/1471 678/1077/1473 679/1076/1474 685/1074/1472
s 76
f 332/494/669 341/497/672 679/1079/1475 677/1078/1476
f 341/497/672 342/498/673 679/1079/1475
f 686/1080/1477 685/1081/1478 679/1079/1475 342/498/673
f 687/1082/1479 684/1083/1480 685/1081/1478 686/1080/1477
f 688/1084/1481 683/1085/1482 684/1083/1480 687/1082/1479
f 683/1085/1482 688/1084/1481 655/1087/1400 632/1086/1483
f 631/1088/1484 632/1086/1483 655/1087/1400 630/1089/1485
f 630/1090/1485 655/1019/1400 656/1020/1399
s 86
f 342/510/683 347/513/686 689/1092/1486 686/1091/1487
s off
f 691/1093/1488 689/1092/1489 347/513/1490 690/1094/1491
f 687/1095/1492 686/1098/1493 689/1097/1494 691/1096/1495
s 87
f 688/1099/1496 687/1095/1497 691/1096/1498 692/1100/1499
f 692/1101/1499 691/1093/1498 690/1094/1500 351/523/699
s 156
f 655/1102/1501 688/1099/1502 692/1100/1503 693/1103/1504
s 87
f 351/523/699 354/527/706 694/1104/1505 692/1101/1499
f 354/527/706 696/1106/1506 695/1105/1507 694/1104/1505
f 696/1106/1506 698/1108/1508 697/1107/1509 695/1105/1507
f 698/1108/1508 360/1110/1510 699/1109/1511 697/1107/1509
s 156
f 694/1111/1512 700/1112/1513 693/1103/1504 692/1100/1503
f 694/1111/1512 695/1114/1514 701/1113/1515 700/1112/1513
f 699/1115/1516 703/1118/1517 702/1117/1518 697/1116/1519
f 702/1117/1518 701/1113/1515 695/1114/1514 697/1116/1519
f 704/1119/1520 701/1113/1515 702/1117/1518
s 89
f 366/543/722 703/1121/1521 699/1120/1522 360/544/723
f 368/547/726 705/1122/1523 703/1121/1521 366/543/722
s 156
f 706/1123/1524 702/1117/1518 703/1118/1517 705/1124/1525
f 707/1125/1526 704/1119/1520 702/1117/1518 706/1123/1524
s 90
f 371/552/731 706/1123/1527 705/1124/1528 368/553/732
f 708/1126/1529 707/1125/1530 706/1123/1527 371/552/731
s off
f 709/1127/1531 707/1130/1532 708/1129/1533 1946/3171/1534
s 156
f 710/1131/1535 704/1132/1520 707/1130/1526 709/1127/1536
f 704/1132/1520 710/1131/1535 711/1134/1537 701/1133/1515
f 711/1134/1537 700/1135/1538 701/1133/1515
f 711/1134/1537 693/1136/1539 700/1135/1538
f 712/1137/1540 655/1138/1541 693/1136/1539 711/1134/1537
f 653/1139/1542 655/1138/1541 712/1137/1540
s 158
f 649/1140/1543 654/1141/1544 711/1134/1545
f 711/1134/1545 654/1141/1544 712/1137/1546
f 654/1141/1544 653/1139/1547 712/1137/1546
f 713/1142/1548 711/1134/1545 714/1143/1549
f 637/1144/1550 649/1140/1543 711/1134/1545 713/1142/1548
s 49
f 286/3167/539 637/1144/1352 713/1142/1551 380/573/757
f 380/573/757 713/1142/1551 714/1143/1552 381/574/759
f 383/575/761 381/574/759 714/1143/1552 715/1145/1553
f 717/1146/1554 716/1147/1555 383/575/761 715/1145/1553
s 158
f 714/1143/1549 711/1134/1545 710/1131/1556 715/1145/1557
s off
f 709/1127/1558 717/1146/1559 715/1145/1560 710/1131/1561
s 49
f 709/1127/1562 373/1128/1563 716/1147/1555 717/1146/1554
s 159
f 666/1148/1564 656/1150/1565 674/1149/1566
f 667/1151/1567 646/1152/1568 656/1150/1565 666/1148/1564
f 675/1153/1569 646/1152/1568 667/1151/1567
f 656/1150/1565 671/1155/1570 672/1154/1571
s 160
f 630/975/1572 656/1156/1573 629/974/1574
f 646/1157/1575 629/974/1574 656/1156/1573
s 159
f 656/1150/1565 672/1154/1571 673/1158/1576 674/1149/1566
f 675/1153/1569 668/1160/1577 669/1159/1578 646/1152/1568
f 670/1161/1579 646/1152/1568 669/1159/1578
s 161
f 573/1162/1580 718/1165/1581 719/1164/1582 574/1163/1583
f 636/1166/1584 721/1169/1585 720/1168/1586 635/1167/1587
f 635/1167/1587 720/1168/1586 722/1171/1588 634/1170/1589
f 623/1172/1590 723/1173/1591 721/1169/1585 636/1166/1584
s 163
f 722/1174/1592 724/1177/1593 614/1176/1594 634/1175/1595
s 161
f 610/1178/1596 726/1181/1597 725/1180/1598 609/1179/1599
f 609/1179/1599 725/1180/1598 727/1183/1600 608/1182/1601
f 608/1182/1601 727/1183/1600 728/1185/1602 607/1184/1603
s 163
f 611/1186/1604 729/1189/1605 726/1188/1606 610/1187/1607
s 161
f 730/1190/1608 725/1180/1598 726/1181/1597
f 731/1191/1609 730/1190/1608 726/1181/1597
f 732/1192/1610 722/1171/1588 720/1168/1586
f 719/1164/1582 734/1194/1611 733/1193/1612 574/1163/1583
f 573/1162/1580 737/1196/1613 736/1195/1614 718/1165/1581
f 573/1162/1580 735/1197/1615 737/1196/1613
f 718/1165/1581 738/1199/1616 739/1198/1617 719/1164/1582
f 719/1164/1582 739/1198/1617 740/1200/1618 734/1194/1611
f 736/1195/1614 741/1201/1619 738/1199/1616 718/1165/1581
f 738/1199/1616 742/1203/1620 743/1202/1621 739/1198/1617
f 739/1198/1617 743/1202/1621 744/1204/1622 740/1200/1618
f 741/1201/1619 745/1205/1623 742/1203/1620 738/1199/1616
f 742/1203/1620 746/1207/1624 747/1206/1625 743/1202/1621
f 743/1202/1621 747/1206/1625 748/1208/1626 744/1204/1622
f 745/1205/1623 749/1209/1627 746/1207/1624 742/1203/1620
f 746/1207/1624 750/1211/1628 751/1210/1629 747/1206/1625
f 747/1206/1625 751/1210/1629 752/1212/1630 748/1208/1626
f 749/1209/1627 753/1213/1631 750/1211/1628 746/1207/1624
f 750/1211/1628 754/1215/1632 755/1214/1633 751/1210/1629
f 751/1210/1629 755/1214/1633 756/1216/1634 752/1212/1630
f 754/1215/1632 750/1211/1628 753/1213/1631 757/1217/1635
f 757/1217/1635 759/1219/1636 758/1218/1637 754/1215/1632
f 759/1219/1636 761/1221/1638 760/1220/1639 758/1218/1637
f 726/1222/1597 760/1220/1639 761/1221/1638 731/1223/1609
f 755/1214/1633 762/1225/1640 763/1224/1641 756/1216/1634
f 762/1225/1640 764/1227/1642 765/1226/1643 763/1224/1641
f 764/1227/1642 722/1229/1588 732/1228/1610 765/1226/1643
f 733/1193/1612 766/1231/1644 592/1230/1645 574/1163/1583
f 592/1230/1645 766/1231/1644 723/1173/1591 623/1172/1590
f 573/1162/1580 768/1232/1646 735/1197/1615
f 580/1233/1647 607/1184/1603 728/1185/1602 767/1234/1648
f 573/1162/1580 580/1233/1647 767/1234/1648 768/1232/1646
s off
f 754/1235/1649 769/1238/1650 770/1237/1651 755/1236/1652
s 163
f 724/1177/1593 771/1239/1653 614/1176/1594
f 614/1176/1594 771/1239/1653 772/1240/1654 611/1186/1604
f 611/1186/1604 772/1240/1654 729/1189/1605
s 166
f 724/1177/1655 722/1242/1656 764/1241/1657 771/1239/1658
f 773/1243/1659 762/1245/1660 755/1244/1661 770/1237/1662
f 774/1246/1663 764/1241/1657 762/1245/1660 773/1243/1659
f 774/1246/1663 771/1239/1658 764/1241/1657
s 168
f 773/1243/1664 776/1248/1665 775/1247/1666 774/1246/1667
s 169
f 776/1248/1668 758/1250/1669 760/1249/1670 775/1247/1671
f 769/1238/1672 754/1251/1673 758/1250/1669 776/1248/1668
s 168
f 773/1243/1664 770/1237/1674 769/1238/1675 776/1248/1665
f 775/1247/1666 772/1240/1676 771/1239/1677 774/1246/1667
s 169
f 775/1247/1671 760/1249/1670 729/1189/1678 772/1240/1679
f 760/1249/1670 726/1252/1680 729/1189/1678
s 170
f 735/1253/1681 777/1256/1682 778/1255/1683 737/1254/1684
f 780/1257/1685 736/1259/1686 779/1258/1687
f 779/1258/1687 737/1254/1684 778/1255/1683
f 780/1257/1685 781/1261/1688 741/1260/1689 736/1259/1686
s off
f 768/1262/1690 782/1263/1691 735/1253/1692
s 170
f 777/1256/1682 735/1253/1681 782/1263/1693
f 736/1259/1686 737/1254/1684 779/1258/1687
s 172
f 768/1262/1694 783/1264/1695 782/1263/1696
f 784/1265/1697 783/1264/1695 768/1262/1694 767/1266/1698
s 173
f 728/1267/1699 785/1268/1700 784/1265/1701 767/1266/1702
s 170
f 786/1269/1703 745/1270/1704 741/1260/1689 781/1261/1688
f 786/1269/1703 787/1271/1705 745/1270/1704
f 745/1270/1704 787/1271/1705 788/1273/1706 749/1272/1707
f 788/1273/1706 789/1274/1708 749/1272/1707
f 791/1275/1709 790/1276/1710 749/1272/1707 789/1274/1708
f 790/1276/1710 753/1277/1711 749/1272/1707
f 790/1276/1710 792/1279/1712 757/1278/1713
f 793/1280/1714 757/1278/1713 792/1279/1712
f 759/1281/1715 793/1280/1714 795/1282/1716
f 794/1283/1717 793/1280/1714 792/1279/1712
f 790/1276/1710 757/1278/1713 753/1277/1711
f 759/1281/1715 757/1278/1713 793/1280/1714
f 797/1284/1718 759/1281/1715 795/1282/1716 796/1285/1719
f 759/1281/1715 797/1284/1718 798/1287/1720 761/1286/1721
f 761/1286/1721 798/1287/1720 799/1289/1722 731/1288/1723
f 731/1288/1723 799/1289/1722 800/1291/1724 730/1290/1725
s 173
f 800/1291/1726 801/1292/1727 730/1290/1728
f 730/1290/1728 801/1292/1727 802/1294/1729 725/1293/1730
f 725/1293/1730 802/1294/1729 803/1296/1731 727/1295/1732
f 728/1297/1699 727/1295/1732 803/1296/1731 804/1298/1733
f 805/1299/1734 785/1268/1700 728/1267/1699
s off
f 779/1258/1735 807/1301/1736 806/1300/1737 780/1257/1738
s 176
f 780/1257/1739 806/1300/1740 808/1302/1741 781/1261/1742
f 781/1261/1742 808/1302/1741 809/1303/1743 786/1269/1744
f 786/1269/1744 809/1303/1743 810/1304/1745 787/1271/1746
s 177
f 787/1271/1747 810/1304/1748 811/1305/1749 788/1273/1750
f 788/1273/1750 811/1305/1749 812/1306/1751 789/1274/1752
f 789/1274/1752 812/1306/1751 813/1307/1753 791/1275/1754
s off
f 779/1258/1755 778/1255/1756 814/1308/1757 807/1301/1758
f 778/1255/1759 777/1256/1760 815/1309/1761 814/1308/1762
f 783/1264/1763 817/1311/1764 816/1310/1765 782/1263/1766
f 777/1256/1767 782/1263/1768 816/1310/1769 815/1309/1770
f 813/1307/1771 818/1312/1772 790/1276/1773 791/1275/1774
f 818/1312/1775 819/1313/1776 792/1279/1777 790/1276/1778
f 819/1313/1779 820/1314/1780 794/1283/1781 792/1279/1782
f 820/1314/1783 821/1315/1784 793/1280/1785 794/1283/1786
f 821/1315/1787 822/1316/1788 795/1282/1789 793/1280/1790
s 178
f 822/1316/1791 823/1317/1792 796/1285/1793 795/1282/1794
f 785/1268/1795 825/1319/1796 824/1318/1797 784/1265/1798
f 784/1265/1798 824/1318/1797 817/1311/1799 783/1264/1800
f 785/1268/1795 805/1299/1801 826/1320/1802 825/1319/1796
f 804/1298/1803 827/1323/1804 826/1322/1802 805/1321/1801
f 796/1285/1793 823/1317/1792 828/1324/1805 797/1284/1806
f 797/1284/1806 828/1324/1805 829/1325/1807 798/1287/1808
f 798/1287/1808 829/1325/1807 830/1326/1809 799/1289/1810
f 799/1289/1810 830/1326/1809 831/1327/1811 800/1291/1812
f 800/1291/1812 831/1327/1811 832/1328/1813 801/1292/1814
f 801/1292/1814 832/1328/1813 833/1329/1815 802/1294/1816
f 802/1294/1816 833/1329/1815 834/1330/1817 803/1296/1818
f 803/1296/1818 834/1330/1817 827/1323/1804 804/1298/1803
s 180
f 806/1300/1819 807/1301/1820 835/1331/1821 808/1302/1822
s off
f 815/1309/1823 816/1310/1824 807/1301/1825 814/1308/1826
s 181
f 824/1318/1827 836/1332/1828 816/1310/1829 817/1311/1830
f 836/1332/1828 824/1318/1827 825/1319/1831 837/1333/1832
f 838/1334/1833 837/1333/1832 825/1319/1831 826/1320/1834
f 838/1335/1833 826/1322/1834 827/1323/1835 839/1336/1836
f 839/1336/1836 827/1323/1835 834/1330/1837 840/1337/1838
f 840/1337/1838 834/1330/1837 833/1329/1839 841/1338/1840
f 843/1339/1841 831/1327/1842 830/1326/1843 842/1340/1844
f 831/1327/1842 843/1339/1841 844/1341/1845 832/1328/1846
f 832/1328/1846 844/1341/1845 841/1338/1840 833/1329/1839
f 842/1340/1844 830/1326/1843 829/1325/1847 845/1342/1848
f 845/1342/1848 829/1325/1847 828/1324/1849 846/1343/1850
f 846/1343/1850 828/1324/1849 823/1317/1851 847/1344/1852
f 847/1344/1852 823/1317/1851 822/1316/1853 821/1315/1854
s off
f 819/1313/1855 818/1312/1856 821/1315/1857 820/1314/1858
s 180
f 848/1345/1859 809/1303/1860 808/1302/1822 835/1331/1821
f 849/1346/1861 810/1304/1862 809/1303/1860 848/1345/1859
f 810/1304/1862 849/1346/1861 850/1347/1863 811/1305/1864
f 811/1305/1864 850/1347/1863 851/1348/1865 812/1306/1866
f 812/1306/1866 851/1348/1865 818/1312/1867 813/1307/1868
s 183
f 807/1301/1869 852/1350/1870 853/1349/1871 835/1331/1872
f 816/1310/1873 854/1351/1874 852/1350/1870 807/1301/1869
f 816/1310/1873 836/1332/1875 854/1351/1874
f 855/1352/1876 854/1351/1874 836/1332/1875 837/1333/1877
f 855/1352/1876 837/1333/1877 838/1334/1878
f 855/1353/1876 838/1335/1878 839/1336/1879
f 856/1354/1880 840/1337/1881 841/1338/1882
f 839/1336/1879 840/1337/1881 856/1354/1880 855/1353/1876
f 848/1345/1883 835/1331/1872 853/1349/1871 857/1355/1884
f 857/1355/1884 849/1346/1885 848/1345/1883
f 857/1355/1884 850/1347/1886 849/1346/1885
f 851/1348/1887 850/1347/1886 857/1355/1884 858/1356/1888
f 859/1357/1889 818/1312/1890 851/1348/1887 858/1356/1888
f 818/1312/1890 859/1357/1889 860/1358/1891 821/1315/1892
f 856/1354/1880 841/1338/1882 844/1341/1893 861/1359/1894
f 861/1359/1894 844/1341/1893 843/1339/1895
f 843/1339/1895 842/1340/1896 862/1360/1897 861/1359/1894
f 862/1360/1897 842/1340/1896 845/1342/1898
f 862/1360/1897 845/1342/1898 846/1343/1899
f 846/1343/1899 847/1344/1900 863/1361/1901 862/1360/1897
f 821/1315/1892 860/1358/1891 863/1361/1901 847/1344/1900
s 184
f 852/1362/1902 864/1364/1903 853/1363/1904
f 858/1365/1905 864/1364/1903 859/1366/1906
f 857/1367/1907 853/1363/1904 864/1364/1903 858/1365/1905
f 860/1368/1908 864/1364/1903 863/1369/1909
f 864/1364/1903 860/1368/1908 859/1366/1906
f 854/1370/1910 864/1364/1903 852/1362/1902
f 862/1371/1911 864/1364/1903 861/1372/1912
f 864/1364/1903 862/1371/1911 863/1369/1909
f 864/1364/1903 856/1373/1913 861/1372/1912
f 854/1370/1910 855/1374/1914 856/1373/1913 864/1364/1903
s 185
f 721/1375/1915 866/1378/1916 865/1377/1917 720/1376/1918
f 723/1379/1919 867/1380/1920 866/1378/1916 721/1375/1915
f 720/1376/1918 865/1377/1917 868/1382/1921 732/1381/1922
f 734/1383/1923 870/1386/1924 869/1385/1925 733/1384/1926
f 740/1387/1927 871/1388/1928 870/1386/1924 734/1383/1923
f 744/1389/1929 872/1390/1930 871/1388/1928 740/1387/1927
f 748/1391/1931 872/1390/1930 744/1389/1929
f 752/1392/1932 873/1393/1933 872/1390/1930 748/1391/1931
f 756/1394/1934 874/1395/1935 873/1393/1933 752/1392/1932
f 763/1396/1936 875/1397/1937 874/1395/1935 756/1394/1934
f 765/1398/1938 875/1397/1937 763/1396/1936
f 732/1381/1922 868/1382/1921 875/1397/1937 765/1398/1938
f 733/1384/1926 869/1385/1925 867/1380/1920 766/1399/1939
f 766/1399/1939 867/1380/1920 723/1379/1919
f 866/1378/1916 876/1400/1940 865/1377/1917
f 867/1380/1920 876/1400/1940 866/1378/1916
f 865/1377/1917 876/1400/1940 868/1382/1921
f 870/1386/1941 876/1400/1940 869/1385/1925
f 871/1388/1928 876/1400/1940 870/1386/1941
f 872/1390/1930 876/1400/1940 871/1388/1928
f 873/1393/1933 876/1400/1940 872/1390/1930
f 874/1395/1935 876/1400/1940 873/1393/1933
f 875/1397/1937 876/1400/1940 874/1395/1935
f 868/1382/1921 876/1400/1940 875/1397/1937
f 869/1385/1925 876/1400/1940 867/1380/1920
s 128
f 570/874/1207 571/875/1206 625/993/1357
f 638/988/1359 570/874/1207 640/992/1358
s 173
f 805/1321/1734 728/1297/1699 804/1298/1733
s 188
f 877/1401/1942 944/1404/1943 943/1403/1944 878/1402/1945
f 878/1402/1945 943/1403/1944 942/1406/1946 879/1405/1947
f 879/1405/1947 942/1406/1946 949/1408/1948 880/1407/1949
f 880/1407/1949 949/1408/1948 948/1410/1950 881/1409/1951
f 881/1409/1951 948/1410/1950 947/1412/1952 882/1411/1953
f 882/1411/1953 947/1412/1952 946/1414/1954 883/1413/1955
f 883/1413/1955 946/1414/1954 945/1416/1956 884/1415/1957
f 884/1415/1957 945/1416/1956 944/1418/1943 877/1417/1942
f 878/1419/1945 893/1421/1958 877/1420/1942
f 879/1422/1947 893/1421/1958 878/1419/1945
f 880/1423/1949 893/1421/1958 879/1422/1947
f 881/1424/1951 893/1421/1958 880/1423/1949
f 882/1425/1953 893/1421/1958 881/1424/1951
f 883/1426/1955 893/1421/1958 882/1425/1953
f 884/1427/1957 893/1421/1958 883/1426/1955
f 877/1420/1942 893/1421/1958 884/1427/1957
s 189
f 964/1428/1959 966/1430/1960 965/1429/1961
f 965/1429/1961 966/1430/1960 967/1431/1962
f 967/1431/1962 966/1430/1960 968/1432/1963
f 968/1432/1963 966/1430/1960 969/1433/1964
f 969/1433/1964 966/1430/1960 970/1434/1965
f 970/1434/1965 966/1430/1960 971/1435/1966
f 971/1435/1966 966/1430/1960 972/1436/1967
f 972/1436/1967 966/1430/1960 964/1428/1959
s off
f 911/1437/1968 913/1440/1969 912/1439/1970 910/1438/1971
f 914/1441/1972 915/1442/1973 913/1440/1974 911/1437/1975
s 190
f 916/1443/1976 917/1444/1977 915/1442/1978 914/1441/1979
s 191
f 922/1445/1980 923/1448/1981 921/1447/1982 920/1446/1983
s off
f 924/1449/1984 925/1450/1985 923/1448/1986 922/1445/1987
f 910/1438/1988 912/1439/1989 925/1450/1990 924/1449/1991
f 903/1451/1992 928/1454/1993 927/1453/1994 902/1452/1995
f 904/1455/1996 929/1458/1997 928/1457/1998 903/1456/1999
f 905/1459/2000 930/1460/2001 929/1458/2002 904/1455/2003
f 906/1461/2004 931/1462/2005 930/1460/2006 905/1459/2007
f 907/1463/2008 932/1464/2009 931/1462/2010 906/1461/2011
f 908/1465/2012 933/1466/2013 932/1464/2014 907/1463/2015
f 909/1467/2016 926/1468/2017 933/1466/2018 908/1465/2019
f 902/1452/2020 927/1453/2021 926/1468/2022 909/1467/2023
s 192
f 895/1469/2024 911/1472/2025 910/1471/2026 894/1470/2027
s 193
f 902/1473/2028 912/1476/2029 913/1475/2030 903/1474/2031
s 192
f 896/1477/2032 914/1478/2033 911/1472/2025 895/1469/2024
s 193
f 903/1474/2031 913/1475/2030 915/1480/2034 904/1479/2035
s 192
f 897/1481/2036 916/1482/2037 914/1478/2033 896/1477/2032
s 193
f 904/1479/2035 915/1480/2034 917/1484/2038 905/1483/2039
s 192
f 898/1485/2040 918/1486/2041 916/1482/2037 897/1481/2036
s 193
f 905/1483/2039 917/1484/2038 919/1488/2042 906/1487/2043
s 192
f 899/1489/2044 920/1490/2045 918/1486/2041 898/1485/2040
s 193
f 906/1487/2043 919/1488/2042 921/1492/2046 907/1491/2047
s 192
f 900/1493/2048 922/1494/2049 920/1490/2045 899/1489/2044
s 193
f 907/1491/2047 921/1492/2046 923/1496/2050 908/1495/2051
s 192
f 901/1497/2052 924/1498/2053 922/1494/2049 900/1493/2048
s 193
f 908/1495/2051 923/1496/2050 925/1500/2054 909/1499/2055
s 192
f 894/1470/2027 910/1471/2026 924/1498/2053 901/1497/2052
s 193
f 909/1499/2055 925/1500/2054 912/1476/2029 902/1473/2028
s 194
f 927/1453/2056 935/1502/2057 934/1501/2058 926/1468/2059
f 928/1454/2060 936/1503/2061 935/1502/2057 927/1453/2056
f 929/1458/2062 937/1505/2063 936/1504/2061 928/1457/2060
f 930/1460/2064 938/1506/2065 937/1505/2063 929/1458/2062
f 931/1462/2066 939/1507/2067 938/1506/2065 930/1460/2064
f 932/1464/2068 940/1508/2069 939/1507/2067 931/1462/2066
f 933/1466/2070 941/1509/2071 940/1508/2069 932/1464/2068
f 926/1468/2059 934/1501/2058 941/1509/2071 933/1466/2070
s off
f 935/1502/2072 886/1511/2073 887/1510/2074 934/1501/2075
f 936/1503/2076 885/1512/2077 886/1511/2078 935/1502/2079
f 937/1505/2080 892/1514/2081 885/1513/2082 936/1504/2083
f 938/1506/2084 891/1515/2085 892/1514/2086 937/1505/2087
f 939/1507/2088 890/1516/2089 891/1515/2090 938/1506/2091
f 940/1508/2092 889/1517/2093 890/1516/2094 939/1507/2095
f 941/1509/2096 888/1518/2097 889/1517/2098 940/1508/2099
f 934/1501/2100 887/1510/2101 888/1518/2102 941/1509/2103
s 195
f 943/1403/2104 975/1520/2105 974/1519/2106 942/1406/2107
s 196
f 944/1404/2108 976/1521/2109 975/1520/2110 943/1403/2111
s 197
f 945/1416/2112 977/1523/2113 976/1522/2114 944/1418/2115
s 198
f 946/1414/2116 978/1524/2117 977/1523/2118 945/1416/2119
s 199
f 947/1412/2120 979/1525/2121 978/1524/2122 946/1414/2123
s 200
f 948/1410/2124 980/1526/2125 979/1525/2126 947/1412/2127
s 201
f 949/1408/2128 973/1527/2129 980/1526/2130 948/1410/2131
s 202
f 942/1406/2132 974/1519/2133 973/1527/2134 949/1408/2135
s 192
f 918/1486/2041 951/1529/2136 950/1528/2137 916/1482/2037
s 190
f 916/1443/1976 950/1531/2138 952/1530/2139 917/1444/1977
s 193
f 917/1484/2038 952/1533/2140 953/1532/2141 919/1488/2042
s 192
f 920/1490/2045 954/1534/2142 951/1529/2136 918/1486/2041
s 193
f 919/1488/2042 953/1532/2141 955/1535/2143 921/1492/2046
s 191
f 921/1447/1982 955/1537/2144 954/1536/2145 920/1446/1983
s 203
f 885/1538/2146 956/1541/2147 957/1540/2148 886/1539/2149
f 886/1539/2149 957/1540/2148 958/1543/2150 887/1542/2151
f 887/1542/2151 958/1543/2150 959/1545/2152 888/1544/2153
f 888/1544/2153 959/1545/2152 960/1547/2154 889/1546/2155
f 889/1546/2155 960/1547/2154 961/1549/2156 890/1548/2157
f 890/1548/2157 961/1549/2156 962/1551/2158 891/1550/2159
f 891/1550/2159 962/1551/2158 963/1553/2160 892/1552/2161
f 892/1552/2161 963/1553/2160 956/1541/2147 885/1538/2146
s off
f 956/1541/2162 964/1428/2163 965/1429/2164 957/1540/2165
f 957/1540/2166 965/1429/2167 967/1431/2168 958/1543/2169
f 958/1543/2170 967/1431/2171 968/1432/2172 959/1545/2173
f 959/1545/2174 968/1432/2175 969/1433/2176 960/1547/2177
f 960/1547/2178 969/1433/2179 970/1434/2180 961/1549/2181
f 961/1549/2182 970/1434/2183 971/1435/2184 962/1551/2185
f 962/1551/2186 971/1435/2187 972/1436/2188 963/1553/2189
f 963/1553/2190 972/1436/2191 964/1428/2192 956/1541/2193
s 202
f 974/1519/2133 901/1555/2194 900/1554/2195 973/1527/2134
s 195
f 975/1520/2105 894/1556/2196 901/1555/2197 974/1519/2106
s 196
f 976/1521/2109 895/1557/2198 894/1556/2199 975/1520/2110
s 197
f 977/1523/2113 896/1559/2200 895/1558/2201 976/1522/2114
s 198
f 978/1524/2117 897/1560/2202 896/1559/2203 977/1523/2118
s 199
f 979/1525/2121 898/1561/2204 897/1560/2205 978/1524/2122
s 200
f 980/1526/2125 899/1562/2206 898/1561/2207 979/1525/2126
s 201
f 973/1527/2129 900/1554/2208 899/1562/2209 980/1526/2130
s 204
f 981/1563/2210 982/1564/2211 1016/1565/2212 1005/1566/2213
f 982/1564/2214 983/1567/2215 1015/1568/2216 1016/1565/2212
f 983/1567/2217 984/1569/2218 1014/1570/2219 1015/1568/2216
f 984/1569/2220 985/1571/2221 1013/1572/2222 1014/1570/2219
f 985/1571/2223 986/1573/2224 1012/1574/2225 1013/1572/2222
f 986/1573/2226 987/1575/2227 1011/1576/2228 1012/1574/2225
f 987/1575/2229 988/1577/2230 1010/1578/2231 1011/1576/2228
f 988/1577/2232 989/1579/2233 1009/1580/2234 1010/1578/2231
f 989/1579/2235 990/1581/2236 1008/1582/2237 1009/1580/2234
f 990/1581/2238 991/1583/2239 1007/1584/2240 1008/1582/2237
f 991/1583/2241 992/1585/2242 1006/1586/2243 1007/1584/2240
f 992/1585/2244 981/1587/2245 1005/1588/2213 1006/1586/2243
s 216
f 1029/1589/2246 1030/1590/2247 1031/1591/2248
f 1030/1590/2247 1032/1592/2249 1031/1591/2248
f 1032/1592/2249 1033/1593/2250 1031/1591/2248
f 1033/1593/2250 1034/1594/2251 1031/1591/2248
f 1034/1594/2251 1035/1595/2252 1031/1591/2248
f 1035/1595/2252 1036/1596/2253 1031/1591/2248
f 1036/1596/2253 1037/1597/2254 1031/1591/2248
f 1037/1597/2254 1038/1598/2255 1031/1591/2248
f 1038/1598/2255 1039/1599/2256 1031/1591/2248
f 1039/1599/2256 1040/1600/2257 1031/1591/2248
f 1040/1600/2257 1041/1601/2258 1031/1591/2248
f 1041/1601/2258 1029/1589/2246 1031/1591/2248
s 204
f 1006/1586/2243 1005/1588/2213 993/1602/2259 1004/1603/2260
f 1007/1584/2240 1006/1586/2243 1004/1603/2260 1003/1604/2261
f 1008/1582/2237 1007/1584/2240 1003/1604/2261 1002/1605/2262
f 1009/1580/2234 1008/1582/2237 1002/1605/2262 1001/1606/2263
f 1010/1578/2231 1009/1580/2234 1001/1606/2263 1000/1607/2264
f 1011/1576/2228 1010/1578/2231 1000/1607/2264 999/1608/2265
f 1012/1574/2225 1011/1576/2228 999/1608/2265 998/1609/2266
f 1013/1572/2222 1012/1574/2225 998/1609/2266 997/1610/2267
f 1014/1570/2219 1013/1572/2222 997/1610/2267 996/1611/2268
f 1015/1568/2216 1014/1570/2219 996/1611/2268 995/1612/2269
f 1016/1565/2212 1015/1568/2216 995/1612/2269 994/1613/2270
f 1005/1566/2213 1016/1565/2212 994/1613/2270 993/1614/2259
s 217
f 993/1615/2271 994/1616/2272 1018/1617/2273 1017/1618/2274
f 994/1616/2272 995/1619/2275 1019/1620/2276 1018/1617/2273
f 995/1619/2275 996/1621/2277 1020/1622/2278 1019/1620/2276
f 996/1621/2277 997/1623/2279 1021/1624/2280 1020/1622/2278
f 997/1623/2279 998/1625/2281 1022/1626/2282 1021/1624/2280
f 998/1625/2281 999/1627/2283 1023/1628/2284 1022/1626/2282
f 999/1627/2283 1000/1629/2285 1024/1630/2286 1023/1628/2284
f 1000/1629/2285 1001/1631/2287 1025/1632/2288 1024/1630/2286
f 1001/1631/2287 1002/1633/2289 1026/1634/2290 1025/1632/2288
f 1002/1633/2289 1003/1635/2291 1027/1636/2292 1026/1634/2290
f 1003/1635/2291 1004/1637/2293 1028/1638/2294 1027/1636/2292
f 1004/1637/2293 993/1615/2271 1017/1618/2274 1028/1638/2294
s 218
f 1017/1618/2295 1018/1617/2296 1030/1590/2297 1029/1589/2298
f 1018/1617/2296 1019/1620/2299 1032/1592/2300 1030/1590/2297
f 1019/1620/2299 1020/1622/2301 1033/1593/2302 1032/1592/2300
f 1020/1622/2301 1021/1624/2303 1034/1594/2304 1033/1593/2302
f 1021/1624/2303 1022/1626/2305 1035/1595/2306 1034/1594/2304
f 1022/1626/2305 1023/1628/2307 1036/1596/2308 1035/1595/2306
f 1023/1628/2307 1024/1630/2309 1037/1597/2310 1036/1596/2308
f 1024/1630/2309 1025/1632/2311 1038/1598/2312 1037/1597/2310
f 1025/1632/2311 1026/1634/2313 1039/1599/2314 1038/1598/2312
f 1026/1634/2313 1027/1636/2315 1040/1600/2316 1039/1599/2314
f 1027/1636/2315 1028/1638/2317 1041/1601/2318 1040/1600/2316
f 1028/1638/2317 1017/1618/2295 1029/1589/2298 1041/1601/2318
s off
f 1042/1639/2319 1043/1640/2320 1045/1641/2321 1044/1642/2322
f 1044/1642/2323 1045/1641/2324 1047/1643/2325 1046/1644/2326
f 1046/1644/2327 1047/1643/2328 1049/1645/2329 1048/1646/2330
f 1048/1646/2331 1049/1645/2332 1043/1647/2333 1042/1648/2334
f 1043/1640/2335 1049/1649/2336 1047/1650/2337 1045/1641/2338
f 1050/1651/2339 1051/1652/2340 1053/1653/2341 1052/1654/2342
f 1052/1654/2343 1053/1653/2344 1055/1655/2345 1054/1656/2346
f 1054/1656/2347 1055/1655/2348 1057/1657/2349 1056/1658/2350
f 1056/1658/2351 1057/1657/2352 1051/1659/2353 1050/1660/2354
f 1051/1652/2355 1057/1661/2356 1055/1662/2357 1053/1653/2358
f 1062/1663/2359 1064/1664/2360 1069/1665/2361 1067/1666/2362
f 1066/1667/2363 1068/1668/2364 1073/1669/2365 1071/1670/2366
f 1070/1671/2367 1072/1672/2368 1060/1673/2369 1058/1674/2370
s 219
f 1064/1675/2371 1060/1676/2372 1072/1677/2373 1069/1678/2374
s 220
f 1067/1679/2375 1070/1680/2376 1058/1681/2377 1062/1682/2378
s off
f 1059/1683/2379 1058/1674/2380 1060/1673/2381 1061/1684/2382
f 1062/1663/2383 1063/1685/2384 1065/1686/2385 1064/1664/2386
f 1066/1667/2387 1067/1666/2388 1069/1665/2389 1068/1668/2390
f 1070/1671/2391 1071/1670/2392 1073/1669/2393 1072/1672/2394
f 1059/1683/2395 1061/1684/2396 1075/1687/2397 1074/1688/2398
s 219
f 1061/1689/2399 1065/1690/2400 1076/1691/2401 1075/1692/2402
s off
f 1065/1686/2403 1063/1685/2404 1077/1693/2405 1076/1694/2406
s 220
f 1063/1695/2407 1059/1696/2408 1074/1697/2409 1077/1698/2410
s 219
f 1061/1689/2399 1060/1676/2372 1064/1675/2371 1065/1690/2400
f 1069/1678/2374 1072/1677/2373 1073/1699/2411 1068/1700/2412
s 220
f 1071/1701/2413 1070/1680/2376 1067/1679/2375 1066/1702/2414
f 1062/1682/2378 1058/1681/2377 1059/1696/2408 1063/1695/2407
s off
f 1078/1703/2415 1079/1704/2416 1081/1705/2417 1080/1706/2418
f 1080/1706/2419 1081/1705/2420 1083/1707/2421 1082/1708/2422
f 1082/1708/2423 1083/1707/2424 1085/1709/2425 1084/1710/2426
f 1084/1710/2427 1085/1709/2428 1079/1711/2429 1078/1712/2430
f 1079/1704/2431 1085/1713/2432 1083/1714/2433 1081/1705/2434
s 221
f 1089/1715/2435 1129/1716/2436 1128/1717/2437 1134/1718/2438
s 222
f 1105/1719/2439 1135/1720/2440 1131/1721/2441 1130/1722/2442
s 223
f 1136/1723/2443 1137/1724/2444 1138/1725/2445 1139/1726/2446
s 224
f 1126/1727/2447 1125/1728/2448 1124/1729/2449 1127/1730/2450
s 225
f 1086/1731/2451 1090/1732/2452 1093/1733/2453 1087/1734/2454
s 226
f 1142/1735/2455 1098/1736/2456 1103/1737/2457 1088/1738/2458
s 227
f 1134/1718/2459 1140/1739/2460 1091/1740/2461
f 1140/1739/2460 1106/1741/2462 1091/1740/2461
s 228
f 1107/1742/2463 1141/1743/2464 1104/1744/2465
f 1104/1744/2465 1141/1743/2464 1135/1720/2466
s 229
f 1102/1745/2467 1107/1746/2468 1104/1747/2469 1103/1748/2470
s off
f 1092/1749/2471 1109/1750/2472 1096/1751/2473 1093/1733/2474
f 1143/1752/2475 1110/1753/2476 1111/1754/2477 1099/1755/2478
f 1099/1755/2479 1111/1754/2480 1112/1756/2481 1100/1757/2482
f 1100/1757/2483 1112/1756/2484 1113/1758/2485 1101/1759/2486
f 1094/1760/2487 1101/1759/2488 1113/1758/2489 1114/1761/2490
f 1094/1760/2491 1114/1761/2492 1115/1762/2493 1095/1763/2494
f 1096/1751/2495 1109/1750/2496 1108/1764/2497 1097/1765/2498
f 1097/1765/2499 1108/1764/2500 1102/1766/2501 1098/1736/2502
f 1116/1767/2503 1122/1768/2504 1123/1769/2505 1117/1770/2506
f 1117/1771/2507 1123/1772/2508 1124/1773/2509 1118/1774/2510
f 1118/1774/2511 1124/1773/2512 1125/1775/2513 1119/1776/2514
f 1119/1776/2515 1125/1775/2516 1126/1777/2517 1120/1778/2518
f 1120/1778/2519 1126/1777/2520 1127/1779/2521 1121/1780/2522
f 1116/1781/2523 1121/1780/2524 1127/1779/2525 1122/1782/2526
f 1106/1741/2527 1140/1739/2528 1141/1743/2529 1107/1742/2530
f 1105/1783/2531 1130/1784/2532 1129/1785/2533 1089/1786/2534
s 221
f 1128/1717/2437 1132/1787/2535 1136/1788/2536 1134/1718/2438
s 222
f 1131/1721/2441 1135/1720/2440 1137/1789/2537 1133/1790/2538
s 223
f 1132/1791/2539 1133/1792/2540 1137/1724/2444 1136/1723/2443
s 221
f 1089/1715/2435 1134/1718/2438 1091/1740/2541
s 222
f 1104/1744/2542 1135/1720/2440 1105/1719/2439
s off
f 1138/1793/2543 1141/1743/2544 1140/1739/2545 1139/1794/2546
f 1136/1788/2547 1139/1794/2548 1140/1739/2549 1134/1718/2550
f 1141/1743/2551 1138/1793/2552 1137/1789/2553 1135/1720/2554
s 229
f 1090/1795/2555 1091/1796/2556 1106/1797/2557 1092/1798/2558
f 1109/1799/2559 1106/1797/2557 1107/1746/2468 1108/1800/2560
f 1092/1798/2558 1106/1797/2557 1109/1799/2559
f 1108/1800/2560 1107/1746/2468 1102/1745/2467
s 231
f 1099/1801/2561 1100/1802/2562 1097/1803/2563 1098/1804/2564
f 1100/1802/2562 1101/1805/2565 1096/1806/2566 1097/1803/2563
f 1101/1805/2565 1094/1807/2567 1093/1808/2568 1096/1806/2566
f 1087/1809/2569 1093/1808/2568 1094/1807/2567 1095/1810/2570
f 1098/1804/2564 1142/1811/2571 1143/1812/2572 1099/1801/2561
f 1087/1809/2569 1095/1810/2570 1143/1812/2572 1142/1811/2571
s 232
f 1112/1813/2573 1111/1814/2574 1118/1815/2575 1119/1816/2576
f 1113/1817/2577 1112/1813/2573 1119/1816/2576 1120/1818/2578
f 1114/1819/2579 1113/1817/2577 1120/1818/2578 1121/1820/2580
f 1115/1821/2581 1114/1819/2579 1121/1820/2580 1116/1822/2582
f 1111/1814/2574 1110/1823/2583 1117/1824/2584 1118/1815/2575
f 1115/1821/2581 1116/1822/2582 1117/1824/2584 1110/1823/2583
s 226
f 1103/1737/2457 1098/1736/2456 1102/1766/2585
s 225
f 1093/1733/2453 1090/1732/2452 1092/1749/2586
s 224
f 1127/1730/2450 1124/1729/2449 1123/1769/2587 1122/1768/2588
s off
f 1088/1825/2589 1103/1748/2590 1104/1747/2591 1105/1826/2592
f 1089/1827/2593 1091/1796/2594 1090/1795/2595 1086/1828/2596
s 233
f 1087/1829/2597 1142/1830/2598 1089/1786/2599 1086/1831/2600
f 1088/1832/2601 1105/1783/2602 1089/1786/2599 1142/1830/2598
s 234
f 1144/1833/2603 1145/1834/2604 1179/1835/2605 1168/1836/2606
f 1145/1834/2607 1146/1837/2608 1178/1838/2609 1179/1835/2605
f 1146/1837/2610 1147/1839/2611 1177/1840/2612 1178/1838/2609
f 1147/1839/2613 1148/1841/2614 1176/1842/2615 1177/1840/2612
f 1148/1841/2616 1149/1843/2617 1175/1844/2618 1176/1842/2615
f 1149/1843/2619 1150/1845/2620 1174/1846/2621 1175/1844/2618
f 1150/1845/2622 1151/1847/2623 1173/1848/2624 1174/1846/2621
f 1151/1847/2625 1152/1849/2626 1172/1850/2627 1173/1848/2624
f 1152/1849/2628 1153/1851/2629 1171/1852/2630 1172/1850/2627
f 1153/1851/2631 1154/1853/2632 1170/1854/2633 1171/1852/2630
f 1154/1853/2634 1155/1855/2635 1169/1856/2636 1170/1854/2633
f 1155/1855/2637 1144/1857/2638 1168/1858/2606 1169/1856/2636
s 246
f 1192/1859/2639 1193/1860/2640 1194/1861/2641
f 1193/1860/2640 1195/1862/2642 1194/1861/2641
f 1195/1862/2642 1196/1863/2643 1194/1861/2641
f 1196/1863/2643 1197/1864/2644 1194/1861/2641
f 1197/1864/2644 1198/1865/2645 1194/1861/2641
f 1198/1865/2645 1199/1866/2646 1194/1861/2641
f 1199/1866/2646 1200/1867/2647 1194/1861/2641
f 1200/1867/2647 1201/1868/2648 1194/1861/2641
f 1201/1868/2648 1202/1869/2649 1194/1861/2641
f 1202/1869/2649 1203/1870/2650 1194/1861/2641
f 1203/1870/2650 1204/1871/2651 1194/1861/2641
f 1204/1871/2651 1192/1859/2639 1194/1861/2641
s 234
f 1169/1856/2636 1168/1858/2606 1156/1872/2652 1167/1873/2653
f 1170/1854/2633 1169/1856/2636 1167/1873/2653 1166/1874/2654
f 1171/1852/2630 1170/1854/2633 1166/1874/2654 1165/1875/2655
f 1172/1850/2627 1171/1852/2630 1165/1875/2655 1164/1876/2656
f 1173/1848/2624 1172/1850/2627 1164/1876/2656 1163/1877/2657
f 1174/1846/2621 1173/1848/2624 1163/1877/2657 1162/1878/2658
f 1175/1844/2618 1174/1846/2621 1162/1878/2658 1161/1879/2659
f 1176/1842/2615 1175/1844/2618 1161/1879/2659 1160/1880/2660
f 1177/1840/2612 1176/1842/2615 1160/1880/2660 1159/1881/2661
f 1178/1838/2609 1177/1840/2612 1159/1881/2661 1158/1882/2662
f 1179/1835/2605 1178/1838/2609 1158/1882/2662 1157/1883/2663
f 1168/1836/2606 1179/1835/2605 1157/1883/2663 1156/1884/2652
s 247
f 1156/1885/2664 1157/1886/2665 1181/1887/2666 1180/1888/2667
f 1157/1886/2665 1158/1889/2668 1182/1890/2669 1181/1887/2666
f 1158/1889/2668 1159/1891/2670 1183/1892/2671 1182/1890/2669
f 1159/1891/2670 1160/1893/2672 1184/1894/2673 1183/1892/2671
f 1160/1893/2672 1161/1895/2674 1185/1896/2675 1184/1894/2673
f 1161/1895/2674 1162/1897/2676 1186/1898/2677 1185/1896/2675
f 1162/1897/2676 1163/1899/2678 1187/1900/2679 1186/1898/2677
f 1163/1899/2678 1164/1901/2680 1188/1902/2681 1187/1900/2679
f 1164/1901/2680 1165/1903/2682 1189/1904/2683 1188/1902/2681
f 1165/1903/2682 1166/1905/2684 1190/1906/2685 1189/1904/2683
f 1166/1905/2684 1167/1907/2686 1191/1908/2687 1190/1906/2685
f 1167/1907/2686 1156/1885/2664 1180/1888/2667 1191/1908/2687
s 248
f 1180/1888/2688 1181/1887/2689 1193/1860/2690 1192/1859/2691
f 1181/1887/2689 1182/1890/2692 1195/1862/2693 1193/1860/2690
f 1182/1890/2692 1183/1892/2694 1196/1863/2695 1195/1862/2693
f 1183/1892/2694 1184/1894/2696 1197/1864/2697 1196/1863/2695
f 1184/1894/2696 1185/1896/2698 1198/1865/2699 1197/1864/2697
f 1185/1896/2698 1186/1898/2700 1199/1866/2701 1198/1865/2699
f 1186/1898/2700 1187/1900/2702 1200/1867/2703 1199/1866/2701
f 1187/1900/2702 1188/1902/2704 1201/1868/2705 1200/1867/2703
f 1188/1902/2704 1189/1904/2706 1202/1869/2707 1201/1868/2705
f 1189/1904/2706 1190/1906/2708 1203/1870/2709 1202/1869/2707
f 1190/1906/2708 1191/1908/2710 1204/1871/2711 1203/1870/2709
f 1191/1908/2710 1180/1888/2688 1192/1859/2691 1204/1871/2711
s off
f 1209/1909/2712 1210/1910/2713 1213/1911/2714 1214/1912/2715
f 1210/1910/2716 1209/1913/2717 1212/1914/2718 1211/1915/2719
f 1211/1915/2720 1212/1916/2721 1216/1917/2722 1215/1918/2723
f 1214/1919/2724 1213/1911/2725 1215/1918/2726 1216/1920/2727
f 1205/1921/2728 1206/1922/2729 1212/1914/2730 1209/1913/2731
f 1210/1910/2732 1211/1915/2733 1215/1918/2734 1213/1911/2735
f 1214/1919/2736 1216/1920/2737 1208/1923/2738 1207/1924/2739
f 1206/1925/2740 1208/1926/2741 1216/1917/2742 1212/1916/2743
f 1207/1927/2744 1205/1928/2745 1209/1909/2746 1214/1912/2747
f 1221/1929/2748 1222/1930/2749 1225/1931/2750 1226/1932/2751
f 1222/1930/2752 1221/1933/2753 1224/1934/2754 1223/1935/2755
f 1223/1935/2756 1224/1936/2757 1228/1937/2758 1227/1938/2759
f 1226/1939/2760 1225/1931/2761 1227/1938/2762 1228/1940/2763
f 1217/1941/2764 1218/1942/2765 1224/1934/2766 1221/1933/2767
f 1222/1930/2768 1223/1935/2769 1227/1938/2770 1225/1931/2771
f 1226/1939/2772 1228/1940/2773 1220/1943/2774 1219/1944/2775
f 1218/1945/2776 1220/1946/2777 1228/1937/2778 1224/1936/2779
f 1219/1947/2780 1217/1948/2781 1221/1929/2782 1226/1932/2783
f 1249/1949/2784 1261/1950/2785 1262/1951/2786
f 1239/1952/2787 1248/1953/2788 1240/1954/2789
f 1241/1955/2790 1251/1956/2791 1252/1957/2792
f 1229/1958/2793 1236/1959/2794 1242/1960/2795
s 249
f 1251/1961/2796 1263/1962/2797 1282/1963/2798
s 250
f 1229/1964/2799 1235/1965/2800 1231/1966/2801 1230/1967/2802
s 251
f 1239/1968/2803 1256/1969/2804 1257/1970/2805 1258/1971/2806
s 249
f 1250/1972/2807 1262/1973/2808 1278/1974/2809 1279/1975/2810
s off
f 1236/1976/2811 1229/1977/2812 1239/1978/2813 1240/1979/2814
s 249
f 1279/1975/2810 1294/1980/2815 1280/1981/2816
s off
f 1279/1982/2817 1330/1983/2818 1331/1984/2819 1294/1985/2820
f 1333/1986/2821 1339/1987/2822 1340/1988/2823 1336/1989/2824
f 1233/1990/2825 1232/1991/2826 1243/1992/2827 1244/1993/2828
f 1234/1994/2829 1233/1990/2830 1244/1993/2831 1245/1995/2832
s 254
f 1235/1965/2833 1234/1994/2834 1245/1995/2835 1246/1996/2836
f 1237/1997/2837 1231/1966/2838 1235/1965/2833 1246/1996/2836
s off
f 1241/1998/2839 1236/1976/2840 1240/1979/2841 1249/1999/2842
s 255
f 1251/1961/2843 1241/1998/2844 1250/1972/2845
f 1241/1998/2844 1249/1999/2846 1250/1972/2845
f 1250/1972/2845 1249/1999/2846 1262/1973/2847
s off
f 1236/1959/2848 1241/1955/2849 1252/1957/2850 1242/1960/2851
s 256
f 1238/2000/2852 1254/2001/2853 1243/2002/2854 1232/2003/2855
s 257
f 1244/2004/2856 1243/2005/2857 1254/2006/2858 1269/2007/2859
f 1245/2008/2860 1244/2004/2856 1269/2007/2859 1270/2009/2861
f 1246/2010/2862 1245/2008/2860 1270/2009/2861 1271/2011/2863
f 1266/2012/2864 1237/2013/2865 1246/2010/2862 1271/2011/2863
s off
f 1240/1954/2866 1248/1953/2867 1261/1950/2868 1249/1949/2869
f 1242/1960/2870 1252/1957/2871 1264/2014/2872 1253/2015/2873
f 1238/2000/2874 1253/2015/2875 1267/2016/2876 1268/2017/2877
s 256
f 1238/2000/2852 1268/2017/2878 1254/2001/2853
s 258
f 1256/1969/2879 1255/2018/2880 1265/2019/2881 1285/2020/2882
f 1257/1970/2883 1256/1969/2879 1285/2020/2882 1286/2021/2884
s off
f 1258/1971/2885 1257/1970/2886 1286/2021/2887 1287/2022/2888
f 1259/2023/2889 1258/1971/2890 1287/2022/2891 1288/2024/2892
f 1281/2025/2893 1263/2026/2894 1280/2027/2895 1295/2028/2896
f 1251/1956/2897 1282/2029/2898 1264/2014/2899 1252/1957/2900
f 1253/2015/2901 1264/2014/2902 1283/2030/2903 1267/2016/2904
s 259
f 1266/2012/2905 1271/2011/2906 1301/2031/2907 1284/2032/2908
s off
f 1268/2017/2909 1267/2016/2910 1290/2033/2911 1289/2034/2912
s 256
f 1254/2001/2853 1268/2017/2878 1289/2034/2913 1302/2035/2914
s off
f 1269/2007/2915 1254/2006/2916 1302/2036/2917 1303/2037/2918
f 1270/2009/2919 1269/2007/2920 1303/2037/2921 1304/2038/2922
s 259
f 1271/2011/2906 1270/2009/2923 1304/2038/2924 1301/2031/2907
s off
f 1260/2039/2925 1289/2034/2926 1290/2033/2927 1272/2040/2928
f 1272/2040/2929 1290/2033/2930 1291/2041/2931 1273/2042/2932
f 1273/2042/2933 1292/2043/2934 1293/2044/2935 1274/2045/2936
f 1261/1950/2937 1277/2046/2938 1278/2047/2939 1262/1951/2940
s 260
f 1297/2049/2941 1281/2025/2942 1296/2048/2943
f 1281/2025/2942 1295/2028/2944 1296/2048/2943
f 1296/2048/2943 1295/2028/2944 1308/2050/2945
s 261
f 1263/2051/2946 1281/2052/2947 1298/2053/2948 1299/2054/2949
s 249
f 1263/1962/2797 1299/2055/2950 1300/2056/2951 1282/1963/2798
s off
f 1264/2014/2952 1282/2029/2953 1300/2057/2954 1283/2030/2955
f 1267/2016/2956 1283/2030/2957 1291/2041/2958 1290/2033/2959
s 256
f 1259/2058/2960 1288/2059/2961 1302/2035/2914 1260/2039/2962
s 262
f 1285/2060/2963 1265/2061/2964 1284/2032/2965 1301/2031/2966
f 1286/2062/2967 1285/2060/2963 1301/2031/2966 1304/2038/2968
f 1287/2063/2969 1286/2062/2967 1304/2038/2968 1303/2037/2970
s 256
f 1260/2039/2962 1302/2035/2914 1289/2034/2913
s off
f 1273/2042/2971 1291/2041/2972 1305/2064/2973 1292/2043/2974
s 249
f 1280/1981/2816 1292/2065/2975 1305/2066/2976 1306/2067/2977
s 263
f 1280/2068/2978 1306/2069/2979 1307/2070/2980 1295/2071/2981
s 264
f 1296/2048/2982 1310/2072/2983 1309/2073/2984 1297/2049/2985
s 261
f 1281/2052/2947 1297/2074/2986 1311/2075/2987 1312/2076/2988
s 266
f 1299/2054/2989 1298/2053/2990 1307/2070/2991 1306/2069/2992
s 249
f 1300/2056/2951 1299/2055/2950 1306/2067/2977 1305/2066/2976
s off
f 1291/2041/2993 1283/2030/2994 1300/2057/2995 1305/2064/2996
s 263
f 1295/2071/2981 1314/2077/2997 1315/2078/2998 1308/2079/2999
s 264
f 1296/2048/2982 1308/2050/3000 1316/2080/3001 1317/2081/3002
f 1317/2081/3002 1310/2072/2983 1296/2048/2982
s 261
f 1309/2082/3003 1310/2083/3004 1319/2084/3005 1320/2085/3006
f 1297/2074/2986 1309/2082/3003 1320/2085/3006 1311/2075/2987
s 266
f 1307/2070/2991 1298/2053/2990 1313/2086/3007 1322/2087/3008
s 263
f 1308/2079/2999 1315/2078/2998 1324/2088/3009 1316/2089/3010
f 1316/2089/3010 1324/2088/3009 1325/2090/3011 1317/2091/3012
s off
f 1327/2092/3013 1318/2093/3014 1326/2094/3015 1329/2095/3016
f 1310/2083/3017 1318/2093/3018 1327/2092/3019 1319/2084/3020
s 267
f 1311/2075/3021 1320/2085/3022 1319/2084/3023 1328/2096/3024
f 1311/2075/3021 1328/2096/3024 1321/2097/3025
f 1315/2078/3026 1323/2098/3027 1328/2096/3024
f 1321/2097/3025 1328/2096/3024 1323/2098/3027
s 266
f 1322/2087/3008 1313/2086/3007 1321/2097/3028 1323/2098/3029
s 267
f 1315/2078/3026 1328/2096/3024 1325/2090/3030 1324/2088/3031
s off
f 1317/2091/3032 1325/2090/3033 1329/2095/3034 1326/2094/3035
s 267
f 1328/2096/3024 1319/2084/3023 1325/2090/3030
s off
f 1330/1983/3036 1334/2099/3037 1335/2100/3038 1331/1984/3039
f 1275/2101/3040 1337/2102/3041 1332/2103/3042 1276/2104/3043
f 1332/2105/3044 1338/2106/3045 1339/1987/3046 1333/2107/3047
f 1333/1986/3048 1336/1989/3049 1335/2100/3050 1334/2099/3051
f 1336/2108/3052 1340/1988/3053 1341/2109/3054 1337/2110/3055
f 1332/2103/3056 1337/2102/3057 1341/2109/3058 1338/2106/3059
f 1338/2106/3060 1341/2109/3061 1340/1988/3062 1339/1987/3063
f 1239/1978/3064 1229/1977/3065 1230/2111/3066 1247/2112/3067
s 268
f 1232/2003/3068 1253/2015/3069 1238/2000/3070
s 269
f 1239/1952/3071 1259/2058/3072 1272/2040/3073 1248/1953/3074
s 261
f 1312/2076/2988 1313/2086/3075 1298/2053/2948 1281/2052/2947
s 263
f 1307/2070/2980 1322/2087/3076 1314/2077/2997 1295/2071/2981
s 266
f 1311/2075/3077 1321/2097/3028 1313/2086/3007
f 1322/2087/3008 1323/2098/3029 1315/2078/3078
s 270
f 1275/2113/3079 1272/2040/3080 1273/2042/3081 1274/2045/3082
s 271
f 1274/2114/3083 1336/2108/3084 1337/2110/3085 1275/2115/3086
s 272
f 1278/2116/3087 1334/2117/3088 1330/2118/3089 1279/2119/3090
s 270
f 1248/1953/3091 1272/2040/3080 1275/2113/3079 1276/2120/3092
f 1248/1953/3091 1276/2120/3092 1277/2046/3093 1261/1950/3094
s 271
f 1274/2114/3083 1293/2121/3095 1335/2122/3096 1336/2108/3084
f 1335/2122/3096 1293/2121/3095 1294/2123/3097 1331/2124/3098
s 272
f 1276/2125/3099 1332/2105/3100 1333/2107/3101 1277/2126/3102
f 1277/2126/3102 1333/2107/3101 1334/2117/3088 1278/2116/3087
s 249
f 1250/1972/2807 1263/1962/2797 1251/1961/2796
f 1280/1981/2816 1294/1980/2815 1293/2127/3103 1292/2065/2975
s 267
f 1325/2090/3030 1319/2084/3023 1327/2092/3104 1329/2095/3105
s 264
f 1318/2128/3106 1310/2072/2983 1317/2081/3002 1326/2129/3107
s 249
f 1250/1972/2807 1279/1975/2810 1280/1981/2816 1263/1962/2797
s 261
f 1311/2075/2987 1313/2086/3075 1312/2076/2988
s 263
f 1322/2087/3076 1315/2078/2998 1314/2077/2997
s 250
f 1229/1964/2799 1232/1991/3108 1233/1990/3109
s 251
f 1239/1968/2803 1247/2130/3110 1255/2018/3111 1256/1969/2804
f 1239/1968/2803 1258/1971/2806 1259/2023/3112
s 250
f 1229/1964/2799 1233/1990/3109 1234/1994/3113 1235/1965/2800
s 269
f 1272/2040/3073 1259/2058/3072 1260/2039/3114
s 268
f 1229/1958/3115 1242/1960/3116 1253/2015/3069 1232/2003/3068
s off
f 1346/2131/3117 1347/2132/3118 1350/2133/3119 1351/2134/3120
f 1347/2132/3121 1346/2135/3122 1349/2136/3123 1348/2137/3124
f 1348/2137/3125 1349/2138/3126 1353/2139/3127 1352/2140/3128
f 1351/2141/3129 1350/2133/3130 1352/2140/3131 1353/2142/3132
f 1342/2143/3133 1343/2144/3134 1349/2136/3135 1346/2135/3136
f 1347/2132/3137 1348/2137/3138 1352/2140/3139 1350/2133/3140
f 1351/2141/3141 1353/2142/3142 1345/2145/3143 1344/2146/3144
f 1343/2147/3145 1345/2148/3146 1353/2139/3147 1349/2138/3148
f 1344/2149/3149 1342/2150/3150 1346/2131/3151 1351/2134/3152
f 1358/2151/3153 1359/2152/3154 1362/2153/3155 1363/2154/3156
f 1359/2152/3157 1358/2155/3158 1361/2156/3159 1360/2157/3160
f 1360/2157/3161 1361/2158/3162 1365/2159/3163 1364/2160/3164
f 1363/2161/3165 1362/2153/3166 1364/2160/3167 1365/2162/3168
f 1354/2163/3169 1355/2164/3170 1361/2156/3171 1358/2155/3172
f 1359/2152/3173 1360/2157/3174 1364/2160/3175 1362/2153/3176
f 1363/2161/3177 1365/2162/3178 1357/2165/3179 1356/2166/3180
f 1355/2167/3181 1357/2168/3182 1365/2159/3183 1361/2158/3184
f 1356/2169/3185 1354/2170/3186 1358/2151/3187 1363/2154/3188
f 1370/2171/3189 1371/2172/3190 1374/2173/3191 1375/2174/3192
f 1371/2172/3193 1370/2175/3194 1373/2176/3195 1372/2177/3196
f 1372/2177/3197 1373/2178/3198 1377/2179/3199 1376/2180/3200
f 1375/2181/3201 1374/2173/3202 1376/2180/3203 1377/2182/3204
f 1366/2183/3205 1367/2184/3206 1373/2176/3207 1370/2175/3208
f 1371/2172/3209 1372/2177/3210 1376/2180/3211 1374/2173/3212
f 1375/2181/3213 1377/2182/3214 1369/2185/3215 1368/2186/3216
f 1367/2187/3217 1369/2188/3218 1377/2179/3219 1373/2178/3220
f 1368/2189/3221 1366/2190/3222 1370/2171/3223 1375/2174/3224
f 1379/2191/3225 1381/2192/3226 1385/2193/3227 1383/2194/3228
f 1382/2195/3229 1384/2196/3230 1389/2197/3231 1387/2198/3232
f 1386/2199/3233 1388/2200/3234 1393/2201/3235 1391/2202/3236
f 1390/2203/3237 1392/2204/3238 1380/2205/3239 1378/2206/3240
s 273
f 1385/2207/3241 1388/2208/3242 1389/2209/3243 1384/2210/3244
s 274
f 1391/2211/3245 1379/2212/3246 1383/2213/3247 1386/2214/3248
s off
f 1379/2215/3249 1378/2206/3250 1380/2205/3251 1381/2216/3252
f 1382/2195/3253 1383/2194/3254 1385/2193/3255 1384/2196/3256
f 1386/2199/3257 1387/2198/3258 1389/2197/3259 1388/2200/3260
f 1390/2203/3261 1391/2202/3262 1393/2201/3263 1392/2204/3264
f 1395/2217/3265 1397/2218/3266 1401/2219/3267 1399/2220/3268
f 1398/2221/3269 1400/2222/3270 1405/2223/3271 1403/2224/3272
f 1402/2225/3273 1404/2226/3274 1409/2227/3275 1407/2228/3276
f 1406/2229/3277 1408/2230/3278 1396/2231/3279 1394/2232/3280
s 275
f 1397/2233/3281 1409/2234/3282 1404/2235/3283 1401/2236/3284
s 276
f 1407/2237/3285 1406/2238/3286 1394/2239/3287 1395/2240/3288
s off
f 1395/2241/3289 1394/2232/3290 1396/2231/3291 1397/2242/3292
f 1398/2221/3293 1399/2220/3294 1401/2219/3295 1400/2222/3296
f 1402/2225/3297 1403/2224/3298 1405/2223/3299 1404/2226/3300
f 1406/2229/3301 1407/2228/3302 1409/2227/3303 1408/2230/3304
f 1411/2243/3305 1413/2244/3306 1417/2245/3307 1415/2246/3308
f 1414/2247/3309 1416/2248/3310 1421/2249/3311 1419/2250/3312
f 1418/2251/3313 1420/2252/3314 1425/2253/3315 1423/2254/3316
f 1422/2255/3317 1424/2256/3318 1412/2257/3319 1410/2258/3320
s 277
f 1417/2259/3321 1420/2260/3322 1421/2261/3323 1416/2262/3324
s 278
f 1418/2263/3325 1415/2264/3326 1414/2265/3327 1419/2266/3328
s off
f 1411/2267/3329 1410/2258/3330 1412/2257/3331 1413/2268/3332
f 1414/2247/3333 1415/2246/3334 1417/2245/3335 1416/2248/3336
f 1418/2251/3337 1419/2250/3338 1421/2249/3339 1420/2252/3340
f 1422/2255/3341 1423/2254/3342 1425/2253/3343 1424/2256/3344
s 277
f 1413/2269/3345 1412/2270/3346 1424/2271/3347 1425/2272/3348
f 1413/2269/3345 1425/2272/3348 1420/2260/3322 1417/2259/3321
s 273
f 1381/2273/3349 1380/2274/3350 1392/2275/3351 1393/2276/3352
s 275
f 1401/2236/3284 1404/2235/3283 1405/2277/3353 1400/2278/3354
f 1397/2233/3281 1396/2279/3355 1408/2280/3356 1409/2234/3282
s 273
f 1381/2273/3349 1393/2276/3352 1388/2208/3242 1385/2207/3241
s 274
f 1386/2214/3248 1383/2213/3247 1382/2281/3357 1387/2282/3358
f 1391/2211/3245 1390/2283/3359 1378/2284/3360 1379/2212/3246
s 276
f 1402/2285/3361 1399/2286/3362 1398/2287/3363 1403/2288/3364
s 278
f 1423/2289/3365 1411/2290/3366 1415/2264/3326 1418/2263/3325
f 1423/2289/3365 1422/2291/3367 1410/2292/3368 1411/2290/3366
s 276
f 1407/2237/3285 1395/2240/3288 1399/2286/3362 1402/2285/3361
s off
f 1427/2293/3369 1429/2294/3370 1433/2295/3371 1431/2296/3372
f 1430/2297/3373 1432/2298/3374 1437/2299/3375 1435/2300/3376
f 1434/2301/3377 1436/2302/3378 1441/2303/3379 1439/2304/3380
f 1438/2305/3381 1440/2306/3382 1428/2307/3383 1426/2308/3384
s 279
f 1433/2309/3385 1436/2310/3386 1437/2311/3387 1432/2312/3388
s off
f 1427/2293/3389 1426/2308/3390 1428/2307/3391 1429/2294/3392
f 1430/2297/3393 1431/2296/3394 1433/2295/3395 1432/2298/3396
f 1434/2301/3397 1435/2300/3398 1437/2299/3399 1436/2302/3400
f 1438/2305/3401 1439/2313/3402 1441/2314/3403 1440/2306/3404
s 279
f 1429/2315/3405 1441/2316/3406 1436/2310/3386 1433/2309/3385
f 1429/2315/3405 1428/2317/3407 1440/2318/3408 1441/2316/3406
s 262
f 1302/2036/3409 1288/2319/3410 1287/2063/2969 1303/2037/2970
s off
f 1446/2320/3411 1451/2323/3412 1450/2322/3413 1447/2321/3414
f 1447/2321/3415 1448/2326/3416 1449/2325/3417 1446/2324/3418
f 1448/2326/3419 1452/2329/3420 1453/2328/3421 1449/2327/3422
f 1451/2330/3423 1453/2331/3424 1452/2329/3425 1450/2322/3426
f 1442/2332/3427 1446/2324/3428 1449/2325/3429 1443/2333/3430
f 1447/2321/3431 1450/2322/3432 1452/2329/3433 1448/2326/3434
f 1451/2330/3435 1444/2335/3436 1445/2334/3437 1453/2331/3438
f 1443/2336/3439 1449/2327/3440 1453/2328/3441 1445/2337/3442
f 1444/2338/3443 1451/2323/3444 1446/2320/3445 1442/2339/3446
f 1458/2340/3447 1463/2343/3448 1462/2342/3449 1459/2341/3450
f 1459/2341/3451 1460/2346/3452 1461/2345/3453 1458/2344/3454
f 1460/2346/3455 1464/2349/3456 1465/2348/3457 1461/2347/3458
f 1463/2350/3459 1465/2351/3460 1464/2349/3461 1462/2342/3462
f 1454/2352/3463 1458/2344/3464 1461/2345/3465 1455/2353/3466
f 1459/2341/3467 1462/2342/3468 1464/2349/3469 1460/2346/3470
f 1463/2350/3471 1456/2355/3472 1457/2354/3473 1465/2351/3474
f 1455/2356/3475 1461/2347/3476 1465/2348/3477 1457/2357/3478
f 1456/2358/3479 1463/2343/3480 1458/2340/3481 1454/2359/3482
f 1486/2360/3483 1499/2362/3484 1498/2361/3485
f 1476/2363/3486 1477/2365/3487 1485/2364/3488
f 1478/2366/3489 1489/2368/3490 1488/2367/3491
f 1466/2369/3492 1479/2371/3493 1473/2370/3494
s 280
f 1488/2372/3495 1519/2374/3496 1500/2373/3497
s 281
f 1466/2375/3498 1467/2378/3499 1468/2377/3500 1472/2376/3501
s 282
f 1476/2379/3502 1495/2382/3503 1494/2381/3504 1493/2380/3505
s 280
f 1487/2383/3506 1516/2386/3507 1515/2385/3508 1499/2384/3509
s off
f 1473/2387/3510 1477/2390/3511 1476/2389/3512 1466/2388/3513
s 280
f 1516/2386/3507 1517/2392/3514 1531/2391/3515
s off
f 1516/2393/3516 1531/2396/3517 1568/2395/3518 1567/2394/3519
f 1570/2397/3520 1573/2400/3521 1577/2399/3522 1576/2398/3523
f 1470/2401/3524 1481/2404/3525 1480/2403/3526 1469/2402/3527
f 1471/2405/3528 1482/2406/3529 1481/2404/3530 1470/2401/3531
s 284
f 1472/2376/3532 1483/2407/3533 1482/2406/3534 1471/2405/3535
f 1474/2408/3536 1483/2407/3533 1472/2376/3532 1468/2377/3537
s off
f 1478/2409/3538 1486/2410/3539 1477/2390/3540 1473/2387/3541
s 285
f 1499/2384/3542 1486/2410/3543 1487/2383/3544
f 1486/2410/3543 1478/2409/3545 1487/2383/3544
f 1487/2383/3544 1478/2409/3545 1488/2372/3546
s off
f 1473/2370/3547 1479/2371/3548 1489/2368/3549 1478/2366/3550
s 286
f 1475/2411/3551 1469/2414/3552 1480/2413/3553 1491/2412/3554
s 287
f 1481/2415/3555 1506/2418/3556 1491/2417/3557 1480/2416/3558
f 1482/2419/3559 1507/2420/3560 1506/2418/3556 1481/2415/3555
f 1483/2421/3561 1508/2422/3562 1507/2420/3560 1482/2419/3559
f 1503/2423/3563 1508/2422/3562 1483/2421/3561 1474/2424/3564
s off
f 1477/2365/3565 1486/2360/3566 1498/2361/3567 1485/2364/3568
f 1479/2371/3569 1490/2426/3570 1501/2425/3571 1489/2368/3572
f 1475/2411/3573 1505/2428/3574 1504/2427/3575 1490/2426/3576
s 286
f 1475/2411/3551 1491/2412/3554 1505/2428/3577
s 288
f 1493/2380/3578 1522/2431/3579 1502/2430/3580 1492/2429/3581
f 1494/2381/3582 1523/2432/3583 1522/2431/3579 1493/2380/3578
s off
f 1495/2382/3584 1524/2433/3585 1523/2432/3586 1494/2381/3587
f 1496/2434/3588 1525/2435/3589 1524/2433/3590 1495/2382/3591
f 1518/2436/3592 1532/2439/3593 1517/2438/3594 1500/2437/3595
f 1488/2367/3596 1489/2368/3597 1501/2425/3598 1519/2440/3599
f 1490/2426/3600 1504/2427/3601 1520/2441/3602 1501/2425/3603
s 289
f 1503/2423/3604 1521/2443/3605 1538/2442/3606 1508/2422/3607
s off
f 1505/2428/3608 1526/2445/3609 1527/2444/3610 1504/2427/3611
s 286
f 1491/2412/3554 1539/2446/3612 1526/2445/3613 1505/2428/3577
s off
f 1506/2418/3614 1540/2448/3615 1539/2447/3616 1491/2417/3617
f 1507/2420/3618 1541/2449/3619 1540/2448/3620 1506/2418/3621
s 289
f 1508/2422/3607 1538/2442/3606 1541/2449/3622 1507/2420/3623
s off
f 1497/2450/3624 1509/2451/3625 1527/2444/3626 1526/2445/3627
f 1509/2451/3628 1510/2453/3629 1528/2452/3630 1527/2444/3631
f 1510/2453/3632 1511/2456/3633 1530/2455/3634 1529/2454/3635
f 1498/2361/3636 1499/2362/3637 1515/2458/3638 1514/2457/3639
s 290
f 1545/2461/3640 1532/2439/3641 1533/2459/3642
f 1532/2439/3641 1518/2436/3643 1533/2459/3642
f 1533/2459/3642 1518/2436/3643 1534/2460/3644
s 291
f 1500/2462/3645 1536/2465/3646 1535/2464/3647 1518/2463/3648
s 280
f 1500/2373/3497 1519/2374/3496 1537/2467/3649 1536/2466/3650
s off
f 1501/2425/3651 1520/2441/3652 1537/2468/3653 1519/2440/3654
f 1504/2427/3655 1527/2444/3656 1528/2452/3657 1520/2441/3658
s 286
f 1496/2469/3659 1497/2450/3660 1539/2446/3612 1525/2470/3661
s 292
f 1522/2471/3662 1538/2442/3663 1521/2443/3664 1502/2472/3665
f 1523/2473/3666 1541/2449/3667 1538/2442/3663 1522/2471/3662
f 1524/2474/3668 1540/2448/3669 1541/2449/3667 1523/2473/3666
s 286
f 1497/2450/3660 1526/2445/3613 1539/2446/3612
s off
f 1510/2453/3670 1529/2454/3671 1542/2475/3672 1528/2452/3673
s 280
f 1517/2392/3514 1543/2478/3674 1542/2477/3675 1529/2476/3676
s 293
f 1517/2479/3677 1532/2482/3678 1544/2481/3679 1543/2480/3680
s 294
f 1533/2459/3681 1534/2460/3682 1546/2484/3683 1547/2483/3684
s 291
f 1518/2463/3648 1549/2487/3685 1548/2486/3686 1534/2485/3687
s 295
f 1536/2465/3688 1543/2480/3689 1544/2481/3690 1535/2464/3691
s 280
f 1537/2467/3649 1542/2477/3675 1543/2478/3674 1536/2466/3650
s off
f 1528/2452/3692 1542/2475/3693 1537/2468/3694 1520/2441/3695
s 293
f 1532/2482/3678 1545/2490/3696 1552/2489/3697 1551/2488/3698
s 294
f 1533/2459/3681 1554/2492/3699 1553/2491/3700 1545/2461/3701
f 1554/2492/3699 1533/2459/3681 1547/2483/3684
s 291
f 1546/2493/3702 1557/2496/3703 1556/2495/3704 1547/2494/3705
f 1534/2485/3687 1548/2486/3686 1557/2496/3703 1546/2493/3702
s 295
f 1544/2481/3690 1559/2498/3706 1550/2497/3707 1535/2464/3691
s 293
f 1545/2490/3696 1553/2500/3708 1561/2499/3709 1552/2489/3697
f 1553/2500/3708 1554/2502/3710 1562/2501/3711 1561/2499/3709
s off
f 1564/2503/3712 1566/2506/3713 1563/2505/3714 1555/2504/3715
f 1547/2494/3716 1556/2495/3717 1564/2503/3718 1555/2504/3719
s 297
f 1548/2486/3720 1565/2507/3721 1556/2495/3722 1557/2496/3723
f 1552/2489/3724 1565/2507/3721 1560/2509/3725
f 1548/2486/3720 1558/2508/3726 1565/2507/3721
f 1558/2508/3726 1560/2509/3725 1565/2507/3721
s 295
f 1559/2498/3706 1560/2509/3727 1558/2508/3728 1550/2497/3707
s 297
f 1552/2489/3724 1561/2499/3729 1562/2501/3730 1565/2507/3721
s off
f 1554/2502/3731 1563/2505/3732 1566/2506/3733 1562/2501/3734
s 297
f 1565/2507/3721 1562/2501/3730 1556/2495/3722
s off
f 1567/2394/3735 1568/2395/3736 1572/2511/3737 1571/2510/3738
f 1512/2512/3739 1513/2515/3740 1569/2514/3741 1574/2513/3742
f 1569/2516/3743 1570/2518/3744 1576/2398/3745 1575/2517/3746
f 1570/2397/3747 1571/2510/3748 1572/2511/3749 1573/2400/3750
f 1573/2519/3751 1574/2521/3752 1578/2520/3753 1577/2399/3754
f 1569/2514/3755 1575/2517/3756 1578/2520/3757 1574/2513/3758
f 1575/2517/3759 1576/2398/3760 1577/2399/3761 1578/2520/3762
f 1476/2389/3763 1484/2523/3764 1467/2522/3765 1466/2388/3766
s 299
f 1469/2414/3767 1475/2411/3768 1490/2426/3769
s 300
f 1476/2363/3770 1485/2364/3771 1509/2451/3772 1496/2469/3773
s 291
f 1549/2487/3685 1518/2463/3648 1535/2464/3647 1550/2497/3774
s 293
f 1544/2481/3679 1532/2482/3678 1551/2488/3698 1559/2498/3775
s 295
f 1548/2486/3776 1550/2497/3707 1558/2508/3728
f 1559/2498/3706 1552/2489/3777 1560/2509/3727
s 301
f 1512/2524/3778 1511/2456/3779 1510/2453/3780 1509/2451/3781
s 302
f 1511/2525/3782 1512/2526/3783 1574/2521/3784 1573/2519/3785
s 303
f 1515/2527/3786 1516/2530/3787 1567/2529/3788 1571/2528/3789
s 301
f 1485/2364/3790 1513/2531/3791 1512/2524/3778 1509/2451/3781
f 1485/2364/3790 1498/2361/3792 1514/2457/3793 1513/2531/3791
s 302
f 1511/2525/3782 1573/2519/3785 1572/2533/3794 1530/2532/3795
f 1572/2533/3794 1568/2535/3796 1531/2534/3797 1530/2532/3795
s 303
f 1513/2536/3798 1514/2537/3799 1570/2518/3800 1569/2516/3801
f 1514/2537/3799 1515/2527/3786 1571/2528/3789 1570/2518/3800
s 280
f 1487/2383/3506 1488/2372/3495 1500/2373/3497
f 1517/2392/3514 1529/2476/3676 1530/2538/3802 1531/2391/3515
s 297
f 1562/2501/3730 1566/2506/3803 1564/2503/3804 1556/2495/3722
s 294
f 1555/2539/3805 1563/2540/3806 1554/2492/3699 1547/2483/3684
s 280
f 1487/2383/3506 1500/2373/3497 1517/2392/3514 1516/2386/3507
s 291
f 1548/2486/3686 1549/2487/3685 1550/2497/3774
s 293
f 1559/2498/3775 1551/2488/3698 1552/2489/3697
s 281
f 1466/2375/3498 1470/2401/3807 1469/2402/3808
s 282
f 1476/2379/3502 1493/2380/3505 1492/2429/3809 1484/2541/3810
f 1476/2379/3502 1496/2434/3811 1495/2382/3503
s 281
f 1466/2375/3498 1472/2376/3501 1471/2405/3812 1470/2401/3807
s 300
f 1509/2451/3772 1497/2450/3813 1496/2469/3773
s 299
f 1466/2369/3814 1469/2414/3767 1490/2426/3769 1479/2371/3815
s off
f 1583/2542/3816 1588/2545/3817 1587/2544/3818 1584/2543/3819
f 1584/2543/3820 1585/2548/3821 1586/2547/3822 1583/2546/3823
f 1585/2548/3824 1589/2551/3825 1590/2550/3826 1586/2549/3827
f 1588/2552/3828 1590/2553/3829 1589/2551/3830 1587/2544/3831
f 1579/2554/3832 1583/2546/3833 1586/2547/3834 1580/2555/3835
f 1584/2543/3836 1587/2544/3837 1589/2551/3838 1585/2548/3839
f 1588/2552/3840 1581/2557/3841 1582/2556/3842 1590/2553/3843
f 1580/2558/3844 1586/2549/3845 1590/2550/3846 1582/2559/3847
f 1581/2560/3848 1588/2545/3849 1583/2542/3850 1579/2561/3851
f 1595/2562/3852 1600/2565/3853 1599/2564/3854 1596/2563/3855
f 1596/2563/3856 1597/2568/3857 1598/2567/3858 1595/2566/3859
f 1597/2568/3860 1601/2571/3861 1602/2570/3862 1598/2569/3863
f 1600/2572/3864 1602/2573/3865 1601/2571/3866 1599/2564/3867
f 1591/2574/3868 1595/2566/3869 1598/2567/3870 1592/2575/3871
f 1596/2563/3872 1599/2564/3873 1601/2571/3874 1597/2568/3875
f 1600/2572/3876 1593/2577/3877 1594/2576/3878 1602/2573/3879
f 1592/2578/3880 1598/2569/3881 1602/2570/3882 1594/2579/3883
f 1593/2580/3884 1600/2565/3885 1595/2562/3886 1591/2581/3887
f 1607/2582/3888 1612/2585/3889 1611/2584/3890 1608/2583/3891
f 1608/2583/3892 1609/2588/3893 1610/2587/3894 1607/2586/3895
f 1609/2588/3896 1613/2591/3897 1614/2590/3898 1610/2589/3899
f 1612/2592/3900 1614/2593/3901 1613/2591/3902 1611/2584/3903
f 1603/2594/3904 1607/2586/3905 1610/2587/3906 1604/2595/3907
f 1608/2583/3908 1611/2584/3909 1613/2591/3910 1609/2588/3911
f 1612/2592/3912 1605/2597/3913 1606/2596/3914 1614/2593/3915
f 1604/2598/3916 1610/2589/3917 1614/2590/3918 1606/2599/3919
f 1605/2600/3920 1612/2585/3921 1607/2582/3922 1603/2601/3923
f 1616/2602/3924 1620/2605/3925 1622/2604/3926 1618/2603/3927
f 1619/2606/3928 1624/2609/3929 1626/2608/3930 1621/2607/3931
f 1623/2610/3932 1628/2613/3933 1630/2612/3934 1625/2611/3935
f 1627/2614/3936 1615/2617/3937 1617/2616/3938 1629/2615/3939
s 304
f 1622/2618/3940 1621/2621/3941 1626/2620/3942 1625/2619/3943
s 305
f 1628/2622/3944 1623/2625/3945 1620/2624/3946 1616/2623/3947
s off
f 1616/2626/3948 1618/2627/3949 1617/2616/3950 1615/2617/3951
f 1619/2606/3952 1621/2607/3953 1622/2604/3954 1620/2605/3955
f 1623/2610/3956 1625/2611/3957 1626/2608/3958 1624/2609/3959
f 1627/2614/3960 1629/2615/3961 1630/2612/3962 1628/2613/3963
f 1632/2628/3964 1636/2631/3965 1638/2630/3966 1634/2629/3967
f 1635/2632/3968 1640/2635/3969 1642/2634/3970 1637/2633/3971
f 1639/2636/3972 1644/2639/3973 1646/2638/3974 1641/2637/3975
f 1643/2640/3976 1631/2643/3977 1633/2642/3978 1645/2641/3979
s 306
f 1634/2644/3980 1638/2647/3981 1641/2646/3982 1646/2645/3983
s 307
f 1644/2648/3984 1632/2651/3985 1631/2650/3986 1643/2649/3987
s off
f 1632/2652/3988 1634/2653/3989 1633/2642/3990 1631/2643/3991
f 1635/2632/3992 1637/2633/3993 1638/2630/3994 1636/2631/3995
f 1639/2636/3996 1641/2637/3997 1642/2634/3998 1640/2635/3999
f 1643/2640/4000 1645/2641/4001 1646/2638/4002 1644/2639/4003
f 1648/2654/4004 1652/2657/4005 1654/2656/4006 1650/2655/4007
f 1651/2658/4008 1656/2661/4009 1658/2660/4010 1653/2659/4011
f 1655/2662/4012 1660/2665/4013 1662/2664/4014 1657/2663/4015
f 1659/2666/4016 1647/2669/4017 1649/2668/4018 1661/2667/4019
s 308
f 1654/2670/4020 1653/2673/4021 1658/2672/4022 1657/2671/4023
s 309
f 1655/2674/4024 1656/2677/4025 1651/2676/4026 1652/2675/4027
s off
f 1648/2678/4028 1650/2679/4029 1649/2668/4030 1647/2669/4031
f 1651/2658/4032 1653/2659/4033 1654/2656/4034 1652/2657/4035
f 1655/2662/4036 1657/2663/4037 1658/2660/4038 1656/2661/4039
f 1659/2666/4040 1661/2667/4041 1662/2664/4042 1660/2665/4043
s 308
f 1650/2680/4044 1662/2683/4045 1661/2682/4046 1649/2681/4047
f 1650/2680/4044 1654/2670/4020 1657/2671/4023 1662/2683/4045
s 304
f 1618/2684/4048 1630/2687/4049 1629/2686/4050 1617/2685/4051
s 306
f 1638/2647/3981 1637/2689/4052 1642/2688/4053 1641/2646/3982
f 1634/2644/3980 1646/2645/3983 1645/2691/4054 1633/2690/4055
s 304
f 1618/2684/4048 1622/2618/3940 1625/2619/3943 1630/2687/4049
s 305
f 1623/2625/3945 1624/2693/4056 1619/2692/4057 1620/2624/3946
f 1628/2622/3944 1616/2623/3947 1615/2695/4058 1627/2694/4059
s 307
f 1639/2696/4060 1640/2699/4061 1635/2698/4062 1636/2697/4063
s 309
f 1660/2700/4064 1655/2674/4024 1652/2675/4027 1648/2701/4065
f 1660/2700/4064 1648/2701/4065 1647/2703/4066 1659/2702/4067
s 307
f 1644/2648/3984 1639/2696/4060 1636/2697/4063 1632/2651/3985
s off
f 1664/2704/4068 1668/2707/4069 1670/2706/4070 1666/2705/4071
f 1667/2708/4072 1672/2711/4073 1674/2710/4074 1669/2709/4075
f 1671/2712/4076 1676/2715/4077 1678/2714/4078 1673/2713/4079
f 1675/2716/4080 1663/2719/4081 1665/2718/4082 1677/2717/4083
s 310
f 1670/2720/4084 1669/2723/4085 1674/2722/4086 1673/2721/4087
s off
f 1664/2704/4088 1666/2705/4089 1665/2718/4090 1663/2719/4091
f 1667/2708/4092 1669/2709/4093 1670/2706/4094 1668/2707/4095
f 1671/2712/4096 1673/2713/4097 1674/2710/4098 1672/2711/4099
f 1675/2716/4100 1677/2717/4101 1678/2725/4102 1676/2724/4103
s 310
f 1666/2726/4104 1670/2720/4084 1673/2721/4087 1678/2727/4105
f 1666/2726/4104 1678/2727/4105 1677/2729/4106 1665/2728/4107
s 292
f 1539/2447/4108 1540/2448/3669 1524/2474/3668 1525/2730/4109
s off
f 1679/2731/4110 1681/2734/4111 1682/2733/4112 1680/2732/4113
f 1681/2734/4114 1683/2736/4115 1684/2735/4116 1682/2733/4117
s 311
f 1683/2736/4118 1685/2738/4119 1686/2737/4120 1684/2735/4121
f 1685/2738/4119 1679/2740/4122 1680/2739/4123 1686/2737/4120
s off
f 1680/2732/4124 1682/2733/4125 1684/2742/4126 1686/2741/4127
f 1687/2743/4128 1689/2746/4129 1690/2745/4130 1688/2744/4131
f 1689/2746/4132 1691/2748/4133 1692/2747/4134 1690/2745/4135
f 1691/2748/4136 1693/2750/4137 1694/2749/4138 1692/2747/4139
f 1693/2750/4140 1687/2752/4141 1688/2751/4142 1694/2749/4143
f 1688/2744/4144 1690/2745/4145 1692/2754/4146 1694/2753/4147
f 1699/2755/4148 1704/2758/4149 1706/2757/4150 1701/2756/4151
f 1703/2759/4152 1708/2762/4153 1710/2761/4154 1705/2760/4155
f 1707/2763/4156 1695/2766/4157 1697/2765/4158 1709/2764/4159
s 312
f 1701/2767/4160 1706/2770/4161 1709/2769/4162 1697/2768/4163
s 313
f 1704/2771/4164 1699/2774/4165 1695/2773/4166 1707/2772/4167
s off
f 1696/2775/4168 1698/2776/4169 1697/2765/4170 1695/2766/4171
f 1699/2755/4172 1701/2756/4173 1702/2778/4174 1700/2777/4175
f 1703/2759/4176 1705/2760/4177 1706/2757/4178 1704/2758/4179
f 1707/2763/4180 1709/2764/4181 1710/2761/4182 1708/2762/4183
f 1696/2775/4184 1711/2780/4185 1712/2779/4186 1698/2776/4187
s 312
f 1698/2781/4188 1712/2784/4189 1713/2783/4190 1702/2782/4191
s off
f 1702/2778/4192 1713/2786/4193 1714/2785/4194 1700/2777/4195
s 313
f 1700/2787/4196 1714/2790/4197 1711/2789/4198 1696/2788/4199
s 312
f 1698/2781/4188 1702/2782/4191 1701/2767/4160 1697/2768/4163
f 1706/2770/4161 1705/2792/4200 1710/2791/4201 1709/2769/4162
s 313
f 1708/2793/4202 1703/2794/4203 1704/2771/4164 1707/2772/4167
f 1699/2774/4165 1700/2787/4196 1696/2788/4199 1695/2773/4166
s off
f 1715/2795/4204 1717/2798/4205 1718/2797/4206 1716/2796/4207
f 1717/2798/4208 1719/2800/4209 1720/2799/4210 1718/2797/4211
f 1719/2800/4212 1721/2802/4213 1722/2801/4214 1720/2799/4215
f 1721/2802/4216 1715/2804/4217 1716/2803/4218 1722/2801/4219
f 1716/2796/4220 1718/2797/4221 1720/2806/4222 1722/2805/4223
s 314
f 1726/2807/4224 1771/2810/4225 1765/2809/4226 1766/2808/4227
s 315
f 1742/2811/4228 1767/2814/4229 1768/2813/4230 1772/2812/4231
s 316
f 1773/2815/4232 1776/2818/4233 1775/2817/4234 1774/2816/4235
s 317
f 1763/2819/4236 1764/2822/4237 1761/2821/4238 1762/2820/4239
s 318
f 1723/2823/4240 1724/2826/4241 1730/2825/4242 1727/2824/4243
s 319
f 1779/2827/4244 1725/2830/4245 1740/2829/4246 1735/2828/4247
s 320
f 1771/2810/4248 1728/2832/4249 1777/2831/4250
f 1777/2831/4250 1728/2832/4249 1743/2833/4251
s 321
f 1744/2834/4252 1741/2836/4253 1778/2835/4254
f 1741/2836/4253 1772/2812/4255 1778/2835/4254
s 322
f 1739/2837/4256 1740/2840/4257 1741/2839/4258 1744/2838/4259
s off
f 1729/2841/4260 1730/2825/4261 1733/2843/4262 1746/2842/4263
f 1780/2844/4264 1736/2847/4265 1748/2846/4266 1747/2845/4267
f 1736/2847/4268 1737/2849/4269 1749/2848/4270 1748/2846/4271
f 1737/2849/4272 1738/2851/4273 1750/2850/4274 1749/2848/4275
f 1731/2852/4276 1751/2853/4277 1750/2850/4278 1738/2851/4279
f 1731/2852/4280 1732/2855/4281 1752/2854/4282 1751/2853/4283
f 1733/2843/4284 1734/2857/4285 1745/2856/4286 1746/2842/4287
f 1734/2857/4288 1735/2828/4289 1739/2858/4290 1745/2856/4291
f 1753/2859/4292 1754/2862/4293 1760/2861/4294 1759/2860/4295
f 1754/2863/4296 1755/2866/4297 1761/2865/4298 1760/2864/4299
f 1755/2866/4300 1756/2868/4301 1762/2867/4302 1761/2865/4303
f 1756/2868/4304 1757/2870/4305 1763/2869/4306 1762/2867/4307
f 1757/2870/4308 1758/2872/4309 1764/2871/4310 1763/2869/4311
f 1753/2873/4312 1759/2874/4313 1764/2871/4314 1758/2872/4315
f 1743/2833/4316 1744/2834/4317 1778/2835/4318 1777/2831/4319
f 1742/2875/4320 1726/2878/4321 1766/2877/4322 1767/2876/4323
s 314
f 1765/2809/4226 1771/2810/4225 1773/2880/4324 1769/2879/4325
s 315
f 1768/2813/4230 1770/2882/4326 1774/2881/4327 1772/2812/4231
s 316
f 1769/2883/4328 1773/2815/4232 1774/2816/4235 1770/2884/4329
s 314
f 1726/2807/4224 1728/2832/4330 1771/2810/4225
s 315
f 1741/2836/4331 1742/2811/4228 1772/2812/4231
s off
f 1775/2885/4332 1776/2886/4333 1777/2831/4334 1778/2835/4335
f 1773/2880/4336 1771/2810/4337 1777/2831/4338 1776/2886/4339
f 1778/2835/4340 1772/2812/4341 1774/2881/4342 1775/2885/4343
s 322
f 1727/2887/4344 1729/2890/4345 1743/2889/4346 1728/2888/4347
f 1746/2891/4348 1745/2892/4349 1744/2838/4259 1743/2889/4346
f 1729/2890/4345 1746/2891/4348 1743/2889/4346
f 1745/2892/4349 1739/2837/4256 1744/2838/4259
s 324
f 1736/2893/4350 1735/2896/4351 1734/2895/4352 1737/2894/4353
f 1737/2894/4353 1734/2895/4352 1733/2898/4354 1738/2897/4355
f 1738/2897/4355 1733/2898/4354 1730/2900/4356 1731/2899/4357
f 1724/2901/4358 1732/2902/4359 1731/2899/4357 1730/2900/4356
f 1735/2896/4351 1736/2893/4350 1780/2904/4360 1779/2903/4361
f 1724/2901/4358 1779/2903/4361 1780/2904/4360 1732/2902/4359
s 325
f 1749/2905/4362 1756/2908/4363 1755/2907/4364 1748/2906/4365
f 1750/2909/4366 1757/2910/4367 1756/2908/4363 1749/2905/4362
f 1751/2911/4368 1758/2912/4369 1757/2910/4367 1750/2909/4366
f 1752/2913/4370 1753/2914/4371 1758/2912/4369 1751/2911/4368
f 1748/2906/4365 1755/2907/4364 1754/2916/4372 1747/2915/4373
f 1752/2913/4370 1747/2915/4373 1754/2916/4372 1753/2914/4371
s 319
f 1740/2829/4246 1739/2858/4374 1735/2828/4247
s 318
f 1730/2825/4242 1729/2841/4375 1727/2824/4243
s 317
f 1764/2822/4237 1759/2860/4376 1760/2861/4377 1761/2821/4238
s off
f 1725/2917/4378 1742/2918/4379 1741/2839/4380 1740/2840/4381
f 1726/2919/4382 1723/2920/4383 1727/2887/4384 1728/2888/4385
s 326
f 1724/2921/4386 1723/2923/4387 1726/2878/4388 1779/2922/4389
f 1725/2924/4390 1779/2922/4389 1726/2878/4388 1742/2875/4391
s 327
f 1781/2925/4392 1782/2926/4393 1847/2927/4394 1848/2928/4395
f 1782/2926/4393 1783/2929/4396 1846/2930/4397 1847/2927/4394
f 1783/2929/4396 1784/2931/4398 1853/2932/4399 1846/2930/4397
f 1784/2931/4398 1785/2933/4400 1852/2934/4401 1853/2932/4399
f 1785/2933/4400 1786/2935/4402 1851/2936/4403 1852/2934/4401
f 1786/2935/4402 1787/2937/4404 1850/2938/4405 1851/2936/4403
f 1787/2937/4404 1788/2939/4406 1849/2940/4407 1850/2938/4405
f 1788/2939/4406 1781/2941/4392 1848/2942/4395 1849/2940/4407
f 1782/2943/4393 1781/2944/4392 1797/2945/4408
f 1783/2946/4396 1782/2943/4393 1797/2945/4408
f 1784/2947/4398 1783/2946/4396 1797/2945/4408
f 1785/2948/4400 1784/2947/4398 1797/2945/4408
f 1786/2949/4402 1785/2948/4400 1797/2945/4408
f 1787/2950/4404 1786/2949/4402 1797/2945/4408
f 1788/2951/4406 1787/2950/4404 1797/2945/4408
f 1781/2944/4392 1788/2951/4406 1797/2945/4408
s 328
f 1868/2952/4409 1869/2953/4410 1870/2954/4411
f 1869/2953/4410 1871/2955/4412 1870/2954/4411
f 1871/2955/4412 1872/2956/4413 1870/2954/4411
f 1872/2956/4413 1873/2957/4414 1870/2954/4411
f 1873/2957/4414 1874/2958/4415 1870/2954/4411
f 1874/2958/4415 1875/2959/4416 1870/2954/4411
f 1875/2959/4416 1876/2960/4417 1870/2954/4411
f 1876/2960/4417 1868/2952/4409 1870/2954/4411
s off
f 1815/2961/4418 1814/2962/4419 1816/2963/4420 1817/2964/4421
f 1818/2965/4422 1815/2961/4423 1817/2964/4424 1819/2966/4425
s 329
f 1820/2967/4426 1818/2965/4427 1819/2966/4428 1821/2968/4429
s 330
f 1826/2969/4430 1824/2970/4431 1825/2971/4432 1827/2972/4433
s off
f 1828/2973/4434 1826/2969/4435 1827/2972/4436 1829/2974/4437
f 1814/2962/4438 1828/2973/4439 1829/2974/4440 1816/2963/4441
f 1807/2975/4442 1806/2976/4443 1831/2977/4444 1832/2978/4445
f 1808/2979/4446 1807/2980/4447 1832/2981/4448 1833/2982/4449
f 1809/2983/4450 1808/2979/4451 1833/2982/4452 1834/2984/4453
f 1810/2985/4454 1809/2983/4455 1834/2984/4456 1835/2986/4457
f 1811/2987/4458 1810/2985/4459 1835/2986/4460 1836/2988/4461
f 1812/2989/4462 1811/2987/4463 1836/2988/4464 1837/2990/4465
f 1813/2991/4466 1812/2989/4467 1837/2990/4468 1830/2992/4469
f 1806/2976/4470 1813/2991/4471 1830/2992/4472 1831/2977/4473
s 331
f 1799/2993/4474 1798/2994/4475 1814/2995/4476 1815/2996/4477
s 332
f 1806/2997/4478 1807/2998/4479 1817/2999/4480 1816/3000/4481
s 331
f 1800/3001/4482 1799/2993/4474 1815/2996/4477 1818/3002/4483
s 332
f 1807/2998/4479 1808/3003/4484 1819/3004/4485 1817/2999/4480
s 331
f 1801/3005/4486 1800/3001/4482 1818/3002/4483 1820/3006/4487
s 332
f 1808/3003/4484 1809/3007/4488 1821/3008/4489 1819/3004/4485
s 331
f 1802/3009/4490 1801/3005/4486 1820/3006/4487 1822/3010/4491
s 332
f 1809/3007/4488 1810/3011/4492 1823/3012/4493 1821/3008/4489
s 331
f 1803/3013/4494 1802/3009/4490 1822/3010/4491 1824/3014/4495
s 332
f 1810/3011/4492 1811/3015/4496 1825/3016/4497 1823/3012/4493
s 331
f 1804/3017/4498 1803/3013/4494 1824/3014/4495 1826/3018/4499
s 332
f 1811/3015/4496 1812/3019/4500 1827/3020/4501 1825/3016/4497
s 331
f 1805/3021/4502 1804/3017/4498 1826/3018/4499 1828/3022/4503
s 332
f 1812/3019/4500 1813/3023/4504 1829/3024/4505 1827/3020/4501
s 331
f 1798/2994/4475 1805/3021/4502 1828/3022/4503 1814/2995/4476
s 332
f 1813/3023/4504 1806/2997/4478 1816/3000/4481 1829/3024/4505
s 333
f 1831/2977/4506 1830/2992/4507 1838/3025/4508 1839/3026/4509
f 1832/2978/4510 1831/2977/4506 1839/3026/4509 1840/3027/4511
f 1833/2982/4512 1832/2981/4510 1840/3028/4511 1841/3029/4513
f 1834/2984/4514 1833/2982/4512 1841/3029/4513 1842/3030/4515
f 1835/2986/4516 1834/2984/4514 1842/3030/4515 1843/3031/4517
f 1836/2988/4518 1835/2986/4516 1843/3031/4517 1844/3032/4519
f 1837/2990/4520 1836/2988/4518 1844/3032/4519 1845/3033/4521
f 1830/2992/4507 1837/2990/4520 1845/3033/4521 1838/3025/4508
s off
f 1839/3026/4522 1838/3025/4523 1791/3034/4524 1790/3035/4525
f 1840/3027/4526 1839/3026/4527 1790/3035/4528 1789/3036/4529
f 1841/3029/4530 1840/3028/4531 1789/3037/4532 1796/3038/4533
f 1842/3030/4534 1841/3029/4535 1796/3038/4536 1795/3039/4537
f 1843/3031/4538 1842/3030/4539 1795/3039/4540 1794/3040/4541
f 1844/3032/4542 1843/3031/4543 1794/3040/4544 1793/3041/4545
f 1845/3033/4546 1844/3032/4547 1793/3041/4548 1792/3042/4549
f 1838/3025/4550 1845/3033/4551 1792/3042/4552 1791/3034/4553
s 334
f 1847/2927/4554 1846/2930/4555 1878/3043/4556 1879/3044/4557
s 335
f 1848/2928/4558 1847/2927/4559 1879/3044/4560 1880/3045/4561
s 336
f 1849/2940/4562 1848/2942/4563 1880/3046/4564 1881/3047/4565
s 337
f 1850/2938/4566 1849/2940/4567 1881/3047/4568 1882/3048/4569
s 338
f 1851/2936/4570 1850/2938/4571 1882/3048/4572 1883/3049/4573
s 339
f 1852/2934/4574 1851/2936/4575 1883/3049/4576 1884/3050/4577
s 340
f 1853/2932/4578 1852/2934/4579 1884/3050/4580 1877/3051/4581
s 341
f 1846/2930/4582 1853/2932/4583 1877/3051/4584 1878/3043/4585
s 331
f 1822/3010/4491 1820/3006/4487 1854/3052/4586 1855/3053/4587
s 329
f 1820/2967/4426 1821/2968/4429 1856/3054/4588 1854/3055/4589
s 332
f 1821/3008/4489 1823/3012/4493 1857/3056/4590 1856/3057/4591
s 331
f 1824/3014/4495 1822/3010/4491 1855/3053/4587 1858/3058/4592
s 332
f 1823/3012/4493 1825/3016/4497 1859/3059/4593 1857/3056/4590
s 330
f 1825/2971/4432 1824/2970/4431 1858/3060/4594 1859/3061/4595
s 342
f 1789/3062/4596 1790/3063/4597 1861/3064/4598 1860/3065/4599
f 1790/3063/4597 1791/3066/4600 1862/3067/4601 1861/3064/4598
f 1791/3066/4600 1792/3068/4602 1863/3069/4603 1862/3067/4601
f 1792/3068/4602 1793/3070/4604 1864/3071/4605 1863/3069/4603
f 1793/3070/4604 1794/3072/4606 1865/3073/4607 1864/3071/4605
f 1794/3072/4606 1795/3074/4608 1866/3075/4609 1865/3073/4607
f 1795/3074/4608 1796/3076/4610 1867/3077/4611 1866/3075/4609
f 1796/3076/4610 1789/3062/4596 1860/3065/4599 1867/3077/4611
s off
f 1860/3065/4612 1861/3064/4613 1869/2953/4614 1868/2952/4615
f 1861/3064/4616 1862/3067/4617 1871/2955/4618 1869/2953/4619
f 1862/3067/4620 1863/3069/4621 1872/2956/4622 1871/2955/4623
f 1863/3069/4624 1864/3071/4625 1873/2957/4626 1872/2956/4627
f 1864/3071/4628 1865/3073/4629 1874/2958/4630 1873/2957/4631
f 1865/3073/4632 1866/3075/4633 1875/2959/4634 1874/2958/4635
f 1866/3075/4636 1867/3077/4637 1876/2960/4638 1875/2959/4639
f 1867/3077/4640 1860/3065/4641 1868/2952/4642 1876/2960/4643
s 341
f 1878/3043/4585 1877/3051/4584 1804/3078/4644 1805/3079/4645
s 334
f 1879/3044/4557 1878/3043/4556 1805/3079/4646 1798/3080/4647
s 335
f 1880/3045/4561 1879/3044/4560 1798/3080/4648 1799/3081/4649
s 336
f 1881/3047/4565 1880/3046/4564 1799/3082/4650 1800/3083/4651
s 337
f 1882/3048/4569 1881/3047/4568 1800/3083/4652 1801/3084/4653
s 338
f 1883/3049/4573 1882/3048/4572 1801/3084/4654 1802/3085/4655
s 339
f 1884/3050/4577 1883/3049/4576 1802/3085/4656 1803/3086/4657
s 340
f 1877/3051/4581 1884/3050/4580 1803/3086/4658 1804/3078/4659
s 343
f 1885/3087/4660 1886/3088/4661 1920/3089/4662 1909/3090/4663
f 1886/3088/4664 1887/3091/4665 1919/3092/4666 1920/3089/4662
f 1887/3091/4667 1888/3093/4668 1918/3094/4669 1919/3092/4666
f 1888/3093/4670 1889/3095/4671 1917/3096/4672 1918/3094/4669
f 1889/3095/4673 1890/3097/4674 1916/3098/4675 1917/3096/4672
f 1890/3097/4676 1891/3099/4677 1915/3100/4678 1916/3098/4675
f 1891/3099/4679 1892/3101/4680 1914/3102/4681 1915/3100/4678
f 1892/3101/4682 1893/3103/4683 1913/3104/4684 1914/3102/4681
f 1893/3103/4685 1894/3105/4686 1912/3106/4687 1913/3104/4684
f 1894/3105/4688 1895/3107/4689 1911/3108/4690 1912/3106/4687
f 1895/3107/4691 1896/3109/4692 1910/3110/4693 1911/3108/4690
f 1896/3109/4694 1885/3111/4695 1909/3112/4663 1910/3110/4693
s 355
f 1933/3113/4696 1934/3114/4697 1935/3115/4698
f 1934/3114/4697 1936/3116/4699 1935/3115/4698
f 1936/3116/4699 1937/3117/4700 1935/3115/4698
f 1937/3117/4700 1938/3118/4701 1935/3115/4698
f 1938/3118/4701 1939/3119/4702 1935/3115/4698
f 1939/3119/4702 1940/3120/4703 1935/3115/4698
f 1940/3120/4703 1941/3121/4704 1935/3115/4698
f 1941/3121/4704 1942/3122/4705 1935/3115/4698
f 1942/3122/4705 1943/3123/4706 1935/3115/4698
f 1943/3123/4706 1944/3124/4707 1935/3115/4698
f 1944/3124/4707 1945/3125/4708 1935/3115/4698
f 1945/3125/4708 1933/3113/4696 1935/3115/4698
s 343
f 1910/3110/4693 1909/3112/4663 1897/3126/4709 1908/3127/4710
f 1911/3108/4690 1910/3110/4693 1908/3127/4710 1907/3128/4711
f 1912/3106/4687 1911/3108/4690 1907/3128/4711 1906/3129/4712
f 1913/3104/4684 1912/3106/4687 1906/3129/4712 1905/3130/4713
f 1914/3102/4681 1913/3104/4684 1905/3130/4713 1904/3131/4714
f 1915/3100/4678 1914/3102/4681 1904/3131/4714 1903/3132/4715
f 1916/3098/4675 1915/3100/4678 1903/3132/4715 1902/3133/4716
f 1917/3096/4672 1916/3098/4675 1902/3133/4716 1901/3134/4717
f 1918/3094/4669 1917/3096/4672 1901/3134/4717 1900/3135/4718
f 1919/3092/4666 1918/3094/4669 1900/3135/4718 1899/3136/4719
f 1920/3089/4662 1919/3092/4666 1899/3136/4719 1898/3137/4720
f 1909/3090/4663 1920/3089/4662 1898/3137/4720 1897/3138/4709
s 356
f 1897/3139/4721 1898/3140/4722 1922/3141/4723 1921/3142/4724
f 1898/3140/4722 1899/3143/4725 1923/3144/4726 1922/3141/4723
f 1899/3143/4725 1900/3145/4727 1924/3146/4728 1923/3144/4726
f 1900/3145/4727 1901/3147/4729 1925/3148/4730 1924/3146/4728
f 1901/3147/4729 1902/3149/4731 1926/3150/4732 1925/3148/4730
f 1902/3149/4731 1903/3151/4733 1927/3152/4734 1926/3150/4732
f 1903/3151/4733 1904/3153/4735 1928/3154/4736 1927/3152/4734
f 1904/3153/4735 1905/3155/4737 1929/3156/4738 1928/3154/4736
f 1905/3155/4737 1906/3157/4739 1930/3158/4740 1929/3156/4738
f 1906/3157/4739 1907/3159/4741 1931/3160/4742 1930/3158/4740
f 1907/3159/4741 1908/3161/4743 1932/3162/4744 1931/3160/4742
f 1908/3161/4743 1897/3139/4721 1921/3142/4724 1932/3162/4744
s 357
f 1921/3142/4745 1922/3141/4746 1934/3114/4747 1933/3113/4748
f 1922/3141/4746 1923/3144/4749 1936/3116/4750 1934/3114/4747
f 1923/3144/4749 1924/3146/4751 1937/3117/4752 1936/3116/4750
f 1924/3146/4751 1925/3148/4753 1938/3118/4754 1937/3117/4752
f 1925/3148/4753 1926/3150/4755 1939/3119/4756 1938/3118/4754
f 1926/3150/4755 1927/3152/4757 1940/3120/4758 1939/3119/4756
f 1927/3152/4757 1928/3154/4759 1941/3121/4760 1940/3120/4758
f 1928/3154/4759 1929/3156/4761 1942/3122/4762 1941/3121/4760
f 1929/3156/4761 1930/3158/4763 1943/3123/4764 1942/3122/4762
f 1930/3158/4763 1931/3160/4765 1944/3124/4766 1943/3123/4764
f 1931/3160/4765 1932/3162/4767 1945/3125/4768 1944/3124/4766
f 1932/3162/4767 1921/3142/4745 1933/3113/4748 1945/3125/4768
