# Blender 4.3.2
# www.blender.org
mtllib calamari.mtl
o AMLights01
v 343.096344 -15.425831 29.992502
v 320.500916 -16.279449 37.224022
v 315.877350 -17.674002 36.666607
v 315.877350 -17.674006 -35.926426
v 320.500916 -16.279446 -36.483837
v 343.096344 -15.425829 -29.252317
v -319.718140 -2.058090 21.763264
v -319.906525 1.190727 21.763266
v -323.533997 0.734474 19.980417
v -323.400726 -1.563557 19.980415
v -328.179871 -0.921768 15.430573
v 18.859865 -12.172903 71.353836
v 18.859865 -9.814648 71.769661
v 14.461758 -10.464666 67.171471
v 22.248840 -9.841553 73.385475
v 22.248840 -13.175507 72.797592
v 37.277222 -14.884583 76.465752
v 37.277222 -9.490131 77.416939
v 59.538208 -8.794970 78.978661
v 59.538216 -15.130693 77.861504
v 220.239487 -12.226597 39.025486
v 241.473282 -13.397364 39.701431
v 241.473282 -10.329060 45.015877
v 220.239487 -9.614140 43.550388
v 205.904587 -6.883829 40.821800
v 205.904587 -8.498413 38.025253
v 202.671982 -6.828722 37.872639
v 202.671982 -5.686653 39.850758
v 198.476822 -2.725323 36.556519
v 202.671982 -3.499779 40.291927
v 241.473282 -4.539097 46.554005
v 220.239487 -4.271366 45.346706
v 205.904587 -3.581814 41.931988
v -248.319763 -26.359449 58.835751
v -302.440033 -25.724880 52.709972
v -302.481293 -32.401478 50.258152
v -248.484589 -34.269669 56.225681
v -188.640152 -36.059807 60.993195
v -188.392853 -27.090290 63.604919
v -101.509003 -27.617142 67.640831
v -101.673843 -37.819515 65.151764
v -5.190758 -39.469276 67.296799
v -4.834236 -28.552340 69.608902
v -248.979156 -40.431007 48.395443
v -189.381958 -42.462357 53.158009
v -102.168365 -44.971558 57.684566
v -5.650860 -47.247200 60.305027
v -6.038761 -52.042324 46.980904
v 81.858055 -48.577869 59.349358
v 80.800995 -53.388680 46.391830
v -302.604858 -38.138268 42.902729
v -102.662918 -49.343033 44.297585
v -190.123764 -46.452705 40.030197
v 101.609024 -30.928326 111.462479
v 9.102226 -30.964794 107.239571
v 9.102242 -47.755020 92.922424
v 101.609024 -46.721020 96.579559
v 73.787201 -46.646500 66.360596
v 95.020996 -47.018288 67.540009
v 95.020996 -41.234970 69.102936
v 73.787201 -41.121372 67.476318
v 59.452263 -42.121601 63.748138
v 59.452263 -45.536320 63.058578
v 73.787193 -51.061455 61.942848
v 59.452263 -48.264908 60.328262
v 56.219673 -46.759430 59.308640
v 56.219673 -47.625084 56.682114
v 59.452263 -49.265137 56.600075
v 56.219673 -44.917610 61.371586
v 52.024502 -43.889675 57.456573
v 56.219673 -42.803139 62.082966
v -146.674927 -51.908508 -30.669193
v -146.674927 -49.296051 -28.364662
v -149.907532 -49.053688 -29.886963
v -149.907532 -50.529198 -31.560270
v -146.674927 -52.906380 -34.398014
v -132.339996 -54.520962 -28.364662
v -132.339996 -56.135544 -34.398014
v -111.106186 -57.047234 -34.398014
v -111.106186 -55.432648 -27.529148
v -154.102692 -47.681465 -34.098675
v -149.907532 -51.092789 -34.267738
v 59.194374 -54.723541 -49.972630
v 59.194374 -49.409096 -46.904327
v 37.960560 -48.733150 -48.075096
v 37.960560 -53.258057 -50.687553
v 59.194374 -56.261673 -55.762585
v 37.960560 -55.054375 -56.030315
v 23.625633 -51.639648 -56.719879
v 23.625633 -50.529469 -53.417866
v 20.393036 -49.558426 -54.615040
v 20.393036 -49.999596 -56.801918
v 23.625635 -47.732922 -51.803280
v 20.393038 -47.580307 -53.472961
v 16.197868 -46.264191 -57.576370
v -1.146568 -56.496727 1.215349
v -1.146568 -55.387856 6.542292
v -9.400562 -49.051472 1.547985
v -1.146568 -52.484802 9.834526
v 5.213562 -57.368172 8.295482
v 5.213562 -52.228172 12.829656
v -119.265732 -56.105343 42.277039
v -147.469696 -53.061066 37.742870
v -147.469696 -55.024376 30.406420
v -119.265732 -61.377769 30.406418
v -77.488205 -63.045578 30.406418
v -77.488205 -57.773148 43.920906
v -266.976807 -56.360931 -6.893798
v -243.016083 -57.690819 -6.893798
v -243.016083 -55.335594 -0.024933
v -266.976807 -54.005711 -0.860444
v -283.152649 -50.194878 -3.164981
v -283.152649 -51.650486 -6.893798
v -286.800446 -49.004974 -7.024072
v -286.800446 -48.182858 -4.316603
v -291.534332 -44.028831 -7.193137
v -286.800446 -46.030518 -2.643295
v -283.152649 -46.384045 -0.860445
v 73.787193 -60.490826 29.758080
v 73.787193 -58.876236 35.791431
v 59.452263 -56.263786 33.486897
v 59.452263 -57.261658 29.758080
v 56.219673 -55.448063 29.627806
v 56.219673 -54.884472 32.335274
v 52.024502 -52.036743 29.458740
v 56.219673 -53.408970 34.008583
v 59.452263 -53.651333 35.791431
v 88.068848 -66.626305 8.279966
v 88.068848 -64.019150 12.571627
v 75.195068 -62.176208 7.284191
v 75.195068 -63.717384 4.643239
v 88.068848 -68.609711 0.370086
v 138.182205 -69.756088 13.168540
v 138.182205 -72.965302 0.370084
v 68.927261 -60.083302 0.370088
v 75.195068 -65.021027 0.370087
v 185.305191 -64.815338 22.060513
v 164.071350 -64.701736 20.433903
v 164.071350 -70.226868 19.318176
v 185.305191 -70.598663 20.497593
v -30.465809 33.852104 21.396297
v -39.584988 33.852104 21.396297
v -35.025394 18.895699 10.923709
v -25.906216 18.895695 10.923708
v 263.099609 -4.271362 45.346706
v 241.827515 -4.539097 46.554005
v 241.827515 -10.329060 45.015877
v 263.099609 -9.614134 43.550392
v 274.470276 -6.883820 40.821804
v 274.470276 -3.581806 41.931988
v 280.698761 -4.386087 38.819130
v 280.698761 -3.011806 39.007801
v 283.705475 -2.466076 36.406853
v 280.698761 -5.213457 37.386078
v 241.827515 -13.397364 39.701431
v 263.099609 -12.226595 39.025486
v 274.470276 -8.498405 38.025257
v 100.316330 -9.766727 70.029968
v 100.316322 -11.475166 69.728729
v 103.468475 -10.410170 66.862419
v 93.786514 -9.841555 73.385475
v 93.786514 -13.175508 72.797607
v 81.865791 -9.490128 77.416939
v 81.865784 -14.884581 76.465752
v 59.564682 -15.130693 77.861504
v 59.564674 -8.794970 78.978661
v 84.536514 -30.508213 68.174576
v -4.923733 -28.552340 69.608902
v -5.280895 -39.469276 67.296799
v 83.273010 -40.929581 66.023766
v 148.458313 -39.186108 62.010494
v 156.052856 -30.816113 63.976662
v 81.924728 -48.577869 59.349358
v 144.536179 -45.716030 55.893559
v 142.991867 -49.771751 43.832912
v 166.062164 -35.414158 51.013649
v 165.179779 -37.581192 40.606720
v -5.741825 -47.247200 60.305027
v 80.865768 -53.388680 46.391830
v 80.470215 -55.297607 25.391623
v 142.530960 -50.719116 24.035650
v 116.383469 -41.121368 67.476318
v 95.111389 -41.234970 69.102936
v 95.111389 -47.018288 67.540009
v 116.383469 -46.646500 66.360596
v 127.754120 -45.536316 63.058578
v 127.754120 -42.121601 63.748138
v 133.982635 -44.567863 60.241158
v 133.982635 -43.283363 60.764904
v 136.989334 -43.740005 57.715813
v 133.982635 -45.735756 58.868053
v 133.982635 -46.340946 57.170078
v 127.754120 -48.264908 60.328262
v 116.383469 -51.061451 61.942852
v 127.754120 -49.265137 56.600079
v 139.474304 -45.874771 12.829659
v 117.102524 -43.911465 20.166105
v 117.102509 -54.191475 20.166101
v 139.474289 -52.228172 12.829657
v 117.102509 -62.508179 12.829654
v 139.474289 -57.368172 8.295483
v 151.728867 -51.043480 6.603624
v 151.728867 -52.716911 4.447584
v 157.644562 -49.051468 0.959038
v 151.728867 -53.356102 0.959037
v 139.474289 -59.331478 0.959035
v 75.249725 -55.824184 22.825933
v 75.249725 -64.140884 14.473520
v 117.102509 -65.684875 0.959033
v -72.515884 -48.810555 -31.529099
v -78.744400 -49.296051 -28.364662
v -78.744400 -51.908501 -30.669193
v -72.515884 -49.661087 -32.624924
v -69.509201 -47.681461 -34.398010
v -72.515884 -49.985958 -34.398010
v -78.744400 -52.906372 -34.398014
v -90.115051 -56.135548 -34.398014
v -90.115051 -54.520958 -28.364662
v -13.484005 -47.921059 42.277039
v -35.855778 -49.211266 49.613491
v -35.855778 -56.105339 42.277039
v -13.484005 -53.061066 37.742870
v -1.229424 -45.778595 36.051010
v -1.229424 -48.724586 33.894966
v 4.686256 -44.744358 30.406420
v -1.229424 -49.363777 30.406420
v -13.484009 -55.024372 30.406420
v 59.220222 -54.723541 -49.972630
v 59.220222 -56.261673 -55.762585
v 80.492294 -55.054371 -56.030323
v 80.492294 -53.258057 -50.687557
v 59.220222 -49.409096 -46.904327
v 80.492294 -48.733150 -48.075096
v 91.862946 -47.732922 -51.803280
v 91.862946 -50.529465 -53.417866
v 98.091469 -47.093742 -55.088234
v 91.862946 -51.639656 -56.719883
v 98.091469 -48.526791 -55.915600
v 101.098160 -46.114521 -57.835609
v 98.091469 -48.715462 -57.289879
v -219.530762 -54.005707 -0.860444
v -243.534637 -55.335594 -0.024933
v -243.534637 -57.690819 -6.893798
v -219.530762 -56.360931 -6.893798
v -206.699829 -51.650482 -6.893798
v -206.699829 -50.194870 -3.164979
v -199.671463 -47.390427 -6.893798
v -199.671463 -46.916527 -5.120710
v -206.699829 -46.384045 -0.860443
v -199.671463 -45.675835 -4.024883
v -196.278625 -44.028824 -6.893797
v -35.855778 -61.377762 30.406418
v -35.855778 -56.105339 42.277039
v -77.708572 -57.773148 43.920906
v -77.708572 -63.045578 30.406418
v 116.383469 -58.876236 35.791431
v 95.111389 -59.787922 36.626942
v 95.111389 -61.402508 29.758080
v 116.383469 -60.490829 29.758080
v 127.754120 -57.261650 29.758080
v 127.754120 -56.263779 33.486897
v 133.982635 -54.341240 29.758080
v 133.982635 -54.016365 31.531166
v 127.754120 -53.651329 35.791431
v 133.982635 -53.165833 32.626995
v 136.989334 -52.036739 29.758080
v 262.375092 -62.989365 12.571628
v 200.405411 -65.590706 18.693430
v 200.405411 -69.444870 13.168542
v 262.375092 -66.724060 8.279967
v 200.405411 -72.654083 0.370084
v 262.375092 -68.707458 0.370086
v 138.350342 -72.965302 0.370084
v 138.350357 -69.756088 13.168540
v 206.830276 -64.701736 20.433905
v 185.558212 -64.815338 22.060513
v 185.558212 -70.598663 20.497593
v 206.830276 -70.226868 19.318176
v -41.304211 33.106483 24.799982
v -41.304211 35.789093 24.753160
v -51.695942 35.249237 23.185310
v -51.695942 33.591301 23.214252
v -55.665218 34.375732 20.648481
v -100.977936 22.644131 16.697142
v -100.977936 22.645554 2.007386
v -123.399139 19.513256 4.030019
v -123.399139 19.512234 14.672901
v -130.340103 17.086136 5.045899
v -130.340103 17.085308 13.656209
v -123.399139 14.835632 23.282358
v -130.340088 13.335922 20.621439
v -123.399139 4.775951 26.569889
v -100.977936 16.184734 28.580278
v -100.977921 1.190220 33.117863
v -136.212540 14.003876 6.372276
v -136.212540 14.003311 12.328775
v -136.212540 11.431400 17.147230
v -130.340088 4.776279 23.281111
v -142.335449 7.271439 9.349339
v -136.212540 7.270519 18.987160
v -81.076233 19.881298 14.246928
v -121.058273 17.137707 14.660781
v -121.058273 13.754108 26.101788
v -81.076218 16.966038 25.018629
v -121.058273 8.280064 30.470522
v -81.076233 12.249668 29.131794
v 59.360233 15.940632 -22.115765
v 59.360233 18.061600 -28.005676
v 50.525581 13.151005 -28.453276
v 50.525589 12.451542 -25.373335
v 59.360245 11.711380 -20.006279
v 75.195076 17.601143 -18.396616
v 75.195076 12.588047 -15.209674
v 90.348053 18.865593 -16.612991
v 90.348053 13.025814 -12.813925
v 47.523949 10.421032 -27.980238
v 50.525581 10.976482 -24.524084
v -105.890717 13.507805 20.845222
v -105.883179 14.180637 0.341910
v -203.654465 11.054928 0.356359
v -203.689270 10.436077 17.796520
v -203.719589 7.994770 25.520590
v -105.911240 10.620026 29.900244
v 9.002132 14.475037 21.240797
v -105.890717 13.507805 20.845222
v -105.874008 10.690243 28.859768
v 9.061096 12.131447 29.560171
v 9.079338 8.908939 45.541283
v -105.868210 6.234612 43.155544
v -210.460800 12.869061 14.293415
v -210.460800 12.869667 0.884683
v -221.180023 11.208061 2.206449
v -221.180023 11.207600 12.970594
v -210.460800 10.124992 25.140284
v -170.478790 13.983906 14.806411
v -170.478790 10.813904 26.482922
v -227.052490 8.736221 4.261478
v -227.052490 8.735966 10.913929
v -221.180023 9.098289 21.678144
v -210.460800 3.484669 29.282162
v -221.180023 3.484890 25.003126
v -227.052490 7.570942 16.295359
v -227.052490 3.485226 18.350262
v -230.770691 3.485641 7.586376
v -256.222168 10.179974 21.763271
v -256.316376 11.804386 15.729916
v -280.289948 11.326321 15.729916
v -280.195709 9.701912 22.598780
v -304.157013 9.013802 15.729916
v -304.062836 7.389381 21.763269
v -320.058929 3.819077 19.458733
v -320.117157 4.823017 15.729913
v -323.652924 2.785976 15.599640
v -323.620087 2.218952 18.307110
v -319.906525 1.190727 21.763266
v -323.533997 0.734474 19.980417
v -328.179871 -0.921768 15.430573
v -64.508194 8.491741 -36.735901
v -44.627232 9.073616 -36.042461
v -44.627232 12.221352 -38.683727
v -64.508194 11.171829 -38.984768
v -77.929810 9.055046 -40.467949
v -77.929810 7.398659 -39.078075
v -80.956467 7.103878 -40.161373
v -80.956467 8.275517 -41.144493
v -84.884354 5.758869 -42.714245
v -80.956467 8.312157 -42.637882
v -44.627232 12.562408 -42.680645
v -64.508194 11.735149 -42.716816
v -77.929810 9.403194 -42.774483
v 275.634399 8.205448 6.747585
v 275.634399 9.820034 0.714232
v 261.299438 6.590858 0.714232
v 261.299438 5.592991 4.443049
v 275.634399 3.978405 10.476404
v 293.074432 9.117146 7.583097
v 293.074432 4.890095 11.828288
v 275.634399 -1.246506 10.476405
v 293.074432 -1.246502 11.828289
v 258.066864 4.213676 3.551975
v 258.066864 2.738174 5.225283
v 261.299438 2.980537 6.747585
v 261.299438 -0.248638 6.747586
v 258.066864 0.454037 5.225282
v 253.871674 1.365948 1.013571
v 258.066864 4.777271 0.844506
v 241.473282 5.852734 -26.493057
v 241.473282 8.921036 -31.807505
v 220.239487 7.294422 -31.693901
v 220.239487 4.681969 -27.168997
v 205.904587 1.951645 -29.897589
v 205.904587 3.566235 -32.694134
v 202.671982 1.901062 -33.375668
v 202.671982 0.758991 -31.397543
v 198.476822 -2.725330 -34.462204
v 220.239487 6.178707 39.313354
v 220.239487 7.294434 33.788219
v 205.904587 3.566242 34.788445
v 205.904587 2.876686 38.203163
v 220.239487 1.760967 43.728302
v 205.904587 0.146374 40.931759
v 220.239487 -4.271366 45.346706
v 241.473282 2.216805 44.517853
v 241.473282 -4.539097 46.554005
v 202.671982 1.189697 37.584457
v 202.671982 -0.873245 39.426277
v 202.671982 -3.499779 40.291927
v 205.904587 -3.581814 41.931988
v 202.671982 1.901070 35.469978
v 198.476822 -2.725323 36.556519
v -351.203125 -0.538952 9.644268
v -345.579803 1.760841 6.407419
v -356.872162 0.506977 3.769099
v -360.409729 -0.835609 5.245755
v -365.937988 -3.145180 7.220021
v -355.911133 -2.594315 12.420473
v -345.036072 -1.960052 16.261965
v -338.624908 0.920532 13.914203
v -326.605530 1.293575 16.797472
v -324.768188 3.680332 11.012579
v -363.348053 -1.039940 0.356358
v -370.155212 -3.569710 0.356358
v -374.558746 -5.895134 0.356358
v -370.473907 -5.819246 8.360090
v -377.802765 -8.353975 9.471665
v -360.799347 -5.264622 14.681771
v -357.886688 0.525455 0.356358
v -381.625458 -7.970966 0.356356
v -367.803223 -8.667511 20.273296
v -353.344971 -8.395109 21.333389
v -349.303802 -4.708487 18.785297
v -327.950867 -2.851185 22.945997
v -291.993378 3.242210 19.342102
v -290.989349 6.213913 13.269550
v -249.697632 8.458530 15.470438
v -249.701630 5.581139 22.114357
v -249.677155 1.820782 31.086388
v -293.214569 -0.959579 26.770203
v -294.634552 -9.473766 39.096188
v -328.682159 -10.934956 33.793591
v 37.277222 -4.447109 74.336655
v 59.538212 -3.657944 75.365242
v 59.538212 -0.740498 68.567436
v 37.277222 -1.681770 68.401466
v 22.248840 -5.015720 67.813606
v 22.248840 -6.724796 71.481743
v 37.277222 -9.490131 77.416939
v 22.248840 -9.841553 73.385475
v 18.859865 -9.814648 71.769661
v 18.859865 -7.986645 70.310669
v 14.461758 -10.464666 67.171471
v 18.859865 -6.911879 67.617943
v 74.216293 -13.634592 -61.537540
v 96.477280 -13.388485 -60.141792
v 96.477280 -7.052767 -61.258961
v 74.216293 -8.240145 -62.488735
v 59.187904 -9.949217 -66.156883
v 59.187916 -13.283171 -65.569016
v 55.798943 -12.834824 -67.268631
v 55.798935 -10.476572 -67.684464
v 51.400829 -12.660063 -71.783012
v 96.477280 -3.461395 -66.411423
v 74.216293 -4.554771 -67.108070
v 59.187904 -7.671534 -69.011787
v 55.798935 -9.257812 -69.680679
v 55.798935 -9.168829 -72.578598
v 59.187904 -7.320110 -73.043259
v 96.477280 -3.044884 -73.797096
v 74.216293 -3.986160 -73.631126
v 101.609024 -30.928326 111.462479
v 101.609024 -15.734739 96.579582
v 9.102211 -16.114321 92.922417
v 9.102226 -30.964794 107.239571
v -302.095886 -19.346550 50.177738
v -302.440033 -25.724880 52.709972
v -248.319763 -26.359449 58.835751
v -248.484589 -18.557505 56.225681
v -248.979156 -12.721003 51.526669
v -301.063446 -14.504585 45.333183
v -294.634552 -9.473766 39.096188
v -249.483337 -7.207283 43.575233
v -200.113892 -4.795105 48.290649
v -188.698639 -17.815418 60.874317
v -189.616043 -11.755817 56.093227
v -103.104782 -9.174086 59.395382
v -105.173599 -2.563362 52.004765
v 5.790180 -0.576908 56.009983
v 2.322582 -7.073715 61.289696
v -4.482670 -16.939461 66.945259
v -188.392853 -27.090290 63.604919
v -101.509003 -27.617142 67.640831
v -101.907944 -16.675163 64.676254
v -4.834236 -28.552340 69.608902
v 73.787201 -41.121372 67.476318
v 95.020996 -41.234970 69.102936
v 95.020996 -35.920521 66.034630
v 73.787201 -36.596466 64.863869
v 59.452263 -39.325058 62.133549
v 59.452263 -42.121601 63.748138
v 56.219673 -42.803139 62.082966
v 56.219673 -40.825016 60.940887
v 52.024502 -43.889675 57.456573
v -77.488205 -47.415443 52.273319
v -77.488205 -34.833157 52.273327
v -119.265732 -39.604355 49.613491
v -119.265732 -46.300083 49.613491
v -147.469696 -47.921055 42.277039
v -147.469696 -41.567665 42.277039
v -153.829834 -42.950180 39.281910
v -153.829865 -46.538551 39.281910
v -286.800446 -46.030518 -2.643295
v -286.800446 -42.698608 -2.643296
v -291.534332 -44.028831 -7.193137
v -283.152649 -41.673607 -0.860445
v -283.152649 -46.384045 -0.860445
v -266.976807 -47.839653 2.868374
v -266.976807 -40.217991 2.868374
v -243.016083 -40.217991 4.220259
v -243.016083 -49.169540 4.220259
v -111.106186 -51.205608 -23.283960
v -111.106186 -45.069008 -23.283957
v -132.339996 -45.069012 -24.635841
v -132.339996 -50.293922 -24.635843
v -146.674927 -49.296051 -28.364662
v -146.674927 -46.066879 -28.364658
v -149.907532 -46.769554 -29.886959
v -149.907532 -49.053688 -29.886963
v -154.102692 -47.681465 -34.098675
v 75.195053 -55.824184 22.825933
v 75.195061 -43.911465 22.825941
v 33.417542 -43.911469 20.166105
v 33.417542 -54.191483 20.166101
v 5.213562 -52.228172 12.829656
v 5.213562 -45.874775 12.829657
v -1.146568 -47.257286 9.834527
v -1.146568 -52.484802 9.834526
v -9.400562 -49.051472 1.547985
v 56.219673 -53.408970 34.008583
v 56.219673 -51.124832 34.008583
v 52.024502 -52.036743 29.458740
v 59.452263 -50.422153 35.791431
v 59.452263 -53.651333 35.791431
v 73.787193 -54.649200 39.520248
v 73.787193 -49.424286 39.520248
v 95.020996 -49.424286 40.872135
v 95.020996 -55.560883 40.872135
v 88.068871 -59.092316 0.370089
v 138.182220 -57.929119 0.370089
v 138.182220 -57.804794 -20.338247
v 88.068871 -59.072136 -12.428368
v 75.195068 -59.623055 7.284187
v 75.195068 -59.596870 0.370088
v 68.927261 -60.083302 0.370088
v 75.195068 -62.176208 7.284191
v 88.068848 -64.019150 12.571627
v 88.068871 -59.072136 13.168543
v -252.711761 -63.692856 -2.958740
v -252.711761 -61.009850 -2.958739
v -263.103485 -61.522251 -4.535769
v -263.103485 -63.180443 -4.535770
v -267.072784 -62.351349 -7.087459
v -30.465809 33.852104 21.396297
v -30.465809 34.899361 19.900654
v -39.584988 34.899361 19.900658
v -39.584988 33.852104 21.396297
v -18.180946 35.249237 23.185310
v -18.180946 33.591293 23.214252
v -14.204510 34.375732 20.648481
v -28.591389 35.789093 24.753160
v -28.591389 33.106483 24.799982
v -41.459408 35.789093 24.753160
v -41.459408 33.106483 24.799982
v -30.465809 34.899361 19.900654
v -30.465809 33.852104 21.396297
v -25.906216 18.895695 10.923708
v -25.906216 19.942947 9.428065
v 45.834652 16.504372 13.463524
v 37.017647 19.813198 15.001665
v 37.017651 14.435368 24.142830
v 45.834652 12.390682 20.117149
v 51.717659 14.171593 12.176970
v 51.717659 14.172291 6.523950
v 45.834652 16.505276 5.238420
v 37.017643 3.241196 27.633379
v 45.834652 3.241646 22.657829
v 51.717659 10.949139 16.749929
v 55.247482 12.005768 11.135548
v 55.247482 12.006119 7.564359
v 51.717651 3.241966 18.496111
v 55.247482 9.588879 14.024427
v 58.499352 5.472198 9.349333
v 55.247478 4.445148 15.127532
v 151.728882 17.599529 -18.946585
v 151.728882 12.467461 -15.869239
v 159.845688 12.050640 -18.149626
v 159.845703 16.986481 -20.744724
v 173.114853 13.178146 -24.455498
v 173.114853 11.362114 -23.151903
v 176.100464 10.449425 -28.238205
v 173.114853 13.947781 -27.282949
v -24.871639 11.735149 -42.716816
v -44.788418 12.562408 -42.680645
v -44.788410 12.221352 -38.683727
v -24.871639 11.171837 -38.984768
v -14.225422 9.055058 -40.467949
v -14.225422 9.403206 -42.774483
v -44.788410 9.073616 -36.042461
v -24.871632 8.491745 -36.735901
v -14.225414 7.398674 -39.078075
v -8.393742 6.595219 -41.169949
v -8.393742 7.444016 -41.882172
v -5.578613 5.630039 -42.867794
v -106.162247 13.507805 20.845222
v -106.182831 10.620026 29.900244
v -106.145523 10.690243 28.859768
v -106.139725 6.234612 43.155544
v 176.094925 12.710300 28.870253
v 92.819275 12.932274 30.134611
v 92.850098 8.370407 43.915283
v 176.132675 8.102364 41.019543
v -243.860931 9.301399 15.729914
v -256.858917 11.804386 15.729916
v -256.764557 10.179974 21.763271
v -243.802612 8.297462 19.458733
v -236.673706 6.771763 15.729914
v -236.654724 6.444908 17.503002
v -233.151886 4.650463 15.729913
v -236.604980 5.589203 18.598829
v -236.508270 3.924385 18.598827
v -243.461121 2.420292 21.763266
v -256.517487 5.927212 25.492088
v -243.649902 5.669106 21.763269
v 282.204437 6.699814 22.788565
v 237.707779 10.141544 26.423286
v 237.752274 6.768353 37.528648
v 282.256866 3.117847 32.070015
v 307.209381 0.608242 28.601608
v 307.158203 3.858948 19.943089
v 310.778931 8.205456 6.747585
v 293.521606 9.117146 7.583097
v 293.521606 4.890095 11.828288
v 310.778931 3.978416 10.476404
v 320.003571 2.980549 6.747586
v 320.003571 5.593006 4.443050
v 310.778931 9.820045 0.714232
v 320.003571 6.590874 0.714232
v 325.056580 3.345581 2.487319
v 325.056580 3.670456 0.714233
v 293.521606 -1.246502 11.828289
v 310.778931 -1.246498 10.476405
v 320.003571 -0.248623 6.747586
v 325.056580 0.840302 3.583148
v 325.056580 2.495045 3.583148
v 327.495789 1.365959 0.714233
v 241.827515 8.921036 -31.807505
v 241.827515 5.852734 -26.493057
v 263.099609 4.681973 -27.169001
v 263.099609 7.294430 -31.693905
v 274.470276 3.566242 -32.694138
v 274.470276 1.951656 -29.897591
v 280.698761 0.583008 -33.855900
v 280.698761 -0.244362 -32.422852
v 283.705475 -2.466087 -34.312542
v 92.850098 8.370407 43.915283
v 9.014908 8.908939 45.541283
v 5.719826 -0.576908 56.009983
v 91.993973 0.235493 53.365456
v 89.328217 -8.103643 57.791916
v 174.840652 -0.454407 49.387722
v 170.839386 -9.581484 53.760914
v 234.257706 -10.694632 48.548824
v 236.916656 -1.562237 44.676548
v 237.752274 6.768353 37.528648
v 176.132675 8.102364 41.019543
v 2.245983 -7.073715 61.289696
v -4.571529 -16.939461 66.945259
v 86.345001 -19.003117 65.523415
v 164.464813 -20.862438 61.368107
v 223.675491 -20.513744 55.436684
v 199.069962 -26.807386 57.653984
v 156.052856 -30.816113 63.976662
v 84.536514 -30.508213 68.174576
v -4.923733 -28.552340 69.608902
v 81.865791 -1.681774 68.401466
v 59.564678 -0.740498 68.567436
v 59.564678 -3.657944 75.365242
v 81.865791 -4.447105 74.336655
v 93.786514 -6.724794 71.481743
v 93.786514 -5.015724 67.813599
v 100.316330 -8.689102 69.053421
v 100.316330 -8.030895 67.281944
v 103.468475 -10.410170 66.862419
v 100.316330 -9.766727 70.029968
v 93.786514 -9.841555 73.385475
v 81.865791 -9.490128 77.416939
v 274.470276 0.146378 40.931763
v 274.470276 -3.581806 41.931988
v 280.698761 -3.011806 39.007801
v 280.698761 -1.313831 38.402611
v 274.470276 2.876698 38.203167
v 280.698761 0.059273 37.234715
v 274.470276 3.566250 34.788452
v 280.698761 0.583019 35.950214
v 283.705475 -2.466076 36.406853
v 118.871414 -3.986156 -73.631134
v 96.570297 -3.044884 -73.797096
v 96.570297 -3.461395 -66.411423
v 118.871414 -4.554773 -67.108070
v 130.792130 -7.671526 -69.011787
v 130.792130 -7.320107 -73.043274
v 137.321945 -10.347912 -70.621834
v 137.321945 -10.335281 -72.511604
v 140.474091 -12.714556 -72.092064
v 96.570297 -7.052767 -61.258961
v 118.871414 -8.240145 -62.488739
v 130.792130 -9.949217 -66.156883
v 137.321945 -11.026552 -69.335617
v 137.321945 -12.734987 -69.034370
v 130.792130 -13.283167 -65.569016
v 118.871414 -13.634592 -61.537548
v 96.570297 -13.388485 -60.141792
v 116.383469 -36.596466 64.863869
v 95.111389 -35.920521 66.034630
v 95.111389 -41.234970 69.102936
v 116.383469 -41.121368 67.476318
v 127.754120 -42.121601 63.748138
v 127.754120 -39.325054 62.133556
v 133.982635 -43.283363 60.764904
v 133.982635 -41.850311 59.937527
v 136.989334 -43.740005 57.715813
v -219.530762 -40.217991 2.868374
v -243.534637 -40.217991 4.220259
v -243.534637 -49.169540 4.220259
v -219.530762 -47.839653 2.868375
v -206.699829 -46.384045 -0.860443
v -206.699829 -41.673599 -0.860444
v -199.671463 -45.675835 -4.024883
v -199.671463 -43.262032 -4.024883
v -196.278625 -44.028824 -6.893797
v -77.708572 -34.833157 52.273327
v -77.708572 -47.415443 52.273319
v -35.855778 -49.211266 49.613491
v -35.855778 -38.931255 49.613491
v -13.484005 -41.567661 42.277039
v -13.484005 -47.921059 42.277039
v -1.229424 -43.710125 36.051010
v -1.229424 -45.778595 36.051010
v 4.686256 -44.744358 30.406420
v 117.102509 -54.191475 20.166101
v 117.102524 -43.911465 20.166105
v 75.249725 -43.911465 22.825941
v 75.249725 -55.824184 22.825933
v -72.515884 -47.155804 -31.529097
v -72.515884 -48.810555 -31.529099
v -69.509201 -47.681461 -34.398010
v -78.744400 -49.296051 -28.364662
v -78.744400 -46.066875 -28.364658
v -90.115051 -50.293919 -24.635843
v -90.115051 -45.069008 -24.635841
v -111.387131 -45.069008 -23.283957
v -111.387131 -51.205608 -23.283960
v 151.728882 -48.017235 6.603626
v 139.474304 -45.874771 12.829659
v 139.474289 -52.228172 12.829657
v 151.728867 -51.043480 6.603624
v 157.644562 -49.051468 0.959038
v -242.254211 -62.351349 -6.174534
v -237.694611 -44.092949 -6.174533
v -246.813782 -44.092945 -6.174533
v -251.373413 -62.351349 -6.174535
v 116.383469 -49.424282 39.520248
v 95.111389 -49.424286 40.872135
v 95.111389 -55.560883 40.872135
v 116.383469 -54.649193 39.520248
v 127.754120 -53.651329 35.791431
v 127.754120 -50.422153 35.791431
v 133.982635 -53.165833 32.626995
v 133.982635 -51.511086 32.626995
v 136.989334 -52.036739 29.758080
v -229.969360 -61.522255 -4.535769
v -229.969360 -63.180447 -4.535771
v -225.992920 -62.351349 -7.087459
v -240.379791 -61.009850 -2.958739
v -240.379791 -63.692863 -2.958740
v -253.247803 -61.009850 -2.958739
v -253.247803 -63.692856 -2.958740
v -51.695942 35.160172 18.082708
v -51.695942 33.502243 18.111650
v -55.665218 34.375740 20.648481
v -41.304211 35.644981 16.496981
v -41.304211 32.962387 16.543800
v -28.459332 35.644974 16.496981
v -28.459332 32.962387 16.543800
v -39.433170 33.852112 21.396299
v -39.433170 34.899368 19.900660
v -34.881771 19.942955 9.428066
v -34.881771 18.895699 10.923710
v -34.881771 18.895699 10.923710
v -34.881771 19.942955 9.428066
v -25.778988 19.942947 9.428066
v -25.778988 18.895695 10.923709
v -80.956467 4.504440 -45.638687
v -80.956467 3.332806 -44.655567
v -84.884354 5.758873 -42.714249
v -77.929810 2.205009 -45.267632
v -77.929810 3.861397 -46.657505
v -64.508194 2.768322 -48.999683
v -64.508194 0.088234 -46.750813
v -44.627232 -0.493629 -47.444256
v -44.627232 2.654102 -50.085522
v -279.949097 5.449158 4.615858
v -279.591034 -0.724773 4.615854
v -303.511353 -2.120064 5.967739
v -303.816162 3.136631 5.967741
v -319.906525 1.190731 9.696560
v -319.718140 -2.058086 9.696559
v -323.400726 -1.563553 11.218863
v -323.533997 0.734478 11.218863
v -328.179871 -0.921764 15.430575
v 241.473282 -10.329069 -42.921570
v 241.473282 -13.397369 -37.607124
v 220.239487 -12.226603 -36.931179
v 220.239487 -9.614149 -41.456085
v 241.473282 -4.539106 -44.459698
v 220.239487 -4.271374 -43.252399
v 205.904587 -3.581818 -39.837677
v 205.904587 -6.883835 -38.727493
v 202.671982 -5.686663 -37.756451
v 202.671982 -3.499783 -38.197624
v 205.904587 -8.498423 -35.930946
v 202.671982 -6.828733 -35.778328
v 198.476822 -2.725330 -34.462208
v 55.798935 -12.071598 -76.730309
v 55.798943 -14.429853 -76.314476
v 51.400829 -12.660063 -71.783020
v 59.187912 -15.479895 -78.027267
v 59.187904 -12.145945 -78.615135
v 74.216293 -11.794519 -82.646614
v 74.216293 -17.188967 -81.695419
v 96.477280 -17.435078 -83.091164
v 96.477280 -11.099363 -84.208336
v -302.481293 -32.401482 -49.517986
v -302.440033 -25.724880 -51.969788
v -248.319763 -26.359449 -58.095589
v -248.484589 -34.269672 -55.485516
v -248.979156 -40.431011 -47.655277
v -302.604858 -38.138268 -42.162563
v -188.640121 -36.059811 -60.253025
v -189.381958 -42.462360 -52.417839
v -102.168365 -44.971561 -56.944397
v -190.123764 -46.452717 -39.290031
v -102.662918 -49.343040 -43.557423
v -6.038761 -52.042332 -46.240753
v -188.392853 -27.090290 -62.864750
v -101.509003 -27.617142 -66.900650
v -101.673843 -37.819519 -64.411591
v -5.190758 -39.469284 -66.556648
v -5.650860 -47.247204 -59.564873
v 81.858055 -48.577877 -58.609215
v 80.800995 -53.388680 -45.651684
v -4.834236 -28.552341 -68.868729
v 9.102242 -47.755028 -92.172676
v 9.102226 -30.964804 -106.489815
v 101.609024 -30.928333 -110.712700
v 101.609024 -46.721027 -95.829781
v 59.194374 -43.609489 -69.222740
v 59.194374 -49.392811 -67.659813
v 37.960560 -49.021019 -66.480400
v 37.960560 -43.495892 -67.596123
v 23.625635 -44.496117 -63.867943
v 23.625635 -47.910835 -63.178383
v 20.393038 -47.292130 -61.491390
v 20.393038 -45.177650 -62.202770
v 16.197868 -46.264191 -57.576378
v 20.393036 -49.133949 -59.428455
v 20.393036 -49.999596 -56.801926
v 23.625633 -50.639427 -60.448067
v 23.625633 -51.639648 -56.719883
v -286.800446 -46.030518 -11.404850
v -283.152649 -46.384052 -12.927153
v -283.152649 -50.194878 -10.622617
v -286.800446 -48.182858 -9.731542
v -291.534332 -44.028831 -7.193138
v -286.800446 -49.004978 -7.024073
v -283.152649 -51.650486 -6.893799
v -266.976807 -54.005714 -12.927154
v -266.976807 -56.360939 -6.893799
v -243.016083 -57.690823 -6.893799
v -243.016083 -55.335602 -13.762664
v 73.787201 -46.358639 47.955299
v 95.020996 -47.034580 46.784531
v 95.020996 -52.349030 49.852829
v 73.787193 -50.883541 50.567753
v 59.452263 -48.154957 53.298069
v 59.452271 -45.358410 51.683483
v 56.219673 -45.205795 53.353172
v 56.219673 -47.183914 54.495243
v 52.024502 -43.889675 57.456581
v 56.219673 -47.625084 56.682121
v 95.020996 -53.887154 55.642796
v 73.787193 -52.679863 55.910526
v 59.452263 -49.265141 56.600079
v 56.219673 -53.408970 25.247034
v 59.452263 -53.651333 23.724731
v 59.452263 -56.263790 26.029266
v 56.219673 -54.884476 26.920340
v 52.024502 -52.036743 29.458744
v 56.219673 -55.448063 29.627810
v 59.452263 -57.261658 29.758083
v -111.106186 -55.432652 -41.266880
v -111.106186 -57.047234 -34.398014
v -132.339996 -56.135551 -34.398014
v -132.339996 -54.520966 -40.431370
v -146.674927 -51.908508 -38.126835
v -146.674927 -52.906380 -34.398014
v -149.907532 -51.092789 -34.267742
v -149.907532 -50.529198 -36.975212
v -146.674927 -49.296055 -40.431370
v -149.907532 -49.053696 -38.648514
v -154.102692 -47.681465 -34.098679
v -119.265732 -61.377773 30.406420
v -147.469696 -55.024376 30.406424
v -147.469696 -53.061062 23.069975
v -119.265732 -58.201073 18.535801
v -77.488205 -59.868877 16.891932
v -77.488205 -63.045578 30.406420
v 5.213562 -57.368179 -6.377411
v 5.213562 -59.331482 0.959035
v -1.146568 -56.496735 1.215349
v -1.146568 -55.387859 -4.111595
v 5.213562 -52.228172 -10.911584
v -1.146568 -52.484810 -7.403827
v -9.400562 -49.051476 1.547985
v 33.417538 -65.684883 0.959033
v 33.417538 -62.508183 -10.911587
v 75.195053 -64.140892 -12.555455
v 75.195053 -67.317596 0.959033
v 164.071350 -70.226868 -18.665854
v 164.071350 -64.701744 -19.781582
v 185.305191 -64.815338 -21.408195
v 185.305191 -70.598663 -19.845274
v 88.068848 -66.626312 -7.539794
v 88.068848 -68.609711 0.370086
v 75.195068 -65.021027 0.370087
v 75.195068 -63.717384 -3.903063
v 88.068848 -64.019142 -11.831455
v 75.195068 -62.176208 -6.544016
v 68.927261 -60.083305 0.370088
v -28.591389 32.962387 16.543800
v -28.591389 35.644974 16.496981
v -18.180946 35.160172 18.082708
v -18.180946 33.502228 18.111650
v -14.204510 34.375732 20.648481
v -8.393742 4.125591 -44.113136
v -8.393742 4.974384 -44.825363
v -5.578613 5.630043 -42.867798
v -14.225414 2.205021 -45.267632
v -14.225422 3.861408 -46.657513
v -24.871632 0.088238 -46.750816
v -24.871632 2.768326 -48.999683
v -44.788410 2.654102 -50.085522
v -44.788410 -0.493629 -47.444256
v 241.827515 -10.329069 -42.921570
v 241.827515 -4.539106 -44.459698
v 263.099609 -4.271370 -43.252403
v 263.099609 -9.614147 -41.456085
v 241.827515 -13.397369 -37.607124
v 263.099609 -12.226601 -36.931183
v 274.470276 -8.498415 -35.930950
v 274.470276 -6.883825 -38.727497
v 280.698761 -5.213463 -35.291767
v 274.470276 -3.581814 -39.837685
v 280.698761 -4.386093 -36.724823
v 283.705475 -2.466087 -34.312546
v 280.698761 -3.011810 -36.913490
v 137.321945 -13.779552 -74.958389
v 137.321945 -12.071114 -75.259621
v 140.474091 -12.714556 -72.092072
v 130.792130 -15.479893 -78.027267
v 130.792130 -12.145943 -78.615143
v 118.871414 -17.188971 -81.695419
v 118.871414 -11.794519 -82.646614
v 96.570297 -11.099363 -84.208336
v 96.570297 -17.435078 -83.091164
v -5.280895 -39.469284 -66.556648
v -4.923733 -28.552341 -68.868729
v 84.536514 -30.508215 -67.434395
v 83.273010 -40.929585 -65.283600
v 81.924728 -48.577877 -58.609215
v -5.741825 -47.247204 -59.564873
v 148.458328 -39.186108 -61.270332
v 144.536179 -45.716038 -55.153400
v 156.052856 -30.816113 -63.236481
v 142.571381 -50.415718 0.370078
v 165.635223 -34.150810 0.370081
v 165.313965 -35.930550 22.430679
v 142.530960 -50.719116 24.035652
v 80.470215 -55.297607 25.391624
v 80.438293 -55.526604 0.370078
v 142.991867 -49.771751 43.832912
v 165.179779 -37.581192 40.606724
v 222.913315 -37.798557 -5.863095
v 222.913315 -37.106209 -4.910157
v 222.913269 -46.106747 -1.985699
v 222.913269 -46.106747 -3.163595
v 222.913315 -37.798557 29.473768
v 222.913315 -37.106209 30.426704
v 222.913269 -46.106750 33.351166
v 222.913269 -46.106750 32.173267
v 222.913315 -37.106220 -29.686533
v 222.913315 -37.798569 -28.733597
v 222.913269 -46.106766 -31.433083
v 222.913269 -46.106762 -32.610981
v 222.913315 -37.106224 5.650332
v 222.913315 -37.798573 6.603270
v 222.913269 -46.106766 3.903779
v 222.913269 -46.106766 2.725884
v 59.220222 -49.392811 -67.659813
v 59.220222 -43.609489 -69.222740
v 80.492294 -43.495888 -67.596130
v 80.492294 -49.021019 -66.480400
v 91.862946 -47.910835 -63.178383
v 91.862946 -44.496117 -63.867950
v 98.091469 -46.942379 -60.360962
v 98.091469 -48.110271 -58.987869
v 91.862946 -50.639427 -60.448074
v 98.091469 -48.715466 -57.289883
v 91.862946 -51.639656 -56.719891
v 98.091469 -45.657879 -60.884712
v 101.098160 -46.114521 -57.835617
v -206.699829 -50.194878 -10.622617
v -206.699829 -46.384048 -12.927153
v -199.671463 -45.675842 -9.762714
v -199.671463 -46.916531 -8.666886
v -206.699829 -51.650482 -6.893799
v -219.530762 -56.360931 -6.893799
v -219.530762 -54.005711 -12.927153
v -196.278625 -44.028824 -6.893798
v -199.671463 -47.390430 -6.893799
v -237.694611 -44.092949 -8.000374
v -237.694611 -44.092949 -6.174533
v -242.254211 -62.351357 -6.174535
v -242.254211 -62.351357 -8.000377
v 116.383469 -52.679859 55.910530
v 95.111389 -53.887154 55.642796
v 95.111389 -52.349030 49.852829
v 116.383469 -50.883545 50.567757
v 127.754120 -48.154957 53.298069
v 127.754120 -49.265141 56.600086
v 133.982635 -46.152275 55.795803
v 133.982635 -46.340950 57.170086
v 136.989334 -43.740005 57.715816
v 133.982635 -44.719227 54.968433
v 95.111389 -47.034580 46.784531
v 116.383469 -46.358635 47.955299
v 127.754120 -45.358410 51.683483
v 127.754120 -56.263786 26.029266
v 127.754120 -53.651329 23.724731
v 133.982635 -53.165833 26.889166
v 133.982635 -54.016369 27.984997
v 127.754120 -57.261650 29.758083
v 133.982635 -54.341240 29.758083
v 136.989334 -52.036743 29.758083
v -111.387131 -57.047234 -34.398014
v -111.387131 -55.432652 -41.266880
v -90.115051 -54.520966 -40.431370
v -90.115051 -56.135551 -34.398014
v -78.744400 -52.906372 -34.398014
v -78.744400 -51.908504 -38.126835
v -72.515884 -49.985962 -34.398014
v -72.515884 -49.661087 -36.171101
v -69.509201 -47.681465 -34.398014
v -72.515884 -48.810555 -37.266930
v -78.744400 -49.296051 -40.431370
v 151.728867 -53.356102 0.959037
v 139.474289 -59.331482 0.959035
v 139.474289 -57.368176 -6.377412
v 151.728867 -52.716911 -2.529510
v 157.644562 -49.051472 0.959038
v 151.728867 -51.043484 -4.685551
v 139.474289 -52.228165 -10.911586
v 95.111389 -59.787933 22.889219
v 116.383469 -58.876244 23.724731
v 116.383469 -60.490829 29.758083
v 95.111389 -61.402512 29.758083
v -77.708572 -63.045578 30.406420
v -77.708572 -59.868877 16.891932
v -35.855778 -58.201073 18.535801
v -35.855778 -61.377766 30.406420
v -13.484009 -55.024372 30.406424
v -13.484005 -53.061066 23.069975
v -1.229424 -49.363781 30.406424
v -1.229424 -48.724590 26.917877
v 4.686256 -44.744358 30.406424
v -1.229424 -45.778595 24.761839
v -13.484005 -47.921055 18.535801
v -242.254211 -62.351357 -8.000377
v -242.254211 -62.351357 -6.174535
v -251.373413 -62.351353 -6.174535
v -251.373413 -62.351353 -8.000377
v 200.405411 -65.590714 -17.953260
v 262.375092 -62.989365 -11.831455
v 262.375092 -66.724060 -7.539796
v 200.405411 -69.444870 -12.428372
v 262.375092 -68.707458 0.370086
v 200.405411 -72.654083 0.370084
v 138.350357 -69.756088 -12.428372
v 138.350342 -72.965302 0.370084
v 185.558212 -70.598663 -19.845274
v 185.558212 -64.815338 -21.408195
v 206.830276 -64.701736 -19.781586
v 206.830276 -70.226875 -18.665855
v 75.195076 18.532425 -34.114689
v 75.195076 19.871704 -26.784615
v 90.348030 21.479858 -26.294376
v 90.348030 19.870045 -35.105072
v 9.000988 15.137280 0.356360
v 92.749268 15.921925 0.356359
v 92.737907 15.304962 -19.926315
v 9.002132 14.475040 -20.528076
v -121.058273 13.756058 -10.925553
v -81.076218 16.967709 -9.842601
v -81.076233 12.251747 -13.959051
v -121.058273 8.282478 -15.297770
v -170.478790 10.815731 -11.306620
v -170.478790 3.486778 -15.768841
v -210.460800 10.126579 -9.964234
v -210.460800 3.486618 -14.109405
v -221.180023 3.486393 -9.830370
v -221.180023 9.099506 -6.502742
v -210.460800 12.869671 0.884683
v -221.180023 11.208065 2.206449
v -227.052490 7.571606 -1.120967
v -227.052490 8.736225 4.261478
v -230.770691 3.485645 7.586377
v -227.052490 3.486053 -3.177505
v 75.195076 8.254063 -40.818420
v 75.195076 14.094887 -39.475132
v 90.348038 14.651035 -41.567814
v 90.348038 7.816319 -43.214058
v 59.360233 13.852875 -35.433056
v 59.360245 9.130764 -36.021637
v 50.525574 9.865597 -31.998482
v 50.525581 11.552807 -31.686438
v 59.360233 17.264153 -32.371235
v 50.525581 12.807724 -30.332289
v 59.360233 18.061600 -28.005680
v 50.525581 13.151005 -28.453279
v 47.523949 10.421036 -27.980242
v -256.316376 11.804386 15.729917
v -256.222168 10.179977 9.696563
v -280.195709 9.701912 8.861051
v -280.289948 11.326324 15.729917
v -304.062836 7.389385 9.696562
v -304.157013 9.013802 15.729917
v -80.956467 8.312160 -42.637886
v -77.929810 9.403198 -42.774487
v -77.929810 8.310120 -45.116657
v -80.956467 7.435928 -44.269245
v -84.884354 5.758873 -42.714249
v -80.956467 5.981503 -45.415451
v -80.956467 4.504440 -45.638687
v -77.929810 3.861397 -46.657505
v -77.929810 6.193340 -46.599838
v -64.508194 6.541489 -48.906372
v -64.508194 2.768322 -48.999683
v -44.627232 2.654102 -50.085522
v -44.627232 6.649525 -49.727341
v -73.823273 16.936092 -12.382455
v -73.823273 4.128590 -17.515163
v -100.977921 3.705090 -14.419185
v -100.977936 16.188457 -9.877994
v -123.399139 6.501045 -7.871208
v -123.399139 14.838337 -4.581068
v -130.340088 6.500713 -4.582437
v -130.340088 13.338078 -1.920642
v -123.399139 19.513260 4.030020
v -130.340103 17.086136 5.045900
v -136.212540 11.432877 1.552912
v -136.212540 14.003880 6.372277
v -142.335449 7.271439 9.349339
v -136.212540 7.272354 -0.288482
v 275.634399 8.205444 -5.319122
v 293.074432 9.117142 -6.154633
v 293.074432 4.890095 -10.399826
v 275.634399 3.978405 -9.047941
v 261.299438 2.980534 -5.319121
v 261.299438 5.592991 -3.014585
v 275.634399 9.820034 0.714232
v 261.299438 6.590862 0.714232
v 258.066864 4.777271 0.844506
v 293.074432 -1.246506 -10.399826
v 275.634399 -1.246510 -9.047939
v 261.299438 -0.248638 -5.319120
v 258.066864 2.738178 -3.536271
v 258.066864 4.213680 -1.862963
v 253.871674 1.365952 1.013571
v 258.066864 0.454037 -3.536270
v 220.239487 7.294437 33.788223
v 241.473282 8.921051 33.901821
v 241.473282 5.852749 28.587376
v 220.239487 4.681980 29.263315
v 205.904587 1.951664 31.991903
v 205.904587 3.566246 34.788448
v 202.671982 1.901073 35.469982
v 202.671982 0.759007 33.491863
v 198.476822 -2.725319 36.556522
v -320.058929 3.819077 12.001097
v -304.062836 7.389385 9.696562
v -303.816162 3.136631 5.967741
v -319.906525 1.190731 9.696560
v -323.533997 0.734478 11.218863
v -323.620087 2.218956 12.892173
v -320.117157 4.823021 15.729914
v -323.652924 2.785980 15.599642
v -328.179871 -0.921764 15.430575
v -326.605530 1.293587 -16.084751
v -338.624908 0.920540 -13.201483
v -324.768188 3.680340 -10.299858
v -351.203094 -0.538948 -8.931552
v -345.579803 1.760845 -5.694701
v -356.872162 0.506981 -3.056381
v -360.409729 -0.835609 -4.533037
v -363.348053 -1.039936 0.356358
v -357.886688 0.525459 0.356358
v -365.937988 -3.145180 -6.507304
v -370.155212 -3.569706 0.356358
v -355.911133 -2.594315 -11.707752
v -324.768188 3.680336 11.012579
v -345.579803 1.760841 6.407419
v -351.203125 -0.538952 9.644269
v -338.624908 0.920536 13.914205
v 37.277222 -1.681770 68.401474
v 59.538212 -0.740498 68.567444
v 59.538212 -1.157009 61.181763
v 37.277222 -2.250385 61.878407
v 22.248840 -5.367142 63.782135
v 22.248840 -5.015718 67.813614
v 18.859865 -6.911875 67.617950
v 18.859865 -7.000864 64.720024
v 14.461758 -10.464664 67.171478
v 59.538208 -4.748386 56.029301
v 37.277222 -5.935762 57.259079
v 22.248840 -7.644831 60.927238
v 18.859865 -8.219622 62.723816
v 18.859865 -10.577877 62.307995
v 22.248840 -10.978785 60.339367
v 59.538208 -11.084103 54.912148
v 37.277222 -11.330210 56.307892
v 241.473282 2.216797 -42.423534
v 241.473282 -4.539106 -44.459698
v 220.239487 -4.271374 -43.252399
v 220.239487 1.760956 -41.633995
v 241.473282 7.358116 -37.590828
v 220.239487 6.178699 -37.219040
v 241.473282 8.921040 -31.807508
v 220.239487 7.294426 -31.693905
v 205.904587 3.566238 -32.694138
v 205.904587 0.146366 -38.837440
v 205.904587 2.876678 -36.108860
v 202.671982 1.189690 -35.490147
v 202.671982 1.901062 -33.375671
v 198.476822 -2.725330 -34.462208
v 202.671982 -0.873249 -37.331966
v 202.671982 -3.499783 -38.197624
v 205.904587 -3.581818 -39.837677
v -360.799347 -5.264626 -13.969056
v -355.911133 -2.594315 -11.707752
v -345.036072 -1.960049 -15.549244
v -349.303802 -4.708487 -18.072582
v -353.344971 -8.395109 -20.620672
v -367.803253 -8.667507 -19.560585
v -377.802765 -8.353971 -8.758954
v -370.473907 -5.819246 -7.647377
v -374.558746 -5.895130 0.356358
v -381.625458 -7.970964 0.356356
v -327.950867 -2.851177 -22.233278
v 74.216293 -3.986156 -73.631126
v 96.477280 -3.044884 -73.797104
v 96.477280 -5.962330 -80.594917
v 74.216293 -6.751492 -79.566322
v 59.187904 -9.029184 -76.711411
v 59.187904 -7.320107 -73.043266
v 55.798935 -9.168829 -72.578598
v 55.798935 -10.243599 -75.271309
v 51.400829 -12.660063 -71.783020
v 55.798935 -12.071598 -76.730309
v 96.477280 -11.099363 -84.208336
v 74.216293 -11.794519 -82.646614
v 59.187904 -12.145945 -78.615135
v -327.950867 -2.851177 -22.233278
v -293.214569 -0.959572 -26.057484
v -294.634552 -9.473759 -38.383488
v -328.682159 -10.934950 -33.080872
v -200.113892 -4.795092 -47.577934
v -105.173630 -2.563354 -51.292042
v -103.104782 -9.174084 -58.655209
v -189.616043 -11.755816 -55.353050
v -248.979156 -12.720995 -50.786488
v -249.483337 -7.207273 -42.862518
v -294.634552 -9.473759 -38.383488
v -301.063446 -14.504578 -44.592999
v -302.095886 -19.346548 -49.437557
v -188.698669 -17.815414 -60.134144
v -248.484589 -18.557503 -55.485508
v -248.319763 -26.359449 -58.095589
v -302.440033 -25.724880 -51.969788
v -101.907944 -16.675161 -63.936081
v -101.509003 -27.617142 -66.900650
v -188.392853 -27.090290 -62.864750
v -4.482670 -16.939461 -66.205078
v -4.834236 -28.552341 -68.868729
v 2.322582 -7.073715 -60.549507
v 5.790180 -0.576900 -55.297268
v 9.102203 -16.114332 -92.172676
v 101.609016 -15.734749 -95.829803
v 101.609024 -30.928333 -110.712700
v 9.102226 -30.964804 -106.489815
v 59.194374 -38.295044 -66.154434
v 59.194374 -43.609489 -69.222740
v 37.960560 -43.495892 -67.596123
v 37.960560 -38.970985 -64.983673
v 23.625635 -41.699574 -62.253353
v 23.625635 -44.496117 -63.867943
v 20.393038 -45.177650 -62.202770
v 20.393038 -43.199532 -61.060699
v 16.197868 -46.264191 -57.576378
v -266.976807 -40.217999 -16.655972
v -243.016083 -40.217999 -18.007858
v -243.016083 -49.169552 -18.007856
v -266.976807 -47.839661 -16.655972
v -283.152649 -46.384052 -12.927153
v -283.152649 -41.673611 -12.927153
v -286.800446 -42.698612 -11.404849
v -286.800446 -46.030518 -11.404850
v -291.534332 -44.028831 -7.193138
v -153.829865 -46.538551 22.043562
v -153.829834 -42.950180 22.043564
v -147.469696 -41.567665 18.535807
v -147.469696 -47.921066 18.535803
v -119.265732 -49.884369 11.199355
v -119.265732 -39.604355 11.199360
v -77.488205 -39.604355 8.539526
v -77.488205 -52.186646 8.539521
v -149.907532 -46.769554 -38.648514
v -149.907532 -49.053696 -38.648514
v -154.102692 -47.681465 -34.098679
v -146.674927 -46.066879 -40.431366
v -146.674927 -49.296055 -40.431370
v -132.339996 -50.293922 -44.160183
v -132.339996 -45.069012 -44.160183
v -111.106186 -45.069016 -45.512066
v -111.106186 -51.205612 -45.512066
v -1.146568 -47.257286 -7.403823
v -1.146568 -52.484810 -7.403827
v -9.400562 -49.051476 1.547985
v 5.213562 -45.874779 -10.911581
v 5.213562 -52.228172 -10.911584
v 33.417542 -54.191483 -18.248032
v 33.417542 -43.911469 -18.248026
v 75.195061 -43.911469 -20.907862
v 75.195053 -55.824184 -20.907867
v -246.289307 -44.092949 -6.174534
v -246.289307 -44.092953 -8.000374
v -250.840729 -62.351353 -8.000377
v -250.840729 -62.351353 -6.174535
v -246.289307 -44.092953 -8.000374
v -237.186523 -44.092949 -8.000374
v -241.737946 -62.351357 -8.000377
v -250.840729 -62.351353 -8.000377
v 73.787193 -49.424294 19.995913
v 95.020996 -49.424286 18.644030
v 95.020996 -55.560886 18.644030
v 73.787193 -54.649200 19.995913
v 59.452263 -53.651333 23.724731
v 59.452263 -50.422161 23.724731
v 56.219673 -51.124836 25.247034
v 56.219673 -53.408970 25.247034
v 52.024502 -52.036743 29.458744
v 138.182220 -57.804794 21.078424
v 200.343689 -57.707611 21.078424
v 200.125717 -57.622971 0.370089
v 138.182220 -57.929123 0.370089
v 88.068871 -59.072140 13.168545
v 88.068871 -59.092323 0.370089
v 75.195068 -59.596874 0.370088
v 75.195068 -59.623062 7.284188
v 138.182220 -57.929123 0.370089
v 200.125717 -57.622971 0.370089
v 200.343689 -57.707611 -20.338247
v 138.182220 -57.804794 -20.338247
v 88.068871 -59.072140 -12.428369
v 88.068848 -64.019142 -11.831455
v 75.195068 -62.176208 -6.544016
v 75.195068 -59.623062 -6.544012
v 88.068871 -59.092323 0.370089
v 75.195068 -59.596874 0.370088
v 68.927261 -60.083305 0.370088
v -263.103485 -61.522255 -9.639151
v -263.103485 -63.180447 -9.639151
v -267.072784 -62.351353 -7.087460
v -252.711761 -61.009846 -11.216182
v -252.711761 -63.692852 -11.216183
v -35.025394 19.942955 9.428066
v -39.584988 34.899368 19.900660
v -30.465809 34.899368 19.900656
v -25.906216 19.942947 9.428066
v 128.802048 19.799473 -35.169441
v 90.430000 19.870045 -35.105072
v 90.430000 21.479858 -26.294376
v 128.802048 21.436375 -26.210636
v 151.728882 19.989666 -27.014940
v 151.728882 18.724926 -33.937408
v 159.845703 14.349781 -37.066296
v 151.728867 14.288387 -38.957981
v 151.728882 18.724926 -33.937408
v 159.845703 18.407425 -33.157066
v 173.114853 11.683922 -32.724327
v 173.114853 9.515160 -33.351173
v 159.845688 8.791504 -37.878460
v 173.114853 13.377037 -30.406473
v 176.100464 10.449429 -28.238207
v 173.114853 13.947784 -27.282951
v 92.824181 15.304962 -19.926315
v 92.835571 15.921925 0.356359
v 176.125076 15.662666 0.356359
v 176.106735 15.055653 -18.938999
v 176.094879 12.710300 -28.157532
v 92.819267 12.932278 -29.421885
v 176.094879 12.710300 -28.157532
v 237.707779 10.141544 -25.710569
v 237.752319 6.768356 -36.815926
v 176.132675 8.102360 -40.306820
v 174.840652 -0.454403 -48.674992
v 236.916656 -1.562237 -43.963821
v 234.257706 -10.694632 -47.808632
v 170.839386 -9.581480 -53.020721
v 89.328217 -8.103643 -57.051727
v 91.993973 0.235497 -52.652740
v 5.719826 -0.576900 -55.297268
v 92.850082 8.370411 -43.202560
v 9.014908 8.908943 -44.828560
v 164.464813 -20.862440 -60.627914
v 86.345001 -19.003117 -64.783234
v -4.571529 -16.939461 -66.205078
v 2.245983 -7.073715 -60.549507
v 223.675491 -20.513744 -54.696503
v 199.069962 -26.807386 -56.913803
v 156.052856 -30.816113 -63.236481
v 84.536514 -30.508215 -67.434395
v -4.923733 -28.552341 -68.868729
v -12.647522 4.840969 -16.274105
v -74.037048 4.128590 -17.515163
v -74.037033 16.936092 -12.382455
v -12.647522 16.848549 -11.378523
v 37.017651 5.738850 -8.934713
v 37.017647 14.438461 -5.441379
v 45.834652 5.738400 -3.959167
v 45.834652 12.393044 -1.416458
v 51.717659 5.738087 0.202552
v 51.717659 10.950989 1.950128
v 55.247478 5.642056 3.570940
v 55.247482 9.589767 4.674934
v 58.499352 5.472202 9.349334
v 55.247482 12.006119 7.564360
v 37.017647 19.814384 3.701503
v 45.834652 16.505276 5.238420
v 51.717659 14.172295 6.523950
v -14.225422 9.403206 -42.774487
v -14.225422 9.055061 -40.467953
v -8.393742 7.444019 -41.882172
v -8.393742 7.408642 -42.810352
v -14.225422 8.310135 -45.116657
v -8.393742 6.812122 -43.859680
v -14.225422 6.193352 -46.599842
v -5.578613 5.630043 -42.867798
v -8.393742 5.882320 -44.629345
v -14.225422 3.861408 -46.657513
v -24.871632 2.768326 -48.999683
v -24.871632 6.541496 -48.906372
v -44.788410 6.649525 -49.727341
v -44.788410 2.654102 -50.085522
v -8.393742 4.974384 -44.825363
v 310.778931 8.205460 -5.319122
v 310.778931 9.820049 0.714232
v 320.003571 6.590878 0.714232
v 320.003571 5.593006 -3.014586
v 310.778931 3.978413 -9.047941
v 293.521606 9.117142 -6.154633
v 293.521606 4.890095 -10.399826
v 310.778931 -1.246502 -9.047939
v 293.521606 -1.246506 -10.399826
v 325.056580 3.670460 0.714233
v 325.056580 3.345581 -1.058854
v 320.003571 2.980545 -5.319122
v 320.003571 -0.248623 -5.319121
v 325.056580 2.495049 -2.154682
v 325.056580 0.840302 -2.154682
v 327.495789 1.365963 0.714233
v 241.827515 7.358116 -37.590828
v 241.827515 8.921040 -31.807508
v 263.099609 7.294434 -31.693909
v 263.099609 6.178703 -37.219044
v 241.827515 2.216797 -42.423534
v 263.099609 1.760963 -41.633995
v 241.827515 -4.539106 -44.459698
v 263.099609 -4.271370 -43.252403
v 274.470276 -3.581814 -39.837685
v 274.470276 2.876686 -36.108864
v 274.470276 0.146370 -38.837448
v 280.698761 -3.011810 -36.913490
v 280.698761 -1.313835 -36.308296
v 283.705475 -2.466087 -34.312546
v 280.698761 0.059265 -35.140404
v 280.698761 0.583012 -33.855904
v 274.470276 3.566246 -32.694141
v 263.099609 4.681988 29.263315
v 241.827515 5.852749 28.587376
v 241.827515 8.921051 33.901821
v 263.099609 7.294449 33.788227
v 274.470276 3.566254 34.788452
v 274.470276 1.951672 31.991909
v 280.698761 0.583023 35.950214
v 280.698761 -0.244350 34.517170
v 283.705475 -2.466072 36.406857
v -280.175507 -0.724773 4.615854
v -280.534180 5.449158 4.615858
v -256.517487 5.927216 5.967743
v -256.212067 0.670517 5.967741
v -243.461121 2.420296 9.696559
v -243.649902 5.669109 9.696560
v -236.508270 3.924389 12.860998
v -236.604980 5.589203 12.861000
v -233.151886 4.650467 15.729914
v -236.654724 6.444912 13.956828
v -236.673706 6.771767 15.729916
v -243.860931 9.301403 15.729916
v -256.764557 10.179977 9.696563
v -243.802612 8.297466 12.001097
v 81.865784 -11.330210 56.307892
v 59.564674 -11.084103 54.912148
v 59.564674 -4.748386 56.029301
v 81.865791 -5.935755 57.259079
v 93.786514 -7.644829 60.927238
v 93.786514 -10.978786 60.339367
v 100.316330 -8.722166 64.105965
v 100.316330 -10.430607 63.804726
v 103.468475 -10.410170 66.862427
v 59.564678 -1.157009 61.181763
v 81.865791 -2.250385 61.878407
v 93.786514 -5.367146 63.782135
v 100.316330 -8.043522 65.392197
v 100.316330 -8.030893 67.281952
v 93.786514 -5.015720 67.813606
v 81.865791 -1.681770 68.401466
v 59.564678 -0.740498 68.567444
v 118.871414 -11.794519 -82.646614
v 96.570297 -11.099363 -84.208336
v 96.570297 -5.962330 -80.594917
v 118.871414 -6.751492 -79.566322
v 130.792130 -9.029179 -76.711411
v 130.792130 -12.145943 -78.615143
v 137.321945 -10.993484 -74.283081
v 137.321945 -12.071114 -75.259621
v 140.474091 -12.714556 -72.092072
v 137.321945 -10.335281 -72.511612
v 96.570297 -3.044884 -73.797104
v 118.871414 -3.986156 -73.631142
v 130.792130 -7.320105 -73.043274
v 222.913315 -37.798569 -28.733597
v 222.913315 -37.106220 -29.686533
v 222.913315 -31.543573 -22.030210
v 222.913315 -32.663818 -21.666224
v 222.913315 -31.543568 -12.566480
v 222.913315 -32.663811 -12.930469
v 222.913315 -37.106209 -4.910157
v 222.913315 -37.798557 -5.863095
v 222.913315 -37.798573 6.603270
v 222.913315 -37.106224 5.650332
v 222.913315 -31.543575 13.306652
v 222.913315 -32.663822 13.670641
v 222.913315 -31.543571 22.770386
v 222.913315 -32.663815 22.406393
v 222.913315 -37.106209 30.426704
v 222.913315 -37.798557 29.473768
v 59.220222 -43.609489 -69.222740
v 59.220222 -38.295044 -66.154434
v 80.492294 -38.970982 -64.983673
v 80.492294 -43.495888 -67.596130
v 91.862946 -44.496117 -63.867950
v 91.862946 -41.699574 -62.253361
v 98.091469 -45.657879 -60.884712
v 98.091469 -44.224827 -60.057339
v 101.098160 -46.114521 -57.835617
v -77.708572 -52.186646 8.539521
v -77.708572 -39.604355 8.539526
v -35.855778 -39.604355 11.199360
v -35.855778 -49.884365 11.199355
v -13.484005 -47.921055 18.535801
v -13.484005 -41.567665 18.535807
v -1.229424 -45.778595 24.761839
v -1.229424 -43.710125 24.761839
v 4.686256 -44.744358 30.406424
v -246.813782 -44.092953 -8.000374
v -246.813782 -44.092949 -6.174534
v -237.694611 -44.092949 -6.174533
v -237.694611 -44.092949 -8.000374
v -199.671463 -45.675842 -9.762714
v -199.671463 -43.262039 -9.762714
v -196.278625 -44.028824 -6.893798
v -206.699829 -46.384048 -12.927153
v -206.699829 -41.673603 -12.927153
v -219.530762 -47.839661 -16.655972
v -219.530762 -40.217999 -16.655972
v -243.534637 -40.217999 -18.007858
v -243.534637 -49.169552 -18.007856
v -111.387131 -51.205612 -45.512066
v -111.387131 -45.069016 -45.512066
v -90.115051 -45.069008 -44.160183
v -90.115051 -50.293922 -44.160183
v -78.744400 -49.296051 -40.431370
v -78.744400 -46.066879 -40.431366
v -72.515884 -48.810555 -37.266930
v -72.515884 -47.155807 -37.266926
v -69.509201 -47.681465 -34.398014
v 75.249725 -55.824184 -20.907867
v 75.249725 -43.911469 -20.907862
v 117.102524 -43.911465 -18.248026
v 117.102509 -54.191475 -18.248032
v 139.474289 -52.228165 -10.911586
v 139.474304 -45.874771 -10.911582
v 151.728867 -51.043484 -4.685551
v 151.728882 -48.017235 -4.685550
v 157.644562 -49.051472 0.959038
v 222.913269 -46.106762 -32.610981
v 222.913269 -46.106766 -31.433083
v 222.913269 -54.414955 -28.733583
v 222.913269 -55.107300 -29.686520
v 222.913269 -59.549694 -21.666212
v 222.913269 -60.669945 -22.030201
v 222.913269 -59.549690 -12.930453
v 222.913269 -60.669937 -12.566465
v 222.913269 -54.414940 -5.863083
v 222.913269 -55.107285 -4.910145
v 222.913269 -46.106747 -3.163595
v 222.913269 -46.106747 -1.985699
v 222.913269 -46.106766 2.725884
v 222.913269 -46.106766 3.903779
v 222.913269 -54.414959 6.603279
v 222.913269 -55.107307 5.650341
v 222.913269 -59.549702 13.670653
v 222.913269 -60.669945 13.306663
v 222.913269 -59.549694 22.406408
v 222.913269 -60.669937 22.770397
v 222.913269 -54.414940 29.473782
v 222.913269 -55.107288 30.426718
v 222.913269 -46.106750 32.173267
v 222.913269 -46.106750 33.351166
v 133.982635 -53.165833 26.889166
v 133.982635 -51.511086 26.889166
v 136.989334 -52.036743 29.758083
v 127.754120 -53.651329 23.724731
v 127.754120 -50.422161 23.724731
v 116.383469 -54.649200 19.995913
v 116.383469 -49.424290 19.995913
v 95.111389 -49.424286 18.644030
v 95.111389 -55.560886 18.644030
v 262.375092 -58.977783 -12.428370
v 200.623810 -57.707611 -20.338247
v 200.405457 -57.622971 0.370089
v 262.375153 -58.993172 0.370089
v 262.375153 -58.993172 0.370089
v 200.405457 -57.622971 0.370089
v 200.623810 -57.707611 21.078424
v 262.375092 -58.977783 13.168547
v -253.247803 -63.692852 -11.216183
v -253.247803 -61.009846 -11.216182
v -240.379791 -61.009850 -11.216182
v -240.379791 -63.692856 -11.216183
v -229.969360 -61.522255 -9.639151
v -229.969360 -63.180450 -9.639151
v -225.992920 -62.351357 -7.087460
vn 0.0331 -0.9694 -0.2431
vn 0.0049 -0.9700 -0.2432
vn 0.0049 -0.9700 0.2432
vn 0.0331 -0.9694 0.2431
vn 0.0533 -0.9303 0.3628
vn 0.0500 -0.9312 -0.3610
vn -0.1766 -0.9535 0.2442
vn -0.0840 -0.9665 0.2424
vn 0.0617 -0.9681 -0.2428
vn 0.0748 -0.8875 0.4547
vn 0.0617 -0.9681 0.2428
vn -0.0611 -0.2501 -0.9663
vn -0.0581 -0.2604 -0.9637
vn -0.0728 -0.2084 -0.9753
vn -0.0728 -0.2084 0.9753
vn -0.0581 -0.2604 0.9637
vn -0.0611 -0.2501 0.9663
vn 0.0607 -0.2085 -0.9761
vn 0.0577 -0.1976 -0.9786
vn 0.0722 -0.2499 -0.9656
vn 0.0722 -0.2499 0.9656
vn 0.0577 -0.1976 0.9786
vn 0.0607 -0.2085 0.9761
vn -0.2275 -0.9147 0.3339
vn 0.0800 -0.8888 -0.4512
vn 0.0818 -0.8138 -0.5754
vn -0.3000 -0.8728 -0.3850
vn -0.2610 -0.9363 -0.2348
vn -0.4329 -0.8648 -0.2542
vn 0.0750 -0.2602 -0.9627
vn 0.0750 -0.2602 0.9627
vn -0.0759 -0.1974 -0.9774
vn -0.0759 -0.1974 0.9774
vn 0.0850 -0.7563 0.6487
vn -0.4640 -0.8129 0.3520
vn 0.0906 -0.8168 0.5698
vn -0.4227 -0.8668 0.2644
vn -0.0398 -0.9714 -0.2341
vn -0.0380 -0.9728 -0.2287
vn -0.0459 -0.9666 -0.2522
vn -0.4687 -0.8083 -0.3564
vn 0.0961 -0.7509 -0.6534
vn -0.3206 -0.8109 -0.4897
vn -0.3182 -0.8102 0.4922
vn -0.4439 -0.7728 0.4535
vn -0.0479 -0.9649 -0.2582
vn -0.4405 -0.7754 -0.4525
vn -0.6202 -0.7289 -0.2899
vn -0.6202 -0.7289 0.2899
vn -0.0000 -0.0000 1.0000
vn 0.0739 -0.0000 0.9973
vn 0.3379 -0.0000 -0.9412
vn 0.0739 -0.0000 -0.9973
vn -0.0000 -0.0000 -1.0000
vn -0.3384 -0.0000 0.9410
vn -0.1500 -0.0000 0.9887
vn 0.3379 -0.0000 0.9412
vn -0.1500 -0.0000 -0.9887
vn -0.3384 -0.0000 -0.9410
vn 0.5401 -0.0000 -0.8416
vn -0.0000 -1.0000 -0.0000
vn -0.5408 -0.0000 -0.8412
vn -0.5408 -0.0000 0.8412
vn 0.5401 -0.0000 0.8416
vn -0.5701 0.2202 0.7915
vn -0.5530 -0.0000 0.8332
vn -0.4062 -0.0965 0.9087
vn 0.3530 -0.7981 0.4883
vn 0.2146 -0.7700 0.6009
vn 0.2646 -0.9316 0.2493
vn -0.3522 0.5554 -0.7534
vn -0.3911 -0.1103 -0.9137
vn -0.5688 -0.0129 -0.8224
vn -0.0406 -0.9714 -0.2341
vn -0.0388 -0.9727 -0.2286
vn -0.1283 -0.9588 -0.2533
vn -0.4093 -0.1093 0.9058
vn 0.1476 -0.9563 -0.2525
vn 0.1495 -0.9551 -0.2556
vn 0.0460 -0.9711 -0.2340
vn 0.0583 -0.6998 0.7119
vn 0.0553 -0.7075 0.7045
vn 0.3354 -0.9115 0.2379
vn 0.0400 -0.9276 0.3714
vn 0.0371 -0.9310 0.3632
vn 0.0491 -0.9167 0.3965
vn -0.2967 0.9323 0.2070
vn -0.4635 0.6549 -0.5969
vn -0.2967 0.9323 -0.2070
vn 0.0495 -0.9664 -0.2522
vn 0.0417 -0.9726 -0.2286
vn 0.0435 -0.9712 -0.2341
vn 0.0477 -0.9724 -0.2286
vn 1.0000 -0.0000 -0.0000
vn 0.0490 -0.9710 0.2340
vn 0.1510 -0.9549 0.2556
vn 0.1491 -0.9560 0.2525
vn -0.1133 -0.9150 0.3871
vn -0.1166 -0.9077 0.4031
vn -0.0486 -0.9273 0.3713
vn 0.0506 -0.9722 0.2285
vn -0.1275 -0.9581 -0.2564
vn -0.0583 0.9983 -0.0038
vn -0.0774 0.9970 0.0038
vn 0.0515 -0.9647 -0.2582
vn -0.0411 0.9992 -0.0001
vn -0.0418 0.9991 0.0011
vn -0.0445 0.9990 0.0038
vn -0.0304 0.9995 -0.0015
vn -0.0312 0.9995 -0.0016
vn -0.0514 -0.9304 0.3630
vn 0.3353 -0.9101 0.2435
vn -0.0145 0.9999 -0.0057
vn -0.0235 0.9997 0.0053
vn -0.0250 0.9997 0.0016
vn -0.0246 0.9997 0.0027
vn 0.0219 0.9998 0.0032
vn 0.0204 0.9998 -0.0012
vn 0.0208 0.9998 -0.0002
vn -0.2126 -0.9439 0.2526
vn -0.3939 -0.8328 0.3890
vn 0.0212 0.9998 -0.0032
vn 0.0221 0.9998 0.0012
vn 0.0219 0.9998 0.0002
vn 0.0523 -0.9127 0.4054
vn -0.0232 0.9997 0.0060
vn -0.0138 0.9999 -0.0049
vn 0.3329 -0.9109 -0.2438
vn 0.0221 0.9997 0.0039
vn 0.0211 0.9998 -0.0039
vn -0.3452 -0.9066 0.2426
vn -0.0042 1.0000 -0.0020
vn -0.0016 1.0000 0.0060
vn -0.0023 1.0000 0.0039
vn -0.0023 1.0000 0.0020
vn -0.0049 1.0000 -0.0041
vn -0.4233 -0.7648 -0.4856
vn -0.4035 -0.8839 -0.2365
vn -0.5232 -0.8312 -0.1880
vn -0.0016 1.0000 0.0041
vn -0.2126 -0.9439 -0.2526
vn 0.2351 -0.4604 0.8560
vn -0.1600 -0.9422 0.2945
vn 0.3749 -0.8378 0.3970
vn 0.3497 -0.4250 0.8349
vn 0.4910 -0.8546 -0.1693
vn 0.4261 -0.8739 -0.2339
vn 0.4458 -0.7589 -0.4747
vn 0.5327 -0.7692 0.3530
vn -0.1588 -0.9212 0.3553
vn -0.0524 -0.9446 0.3239
vn -0.0544 -0.9422 0.3305
vn -0.5386 -0.7492 -0.3856
vn -0.5432 -0.8191 0.1844
vn 0.9702 -0.2423 -0.0000
vn -0.9703 0.2419 -0.0000
vn -0.0436 -0.9712 -0.2341
vn -0.0418 -0.9726 -0.2286
vn -0.1298 -0.9587 -0.2532
vn -0.5576 -0.7367 -0.3825
vn -0.4316 -0.7754 -0.4609
vn -0.4525 -0.8666 -0.2104
vn -0.0617 -0.9418 -0.3304
vn -0.1534 -0.9205 -0.3593
vn -0.1568 -0.9215 -0.3554
vn 0.0616 -0.9418 0.3304
vn 0.1828 -0.9158 0.3575
vn 0.1875 -0.9165 0.3535
vn 0.4940 -0.8529 0.1692
vn -0.1248 -0.9593 0.2534
vn -0.1256 -0.9584 0.2565
vn -0.0490 -0.9710 0.2340
vn 0.1491 -0.9560 -0.2525
vn 0.1510 -0.9549 -0.2556
vn 0.0490 -0.9710 -0.2340
vn -0.5426 -0.8224 -0.1712
vn 0.3991 -0.8889 -0.2249
vn 0.4122 -0.7741 -0.4805
vn 0.5342 -0.7689 -0.3513
vn -0.0637 -0.9440 -0.3237
vn 0.0636 -0.9440 0.3237
vn -0.0507 -0.9722 0.2285
vn 0.0506 -0.9722 -0.2285
vn -0.5611 -0.7328 0.3850
vn 0.3721 -0.8386 -0.3979
vn -0.1291 -0.9579 -0.2564
vn 0.0672 -0.7912 0.6078
vn 0.0580 -0.9649 0.2563
vn 0.1814 -0.9339 0.3080
vn -0.1620 -0.9192 0.3588
vn 0.5078 -0.8474 -0.1553
vn 0.5047 -0.8492 0.1556
vn -0.4967 -0.6270 0.6001
vn -0.5923 -0.6718 0.4448
vn -0.3385 -0.6540 0.6765
vn -0.3905 -0.6394 -0.6624
vn -0.4506 -0.6197 0.6426
vn 0.5147 -0.7769 0.3626
vn -0.1601 -0.7629 0.6264
vn -0.1457 -0.9377 0.3153
vn -0.0723 -0.9612 0.2663
vn -0.5216 -0.6169 -0.5894
vn -0.0751 -0.7940 0.6033
vn -0.1443 -0.9559 0.2558
vn 0.4189 -0.6179 0.6654
vn -0.3267 -0.9155 0.2349
vn 0.3353 -0.9101 -0.2435
vn 0.5206 -0.6568 -0.5455
vn 0.5132 -0.7771 -0.3644
vn -0.3736 -0.6136 -0.6956
vn 0.3970 -0.6072 -0.6883
vn 0.1935 -0.7561 0.6252
vn -0.3939 -0.8328 -0.3890
vn 0.3607 -0.8436 0.3978
vn -0.6546 -0.6910 -0.3066
vn -0.6677 -0.6820 0.2986
vn 0.4284 -0.6148 -0.6622
vn -0.3103 -0.6289 0.7129
vn -0.3869 -0.8628 -0.3253
vn 0.4007 -0.8535 0.3332
vn -0.5125 -0.6441 0.5679
vn 0.0800 -0.9968 0.0040
vn 0.0820 -0.9966 0.0090
vn 0.3285 -0.9443 -0.0197
vn 0.5203 -0.6570 0.5456
vn -0.3452 -0.9066 -0.2426
vn 0.3288 -0.9138 0.2384
vn -0.6585 -0.7368 0.1534
vn -0.6880 -0.6622 0.2970
vn -0.6998 -0.6532 -0.2892
vn 0.4780 -0.6939 0.5386
vn -0.4471 -0.7634 0.4663
vn 0.3236 -0.8814 -0.3441
vn 0.4145 -0.7721 -0.4817
vn 0.6376 -0.7178 -0.2797
vn 0.6376 -0.7178 0.2797
vn -0.4826 -0.6569 -0.5793
vn -0.3154 -0.9055 0.2838
vn -0.0635 -0.0000 -0.9980
vn -0.1550 -0.0000 -0.9879
vn -0.1563 -0.0000 -0.9877
vn -0.1550 -0.0000 0.9879
vn -0.0635 -0.0000 0.9980
vn 0.1839 -0.0000 -0.9829
vn 0.0634 -0.0000 -0.9980
vn 0.0634 -0.0000 0.9980
vn 0.1840 -0.0000 0.9829
vn 0.1856 -0.0000 0.9826
vn -0.3545 -0.8506 0.3883
vn 0.3749 -0.8378 -0.3970
vn 0.1814 -0.9339 -0.3080
vn 0.0580 -0.9649 -0.2563
vn 0.0672 -0.7912 -0.6078
vn 0.3806 -0.7135 0.5883
vn -0.3604 -0.0000 0.9328
vn -0.3653 -0.0000 0.9309
vn 0.3779 -0.0000 -0.9258
vn 0.3800 -0.0000 -0.9250
vn 0.1950 -0.9606 0.1983
vn 0.0656 -0.9742 0.2159
vn 0.0641 -0.9947 0.0807
vn 0.5671 -0.0000 -0.8236
vn 0.5641 -0.0000 -0.8257
vn -0.4057 -0.8514 0.3324
vn 0.3941 -0.8585 -0.3281
vn -0.3366 -0.0000 -0.9416
vn -0.5617 -0.0000 -0.8274
vn -0.5602 -0.0000 -0.8283
vn 0.3800 -0.0000 0.9250
vn -0.6048 -0.0000 0.7964
vn -0.0723 -0.9612 -0.2663
vn -0.1457 -0.9377 -0.3153
vn -0.1601 -0.7629 -0.6264
vn 0.4950 -0.8523 -0.1691
vn 0.0634 -0.4990 0.8643
vn 0.3779 -0.0000 0.9258
vn 0.5641 -0.0000 0.8257
vn 0.3455 -0.8929 0.2888
vn -0.0751 -0.7940 -0.6033
vn 0.2537 -0.6936 0.6742
vn 0.3670 -0.7258 0.5818
vn 0.3335 -0.6329 0.6987
vn 0.5407 -0.7101 0.4511
vn 0.3939 -0.8911 0.2255
vn -0.1563 -0.4939 0.8554
vn 0.6903 -0.0000 -0.7235
vn 0.5671 -0.0000 0.8236
vn 0.6903 -0.0000 0.7235
vn -0.7085 -0.0000 -0.7057
vn -0.6035 -0.0000 0.7973
vn -0.7352 -0.0000 0.6779
vn 0.3954 -0.9185 0.0018
vn 0.4782 -0.6938 -0.5385
vn 0.1935 -0.7561 -0.6252
vn -0.5432 -0.8191 -0.1844
vn -0.4098 -0.7807 -0.4718
vn 0.4285 -0.7662 0.4788
vn 0.0745 -0.9962 0.0459
vn -0.3366 -0.7263 0.5993
vn -0.5576 -0.7367 0.3825
vn -0.3328 -0.0000 -0.9430
vn 0.6204 -0.7312 -0.2836
vn 0.6204 -0.7312 0.2836
vn 0.4940 -0.8529 -0.1692
vn -0.5426 -0.8224 0.1712
vn 0.1856 -0.0000 -0.9826
vn -0.1563 -0.0000 0.9877
vn 0.5342 -0.7689 0.3513
vn -0.0120 -0.9375 -0.3478
vn -0.0122 -0.9371 -0.3489
vn -0.0214 -0.9408 -0.3383
vn -0.0214 -0.9408 0.3383
vn -0.0122 -0.9371 0.3489
vn -0.0120 -0.9375 0.3478
vn -0.1551 -0.0000 -0.9879
vn -0.1551 -0.0000 0.9879
vn 0.1841 -0.0000 -0.9829
vn -0.5611 -0.7328 -0.3850
vn 0.2576 -0.7041 0.6617
vn 0.5088 -0.8468 0.1552
vn -0.0635 -0.4990 0.8643
vn -0.3154 -0.9055 -0.2838
vn 0.5078 -0.8474 0.1553
vn -0.3691 -0.0000 -0.9294
vn -0.3604 -0.0000 -0.9328
vn 0.3116 -0.0000 0.9502
vn -0.4801 -0.7529 -0.4502
vn -0.4352 -0.8696 -0.2333
vn -0.5255 -0.8127 -0.2517
vn -0.5602 -0.0000 0.8283
vn -0.5632 -0.0000 0.8263
vn -0.3395 -0.0000 0.9406
vn 0.0438 -0.7782 0.6265
vn -0.4506 -0.6197 -0.6426
vn -0.5738 -0.6610 0.4835
vn 0.3806 -0.7135 -0.5883
vn 0.5147 -0.7769 -0.3626
vn 0.3779 -0.4629 0.8018
vn -0.5216 -0.6169 0.5894
vn 0.1856 -0.4913 0.8510
vn 0.4530 -0.0000 0.8915
vn 0.5647 -0.0000 0.8253
vn -0.5638 -0.8096 0.1633
vn 0.5394 -0.7192 -0.4379
vn 0.4916 -0.8247 -0.2796
vn 0.3948 -0.8874 -0.2381
vn 0.4171 -0.7844 -0.4591
vn 0.4189 -0.6179 -0.6654
vn -0.6242 -0.7426 0.2429
vn 0.5802 -0.6772 0.4526
vn -0.6062 -0.0000 -0.7953
vn 0.5206 -0.6568 0.5455
vn 0.3796 -0.0000 -0.9252
vn 0.0634 -0.4990 -0.8643
vn -0.3736 -0.6136 0.6956
vn 0.3455 -0.8929 -0.2888
vn -0.6117 -0.6414 -0.4630
vn 0.3970 -0.6072 0.6883
vn -0.5517 -0.7191 -0.4225
vn 0.4309 -0.5862 -0.6861
vn -0.1563 -0.4939 -0.8554
vn -0.6677 -0.6820 -0.2986
vn -0.6546 -0.6910 0.3066
vn 0.5756 -0.7859 0.2258
vn 0.5647 -0.0000 -0.8253
vn 0.5540 -0.8248 0.1132
vn -0.5125 -0.6441 -0.5679
vn -0.6276 -0.7450 -0.2262
vn -0.6035 -0.0000 -0.7973
vn -0.7352 -0.0000 -0.6779
vn -0.7085 -0.0000 0.7057
vn 0.5933 -0.6793 -0.4319
vn -0.3366 -0.7263 -0.5993
vn -0.0267 -0.8707 -0.4910
vn -0.0267 -0.8707 0.4910
vn 0.4780 -0.6939 -0.5386
vn -0.4043 -0.3364 -0.8505
vn -0.5602 -0.4142 0.7174
vn 0.5300 -0.5116 0.6762
vn 0.5076 -0.7427 -0.4368
vn -0.6130 -0.6376 0.4666
vn -0.3328 -0.4715 0.8167
vn 0.3861 -0.3403 -0.8574
vn 0.1840 -0.0000 -0.9829
vn 0.1839 -0.0000 0.9829
vn -0.0411 -0.9493 -0.3115
vn -0.0405 -0.8556 -0.5161
vn -0.0405 -0.8556 0.5161
vn -0.0411 -0.9493 0.3115
vn 0.5671 -0.4118 0.7133
vn 0.2103 -0.3629 0.9078
vn 0.2646 -0.6821 0.6817
vn 0.3648 -0.7543 0.5459
vn 0.5929 -0.7780 -0.2079
vn -0.7237 -0.5635 0.3983
vn -0.0635 -0.4990 -0.8643
vn -0.3653 -0.0000 -0.9309
vn -0.6668 -0.5707 -0.4792
vn -0.3328 -0.0000 0.9430
vn -0.5255 -0.8127 0.2517
vn -0.4353 -0.8696 0.2333
vn -0.3882 -0.7419 0.5468
vn -0.5617 -0.0000 0.8274
vn -0.3366 -0.0000 0.9416
vn -0.3573 -0.4447 0.8214
vn -0.2126 -0.6912 0.6907
vn -0.4576 -0.4934 0.7397
vn -0.5738 -0.6610 -0.4835
vn 0.5712 -0.6884 0.4470
vn -0.6048 -0.0000 -0.7964
vn -0.5516 -0.4866 -0.6774
vn 0.3779 -0.4629 -0.8018
vn -0.5611 -0.4421 -0.6998
vn 0.1856 -0.4913 -0.8510
vn -0.5638 -0.8096 -0.1633
vn 0.2021 -0.8646 0.4600
vn 0.3948 -0.8874 0.2381
vn 0.4916 -0.8247 0.2796
vn 0.5802 -0.6772 -0.4526
vn 0.4252 -0.4877 0.7624
vn 0.7156 -0.5660 0.4095
vn -0.1786 -0.3714 0.9111
vn 0.5147 -0.4915 -0.7025
vn 0.6383 -0.5958 -0.4875
vn 0.6612 -0.6407 -0.3902
vn 0.6612 -0.6407 0.3902
vn 0.5598 -0.5268 -0.6396
vn -0.5517 -0.7191 0.4225
vn -0.3772 -0.4793 -0.7925
vn 0.5460 -0.4948 -0.6761
vn 0.4007 -0.4741 -0.7840
vn -0.1532 -0.2012 -0.9675
vn 0.1711 -0.2008 -0.9646
vn 0.1739 -0.1949 -0.9653
vn 0.5540 -0.8248 -0.1132
vn -0.1547 -0.0000 -0.9880
vn 0.1835 -0.0000 -0.9830
vn -0.3307 -0.2038 -0.9215
vn -0.7164 -0.5752 -0.3948
vn -0.7297 -0.5657 0.3840
vn -0.0431 -0.9546 -0.2948
vn -0.0431 -0.9546 0.2948
vn -0.5514 -0.5120 0.6586
vn -0.5602 -0.4142 -0.7174
vn 0.3578 -0.4438 0.8216
vn 0.5076 -0.7427 0.4368
vn -0.3328 -0.4715 -0.8167
vn 0.3474 -0.1955 -0.9171
vn 0.5671 -0.4118 -0.7133
vn 0.5250 -0.5634 0.6379
vn -0.5125 -0.2738 -0.8139
vn 0.4780 -0.3317 -0.8134
vn 0.1885 -0.0000 0.9821
vn 0.3785 -0.0000 0.9256
vn 0.3773 -0.0000 0.9261
vn -0.7237 -0.5635 -0.3983
vn 0.7066 -0.6072 -0.3633
vn 0.7066 -0.6072 0.3633
vn -0.6668 -0.5707 0.4792
vn -0.4260 -0.0000 0.9047
vn -0.3362 -0.0000 0.9418
vn -0.0563 -0.0000 -0.9984
vn -0.1371 -0.0000 -0.9906
vn -0.1386 -0.0000 -0.9904
vn 0.1628 -0.0000 -0.9867
vn 0.0562 -0.0000 -0.9984
vn -0.1371 -0.0000 0.9906
vn -0.0563 -0.0000 0.9984
vn 0.0562 -0.0000 0.9984
vn 0.1628 -0.0000 0.9867
vn 0.1647 -0.0000 0.9863
vn -0.5611 -0.4421 0.6998
vn 0.5355 -0.8439 -0.0344
vn -0.1524 -0.1956 -0.9688
vn 0.5190 -0.8547 -0.0115
vn 0.7156 -0.5660 -0.4095
vn -0.4829 -0.0000 -0.8757
vn 0.5641 0.4129 -0.7151
vn 0.5671 0.4118 -0.7133
vn 0.6903 0.3617 -0.6266
vn -0.3219 -0.0000 0.9468
vn -0.3280 -0.0000 0.9447
vn 0.3389 -0.0000 -0.9408
vn 0.3415 -0.0000 -0.9399
vn 0.5147 -0.4915 0.7025
vn 0.6383 -0.5958 0.4875
vn 0.5192 -0.0000 -0.8546
vn 0.5147 -0.0000 -0.8573
vn 0.0296 -0.6624 -0.7485
vn -0.0020 -0.6685 -0.7437
vn 0.0047 -0.4555 -0.8902
vn 0.0047 -0.4555 0.8902
vn -0.0020 -0.6685 0.7438
vn -0.3014 -0.0000 -0.9535
vn -0.5129 -0.0000 -0.8584
vn -0.5116 -0.0000 -0.8592
vn 0.1711 -0.2008 0.9646
vn -0.6035 0.3987 -0.6905
vn -0.6048 0.3982 -0.6897
vn -0.7352 0.3389 -0.5871
vn 0.3415 -0.0000 0.9399
vn -0.3307 -0.2038 0.9215
vn -0.5561 -0.0000 0.8311
vn -0.0595 -0.8484 -0.5261
vn -0.0595 -0.8484 0.5261
vn -0.1592 -0.0000 0.9872
vn -0.1530 -0.0000 0.9882
vn 0.3389 -0.0000 0.9408
vn 0.5147 -0.0000 0.8573
vn 0.0625 -0.4279 -0.9017
vn 0.0712 -0.7044 -0.7063
vn 0.0625 -0.4279 0.9017
vn 0.6457 -0.0000 -0.7636
vn 0.5192 -0.0000 0.8546
vn 0.6457 -0.0000 0.7636
vn -0.6647 -0.0000 -0.7471
vn -0.5548 -0.0000 0.8320
vn -0.6929 -0.0000 0.7210
vn -0.0000 1.0000 -0.0000
vn 0.3474 -0.1955 0.9171
vn 0.3800 0.4625 -0.8011
vn 0.3779 0.4629 -0.8018
vn -0.0296 -0.4502 -0.8924
vn -0.0296 -0.4502 0.8924
vn -0.5125 -0.2738 0.8139
vn 0.4780 -0.3316 0.8134
vn -0.3604 0.4664 -0.8078
vn -0.3653 0.4654 -0.8062
vn 0.4838 -0.8596 0.1644
vn -0.2967 -0.0000 -0.9550
vn -0.1524 -0.1956 0.9688
vn -0.1386 -0.0000 0.9904
vn 0.1647 -0.0000 -0.9863
vn 0.1807 -0.0000 0.9835
vn -0.1550 0.4940 -0.8556
vn 0.0363 -0.4493 -0.8926
vn 0.0363 -0.4493 0.8926
vn 0.5671 0.4118 0.7133
vn 0.5641 0.4129 0.7151
vn 0.6903 0.3618 0.6266
vn -0.6048 0.3982 0.6897
vn -0.6035 0.3987 0.6905
vn -0.7352 0.3389 0.5871
vn 0.1840 0.4915 -0.8512
vn 0.1856 0.4913 -0.8510
vn 0.0634 0.4990 -0.8643
vn -0.0231 -0.6802 -0.7327
vn -0.0211 -0.6857 -0.7276
vn -0.0325 -0.6541 -0.7557
vn -0.0325 -0.6541 0.7557
vn -0.0211 -0.6857 0.7276
vn -0.0231 -0.6802 0.7327
vn -0.0635 0.4990 -0.8643
vn 0.3779 0.4629 0.8018
vn 0.3800 0.4625 0.8011
vn -0.3653 0.4654 0.8062
vn -0.3604 0.4664 0.8078
vn -0.1563 0.4939 -0.8554
vn -0.0671 -0.5463 -0.8349
vn -0.0671 -0.5463 0.8349
vn 0.4716 -0.8785 -0.0763
vn 0.4922 -0.8596 0.1373
vn -0.1550 0.4940 0.8556
vn -0.0395 -0.4974 -0.8666
vn -0.0395 -0.4974 0.8666
vn 0.5754 -0.8159 -0.0574
vn 0.1856 0.4913 0.8510
vn 0.1840 0.4915 0.8512
vn -0.0850 -0.7800 -0.6199
vn -0.0850 -0.7800 0.6199
vn 0.0634 0.4990 0.8643
vn -0.0635 0.4990 0.8643
vn -0.1563 0.4939 0.8554
vn -0.0963 -0.7841 -0.6131
vn -0.1071 -0.5900 -0.8002
vn -0.1071 -0.5900 0.8002
vn -0.0963 -0.7841 0.6131
vn 0.0395 -0.2096 -0.9770
vn 0.0395 -0.2096 0.9770
vn -0.0957 -0.5681 -0.8174
vn -0.0957 -0.5681 0.8174
vn -0.0345 -0.6485 -0.7605
vn -0.0345 -0.6485 0.7605
vn -0.0380 -0.2366 -0.9709
vn -0.0380 -0.2366 0.9709
vn 0.0551 -0.2755 -0.9597
vn 0.0551 -0.2755 0.9597
vn 0.0111 -0.2075 -0.9782
vn 0.0111 -0.2075 0.9782
vn -0.0990 -0.3096 -0.9457
vn -0.0990 -0.3096 0.9457
vn -0.0219 -0.2065 -0.9782
vn -0.0219 -0.2065 0.9782
vn -0.0626 -0.2774 -0.9587
vn -0.0626 -0.2774 0.9587
vn -0.1096 -0.3420 -0.9333
vn -0.1096 -0.3420 0.9333
vn 0.0872 0.3493 -0.9329
vn 0.0765 0.1917 -0.9785
vn 0.0370 0.2186 -0.9751
vn 0.0370 0.2186 0.9751
vn 0.0765 0.1917 0.9785
vn 0.0872 0.3493 0.9329
vn 0.1027 -0.0236 -0.9944
vn 0.1027 -0.0236 0.9944
vn -0.0314 0.6986 -0.7148
vn -0.0331 0.6937 -0.7195
vn -0.0328 0.6945 -0.7187
vn -0.0328 0.6945 0.7187
vn -0.0331 0.6937 0.7195
vn -0.0314 0.6986 0.7148
vn 0.0205 0.2229 -0.9746
vn 0.0281 0.3319 -0.9429
vn 0.0281 0.3319 0.9429
vn 0.0205 0.2229 0.9746
vn -0.0224 0.3962 -0.9179
vn -0.0177 0.2240 -0.9744
vn -0.0331 0.2596 -0.9652
vn -0.0331 0.2596 0.9652
vn -0.0177 0.2240 0.9744
vn -0.0224 0.3962 0.9179
vn -0.0573 0.2802 -0.9582
vn -0.0594 0.4534 -0.8893
vn -0.0594 0.4534 0.8893
vn -0.0573 0.2802 0.9582
vn -0.1056 0.5420 0.8337
vn -0.1001 0.3718 0.9229
vn -0.0929 0.3147 0.9446
vn -0.0929 0.3147 -0.9446
vn -0.1001 0.3718 -0.9229
vn -0.1056 0.5420 -0.8337
vn 0.0405 0.4014 -0.9150
vn 0.0405 0.4014 0.9150
vn 0.0855 0.4658 0.8808
vn 0.0855 0.4658 -0.8808
vn -0.0895 0.4740 0.8760
vn -0.0895 0.4740 -0.8760
vn -0.0311 0.6994 -0.7140
vn -0.0311 0.6994 0.7140
vn -0.0321 0.4228 0.9056
vn -0.0321 0.4228 -0.9056
vn 0.0789 0.4176 0.9052
vn 0.0789 0.4159 -0.9060
vn -0.0899 0.7226 0.6854
vn -0.0899 0.7220 -0.6860
vn 0.1931 -0.8418 0.5041
vn 0.1931 -0.8418 -0.5041
vn 0.0387 0.5153 0.8562
vn 0.0388 0.5142 -0.8568
vn -0.1028 0.7560 0.6464
vn -0.1028 0.7555 -0.6470
vn -0.0635 -0.1733 -0.9828
vn -0.1563 -0.1715 -0.9727
vn -0.1550 -0.1716 -0.9729
vn 0.1856 -0.1706 -0.9677
vn 0.0634 -0.1733 -0.9828
vn 0.3800 -0.1606 -0.9109
vn 0.3779 -0.1608 -0.9118
vn -0.3604 -0.1620 -0.9186
vn -0.0362 0.6573 0.7527
vn -0.0356 0.6239 -0.7807
vn -0.0565 0.6617 0.7476
vn -0.0565 0.6610 -0.7482
vn -0.6035 -0.1385 -0.7852
vn -0.6048 -0.1383 -0.7843
vn 0.5641 -0.1434 -0.8132
vn 0.5671 -0.1430 -0.8111
vn 0.0665 0.4710 0.8796
vn 0.0665 0.4699 -0.8802
vn 0.1840 -0.1707 -0.9680
vn -0.3653 -0.1616 -0.9167
vn 0.0634 -0.1733 0.9828
vn 0.1856 -0.1706 0.9677
vn 0.1839 -0.1707 0.9680
vn -0.7352 -0.1177 -0.6676
vn -0.1563 -0.1715 0.9727
vn -0.0635 -0.1733 0.9828
vn 0.6903 -0.1256 -0.7125
vn -0.3366 -0.1635 0.9273
vn -0.3328 -0.1638 0.9287
vn 0.3779 -0.1608 0.9118
vn -0.3366 0.4775 0.8116
vn -0.3328 0.1638 0.9287
vn -0.1563 0.1715 0.9727
vn -0.0954 0.8199 0.5644
vn -0.0955 0.8189 -0.5659
vn 0.5802 0.4815 0.6569
vn 0.5671 0.1430 0.8111
vn 0.7146 0.5939 0.3696
vn -0.5602 0.1438 0.8158
vn -0.5738 0.4558 0.6805
vn -0.7219 0.5881 0.3646
vn 0.3806 0.4693 0.7968
vn 0.3779 0.1608 0.9118
vn -0.0751 -0.6033 -0.7940
vn -0.0635 -0.8643 -0.4990
vn -0.1563 -0.8554 -0.4939
vn -0.1563 -0.8554 0.4939
vn -0.0635 -0.8643 0.4990
vn -0.0751 -0.6033 0.7940
vn 0.4780 0.5898 -0.6509
vn 0.5147 0.7021 -0.4920
vn 0.6376 0.6584 -0.4001
vn 0.0634 0.1733 0.9828
vn 0.1856 0.1706 0.9677
vn 0.1935 0.4966 0.8461
vn 0.1935 -0.6252 -0.7561
vn 0.1856 -0.8510 -0.4913
vn 0.0634 -0.8643 -0.4990
vn 0.0634 -0.8643 0.4990
vn 0.1856 -0.8510 0.4913
vn 0.1935 -0.6252 0.7561
vn 0.3474 0.4974 -0.7949
vn -0.5602 -0.1438 0.8158
vn -0.5611 0.6548 -0.5064
vn -0.5125 0.5357 -0.6711
vn -0.6677 0.6197 -0.4125
vn 0.3800 -0.1606 0.9109
vn 0.5671 -0.1430 0.8111
vn -0.3307 0.5067 -0.7962
vn -0.1550 -0.1715 0.9729
vn 0.5342 0.8182 0.2124
vn -0.0635 0.1733 0.9828
vn -0.0751 0.5397 0.8385
vn 0.4940 0.8105 -0.3147
vn 0.5078 0.8615 0.0058
vn 0.0672 -0.6078 -0.7912
vn 0.0672 -0.6078 0.7912
vn -0.0263 0.5966 0.8021
vn -0.0263 0.5953 -0.8031
vn 0.3578 0.6980 -0.6202
vn 0.1711 0.5186 -0.8377
vn -0.5617 -0.1437 0.8148
vn -0.7085 -0.1226 0.6950
vn -0.5576 0.7919 0.2487
vn -0.1601 -0.6264 -0.7629
vn -0.1601 -0.6264 0.7629
vn 0.0403 0.5275 0.8486
vn 0.0403 0.5267 -0.8491
vn -0.5432 0.7746 -0.3238
vn -0.1601 0.5027 0.8495
vn 0.5641 -0.1434 0.8132
vn 0.6903 -0.1256 0.7125
vn -0.3573 0.6988 -0.6197
vn -0.5426 0.8396 0.0258
vn -0.1473 0.7380 -0.6585
vn -0.1524 0.5152 -0.8434
vn 0.3779 -0.8018 -0.4629
vn 0.3779 -0.8018 0.4629
vn 0.5618 0.5041 -0.6560
vn 0.5671 0.1430 -0.8111
vn 0.3779 0.1608 -0.9118
vn 0.3862 0.4716 -0.7927
vn 0.1856 0.1706 -0.9677
vn -0.3604 0.1620 -0.9186
vn -0.6035 0.1385 -0.7852
vn -0.5946 0.4672 -0.6543
vn -0.0611 0.5655 -0.8225
vn 0.7146 0.5939 -0.3696
vn -0.0961 0.8151 0.5713
vn -0.0962 0.8142 -0.5726
vn -0.0634 0.7108 0.7005
vn -0.0635 0.7094 -0.7019
vn -0.7377 0.5782 -0.3486
vn 0.3473 0.8725 0.3437
vn 0.5342 0.6962 0.4795
vn 0.5206 0.5522 0.6512
vn 0.6376 0.6584 0.4001
vn 0.0750 0.5737 -0.8156
vn 0.0640 0.7702 -0.6346
vn -0.3366 -0.5993 -0.7263
vn -0.3366 -0.5993 0.7263
vn 0.0672 0.5356 0.8418
vn -0.0635 0.1733 -0.9828
vn -0.1563 0.1715 -0.9727
vn -0.1641 0.4998 -0.8505
vn -0.5216 0.5052 0.6876
vn -0.5576 0.6591 0.5046
vn -0.6546 0.6273 0.4219
vn -0.3281 0.8815 0.3395
vn 0.3288 0.9413 0.0761
vn -0.3328 -0.8167 -0.4715
vn -0.3328 -0.8167 0.4715
vn 0.1687 0.7342 -0.6577
vn 0.5147 0.8281 -0.2222
vn 0.0634 0.1733 -0.9828
vn 0.0750 0.5397 -0.8385
vn 0.5078 0.8075 0.3000
vn -0.3705 0.4759 -0.7976
vn 0.3353 0.8540 -0.3979
vn 0.4940 0.8693 -0.0185
vn -0.2968 0.4978 0.8150
vn -0.3281 0.7123 0.6205
vn 0.3473 0.7024 0.6213
vn 0.3376 0.4907 0.8033
vn -0.2344 0.5067 0.8296
vn -0.3267 0.9424 0.0724
vn -0.5611 0.7885 -0.2519
vn -0.3452 0.8507 -0.3964
vn -0.5426 0.7802 0.3114
vn 0.3806 -0.5883 -0.7135
vn 0.3806 -0.5883 0.7135
vn 0.1897 0.4996 -0.8452
vn -0.0723 -0.2663 -0.9612
vn -0.0723 -0.2663 0.9612
vn -0.5432 0.8387 -0.0393
vn 0.1814 -0.3080 -0.9339
vn 0.1814 -0.3080 0.9339
vn -0.0528 0.7723 -0.6331
vn 0.2076 0.7923 0.5737
vn 0.2908 0.4987 0.8165
vn -0.1292 0.8218 0.5549
vn -0.1258 0.7995 0.5873
vn -0.1108 0.8182 0.5641
vn -0.1108 0.8182 -0.5641
vn -0.1258 0.7995 -0.5873
vn -0.1207 0.8060 -0.5794
vn 0.1747 0.9144 0.3653
vn -0.1980 0.7625 -0.6159
vn -0.1850 0.9252 -0.3313
vn -0.1739 0.8780 -0.4460
vn -0.1739 0.8780 0.4460
vn -0.1850 0.9252 0.3313
vn -0.1980 0.7625 0.6159
vn -0.2802 0.9387 0.2009
vn -0.2802 0.9387 -0.2009
vn -0.3504 0.9193 0.1793
vn -0.2784 0.9476 0.1566
vn -0.2784 0.9476 -0.1566
vn -0.2889 0.9452 -0.1522
vn -0.5602 -0.7174 -0.4142
vn -0.5602 -0.7174 0.4142
vn -0.0673 0.5356 -0.8418
vn 0.3288 0.8585 0.3935
vn 0.3578 0.8681 -0.3441
vn 0.0672 0.4998 0.8635
vn 0.0672 0.4983 -0.8644
vn -0.1680 0.7992 0.5771
vn 0.5671 -0.7133 -0.4118
vn 0.5671 -0.7133 0.4118
vn -0.1413 0.9191 0.3679
vn -0.1298 0.9001 -0.4159
vn -0.3154 -0.2838 -0.9055
vn -0.3154 -0.2838 0.9055
vn -0.2792 0.9232 -0.2641
vn -0.3375 0.9071 0.2516
vn -0.3573 0.8686 -0.3434
vn -0.3267 0.8608 0.3903
vn -0.5738 -0.4835 -0.6610
vn -0.5738 -0.4835 0.6610
vn 0.0580 -0.2563 -0.9649
vn 0.0580 -0.2563 0.9649
vn 0.1551 0.9844 0.0826
vn -0.0641 0.9408 0.3329
vn -0.1457 -0.3153 -0.9377
vn -0.1457 -0.3153 0.9377
vn 0.3353 0.9386 -0.0818
vn -0.2158 0.7626 -0.6098
vn -0.2158 0.7626 0.6098
vn 0.1510 0.8961 -0.4175
vn -0.3452 0.9350 -0.0815
vn -0.0274 0.6471 0.7620
vn -0.0265 0.6370 -0.7704
vn -0.0410 0.7390 0.6725
vn -0.0437 0.7373 -0.6742
vn 0.5802 -0.4526 -0.6772
vn 0.5802 -0.4526 0.6772
vn -0.1879 0.7564 -0.6266
vn -0.1256 0.9883 0.0862
vn -0.1473 0.9187 -0.3663
vn 0.0490 0.9156 -0.3990
vn 0.0299 0.6640 0.7472
vn 0.0299 0.6628 -0.7482
vn -0.7237 -0.3983 -0.5635
vn -0.7237 -0.3983 0.5635
vn 0.0528 0.9422 0.3307
vn -0.3527 0.9075 0.2281
vn 0.3455 -0.2888 -0.8929
vn 0.3455 -0.2888 0.8929
vn 0.1687 0.9148 -0.3669
vn 0.1551 0.8968 0.4143
vn -0.1031 0.8576 0.5039
vn -0.1062 0.8238 -0.5568
vn -0.0418 0.9181 -0.3940
vn -0.5638 -0.1633 -0.8096
vn -0.5638 -0.1633 0.8096
vn 0.0735 0.5325 0.8432
vn 0.0735 0.5316 -0.8438
vn -0.4190 0.8851 0.2027
vn 0.7156 -0.4095 -0.5660
vn 0.7156 -0.4095 0.5660
vn -0.1298 0.9881 -0.0829
vn -0.2040 0.8439 0.4962
vn -0.1945 0.8110 -0.5518
vn 0.0640 0.9408 -0.3329
vn -0.0490 0.9969 0.0618
vn -0.1256 0.8993 0.4190
vn 0.5540 -0.1132 -0.8248
vn 0.5540 -0.1132 0.8248
vn 0.0417 0.9975 0.0563
vn -0.2254 0.8361 -0.5001
vn -0.2152 0.8878 0.4068
vn 0.0435 0.9158 0.3992
vn 0.1510 0.9848 -0.0858
vn -0.0507 0.9178 0.3939
vn -0.0490 0.9156 0.3990
vn 0.0290 0.5723 0.8195
vn 0.0290 0.5709 -0.8205
vn -0.0528 0.9422 -0.3308
vn -0.3218 0.9359 0.1434
vn -0.3020 0.9254 -0.2291
vn -0.3442 0.9262 -0.1542
vn -0.3218 0.9359 -0.1434
vn -0.1248 0.2602 -0.9575
vn -0.3174 0.2457 -0.9159
vn -0.3460 0.4746 -0.8093
vn -0.3460 0.4746 0.8093
vn -0.3174 0.2457 0.9159
vn -0.1248 0.2602 0.9575
vn -0.5517 0.4225 -0.7191
vn -0.5255 0.2517 -0.8127
vn -0.6668 0.4792 -0.5707
vn -0.5255 0.2517 0.8127
vn -0.5517 0.4225 0.7191
vn -0.6668 0.4792 0.5707
vn 0.1582 0.4951 -0.8543
vn 0.1534 0.2561 -0.9544
vn 0.0435 0.2829 -0.9582
vn 0.4916 0.2796 -0.8247
vn 0.5076 0.4368 -0.7427
vn 0.6383 0.4875 -0.5958
vn 0.5076 0.4368 0.7427
vn 0.4916 0.2796 0.8247
vn 0.6383 0.4875 0.5958
vn -0.0467 0.4971 -0.8665
vn -0.0507 0.2882 -0.9562
vn -0.0507 0.2882 0.9562
vn -0.0490 0.2829 0.9579
vn 0.3237 0.2452 -0.9139
vn 0.3421 0.4721 -0.8125
vn 0.4171 0.4591 0.7844
vn 0.3948 0.2381 0.8874
vn -0.1964 0.9127 0.3583
vn -0.1893 0.9235 -0.3337
vn -0.2156 0.9233 -0.3179
vn 0.0417 0.9181 0.3940
vn -0.2670 0.9234 0.2757
vn -0.2670 0.9234 -0.2757
vn 0.0490 0.9969 -0.0618
vn 0.5147 0.7025 -0.4915
vn 0.5147 0.7025 0.4915
vn -0.0418 0.9975 -0.0563
vn -0.1114 0.8846 0.4529
vn -0.1391 -0.0081 -0.9902
vn -0.2991 -0.0173 -0.9540
vn -0.3023 -0.0175 -0.9530
vn -0.5604 -0.0325 0.8276
vn -0.5593 -0.0324 0.8283
vn -0.4384 -0.0254 0.8984
vn -0.5170 -0.0300 -0.8555
vn -0.5611 0.6998 -0.4421
vn -0.5611 0.6998 0.4421
vn -0.1321 0.4942 -0.8593
vn -0.1590 0.4122 0.8971
vn 0.5641 0.7151 0.4129
vn 0.5671 0.7133 0.4118
vn 0.6903 0.6266 0.3617
vn 0.5671 0.7133 -0.4118
vn 0.5641 0.7151 -0.4129
vn 0.6903 0.6266 -0.3617
vn 0.4780 0.8134 -0.3316
vn 0.4780 0.8134 0.3317
vn -0.6918 -0.0401 0.7210
vn -0.5181 -0.0300 -0.8548
vn -0.6636 -0.0385 -0.7471
vn -0.1707 0.8447 0.5074
vn -0.2337 0.9375 0.2579
vn -0.2337 0.9375 -0.2579
vn -0.0915 0.8891 0.4484
vn 0.0466 0.5018 -0.8637
vn -0.6035 0.6905 0.3987
vn -0.6048 0.6897 0.3982
vn -0.7352 0.5871 0.3389
vn -0.6048 0.6897 -0.3982
vn -0.6035 0.6905 -0.3987
vn -0.7352 0.5871 -0.3389
vn -0.2745 0.9577 0.0868
vn -0.2745 0.9577 -0.0868
vn -0.5125 0.8139 -0.2738
vn -0.5125 0.8139 0.2738
vn -0.0773 -0.0000 -0.9970
vn -0.1632 -0.0000 -0.9866
vn -0.1721 0.3436 -0.9232
vn -0.3366 0.3293 0.8822
vn -0.1632 -0.0000 0.9866
vn 0.4562 0.3159 -0.8320
vn 0.4473 -0.0000 -0.8944
vn 0.2242 -0.0000 -0.9745
vn 0.0781 -0.0000 0.9969
vn 0.2242 -0.0000 0.9745
vn 0.2332 0.3382 0.9117
vn 0.3578 0.8216 -0.4438
vn 0.4343 0.7961 0.4213
vn -0.1818 0.9228 0.3397
vn -0.1692 0.9181 -0.3583
vn -0.5122 0.6292 0.5846
vn -0.5617 0.7246 0.3993
vn -0.6655 0.6756 0.3174
vn -0.5592 0.7282 -0.3963
vn -0.5195 0.6036 -0.6048
vn -0.6524 0.6847 -0.3249
vn -0.3573 0.8214 -0.4447
vn -0.3573 0.8214 0.4447
vn -0.1381 -0.0080 -0.9904
vn 0.1356 -0.6368 -0.7590
vn 0.0454 -0.6421 -0.7653
vn 0.3779 0.8018 0.4629
vn 0.3779 0.8018 -0.4629
vn -0.0455 -0.6421 -0.7653
vn -0.1134 -0.6386 -0.7611
vn -0.1127 -0.6387 -0.7612
vn 0.0781 -0.0000 -0.9969
vn 0.0923 0.3861 -0.9178
vn -0.0773 -0.0000 0.9970
vn -0.0913 0.3861 0.9179
vn 0.4473 -0.0000 0.8944
vn -0.0562 -0.0033 -0.9984
vn -0.5946 0.3465 -0.7255
vn 0.6334 0.3633 -0.6832
vn 0.6422 -0.0000 -0.7666
vn 0.4505 0.3128 0.8362
vn 0.6422 -0.0000 0.7666
vn -0.1655 0.9407 0.2962
vn -0.1633 0.9754 0.1477
vn -0.1651 0.9571 0.2380
vn -0.1283 0.9400 -0.3161
vn -0.1560 0.9714 -0.1787
vn -0.5488 0.8139 0.1905
vn -0.5491 0.8167 -0.1777
vn -0.0797 0.9140 0.3978
vn -0.4475 0.6031 0.6603
vn 0.3474 0.9171 -0.1955
vn 0.4189 0.8852 0.2024
vn -0.5738 0.3307 0.7493
vn -0.7219 0.5159 0.4612
vn -0.7377 0.5088 -0.4437
vn -0.3604 0.8078 0.4664
vn -0.3604 0.8078 -0.4664
vn 0.6527 0.3364 0.6788
vn 0.7822 0.4685 0.4107
vn 0.7822 0.4685 -0.4107
vn 0.0675 0.6518 0.7553
vn 0.0607 0.8414 -0.5370
vn -0.1651 0.9165 0.3643
vn -0.2703 -0.6189 -0.7375
vn -0.3705 0.3302 -0.8682
vn 0.1348 -0.6369 -0.7591
vn -0.1676 0.3472 0.9227
vn 0.2287 0.3420 -0.9114
vn -0.3732 0.7268 -0.5765
vn -0.3039 0.6181 -0.7250
vn 0.1936 0.2258 -0.9547
vn 0.1657 0.0096 -0.9861
vn 0.0561 0.0033 -0.9984
vn -0.0921 0.9285 0.3598
vn -0.1124 0.9306 -0.3483
vn 0.3800 0.8011 0.4625
vn 0.3800 0.8011 -0.4625
vn 0.2834 -0.6164 -0.7346
vn 0.2821 -0.6167 -0.7349
vn -0.3307 0.9215 -0.2038
vn -0.3307 0.9215 0.2038
vn 0.6100 0.7208 0.3290
vn 0.5907 0.7309 -0.3419
vn -0.4077 0.8215 0.3986
vn -0.3653 0.8062 0.4654
vn -0.3653 0.8062 -0.4654
vn -0.0822 0.3806 -0.9211
vn 0.0831 0.3806 0.9210
vn 0.0134 0.7552 0.6553
vn 0.0134 0.7552 -0.6553
vn 0.1687 0.8691 -0.4650
vn -0.2468 0.6307 -0.7357
vn -0.5576 0.7367 0.3825
vn -0.5611 0.7328 -0.3850
vn 0.5709 0.8049 -0.1619
vn 0.5850 0.7978 0.1462
vn -0.2733 -0.6183 -0.7369
vn 0.3404 0.0198 -0.9401
vn -0.4623 0.8595 -0.2180
vn -0.4844 -0.5623 -0.6702
vn -0.4852 -0.5620 -0.6698
vn 0.1856 0.8510 0.4913
vn 0.1856 0.8510 -0.4913
vn -0.5426 0.8224 0.1712
vn -0.5432 0.8191 -0.1844
vn 0.1300 0.9277 0.3500
vn 0.1305 0.9252 0.3563
vn 0.1444 0.9259 0.3490
vn -0.0763 0.9173 0.3908
vn -0.1473 0.8712 -0.4683
vn -0.2332 0.8600 0.4539
vn 0.4459 -0.5753 -0.6857
vn 0.4138 0.7769 0.4746
vn 0.1451 0.9266 0.3470
vn 0.4483 -0.5746 -0.6847
vn -0.3281 0.8092 0.4874
vn -0.0528 0.8590 -0.5092
vn -0.3665 0.8970 0.2472
vn 0.4249 0.7713 -0.4739
vn 0.4099 0.0238 0.9118
vn 0.5226 0.0304 0.8520
vn 0.5700 0.2272 0.7896
vn -0.0431 0.0815 -0.9957
vn -0.1106 0.0246 -0.9936
vn -0.1111 0.0287 -0.9934
vn 0.5226 0.0304 -0.8520
vn 0.3241 0.3464 -0.8803
vn 0.1250 0.0288 -0.9917
vn 0.0537 0.0892 -0.9946
vn 0.0522 0.0815 -0.9953
vn -0.3573 0.7958 -0.4890
vn -0.1550 0.8556 0.4940
vn -0.1550 0.8556 -0.4940
vn 0.2883 0.1974 -0.9370
vn 0.2593 0.0321 -0.9653
vn -0.0829 0.9005 0.4269
vn -0.2500 0.0391 -0.9674
vn -0.6129 -0.5079 -0.6053
vn 0.3930 0.8899 0.2314
vn 0.3307 0.3778 0.8648
vn 0.1711 0.9646 -0.2008
vn -0.1563 0.8554 0.4939
vn -0.1563 0.8554 -0.4939
vn 0.5159 0.4010 -0.7570
vn 0.6406 0.5829 -0.4999
vn 0.6406 0.5829 0.4999
vn -0.4057 0.1366 -0.9037
vn -0.4399 0.3422 -0.8303
vn 0.0496 0.8275 -0.5593
vn 0.0557 0.6938 0.7180
vn -0.7387 0.5728 0.3553
vn -0.8094 0.2638 0.5246
vn -0.4815 0.4410 0.7574
vn -0.8689 0.4838 0.1043
vn -0.7417 0.5633 -0.3641
vn -0.7978 0.2822 -0.5328
vn -0.9028 0.3757 -0.2092
vn 0.3992 0.3890 -0.8302
vn 0.3752 0.1956 -0.9061
vn 0.5637 -0.5310 -0.6328
vn -0.1838 0.7769 -0.6021
vn 0.2602 0.7599 0.5957
vn 0.1265 0.0245 -0.9917
vn 0.1840 0.8512 0.4915
vn 0.1840 0.8512 -0.4915
vn -0.3267 0.9155 0.2349
vn 0.0640 0.8597 -0.5067
vn -0.0416 0.0892 -0.9951
vn 0.3998 0.8855 -0.2370
vn -0.3056 0.1964 -0.9317
vn -0.4317 0.7256 0.5358
vn -0.3143 0.4962 0.8093
vn -0.4374 0.7188 -0.5404
vn -0.4799 0.4517 -0.7521
vn -0.5404 0.5341 -0.6501
vn 0.5379 0.6458 -0.5419
vn 0.1005 0.9490 0.2988
vn 0.4637 0.8398 0.2824
vn 0.4463 0.8177 -0.3636
vn 0.0178 0.7381 0.6744
vn 0.0178 0.7381 -0.6744
vn -0.3452 0.9066 -0.2426
vn -0.1524 0.9688 -0.1956
vn -0.2344 0.9529 0.1924
vn -0.1895 0.6828 -0.7056
vn -0.1692 0.5219 -0.8360
vn -0.0397 0.5202 -0.8531
vn 0.6013 0.1747 0.7796
vn 0.7412 0.1408 0.6563
vn 0.7638 0.3446 0.5458
vn -0.0761 0.9136 0.3995
vn 0.5103 0.2208 0.8312
vn 0.5783 0.4627 0.6719
vn -0.1721 0.9513 0.2558
vn -0.1778 0.7748 0.6066
vn 0.2543 0.7580 -0.6006
vn -0.0635 0.8643 0.4990
vn -0.0635 0.8643 -0.4990
vn 0.4157 0.8952 -0.1606
vn 0.4020 0.8991 0.1735
vn -0.0872 0.6968 0.7119
vn 0.0881 0.6967 -0.7119
vn 0.3913 0.7015 -0.5956
vn 0.4639 0.2509 0.8496
vn 0.4800 0.5283 0.7004
vn -0.4295 0.6881 -0.5848
vn 0.0634 0.8643 0.4990
vn 0.0634 0.8643 -0.4990
vn 0.9054 0.2807 0.3185
vn 0.2928 0.7581 -0.5827
vn 0.4459 0.5753 0.6857
vn 0.4483 0.5746 0.6847
vn 0.5637 0.5309 0.6328
vn -0.6377 0.7658 0.0823
vn -0.6988 0.6991 -0.1513
vn 0.4171 0.8759 -0.2423
vn 0.2235 0.6499 0.7264
vn 0.2463 0.8714 0.4243
vn -0.1716 0.9506 0.2586
vn 0.4096 0.9122 -0.0127
vn 0.7609 0.1860 -0.6216
vn 0.7570 0.3757 -0.5347
vn 0.8832 0.2405 -0.4026
vn -0.5654 0.8248 -0.0000
vn -0.4447 0.5757 0.6861
vn -0.4604 0.7966 0.3917
vn -0.6002 0.7219 0.3444
vn 0.3115 0.7251 -0.6142
vn -0.4104 0.8093 -0.4202
vn 0.2235 0.6499 -0.7264
vn -0.3633 0.7062 -0.6077
vn -0.2126 0.9439 -0.2526
vn 0.3203 0.9151 0.2449
vn -0.3106 0.2881 0.9058
vn -0.2271 0.2821 0.9321
vn -0.2297 0.2875 0.9298
vn -0.0707 0.7068 -0.7038
vn 0.0714 0.7068 0.7038
vn 0.6008 0.2634 -0.7548
vn 0.5722 0.5015 -0.6489
vn -0.4431 0.8962 0.0220
vn -0.0611 0.9663 -0.2501
vn 0.3087 0.9225 -0.2316
vn -0.0339 0.6183 -0.7852
vn -0.0395 0.5244 -0.8505
vn -0.1850 0.8560 0.4827
vn -0.4701 0.5651 0.6780
vn -0.4536 0.2775 0.8469
vn 0.2739 0.7812 0.5610
vn 0.2821 0.6167 0.7349
vn -0.6645 0.5010 0.5545
vn -0.6001 0.3235 0.7316
vn -0.2473 0.6228 0.7423
vn -0.2498 0.8427 0.4769
vn 0.0750 0.9627 -0.2602
vn 0.0973 0.9524 0.2889
vn 0.5000 0.3128 -0.8076
vn 0.4783 0.5613 -0.6755
vn 0.3075 0.9418 -0.1355
vn 0.2495 0.9360 0.2481
vn 0.2123 0.8293 0.5169
vn -0.2126 0.9439 0.2526
vn 0.3203 0.9151 -0.2449
vn -0.1066 0.3613 -0.9263
vn -0.1109 0.3697 -0.9225
vn -0.1584 0.3424 -0.9261
vn -0.1134 0.6386 0.7611
vn -0.0182 0.9509 0.3088
vn -0.0284 0.9543 0.2974
vn -0.0147 0.9784 0.2060
vn 0.2955 0.9446 0.1426
vn 0.0707 0.3762 -0.9238
vn 0.0144 0.3720 -0.9281
vn 0.0146 0.3727 -0.9278
vn 0.2863 0.3575 -0.8890
vn 0.3404 0.5063 -0.7923
vn -0.8024 0.5431 0.2474
vn -0.6734 0.5083 -0.5368
vn -0.6656 0.2912 -0.6871
vn -0.8075 0.4285 -0.4054
vn -0.2306 0.9644 0.1291
vn -0.3268 0.8564 -0.3997
vn -0.0533 0.9710 0.2330
vn -0.1628 0.3402 -0.9261
vn -0.3091 0.3448 -0.8863
vn 0.1418 0.8615 0.4876
vn 0.1356 0.6368 0.7590
vn 0.7355 0.6444 0.2093
vn 0.7088 0.5412 -0.4526
vn -0.4633 0.5902 -0.6610
vn -0.4591 0.3236 -0.8274
vn 0.0725 0.3763 -0.9237
vn -0.3175 0.9229 -0.2180
vn 0.9901 0.1334 0.0445
vn 0.9883 0.1456 0.0453
vn 0.9881 0.1467 0.0454
vn 0.0416 0.9370 -0.3468
vn -0.0947 0.9623 -0.2548
vn -0.0931 0.9611 -0.2602
vn -0.0600 0.9706 -0.2329
vn -0.3438 0.5173 -0.7837
vn -0.0599 0.9706 -0.2330
vn -0.2924 0.9489 0.1191
vn -0.1163 0.8656 0.4870
vn 0.0454 0.6421 0.7653
vn 0.0081 0.9480 0.3183
vn 0.0153 0.9349 0.3545
vn 0.0145 0.9366 0.3501
vn 0.7071 0.7071 0.0001
vn 0.0514 0.9556 -0.2901
vn -0.0455 0.6421 0.7653
vn -0.0538 0.8874 0.4578
vn -0.0533 0.9710 0.2329
vn 0.4460 0.5407 0.7133
vn 0.2124 0.9662 0.1458
vn 0.1322 0.9807 0.1439
vn -0.1444 0.2294 -0.9626
vn -0.1454 0.2317 -0.9619
vn -0.1425 0.2245 -0.9640
vn -0.2552 0.9669 -0.0000
vn -0.0178 0.9668 0.2548
vn 0.1829 0.9500 0.2529
vn 0.5733 0.2097 -0.7921
vn 0.6055 0.4381 -0.6644
vn 0.8030 0.5078 -0.3120
vn -0.0119 0.9669 -0.2547
vn -0.0102 0.9655 -0.2601
vn -0.0136 0.9720 0.2344
vn -0.6158 0.3647 -0.6984
vn -0.5944 0.1377 -0.7923
vn -0.7740 0.4917 -0.3990
vn -0.0360 0.9845 0.1719
vn -0.0362 0.9851 0.1678
vn -0.0393 0.9528 0.3011
vn -0.1727 0.9560 -0.2372
vn -0.0391 0.9520 0.3035
vn -0.1053 0.9833 0.1484
vn 0.0478 0.8859 0.4613
vn 0.3131 0.1373 -0.9397
vn 0.2655 0.5441 -0.7959
vn -0.6244 0.7580 0.1885
vn -0.6373 0.6799 -0.3627
vn -0.4396 0.3825 -0.8127
vn -0.4040 0.1131 -0.9078
vn -0.0334 0.6254 -0.7796
vn -0.3451 0.4840 0.8042
vn -0.0193 0.9654 0.2602
vn -0.5749 0.4083 0.7091
vn -0.5863 0.6468 0.4878
vn -0.7057 0.6321 0.3202
vn 0.0073 0.9493 0.3142
vn -0.1216 0.9781 0.1691
vn -0.0328 0.6538 -0.7560
vn 0.4946 0.7019 -0.5125
vn -0.6026 0.7080 -0.3682
vn 0.9902 0.1323 0.0444
vn -0.0254 0.9648 0.2619
vn -0.0262 0.9655 0.2590
vn 0.6717 0.5024 0.5445
vn 0.5622 0.4822 0.6718
vn 0.8174 0.5017 0.2832
vn -0.0324 0.9989 0.0350
vn -0.3472 0.4314 0.8327
vn -0.5876 0.8092 0.0001
vn -0.0523 0.9943 0.0926
vn 0.6471 0.6615 -0.3791
vn -0.5381 0.8169 0.2076
vn -0.5762 0.8040 -0.1469
vn 0.0415 0.9955 0.0849
vn 0.2922 0.4606 0.8381
vn -0.1532 0.9882 -0.0000
vn -0.1414 0.2219 -0.9648
vn 0.4830 0.8384 0.2525
vn -0.0135 0.9616 0.2741
vn -0.0301 0.6270 0.7784
vn -0.0400 0.6567 0.7531
vn -0.0577 0.8514 0.5213
vn 0.7720 0.6133 0.1669
vn 0.7385 0.6633 -0.1212
vn -0.0091 0.9434 0.3317
vn -0.0319 0.9990 0.0328
vn -0.0480 0.8225 0.5668
vn 0.4070 0.7706 -0.4903
vn -0.4078 0.5863 0.6999
vn 0.4363 0.8998 0.0001
vn 0.0059 0.9692 -0.2463
vn 0.0063 0.9702 -0.2424
vn 0.0047 0.9904 -0.1382
vn -0.4783 0.7714 -0.4197
vn -0.4228 0.7984 -0.4288
vn -0.2059 0.5262 0.8250
vn -0.2074 0.5173 0.8303
vn 0.2462 0.4810 0.8415
vn 0.2583 0.4968 0.8285
vn 0.2896 0.4454 0.8472
vn -0.0324 0.6573 -0.7530
vn 0.4019 0.8493 0.3421
vn 0.0046 0.9903 -0.1390
vn 0.2252 0.6834 -0.6944
vn -0.4736 0.8664 -0.1583
vn -0.4176 0.8809 0.2227
vn -0.1467 0.5394 0.8292
vn -0.1457 0.5374 0.8306
vn -0.0094 0.9995 -0.0306
vn -0.0097 0.9995 -0.0317
vn -0.0096 0.9995 -0.0315
vn 0.0033 0.9995 -0.0313
vn -0.0094 0.9995 -0.0304
vn 0.3891 0.7896 -0.4745
vn 0.0031 0.9995 -0.0304
vn -0.4752 0.8278 0.2981
vn 0.3686 0.9296 0.0001
vn 0.1470 0.7412 -0.6550
vn 0.1277 0.7227 -0.6793
vn -0.3512 0.8237 -0.4451
vn -0.3911 0.9203 0.0001
vn -0.0689 0.9618 0.2648
vn 0.3809 0.7969 0.4688
vn -0.0627 0.9571 0.2830
vn -0.2772 0.9486 0.1528
vn -0.2283 0.9736 0.0001
vn -0.0000 -0.8192 -0.5736
vn 0.0557 0.9822 -0.1794
vn 0.0282 0.9833 -0.1797
vn -0.0981 0.9790 -0.1789
vn 0.0015 0.9837 -0.1797
vn -0.1384 0.9904 0.0001
vn -0.0000 -0.5736 0.8192
vn -0.9703 -0.1981 -0.1387
vn 0.9702 0.1985 0.1390
vn -0.0000 0.5736 -0.8192
vn -0.0000 -0.0175 -0.9998
vn -0.0741 -0.0174 -0.9971
vn 0.3379 -0.0164 -0.9410
vn 0.1498 -0.0173 -0.9886
vn -0.3384 0.0164 0.9409
vn -0.1500 0.0173 0.9885
vn -0.0000 0.0175 0.9998
vn 0.0739 0.0174 0.9971
vn -0.0740 -0.0174 -0.9971
vn -0.3384 -0.0164 -0.9409
vn 0.3379 0.0164 0.9410
vn -0.0000 0.8192 0.5736
vn 0.5401 -0.0147 -0.8415
vn -0.5408 -0.0147 -0.8410
vn 0.5401 0.0147 0.8415
vn -0.5408 0.0147 0.8410
vt 0.594802 -0.116096
vt 0.594802 -0.198975
vt 0.618706 -0.198975
vt 0.594849 -0.198975
vt 0.594849 -0.116096
vt 0.618753 -0.116096
vt 0.618753 -0.198975
vt 0.618706 -0.116096
vt 0.594849 -0.266025
vt 0.594802 -0.033332
vt 0.609623 -0.033332
vt 0.594849 -0.033332
vt 0.643221 -0.069887
vt 0.646140 -0.069887
vt 0.648343 -0.098297
vt 0.648348 -0.098297
vt 0.646145 -0.069887
vt 0.643226 -0.069887
vt 0.646259 -0.041477
vt 0.648343 -0.041477
vt 0.648348 -0.041477
vt 0.646264 -0.041477
vt 0.609623 -0.266025
vt 0.609575 -0.033332
vt 0.629025 -0.116096
vt 0.609575 -0.266025
vt 0.594802 -0.266025
vt 0.594802 -0.283250
vt 0.646259 -0.098297
vt 0.646264 -0.098297
vt 0.617639 -0.033332
vt 0.602830 -0.283250
vt 0.629073 -0.116096
vt 0.594849 -0.283250
vt 0.621108 -0.283250
vt 0.595866 -0.283250
vt 0.595866 -0.339147
vt 0.602783 -0.283250
vt 0.617591 -0.033332
vt 0.617591 -0.266025
vt 0.617639 -0.266025
vt 0.607763 -0.283250
vt 0.618037 -0.339147
vt 0.607715 -0.283250
vt 0.594802 -0.291636
vt 0.594849 -0.291636
vt 0.975337 -0.922142
vt 0.964762 -0.922142
vt 0.964762 -0.871367
vt 0.973318 -0.830289
vt 0.966782 -0.830289
vt 0.975337 -0.871367
vt 0.973318 -0.963221
vt 0.966782 -0.963221
vt 0.970050 -0.814598
vt 0.926410 -0.906765
vt 0.926410 -0.870782
vt 0.970050 -0.978911
vt 0.609652 -0.197474
vt 0.618121 -0.227353
vt 0.595949 -0.227353
vt 0.624334 -0.266025
vt 0.752258 -0.118357
vt 0.778761 -0.118357
vt 0.778761 -0.177049
vt 0.624382 -0.266025
vt 0.755481 -0.059665
vt 0.778761 -0.059665
vt 0.636791 -0.283250
vt 0.621191 -0.283250
vt 0.595949 -0.197474
vt 0.805265 -0.118357
vt 0.839408 -0.222443
vt 0.839408 -0.263054
vt 0.821394 -0.263054
vt 0.942383 -0.163514
vt 0.940161 -0.163514
vt 0.855231 -0.222443
vt 0.802041 -0.177049
vt 0.857422 -0.263054
vt 0.755481 -0.177049
vt 0.823585 -0.222443
vt 0.839408 -0.200735
vt 0.639108 -0.198975
vt 0.639155 -0.115805
vt 0.624382 -0.033332
vt 0.839408 -0.303665
vt 0.855231 -0.303665
vt 0.849187 -0.331081
vt 0.624334 -0.033332
vt 0.951194 -0.163514
vt 0.802041 -0.059665
vt 0.639155 -0.198975
vt 0.952567 -0.163514
vt 0.778761 -0.028292
vt 0.639108 -0.115805
vt 0.839408 -0.331081
vt 0.609569 -0.376883
vt 0.595866 -0.376883
vt 0.595388 -0.385393
vt 0.764374 -0.216672
vt 0.631823 -0.227353
vt 0.778761 -0.216672
vt 0.849187 -0.200735
vt 0.618121 -0.197474
vt 0.595866 -0.181107
vt 0.595866 -0.197474
vt 0.609569 -0.197474
vt 0.602465 -0.181107
vt 0.838605 -0.303572
vt 0.838605 -0.263017
vt 0.856619 -0.263017
vt 0.605337 -0.385393
vt 0.839066 -0.337264
vt -1.999990 159.000015
vt -1.999991 159.000015
vt -1.999998 119.000023
vt 0.998376 -0.852790
vt 0.998376 -0.888773
vt 0.820483 -0.262914
vt 0.838497 -0.262914
vt 0.838497 -0.303166
vt 0.831965 -0.337264
vt 0.829628 -0.331081
vt 0.822782 -0.303572
vt 0.838605 -0.222463
vt 0.854428 -0.222463
vt 0.839408 -0.188844
vt 0.854320 -0.303166
vt 0.822674 -0.222663
vt 0.838497 -0.222663
vt 0.829628 -0.200735
vt 0.834758 -0.188844
vt 0.820591 -0.263017
vt 0.856511 -0.262914
vt 0.846167 -0.337264
vt 0.764374 -0.028292
vt 0.822674 -0.303166
vt 0.915039 -0.437088
vt 0.924005 -0.437088
vt 0.924419 -0.404700
vt 0.854428 -0.303572
vt 0.595949 -0.181107
vt 0.612526 -0.385393
vt 0.606377 -0.385393
vt 0.609652 -0.376883
vt 0.618037 -0.376883
vt 0.855231 -0.331081
vt 0.844058 -0.188844
vt 0.916146 -0.469476
vt 0.924419 -0.469476
vt 0.827577 -0.337264
vt 0.793149 -0.216672
vt 0.855231 -0.200735
vt 0.838497 -0.330340
vt 0.838497 -0.201147
vt 0.831884 -0.188844
vt 0.602382 -0.181107
vt 0.823585 -0.331081
vt 0.823585 -0.200735
vt 0.916146 -0.404700
vt 0.828718 -0.330340
vt 0.848276 -0.201147
vt 0.854320 -0.222663
vt 0.838623 -0.345288
vt 0.618037 -0.197474
vt 0.618120 -0.376883
vt 0.838605 -0.330950
vt 0.838605 -0.200785
vt 0.850555 -0.337264
vt 0.318187 -0.360945
vt 0.267122 -0.360983
vt 0.267122 -0.285422
vt 0.606492 -0.181107
vt 0.596428 -0.385393
vt 0.597049 -0.396436
vt 0.594766 -0.396436
vt 0.846932 -0.188844
vt 0.848384 -0.330950
vt 0.822782 -0.222463
vt 0.828826 -0.200785
vt 0.839408 -0.183104
vt 0.611486 -0.385393
vt 0.925487 -0.491341
vt 0.810260 -0.263054
vt 0.813806 -0.303665
vt 0.865010 -0.303665
vt 0.867636 -0.263166
vt 0.813806 -0.222443
vt 0.865010 -0.222443
vt 0.848276 -0.330340
vt 0.828718 -0.201147
vt 0.924632 -0.404283
vt 0.924217 -0.436671
vt 0.915251 -0.436671
vt 0.920374 -0.387388
vt 0.355823 -0.284911
vt 0.361045 -0.360464
vt 0.924632 -0.469059
vt 0.916358 -0.469059
vt 0.778761 -0.011107
vt 0.910287 -0.437088
vt 0.925487 -0.387388
vt 0.793149 -0.028292
vt 0.806510 -0.028292
vt 0.785603 -0.011107
vt 0.912100 -0.469476
vt 0.315420 -0.285471
vt 0.606409 -0.181107
vt 0.916358 -0.404283
vt 0.838838 -0.336468
vt 0.828826 -0.330950
vt 0.848384 -0.200785
vt 0.969046 -0.163514
vt 0.920374 -0.491341
vt 0.845939 -0.336468
vt 0.595866 -0.173206
vt 0.595949 -0.173206
vt 0.838497 -0.189361
vt 0.843147 -0.189361
vt 0.387468 -0.359176
vt 0.361024 -0.360464
vt 0.362226 -0.466261
vt 0.362247 -0.466261
vt 0.387489 -0.359176
vt 0.636708 -0.283250
vt 0.631740 -0.339147
vt 0.631823 -0.339147
vt 0.631740 -0.227353
vt 0.831738 -0.336468
vt 0.823775 -0.059665
vt 0.925700 -0.490923
vt 0.931260 -0.491341
vt 0.925614 -0.496271
vt 0.822674 -0.330340
vt 0.922228 -0.496271
vt 0.920586 -0.386971
vt 0.833847 -0.189361
vt 0.917874 -0.387388
vt 0.850328 -0.336468
vt 0.912100 -0.404700
vt 0.771920 -0.011107
vt 0.926370 -0.377905
vt 0.931260 -0.387388
vt 0.822674 -0.201147
vt 0.838263 -0.337124
vt 0.924242 -0.377905
vt -1.999997 119.000023
vt 0.846021 -0.189361
vt 0.910500 -0.436671
vt 0.854320 -0.330340
vt 0.925700 -0.386971
vt 0.831162 -0.337124
vt 0.854320 -0.201147
vt 0.929682 -0.496271
vt 0.750638 -0.028292
vt 0.912313 -0.469059
vt 0.839282 -0.344420
vt 0.838605 -0.188911
vt 0.827349 -0.336468
vt 0.833955 -0.188911
vt 0.920586 -0.490923
vt 0.389418 -0.465789
vt 0.389440 -0.465789
vt 0.830973 -0.189361
vt 0.935488 -0.491341
vt 0.920459 -0.496271
vt 0.791858 -0.011107
vt 0.928999 -0.377905
vt 0.845364 -0.337124
vt 0.838497 -0.183672
vt 0.917874 -0.491341
vt 0.935488 -0.387388
vt 0.864099 -0.303166
vt 0.866922 -0.263044
vt 0.809349 -0.262914
vt 0.812895 -0.303166
vt 0.812895 -0.222663
vt 0.866923 -0.263044
vt 0.864099 -0.222663
vt 0.356750 -0.583979
vt 0.384071 -0.583377
vt 0.384092 -0.583377
vt 0.356771 -0.583979
vt 0.922961 -0.377905
vt 0.940814 -0.404283
vt 0.933973 -0.404283
vt 0.931473 -0.386971
vt 0.926814 -0.502670
vt 0.925827 -0.495854
vt 0.931473 -0.490923
vt 0.935701 -0.490923
vt 0.933973 -0.469059
vt 0.854428 -0.330950
vt 0.922440 -0.495854
vt 0.843255 -0.188911
vt 0.826774 -0.337124
vt 0.918086 -0.386971
vt 0.932876 -0.496271
vt 0.912313 -0.404283
vt 0.380437 -0.283033
vt 0.926582 -0.377488
vt 0.924454 -0.377488
vt 0.854428 -0.200785
vt 0.927215 -0.373327
vt 0.940814 -0.469059
vt 0.931125 -0.377905
vt 0.778761 -0.002811
vt 0.831081 -0.188911
vt 0.929894 -0.495854
vt 0.822782 -0.330950
vt 0.765290 -0.011107
vt 0.822782 -0.200785
vt 0.944848 -0.437088
vt 0.942428 -0.437088
vt 0.940601 -0.469476
vt 0.942329 -0.404700
vt 0.940601 -0.404700
vt 0.727113 -0.118357
vt 0.733373 -0.177049
vt 0.733373 -0.059665
vt 0.936556 -0.491341
vt 0.837820 -0.345136
vt 0.348041 -0.690534
vt 0.348062 -0.690534
vt 0.849752 -0.337124
vt 0.920672 -0.495854
vt 0.935701 -0.386971
vt 0.929212 -0.377488
vt 0.918086 -0.490923
vt 0.755481 -0.216672
vt 0.750638 -0.216672
vt 0.936556 -0.387388
vt 0.923173 -0.377488
vt 0.846129 -0.188911
vt 0.933977 -0.496271
vt 0.931936 -0.377905
vt 0.927026 -0.502253
vt 0.838605 -0.183179
vt 0.799461 -0.225607
vt 0.806510 -0.216672
vt 0.809457 -0.263017
vt 0.813003 -0.303572
vt 0.813003 -0.222463
vt 0.864207 -0.303572
vt 0.867007 -0.263134
vt 0.864207 -0.222463
vt 0.933088 -0.495854
vt 0.312144 -0.257764
vt 0.942329 -0.469476
vt 0.927427 -0.372910
vt 0.758893 -0.225607
vt 0.930655 -0.377905
vt 0.931338 -0.377488
vt 0.403688 -0.465228
vt 0.403709 -0.465228
vt 0.942640 -0.436671
vt 0.945061 -0.436671
vt 0.942542 -0.404283
vt 0.932209 -0.496271
vt 0.936768 -0.490923
vt 0.374833 -0.689630
vt 0.374854 -0.689630
vt 0.823775 -0.177049
vt 0.392899 -0.278263
vt 0.380415 -0.283033
vt 0.392920 -0.278263
vt 0.830034 -0.118357
vt 2.000003 119.000015
vt 2.000002 119.000015
vt 0.936768 -0.386971
vt 0.934056 -0.387388
vt 0.934190 -0.495854
vt 0.932149 -0.377488
vt 0.934056 -0.491341
vt 0.370478 -0.256855
vt 0.985525 -0.163514
vt 0.942542 -0.469059
vt 0.986899 -0.163514
vt 0.401089 -0.357536
vt 0.401111 -0.357536
vt 0.930868 -0.377488
vt 0.932421 -0.495854
vt 0.938284 -0.404700
vt 0.393011 -0.132852
vt 0.432054 -0.132852
vt 0.438108 -0.239995
vt 0.438080 -0.239995
vt 0.432026 -0.132852
vt 0.392983 -0.132852
vt 0.940097 -0.437088
vt 0.934268 -0.386971
vt 0.934268 -0.490923
vt 0.938284 -0.469476
vt 0.390823 -0.688726
vt 0.390844 -0.688726
vt 0.349239 -0.257928
vt 0.399310 -0.582774
vt 0.399331 -0.582774
vt 0.267122 -0.257374
vt 0.938496 -0.404283
vt 0.365113 -0.762238
vt 0.365134 -0.762238
vt 0.940309 -0.436671
vt 0.938496 -0.469059
vt 0.353903 -0.827570
vt 0.368915 -0.827420
vt 0.368936 -0.827420
vt 0.353924 -0.827570
vt 0.413064 -0.355999
vt 0.413085 -0.355999
vt 0.381093 -0.761635
vt 0.381114 -0.761635
vt 0.400001 -0.239995
vt 0.399973 -0.239995
vt 0.995710 -0.163514
vt 0.997932 -0.163514
vt 0.411975 -0.582573
vt 0.411996 -0.582573
vt 0.404497 -0.269027
vt 0.404518 -0.269027
vt 0.415991 -0.464794
vt 0.416013 -0.464794
vt 0.394005 -0.761434
vt 0.394026 -0.761434
vt 0.403738 -0.688425
vt 0.403759 -0.688425
vt 0.381504 -0.827370
vt 0.381524 -0.827370
vt 0.049828 -0.260243
vt 0.024527 -0.270457
vt 0.011098 -0.357288
vt 0.011008 -0.357288
vt 0.024437 -0.270457
vt 0.049738 -0.260243
vt 0.044753 -0.218228
vt 0.044663 -0.218228
vt 0.006509 -0.465907
vt 0.031987 -0.465479
vt 0.031897 -0.465479
vt 0.006420 -0.465907
vt 0.012805 -0.583496
vt 0.012716 -0.583496
vt 0.025716 -0.689176
vt 0.051407 -0.689548
vt 0.051318 -0.689548
vt 0.025626 -0.689176
vt 0.085536 -0.827477
vt 0.060479 -0.827896
vt 0.040883 -0.762067
vt 0.040972 -0.762067
vt 0.060568 -0.827896
vt 0.085625 -0.827477
vt 0.036535 -0.355093
vt 0.036446 -0.355093
vt 0.051756 -0.188353
vt 0.051846 -0.188353
vt 0.066189 -0.762268
vt 0.066278 -0.762268
vt 0.039156 -0.583981
vt 0.039245 -0.583981
vt 0.090746 -0.175505
vt 0.090836 -0.175504
vt 0.081220 -0.762869
vt 0.081310 -0.762869
vt 0.141480 -0.043358
vt 0.126973 -0.070792
vt 0.128756 -0.076406
vt 0.128846 -0.076406
vt 0.127063 -0.070792
vt 0.141570 -0.043358
vt 0.061178 -0.351471
vt 0.061268 -0.351471
vt 0.101033 -0.826221
vt 0.101122 -0.826221
vt 0.856006 -0.263432
vt 0.853746 -0.298299
vt 0.859890 -0.298299
vt 0.853746 -0.228565
vt 0.863103 -0.263432
vt 0.851598 -0.209927
vt 0.847805 -0.209927
vt 0.847805 -0.321838
vt 0.056049 -0.585437
vt 0.056138 -0.585437
vt 0.066612 -0.690664
vt 0.066702 -0.690664
vt 0.845031 -0.327146
vt 0.847721 -0.327146
vt 0.844696 -0.199718
vt 0.842835 -0.199718
vt 0.074073 -0.252504
vt 0.074163 -0.252504
vt 0.859890 -0.228565
vt 0.851598 -0.321838
vt 0.856007 -0.263539
vt 0.853747 -0.228672
vt 0.859891 -0.228672
vt 0.837692 -0.334035
vt 0.853747 -0.298406
vt 0.863104 -0.263539
vt 0.838192 -0.194790
vt 0.851599 -0.321945
vt 0.847806 -0.321945
vt 0.847806 -0.210034
vt 0.828580 -0.321838
vt 0.824764 -0.321838
vt 0.816472 -0.298299
vt 0.120985 -0.818401
vt 0.120986 -0.818401
vt 0.833728 -0.199718
vt 0.831892 -0.199718
vt 0.828260 -0.327146
vt 0.831054 -0.327146
vt 0.828580 -0.209927
vt 0.824764 -0.209927
vt 0.989174 -0.565191
vt 0.977154 -0.565191
vt 0.975626 -0.599593
vt 0.975867 -0.599593
vt 0.977396 -0.565191
vt 0.989415 -0.565191
vt 0.841741 -0.199718
vt 0.813601 -0.263432
vt 0.816472 -0.228565
vt 0.822639 -0.228565
vt 0.985859 -0.530789
vt 0.975625 -0.530789
vt 0.975867 -0.530789
vt 0.986101 -0.530789
vt 0.845467 -0.327253
vt 0.843341 -0.327146
vt 0.851599 -0.210034
vt 0.842835 -0.199825
vt 0.859891 -0.298406
vt 0.835811 -0.199718
vt 0.820647 -0.263432
vt 0.838872 -0.199718
vt 0.049989 -0.457201
vt 0.050079 -0.457201
vt 0.845674 -0.209927
vt 0.848275 -0.327253
vt 0.838693 -0.334142
vt 0.834287 -0.327146
vt 0.985859 -0.599593
vt 0.986101 -0.599593
vt 0.838980 -0.327146
vt 0.822639 -0.298299
vt 0.844697 -0.199825
vt 0.838193 -0.194897
vt 0.845674 -0.321838
vt 0.850298 -0.298299
vt 0.973363 -0.512400
vt 0.973605 -0.512400
vt 0.833729 -0.199825
vt 0.831893 -0.199825
vt 0.824765 -0.210034
vt 0.828580 -0.210034
vt 0.816472 -0.228672
vt 0.824765 -0.321945
vt 0.828814 -0.327253
vt 0.831490 -0.327253
vt 0.106657 -0.763482
vt 0.106658 -0.763482
vt 0.091572 -0.703432
vt 0.091574 -0.703432
vt 0.833204 -0.209927
vt 0.841742 -0.199825
vt 0.851964 -0.263432
vt 0.979688 -0.622818
vt 0.979929 -0.622818
vt 0.813601 -0.263539
vt 0.816472 -0.298406
vt 0.822639 -0.298406
vt 0.843778 -0.327253
vt 0.833204 -0.321838
vt 0.839733 -0.209927
vt 0.973363 -0.622818
vt 0.973605 -0.622818
vt 0.850298 -0.228565
vt 0.835812 -0.199825
vt 0.820648 -0.263539
vt 0.838872 -0.199825
vt 0.828580 -0.321945
vt 0.845674 -0.321945
vt 0.845674 -0.210034
vt 0.839733 -0.321838
vt 0.834723 -0.327253
vt 0.839417 -0.327253
vt 0.979688 -0.512400
vt 0.979930 -0.512400
vt 0.822639 -0.228672
vt 0.992652 -0.565191
vt 0.992894 -0.565191
vt 0.989922 -0.530789
vt 0.990163 -0.530789
vt 0.850298 -0.228672
vt 0.172648 -0.858925
vt 0.141995 -0.859815
vt 0.141996 -0.859815
vt 0.172649 -0.858925
vt 0.830120 -0.228565
vt 0.176840 -0.889813
vt 0.186647 -0.907399
vt 0.199086 -0.898880
vt 0.199085 -0.898880
vt 0.186646 -0.907399
vt 0.176839 -0.889813
vt 0.215751 -0.924255
vt 0.215752 -0.924255
vt 0.244911 -0.919104
vt 0.244911 -0.928905
vt 0.244912 -0.928905
vt 0.244912 -0.919104
vt 0.973018 -0.628055
vt 0.973259 -0.628055
vt 0.839734 -0.210034
vt 0.833204 -0.210034
vt 0.088063 -0.247646
vt 0.088064 -0.247646
vt 0.850298 -0.298406
vt 0.971918 -0.502327
vt 0.972159 -0.502327
vt 0.830120 -0.298299
vt 0.840685 -0.298299
vt 0.982199 -0.622818
vt 0.982440 -0.622818
vt 0.219308 -0.914135
vt 0.219307 -0.914135
vt 0.833204 -0.321945
vt 0.839734 -0.321945
vt 0.977492 -0.628055
vt 0.977733 -0.628055
vt 0.840685 -0.228565
vt 0.828992 -0.263432
vt 0.989922 -0.599593
vt 0.990163 -0.599593
vt 0.185959 -0.884898
vt 0.185958 -0.884898
vt 0.066878 -0.452984
vt 0.066880 -0.452984
vt 0.079691 -0.587953
vt 0.079692 -0.587953
vt 0.975159 -0.502327
vt 0.975400 -0.502327
vt 0.830121 -0.298406
vt 0.840954 -0.263432
vt 0.970042 -0.634852
vt 0.970283 -0.634852
vt 0.222954 -0.905130
vt 0.982199 -0.512400
vt 0.982440 -0.512400
vt 0.830121 -0.228672
vt 0.840686 -0.228672
vt 0.160415 -0.816674
vt 0.160416 -0.816674
vt 0.978490 -0.628055
vt 0.978731 -0.628055
vt 0.103133 -0.172276
vt 0.103135 -0.172276
vt 0.244911 -0.910260
vt 0.969703 -0.497464
vt 0.969944 -0.497464
vt 0.840686 -0.298406
vt 0.194030 -0.879707
vt 0.194031 -0.879707
vt 0.828993 -0.263539
vt 0.975585 -0.502327
vt 0.975827 -0.502327
vt 0.206320 -0.892934
vt 0.206318 -0.892934
vt 0.851964 -0.263539
vt 0.840954 -0.263539
vt 0.075338 -0.348234
vt 0.075340 -0.348234
vt 0.244911 -0.901980
vt 0.222955 -0.905130
vt 0.244912 -0.910260
vt 0.244912 -0.901980
vt 0.979937 -0.622818
vt 0.980178 -0.622818
vt 0.976532 -0.628055
vt 0.976773 -0.628055
vt 0.986262 -0.530789
vt 0.974217 -0.502327
vt 0.974458 -0.502327
vt 0.988047 -0.565191
vt 0.988289 -0.565191
vt 0.979937 -0.512400
vt 0.980178 -0.512400
vt 0.215199 -0.887208
vt 0.215200 -0.887208
vt 0.229270 -0.898406
vt 0.229271 -0.898406
vt 0.971575 -0.502327
vt 0.971817 -0.502327
vt 0.192317 -0.857289
vt 0.883827 -0.312281
vt 0.892260 -0.344517
vt 0.918654 -0.351786
vt 0.930151 -0.351786
vt 0.934183 -0.344517
vt 0.895703 -0.351786
vt 0.972366 -0.628055
vt 0.972608 -0.628055
vt 0.986262 -0.599593
vt 0.986503 -0.599593
vt 0.968670 -0.502327
vt 0.965429 -0.502327
vt 0.965670 -0.502327
vt 0.968912 -0.502327
vt 0.905228 -0.361220
vt 0.201540 -0.871908
vt 0.233994 -0.894103
vt 0.233995 -0.894103
vt 0.184177 -0.815189
vt 0.922686 -0.344517
vt 0.963110 -0.628055
vt 0.967584 -0.628055
vt 0.967825 -0.628055
vt 0.963352 -0.628055
vt 0.244911 -0.895337
vt 0.244912 -0.895337
vt 0.946501 -0.264223
vt 0.949559 -0.312572
vt 0.985283 -0.344388
vt 0.993716 -0.312572
vt 0.957992 -0.191830
vt 0.949559 -0.216743
vt 0.996773 -0.264223
vt 0.993716 -0.216743
vt 0.973766 -0.512400
vt 0.974007 -0.512400
vt 0.225554 -0.880368
vt 0.225555 -0.880368
vt 0.911734 -0.351786
vt 0.899487 -0.351786
vt 0.973766 -0.622818
vt 0.974007 -0.622818
vt 0.936030 -0.403268
vt 0.937641 -0.436349
vt 0.946936 -0.436349
vt 0.959718 -0.512400
vt 0.959959 -0.512400
vt 0.936030 -0.469430
vt 0.944414 -0.469430
vt 0.957992 -0.344388
vt 0.985283 -0.191830
vt 0.880769 -0.264533
vt 0.962024 -0.353134
vt 0.965149 -0.178182
vt 0.981840 -0.353134
vt 0.978126 -0.178182
vt 0.210822 -0.855054
vt 0.210823 -0.855054
vt 0.201541 -0.871908
vt 0.905611 -0.351786
vt 0.146607 -0.763718
vt 0.966043 -0.512400
vt 0.966284 -0.512400
vt 0.972314 -0.364485
vt 0.959718 -0.622818
vt 0.959959 -0.622818
vt 0.971637 -0.171595
vt 0.125999 -0.171262
vt 0.126001 -0.171261
vt 0.932585 -0.491763
vt 0.944414 -0.403268
vt 0.897472 -0.344517
vt 0.883827 -0.216784
vt 0.192318 -0.857289
vt 0.938973 -0.385585
vt 0.932585 -0.385585
vt 0.966043 -0.622818
vt 0.966284 -0.622818
vt 0.975647 -0.178182
vt 0.967627 -0.178182
vt 0.914339 -0.344517
vt 0.105569 -0.347194
vt 0.105570 -0.347194
vt 0.976277 -0.530789
vt 0.978055 -0.353134
vt 0.965808 -0.353134
vt 0.971637 -0.178182
vt 0.938973 -0.491763
vt 0.892260 -0.191260
vt 0.905905 -0.344517
vt 0.931163 -0.496799
vt 0.936607 -0.496799
vt 0.953547 -0.530789
vt 0.953788 -0.530789
vt 0.971932 -0.353134
vt 0.173151 -0.117290
vt 0.143461 -0.117226
vt 0.154556 -0.086930
vt 0.175308 -0.763748
vt 0.976277 -0.599593
vt 0.976518 -0.599593
vt 0.934717 -0.375899
vt 0.980071 -0.191830
vt 0.182254 -0.086992
vt 0.929903 -0.375899
vt 0.980071 -0.344388
vt 0.977117 -0.565191
vt 0.963204 -0.191830
vt 0.934183 -0.191260
vt 0.927026 -0.177279
vt 0.915529 -0.177279
vt 0.941037 -0.469430
vt 0.899417 -0.177279
vt 0.942944 -0.436349
vt 0.963204 -0.344388
vt 0.963781 -0.599593
vt 0.964022 -0.599593
vt 0.935680 -0.385585
vt 0.203602 -0.813968
vt 0.926654 -0.503335
vt 0.971637 -0.191830
vt 0.922686 -0.191260
vt 0.963781 -0.530789
vt 0.953547 -0.599593
vt 0.953788 -0.599593
vt 0.905905 -0.170530
vt 0.892260 -0.312281
vt 0.932929 -0.496799
vt 0.114834 -0.246077
vt 0.114832 -0.246077
vt 0.600541 -0.988933
vt 0.609020 -0.988933
vt 0.622431 -0.979657
vt 0.581337 -0.994807
vt 0.562136 -0.988933
vt 0.553654 -0.988933
vt 0.931102 -0.375899
vt 0.927011 -0.371223
vt 0.957992 -0.312572
vt 0.985283 -0.216743
vt 0.941037 -0.403268
vt 0.964022 -0.530789
vt 0.971637 -0.344388
vt 0.935680 -0.491763
vt 0.612411 -0.979657
vt 0.629179 -0.962724
vt 0.550269 -0.979657
vt 0.540243 -0.979657
vt 0.909915 -0.177279
vt 0.901895 -0.177279
vt 0.100367 -0.448983
vt 0.100369 -0.448983
vt 0.542636 -0.962724
vt 0.533495 -0.962724
vt 0.529836 -0.899566
vt 0.609227 -0.534388
vt 0.600387 -0.528822
vt 0.595534 -0.528822
vt 0.196562 -0.763743
vt 0.620147 -0.543665
vt 0.601544 -0.534388
vt 0.905905 -0.312281
vt 0.985283 -0.312572
vt 0.957992 -0.216743
vt 0.952018 -0.565191
vt 0.952259 -0.565191
vt 0.905905 -0.177279
vt 0.987172 -0.264223
vt 0.956102 -0.264223
vt 0.929315 -0.375899
vt 0.633204 -0.557567
vt 0.608969 -0.543665
vt 0.930266 -0.496799
vt 0.964037 -0.565191
vt 0.964279 -0.565191
vt 0.585225 -0.523695
vt 0.897472 -0.191260
vt 0.924721 -0.375899
vt 0.923067 -0.375899
vt 0.588675 -0.988933
vt 0.574005 -0.988933
vt 0.926877 -0.375899
vt 0.931119 -0.216784
vt 0.914339 -0.191260
vt 0.919551 -0.312281
vt 0.570062 -0.528822
vt 0.574917 -0.528822
vt 0.920724 -0.496799
vt 0.923008 -0.496799
vt 0.932235 -0.385585
vt 0.926477 -0.496799
vt 0.892260 -0.216784
vt 0.932235 -0.491763
vt 0.971637 -0.312572
vt 0.971637 -0.216743
vt 0.630413 -0.810993
vt 0.647595 -0.775575
vt 0.627631 -0.775575
vt 0.561223 -0.534388
vt 0.568909 -0.534388
vt 0.905905 -0.191260
vt 0.530875 -0.821499
vt 0.539676 -0.899566
vt 0.620046 -0.962724
vt 0.610081 -0.821957
vt 0.621783 -0.821957
vt 0.921436 -0.385585
vt 0.918208 -0.385585
vt 0.602420 -0.831234
vt 0.610515 -0.831234
vt 0.918208 -0.491763
vt 0.921436 -0.491763
vt 0.161524 -0.171316
vt 0.550302 -0.543665
vt 0.561485 -0.543665
vt 0.926794 -0.385585
vt 0.919551 -0.216784
vt 0.537303 -0.732680
vt 0.514730 -0.732680
vt 0.522854 -0.775575
vt 0.912768 -0.469430
vt 0.153730 -0.588805
vt 0.107999 -0.588798
vt 0.517986 -0.635880
vt 0.537246 -0.557567
vt 0.552609 -0.557567
vt 0.585225 -0.840906
vt 0.568033 -0.831234
vt 0.559934 -0.831234
vt 0.926794 -0.491763
vt 0.921440 -0.264533
vt 0.542826 -0.775575
vt 0.540036 -0.810993
vt 0.917991 -0.403268
vt 0.912768 -0.403268
vt 0.589164 -0.528822
vt 0.581289 -0.528822
vt 0.560373 -0.821957
vt 0.548666 -0.821957
vt 0.539517 -0.635880
vt 0.569474 -0.979657
vt 0.150402 -0.588850
vt 0.153698 -0.246123
vt 0.905905 -0.264533
vt 0.554506 -0.810993
vt 0.890370 -0.264533
vt 0.593210 -0.979657
vt 0.917992 -0.469430
vt 0.911157 -0.436349
vt 0.153696 -0.246123
vt 0.161526 -0.171316
vt 0.917292 -0.436349
vt 0.617846 -0.557567
vt 0.926660 -0.403268
vt 0.939110 -0.302827
vt 0.946340 -0.302827
vt 0.941068 -0.326714
vt 0.905905 -0.216784
vt 0.924636 -0.172719
vt 0.919649 -0.172719
vt 0.909778 -0.168021
vt 0.151489 -0.449005
vt 0.917366 -0.365602
vt 0.921660 -0.365602
vt 0.909210 -0.370334
vt 0.179368 -0.588825
vt 0.189121 -0.707781
vt 0.164412 -0.707818
vt 0.566559 -0.962724
vt 0.926660 -0.469430
vt 0.934599 -0.193599
vt 0.929204 -0.193599
vt 0.591794 -0.831234
vt 0.578660 -0.831234
vt 0.925610 -0.351675
vt 0.930513 -0.351675
vt 0.540516 -0.821499
vt 0.615948 -0.810993
vt 0.901605 -0.365602
vt 0.903473 -0.365602
vt 0.149652 -0.347232
vt 0.596127 -0.962724
vt 0.533827 -0.758341
vt 0.578994 -0.534388
vt 0.914386 -0.365602
vt 0.623006 -0.899566
vt 0.597258 -0.899566
vt 0.901454 -0.172719
vt 0.898585 -0.172719
vt 0.244910 -0.707739
vt 0.891663 -0.351675
vt 0.926576 -0.436349
vt 0.914549 -0.172719
vt 0.910251 -0.365602
vt 0.887577 -0.193599
vt 0.934505 -0.326714
vt 0.591460 -0.534388
vt 0.178103 -0.449077
vt 0.631799 -0.821499
vt 0.628847 -0.758341
vt 0.619777 -0.758341
vt 0.907676 -0.172719
vt 0.244957 -0.588816
vt 0.622166 -0.821499
vt 0.576159 -0.543665
vt 0.896305 -0.351675
vt 0.149654 -0.347232
vt 0.180029 -0.347226
vt 0.918873 -0.351675
vt 0.575735 -0.821957
vt 0.881108 -0.326714
vt 0.888121 -0.326714
vt 0.889331 -0.206371
vt 0.882559 -0.206371
vt 0.893288 -0.193599
vt 0.542904 -0.758341
vt 0.594297 -0.543665
vt 0.183188 -0.246108
vt 0.920602 -0.193599
vt 0.909266 -0.351675
vt 0.594722 -0.821957
vt 0.875836 -0.302827
vt 0.884196 -0.302827
vt 0.178104 -0.449077
vt 0.244912 -0.449078
vt 0.244912 -0.246086
vt 0.244912 -0.347212
vt 0.572771 -0.557567
vt 0.933367 -0.206371
vt 0.922319 -0.206371
vt 0.573495 -0.810993
vt 0.596024 -0.758341
vt 0.597689 -0.557567
vt 0.596937 -0.821499
vt 0.596964 -0.810993
vt 0.907086 -0.206371
vt 0.925030 -0.242447
vt 0.905500 -0.302827
vt 0.924888 -0.302827
vt 0.922709 -0.326714
vt 0.906579 -0.326714
vt 0.905316 -0.242447
vt 0.601427 -0.775575
vt 0.569035 -0.775575
vt 0.906269 -0.874738
vt 0.906269 -0.838755
vt 0.965220 -0.856747
vt 0.910397 -0.838755
vt 0.969348 -0.856747
vt 0.910397 -0.874738
vt 0.965220 -0.892730
vt 2.000009 159.000015
vt 0.969348 -0.892730
vt 0.982743 -0.859013
vt 0.972170 -0.859013
vt 0.972170 -0.909788
vt 0.980832 -0.817935
vt 0.974298 -0.817935
vt 0.981184 -0.950867
vt 0.974649 -0.950867
vt 0.972738 -0.909788
vt 0.983311 -0.909788
vt 0.972738 -0.859013
vt 0.982743 -0.909788
vt 0.974298 -0.950867
vt 0.983311 -0.859013
vt 0.974649 -0.817935
vt 0.977741 -0.802244
vt 0.980832 -0.950867
vt 0.977741 -0.966557
vt 0.981184 -0.817935
s 1
usemtl AMLights01Material
f 1106/1/1 1108/2/2 1107/3/2
f 273/4/3 271/5/4 269/6/5
f 269/6/5 274/7/3 273/4/3
f 1107/3/2 1104/8/6 1106/1/1
f 132/9/7 134/4/8 133/7/8
f 1105/10/9 1106/1/1 1104/8/6
f 270/11/10 269/6/5 271/5/4
f 271/5/4 272/12/11 270/11/10
f 940/13/12 941/14/13 938/15/14
f 139/16/15 140/17/16 137/18/17
f 1111/19/18 1112/20/19 1109/14/20
f 277/17/21 278/21/22 275/22/23
f 133/7/8 128/23/24 132/9/7
f 1104/8/6 1103/24/25 1105/10/9
f 1103/24/25 1104/8/6 1101/25/26
f 942/26/27 943/27/28 944/28/29
f 1109/14/20 1110/13/30 1111/19/18
f 275/22/23 276/18/31 277/17/21
f 938/15/14 939/29/32 940/13/12
f 137/18/17 138/30/33 139/16/15
f 269/6/5 270/11/10 267/31/34
f 132/9/7 128/23/24 131/32/35
f 267/31/34 268/33/36 269/6/5
f 131/32/35 136/34/37 132/9/7
f 936/35/38 937/36/39 934/37/40
f 944/28/29 945/38/41 942/26/27
f 1101/25/26 1102/39/42 1103/24/25
f 946/40/43 942/26/27 945/38/41
f 128/23/24 129/41/44 130/42/45
f 130/42/45 131/32/35 128/23/24
f 934/37/40 935/43/46 936/35/38
f 945/38/41 947/44/47 946/40/43
f 945/38/41 944/28/29 948/45/48
f 136/34/37 131/32/35 135/46/49
f 785/47/50 786/48/50 784/49/51
f 1680/50/52 1681/51/52 1679/49/53
f 1678/52/53 1679/49/53 1676/48/54
f 559/53/55 560/54/55 557/48/56
f 783/52/51 784/49/51 781/51/57
f 1402/47/58 1403/48/58 1400/54/59
f 1681/51/52 1680/50/52 1682/55/60
f 1099/56/61 1100/56/61 1097/57/61
f 1097/57/61 1098/57/61 1099/56/61
f 1399/53/59 1400/54/59 1401/58/62
f 560/54/55 559/53/55 561/58/63
f 780/50/57 781/51/57 782/55/64
f 557/48/56 558/47/56 559/53/55
f 1679/49/53 1678/52/53 1680/50/52
f 947/44/47 945/38/41 948/45/48
f 131/32/35 130/42/45 135/46/49
f 551/42/65 554/42/66 555/41/67
f 1400/54/59 1399/53/59 1402/47/58
f 784/49/51 783/52/51 785/47/50
f 1676/48/54 1677/47/54 1678/52/53
f 781/51/57 780/50/57 783/52/51
f 201/59/68 200/60/69 209/61/70
f 1392/62/71 1393/40/72 1394/44/73
f 925/63/74 926/64/75 921/65/76
f 555/41/67 556/66/77 551/42/65
f 1088/67/78 1089/68/79 1086/64/80
f 207/69/81 208/70/82 200/60/69
f 209/61/70 206/71/83 201/59/68
f 254/72/84 255/64/85 252/68/86
f 554/42/66 551/42/65 553/46/87
f 1395/44/88 1394/44/73 1398/45/89
f 1084/73/90 1085/74/91 1082/75/92
f 1086/64/80 1087/63/93 1088/67/78
f 1653/76/94 1654/77/94 1652/77/94
f 1641/76/94 1642/77/94 1640/77/94
f 1394/44/73 1395/44/88 1392/62/71
f 258/74/95 259/73/96 256/78/97
f 102/79/98 105/65/99 106/64/100
f 256/78/97 257/80/101 258/74/95
f 1652/77/94 1651/76/94 1653/76/94
f 1640/77/94 1639/76/94 1641/76/94
f 921/65/76 924/81/102 925/63/74
f 1397/28/103 1395/44/88 1398/45/89
f 551/42/65 552/34/104 553/46/87
f 1082/75/92 1083/82/105 1084/73/90
f 1395/44/88 1397/28/103 1396/27/106
f 1386/34/107 1387/42/108 1384/66/109
f 1396/27/106 1392/62/71 1395/44/88
f 1384/66/109 1385/9/110 1386/34/107
f 106/64/100 107/72/111 102/79/98
f 256/78/97 259/73/96 260/83/112
f 1383/4/113 1385/9/110 1384/66/109
f 549/84/114 550/62/115 547/27/116
f 1674/85/117 1675/86/118 1672/12/119
f 119/87/120 120/88/120 121/89/121
f 1670/1/122 1671/10/123 1668/90/124
f 1651/76/94 1652/77/94 1650/91/94
f 1639/76/94 1640/77/94 1638/91/94
f 252/68/86 253/92/125 254/72/84
f 547/27/116 548/2/126 549/84/114
f 1384/66/109 1380/93/127 1383/4/113
f 1654/77/94 1653/76/94 1655/94/94
f 1642/77/94 1641/76/94 1643/94/94
f 1090/95/128 1089/68/79 1088/67/78
f 1672/12/119 1673/5/129 1674/85/117
f 1668/90/124 1669/96/130 1670/1/122
f 121/89/121 122/97/131 119/87/120
f 1390/96/132 1391/84/133 1388/2/134
f 1382/5/135 1383/4/113 1380/93/127
f 1388/2/134 1389/1/136 1390/96/132
f 927/98/137 928/99/138 929/100/139
f 1380/93/127 1381/85/140 1382/5/135
f 923/101/141 924/81/102 921/65/76
f 200/60/69 198/102/142 207/69/81
f 104/103/143 105/65/99 102/79/98
f 260/83/112 261/104/144 256/78/97
f 200/60/69 201/59/68 199/105/145
f 1643/94/94 1644/91/94 1642/77/94
f 1655/94/94 1656/91/94 1654/77/94
f 1075/106/146 1076/107/147 1077/108/148
f 921/65/76 922/103/141 923/101/141
f 203/109/149 201/59/68 206/71/83
f 108/110/150 109/111/151 110/112/152
f 929/100/139 930/113/153 927/98/137
f 1650/91/94 1649/94/94 1651/76/94
f 1638/91/94 1637/94/94 1639/76/94
f 123/114/154 122/97/131 121/89/121
f 199/105/145 198/102/142 200/60/69
f 1369/115/54 1370/116/54 1367/117/54
f 1042/57/155 1043/57/155 1040/118/155
f 1365/56/156 1366/56/156 1363/119/156
f 769/119/50 770/56/50 767/57/50
f 910/120/157 911/121/158 912/122/159
f 906/123/160 905/124/161 909/97/162
f 888/111/163 887/110/164 886/125/165
f 243/111/166 244/126/167 241/127/168
f 261/104/144 260/83/112 262/128/169
f 77/129/170 78/122/171 79/121/172
f 1066/130/173 1067/131/174 1064/121/175
f 909/97/162 908/114/176 906/123/160
f 1061/83/177 1057/132/178 1060/133/179
f 886/125/165 889/134/180 888/111/163
f 241/127/168 242/112/181 243/111/166
f 79/121/172 80/135/182 77/129/170
f 1064/121/175 1065/120/183 1066/130/173
f 121/89/121 124/136/184 123/114/154
f 1088/67/78 1091/137/185 1090/95/128
f 912/122/159 913/138/186 910/120/157
f 228/139/187 229/140/188 230/141/189
f 110/112/152 111/142/190 108/110/150
f 1060/133/179 1062/128/191 1061/83/177
f 206/71/83 205/143/192 203/109/149
f 99/144/193 97/145/194 100/146/195
f 931/147/196 927/98/137 930/113/153
f 124/136/184 121/89/121 127/148/197
f 262/128/169 263/149/198 261/104/144
f 86/150/199 88/151/200 87/140/201
f 905/124/161 906/123/160 903/152/202
f 87/140/201 83/139/203 86/150/199
f 102/79/98 103/153/204 104/103/143
f 264/154/205 261/104/144 263/149/198
f 76/155/206 78/122/171 77/129/170
f 1068/156/207 1067/131/174 1066/130/173
f 1059/157/208 1060/133/179 1057/132/178
f 1077/108/148 1078/158/209 1075/106/146
f 903/152/202 904/159/210 905/124/161
f 1057/132/178 1058/160/211 1059/157/208
f 230/141/189 231/161/212 228/139/187
f 914/162/213 913/138/186 912/122/159
f 212/163/214 218/164/70 217/131/70
f 906/123/160 908/114/176 907/165/215
f 123/114/154 124/136/184 125/165/216
f 1078/158/209 1077/108/148 1081/166/217
f 100/146/195 101/167/218 99/144/193
f 886/125/165 887/110/164 885/168/219
f 241/127/168 244/126/167 245/169/220
f 127/148/197 126/170/221 124/136/184
f 998/171/222 999/172/223 994/173/224
f 201/59/68 203/109/149 202/174/225
f 912/122/159 915/155/226 914/162/213
f 217/131/70 216/156/227 212/163/214
f 96/175/228 97/145/194 98/176/229
f 930/113/153 929/100/139 933/177/230
f 263/149/198 265/178/231 264/154/205
f 202/174/225 199/105/145 201/59/68
f 108/110/150 111/142/190 112/179/232
f 1036/126/233 1037/180/233 1031/181/234
f 1062/128/191 1060/133/179 1063/182/235
f 263/149/198 262/128/169 266/182/236
f 903/152/202 906/123/160 907/165/215
f 124/136/184 126/170/221 125/165/216
f 930/113/153 932/183/237 931/147/196
f 89/184/238 88/151/200 86/150/199
f 1373/185/239 1374/186/240 1371/186/241
f 543/187/242 546/188/243 545/188/243
f 1664/189/244 1667/185/245 1666/185/245
f 773/188/246 774/190/247 771/190/248
f 77/129/170 72/191/249 76/155/206
f 1066/130/173 1069/192/250 1068/156/207
f 1060/133/179 1059/157/208 1063/182/235
f 265/178/231 263/149/198 266/182/236
f 1044/193/251 1045/194/252 1046/195/253
f 235/196/254 231/161/212 230/141/189
f 541/148/255 542/148/256 543/187/242
f 1663/160/257 1662/160/258 1664/189/244
f 175/197/259 179/198/260 180/171/261
f 1660/157/262 1659/157/263 1662/160/258
f 112/179/232 113/168/264 108/110/150
f 1031/181/234 1035/169/265 1036/126/233
f 1375/159/266 1378/152/267 1377/152/268
f 1371/186/241 1374/186/240 1375/159/266
f 771/190/248 774/190/247 775/154/269
f 538/170/270 542/148/256 541/148/255
f 900/194/271 901/199/272 893/200/273
f 1092/201/274 1090/95/128 1091/137/185
f 232/202/275 228/139/187 231/161/212
f 776/154/276 775/154/269 777/178/277
f 230/141/189 237/203/278 235/196/254
f 893/200/273 892/195/279 900/194/271
f 221/92/280 222/204/281 219/205/282
f 932/183/237 930/113/153 933/177/230
f 97/145/194 99/144/193 98/176/229
f 224/206/283 222/204/281 227/95/284
f 85/207/285 86/150/199 83/139/203
f 1659/157/263 1660/157/262 1661/182/286
f 778/178/287 777/178/277 779/182/288
f 1377/152/268 1378/152/267 1379/165/289
f 538/170/270 539/170/290 540/165/291
f 994/173/224 997/208/292 998/171/222
f 1081/166/217 1080/209/293 1078/158/209
f 1046/195/253 1047/210/294 1044/193/251
f 914/162/213 915/155/226 916/211/295
f 885/168/219 881/212/296 886/125/165
f 245/169/220 246/213/297 241/127/168
f 180/171/261 181/208/298 175/197/259
f 1649/94/94 1650/91/94 1647/214/94
f 1637/94/94 1638/91/94 1635/214/94
f 1656/91/94 1655/94/94 1657/214/94
f 1644/91/94 1643/94/94 1645/214/94
f 1662/160/258 1663/160/257 1660/157/262
f 86/150/199 90/215/299 89/184/238
f 76/155/206 72/191/249 75/216/300
f 1377/152/268 1376/159/301 1375/159/266
f 1075/106/146 1078/158/209 1079/217/302
f 203/109/149 205/143/192 204/218/303
f 777/178/277 778/178/287 776/154/276
f 541/148/255 539/170/290 538/170/270
f 1070/219/304 1068/156/207 1069/192/250
f 75/216/300 82/211/305 76/155/206
f 1664/189/244 1665/189/306 1663/160/257
f 543/187/242 544/187/307 541/148/255
f 213/220/308 212/163/214 216/156/227
f 1371/186/241 1372/185/239 1373/185/239
f 771/190/248 772/188/246 773/188/246
f 859/221/309 860/222/310 853/223/311
f 48/224/312 50/198/313 49/225/314
f 1361/226/239 1362/226/239 1359/227/315
f 531/228/307 532/228/316 529/69/243
f 1628/229/306 1629/229/317 1626/226/245
f 751/69/246 752/69/246 749/102/246
f 916/211/295 917/230/318 914/162/213
f 1375/159/266 1376/159/301 1371/186/241
f 1666/185/245 1665/189/306 1664/189/244
f 545/188/243 544/187/307 543/187/242
f 775/154/269 776/154/276 771/190/248
f 219/205/282 220/231/319 221/92/280
f 227/95/284 226/201/320 224/206/283
f 83/139/203 84/202/321 85/207/285
f 893/200/273 901/199/272 902/232/322
f 1078/158/209 1080/209/293 1079/217/302
f 202/174/225 203/109/149 204/218/303
f 216/156/227 215/219/323 213/220/308
f 90/215/299 86/150/199 85/207/285
f 1359/227/315 1358/147/324 1357/147/325
f 198/102/142 199/105/145 196/105/326
f 877/233/327 878/184/328 876/234/329
f 535/144/330 536/144/331 533/167/332
f 173/225/333 179/198/260 175/197/259
f 918/235/334 914/162/213 917/230/318
f 89/184/238 90/215/299 91/236/335
f 1044/193/251 1047/210/294 1048/237/336
f 1069/192/250 1071/238/337 1070/219/304
f 231/161/212 235/196/254 234/239/338
f 74/240/339 75/216/300 72/191/249
f 231/161/212 233/241/340 232/202/275
f 764/105/341 765/174/342 762/174/287
f 91/236/335 92/234/343 89/184/238
f 1091/137/185 1093/242/344 1092/201/274
f 1027/243/345 1028/203/346 1026/244/347
f 1071/238/337 1069/192/250 1074/245/348
f 114/246/349 113/168/264 112/179/232
f 238/247/350 235/196/254 237/203/278
f 1357/147/325 1358/147/324 1355/183/351
f 1367/117/54 1368/248/54 1369/115/54
f 1363/119/156 1364/119/156 1365/56/156
f 1040/118/155 1041/118/155 1042/57/155
f 767/57/50 768/118/50 769/119/50
f 212/163/214 213/220/308 210/249/352
f 533/167/332 532/228/316 531/228/307
f 1630/166/353 1629/229/317 1628/229/306
f 1047/210/294 1046/195/253 1054/250/354
f 72/191/249 73/251/355 74/240/339
f 1048/237/336 1049/252/356 1044/193/251
f 882/253/357 881/212/296 885/168/219
f 210/249/352 211/254/358 212/163/214
f 876/234/329 875/255/359 877/233/327
f 234/239/338 233/241/340 231/161/212
f 1093/242/344 1091/137/185 1096/256/360
f 892/195/279 893/200/273 890/257/361
f 917/230/318 916/211/295 920/258/362
f 82/211/305 75/216/300 81/258/363
f 246/213/297 245/169/220 247/259/364
f 1632/209/365 1630/166/353 1631/166/257
f 237/203/278 240/243/366 238/247/350
f 917/230/318 919/260/367 918/235/334
f 885/168/219 884/246/368 882/253/357
f 1354/183/369 1355/183/351 1356/177/370
f 536/144/331 535/144/330 537/176/371
f 1035/169/265 1031/181/234 1034/261/372
f 902/232/322 894/262/373 893/200/273
f 762/174/287 765/174/342 766/218/288
f 1632/209/365 1633/209/262 1634/217/286
f 853/223/311 858/263/374 859/221/309
f 49/225/314 47/264/375 48/224/312
f 1074/245/348 1073/265/376 1071/238/337
f 871/266/377 877/233/327 875/255/359
f 94/267/378 91/236/335 90/215/299
f 222/204/281 224/206/283 223/268/379
f 1026/244/347 1025/269/380 1027/243/345
f 112/179/232 115/270/381 114/246/349
f 213/220/308 215/219/323 214/271/236
f 1070/219/304 1071/238/337 1072/271/235
f 1657/214/94 1658/214/94 1656/91/94
f 1645/214/94 1646/214/94 1644/91/94
f 919/260/367 917/230/318 920/258/362
f 75/216/300 74/240/339 81/258/363
f 85/207/285 93/272/382 90/215/299
f 223/268/379 219/205/282 222/204/281
f 1025/269/380 1026/244/347 1022/273/383
f 1647/214/94 1648/214/94 1649/94/94
f 1635/214/94 1636/214/94 1637/94/94
f 522/274/307 523/274/242 520/275/243
f 1352/276/239 1353/276/239 1350/277/240
f 1619/278/306 1620/278/384 1617/276/245
f 760/279/246 761/275/246 758/280/385
f 853/223/311 852/281/386 850/282/387
f 46/283/388 52/284/389 48/224/312
f 210/249/352 213/220/308 214/271/236
f 1071/238/337 1073/265/376 1072/271/235
f 235/196/254 238/247/350 236/285/390
f 762/174/287 763/105/341 764/105/341
f 185/286/391 194/287/392 193/288/393
f 1034/261/372 1039/259/394 1035/169/265
f 90/215/299 93/272/382 94/267/378
f 92/234/343 91/236/335 95/289/395
f 890/257/361 891/250/396 892/195/279
f 1350/277/240 1349/235/397 1348/235/325
f 758/280/385 756/254/269 757/254/276
f 1355/183/351 1354/183/369 1357/147/325
f 875/255/359 876/234/329 874/289/398
f 890/257/361 893/200/273 894/262/373
f 533/167/332 534/167/399 535/144/330
f 236/285/390 234/239/338 235/196/254
f 756/254/269 754/249/277 753/249/287
f 67/290/400 68/232/401 65/291/402
f 526/240/330 527/240/403 524/251/404
f 1631/166/257 1633/209/262 1632/209/365
f 63/292/405 65/291/402 64/293/406
f 115/270/381 112/179/232 118/294/407
f 524/251/404 523/274/242 522/274/307
f 1621/245/258 1620/278/384 1619/278/306
f 897/295/408 894/262/373 902/232/322
f 247/259/364 248/296/409 246/213/297
f 1348/235/325 1349/235/397 1346/260/410
f 881/212/296 882/253/357 879/297/411
f 1056/298/412 1048/237/336 1047/210/294
f 875/255/359 872/299/413 871/266/377
f 1054/250/354 1055/300/414 1047/210/294
f 850/282/387 858/263/374 853/223/311
f 48/224/312 47/264/375 46/283/388
f 1623/265/263 1621/245/258 1622/245/257
f 902/232/322 899/290/415 897/295/408
f 175/197/259 174/301/416 173/225/333
f 1357/147/325 1360/227/241 1359/227/315
f 196/105/326 197/102/326 198/102/142
f 193/288/393 195/252/417 192/302/418
f 1623/265/263 1624/265/262 1625/271/286
f 753/249/287 754/249/277 755/271/288
f 529/69/243 530/69/243 531/228/307
f 1626/226/245 1627/226/245 1628/229/306
f 1049/252/356 1048/237/336 1050/303/419
f 1345/260/369 1346/260/410 1347/258/370
f 527/240/403 526/240/330 528/258/371
f 249/304/420 246/213/297 248/296/409
f 91/236/335 94/267/378 95/289/395
f 238/247/350 240/243/366 239/305/421
f 64/293/406 58/306/422 63/292/405
f 1022/273/383 1024/307/423 1025/269/380
f 1027/243/345 1025/269/380 1030/305/424
f 1092/201/274 1093/242/344 1094/308/425
f 224/206/283 226/201/320 225/308/426
f 1033/309/427 1034/261/372 1031/181/234
f 872/299/413 875/255/359 874/289/398
f 65/291/402 66/310/428 67/290/400
f 879/297/411 880/311/429 881/212/296
f 1047/210/294 1055/300/414 1056/298/412
f 753/249/287 757/254/276 756/254/269
f 1096/256/360 1095/312/430 1093/242/344
f 1031/181/234 1032/313/431 1033/309/427
f 524/251/404 525/251/399 526/240/330
f 1622/245/257 1624/265/262 1623/265/263
f 866/314/12 867/315/13 868/316/432
f 531/228/307 534/167/399 533/167/332
f 1359/227/315 1360/227/241 1361/226/239
f 749/102/246 750/102/246 751/69/246
f 1628/229/306 1631/166/257 1630/166/353
f 1020/317/433 1021/318/434 1018/315/20
f 1346/260/410 1345/260/369 1348/235/325
f 1050/303/419 1051/302/435 1049/252/356
f 236/285/390 238/247/350 239/305/421
f 1343/319/239 1344/319/239 1341/320/436
f 1597/321/306 1598/321/437 1595/319/245
f 1348/235/325 1351/277/241 1350/277/240
f 757/254/276 759/280/248 758/280/385
f 868/316/432 871/266/377 870/322/438
f 1617/276/245 1618/276/245 1619/278/306
f 520/275/243 521/279/243 522/274/307
f 882/253/357 884/246/368 883/323/439
f 114/246/349 115/270/381 116/323/440
f 1025/269/380 1024/307/423 1030/305/424
f 850/282/387 852/281/386 851/324/441
f 53/325/442 52/284/389 46/283/388
f 118/294/407 117/326/443 115/270/381
f 66/310/428 65/291/402 63/292/405
f 894/262/373 897/295/408 896/327/444
f 193/288/393 186/328/445 185/286/391
f 1350/277/240 1351/277/241 1352/276/239
f 522/274/307 525/251/399 524/251/404
f 1619/278/306 1622/245/257 1621/245/258
f 758/280/385 759/280/248 760/279/246
f 1022/273/383 1021/318/434 1020/317/433
f 192/302/418 191/329/446 193/288/393
f 894/262/373 895/330/447 890/257/361
f 870/322/438 871/266/377 872/299/413
f 186/328/445 193/288/393 191/329/446
f 1341/320/436 1340/331/325 1339/332/325
f 1024/307/423 1022/273/383 1023/333/448
f 1093/242/344 1095/312/430 1094/308/425
f 223/268/379 224/206/283 225/308/426
f 1053/334/449 1050/303/419 1048/237/336
f 248/296/409 250/335/450 249/304/420
f 873/336/451 872/299/413 874/289/398
f 896/327/444 895/330/447 894/262/373
f 1024/307/423 1029/337/452 1030/305/424
f 742/231/453 745/205/454 744/205/455
f 897/295/408 899/290/415 898/338/456
f 1039/259/394 1034/261/372 1038/339/457
f 248/296/409 247/259/364 251/339/458
f 67/290/400 66/310/428 70/338/459
f 879/297/411 882/253/357 883/323/439
f 115/270/381 117/326/443 116/323/440
f 1048/237/336 1056/298/412 1053/334/449
f 509/340/460 510/340/460 507/341/461
f 1599/256/257 1598/321/437 1597/321/306
f 745/205/454 747/268/287 746/268/287
f 1330/342/462 1331/343/463 1328/343/464
f 1613/344/465 1616/342/466 1615/342/466
f 516/345/467 519/346/468 518/346/468
f 733/346/469 734/347/470 731/347/471
f 63/292/405 69/348/472 66/310/428
f 1023/333/448 1029/337/452 1024/307/423
f 996/349/473 997/208/292 994/173/224
f 870/322/438 869/350/474 868/316/432
f 872/299/413 873/336/451 870/322/438
f 1034/261/372 1033/309/427 1038/339/457
f 250/335/450 248/296/409 251/339/458
f 1018/315/20 1019/314/30 1020/317/433
f 1000/197/475 997/208/292 996/349/473
f 896/327/444 897/295/408 898/338/456
f 1051/302/435 1050/303/419 1052/351/476
f 868/316/432 869/350/474 866/314/12
f 1339/332/325 1340/331/325 1337/352/477
f 1592/337/478 1593/353/479 1594/305/480
f 1020/317/433 1023/333/448 1022/273/383
f 514/294/481 515/294/482 516/345/467
f 1612/313/483 1611/313/484 1613/344/465
f 191/329/446 188/354/485 186/328/445
f 191/329/446 192/302/418 190/351/486
f 66/310/428 69/348/472 70/338/459
f 1609/309/487 1608/309/488 1611/313/484
f 989/221/489 990/263/490 985/355/491
f 169/356/492 178/264/493 173/225/333
f 1601/312/262 1599/256/257 1600/256/257
f 1332/311/494 1335/297/495 1334/297/496
f 58/306/422 59/357/16 60/358/17
f 184/357/21 185/286/391 182/359/497
f 1326/360/498 1325/336/499 1327/289/500
f 1050/303/419 1053/334/449 1052/351/476
f 1328/343/464 1331/343/463 1332/311/494
f 731/347/471 734/347/470 735/304/501
f 62/361/502 63/292/405 58/306/422
f 1601/312/262 1602/312/262 1603/308/286
f 746/268/287 747/268/287 748/308/288
f 511/326/503 515/294/482 514/294/481
f 188/354/485 191/329/446 190/351/486
f 851/324/441 849/362/504 850/282/387
f 46/283/388 45/363/505 53/325/442
f 507/341/461 506/364/506 505/364/507
f 736/304/508 735/304/501 737/335/509
f 991/365/510 992/366/511 989/221/489
f 173/225/333 174/301/416 171/367/512
f 505/364/507 506/364/506 503/368/243
f 182/359/497 185/286/391 186/328/445
f 746/268/287 744/205/455 745/205/454
f 1608/309/488 1609/309/487 1610/339/513
f 738/335/514 737/335/509 739/339/515
f 1334/297/496 1335/297/495 1336/323/516
f 511/326/503 512/326/517 513/323/518
f 69/348/472 63/292/405 62/361/502
f 507/341/461 508/341/399 509/340/460
f 1606/369/519 1607/248/519 1604/117/519
f 1604/117/519 1605/370/519 1606/369/519
f 187/371/520 186/328/445 188/354/485
f 1592/337/478 1590/333/521 1591/372/522
f 857/355/523 858/263/374 850/282/387
f 46/283/388 47/264/375 42/356/524
f 69/348/472 71/373/525 70/338/459
f 189/374/526 188/354/485 190/351/486
f 1591/372/522 1593/353/479 1592/337/478
f 740/368/246 741/368/246 742/231/453
f 1595/319/245 1596/319/245 1597/321/306
f 1323/375/527 1324/322/528 1325/336/499
f 1611/313/484 1612/313/483 1609/309/487
f 1337/352/477 1338/352/477 1339/332/325
f 1339/332/325 1342/320/241 1341/320/436
f 1600/256/257 1602/312/262 1601/312/262
f 176/376/529 174/301/416 175/197/259
f 1334/297/496 1333/311/530 1332/311/494
f 737/335/509 738/335/514 736/304/508
f 514/294/481 512/326/517 511/326/503
f 1325/336/499 1326/360/498 1323/375/527
f 1008/214/94 1009/214/94 1006/377/94
f 1004/214/94 1005/214/94 1002/377/94
f 188/354/485 189/374/526 187/371/520
f 58/306/422 61/378/531 62/361/502
f 62/361/502 71/373/525 69/348/472
f 516/345/467 517/345/532 514/294/481
f 1613/344/465 1614/344/533 1612/313/483
f 744/205/455 743/231/534 742/231/453
f 1321/350/535 1324/322/528 1323/375/527
f 1328/343/464 1329/342/462 1330/342/462
f 731/347/471 732/346/469 733/346/469
f 182/359/497 183/358/31 184/357/21
f 1016/214/94 1017/214/94 1014/379/94
f 1012/214/94 1013/214/94 1010/379/94
f 1341/320/436 1342/320/241 1343/319/239
f 505/364/507 508/341/399 507/341/461
f 1597/321/306 1600/256/257 1599/256/257
f 60/358/17 61/378/531 58/306/422
f 985/355/491 988/380/536 989/221/489
f 173/225/333 170/381/537 169/356/492
f 729/382/538 728/374/539 730/351/540
f 186/328/445 187/371/520 182/359/497
f 989/221/489 988/380/536 991/365/510
f 171/367/512 170/381/537 173/225/333
f 1332/311/494 1333/311/530 1328/343/464
f 1615/342/466 1614/344/533 1613/344/465
f 518/346/468 517/345/532 516/345/467
f 735/304/501 736/304/508 731/347/471
f 500/373/541 501/383/542 502/338/543
f 1590/333/521 1589/317/544 1588/384/545
f 1588/384/545 1589/317/544 1586/314/546
f 864/385/547 865/386/548 862/387/549
f 56/388/550 57/389/551 54/390/552
f 1319/391/553 1320/314/553 1321/350/535
f 1588/384/545 1591/372/522 1590/333/521
f 727/392/554 726/371/555 728/374/539
f 728/374/539 729/382/538 727/392/554
f 500/373/541 499/361/556 498/393/557
f 1323/375/527 1322/394/558 1321/350/535
f 850/282/387 849/362/504 848/395/559
f 38/396/560 45/363/505 46/283/388
f 996/349/473 1001/397/561 1000/197/475
f 742/231/453 743/231/534 740/368/246
f 498/393/557 501/383/542 500/373/541
f 175/197/259 177/397/562 176/376/529
f 498/393/557 499/361/556 494/378/563
f 850/282/387 856/398/564 857/355/523
f 42/356/524 41/399/565 46/283/388
f 503/368/243 504/368/243 505/364/507
f 1014/379/94 1015/377/94 1016/214/94
f 1010/379/94 1011/377/94 1012/214/94
f 1006/377/94 1007/379/94 1008/214/94
f 1002/377/94 1003/379/94 1004/214/94
f 1586/314/546 1587/391/546 1588/384/545
f 1321/350/535 1322/394/558 1319/391/553
f 994/173/224 995/400/566 996/349/473
f 722/401/567 725/359/568 726/371/555
f 848/395/559 849/362/504 846/402/569
f 44/403/570 45/363/505 38/396/560
f 724/358/571 725/359/568 722/401/567
f 848/395/559 856/398/564 850/282/387
f 46/283/388 41/399/565 38/396/560
f 494/378/563 495/358/572 496/404/572
f 726/371/555 727/392/554 722/401/567
f 494/378/563 497/405/573 498/393/557
f 722/401/567 723/404/571 724/358/571
f 496/404/572 497/405/573 494/378/563
f 846/402/569 847/406/574 842/407/575
f 36/408/576 51/409/577 44/403/570
f 987/410/578 988/380/536 985/355/491
f 169/356/492 170/381/537 167/411/579
f 846/402/569 845/412/580 848/395/559
f 38/396/560 37/413/581 44/403/570
f 991/365/510 988/380/536 987/410/578
f 167/411/579 170/381/537 171/367/512
f 862/387/549 863/414/582 864/385/547
f 54/390/552 55/415/583 56/388/550
f 1584/379/94 1585/377/94 1583/416/94
f 1576/379/94 1577/377/94 1575/416/94
f 842/407/575 845/412/580 846/402/569
f 44/403/570 37/413/581 36/408/576
f 1578/377/94 1579/379/94 1580/417/94
f 1570/377/94 1571/379/94 1572/417/94
f 857/355/523 856/398/564 855/418/584
f 40/419/585 41/399/565 42/356/524
f 1580/417/94 1581/416/94 1578/377/94
f 1572/417/94 1573/416/94 1570/377/94
f 855/418/584 856/398/564 848/395/559
f 38/396/560 41/399/565 40/419/585
f 1583/416/94 1582/417/94 1584/379/94
f 1575/416/94 1574/417/94 1576/379/94
f 987/410/578 993/420/586 991/365/510
f 171/367/512 172/421/587 167/411/579
f 985/355/491 986/422/588 987/410/578
f 167/411/579 168/423/589 169/356/492
f 1582/417/94 1583/416/94 1581/416/94
f 1574/417/94 1575/416/94 1573/416/94
f 848/395/559 845/412/580 844/424/590
f 34/425/591 37/413/581 38/396/560
f 1581/416/94 1580/417/94 1582/417/94
f 1573/416/94 1572/417/94 1574/417/94
f 855/418/584 861/422/592 857/355/523
f 42/356/524 43/423/593 40/419/585
f 844/424/590 845/412/580 842/407/575
f 36/408/576 37/413/581 34/425/591
f 848/395/559 854/426/594 855/418/584
f 40/419/585 39/427/595 38/396/560
f 844/424/590 854/426/594 848/395/559
f 38/396/560 39/427/595 34/425/591
f 842/407/575 843/428/596 844/424/590
f 34/425/591 35/429/597 36/408/576
f 1443/430/598 1449/431/599 1450/432/600
f 682/433/601 681/434/602 678/435/603
f 1448/436/604 1449/431/599 1443/430/598
f 678/435/603 681/434/602 680/437/605
f 1317/385/606 1318/414/607 1315/387/608
f 472/388/609 473/415/610 470/390/611
f 1450/432/600 1451/438/612 1445/439/613
f 676/440/614 683/441/615 682/433/601
f 1311/439/616 1312/438/617 1309/442/618
f 491/443/619 493/441/620 489/440/621
f 1309/442/618 1310/444/622 1304/445/623
f 483/446/624 490/447/625 491/443/619
f 474/448/626 475/449/627 476/450/628
f 1306/451/629 1307/452/630 1303/453/631
f 476/450/628 490/447/625 483/446/624
f 1304/445/623 1310/444/622 1306/451/629
f 1450/432/600 1444/454/632 1443/430/598
f 678/435/603 677/455/633 682/433/601
f 680/437/605 679/456/634 678/435/603
f 1443/430/598 1447/457/635 1448/436/604
f 682/433/601 677/455/633 676/440/614
f 1445/439/613 1444/454/632 1450/432/600
f 476/450/628 477/458/636 474/448/626
f 1303/453/631 1305/459/637 1306/451/629
f 1315/387/608 1316/386/638 1317/385/606
f 470/390/611 471/389/639 472/388/609
f 483/446/624 477/458/636 476/450/628
f 1306/451/629 1305/459/637 1304/445/623
f 491/443/619 492/460/640 483/446/624
f 1304/445/623 1308/461/641 1309/442/618
f 1309/442/618 1308/461/641 1311/439/616
f 489/440/621 492/460/640 491/443/619
f 678/435/603 679/456/634 671/462/642
f 1436/463/643 1447/457/635 1443/430/598
f 474/448/626 477/458/636 478/464/644
f 1299/465/645 1305/459/637 1303/453/631
f 1/466/646 2/467/646 3/468/646
f 4/469/647 5/470/647 6/471/647
f 478/464/644 477/458/636 483/446/624
f 1304/445/623 1305/459/637 1299/465/645
f 668/472/648 677/455/633 678/435/603
f 1443/430/598 1444/454/632 1438/473/649
f 478/464/644 479/474/650 474/448/626
f 1303/453/631 1302/475/651 1299/465/645
f 840/476/652 839/477/653 838/478/654
f 981/479/655 984/476/656 983/480/656
f 980/481/657 979/482/658 981/479/655
f 838/478/654 839/477/653 836/483/659
f 676/440/614 677/455/633 668/472/648
f 1438/473/649 1444/454/632 1445/439/613
f 483/446/624 492/460/640 485/484/660
f 1297/485/661 1308/461/641 1304/445/623
f 485/484/660 492/460/640 489/440/621
f 1311/439/616 1308/461/641 1297/485/661
f 483/446/624 484/486/662 478/464/644
f 1299/465/645 1298/487/663 1304/445/623
f 836/483/659 834/488/664 833/489/665
f 977/490/666 976/491/667 979/482/658
f 671/462/642 670/492/668 678/435/603
f 1443/430/598 1437/493/669 1436/463/643
f 981/479/655 982/494/670 980/481/657
f 838/478/654 841/480/652 840/476/652
f 983/480/656 982/494/670 981/479/655
f 833/489/665 837/495/671 836/483/659
f 979/482/658 980/481/657 977/490/666
f 165/496/672 164/497/673 163/498/674
f 836/483/659 837/495/671 838/478/654
f 833/489/665 834/488/664 835/499/675
f 17/500/676 20/496/677 19/501/677
f 485/484/660 484/486/662 483/446/624
f 1304/445/623 1298/487/663 1297/485/661
f 976/491/667 977/490/666 978/502/678
f 678/435/603 670/492/668 668/472/648
f 1438/473/649 1437/493/669 1443/430/598
f 15/503/679 16/504/680 17/500/676
f 163/498/674 164/497/673 162/505/681
f 457/506/682 458/507/683 453/508/684
f 480/509/685 479/474/650 478/464/644
f 1299/465/645 1302/475/651 1301/510/686
f 717/511/687 718/512/688 713/502/689
f 459/513/690 458/507/683 457/506/682
f 459/513/690 460/514/691 461/499/692
f 716/515/693 719/516/694 718/512/688
f 820/517/695 821/518/696 822/519/697
f 21/520/698 22/521/699 23/522/700
f 1564/490/701 1563/523/702 1565/502/703
f 721/524/704 720/525/705 715/526/706
f 966/527/707 968/528/708 967/518/709
f 155/521/710 156/529/711 148/530/712
f 1563/523/702 1564/490/701 1562/481/713
f 12/531/714 16/504/680 15/503/679
f 715/526/706 720/525/705 719/516/694
f 1285/532/715 1287/489/716 1286/499/717
f 161/533/718 162/505/681 159/534/719
f 1290/495/720 1287/489/716 1285/532/715
f 17/500/676 18/535/721 15/503/679
f 711/536/722 717/511/687 713/502/689
f 453/508/684 454/524/723 455/537/724
f 1563/523/702 1566/538/725 1565/502/703
f 718/512/688 717/511/687 716/515/693
f 163/498/674 166/501/672 165/496/672
f 712/538/726 711/536/722 713/502/689
f 967/518/709 963/517/727 966/527/707
f 148/530/712 147/522/728 155/521/710
f 457/506/682 460/514/691 459/513/690
f 489/440/621 488/539/729 485/484/660
f 1297/485/661 1313/540/730 1311/439/616
f 19/501/677 18/535/721 17/500/676
f 1561/541/731 1562/481/713 1557/494/732
f 162/505/681 161/533/718 163/498/674
f 12/531/714 13/542/733 14/543/734
f 460/514/691 465/544/735 461/499/692
f 822/519/697 823/545/736 820/517/695
f 23/522/700 24/546/737 21/520/698
f 1562/481/713 1561/541/731 1563/523/702
f 668/472/648 675/539/738 676/440/614
f 1445/439/613 1446/540/739 1438/473/649
f 1284/547/740 1285/532/715 1286/499/717
f 15/503/679 13/542/733 12/531/714
f 453/508/684 456/548/741 457/506/682
f 158/549/742 159/534/719 160/550/743
f 719/516/694 716/515/693 715/526/706
f 1285/532/715 1282/551/744 1290/495/720
f 465/544/735 466/547/745 461/499/692
f 159/534/719 158/549/742 161/533/718
f 1281/552/746 1289/478/747 1290/495/720
f 1566/538/725 1563/523/702 1561/541/731
f 969/553/748 968/528/708 966/527/707
f 148/530/712 156/529/711 157/554/749
f 1546/555/750 1547/556/751 1545/557/752
f 1544/558/753 1545/557/752 1540/559/754
f 1247/560/755 1246/561/756 1245/562/757
f 1288/480/758 1289/478/747 1281/552/746
f 1547/556/751 1546/555/750 1548/550/759
f 478/464/644 481/563/760 480/509/685
f 1301/510/686 1300/564/761 1299/465/645
f 478/464/644 484/486/662 482/565/762
f 1295/566/763 1298/487/663 1299/465/645
f 1245/562/757 1246/561/756 1241/543/764
f 717/511/687 711/536/722 709/567/765
f 455/537/724 456/548/741 453/508/684
f 690/568/766 693/549/767 692/550/768
f 1557/494/732 1558/480/769 1559/569/770
f 827/570/771 823/545/736 822/519/697
f 21/520/698 24/546/737 25/571/772
f 715/526/706 714/537/773 721/524/704
f 709/567/765 716/515/693 717/511/687
f 1282/551/744 1285/532/715 1284/547/740
f 1248/572/774 1249/573/775 1243/574/776
f 449/542/777 450/575/778 451/543/779
f 1243/574/776 1249/573/775 1247/560/755
f 460/514/691 457/506/682 464/576/780
f 711/536/722 712/538/726 710/577/781
f 1290/495/720 1282/551/744 1281/552/746
f 822/519/697 830/578/782 827/570/771
f 25/571/772 26/579/783 21/520/698
f 1557/494/732 1560/580/784 1561/541/731
f 464/576/780 465/544/735 460/514/691
f 1545/557/752 1544/558/753 1546/555/750
f 1546/555/750 1552/581/785 1548/550/759
f 1540/559/754 1541/572/786 1542/582/787
f 691/583/788 690/568/766 692/550/768
f 1245/562/757 1244/584/789 1247/560/755
f 1561/541/731 1569/577/790 1566/538/725
f 1552/581/785 1553/583/791 1548/550/759
f 449/542/777 448/503/792 446/585/793
f 688/586/794 694/533/795 693/549/767
f 446/585/793 448/503/792 447/535/796
f 464/576/780 457/506/682 456/548/741
f 467/587/797 466/547/745 465/544/735
f 482/565/762 484/486/662 485/484/660
f 1297/485/661 1298/487/663 1295/566/763
f 1240/588/798 1245/562/757 1241/543/764
f 1284/547/740 1283/587/799 1282/551/744
f 450/575/778 452/589/800 451/543/779
f 710/577/781 709/567/765 711/536/722
f 693/549/767 690/568/766 688/586/794
f 966/527/707 970/590/801 969/553/748
f 157/554/749 149/591/802 148/530/712
f 1540/559/754 1543/592/803 1544/558/753
f 482/565/762 481/563/760 478/464/644
f 1299/465/645 1300/564/761 1295/566/763
f 1247/560/755 1244/584/789 1243/574/776
f 446/585/793 450/575/778 449/542/777
f 1559/569/770 1560/580/784 1557/494/732
f 824/593/804 820/517/695 823/545/736
f 24/546/737 23/522/700 31/594/805
f 1552/581/785 1546/555/750 1544/558/753
f 1239/589/806 1240/588/798 1241/543/764
f 465/544/735 464/576/780 467/587/797
f 965/595/807 966/527/707 963/517/727
f 147/522/728 148/530/712 145/596/808
f 1281/552/746 1280/569/809 1288/480/758
f 687/597/810 695/498/811 694/533/795
f 432/598/812 440/599/813 439/509/814
f 1293/510/815 1294/600/816 1291/601/817
f 1569/577/790 1561/541/731 1560/580/784
f 1244/584/789 1245/562/757 1240/588/798
f 708/602/818 715/526/706 716/515/693
f 1271/603/819 1272/604/820 1267/605/821
f 426/606/822 429/607/823 430/608/824
f 425/609/825 429/607/823 426/606/822
f 1267/605/821 1272/604/820 1273/610/826
f 423/611/827 428/612/828 425/609/825
f 1273/610/826 1276/613/829 1275/614/830
f 827/570/771 830/578/782 831/615/831
f 27/616/832 26/579/783 25/571/772
f 716/515/693 709/567/765 708/602/818
f 1542/582/787 1543/592/803 1540/559/754
f 1243/574/776 1242/582/833 1248/572/774
f 690/568/766 691/583/788 689/617/834
f 1553/583/791 1552/581/785 1551/618/835
f 1544/558/753 1551/618/835 1552/581/785
f 694/533/795 688/586/794 687/597/810
f 970/590/801 966/527/707 965/595/807
f 145/596/808 148/530/712 149/591/802
f 669/619/836 670/492/668 671/462/642
f 1436/463/643 1437/493/669 1434/620/837
f 447/535/796 441/621/838 446/585/793
f 971/622/839 969/553/748 970/590/801
f 149/591/802 157/554/749 154/623/840
f 456/548/741 463/624/841 464/576/780
f 689/617/834 688/586/794 690/568/766
f 1282/551/744 1283/587/799 1278/625/842
f 823/545/736 827/570/771 826/626/843
f 33/627/844 25/571/772 24/546/737
f 1275/614/830 1274/628/845 1273/610/826
f 425/609/825 424/629/846 423/611/827
f 1240/588/798 1237/630/847 1244/584/789
f 445/631/848 452/589/800 450/575/778
f 714/537/773 715/526/706 708/602/818
f 1278/625/842 1281/552/746 1282/551/744
f 450/575/778 446/585/793 445/631/848
f 467/587/797 464/576/780 463/624/841
f 426/606/822 424/629/846 425/609/825
f 1273/610/826 1274/628/845 1267/605/821
f 831/615/831 828/632/849 827/570/771
f 25/571/772 28/633/850 27/616/832
f 1237/630/847 1240/588/798 1239/589/806
f 963/517/727 964/593/851 965/595/807
f 145/596/808 146/594/852 147/522/728
f 709/567/765 710/577/781 705/634/853
f 1551/618/835 1544/558/753 1543/592/803
f 456/548/741 455/537/724 462/635/854
f 823/545/736 825/636/855 824/593/804
f 31/594/805 32/637/856 24/546/737
f 1551/618/835 1554/617/857 1553/583/791
f 1267/605/821 1270/638/858 1271/603/819
f 430/608/824 431/639/859 426/606/822
f 668/472/648 670/492/668 669/619/836
f 1434/620/837 1437/493/669 1438/473/649
f 1560/580/784 1568/634/860 1569/577/790
f 826/626/843 825/636/855 823/545/736
f 24/546/737 32/637/856 33/627/844
f 1239/589/806 1238/631/861 1237/630/847
f 485/484/660 488/539/729 487/640/862
f 1314/641/863 1313/540/730 1297/485/661
f 1280/569/809 1281/552/746 1278/625/842
f 485/484/660 486/642/864 482/565/762
f 1295/566/763 1296/643/865 1297/485/661
f 970/590/801 973/644/866 971/622/839
f 154/623/840 151/645/867 149/591/802
f 462/635/854 463/624/841 456/548/741
f 705/634/853 708/602/818 709/567/765
f 445/631/848 446/585/793 441/621/838
f 826/626/843 827/570/771 828/632/849
f 28/633/850 25/571/772 33/627/844
f 431/639/859 430/608/824 432/598/812
f 1277/601/868 1271/603/819 1270/638/858
f 463/624/841 469/625/869 467/587/797
f 1236/646/870 1243/574/776 1244/584/789
f 1560/580/784 1559/569/770 1567/647/871
f 666/640/872 675/539/738 668/472/648
f 1438/473/649 1446/540/739 1440/641/873
f 1244/584/789 1237/630/847 1236/646/870
f 828/632/849 831/615/831 832/648/874
f 27/616/832 28/633/850 29/649/875
f 708/602/818 707/635/876 714/537/773
f 423/611/827 424/629/846 415/650/877
f 973/644/866 970/590/801 972/651/878
f 150/652/879 149/591/802 151/645/867
f 965/595/807 972/651/878 970/590/801
f 149/591/802 150/652/879 145/596/808
f 1567/647/871 1568/634/860 1560/580/784
f 1543/592/803 1550/653/880 1551/618/835
f 688/586/794 689/617/834 684/654/881
f 439/509/814 438/655/882 432/598/812
f 1291/601/817 1292/656/883 1293/510/815
f 1278/625/842 1279/647/884 1280/569/809
f 1242/582/833 1243/574/776 1236/646/870
f 684/654/881 687/597/810 688/586/794
f 828/632/849 829/657/885 826/626/843
f 33/627/844 30/658/886 28/633/850
f 671/462/642 672/659/887 669/619/836
f 1434/620/837 1435/660/888 1436/463/643
f 1554/617/857 1551/618/835 1550/653/880
f 415/650/877 422/661/889 423/611/827
f 485/484/660 487/640/862 486/642/864
f 971/622/839 973/644/866 974/662/890
f 151/645/867 154/623/840 153/663/891
f 1237/630/847 1238/631/861 1233/664/892
f 707/635/876 708/602/818 705/634/853
f 426/606/822 431/639/859 417/665/893
f 1269/666/894 1270/638/858 1267/605/821
f 829/657/885 828/632/849 832/648/874
f 28/633/850 30/658/886 29/649/875
f 1543/592/803 1542/582/787 1549/667/895
f 468/647/896 469/625/869 463/624/841
f 441/621/838 444/664/897 445/631/848
f 463/624/841 462/635/854 468/647/896
f 972/651/878 975/668/898 973/644/866
f 151/645/867 152/669/899 150/652/879
f 705/634/853 706/647/900 707/635/876
f 973/644/866 975/668/898 974/662/890
f 152/669/899 151/645/867 153/663/891
f 1267/605/821 1268/670/901 1269/666/894
f 417/665/893 416/671/902 426/606/822
f 686/672/903 687/597/810 684/654/881
f 431/639/859 432/598/812 417/665/893
f 1269/666/894 1277/601/868 1270/638/858
f 1549/667/895 1550/653/880 1543/592/803
f 1233/664/892 1236/646/870 1237/630/847
f 1550/653/880 1555/654/904 1554/617/857
f 441/621/838 442/672/905 443/673/906
f 668/472/648 667/674/907 666/640/872
f 1440/641/873 1439/675/908 1438/473/649
f 669/619/836 667/674/907 668/472/648
f 1438/473/649 1439/675/908 1434/620/837
f 1236/646/870 1235/667/909 1242/582/833
f 421/676/910 422/661/889 415/650/877
f 1226/677/911 1227/678/912 1224/679/913
f 1252/636/914 1266/626/915 1259/680/916
f 401/681/917 408/627/918 402/637/919
f 1264/682/920 1265/657/921 1263/648/922
f 407/658/923 406/683/924 410/649/925
f 1505/684/926 1507/595/927 1506/593/928
f 1259/680/916 1266/626/915 1265/657/921
f 407/658/923 408/627/918 401/681/917
f 443/673/906 444/664/897 441/621/838
f 1511/668/929 1512/685/930 1513/662/931
f 699/686/932 698/669/933 704/663/934
f 1250/687/935 1251/593/936 1252/636/914
f 402/637/919 404/594/937 403/688/938
f 1511/668/929 1508/651/939 1510/689/940
f 696/690/941 697/652/942 698/669/933
f 415/650/877 416/671/902 411/691/943
f 1220/692/944 1228/670/945 1226/677/911
f 1508/651/939 1507/595/927 1505/684/926
f 684/654/881 685/673/946 686/672/903
f 411/691/943 416/671/902 417/665/893
f 1235/667/909 1236/646/870 1233/664/892
f 415/650/877 414/693/947 421/676/910
f 1224/679/913 1223/694/948 1226/677/911
f 1556/673/949 1555/654/904 1550/653/880
f 411/691/943 414/693/947 415/650/877
f 1226/677/911 1223/694/948 1220/692/944
f 1265/657/921 1264/682/920 1259/680/916
f 401/681/917 406/683/924 407/658/923
f 1510/689/940 1512/685/930 1511/668/929
f 698/669/933 699/686/932 696/690/941
f 1550/653/880 1549/667/895 1556/673/949
f 1512/685/930 1514/695/950 1513/662/931
f 701/696/951 699/686/932 704/663/934
f 1233/664/892 1234/673/952 1235/667/909
f 417/665/893 432/598/812 419/697/953
f 813/698/954 816/699/955 815/699/956
f 9/700/957 10/701/958 7/702/959
f 815/699/956 816/699/955 817/703/960
f 1261/704/961 1264/682/920 1263/648/922
f 406/683/924 405/705/962 410/649/925
f 1259/680/916 1253/706/963 1252/636/914
f 402/637/919 400/707/964 401/681/917
f 661/708/965 662/709/966 663/662/967
f 1524/710/968 1523/711/969 1525/663/970
f 1514/695/950 1515/708/971 1513/662/931
f 703/711/972 701/696/951 704/663/934
f 10/701/958 9/700/957 11/712/973
f 818/703/974 817/703/960 819/712/975
f 1505/684/926 1510/689/940 1508/651/939
f 417/665/893 418/713/976 411/691/943
f 421/676/910 414/693/947 413/714/977
f 1222/715/978 1223/694/948 1224/679/913
f 413/714/977 414/693/947 411/691/943
f 1220/692/944 1223/694/948 1222/715/978
f 432/598/812 438/655/882 433/716/979
f 1506/593/928 1504/687/980 1505/684/926
f 1252/636/914 1253/706/963 1250/687/935
f 403/688/938 400/707/964 402/637/919
f 7/702/959 8/717/959 9/700/957
f 394/718/981 393/719/982 395/648/983
f 1205/720/984 1206/721/985 1207/649/986
f 413/714/977 427/722/987 421/676/910
f 1224/679/913 1225/723/988 1222/715/978
f 419/697/953 418/713/976 417/665/893
f 817/703/960 818/703/974 815/699/956
f 1262/719/989 1261/704/961 1263/648/922
f 405/705/962 409/720/990 410/649/925
f 1192/724/991 1193/725/992 1186/725/993
f 382/726/994 383/726/399 378/727/995
f 1495/728/996 1496/728/997 1491/729/998
f 649/730/999 650/731/1000 642/731/1001
f 1509/732/1002 1514/695/950 1512/685/930
f 699/686/932 701/696/951 700/733/1003
f 433/716/979 419/697/953 432/598/812
f 1512/685/930 1510/689/940 1509/732/1002
f 700/733/1003 696/690/941 699/686/932
f 411/691/943 412/734/1004 413/714/977
f 1222/715/978 1221/735/1005 1220/692/944
f 356/700/1006 354/736/1007 357/712/1008
f 1213/737/1009 1212/703/1010 1216/712/1011
f 1260/738/1012 1259/680/916 1264/682/920
f 406/683/924 401/681/917 399/739/1013
f 815/699/956 814/698/1014 813/698/954
f 959/740/1015 962/741/1016 961/742/1016
f 660/743/1017 662/709/966 661/708/965
f 1523/711/969 1524/710/968 1522/744/1018
f 809/741/1019 808/745/1020 807/746/1021
f 1491/729/998 1492/724/1022 1490/724/1023
f 378/727/995 379/730/1024 377/730/1025
f 1186/725/993 1193/725/992 1194/747/325
f 642/731/1001 650/731/1000 651/748/1026
f 811/749/1027 812/749/1027 813/698/954
f 1194/747/325 1198/750/369 1195/750/1028
f 1497/751/1029 1498/751/1030 1496/728/997
f 384/752/330 383/726/399 382/726/994
f 1264/682/920 1261/704/961 1260/738/1012
f 399/739/1013 405/705/962 406/683/924
f 643/748/1031 651/748/1026 652/753/1032
f 1231/691/1033 1232/713/1034 1229/754/1035
f 1219/755/1036 1218/756/1037 1220/692/944
f 354/736/1007 353/757/1038 357/712/1008
f 1215/757/1039 1213/737/1009 1216/712/1011
f 433/716/979 438/655/882 437/758/1040
f 354/736/1007 356/700/1006 355/717/1041
f 1516/759/1042 1515/708/971 1514/695/950
f 701/696/951 703/711/972 702/760/1043
f 384/752/330 381/752/1044 385/761/1045
f 1195/750/1028 1198/750/369 1197/761/1046
f 393/719/982 394/718/981 391/762/1047
f 1203/763/1048 1206/721/985 1205/720/984
f 653/753/1049 652/753/1032 654/764/1050
f 1498/751/1030 1497/751/1029 1499/764/1051
f 669/619/836 672/659/887 673/765/1052
f 1432/766/1053 1435/660/888 1434/620/837
f 1253/706/963 1259/680/916 1260/738/1012
f 399/739/1013 401/681/917 400/707/964
f 1229/754/1035 1230/734/1054 1231/691/1033
f 1220/692/944 1221/735/1005 1219/755/1036
f 807/746/1021 810/742/1019 809/741/1019
f 807/746/1021 808/745/1020 805/767/1055
f 1496/728/997 1495/728/996 1497/751/1029
f 1195/750/1028 1187/747/1056 1194/747/325
f 961/742/1016 960/768/1057 959/740/1015
f 378/727/995 375/727/1058 382/726/994
f 1491/729/998 1488/729/1059 1495/728/996
f 1208/769/1060 1211/699/1061 1212/703/1010
f 1528/770/1062 1529/770/1063 1526/749/1064
f 420/754/1065 418/713/976 419/697/953
f 1217/771/1066 1218/756/1037 1219/755/1036
f 661/708/965 659/759/1067 660/743/1017
f 1522/744/1018 1521/760/1068 1523/711/969
f 958/772/1069 957/773/1070 959/740/1015
f 382/726/994 381/752/1044 384/752/330
f 652/753/1032 653/753/1049 643/748/1031
f 813/698/954 814/698/1014 811/749/1027
f 1514/695/950 1509/732/1002 1516/759/1042
f 702/760/1043 700/733/1003 701/696/951
f 1261/704/961 1262/719/989 1258/774/1071
f 398/775/1072 409/720/990 405/705/962
f 1194/747/325 1187/747/1056 1186/725/993
f 651/748/1026 643/748/1031 642/731/1001
f 959/740/1015 960/768/1057 958/772/1069
f 1212/703/1010 1213/737/1009 1208/769/1060
f 647/776/1073 653/753/1049 654/764/1050
f 1497/751/1029 1494/777/1074 1499/764/1051
f 355/717/1041 351/778/1075 354/736/1007
f 391/762/1047 392/774/1076 393/719/982
f 1205/720/984 1204/775/1077 1203/763/1048
f 1186/725/993 1185/724/1078 1192/724/991
f 377/730/1025 375/727/1058 378/727/995
f 642/731/1001 641/730/1079 649/730/999
f 1490/724/1023 1488/729/1059 1491/729/998
f 1258/774/1071 1260/738/1012 1261/704/961
f 405/705/962 399/739/1013 398/775/1072
f 666/640/872 667/674/907 664/779/1080
f 1441/780/1081 1439/675/908 1440/641/873
f 1510/689/940 1505/684/926 1503/781/1082
f 1210/698/1083 1211/699/1061 1208/769/1060
f 420/754/1065 419/697/953 433/716/979
f 381/752/1044 380/782/1084 385/761/1045
f 1196/783/1085 1195/750/1028 1197/761/1046
f 1494/777/1074 1493/784/1086 1499/764/1051
f 648/784/1087 647/776/1073 654/764/1050
f 1494/777/1074 1497/751/1029 1495/728/996
f 353/757/1038 354/736/1007 351/778/1075
f 805/767/1055 806/785/1088 807/746/1021
f 1530/786/1089 1529/770/1063 1528/770/1062
f 1503/781/1082 1509/732/1002 1510/689/940
f 1213/737/1009 1215/757/1039 1214/787/1090
f 1187/747/1056 1195/750/1028 1196/783/1085
f 805/767/1055 803/788/1091 802/789/1092
f 1503/781/1082 1505/684/926 1504/687/980
f 657/790/1093 660/743/1017 659/759/1067
f 1521/760/1068 1522/744/1018 1517/791/1094
f 380/782/1084 386/792/1095 385/761/1045
f 1191/792/1096 1196/783/1085 1197/761/1046
f 633/793/1097 636/794/1098 637/795/1099
f 802/789/1092 806/785/1088 805/767/1055
f 437/758/1040 436/796/1100 433/716/979
f 1526/749/1064 1527/749/1064 1528/770/1062
f 1260/738/1012 1255/797/1101 1253/706/963
f 400/707/964 396/798/1102 399/739/1013
f 1214/787/1090 1208/769/1060 1213/737/1009
f 957/773/1070 958/772/1069 955/799/1103
f 644/800/1104 643/748/1031 653/753/1049
f 637/795/1099 638/801/1105 633/793/1097
f 955/799/1103 954/802/1106 957/773/1070
f 381/752/1044 382/726/994 374/803/1107
f 1254/804/1108 1250/687/935 1253/706/963
f 351/778/1075 352/787/1109 353/757/1038
f 653/753/1049 647/776/1073 644/800/1104
f 1495/728/996 1487/805/1110 1494/777/1074
f 630/806/1111 629/807/1112 628/808/1113
f 1167/742/1114 1166/746/1115 1165/809/1116
f 1532/810/1117 1530/786/1089 1531/786/1118
f 1479/768/1119 1482/742/1120 1481/811/1121
f 374/803/1107 380/782/1084 381/752/1044
f 374/803/1107 382/726/994 375/727/1058
f 1487/805/1110 1495/728/996 1488/729/1059
f 1493/784/1086 1494/777/1074 1487/805/1110
f 1255/797/1101 1260/738/1012 1258/774/1071
f 398/775/1072 399/739/1013 396/798/1102
f 1196/783/1085 1188/812/1122 1187/747/1056
f 389/813/1123 392/774/1076 391/762/1047
f 1203/763/1048 1204/775/1077 1199/814/1124
f 1475/815/1125 1478/772/1126 1479/768/1119
f 433/716/979 434/816/1127 420/754/1065
f 1165/809/1116 1166/746/1115 1163/785/1128
f 802/789/1092 803/788/1091 804/817/1129
f 647/776/1073 648/784/1087 646/818/1130
f 628/808/1113 632/819/1131 630/806/1111
f 1502/820/1132 1516/759/1042 1509/732/1002
f 391/762/1047 390/821/1133 389/813/1123
f 1199/814/1124 1202/822/1134 1203/763/1048
f 1528/770/1062 1531/786/1118 1530/786/1089
f 1532/810/1117 1533/810/1135 1534/823/1136
f 628/808/1113 629/807/1112 627/823/1137
f 1208/769/1060 1209/824/1083 1210/698/1083
f 1163/785/1128 1162/789/1138 1161/825/1139
f 1434/620/837 1433/826/1140 1432/766/1053
f 673/765/1052 674/827/1141 669/619/836
f 342/828/1142 343/829/1143 341/830/1144
f 343/829/1143 342/828/1142 344/831/1145
f 1133/832/1146 1136/833/1147 1135/831/1148
f 1188/812/1122 1196/783/1085 1191/792/1096
f 1477/834/1149 1483/799/1150 1478/772/1126
f 954/802/1106 955/799/1103 956/835/1151
f 1183/836/1152 1186/725/993 1187/747/1056
f 639/837/1153 642/731/1001 643/748/1031
f 1531/786/1118 1533/810/1135 1532/810/1117
f 1253/706/963 1255/797/1101 1254/804/1108
f 1479/768/1119 1480/838/1154 1475/815/1125
f 646/818/1130 644/800/1104 647/776/1073
f 659/759/1067 658/820/1155 657/790/1093
f 1517/791/1094 1520/839/1156 1521/760/1068
f 373/840/1157 386/792/1095 380/782/1084
f 1504/687/980 1500/804/1158 1503/781/1082
f 1165/809/1116 1168/811/1159 1167/742/1114
f 1487/805/1110 1486/818/1160 1493/784/1086
f 1478/772/1126 1475/815/1125 1477/834/1149
f 1481/811/1121 1480/838/1154 1479/768/1119
f 1161/825/1139 1164/841/1161 1163/785/1128
f 339/842/1162 341/830/1144 340/843/1163
f 1130/844/1164 1129/845/1165 1136/833/1147
f 1161/825/1139 1162/789/1138 1160/817/1166
f 1509/732/1002 1503/781/1082 1502/820/1132
f 380/782/1084 374/803/1107 373/840/1157
f 1483/799/1150 1477/834/1149 1476/835/1167
f 635/765/1168 636/794/1098 633/793/1097
f 1163/785/1128 1164/841/1161 1165/809/1116
f 626/846/1169 628/808/1113 627/823/1137
f 1533/810/1135 1535/847/1170 1534/823/1136
f 664/779/1080 665/848/1171 666/640/872
f 1440/641/873 1442/849/1172 1441/780/1081
f 1187/747/1056 1188/812/1122 1183/836/1152
f 643/748/1031 644/800/1104 639/837/1153
f 1191/792/1096 1190/840/1173 1188/812/1122
f 1258/774/1071 1257/813/1174 1255/797/1101
f 396/798/1102 397/814/1175 398/775/1072
f 1185/724/1078 1186/725/993 1183/836/1152
f 641/730/1079 642/731/1001 639/837/1153
f 1127/850/1176 1128/851/1177 1129/845/1165
f 1126/852/1178 1128/851/1177 1127/850/1176
f 589/853/1179 592/854/1180 590/855/1181
f 433/716/979 436/796/1100 435/856/1182
f 585/857/1183 589/853/1179 586/858/1184
f 349/859/1185 352/787/1109 351/778/1075
f 375/727/1058 371/860/1186 374/803/1107
f 1488/729/1059 1484/861/1187 1487/805/1110
f 389/813/1123 390/821/1133 387/862/1188
f 1201/863/1189 1202/822/1134 1199/814/1124
f 1535/847/1170 1536/864/1190 1534/823/1136
f 625/864/1191 626/846/1169 627/823/1137
f 435/856/1182 434/816/1127 433/716/979
f 375/727/1058 377/730/1025 376/865/1192
f 1488/729/1059 1490/724/1023 1489/866/1193
f 1477/834/1149 1474/867/1194 1476/835/1167
f 584/868/1195 585/857/1183 580/869/1196
f 1474/867/1194 1477/834/1149 1475/815/1125
f 1159/870/1197 1161/825/1139 1160/817/1166
f 655/871/1198 656/862/1198 657/790/1093
f 1517/791/1094 1518/863/1199 1519/872/1199
f 590/855/1181 592/854/1180 591/873/1200
f 1533/810/1135 1531/786/1118 1539/874/1201
f 1164/841/1161 1161/825/1139 1159/870/1197
f 611/875/1202 610/876/1203 612/835/1204
f 342/828/1142 338/877/1205 344/831/1145
f 1134/878/1206 1133/832/1146 1135/831/1148
f 1474/867/1194 1472/879/1207 1476/835/1167
f 631/880/1208 632/819/1131 624/881/1209
f 341/830/1144 339/842/1162 342/828/1142
f 1136/833/1147 1133/832/1146 1130/844/1164
f 351/778/1075 350/882/1210 349/859/1185
f 1539/874/1201 1535/847/1170 1533/810/1135
f 373/840/1157 374/803/1107 371/860/1186
f 1486/818/1160 1487/805/1110 1484/861/1187
f 1472/879/1207 1471/875/1211 1476/835/1167
f 1462/883/1212 1463/884/1213 1464/873/1214
f 1502/820/1132 1503/781/1082 1500/804/1158
f 657/790/1093 658/820/1155 655/871/1198
f 1519/872/1199 1520/839/1156 1517/791/1094
f 338/877/1205 337/878/1215 344/831/1145
f 364/885/1216 365/886/1217 366/817/1218
f 376/865/1192 371/860/1186 375/727/1058
f 1489/866/1193 1484/861/1187 1488/729/1059
f 1475/815/1125 1473/887/1219 1474/867/1194
f 1156/888/1220 1159/870/1197 1160/817/1166
f 624/881/1209 626/846/1169 625/864/1191
f 1531/786/1118 1528/770/1062 1538/889/1221
f 1159/870/1197 1158/890/1222 1164/841/1161
f 1188/812/1122 1190/840/1173 1189/891/1223
f 644/800/1104 646/818/1130 645/892/1224
f 387/862/1188 388/871/1188 389/813/1123
f 1199/814/1124 1200/872/1189 1201/863/1189
f 292/893/1225 294/894/1226 293/895/1227
f 1183/836/1152 1184/866/1228 1185/724/1078
f 639/837/1153 640/865/1229 641/730/1079
f 1462/883/1212 1460/896/1230 1461/897/1231
f 365/886/1217 367/888/1232 366/817/1218
f 1255/797/1101 1257/813/1174 1256/871/1233
f 1256/871/1233 1254/804/1108 1255/797/1101
f 1537/898/1234 1536/864/1190 1535/847/1170
f 1472/879/1207 1474/867/1194 1473/887/1219
f 1124/899/1235 1126/852/1178 1125/900/1236
f 340/843/1163 334/901/1237 339/842/1162
f 1129/845/1165 1130/844/1164 1127/850/1176
f 291/902/1238 298/903/1239 292/893/1225
f 605/904/1240 609/905/1241 610/876/1203
f 610/876/1203 611/875/1202 605/904/1240
f 297/906/1242 300/907/1243 298/903/1239
f 364/885/1216 363/908/1244 362/909/1245
f 1500/804/1158 1501/871/1246 1502/820/1132
f 633/793/1097 634/910/1247 635/765/1168
f 1189/891/1223 1183/836/1152 1188/812/1122
f 645/892/1224 639/837/1153 644/800/1104
f 590/855/1181 586/858/1184 589/853/1179
f 1460/896/1230 1458/911/1248 1459/912/1249
f 1535/847/1170 1539/874/1201 1537/898/1234
f 1158/890/1222 1159/870/1197 1156/888/1220
f 1538/889/1221 1539/874/1201 1531/786/1118
f 1471/875/1211 1472/879/1207 1469/913/1250
f 625/864/1191 621/898/1251 624/881/1209
f 624/881/1209 623/914/1252 631/880/1208
f 1127/850/1176 1125/900/1236 1126/852/1178
f 362/909/1245 365/886/1217 364/885/1216
f 371/860/1186 372/891/1253 373/840/1157
f 1484/861/1187 1485/892/1254 1486/818/1160
f 1169/915/1255 1170/916/1256 1171/917/1257
f 362/909/1245 363/908/1244 358/918/1258
f 1473/887/1219 1469/913/1250 1472/879/1207
f 338/877/1205 342/828/1142 339/842/1162
f 326/919/1259 329/920/1260 328/848/1261
f 1469/913/1250 1470/904/1262 1471/875/1211
f 1452/921/1263 1453/916/1264 1454/915/1265
f 1458/911/1248 1456/922/1266 1457/923/1267
f 300/907/1243 297/906/1242 299/924/1268
f 1179/925/1269 1182/926/1270 1181/924/1271
f 370/927/1272 367/888/1232 365/886/1217
f 1156/888/1220 1157/927/1273 1158/890/1222
f 349/859/1185 350/882/1210 348/928/1274
f 1461/897/1231 1463/884/1213 1462/883/1212
f 1172/929/1275 1171/917/1257 1173/930/1276
f 586/858/1184 580/869/1196 585/857/1183
f 365/886/1217 362/909/1245 370/927/1272
f 604/931/1277 608/932/1278 609/905/1241
f 587/933/1279 590/855/1181 591/873/1200
f 1463/884/1213 1465/934/1280 1464/873/1214
f 1176/935/1281 1175/936/1282 1182/926/1270
f 1456/922/1266 1452/921/1263 1455/937/1283
f 1133/832/1146 1134/878/1206 1132/938/1284
f 615/919/1285 614/939/1286 616/920/1287
f 1432/766/1053 1433/826/1140 1430/940/1288
f 609/905/1241 605/904/1240 604/931/1277
f 1154/824/1289 1155/859/1290 1153/941/1291
f 623/914/1252 624/881/1209 621/898/1251
f 1174/942/1292 1173/930/1276 1175/936/1282
f 1132/938/1284 1130/844/1164 1133/832/1146
f 1153/941/1291 1152/943/1293 1154/824/1289
f 337/878/1215 338/877/1205 333/944/1294
f 358/918/1258 361/945/1295 362/909/1245
f 607/946/1296 608/932/1278 604/931/1277
f 339/842/1162 333/944/1294 338/877/1205
f 1459/912/1249 1461/897/1231 1460/896/1230
f 619/779/1297 620/827/1298 617/947/1299
f 588/934/1300 587/933/1279 591/873/1200
f 298/903/1239 291/902/1238 297/906/1242
f 1430/940/1288 1431/948/1301 1432/766/1053
f 370/927/1272 362/909/1245 361/945/1295
f 358/918/1258 359/946/1302 360/949/1303
f 348/928/1274 347/941/1304 349/859/1185
f 580/869/1196 579/950/1305 584/868/1195
f 605/904/1240 606/913/1306 601/951/1307
f 333/944/1294 339/842/1162 334/901/1237
f 1139/952/1308 1140/953/1309 1137/954/1310
f 333/944/1294 332/938/1311 337/878/1215
f 347/941/1304 348/928/1274 345/914/1312
f 621/898/1251 622/955/1313 623/914/1252
f 1419/956/1314 1418/957/1315 1422/958/1316
f 1150/955/1317 1151/889/1318 1152/943/1293
f 328/848/1261 327/959/1319 326/919/1259
f 1144/960/1320 1143/961/1321 1149/962/1322
f 360/949/1303 361/945/1295 358/918/1258
f 318/963/1323 321/964/1324 322/965/1325
f 601/951/1307 604/931/1277 605/904/1240
f 1182/926/1270 1179/925/1269 1176/935/1281
f 1131/966/1326 1127/850/1176 1130/844/1164
f 322/965/1325 323/939/1327 318/963/1323
f 361/945/1295 369/967/1328 370/927/1272
f 604/931/1277 603/949/1329 607/946/1296
f 586/858/1184 590/855/1181 587/933/1279
f 1457/923/1267 1459/912/1249 1458/911/1248
f 1419/956/1314 1420/968/1330 1414/969/1331
f 297/906/1242 296/970/1332 299/924/1268
f 1180/971/1333 1179/925/1269 1181/924/1271
f 1152/943/1293 1153/941/1291 1150/955/1317
f 1141/972/1334 1142/973/1335 1143/961/1321
f 1125/900/1236 1121/974/1336 1124/899/1235
f 292/893/1225 290/975/1337 291/902/1238
f 1130/844/1164 1132/938/1284 1131/966/1326
f 345/914/1312 346/955/1338 347/941/1304
f 317/976/1339 310/977/1340 316/962/1341
f 617/947/1299 618/978/1342 619/779/1297
f 334/901/1237 330/979/1343 333/944/1294
f 1123/980/1344 1124/899/1235 1121/974/1336
f 1175/936/1282 1176/935/1281 1174/942/1292
f 1463/884/1213 1461/897/1231 1468/981/1345
f 1146/982/1346 1144/960/1320 1149/962/1322
f 613/963/1347 614/939/1286 615/919/1285
f 334/901/1237 336/983/1348 335/984/1349
f 597/985/1350 598/986/1351 599/958/1352
f 320/987/1353 321/964/1324 318/963/1323
f 603/949/1329 604/931/1277 601/951/1307
f 310/977/1340 317/976/1339 311/988/1354
f 1143/961/1321 1144/960/1320 1141/972/1334
f 296/970/1332 295/971/1355 299/924/1268
f 332/938/1311 333/944/1294 330/979/1343
f 368/989/1356 369/967/1328 361/945/1295
f 1418/957/1315 1421/990/1357 1422/958/1316
f 1414/969/1331 1418/957/1315 1419/956/1314
f 1468/981/1345 1465/934/1280 1463/884/1213
f 293/895/1227 290/975/1337 292/893/1225
f 361/945/1295 360/949/1303 368/989/1356
f 310/977/1340 309/991/1358 316/962/1341
f 1148/991/1359 1146/982/1346 1149/962/1322
f 601/951/1307 602/989/1360 603/949/1329
f 595/992/1361 598/986/1351 597/985/1350
f 1171/917/1257 1172/929/1275 1169/915/1255
f 330/979/1343 331/966/1362 332/938/1311
f 335/984/1349 330/979/1343 334/901/1237
f 1137/954/1310 1138/993/1363 1139/952/1308
f 1455/937/1283 1457/923/1267 1456/922/1266
f 587/933/1279 581/994/1364 586/858/1184
f 326/919/1259 327/959/1319 324/995/1365
f 305/996/1366 306/997/1367 304/998/1368
f 580/869/1196 586/858/1184 581/994/1364
f 1173/930/1276 1174/942/1292 1172/929/1275
f 600/999/1369 597/985/1350 599/958/1352
f 1421/990/1357 1423/999/1370 1422/958/1316
f 581/994/1364 587/933/1279 588/934/1300
f 1454/915/1265 1455/937/1283 1452/921/1263
f 324/995/1365 325/963/1371 326/919/1259
f 318/963/1323 319/1000/1372 320/987/1353
f 296/970/1332 297/906/1242 291/902/1238
f 304/998/1368 303/1001/1373 305/996/1366
f 1461/897/1231 1459/912/1249 1467/1002/1374
f 311/988/1354 307/1003/1375 310/977/1340
f 588/934/1300 582/981/1376 581/994/1364
f 1428/940/1377 1429/1004/1378 1424/1005/1379
f 309/991/1358 310/977/1340 307/1003/1375
f 1144/960/1320 1146/982/1346 1145/1006/1380
f 1467/1002/1374 1468/981/1345 1461/897/1231
f 1178/1007/1381 1176/935/1281 1179/925/1269
f 311/988/1354 313/1008/1382 312/1009/1383
f 593/1010/1384 594/1011/1385 595/992/1361
f 597/985/1350 596/1012/1386 595/992/1361
f 1179/925/1269 1180/971/1333 1178/1007/1381
f 1145/1006/1380 1141/972/1334 1144/960/1320
f 1121/974/1336 1122/1013/1387 1123/980/1344
f 581/994/1364 577/1014/1388 580/869/1196
f 1424/1005/1379 1427/1015/1389 1428/940/1377
f 579/950/1305 580/869/1196 577/1014/1388
f 1417/1016/1390 1421/990/1357 1418/957/1315
f 1146/982/1346 1148/991/1359 1147/1017/1391
f 291/902/1238 289/1018/1392 296/970/1332
f 1418/957/1315 1414/969/1331 1417/1016/1390
f 313/1008/1382 315/1019/1393 314/1020/1394
f 577/1014/1388 581/994/1364 582/981/1376
f 1119/1005/1395 1120/1021/1396 1117/1022/1397
f 295/971/1355 296/970/1332 289/1018/1392
f 312/1009/1383 307/1003/1375 311/988/1354
f 289/1018/1392 291/902/1238 290/975/1337
f 1426/1023/1398 1427/1015/1389 1424/1005/1379
f 1117/1022/1397 1118/1024/1399 1119/1005/1395
f 595/992/1361 596/1012/1386 593/1010/1384
f 1459/912/1249 1457/923/1267 1466/1025/1400
f 1424/1005/1379 1425/1024/1401 1426/1023/1398
f 307/1003/1375 308/1017/1402 309/991/1358
f 582/981/1376 583/1002/1403 577/1014/1388
f 1414/969/1331 1415/1026/1404 1416/1027/1405
f 1177/1028/1406 1174/942/1292 1176/935/1281
f 1147/1017/1391 1145/1006/1380 1146/982/1346
f 289/1018/1392 288/1007/1407 295/971/1355
f 1466/1025/1400 1467/1002/1374 1459/912/1249
f 314/1020/1394 312/1009/1383 313/1008/1382
f 1176/935/1281 1178/1007/1381 1177/1028/1406
f 303/1001/1373 304/998/1368 301/1029/1408
f 577/1014/1388 578/1030/1409 579/950/1305
f 301/1029/1408 302/1031/1410 303/1001/1373
f 290/975/1337 287/1032/1411 289/1018/1392
f 1416/1027/1405 1417/1016/1390 1414/969/1331
f 288/1007/1407 289/1018/1392 287/1032/1411
f 287/1032/1411 286/1028/1412 288/1007/1407
f 800/369/1413 801/248/1413 798/117/1413
f 1412/1033/1414 1413/1027/1414 1408/1034/1415
f 798/117/1413 799/370/1413 800/369/1413
f 1115/1035/1416 1116/1036/1416 1113/1037/1416
f 1113/1037/1416 1114/1038/1416 1115/1035/1416
f 1408/1034/1415 1409/1036/1417 1410/1035/1417
f 1408/1034/1415 1411/1039/1415 1412/1033/1414
f 286/1028/1412 287/1032/1411 284/1040/1418
f 1410/1035/1417 1411/1039/1415 1408/1034/1415
f 284/1040/1418 285/1041/1418 286/1028/1412
f 143/1042/1419 144/1043/1419 141/1044/1419
f 796/370/1420 797/117/1420 794/116/1420
f 575/1043/1421 576/1045/1421 573/1046/1421
f 1406/1046/1422 1407/1045/1422 1404/1047/1422
f 141/1044/1419 142/1048/1419 143/1042/1419
f 573/1046/1421 574/1044/1421 575/1043/1421
f 794/116/1420 795/1049/1420 796/370/1420
f 1404/1047/1422 1405/1050/1422 1406/1046/1422
f 792/1051/1423 793/1052/1423 791/1053/1424
f 951/1054/1425 952/1055/1425 949/1052/1426
f 281/1056/1427 282/1057/1427 279/1058/1428
f 571/1059/1429 572/1058/1429 570/1060/1430
f 790/1061/1431 791/1053/1424 788/1062/1432
f 569/1063/1430 570/1060/1430 567/1064/1433
f 564/1050/1434 565/1048/1434 562/1044/1434
f 952/1055/1425 951/1054/1425 953/1065/1435
f 787/1066/1432 788/1062/1432 789/1067/1436
f 566/1068/1433 567/1064/1433 568/1065/1437
f 282/1057/1427 281/1056/1427 283/1067/1438
f 562/1044/1434 563/1046/1434 564/1050/1434
f 949/1052/1426 950/1051/1426 951/1054/1425
f 279/1058/1428 280/1059/1428 281/1056/1427
f 791/1053/1424 790/1061/1431 792/1051/1423
f 788/1062/1432 787/1066/1432 790/1061/1431
f 567/1064/1433 566/1068/1433 569/1063/1430
f 570/1060/1430 569/1063/1430 571/1059/1429
o AMlights02
v -275.015472 -0.724773 26.843967
v -275.368469 5.449154 26.843973
v -298.898956 3.136627 25.492088
v -298.598419 -2.120068 25.492085
v -314.576660 -2.058090 21.763264
v -314.762390 1.190727 21.763266
v 94.313370 -47.018288 67.540009
v 73.379028 -46.646500 66.360596
v 73.379028 -51.061455 61.942848
v 94.313370 -51.850998 62.398697
v 73.379028 -52.679863 55.910519
v 94.313370 -53.887154 55.642788
v 59.246262 -48.264908 60.328262
v 59.246262 -49.265137 56.600075
v -150.980225 -52.035355 30.662735
v -150.980225 -50.926487 35.989674
v -159.165466 -44.744362 30.995367
v -144.757462 -55.024376 30.406420
v -144.757462 -53.061066 37.742870
v -151.027908 -46.538551 39.281910
v -144.757462 -47.921055 42.277039
v -116.951248 -46.300083 49.613491
v -116.951248 -56.105343 42.277039
v -75.762909 -57.773148 43.920906
v -75.762909 -47.415443 52.273319
v -278.526855 -46.384045 -0.860445
v -278.526855 -50.194878 -3.164981
v -262.579163 -54.005711 -0.860444
v -262.579163 -47.839653 2.868374
v -238.956329 -49.169540 4.220259
v -238.956329 -55.335594 -0.024933
v -129.841125 -50.293922 -24.635843
v -143.973892 -49.296051 -28.364662
v -143.973892 -51.908508 -30.669193
v -129.841125 -54.520962 -28.364662
v -108.906784 -55.432648 -27.529148
v -108.906784 -51.205608 -23.283960
v 33.578709 -54.191483 20.166101
v 5.772499 -52.228172 12.829656
v 5.772499 -57.368172 8.295482
v 33.578709 -62.508179 12.829654
v 74.767029 -64.140884 14.473520
v 74.767029 -55.824184 22.825933
v 5.772499 -59.331478 0.959035
v 33.578709 -65.684883 0.959033
v 74.767029 -67.317589 0.959033
v -0.497936 -55.387856 6.542292
v -0.497936 -56.496727 1.215349
v 59.246262 -53.651333 35.791431
v 59.246262 -56.263786 33.486897
v 73.379028 -58.876236 35.791431
v 73.379028 -54.649200 39.520248
v 94.313370 -55.560883 40.872135
v 94.313370 -59.787922 36.626942
v 136.865891 -57.804794 21.078424
v 87.459282 -59.072136 13.168543
v 87.459267 -64.019150 12.571627
v 136.865875 -66.105911 18.693430
v 87.459267 -66.626305 8.279966
v 136.865875 -69.756088 13.168540
v 9.606331 -47.755020 92.922424
v 9.606319 -30.964794 107.239571
v -61.925137 -30.808987 97.312202
v -61.925137 -45.079929 84.325066
v -122.703354 -30.943970 86.227943
v -122.703354 -44.147766 74.725807
v -170.344101 -30.943970 76.342300
v -170.344101 -41.608864 66.164604
v -366.026642 -34.844879 31.100466
v -366.026642 -38.116055 21.583670
v -297.826630 -42.211906 30.240726
v -297.704742 -38.138268 42.902729
v -244.835327 -40.431007 48.395443
v -245.322876 -44.533230 35.867077
v -186.809952 -46.452705 40.030197
v -186.078629 -42.462357 53.158009
v -206.699829 -50.194870 -3.164979
v -206.699829 -46.384045 -0.860443
v -219.530762 -47.839653 2.868375
v -219.530762 -54.005707 -0.860444
v -243.534637 -55.335594 -0.024933
v -243.534637 -49.169540 4.220259
v 116.383469 -46.646500 66.360596
v 95.111389 -47.018288 67.540009
v 95.111389 -51.850998 62.398697
v 116.383469 -51.061451 61.942852
v 95.111389 -53.887154 55.642788
v 116.383469 -52.679859 55.910526
v 127.754120 -49.265137 56.600079
v 127.754120 -48.264908 60.328262
v -35.855778 -56.105339 42.277039
v -35.855778 -49.211266 49.613491
v -77.708572 -47.415443 52.273319
v -77.708572 -57.773148 43.920906
v -90.115051 -54.520958 -28.364662
v -78.744400 -51.908501 -30.669193
v -78.744400 -49.296051 -28.364662
v -90.115051 -50.293919 -24.635843
v -111.387131 -51.205608 -23.283960
v -111.387131 -55.432648 -27.529148
v 127.754120 -56.263779 33.486897
v 127.754120 -53.651329 35.791431
v 116.383469 -54.649193 39.520248
v 116.383469 -58.876236 35.791431
v 95.111389 -59.787922 36.626942
v 95.111389 -55.560883 40.872135
v 200.623810 -57.707611 21.078424
v 138.350372 -57.804794 21.078424
v 138.350357 -66.105911 18.693430
v 200.405411 -65.590706 18.693430
v 262.375092 -58.977783 13.168545
v 262.375092 -62.989365 12.571628
v 138.350357 -69.756088 13.168540
v 200.405411 -69.444870 13.168542
v 117.102509 -65.684875 0.959033
v 117.102509 -62.508179 12.829654
v 75.249725 -64.140884 14.473520
v 75.249725 -67.317589 0.959033
v 151.137115 -32.682320 104.458473
v 101.711288 -30.928326 111.462479
v 101.711288 -46.721020 96.579559
v 151.137115 -46.295700 90.513908
v -278.526855 -50.194878 -10.622616
v -278.526855 -46.384052 -12.927152
v -262.579163 -47.839661 -16.655970
v -262.579163 -54.005714 -12.927154
v -238.956329 -55.335602 -13.762663
v -238.956329 -49.169552 -18.007854
v -150.980225 -50.926487 25.335793
v -151.027908 -46.538551 22.043560
v -144.757462 -47.921062 18.535801
v -144.757462 -53.061062 23.069973
v -150.980225 -52.035355 30.662735
v -159.165466 -44.744362 30.995367
v -116.951248 -58.201073 18.535799
v -116.951248 -49.884365 11.199354
v -75.762909 -52.186646 8.539521
v -75.762909 -59.868874 16.891932
v -144.757462 -55.024376 30.406420
v -129.841125 -54.520962 -40.431366
v -143.973892 -51.908508 -38.126831
v -143.973892 -49.296051 -40.431366
v -129.841125 -50.293922 -44.160179
v -108.906784 -51.205608 -45.512066
v -108.906784 -55.432648 -41.266876
v 38.057659 -55.054375 -56.030315
v 23.924900 -51.639648 -56.719879
v 23.924900 -50.639427 -60.448059
v 38.057659 -53.435974 -62.062649
v 58.992008 -54.225513 -62.518497
v 58.992004 -56.261673 -55.762585
v 23.924902 -47.910835 -63.178375
v 38.057659 -49.021019 -66.480392
v 58.992008 -49.392807 -67.659813
v 59.246262 -56.263786 26.029264
v 59.246262 -53.651333 23.724730
v 73.379028 -54.649200 19.995911
v 73.379028 -58.876244 23.724730
v 59.246262 -57.261658 29.758080
v 73.379028 -60.490826 29.758080
v 94.313370 -59.787926 22.889217
v 94.313370 -55.560883 18.644028
v 33.578709 -65.684883 0.959033
v 5.772499 -59.331478 0.959035
v 5.772499 -57.368172 -6.377411
v 33.578709 -62.508179 -10.911587
v 5.772499 -52.228172 -10.911583
v 33.578709 -54.191483 -18.248030
v 74.767029 -55.824184 -20.907866
v 74.767029 -64.140884 -12.555454
v 87.459282 -59.072136 -12.428368
v 136.865891 -57.804794 -20.338247
v 136.865875 -66.105911 -17.953255
v 87.459267 -64.019142 -11.831455
v 136.865875 -69.756088 -12.428371
v 87.459267 -66.626305 -7.539793
v 136.865860 -72.965302 0.370084
v 87.459267 -68.609711 0.370086
v -61.925137 -30.808994 -96.562424
v 9.606319 -30.964804 -106.489807
v 9.606331 -47.755028 -92.172668
v -61.925137 -45.079933 -83.575272
v -122.703354 -30.943974 -85.478142
v -122.703354 -44.147766 -73.976028
v -170.344101 -30.943974 -75.592506
v -170.344101 -41.608868 -65.414803
v -297.826630 -42.211914 -29.500553
v -366.026642 -38.116055 -20.843494
v -366.026642 -34.844879 -30.360292
v -297.704742 -38.138268 -42.162560
v -244.835327 -40.431011 -47.655277
v -245.322876 -44.533234 -35.126904
v -186.809952 -46.452713 -39.290028
v -186.078629 -42.462360 -52.417835
v 80.492294 -49.021019 -66.480392
v 91.862946 -47.910835 -63.178375
v 91.862946 -50.639427 -60.448067
v 80.492294 -53.435966 -62.062649
v 59.220222 -54.225513 -62.518497
v 59.220222 -49.392807 -67.659813
v 91.862946 -51.639656 -56.719883
v 80.492294 -55.054371 -56.030323
v 59.220222 -56.261673 -55.762585
v -206.699829 -46.384048 -12.927152
v -206.699829 -50.194878 -10.622616
v -219.530762 -54.005711 -12.927152
v -219.530762 -47.839657 -16.655970
v -243.534637 -49.169548 -18.007854
v -243.534637 -55.335602 -13.762663
v -35.855778 -49.884361 11.199354
v -13.484005 -47.921051 18.535801
v -13.484005 -53.061066 23.069973
v -35.855778 -58.201073 18.535799
v -77.708572 -59.868874 16.891932
v -77.708572 -52.186646 8.539521
v -90.115051 -50.293919 -44.160179
v -78.744400 -49.296051 -40.431366
v -78.744400 -51.908501 -38.126831
v -90.115051 -54.520958 -40.431366
v -111.387131 -55.432648 -41.266876
v -111.387131 -51.205608 -45.512066
v 117.102509 -54.191475 -18.248030
v 139.474289 -52.228165 -10.911585
v 139.474289 -57.368172 -6.377411
v 117.102509 -62.508179 -10.911587
v 75.249725 -64.140884 -12.555454
v 75.249725 -55.824184 -20.907866
v 139.474289 -59.331478 0.959035
v 117.102509 -65.684875 0.959033
v 75.249725 -67.317589 0.959033
v 127.754120 -56.263786 26.029264
v 127.754120 -57.261650 29.758080
v 116.383469 -60.490829 29.758080
v 116.383469 -58.876236 23.724730
v 127.754120 -53.651329 23.724730
v 116.383469 -54.649200 19.995911
v 95.111389 -55.560883 18.644028
v 95.111389 -59.787926 22.889217
v 200.623810 -57.707611 -20.338247
v 262.375092 -58.977783 -12.428370
v 262.375092 -62.989365 -11.831455
v 200.405411 -65.590706 -17.953259
v 138.350372 -57.804794 -20.338247
v 138.350357 -66.105911 -17.953255
v 200.405411 -69.444870 -12.428371
v 138.350357 -69.756088 -12.428371
v 101.711288 -46.721027 -95.829773
v 101.711288 -30.928333 -110.712685
v 151.137115 -32.682327 -103.708679
v 151.137115 -46.295708 -89.764130
v 74.767044 17.601151 -18.396618
v 89.706329 18.865601 -16.612993
v 89.706299 21.479858 -26.294376
v 74.767044 19.871704 -26.784615
v 59.155529 15.940636 -22.115767
v 59.155529 18.061600 -28.005680
v -98.921371 22.644138 16.697144
v -121.026367 19.512238 14.672903
v -121.026367 14.835636 23.282360
v -98.921371 16.184734 28.580282
v -72.149673 23.853588 17.654234
v -72.149673 16.932121 31.085222
v -98.921356 1.190224 33.117867
v -72.149673 1.190067 36.213852
v 127.469177 18.865814 -16.413137
v 89.706329 18.865601 -16.612993
v 89.706329 13.025818 -12.813925
v 127.469162 13.069637 -12.574318
v -275.368469 5.449158 26.843977
v -275.611572 9.701912 22.598782
v -299.142151 7.389385 21.763271
v -298.898956 3.136631 25.492090
v -314.762390 1.190731 21.763268
v -314.912659 3.819077 19.458735
v 238.700226 8.921051 33.901821
v 217.765869 7.294437 33.788223
v 217.765869 6.178711 39.313354
v 238.700226 7.358128 39.685146
v 217.765869 1.760967 43.728310
v 238.700226 2.216808 44.517857
v 59.330994 -3.657940 75.365250
v 37.383961 -4.447107 74.336662
v 37.383961 -9.490131 77.416946
v 59.330994 -8.794970 78.978668
v -118.718506 17.137711 14.660782
v -167.442032 13.983906 14.806413
v -167.442032 10.813908 26.482924
v -118.718506 13.754108 26.101789
v -167.442032 3.484524 30.941601
v -118.718506 8.280067 30.470526
v -206.860184 3.484673 29.282166
v -206.860184 10.124996 25.140285
v 92.062469 15.304962 20.639034
v 9.507637 14.475040 21.240799
v 9.565765 12.131451 29.560175
v 92.057648 12.932278 30.134615
v -200.214050 7.994774 25.520590
v -200.184143 10.436081 17.796522
v -245.543671 8.458534 15.470439
v -245.547607 5.581142 22.114359
v -245.523499 1.820786 31.086391
v -200.166595 4.432964 35.711838
v -103.742676 6.234612 43.155548
v -103.785110 10.620029 29.900248
v -196.659195 -4.795101 48.290653
v -103.057846 -2.563358 52.004768
v 9.583752 8.908943 45.541283
v 6.340984 -0.576904 56.009987
v -245.332428 -7.207283 43.575233
v -289.846832 -9.473764 39.096191
v -288.446869 -0.959579 26.770206
v -355.078522 -5.264620 14.681773
v -350.259216 -2.594311 12.420474
v -360.144653 -3.145180 7.220021
v -364.616638 -5.819246 8.360090
v -122.703354 -17.740173 74.725838
v -170.344101 -20.279076 66.164619
v -170.344101 -30.943970 76.342308
v -122.703354 -30.943970 86.227951
v -61.925137 -16.538048 84.325073
v -61.925137 -30.808987 97.312210
v 9.606300 -16.114321 92.922417
v 9.606319 -30.964794 107.239586
v -12.647522 23.711952 17.270573
v -74.037033 23.853588 17.654234
v -74.037033 16.932121 31.085222
v -12.647522 16.844608 30.081095
v 37.017647 19.813206 15.001667
v 37.017651 14.435371 24.142830
v -12.647522 1.190094 34.972778
v 37.017643 3.241199 27.633381
v -74.037048 1.190067 36.213852
v 128.802048 21.436375 -26.210636
v 90.430000 21.479858 -26.294376
v 90.430023 18.865601 -16.612993
v 128.802063 18.865814 -16.413137
v 151.728882 17.599529 -18.946587
v 151.728882 19.989666 -27.014940
v 159.845703 16.986481 -20.744724
v 159.845703 19.414551 -27.643982
v 173.114853 13.947784 -27.282951
v 173.114853 13.178150 -24.455500
v 151.728882 12.467464 -15.869240
v 128.802063 13.069637 -12.574318
v 45.834652 16.505276 5.238420
v 37.017647 19.814384 3.701503
v 37.017647 19.813206 15.001667
v 45.834652 16.504379 13.463525
v -256.517487 5.927216 25.492090
v -256.764557 10.179977 21.763273
v -280.781250 9.701912 22.598782
v -280.534180 5.449158 26.843977
v -256.212067 0.670517 25.492086
v -243.649902 5.669109 21.763271
v -243.461121 2.420296 21.763268
v -280.175507 -0.724773 26.843969
v 263.099609 7.294449 33.788227
v 241.827515 8.921051 33.901821
v 241.827515 7.358128 39.685146
v 263.099609 6.178715 39.313358
v 274.470276 2.876698 38.203171
v 274.470276 3.566254 34.788452
v 241.827515 2.216808 44.517857
v 263.099609 1.760975 43.728313
v 274.470276 0.146381 40.931767
v 241.827515 -4.539093 46.554008
v 263.099609 -4.271358 45.346710
v 274.470276 -3.581802 41.931992
v -236.654724 6.444912 17.503004
v -243.802612 8.297466 19.458735
v -243.649902 5.669109 21.763271
v -236.604980 5.589203 18.598831
v 81.865791 -4.447102 74.336662
v 59.564678 -3.657940 75.365250
v 59.564674 -8.794970 78.978668
v 81.865791 -9.490128 77.416946
v 92.824181 15.304962 20.639034
v 92.819275 12.932278 30.134615
v 176.094925 12.710300 28.870258
v 176.106766 15.055645 19.651720
v 237.726410 12.348457 18.297752
v 237.707779 10.141544 26.423290
v 282.204437 6.699814 22.788567
v 282.230957 8.693600 15.863385
v 307.188354 5.601322 14.216451
v 307.158203 3.858952 19.943090
v 92.850098 8.370411 43.915287
v 92.819275 12.932278 30.134615
v 8.996632 12.131451 29.560175
v 9.014908 8.908943 45.541283
v 174.840652 -0.454403 49.387726
v 176.132675 8.102367 41.019547
v 92.850098 8.370411 43.915287
v 91.993973 0.235497 53.365463
v 151.137115 -32.682320 104.458481
v 151.137115 -17.498816 90.513924
v 101.711288 -15.734735 96.579582
v 101.711288 -30.928326 111.462494
v 59.155529 17.264153 -32.371235
v 59.155529 18.061600 -28.005680
v 74.767044 19.871704 -26.784615
v 74.767044 18.532425 -34.114689
v 59.155529 13.852875 -35.433056
v 74.767044 14.094887 -39.475132
v 59.155540 9.130764 -36.021637
v 74.767044 8.254063 -40.818420
v 89.706299 19.870045 -35.105072
v 89.706314 14.651035 -41.567814
v -314.970032 4.823021 15.729914
v -299.235016 9.013802 15.729917
v -299.142151 7.389385 9.696562
v -314.912659 3.819077 12.001097
v -298.898956 3.136631 5.967741
v -299.142151 7.389385 9.696562
v -275.611572 9.701912 8.861051
v -275.368469 5.449158 4.615858
v -121.026367 14.838337 -4.581068
v -121.026367 19.513260 4.030020
v -98.921371 22.645561 2.007386
v -98.921371 16.188457 -9.877994
v -72.149673 23.855106 1.051059
v -72.149673 16.936092 -12.382455
v -118.718506 17.138462 0.517599
v -79.300323 19.881947 0.931124
v -79.300323 16.967709 -9.842601
v -118.718506 13.756058 -10.925553
v -167.442032 13.984608 0.372091
v -167.442032 10.815731 -11.306620
v -206.860184 12.869671 0.884683
v -206.860184 10.126579 -9.964234
v 92.062469 15.304962 -19.926315
v 92.057632 12.932278 -29.421885
v 9.565765 12.131451 -28.847445
v 9.507637 14.475040 -20.528076
v -103.766739 10.655140 -27.850632
v -103.764862 13.507809 -20.161400
v -200.214050 7.994781 -23.461018
v -200.184143 10.436081 -17.083797
v -245.543671 8.458534 -14.757721
v -245.547607 5.581150 -21.171385
v -287.242920 3.242222 -18.629387
v -286.253021 6.213921 -12.556830
v -319.555481 3.680340 -10.299858
v -103.742691 6.234623 -42.442814
v -200.166595 4.432976 -34.999104
v -245.523499 1.820789 -30.373674
v -288.446869 -0.959572 -26.057484
v -322.693237 -2.851177 -22.233278
v -321.366913 1.293587 -16.084751
v -196.659195 -4.795092 -47.577934
v -245.332428 -7.207275 -42.862518
v -289.846832 -9.473759 -38.383488
v -103.057877 -2.563354 -51.292042
v 9.583752 8.908943 -44.828560
v 6.340984 -0.576900 -55.297268
v -101.018204 -9.174084 -58.655209
v -339.537537 -1.960049 -15.549244
v -333.216766 0.920536 -13.201483
v -345.617584 -0.538948 -8.931552
v -350.259216 -2.594315 -11.707752
v -62.965969 11.735153 -42.716816
v -43.365391 12.562408 -42.680649
v -43.365391 10.434162 -46.898933
v -62.965969 9.966511 -46.506535
v -76.198303 8.310120 -45.116657
v -76.198303 9.403198 -42.774487
v -43.365383 6.649525 -49.727341
v -62.965969 6.541489 -48.906372
v -76.198303 6.193340 -46.599838
v -360.144653 -3.145180 -6.507304
v -350.259216 -2.594315 -11.707752
v -355.078522 -5.264626 -13.969056
v -364.616638 -5.819246 -7.647377
v -368.643860 -5.895132 0.356358
v -364.302429 -3.569706 0.356358
v -216.460815 -30.943974 -56.986828
v -216.460815 -23.320759 -49.301815
v -170.344101 -20.279076 -65.414825
v -170.344101 -30.943974 -75.592514
v -122.703354 -17.740177 -73.976051
v -122.703354 -30.943974 -85.478149
v -61.925137 -16.538054 -83.575310
v -61.925137 -30.808994 -96.562431
v 9.606293 -16.114332 -92.172676
v 9.606319 -30.964804 -106.489815
v 151.728882 18.724926 -33.937408
v 151.728882 19.989666 -27.014940
v 159.845703 19.414551 -27.643982
v 159.845703 18.407425 -33.157066
v 173.114853 13.377037 -30.406473
v 173.114853 13.947784 -27.282951
v 128.802048 19.799473 -35.169441
v 151.728882 18.724926 -33.937408
v 151.728867 14.288387 -38.957981
v 128.802063 14.580334 -41.755726
v 90.430000 19.870045 -35.105072
v 90.430016 14.651035 -41.567814
v 128.802063 7.772499 -41.672119
v 90.430016 7.816319 -43.214058
v 151.728882 8.374664 -40.158955
v 159.845688 8.791504 -37.878460
v 159.845703 14.349781 -37.066296
v -243.802612 8.297466 12.001097
v -256.764557 10.179977 9.696563
v -256.858917 11.804386 15.729917
v -243.860931 9.301403 15.729916
v -280.534180 5.449158 4.615858
v -280.781250 9.701912 8.861051
v -256.764557 10.179977 9.696563
v -256.517487 5.927216 5.967743
v -12.647530 23.713463 1.434410
v 37.017647 19.814384 3.701503
v 37.017647 14.438461 -5.441379
v -12.647522 16.848549 -11.378523
v -74.037033 23.855106 1.051059
v -74.037033 16.936092 -12.382455
v 176.094879 12.710300 -28.157532
v 176.106735 15.055653 -18.938999
v 237.726349 12.348457 -17.585035
v 237.707779 10.141544 -25.710569
v 282.204437 6.699814 -22.048367
v 282.230957 8.693607 -15.123189
v 307.188354 5.601322 -13.476254
v 307.158203 3.858952 -19.202898
v 8.996632 12.131451 -28.847445
v 92.819267 12.932278 -29.421885
v 92.850082 8.370411 -43.202560
v 9.014908 8.908943 -44.828560
v -24.871632 6.541496 -48.906372
v -44.788410 6.649525 -49.727341
v -44.788418 10.434162 -46.898933
v -24.871639 9.966518 -46.506535
v -14.225422 8.310135 -45.116657
v -14.225422 6.193352 -46.599842
v -44.788418 12.562408 -42.680649
v -24.871639 11.735153 -42.716816
v -14.225422 9.403206 -42.774487
v 92.850082 8.370411 -43.202560
v 176.132675 8.102360 -40.306820
v 174.840652 -0.454403 -48.674992
v 91.993973 0.235497 -52.652740
v 101.711273 -15.734749 -95.829803
v 151.137115 -17.498827 -89.764145
v 151.137115 -32.682327 -103.708679
v 101.711288 -30.928333 -110.712700
vn -0.0957 -0.9209 -0.3779
vn -0.0959 -0.9087 -0.4062
vn -0.0852 -0.9664 -0.2423
vn 0.0066 -0.8211 -0.5707
vn 0.0042 -0.8343 -0.5512
vn 0.0036 -0.5923 -0.8057
vn 0.0067 -0.8334 0.5527
vn 0.0041 -0.8201 0.5721
vn 0.0419 -0.4898 0.8709
vn -0.1005 -0.8486 0.5194
vn -0.1068 -0.8296 0.5481
vn -0.1260 -0.5815 0.8038
vn 0.0040 -0.5935 0.8048
vn 0.0390 -0.4906 -0.8705
vn -0.1284 -0.5435 -0.8295
vn -0.1324 -0.5762 -0.8065
vn 0.0398 -0.9714 0.2341
vn 0.0379 -0.9728 0.2287
vn 0.0458 -0.9666 0.2522
vn -0.1385 -0.5517 0.8225
vn -0.1416 -0.8413 0.5217
vn -0.1255 -0.9584 0.2565
vn -0.0459 -0.9711 0.2341
vn 0.1671 -0.8376 -0.5202
vn 0.1491 -0.9552 -0.2556
vn 0.0452 -0.9712 -0.2340
vn -0.0617 -0.8686 0.4916
vn 0.0607 -0.8687 -0.4916
vn 0.0478 -0.9649 0.2582
vn 0.0021 -0.2773 -0.9608
vn 0.0590 -0.2900 0.9552
vn -0.1291 -0.1354 -0.9823
vn -0.1313 -0.2638 0.9556
vn 0.1033 -0.1464 0.9838
vn 0.1044 -0.1583 0.9818
vn -0.2901 -0.9271 0.2372
vn 0.2646 -0.9316 -0.2493
vn 0.1215 -0.1581 -0.9799
vn 0.0537 -0.2876 -0.9563
vn -0.2358 -0.8301 -0.5053
vn -0.1802 -0.7770 -0.6032
vn -0.2155 -0.9433 -0.2524
vn -0.1452 -0.2732 -0.9509
vn -0.0593 -0.6997 -0.7120
vn -0.0562 -0.7075 -0.7045
vn 0.0004 -0.2761 0.9611
vn -0.1540 -0.1184 0.9810
vn -0.1451 -0.6590 0.7380
vn 0.1696 -0.6564 -0.7351
vn 0.1227 -0.1461 -0.9816
vn -0.2745 -0.8609 0.4284
vn 0.2887 -0.8188 -0.4963
vn -0.1758 -0.7750 -0.6070
vn 0.2154 -0.7698 -0.6009
vn -0.1553 -0.6578 0.7370
vn -0.0589 -0.7074 0.7044
vn -0.0620 -0.6996 0.7119
vn 0.0580 -0.7074 -0.7044
vn 0.0610 -0.6997 -0.7118
vn -0.0735 -0.7067 0.7037
vn 0.0723 -0.7068 -0.7037
vn -0.0733 -0.6991 -0.7113
vn -0.1465 -0.6588 -0.7379
vn 0.0722 -0.6992 0.7112
vn 0.1739 -0.6514 0.7385
vn 0.1711 -0.6562 0.7349
vn -0.1530 -0.6537 -0.7411
vn -0.2376 -0.6426 -0.7284
vn -0.3745 -0.9016 0.2162
vn -0.3983 -0.8980 0.1869
vn -0.0615 -0.7227 -0.6884
vn -0.0567 -0.7348 -0.6759
vn -0.1586 -0.6599 -0.7345
vn -0.0762 -0.7066 -0.7035
vn 0.0750 -0.7066 0.7036
vn 0.2908 -0.6329 0.7175
vn -0.1544 -0.6536 0.7409
vn 0.1789 -0.6509 -0.7378
vn -0.2376 -0.6426 0.7284
vn 0.2908 -0.6329 -0.7175
vn 0.1712 -0.6586 -0.7327
vn 0.1730 -0.6516 -0.7386
vn 0.0788 -0.7221 -0.6873
vn -0.0473 -0.8664 -0.4970
vn -0.0515 -0.9562 -0.2882
vn -0.1265 -0.9572 -0.2602
vn 0.1582 -0.8543 -0.4951
vn 0.1534 -0.9544 -0.2561
vn 0.0435 -0.9582 -0.2829
vn 0.0466 -0.8637 -0.5018
vn -0.1338 -0.8591 -0.4941
vn 0.0832 -0.7335 -0.6746
vn 0.0489 -0.6433 0.7640
vn 0.0555 -0.6268 0.7772
vn 0.0208 -0.7099 0.7040
vn -0.0620 -0.6996 -0.7119
vn -0.0589 -0.7074 -0.7044
vn -0.1553 -0.6578 -0.7370
vn 0.0610 -0.6997 0.7118
vn 0.0580 -0.7074 0.7044
vn 0.1814 -0.6548 0.7337
vn -0.1588 -0.6531 -0.7404
vn -0.1465 -0.6588 0.7379
vn -0.1477 -0.6543 0.7417
vn -0.0733 -0.6991 0.7113
vn 0.1711 -0.6562 -0.7349
vn 0.1739 -0.6514 -0.7385
vn 0.0722 -0.6992 -0.7112
vn -0.1182 -0.6026 0.7892
vn -0.1246 -0.5944 0.7944
vn -0.0651 -0.6212 0.7809
vn 0.2646 -0.9314 -0.2499
vn -0.3751 -0.7250 -0.5777
vn -0.4288 -0.8727 -0.2335
vn -0.5332 -0.8252 -0.1866
vn -0.3457 -0.6113 -0.7119
vn -0.2227 -0.8443 -0.4874
vn -0.3943 -0.8932 0.2161
vn -0.3347 -0.7285 0.5978
vn -0.4905 -0.7717 0.4048
vn 0.1781 -0.5143 -0.8389
vn 0.0600 -0.5661 -0.8222
vn 0.0631 -0.5570 -0.8281
vn -0.1537 -0.5164 0.8424
vn -0.0609 -0.5660 0.8221
vn -0.0641 -0.5568 0.8282
vn -0.1265 -0.9572 0.2602
vn -0.0515 -0.9562 0.2882
vn -0.0473 -0.8664 0.4970
vn -0.5306 -0.8298 0.1727
vn 0.0435 -0.9582 0.2829
vn 0.1534 -0.9544 0.2561
vn 0.1201 -0.8974 0.4246
vn -0.2155 -0.9431 -0.2530
vn -0.0751 -0.5562 -0.8276
vn -0.1457 -0.5119 -0.8466
vn -0.1516 -0.5165 -0.8428
vn 0.0740 -0.5564 0.8276
vn 0.1702 -0.5099 0.8432
vn 0.1780 -0.5142 0.8390
vn -0.0442 -0.7240 -0.6884
vn -0.0762 -0.7066 0.7035
vn 0.0750 -0.7066 -0.7036
vn 0.0466 -0.8637 0.5018
vn -0.2376 -0.6426 0.7285
vn 0.1491 -0.7017 -0.6967
vn -0.5098 -0.7769 -0.3695
vn -0.1544 -0.6536 -0.7409
vn 0.1789 -0.6509 0.7378
vn 0.2732 -0.8331 -0.4810
vn -0.1043 -0.9013 0.4204
vn 0.2646 -0.9314 0.2499
vn 0.0123 -0.7287 0.6847
vn 0.0506 -0.7277 -0.6840
vn -0.0788 -0.5653 -0.8211
vn 0.0776 -0.5654 0.8212
vn -0.2401 -0.5023 -0.8307
vn 0.2938 -0.4946 0.8179
vn -0.2155 -0.9431 0.2530
vn -0.2155 -0.6907 -0.6903
vn -0.1308 -0.7013 -0.7008
vn -0.0671 -0.6263 0.7767
vn 0.1852 -0.5085 -0.8409
vn -0.1589 -0.5109 0.8448
vn -0.2401 -0.5023 0.8307
vn 0.2938 -0.4946 -0.8179
vn -0.4237 -0.5729 0.7016
vn -0.0442 -0.7240 0.6884
vn 0.0432 -0.7110 0.7018
vn -0.6608 -0.7348 -0.1530
vn -0.6537 -0.7409 0.1542
vn 0.2646 -0.6821 -0.6817
vn -0.2914 -0.6328 0.7174
vn 0.0506 -0.7277 0.6840
vn -0.5011 -0.5229 -0.6896
vn -0.0523 -0.7064 0.7059
vn -0.0563 -0.9536 -0.2958
vn -0.0651 -0.9476 -0.3128
vn -0.0637 -0.9483 -0.3108
vn -0.0637 -0.9483 0.3108
vn -0.0651 -0.9476 0.3128
vn -0.0563 -0.9536 0.2958
vn -0.0568 -0.9543 -0.2932
vn -0.0568 -0.9543 0.2932
vn -0.0867 -0.9477 -0.3072
vn -0.0867 -0.9477 0.3072
vn 0.0883 -0.7054 -0.7033
vn 0.0915 -0.7126 -0.6956
vn 0.0816 -0.6905 -0.7187
vn 0.0816 -0.6905 0.7187
vn 0.0915 -0.7126 0.6956
vn 0.0883 -0.7054 0.7033
vn -0.1075 -0.6491 -0.7531
vn -0.1228 -0.6665 -0.7353
vn -0.1215 -0.6658 -0.7362
vn -0.1215 -0.6658 0.7362
vn -0.1228 -0.6665 0.7353
vn -0.1075 -0.6491 0.7531
vn -0.0847 -0.9483 -0.3059
vn -0.0847 -0.9483 0.3059
vn -0.1430 -0.6533 -0.7434
vn -0.1407 -0.6519 -0.7451
vn -0.1407 -0.6519 0.7451
vn -0.1430 -0.6533 0.7434
vn -0.1645 -0.6810 -0.7136
vn -0.1625 -0.6744 -0.7203
vn -0.1625 -0.6744 0.7203
vn -0.1645 -0.6810 0.7136
vn -0.0977 -0.9419 -0.3215
vn -0.0977 -0.9419 0.3215
vn -0.0976 -0.9412 -0.3235
vn -0.0976 -0.9412 0.3235
vn 0.0785 -0.6837 -0.7255
vn 0.0785 -0.6837 0.7255
vn -0.1064 -0.6452 -0.7566
vn -0.1064 -0.6452 0.7566
vn -0.2276 0.6736 -0.7032
vn -0.2139 0.6705 -0.7104
vn -0.2809 0.6783 -0.6789
vn -0.1444 0.6532 -0.7433
vn -0.1422 0.6518 -0.7449
vn -0.1625 0.6744 0.7203
vn -0.1422 0.6518 0.7449
vn -0.1444 0.6532 0.7433
vn 0.1166 0.6777 -0.7260
vn 0.1251 0.6943 -0.7088
vn 0.1223 0.6889 -0.7145
vn 0.1223 0.6889 0.7145
vn 0.1251 0.6943 0.7088
vn 0.1166 0.6777 0.7260
vn -0.1146 0.6672 -0.7360
vn -0.1129 0.6707 -0.7331
vn -0.1129 0.6707 0.7331
vn -0.1146 0.6672 0.7360
vn -0.0971 0.6874 -0.7197
vn -0.0979 0.6907 -0.7165
vn -0.0979 0.6907 0.7165
vn -0.0971 0.6875 0.7197
vn -0.2811 0.6813 -0.6759
vn -0.1645 0.6810 0.7136
vn 0.1138 0.6720 -0.7317
vn 0.1138 0.6720 0.7317
vn 0.0610 0.5655 0.8225
vn 0.0758 0.5198 0.8509
vn 0.0727 0.5294 0.8452
vn -0.0618 0.5299 0.8458
vn -0.0762 0.5737 0.8155
vn -0.0733 0.5649 0.8219
vn -0.0586 0.5204 0.8519
vn 0.0580 0.5744 0.8165
vn -0.1072 0.8197 0.5626
vn -0.0981 0.8058 0.5840
vn -0.0937 0.8515 0.5159
vn -0.0881 0.8709 -0.4835
vn -0.0981 0.8058 -0.5840
vn -0.1072 0.8197 -0.5626
vn -0.3857 0.8406 -0.3803
vn -0.4281 0.8485 -0.3111
vn -0.4592 0.8596 -0.2242
vn -0.2944 0.8480 -0.4407
vn -0.3397 0.8186 0.4632
vn -0.3602 0.8041 0.4730
vn -0.2944 0.8480 0.4407
vn -0.4600 0.8588 -0.2255
vn -0.0382 0.7178 -0.6952
vn -0.0379 0.7459 -0.6650
vn -0.0381 0.7383 -0.6734
vn -0.2744 0.8598 -0.4305
vn -0.2744 0.8598 0.4305
vn -0.0789 0.7911 0.6066
vn -0.0789 0.7911 -0.6066
vn -0.1093 0.8236 0.5565
vn -0.1052 0.8569 -0.5046
vn 0.0435 0.2829 0.9582
vn 0.1534 0.2561 0.9544
vn 0.1582 0.4951 0.8543
vn 0.2646 0.2499 0.9314
vn -0.2149 0.8711 -0.4416
vn -0.1850 0.9121 -0.3659
vn -0.2002 0.9039 -0.3781
vn -0.1123 0.8651 -0.4888
vn -0.1271 0.8383 -0.5302
vn 0.2732 0.4810 0.8331
vn -0.1815 0.8292 -0.5287
vn -0.0382 0.7088 0.7044
vn -0.0406 0.8059 0.5907
vn -0.0405 0.8107 -0.5841
vn -0.2273 -0.0130 0.9737
vn -0.1411 -0.0081 0.9900
vn -0.1398 -0.0080 0.9901
vn -0.0926 0.8891 -0.4483
vn 0.0466 0.5018 0.8637
vn -0.0570 -0.0033 0.9984
vn -0.0773 0.8775 0.4733
vn -0.0761 0.8861 -0.4572
vn 0.0441 0.3873 0.9209
vn 0.0561 0.0033 0.9984
vn 0.1657 0.0096 0.9861
vn -0.0374 0.7432 -0.6680
vn -0.0379 0.7463 0.6645
vn -0.0374 0.7432 0.6680
vn 0.1687 0.8691 0.4650
vn 0.0281 0.7022 -0.7114
vn 0.0377 0.7556 -0.6539
vn 0.0368 0.7508 -0.6596
vn 0.0368 0.7508 0.6596
vn 0.0377 0.7556 0.6539
vn 0.0281 0.7022 0.7114
vn -0.0818 0.9269 -0.3662
vn 0.2786 0.0162 0.9603
vn 0.2887 0.8392 0.4609
vn -0.0720 0.9168 -0.3929
vn -0.0503 0.7015 0.7109
vn -0.0424 0.6843 0.7280
vn -0.0536 0.8590 0.5091
vn -0.2501 0.6302 0.7351
vn -0.1765 0.6432 0.7451
vn -0.1772 0.6470 0.7416
vn 0.1210 0.2468 0.9615
vn -0.0841 0.9004 -0.4269
vn 0.2908 0.9378 0.1894
vn 0.1711 0.9646 0.2008
vn -0.0633 0.9434 0.3255
vn -0.0563 0.9424 -0.3299
vn -0.0657 0.8755 0.4787
vn -0.0782 0.9171 0.3910
vn 0.0640 0.8597 0.5067
vn -0.0960 0.6935 0.7140
vn 0.0272 0.6968 0.7167
vn 0.0272 0.6968 -0.7167
vn -0.2488 0.9343 -0.2554
vn 0.1399 0.9479 -0.2863
vn 0.1407 0.9470 -0.2889
vn 0.1145 0.9545 -0.2754
vn 0.1144 0.9545 0.2754
vn 0.1407 0.9470 0.2889
vn 0.1399 0.9479 0.2863
vn -0.0719 0.9107 -0.4069
vn 0.3434 0.6461 0.6816
vn 0.2713 0.7645 0.5847
vn 0.2953 0.7290 0.6176
vn -0.0378 0.5276 0.8487
vn -0.0318 0.5244 0.8509
vn -0.0429 0.7078 0.7051
vn -0.1066 0.6925 -0.7135
vn -0.1093 0.6991 -0.7066
vn -0.0938 0.6610 -0.7445
vn 0.0720 0.2974 0.9520
vn 0.1277 0.2952 0.9468
vn 0.1226 0.6235 0.7721
vn 0.0165 0.3078 0.9513
vn 0.0661 0.6327 0.7715
vn -0.1014 0.2952 0.9501
vn -0.1093 0.3079 0.9451
vn -0.0940 0.6355 0.7664
vn -0.0909 0.6536 -0.7514
vn 0.3526 0.6284 0.6934
vn 0.1153 0.9544 0.2752
vn 0.1154 0.9544 -0.2752
vn 0.1990 0.7507 -0.6299
vn 0.1925 0.5631 -0.8036
vn 0.1089 0.5723 -0.8128
vn 0.0238 0.7002 0.7135
vn 0.0262 0.6674 -0.7442
vn 0.0291 0.6599 -0.7507
vn 0.0133 0.7000 -0.7140
vn -0.0761 0.9196 0.3855
vn -0.0620 0.9663 0.2499
vn -0.0770 0.9773 0.1974
vn -0.0940 0.7007 0.7073
vn -0.0970 0.7632 -0.6388
vn -0.0950 0.5712 -0.8153
vn -0.1559 0.5668 -0.8090
vn -0.0313 0.5950 -0.8031
vn 0.0750 0.9627 0.2602
vn 0.0362 0.5982 -0.8005
vn 0.0335 0.7643 -0.6440
vn -0.0381 0.5288 0.8479
vn -0.1613 0.7560 -0.6344
vn 0.1153 0.7602 -0.6394
vn -0.0401 0.9486 0.3140
vn -0.0302 0.9446 -0.3269
vn 0.0105 0.7067 -0.7074
vn -0.0538 0.6229 0.7805
vn -0.0558 0.8287 0.5569
vn 0.0130 0.6596 0.7515
vn -0.0569 0.9520 0.3007
vn -0.0502 0.9328 -0.3569
vn -0.0340 0.7669 -0.6409
vn 0.1925 0.8892 -0.4150
vn 0.0732 0.9624 0.2616
vn 0.0733 0.9624 -0.2616
vn 0.0725 0.9625 0.2616
vn 0.0725 0.9625 -0.2616
vn 0.1829 0.9500 -0.2529
vn 0.0078 0.9776 0.2106
vn 0.0101 0.9802 0.1976
vn -0.0086 0.9538 0.3004
vn -0.0086 0.9538 -0.3004
vn 0.0101 0.9802 -0.1976
vn 0.0078 0.9776 -0.2106
vn -0.1559 0.8951 -0.4177
vn -0.0917 0.9014 -0.4233
vn 0.0329 0.0020 -0.9995
vn 0.0393 0.2340 -0.9714
vn 0.0174 0.5235 -0.8518
vn 0.1812 0.1762 -0.9675
vn 0.0425 0.4311 -0.9013
vn 0.1121 0.9005 -0.4202
vn 0.2367 0.1613 -0.9581
vn 0.1542 0.4006 -0.9032
vn -0.1959 0.5981 -0.7771
vn -0.2757 0.2154 -0.9368
vn -0.2563 0.1408 -0.9563
vn -0.0255 0.9372 -0.3479
vn 0.0308 0.8942 -0.4466
vn -0.0112 0.9493 0.3143
vn -0.0112 0.9493 -0.3143
vn -0.0429 0.9646 -0.2601
vn -0.0253 0.9692 -0.2451
vn -0.0263 0.9683 -0.2482
vn -0.1124 0.7233 0.6814
vn -0.0368 0.8922 -0.4501
vn 0.0117 0.6453 0.7639
vn 0.0482 0.9676 -0.2477
vn 0.0267 0.9686 0.2470
vn -0.2059 0.4408 -0.8737
vn -0.0112 0.9620 -0.2730
vn -0.0114 0.9628 -0.2701
vn 0.2237 0.1409 -0.9644
vn -0.0438 0.9637 -0.2633
vn -0.0651 0.9574 -0.2812
vn 0.0270 0.9688 0.2465
vn 0.0479 0.9680 -0.2463
vn -0.0080 0.9631 0.2690
vn -0.0111 0.9701 0.2424
vn -0.0109 0.9696 0.2443
vn -0.0109 0.9696 -0.2443
vn -0.0111 0.9701 -0.2424
vn 0.0062 0.9701 0.2427
vn 0.0063 0.9702 0.2424
vn -0.0565 0.9584 0.2798
vn -0.0077 0.9625 0.2712
vn -0.0616 0.9632 0.2615
vn 0.2215 0.9258 0.3065
vn 0.3307 0.9106 0.2479
vn 0.3380 0.9027 0.2664
vn 0.0751 0.8738 0.4804
vn 0.1331 0.5473 0.8263
vn 0.1243 0.5172 0.8468
vn -0.0652 0.9575 -0.2809
vn -0.0046 0.5461 0.8377
vn -0.0059 0.5522 0.8337
vn -0.0058 0.5514 0.8342
vn -0.1307 0.8504 -0.5097
vn 0.2138 0.9610 -0.1756
vn 0.3795 0.9101 -0.1663
vn -0.0654 0.9621 -0.2647
vn -0.1146 0.7708 -0.6267
vn -0.1162 0.7727 -0.6240
vn 0.0418 0.7801 -0.6243
vn 0.1151 0.8564 0.5032
vn -0.0014 0.7788 -0.6273
vn -0.1238 0.8719 -0.4738
vn 0.2210 0.9200 0.3238
vn -0.0044 0.5453 0.8382
vn 0.0998 0.8612 0.4984
vn 0.2094 0.9619 -0.1757
vn 0.0705 0.7475 -0.6605
vn 0.3514 0.9362 0.0001
vn -0.1431 0.9391 0.3123
vn -0.1349 0.9565 0.2588
vn -0.1343 0.9539 0.2682
vn -0.1658 0.8665 0.4708
vn -0.1118 0.8731 0.4746
vn -0.1118 0.8732 -0.4744
vn -0.1088 0.8753 -0.4712
vn -0.1658 0.8666 -0.4706
vn -0.1344 0.9323 0.3357
vn -0.0643 0.9633 -0.2606
vn 0.0930 0.9512 0.2942
vn 0.0919 0.8619 -0.4988
vn 0.0508 0.8809 -0.4705
vn 0.0515 0.8790 -0.4740
vn -0.0995 0.9788 -0.1788
vn 0.0557 0.9822 -0.1794
vn -0.0643 0.8841 0.4629
vn -0.0643 0.8842 -0.4627
vn -0.0675 0.8870 -0.4568
vn -0.1659 0.8666 0.4707
vn -0.1659 0.8667 -0.4705
vn 0.0495 0.8809 0.4708
vn 0.0088 0.8890 -0.4579
vn 0.0082 0.8879 -0.4600
vn 0.0391 0.9655 0.2575
vn -0.1121 0.9593 0.2590
vn -0.1120 0.9593 0.2592
vn 0.0904 0.8585 -0.5048
vn 0.0002 0.9657 0.2596
vn 0.0005 0.9654 0.2607
vn 0.0049 0.8889 0.4581
vt 0.609575 -0.266025
vt 0.618706 -0.198975
vt 0.594802 -0.198975
vt 0.594802 -0.266025
vt 0.618706 -0.116096
vt 0.629025 -0.198975
vt 0.618753 -0.198975
vt 0.618753 -0.116096
vt 0.629073 -0.116096
vt 0.609623 -0.266025
vt 0.629073 -0.198975
vt 0.629025 -0.116096
vt 0.617591 -0.266025
vt 0.621191 -0.283250
vt 0.595949 -0.283250
vt 0.595949 -0.227353
vt 0.617639 -0.266025
vt 0.618120 -0.339147
vt 0.595949 -0.339147
vt 0.618037 -0.227353
vt 0.595866 -0.227353
vt 0.595866 -0.283250
vt 0.621108 -0.283250
vt 0.618121 -0.227353
vt 0.639108 -0.198975
vt 0.639155 -0.115805
vt 0.624334 -0.266025
vt 0.639155 -0.198975
vt 0.617639 -0.033332
vt 0.624382 -0.033332
vt 0.595949 -0.376883
vt 0.595866 -0.197474
vt 0.617591 -0.033332
vt 0.639108 -0.115805
vt 0.609569 -0.376883
vt 0.618037 -0.339147
vt 0.595866 -0.339147
vt 0.636708 -0.283250
vt 0.595866 -0.376883
vt 0.624382 -0.266025
vt 0.631823 -0.339147
vt 0.631740 -0.227353
vt 0.624334 -0.033332
vt 0.609652 -0.376883
vt 0.609569 -0.197474
vt 0.823585 -0.303665
vt 0.839408 -0.303665
vt 0.839408 -0.331081
vt 0.839408 -0.222443
vt 0.823585 -0.222443
vt 0.829628 -0.200735
vt 0.855231 -0.303665
vt 0.857422 -0.263054
vt 0.867636 -0.263166
vt 0.821394 -0.263054
vt 0.810260 -0.263054
vt 0.636791 -0.283250
vt 0.839408 -0.200735
vt 0.813806 -0.303665
vt 0.855231 -0.222443
vt 0.865010 -0.222443
vt 0.631740 -0.339147
vt 0.829628 -0.331081
vt 0.618037 -0.376883
vt 0.606377 -0.385393
vt 0.596428 -0.385393
vt 0.727113 -0.118357
vt 0.752258 -0.118357
vt 0.755481 -0.177049
vt 0.849187 -0.200735
vt 0.865010 -0.303665
vt 0.813806 -0.222443
vt 0.855231 -0.331081
vt 0.849187 -0.331081
vt 0.823585 -0.200735
vt 0.733373 -0.059665
vt 0.755481 -0.059665
vt 0.934466 -0.437088
vt 0.924005 -0.437088
vt 0.924419 -0.469476
vt 0.933760 -0.404700
vt 0.924419 -0.404700
vt 0.823585 -0.331081
vt 0.855231 -0.200735
vt 0.618120 -0.376883
vt 0.618037 -0.197474
vt 0.933760 -0.469476
vt 0.830034 -0.118357
vt 0.805265 -0.118357
vt 0.802041 -0.059665
vt 0.809349 -0.262914
vt 0.820483 -0.262914
vt 0.822674 -0.303166
vt 0.866922 -0.263044
vt 0.856511 -0.262914
vt 0.854320 -0.222663
vt 0.764374 -0.028292
vt 0.733373 -0.177049
vt 0.864099 -0.303166
vt 0.854320 -0.303166
vt 0.812895 -0.222663
vt 0.822674 -0.222663
vt 0.823775 -0.177049
vt 0.802041 -0.177049
vt 0.925487 -0.387388
vt 0.764374 -0.216672
vt 0.778761 -0.216672
vt 0.779264 -0.225539
vt 0.755481 -0.216672
vt 0.931260 -0.491341
vt 0.793149 -0.216672
vt 0.789711 -0.225539
vt 0.822782 -0.222463
vt 0.820591 -0.263017
vt 0.809457 -0.263017
vt 0.854428 -0.303572
vt 0.856619 -0.263017
vt 0.867007 -0.263134
vt 0.924632 -0.469059
vt 0.924217 -0.436671
vt 0.934679 -0.436671
vt 0.924632 -0.404283
vt 0.933973 -0.404283
vt 0.925487 -0.491341
vt 0.822782 -0.303572
vt 0.813003 -0.303572
vt 0.854428 -0.222463
vt 0.864207 -0.222463
vt 0.942428 -0.437088
vt 0.848276 -0.330340
vt 0.828718 -0.201147
vt 0.940601 -0.404700
vt 0.768817 -0.225539
vt 0.812895 -0.303166
vt 0.864099 -0.222663
vt 0.828718 -0.330340
vt 0.822674 -0.330340
vt 0.848276 -0.201147
vt 0.854320 -0.201147
vt 0.931260 -0.387388
vt 0.933973 -0.469059
vt 0.925700 -0.386971
vt 0.823775 -0.059665
vt 0.828826 -0.330950
vt 0.848384 -0.200785
vt 0.931473 -0.490923
vt 0.935488 -0.491341
vt 0.940601 -0.469476
vt 0.854320 -0.330340
vt 0.822674 -0.201147
vt 0.813003 -0.222463
vt 0.864207 -0.303572
vt 0.750638 -0.028292
vt 0.854428 -0.330950
vt 0.848384 -0.330950
vt 0.822782 -0.200785
vt 0.828826 -0.200785
vt 0.799461 -0.225607
vt 0.925700 -0.490923
vt 0.942640 -0.436671
vt 0.940814 -0.404283
vt 0.931473 -0.386971
vt 0.779916 -0.237203
vt 0.935488 -0.387388
vt 0.806510 -0.216672
vt 0.758893 -0.225607
vt 0.940814 -0.469059
vt 0.822782 -0.330950
vt 0.854428 -0.200785
vt 0.348041 -0.690534
vt 0.339545 -0.762840
vt 0.365113 -0.762238
vt 0.365134 -0.762238
vt 0.339566 -0.762840
vt 0.348062 -0.690534
vt 0.374833 -0.689630
vt 0.374854 -0.689630
vt 0.328062 -0.827721
vt 0.328083 -0.827721
vt 0.404605 -0.075709
vt 0.442095 -0.075709
vt 0.432054 -0.132852
vt 0.432026 -0.132852
vt 0.442067 -0.075709
vt 0.404577 -0.075709
vt 0.438108 -0.239995
vt 0.452340 -0.318566
vt 0.416434 -0.318566
vt 0.416406 -0.318567
vt 0.452312 -0.318567
vt 0.438080 -0.239995
vt 0.353903 -0.827570
vt 0.353924 -0.827570
vt 0.468229 -0.380497
vt 0.434782 -0.380497
vt 0.434754 -0.380497
vt 0.468201 -0.380497
vt 0.482401 -0.425719
vt 0.451146 -0.425719
vt 0.451119 -0.425719
vt 0.482373 -0.425719
vt 0.329817 -0.911998
vt 0.329838 -0.911998
vt 0.310395 -0.911998
vt 0.310416 -0.911998
vt 0.393011 -0.132852
vt 0.392983 -0.132852
vt 0.400001 -0.239995
vt 0.399973 -0.239995
vt 0.481945 -0.479896
vt 0.452339 -0.318566
vt 0.509073 -0.479896
vt 0.863104 -0.263539
vt 0.859891 -0.228672
vt 0.850298 -0.228672
vt 0.859891 -0.298406
vt 0.851964 -0.263539
vt 0.850298 -0.298406
vt 0.120985 -0.818401
vt 0.106657 -0.763482
vt 0.146607 -0.763718
vt 0.146609 -0.763718
vt 0.106658 -0.763482
vt 0.120986 -0.818401
vt 0.222955 -0.905130
vt 0.219308 -0.914135
vt 0.244912 -0.919104
vt 0.199086 -0.898880
vt 0.222954 -0.905130
vt 0.219307 -0.914135
vt 0.199085 -0.898880
vt 0.244912 -0.910260
vt 0.079692 -0.587953
vt 0.066880 -0.452984
vt 0.056138 -0.585437
vt 0.206320 -0.892934
vt 0.206318 -0.892934
vt 0.091572 -0.703432
vt 0.091574 -0.703432
vt 0.160415 -0.816674
vt 0.160416 -0.816674
vt 0.992894 -0.565191
vt 0.990163 -0.530789
vt 0.986503 -0.530789
vt 0.982440 -0.512400
vt 0.194031 -0.879707
vt 0.215200 -0.887208
vt 0.192318 -0.857289
vt 0.172649 -0.858925
vt 0.980178 -0.512400
vt 0.201541 -0.871908
vt 0.079691 -0.587953
vt 0.107999 -0.588798
vt 0.108001 -0.588798
vt 0.934183 -0.344517
vt 0.942616 -0.312281
vt 0.931119 -0.312281
vt 0.184178 -0.815189
vt 0.988289 -0.565191
vt 0.945674 -0.264533
vt 0.131811 -0.707760
vt 0.131812 -0.707760
vt 0.922686 -0.344517
vt 0.934177 -0.264533
vt 0.942616 -0.216784
vt 0.100369 -0.448983
vt 0.066878 -0.452984
vt 0.100367 -0.448983
vt 0.976518 -0.530789
vt 0.088064 -0.247646
vt 0.075340 -0.348234
vt 0.105570 -0.347194
vt 0.105569 -0.347194
vt 0.075338 -0.348234
vt 0.088063 -0.247646
vt 0.210823 -0.855054
vt 0.934183 -0.191260
vt 0.922686 -0.191260
vt 0.974007 -0.512400
vt 0.176046 -0.763748
vt 0.986503 -0.599593
vt 0.977359 -0.565191
vt 0.919551 -0.312281
vt 0.931119 -0.216784
vt 0.914339 -0.344517
vt 0.203603 -0.813968
vt 0.966284 -0.512400
vt 0.964022 -0.530789
vt 0.164412 -0.707818
vt 0.168722 -0.707818
vt 0.976518 -0.599593
vt 0.175308 -0.763748
vt 0.114832 -0.246077
vt 0.114834 -0.246077
vt 0.892260 -0.312281
vt 0.897472 -0.344517
vt 0.905905 -0.344517
vt 0.200663 -0.086956
vt 0.182344 -0.086992
vt 0.173241 -0.117290
vt 0.173151 -0.117290
vt 0.182254 -0.086992
vt 0.200573 -0.086956
vt 0.196563 -0.763743
vt 0.915529 -0.177279
vt 0.909915 -0.177279
vt 0.629179 -0.962724
vt 0.632838 -0.899566
vt 0.623006 -0.899566
vt 0.890370 -0.264533
vt 0.880769 -0.264533
vt 0.883827 -0.312281
vt 0.652463 -0.635880
vt 0.633204 -0.557567
vt 0.617846 -0.557567
vt 0.655720 -0.732680
vt 0.630941 -0.635880
vt 0.647595 -0.775575
vt 0.633155 -0.732680
vt 0.914339 -0.191260
vt 0.195304 -0.117258
vt 0.195394 -0.117258
vt 0.932235 -0.385585
vt 0.935680 -0.385585
vt 0.941037 -0.403268
vt 0.921440 -0.264533
vt 0.905905 -0.312281
vt 0.892260 -0.216784
vt 0.883827 -0.216784
vt 0.196562 -0.763743
vt 0.964279 -0.565191
vt 0.964022 -0.599593
vt 0.935463 -0.469430
vt 0.941037 -0.469430
vt 0.935680 -0.491763
vt 0.942944 -0.436349
vt 0.936374 -0.436349
vt 0.620046 -0.962724
vt 0.932235 -0.491763
vt 0.935463 -0.403268
vt 0.150402 -0.588850
vt 0.154680 -0.588828
vt 0.631799 -0.821499
vt 0.622166 -0.821499
vt 0.919551 -0.216784
vt 0.189121 -0.707781
vt 0.189122 -0.707781
vt 0.926794 -0.385585
vt 0.187517 -0.171293
vt 0.187519 -0.171293
vt 0.161524 -0.171316
vt 0.161526 -0.171316
vt 0.905905 -0.216784
vt 0.905905 -0.191260
vt 0.897472 -0.191260
vt 0.151489 -0.449005
vt 0.151491 -0.449005
vt 0.926794 -0.491763
vt 0.926660 -0.469430
vt 0.946317 -0.242447
vt 0.946340 -0.302827
vt 0.939110 -0.302827
vt 0.939617 -0.206371
vt 0.939524 -0.242447
vt 0.926660 -0.403268
vt 0.934599 -0.193599
vt 0.933367 -0.206371
vt 0.934505 -0.326714
vt 0.941068 -0.326714
vt 0.930513 -0.351675
vt 0.179277 -0.588825
vt 0.926576 -0.436349
vt 0.149652 -0.347232
vt 0.149654 -0.347232
vt 0.539676 -0.899566
vt 0.542636 -0.962724
vt 0.566559 -0.962724
vt 0.627631 -0.775575
vt 0.153698 -0.246123
vt 0.153696 -0.246123
vt 0.925610 -0.351675
vt 0.178104 -0.449077
vt 0.929204 -0.193599
vt 0.565429 -0.899566
vt 0.540516 -0.821499
vt 0.183186 -0.246108
vt 0.183188 -0.246108
vt 0.180028 -0.347226
vt 0.180029 -0.347226
vt 0.596937 -0.821499
vt 0.178103 -0.449077
vt 0.597258 -0.899566
vt 0.893288 -0.193599
vt 0.901454 -0.172719
vt 0.907676 -0.172719
vt 0.883756 -0.242447
vt 0.875309 -0.242447
vt 0.882559 -0.206371
vt 0.565749 -0.821499
vt 0.875836 -0.302827
vt 0.922709 -0.326714
vt 0.908470 -0.193599
vt 0.914549 -0.172719
vt 0.542904 -0.758341
vt 0.924888 -0.302827
vt 0.925030 -0.242447
vt 0.889331 -0.206371
vt 0.918873 -0.351675
vt 0.884196 -0.302827
vt 0.597689 -0.557567
vt 0.920602 -0.193599
vt 0.922319 -0.206371
vt 0.594297 -0.543665
vt 0.576159 -0.543665
vt 0.896305 -0.351675
vt 0.888121 -0.326714
vt 0.906579 -0.326714
vt 0.615948 -0.810993
vt 0.601427 -0.775575
vt 0.569035 -0.775575
vt 0.542826 -0.775575
vt 0.554506 -0.810993
vt 0.909266 -0.351675
vt 0.566661 -0.758341
vt 0.907086 -0.206371
vt 0.552609 -0.557567
vt 0.539517 -0.635880
vt 0.567771 -0.635880
vt 0.572771 -0.557567
vt 0.603538 -0.732680
vt 0.566926 -0.732680
vt 0.537303 -0.732680
vt 0.596964 -0.810993
vt 0.573495 -0.810993
vt 0.602692 -0.635880
vt 0.905316 -0.242447
vt 0.905500 -0.302827
s 1
usemtl AMlights02Material
f 1858/1069/1439 1857/1070/1440 1859/1071/1441
f 1859/1071/1441 1860/1072/1441 1858/1069/1439
f 1927/1073/1442 1928/1070/1443 1926/1074/1444
f 1795/1075/1445 1796/1076/1446 1792/1077/1447
f 1741/1078/1448 1742/1075/1449 1740/1079/1450
f 1792/1077/1447 1791/1079/1451 1795/1075/1445
f 1926/1074/1444 1924/1080/1452 1927/1073/1442
f 1857/1070/1440 1858/1069/1439 1856/1081/1453
f 1856/1081/1453 1855/1074/1454 1857/1070/1440
f 1799/1082/1455 1800/1083/1456 1797/1084/1457
f 1740/1079/1450 1739/1085/1458 1741/1078/1448
f 1723/1086/1459 1727/1087/1460 1728/1083/1461
f 1907/1088/1462 1911/1089/1463 1912/1090/1464
f 1728/1083/1461 1724/1082/1465 1723/1086/1459
f 1912/1090/1464 1908/1091/1466 1907/1088/1462
f 1797/1084/1457 1798/1092/1467 1799/1082/1455
f 1924/1080/1452 1926/1074/1444 1925/1093/1468
f 1791/1079/1451 1792/1077/1447 1789/1094/1469
f 1855/1074/1454 1856/1081/1453 1853/1095/1470
f 1739/1085/1458 1740/1079/1450 1737/1096/1471
f 1792/1077/1447 1794/1097/1472 1793/1098/1473
f 1726/1099/1474 1727/1087/1460 1723/1086/1459
f 1910/1100/1475 1911/1089/1463 1907/1088/1462
f 1923/1101/1476 1924/1080/1452 1921/1102/1477
f 1847/1103/1478 1848/1104/1479 1845/1105/1480
f 1853/1095/1470 1854/1093/1481 1855/1074/1454
f 1851/1106/1482 1852/1091/1483 1848/1104/1479
f 1845/1105/1480 1846/1107/1480 1847/1103/1478
f 1793/1098/1473 1789/1094/1469 1792/1077/1447
f 1789/1094/1469 1790/1096/1484 1791/1079/1451
f 1925/1093/1468 1921/1102/1477 1924/1080/1452
f 1737/1096/1471 1738/1108/1485 1739/1085/1458
f 1720/1109/1486 1723/1086/1459 1724/1082/1465
f 1904/1110/1487 1907/1088/1462 1908/1091/1466
f 1921/1102/1477 1922/1111/1488 1923/1101/1476
f 1723/1086/1459 1722/1112/1489 1726/1099/1474
f 1907/1088/1462 1906/1113/1490 1910/1100/1475
f 1840/1114/1491 1842/1115/1480 1841/1116/1480
f 1915/1117/1475 1916/1118/1492 1913/1119/1490
f 1733/1120/1493 1736/1121/1494 1735/1122/1495
f 1916/1118/1492 1920/1123/1496 1919/1124/1497
f 1724/1082/1465 1725/1125/1498 1720/1109/1486
f 1908/1091/1466 1909/1106/1499 1904/1110/1487
f 1722/1112/1489 1723/1086/1459 1720/1109/1486
f 1906/1113/1490 1907/1088/1462 1904/1110/1487
f 1913/1119/1490 1914/1126/1475 1915/1117/1475
f 1843/1123/1500 1840/1114/1491 1839/1127/1501
f 1787/1121/1502 1786/1128/1503 1785/1129/1504
f 1848/1104/1479 1850/1130/1505 1851/1106/1482
f 1841/1116/1480 1837/1131/1478 1840/1114/1491
f 1848/1104/1479 1847/1103/1478 1849/1132/1506
f 1726/1099/1474 1722/1112/1489 1729/1133/1507
f 1729/1133/1507 1730/1134/1508 1726/1099/1474
f 1819/1135/1509 1820/1136/1510 1817/1137/1511
f 1839/1127/1501 1844/1124/1512 1843/1123/1500
f 1785/1129/1504 1788/1122/1513 1787/1121/1502
f 1839/1127/1501 1840/1114/1491 1837/1131/1478
f 1785/1129/1504 1786/1128/1503 1783/1138/1514
f 1735/1122/1495 1734/1139/1515 1733/1120/1493
f 1919/1124/1497 1918/1140/1516 1916/1118/1492
f 1849/1132/1506 1850/1130/1505 1848/1104/1479
f 1731/1141/1517 1732/1142/1517 1733/1120/1493
f 1917/1143/1518 1913/1119/1490 1916/1118/1492
f 1892/1144/1519 1895/1145/1520 1896/1136/1521
f 1733/1120/1493 1734/1139/1515 1731/1141/1517
f 1916/1118/1492 1918/1140/1516 1917/1143/1518
f 1832/1146/1522 1833/1147/1523 1828/1148/1524
f 1880/1149/1525 1884/1150/1526 1885/1147/1527
f 1837/1131/1478 1838/1151/1506 1839/1127/1501
f 1783/1138/1514 1784/1152/1514 1785/1129/1504
f 1885/1147/1527 1881/1146/1528 1880/1149/1525
f 1720/1109/1486 1721/1153/1517 1722/1112/1489
f 1904/1110/1487 1905/1154/1518 1906/1113/1490
f 1828/1148/1524 1831/1155/1529 1832/1146/1522
f 1896/1136/1521 1897/1135/1530 1892/1144/1519
f 1775/1156/1531 1776/1157/1532 1773/1158/1533
f 1826/1159/1534 1827/1160/1535 1822/1161/1536
f 1781/1162/1537 1782/1163/1538 1777/1164/1539
f 1894/1165/1518 1895/1145/1520 1892/1144/1519
f 1817/1137/1511 1818/1166/1540 1819/1135/1509
f 1714/1167/1541 1717/1168/1542 1718/1163/1543
f 1898/1169/1544 1901/1170/1545 1902/1160/1546
f 1704/1171/1547 1705/1172/1548 1706/1157/1549
f 1883/1173/1550 1884/1150/1526 1880/1149/1525
f 1814/1174/1551 1821/1175/1552 1815/1176/1553
f 1817/1137/1511 1814/1174/1551 1813/1177/1554
f 1830/1178/1555 1831/1155/1529 1828/1148/1524
f 1700/1175/1556 1701/1179/1557 1698/1180/1558
f 1888/1181/1559 1891/1182/1560 1890/1183/1561
f 1710/1184/1562 1713/1185/1563 1712/1186/1564
f 1693/1187/1565 1694/1188/1566 1692/1189/1567
f 1698/1180/1558 1697/1176/1568 1700/1175/1556
f 1769/1188/1569 1770/1190/1570 1768/1191/1571
f 1828/1148/1524 1829/1192/1572 1830/1178/1555
f 1809/1182/1573 1808/1193/1574 1807/1194/1575
f 1763/1185/1576 1762/1195/1577 1761/1196/1578
f 1836/1197/1579 1832/1146/1522 1831/1155/1529
f 1718/1163/1543 1719/1162/1580 1714/1167/1541
f 1902/1160/1546 1903/1159/1581 1898/1169/1544
f 1768/1191/1571 1767/1189/1582 1769/1188/1569
f 1716/1198/1583 1717/1168/1542 1714/1167/1541
f 1900/1199/1518 1901/1170/1545 1898/1169/1544
f 1877/1200/1584 1880/1149/1525 1881/1146/1528
f 1815/1176/1553 1811/1201/1585 1814/1174/1551
f 1822/1161/1536 1825/1202/1586 1826/1159/1534
f 1777/1164/1539 1780/1203/1587 1781/1162/1537
f 1813/1177/1554 1818/1166/1540 1817/1137/1511
f 1822/1161/1536 1823/1204/1506 1824/1205/1506
f 1777/1164/1539 1778/1206/1514 1779/1207/1514
f 1880/1149/1525 1879/1208/1588 1883/1173/1550
f 1692/1189/1567 1691/1209/1589 1693/1187/1565
f 1701/1179/1557 1705/1172/1548 1704/1171/1547
f 1824/1205/1506 1825/1202/1586 1822/1161/1536
f 1779/1207/1514 1780/1203/1587 1777/1164/1539
f 1879/1208/1588 1880/1149/1525 1877/1200/1584
f 1768/1191/1571 1770/1190/1570 1771/1210/1590
f 1773/1158/1533 1774/1211/1591 1775/1156/1531
f 1881/1146/1528 1882/1197/1592 1877/1200/1584
f 1807/1194/1575 1810/1183/1593 1809/1182/1573
f 1761/1196/1578 1764/1186/1594 1763/1185/1576
f 1807/1194/1575 1808/1193/1574 1805/1212/1595
f 1761/1196/1578 1762/1195/1577 1759/1213/1596
f 1693/1187/1565 1691/1209/1589 1695/1214/1597
f 1831/1155/1529 1830/1178/1555 1834/1215/1598
f 1813/1177/1554 1814/1174/1551 1811/1201/1585
f 1831/1155/1529 1835/1216/1599 1836/1197/1579
f 1714/1167/1541 1715/1217/1583 1716/1198/1583
f 1898/1169/1544 1899/1218/1518 1900/1199/1518
f 1706/1157/1549 1707/1156/1600 1704/1171/1547
f 1890/1183/1561 1889/1219/1601 1888/1181/1559
f 1712/1186/1564 1711/1220/1602 1710/1184/1562
f 1892/1144/1519 1893/1221/1518 1894/1165/1518
f 1708/1222/1603 1709/1223/1603 1710/1184/1562
f 1886/1224/1604 1887/1225/1604 1888/1181/1559
f 1702/1226/1605 1698/1180/1558 1701/1179/1557
f 1834/1215/1598 1835/1216/1599 1831/1155/1529
f 1695/1214/1597 1696/1227/1597 1693/1187/1565
f 1691/1209/1589 1692/1189/1567 1689/1228/1606
f 1767/1189/1582 1768/1191/1571 1765/1229/1607
f 1771/1210/1590 1772/1230/1590 1768/1191/1571
f 1710/1184/1562 1711/1220/1602 1708/1222/1603
f 1888/1181/1559 1889/1219/1601 1886/1224/1604
f 1811/1201/1585 1815/1176/1553 1816/1231/1608
f 1697/1176/1568 1698/1180/1558 1699/1231/1609
f 1877/1200/1584 1878/1232/1610 1879/1208/1588
f 1701/1179/1557 1703/1233/1611 1702/1226/1605
f 1704/1171/1547 1703/1233/1611 1701/1179/1557
f 1765/1229/1607 1766/1228/1612 1767/1189/1582
f 1811/1201/1585 1812/1234/1613 1813/1177/1554
f 1689/1228/1606 1690/1235/1614 1691/1209/1589
f 1805/1212/1595 1806/1236/1595 1807/1194/1575
f 1759/1213/1596 1760/1237/1596 1761/1196/1578
f 1875/1238/1615 1874/1239/1616 1873/1240/1617
f 1755/1241/1618 1756/1242/1619 1757/1243/1620
f 1873/1240/1617 1876/1244/1621 1875/1238/1615
f 1757/1243/1620 1758/1245/1622 1755/1241/1618
f 1873/1240/1617 1874/1239/1616 1869/1246/1623
f 1753/1247/1624 1756/1242/1619 1755/1241/1618
f 1931/1248/1625 1932/1249/1626 1929/1250/1627
f 1803/1251/1628 1804/1252/1629 1801/1253/1630
f 1863/1254/1631 1864/1255/1632 1861/1256/1633
f 1745/1257/1634 1746/1258/1635 1743/1259/1636
f 1869/1246/1623 1872/1260/1637 1873/1240/1617
f 1755/1241/1618 1754/1261/1638 1753/1247/1624
f 1864/1255/1632 1866/1262/1639 1865/1263/1640
f 1747/1264/1641 1748/1265/1642 1746/1258/1635
f 1866/1262/1639 1868/1266/1643 1867/1267/1644
f 1749/1268/1645 1750/1269/1646 1748/1265/1642
f 1871/1270/1647 1872/1260/1637 1869/1246/1623
f 1753/1247/1624 1754/1261/1638 1751/1271/1648
f 1869/1246/1623 1870/1272/1649 1871/1270/1647
f 1751/1271/1648 1752/1273/1650 1753/1247/1624
f 1929/1250/1627 1930/1274/1651 1931/1248/1625
f 1801/1253/1630 1802/1275/1652 1803/1251/1628
f 1861/1256/1633 1862/1276/1653 1863/1254/1631
f 1743/1259/1636 1744/1277/1654 1745/1257/1634
f 1865/1263/1640 1861/1256/1633 1864/1255/1632
f 1746/1258/1635 1745/1257/1634 1747/1264/1641
f 1867/1267/1644 1865/1263/1640 1866/1262/1639
f 1748/1265/1642 1747/1264/1641 1749/1268/1645
f 2160/1266/1655 2161/1267/1656 2158/1278/1657
f 2162/1262/1658 2163/1263/1659 2161/1267/1656
f 2000/1268/1660 2001/1264/1661 1998/1265/1662
f 2226/1248/1663 2227/1274/1664 2224/1250/1665
f 2079/1251/1666 2080/1275/1667 2077/1253/1668
f 2164/1279/1669 2165/1256/1670 2163/1263/1659
f 2001/1264/1661 2003/1257/1671 2002/1258/1672
f 2166/1254/1673 2167/1276/1674 2165/1256/1670
f 2003/1257/1671 2005/1277/1675 2004/1259/1676
f 2158/1278/1657 2159/1280/1677 2160/1266/1655
f 2161/1267/1656 2160/1266/1655 2162/1262/1658
f 1998/1265/1662 1999/1269/1678 2000/1268/1660
f 2224/1250/1665 2225/1249/1679 2226/1248/1663
f 2077/1253/1668 2078/1252/1680 2079/1251/1666
f 2163/1263/1659 2162/1262/1658 2164/1279/1669
f 2002/1258/1672 1998/1265/1662 2001/1264/1661
f 2165/1256/1670 2164/1279/1669 2166/1254/1673
f 2004/1259/1676 2002/1258/1672 2003/1257/1671
f 2057/1281/1681 2058/1282/1682 2055/1283/1683
f 1965/1284/1684 1966/1281/1685 1963/1285/1686
f 1963/1285/1686 1964/1286/1687 1965/1284/1684
f 2055/1283/1683 2056/1285/1688 2057/1281/1681
f 1992/1287/1689 1991/1288/1690 1983/1289/1691
f 2128/1290/1692 2133/1291/1693 2134/1292/1694
f 2152/1293/1695 2155/1294/1696 2156/1295/1697
f 2154/1296/1698 2155/1294/1696 2152/1293/1695
f 1996/1297/1699 1997/1298/1700 1994/1299/1701
f 2156/1295/1697 2157/1300/1702 2152/1293/1695
f 2135/1301/1703 2137/1302/1704 2138/1303/1705
f 2152/1293/1695 2153/1304/1706 2154/1296/1698
f 1994/1299/1701 1995/1305/1707 1996/1297/1699
f 1983/1289/1691 1991/1288/1690 1987/1306/1708
f 2132/1307/1709 2133/1291/1693 2128/1290/1692
f 1983/1289/1691 1993/1308/1710 1992/1287/1689
f 2134/1292/1694 2129/1309/1711 2128/1290/1692
f 2048/1310/1712 2049/1311/1713 2046/1312/1714
f 2046/1312/1714 2049/1311/1713 2050/1313/1715
f 2139/1314/1716 2142/1304/1717 2141/1315/1718
f 2131/1316/1719 2130/1317/1720 2139/1314/1716
f 2050/1313/1715 2047/1318/1721 2046/1312/1714
f 2141/1315/1718 2140/1319/1722 2139/1314/1716
f 1987/1306/1708 1988/1320/1723 1985/1321/1724
f 2126/1322/1725 2135/1301/1703 2132/1307/1709
f 1687/1323/1726 1686/1324/1727 1685/1325/1728
f 2123/1326/1729 2129/1309/1711 2130/1317/1720
f 2046/1312/1714 2045/1327/1730 2048/1310/1712
f 2139/1314/1716 2140/1319/1722 2131/1316/1719
f 1685/1325/1728 1686/1324/1727 1683/1328/1731
f 1987/1306/1708 1984/1329/1732 1983/1289/1691
f 2128/1290/1692 2127/1330/1733 2132/1307/1709
f 2130/1317/1720 2131/1316/1719 2123/1326/1729
f 1685/1325/1728 1688/1331/1726 1687/1323/1726
f 2128/1290/1692 2129/1309/1711 2123/1326/1729
f 2034/1332/1734 2038/1328/1735 2035/1333/1736
f 2136/1334/1737 2137/1302/1704 2135/1301/1703
f 1988/1320/1723 1990/1335/1738 1989/1336/1739
f 1985/1321/1724 1984/1329/1732 1987/1306/1708
f 2132/1307/1709 2127/1330/1733 2126/1322/1725
f 1683/1328/1731 1684/1332/1731 1685/1325/1728
f 2042/1337/1740 2046/1312/1714 2047/1318/1721
f 2222/1338/1741 2223/1339/1742 2220/1340/1743
f 2075/1341/1744 2076/1342/1745 2073/1343/1746
f 2123/1326/1729 2131/1316/1719 2125/1344/1747
f 2035/1333/1736 2037/1345/1748 2036/1346/1748
f 2047/1318/1721 2043/1347/1749 2042/1337/1740
f 2045/1327/1730 2046/1312/1714 2042/1337/1740
f 2123/1326/1729 2122/1348/1750 2128/1290/1692
f 1961/1349/1751 1962/1327/1752 1960/1350/1753
f 1955/1331/1754 1954/1325/1755 1953/1351/1756
f 2035/1333/1736 2031/1352/1757 2034/1332/1734
f 2036/1346/1748 2031/1352/1757 2035/1333/1736
f 1953/1351/1756 1956/1353/1754 1955/1331/1754
f 1989/1336/1739 1985/1321/1724 1988/1320/1723
f 2135/1301/1703 2126/1322/1725 2136/1334/1737
f 2125/1344/1747 2124/1354/1758 2123/1326/1729
f 2043/1347/1749 2044/1355/1759 2039/1356/1760
f 1983/1289/1691 1984/1329/1732 1979/1357/1761
f 2119/1358/1762 2127/1330/1733 2128/1290/1692
f 1960/1350/1753 1959/1359/1763 1961/1349/1751
f 1979/1357/1761 1982/1360/1764 1983/1289/1691
f 2128/1290/1692 2122/1348/1750 2119/1358/1762
f 2042/1337/1740 2041/1350/1765 2045/1327/1730
f 1953/1351/1756 1954/1325/1755 1951/1332/1766
f 2073/1343/1746 2074/1361/1767 2075/1341/1744
f 2220/1340/1743 2221/1362/1768 2222/1338/1741
f 2093/1363/1769 2094/1364/1769 2091/1365/1769
f 2205/1366/1770 2206/1367/1771 2203/1368/1772
f 2065/1369/1773 2068/1370/1774 2067/1371/1775
f 2039/1356/1760 2042/1337/1740 2043/1347/1749
f 2121/1372/1776 2122/1348/1750 2123/1326/1729
f 2053/1346/1777 2054/1373/1778 2051/1374/1779
f 1973/1375/1780 1971/1376/1781 1969/1377/1782
f 2123/1326/1729 2124/1354/1758 2121/1372/1776
f 2097/1378/1783 2098/1379/1784 2095/1380/1785
f 1979/1357/1761 1984/1329/1732 1985/1321/1724
f 2126/1322/1725 2127/1330/1733 2119/1358/1762
f 2012/1381/1786 2013/1382/1787 2011/1383/1788
f 2014/1384/1789 2012/1381/1786 2009/1385/1790
f 1945/1386/1791 1946/1384/1792 1944/1387/1793
f 2095/1380/1785 2096/1363/1794 2097/1378/1783
f 2051/1374/1779 2052/1388/1795 2053/1346/1777
f 2041/1350/1765 2042/1337/1740 2039/1356/1760
f 2067/1371/1775 2066/1389/1796 2065/1369/1773
f 2203/1368/1772 2204/1390/1797 2205/1366/1770
f 2215/1391/1798 2216/1392/1799 2211/1393/1800
f 2033/1394/1801 2034/1332/1734 2031/1352/1757
f 2091/1365/1769 2092/1395/1769 2093/1363/1769
f 2191/1396/1802 2192/1397/1803 2189/1379/1804
f 1981/1398/1805 1982/1360/1764 1979/1357/1761
f 2119/1358/1762 2122/1348/1750 2121/1372/1776
f 1957/1399/1806 1958/1400/1807 1959/1359/1763
f 1959/1359/1763 1960/1350/1753 1957/1399/1806
f 1951/1332/1766 1952/1394/1808 1953/1351/1756
f 2146/1401/1809 2150/1402/1810 2151/1403/1811
f 2149/1404/1812 2150/1402/1810 2146/1401/1809
f 2039/1356/1760 2040/1399/1813 2041/1350/1765
f 2211/1393/1800 2212/1404/1814 2213/1405/1815
f 1969/1377/1782 1974/1406/1816 1973/1375/1780
f 2151/1403/1811 2147/1407/1817 2146/1401/1809
f 2211/1393/1800 2214/1408/1818 2215/1391/1798
f 1985/1321/1724 1986/1409/1819 1979/1357/1761
f 2119/1358/1762 2117/1410/1820 2126/1322/1725
f 2189/1379/1804 2190/1378/1821 2191/1396/1802
f 1971/1376/1781 1972/1411/1822 1970/1412/1823
f 2031/1352/1757 2032/1413/1824 2033/1394/1801
f 1979/1357/1761 1980/1414/1825 1981/1398/1805
f 2121/1372/1776 2120/1415/1826 2119/1358/1762
f 2213/1405/1815 2214/1408/1818 2211/1393/1800
f 2146/1401/1809 2145/1405/1827 2149/1404/1812
f 2219/1416/1828 2215/1391/1798 2214/1408/1818
f 2065/1369/1773 2066/1389/1796 2063/1417/1829
f 2201/1418/1830 2204/1390/1797 2203/1368/1772
f 1970/1412/1823 1969/1377/1782 1971/1376/1781
f 2063/1417/1829 2064/1419/1831 2065/1369/1773
f 2203/1368/1772 2202/1420/1832 2201/1418/1830
f 2187/1421/1833 2188/1422/1833 2185/1423/1833
f 2071/1424/1834 2072/1336/1835 2069/1341/1836
f 2209/1340/1837 2210/1334/1838 2207/1425/1839
f 2147/1407/1817 2148/1426/1840 2143/1427/1841
f 2143/1427/1841 2146/1401/1809 2147/1407/1817
f 2180/1428/1842 2181/1429/1843 2179/1430/1844
f 2185/1423/1833 2186/1396/1833 2187/1421/1833
f 2182/1431/1845 2180/1428/1842 2177/1432/1846
f 2214/1408/1818 2218/1433/1847 2219/1416/1828
f 2183/1434/1848 2182/1431/1845 2176/1435/1849
f 2086/1436/1850 2088/1437/1851 2087/1438/1852
f 2119/1358/1762 2120/1415/1826 2118/1439/1853
f 2145/1405/1827 2146/1401/1809 2143/1427/1841
f 2118/1439/1853 2117/1410/1820 2119/1358/1762
f 2011/1383/1788 2009/1385/1790 2012/1381/1786
f 2214/1408/1818 2213/1405/1815 2217/1440/1854
f 2069/1341/1836 2070/1441/1855 2071/1424/1834
f 2207/1425/1839 2208/1442/1856 2209/1340/1837
f 2110/1443/1857 2112/1444/1858 2111/1445/1859
f 2217/1440/1854 2218/1433/1847 2214/1408/1818
f 1944/1387/1793 1942/1446/1860 1945/1386/1791
f 2143/1427/1841 2144/1440/1861 2145/1405/1827
f 2009/1385/1790 2008/1387/1862 2014/1384/1789
f 2201/1418/1830 2202/1420/1832 2199/1447/1863
f 2061/1448/1864 2064/1419/1831 2063/1417/1829
f 2179/1430/1844 2177/1432/1846 2180/1428/1842
f 2087/1438/1852 2085/1449/1865 2086/1436/1850
f 2177/1432/1846 2176/1435/1849 2182/1431/1845
f 2116/1450/1866 2115/1425/1867 2117/1410/1820
f 2176/1435/1849 2184/1451/1868 2183/1434/1848
f 2111/1445/1859 2109/1452/1869 2110/1443/1857
f 2108/1453/1870 2110/1443/1857 2109/1452/1869
f 2117/1410/1820 2118/1439/1853 2116/1450/1866
f 2063/1417/1829 2062/1454/1871 2061/1448/1864
f 2199/1447/1863 2200/1455/1872 2201/1418/1830
f 1977/1424/1873 1978/1441/1874 1975/1456/1875
f 2113/1457/1876 2114/1442/1877 2115/1425/1867
f 2059/1456/1878 2060/1441/1879 2061/1448/1864
f 1969/1377/1782 1970/1412/1823 1967/1458/1880
f 1975/1456/1875 1976/1459/1881 1977/1424/1873
f 2115/1425/1867 2116/1450/1866 2113/1457/1876
f 1967/1458/1880 1968/1460/1882 1969/1377/1782
f 2061/1448/1864 2062/1454/1871 2059/1456/1878
f 2021/1461/1883 2024/1462/1884 2023/1463/1885
f 2018/1464/1886 2026/1465/1887 2025/1466/1888
f 2109/1452/1869 2105/1467/1889 2108/1453/1870
f 1949/1468/1890 1950/1465/1891 1947/1464/1892
f 2084/1469/1893 2086/1436/1850 2085/1449/1865
f 2170/1470/1894 2173/1463/1895 2172/1471/1895
f 2107/1472/1896 2108/1453/1870 2105/1467/1889
f 2089/1473/1897 2090/1430/1898 2086/1436/1850
f 2176/1435/1849 2177/1432/1846 2174/1474/1899
f 2025/1466/1888 2019/1475/1900 2018/1464/1886
f 2177/1432/1846 2179/1430/1844 2178/1473/1901
f 2085/1449/1865 2081/1476/1902 2084/1469/1893
f 2023/1463/1885 2022/1470/1903 2021/1461/1883
f 1947/1464/1892 1948/1477/1904 1949/1468/1890
f 2009/1385/1790 2011/1383/1788 2010/1478/1905
f 2172/1471/1895 2171/1479/1906 2170/1470/1894
f 2086/1436/1850 2084/1469/1893 2089/1473/1897
f 2174/1474/1899 2175/1480/1907 2176/1435/1849
f 2029/1478/1908 2030/1481/1908 2027/1482/1908
f 1937/1483/1909 1933/1484/1910 1936/1485/1911
f 1941/1486/1912 1942/1446/1860 1939/1487/1913
f 2101/1488/1914 2102/1489/1915 2099/1490/1916
f 1936/1485/1911 1938/1491/1917 1937/1483/1909
f 2105/1467/1889 2106/1492/1918 2107/1472/1896
f 2178/1473/1901 2174/1474/1899 2177/1432/1846
f 2020/1493/1919 2019/1475/1900 2021/1461/1883
f 2195/1494/1920 2196/1495/1921 2193/1496/1922
f 2081/1476/1902 2082/1491/1923 2083/1485/1923
f 2083/1485/1923 2084/1469/1893 2081/1476/1902
f 2027/1482/1908 2028/1497/1908 2029/1478/1908
f 2021/1461/1883 2022/1470/1903 2020/1493/1919
f 2170/1470/1894 2171/1479/1906 2168/1480/1924
f 1942/1446/1860 1944/1387/1793 1943/1498/1925
f 2103/1499/1926 2104/1500/1927 2102/1489/1915
f 1939/1487/1913 1940/1501/1928 1941/1486/1912
f 2099/1490/1916 2100/1502/1929 2101/1488/1914
f 2008/1387/1862 2009/1385/1790 2006/1503/1930
f 2196/1495/1921 2198/1500/1931 2197/1499/1932
f 2015/1504/1933 2018/1464/1886 2019/1475/1900
f 1933/1484/1910 1934/1477/1934 1935/1505/1935
f 2193/1496/1922 2194/1497/1936 2195/1494/1920
f 2168/1480/1924 2169/1493/1924 2170/1470/1894
f 1935/1505/1935 1936/1485/1911 1933/1484/1910
f 2019/1475/1900 2020/1493/1919 2015/1504/1933
f 2017/1477/1937 2018/1464/1886 2015/1504/1933
f 2010/1478/1905 2006/1503/1930 2009/1385/1790
f 2015/1504/1933 2016/1505/1938 2017/1477/1937
f 1943/1498/1925 1939/1487/1913 1942/1446/1860
f 2102/1489/1915 2101/1488/1914 2103/1499/1926
f 2197/1499/1932 2193/1496/1922 2196/1495/1921
f 2006/1503/1930 2007/1498/1939 2008/1387/1862
o FOCAlliance2.3
v 246.264145 20.244099 -2.383550
v 246.264145 20.243912 3.026816
v 240.342743 11.443081 0.321223
v 244.773041 16.426064 -11.400638
v 246.264145 20.244099 -2.383550
v 240.342743 11.443081 0.321223
v 246.264145 20.243912 3.026816
v 244.773041 16.425209 12.044196
v 240.342743 11.443081 0.321223
v 251.554062 10.036438 -12.097877
v 244.773041 16.426064 -11.400638
v 240.342743 11.443081 0.321223
v 244.773041 16.425209 12.044196
v 251.554062 10.035240 12.740895
v 240.342743 11.443081 0.321223
v 176.823318 -13.470690 3.900894
v 262.354645 -13.470690 3.900882
v 262.354645 -13.470692 -3.162174
v 262.354645 -13.470692 -3.162174
v 176.823318 -13.470684 -3.162162
v 176.823318 -13.470690 3.900894
v 266.193176 -13.702274 3.825639
v 271.928253 -13.702272 3.825638
v 271.928253 -13.702278 -3.086939
v 271.928253 -13.702278 -3.086939
v 266.193176 -13.702278 -3.086939
v 266.193176 -13.702274 3.825639
v 262.354645 -14.492819 -2.830065
v 262.354645 -13.470692 -3.162174
v 262.354645 -13.470690 3.900882
v 266.193207 -14.492815 3.568769
v 266.193207 -13.702250 3.825639
v 266.193207 -13.702257 -3.086939
v 262.354645 -13.470690 3.900882
v 262.354645 -14.492819 3.568773
v 262.354645 -14.492819 -2.830065
v 266.193207 -13.702257 -3.086939
v 266.193207 -14.492821 -2.830068
v 266.193207 -14.492815 3.568769
v 271.928253 -13.702272 3.825638
v 271.928253 -14.588722 3.537614
v 271.928253 -14.588724 -2.798916
v 262.354645 -14.492819 3.568773
v 266.193207 -14.492815 3.568769
v 266.193207 -14.492821 -2.830068
v 266.193207 -14.492821 -2.830068
v 262.354645 -14.492819 -2.830065
v 262.354645 -14.492819 3.568773
v 271.928253 -14.588722 3.537614
v 278.675232 -14.588722 3.537612
v 278.675232 -14.588724 -2.798917
v 278.675232 -14.588724 -2.798917
v 271.928253 -14.588724 -2.798916
v 271.928253 -14.588722 3.537614
v 176.823318 -13.470684 -3.162162
v 262.354645 -13.470692 -3.162174
v 262.354645 -17.622255 -8.876307
v 262.354645 -13.470690 3.900882
v 176.823318 -13.470690 3.900894
v 176.823318 -17.622253 9.615023
v 262.354645 -14.492819 3.568773
v 262.354645 -13.470690 3.900882
v 262.354645 -17.622246 9.615015
v 266.193207 -14.492821 -2.830068
v 266.193207 -13.702257 -3.086939
v 266.193207 -17.765371 -8.679330
v 262.354645 -13.470692 -3.162174
v 262.354645 -14.492819 -2.830065
v 262.354645 -18.253963 -8.006832
v 266.193207 -13.702250 3.825639
v 266.193207 -14.492815 3.568769
v 266.193207 -18.253954 8.745539
v 266.193207 -14.492815 3.568769
v 262.354645 -14.492819 3.568773
v 262.354645 -18.253958 8.745542
v 262.354645 -14.492819 -2.830065
v 266.193207 -14.492821 -2.830068
v 266.193207 -18.253969 -8.006836
v 176.823318 -17.622253 9.615023
v 262.354645 -17.622246 9.615015
v 262.354645 -13.470690 3.900882
v 262.354645 -17.622255 -8.876307
v 176.823318 -17.622240 -8.876301
v 176.823318 -13.470684 -3.162162
v 262.354645 -18.253963 -8.006832
v 262.354645 -17.622255 -8.876307
v 262.354645 -13.470692 -3.162174
v 266.193207 -18.253954 8.745539
v 266.193207 -17.765354 9.418035
v 266.193207 -13.702250 3.825639
v 262.354645 -17.622246 9.615015
v 262.354645 -18.253958 8.745542
v 262.354645 -14.492819 3.568773
v 266.193207 -17.765371 -8.679330
v 266.193207 -18.253969 -8.006836
v 266.193207 -14.492821 -2.830068
v 262.354645 -18.253958 8.745542
v 266.193207 -18.253954 8.745539
v 266.193207 -14.492815 3.568769
v 266.193207 -18.253969 -8.006836
v 262.354645 -18.253963 -8.006832
v 262.354645 -14.492819 -2.830065
v 176.823318 -17.622240 -8.876301
v 262.354645 -17.622255 -8.876307
v 262.354645 -24.339619 -11.058909
v 262.354645 -17.622246 9.615015
v 176.823318 -17.622253 9.615023
v 176.823318 -24.339622 11.797622
v 262.354645 -18.253958 8.745542
v 262.354645 -17.622246 9.615015
v 262.354645 -24.339611 11.797622
v 262.354645 -17.622255 -8.876307
v 262.354645 -18.253963 -8.006832
v 262.354645 -24.339619 -9.984179
v 266.193207 -17.765354 9.418035
v 266.193207 -18.253954 8.745539
v 266.193207 -24.339607 10.722892
v 266.193207 -18.253969 -8.006836
v 266.193207 -17.765371 -8.679330
v 266.193207 -24.339624 -10.815431
v 266.193207 -18.253954 8.745539
v 262.354645 -18.253958 8.745542
v 262.354645 -24.339611 10.722892
v 262.354645 -18.253963 -8.006832
v 266.193207 -18.253969 -8.006836
v 266.193207 -24.339624 -9.984179
v 198.931305 -26.826359 -56.800205
v 223.514709 -20.545280 -54.587330
v 269.109924 -18.732052 -47.877380
v 269.109924 -18.732052 48.616093
v 223.514709 -20.545280 55.326038
v 198.931305 -26.826359 57.538914
v 262.354645 -24.339619 -11.058909
v 176.823318 -24.339603 -11.058909
v 176.823318 -17.622240 -8.876301
v 176.823318 -24.339622 11.797622
v 262.354645 -24.339611 11.797622
v 262.354645 -17.622246 9.615015
v 262.354645 -24.339619 -9.984179
v 262.354645 -24.339619 -11.058909
v 262.354645 -17.622255 -8.876307
v 266.193207 -24.339607 10.722892
v 266.193207 -24.339607 11.554142
v 266.193207 -17.765354 9.418035
v 271.928253 -24.339645 -9.883365
v 271.928253 -24.339645 -10.815431
v 271.928253 -17.765392 -8.679333
v 262.354645 -24.339611 10.722892
v 266.193207 -24.339607 10.722892
v 266.193207 -18.253954 8.745539
v 262.354645 -24.339611 11.797622
v 262.354645 -24.339611 10.722892
v 262.354645 -18.253958 8.745542
v 266.193207 -24.339624 -9.984179
v 262.354645 -24.339619 -9.984179
v 262.354645 -18.253963 -8.006832
v 266.193207 -24.339624 -10.815431
v 266.193207 -24.339624 -9.984179
v 266.193207 -18.253969 -8.006836
v 271.928253 -24.339645 -10.815431
v 271.928253 -24.339645 -9.883365
v 271.928253 -30.366043 -7.925267
v 266.193207 -24.339607 11.554142
v 266.193207 -24.339607 10.722892
v 266.193207 -30.425261 8.745547
v 266.193207 -24.339607 10.722892
v 262.354645 -24.339611 10.722892
v 262.354645 -30.425264 8.745545
v 262.354645 -24.339619 -11.058909
v 262.354645 -24.339619 -9.984179
v 262.354645 -30.425276 -8.006829
v 262.354645 -24.339619 -9.984179
v 266.193207 -24.339624 -9.984179
v 266.193207 -30.425278 -8.006827
v 266.193207 -24.339624 -9.984179
v 266.193207 -24.339624 -10.815431
v 266.193207 -30.913876 -8.679323
v 271.928253 -24.339634 10.622077
v 271.928253 -24.339634 11.554142
v 271.928253 -30.913883 9.418044
v 262.354645 -24.339611 10.722892
v 262.354645 -24.339611 11.797622
v 262.354645 -31.056973 9.615020
v 176.823318 -24.339603 -11.058909
v 262.354645 -24.339619 -11.058909
v 262.354645 -31.056986 -8.876305
v 262.354645 -24.339611 11.797622
v 176.823318 -24.339622 11.797622
v 176.823318 -31.056984 9.615013
v 165.953171 -35.415955 50.911827
v 188.287994 -24.595020 45.347187
v 200.013031 -22.616043 49.043644
v 200.013031 -22.616043 -48.304943
v 188.287994 -24.595028 -44.608475
v 165.953171 -35.415958 -50.173126
v 262.354645 -30.425264 8.745545
v 266.193207 -30.425261 8.745547
v 266.193207 -24.339607 10.722892
v 266.193207 -30.425278 -8.006827
v 262.354645 -30.425276 -8.006829
v 262.354645 -24.339619 -9.984179
v 271.928253 -30.913883 9.418044
v 271.928253 -30.366028 8.663987
v 271.928253 -24.339634 10.622077
v 266.193207 -30.425261 8.745547
v 266.193207 -30.913858 9.418043
v 266.193207 -24.339607 11.554142
v 266.193207 -30.913876 -8.679323
v 266.193207 -30.425278 -8.006827
v 266.193207 -24.339624 -9.984179
v 262.354645 -31.056973 9.615020
v 262.354645 -30.425264 8.745545
v 262.354645 -24.339611 10.722892
v 262.354645 -30.425276 -8.006829
v 262.354645 -31.056986 -8.876305
v 262.354645 -24.339619 -11.058909
v 176.823318 -31.056984 9.615013
v 262.354645 -31.056973 9.615020
v 262.354645 -24.339611 11.797622
v 262.354645 -31.056986 -8.876305
v 176.823318 -31.056973 -8.876312
v 176.823318 -24.339603 -11.058909
v 179.318542 -29.883003 45.280312
v 209.636414 -29.883001 45.280308
v 209.636414 -29.883005 40.097595
v 209.636414 -29.883005 40.097595
v 179.318542 -29.883003 40.097599
v 179.318542 -29.883003 45.280312
v 179.318542 -29.883013 -39.358891
v 209.636414 -29.883013 -39.358894
v 209.636414 -29.883017 -44.541607
v 209.636414 -29.883017 -44.541607
v 179.318542 -29.883015 -44.541599
v 179.318542 -29.883013 -39.358891
v 179.318542 -31.109982 44.881645
v 179.318542 -29.883003 45.280312
v 179.318542 -29.883003 40.097599
v 179.318542 -31.109993 -39.757557
v 179.318542 -29.883013 -39.358891
v 179.318542 -29.883015 -44.541599
v 209.636414 -30.496513 -39.558231
v 211.571594 -30.496513 -39.558231
v 211.571594 -30.496515 -44.342270
v 179.318542 -29.883003 40.097599
v 179.318542 -31.109983 40.496269
v 179.318542 -31.109982 44.881645
v 179.318542 -29.883015 -44.541599
v 179.318542 -31.109995 -44.142929
v 179.318542 -31.109993 -39.757557
v 209.636414 -29.883001 45.280308
v 179.318542 -29.883003 45.280312
v 179.318542 -32.929325 49.473213
v 179.318542 -29.883003 40.097599
v 209.636414 -29.883005 40.097595
v 209.636414 -32.929329 35.904697
v 209.636414 -29.883013 -39.358894
v 179.318542 -29.883013 -39.358891
v 179.318542 -32.929333 -35.165989
v 179.318542 -29.883015 -44.541599
v 209.636414 -29.883017 -44.541607
v 209.636414 -32.929340 -48.734505
v 130.293839 -31.109983 44.881649
v 179.318542 -31.109982 44.881645
v 179.318542 -31.109983 40.496269
v 179.318542 -31.109983 40.496269
v 130.293839 -31.109982 40.496281
v 130.293839 -31.109983 44.881649
v 130.293839 -31.109997 -39.757553
v 179.318542 -31.109993 -39.757557
v 179.318542 -31.109995 -44.142929
v 179.318542 -31.109995 -44.142929
v 130.293839 -31.109991 -44.142918
v 130.293839 -31.109997 -39.757553
v 211.571594 -31.110003 -39.757565
v 217.054611 -31.110003 -39.757565
v 217.054611 -31.110006 -44.142933
v 217.054611 -31.110006 -44.142933
v 211.571594 -31.110004 -44.142933
v 211.571594 -31.110003 -39.757565
v 211.571594 -31.110008 44.881634
v 217.054611 -31.110008 44.881634
v 217.054611 -31.110012 40.496265
v 217.054611 -31.110012 40.496265
v 211.571594 -31.110012 40.496265
v 211.571594 -31.110008 44.881634
v 179.318542 -31.109983 40.496269
v 179.318542 -29.883003 40.097599
v 179.318542 -32.929325 35.904697
v 179.318542 -31.109995 -44.142929
v 179.318542 -29.883015 -44.541599
v 179.318542 -32.929337 -48.734505
v 167.502609 -31.553066 22.724941
v 222.753220 -31.553066 22.724932
v 222.753220 -31.553074 13.280091
v 222.753220 -31.553074 13.280091
v 167.502609 -31.553070 13.280099
v 167.502609 -31.553066 22.724941
v 167.502609 -31.553072 -12.541390
v 222.753220 -31.553072 -12.541397
v 222.753220 -31.553078 -21.986240
v 222.753220 -31.553078 -21.986240
v 167.502609 -31.553074 -21.986235
v 167.502609 -31.553072 -12.541390
v 179.318542 -29.883003 45.280312
v 179.318542 -31.109982 44.881645
v 179.318542 -33.687637 48.429482
v 179.318542 -29.883013 -39.358891
v 179.318542 -31.109993 -39.757557
v 179.318542 -33.687649 -36.209721
v 211.571594 -31.110008 44.881634
v 211.571594 -30.496519 45.080971
v 211.571594 -33.308506 48.951344
v 266.193207 -30.425261 8.745547
v 262.354645 -30.425264 8.745545
v 262.354645 -34.186409 3.568776
v 262.354645 -30.425276 -8.006829
v 266.193207 -30.425278 -8.006827
v 266.193207 -34.186417 -2.830059
v 217.054611 -31.723499 44.682301
v 211.571594 -31.723499 44.682301
v 211.571594 -31.723503 40.695599
v 211.571594 -31.723503 40.695599
v 217.054611 -31.723503 40.695599
v 217.054611 -31.723499 44.682301
v 171.266022 -31.801411 63.233341
v 200.606354 -31.801411 63.233330
v 200.606354 -31.801416 58.617630
v 171.266022 -31.801411 -61.922699
v 200.606354 -31.801416 -57.306988
v 200.606354 -31.801411 -61.922688
v 200.606354 -31.801416 -57.306988
v 171.266022 -31.801411 -61.922699
v 171.266022 -31.801414 -57.306988
v 200.606354 -31.801416 58.617630
v 171.266022 -31.801414 58.617630
v 171.266022 -31.801411 63.233341
v 266.193207 -30.913858 9.418043
v 266.193207 -30.425261 8.745547
v 266.193207 -34.186409 3.568779
v 262.354645 -31.056986 -8.876305
v 262.354645 -30.425276 -8.006829
v 262.354645 -34.186413 -2.830062
v 179.318542 -32.929325 49.473213
v 209.636414 -32.929321 49.473213
v 209.636414 -29.883001 45.280308
v 209.636414 -32.929329 35.904697
v 179.318542 -32.929325 35.904697
v 179.318542 -29.883003 40.097599
v 179.318542 -32.929333 -35.165989
v 209.636414 -32.929333 -35.165993
v 209.636414 -29.883013 -39.358894
v 209.636414 -32.929340 -48.734505
v 179.318542 -32.929337 -48.734505
v 179.318542 -29.883015 -44.541599
v 222.753220 -32.671104 -21.622978
v 222.753220 -31.553093 -21.986238
v 222.753220 -31.553087 -12.541397
v 130.293839 -31.109982 40.496281
v 179.318542 -31.109983 40.496269
v 179.318542 -33.687637 36.948429
v 179.318542 -31.109982 44.881645
v 130.293839 -31.109983 44.881649
v 130.293839 -33.687645 48.429489
v 130.293839 -31.109991 -44.142918
v 179.318542 -31.109995 -44.142929
v 179.318542 -33.687649 -47.690769
v 179.318542 -31.109993 -39.757557
v 130.293839 -31.109997 -39.757553
v 130.293839 -33.687656 -36.209717
v 271.928253 -30.366028 8.663987
v 271.928253 -30.913883 9.418044
v 271.928253 -34.977001 3.825652
v 266.193207 -30.425278 -8.006827
v 266.193207 -30.913876 -8.679323
v 266.193207 -34.976982 -3.086930
v 179.318542 -33.687637 48.429482
v 179.318542 -32.929325 49.473213
v 179.318542 -29.883003 45.280312
v 179.318542 -33.687649 -36.209721
v 179.318542 -32.929333 -35.165989
v 179.318542 -29.883013 -39.358891
v 262.354645 -30.425264 8.745545
v 262.354645 -31.056973 9.615020
v 262.354645 -35.208542 3.900886
v 167.502609 -33.789085 21.998415
v 167.502609 -31.553066 22.724941
v 167.502609 -31.553070 13.280099
v 167.502609 -33.789089 -13.267915
v 167.502609 -31.553072 -12.541390
v 167.502609 -31.553074 -21.986235
v 222.753220 -31.553087 -12.541397
v 222.753220 -32.671097 -12.904660
v 222.753220 -32.671104 -21.622978
v 176.823318 -31.056973 -8.876312
v 262.354645 -31.056986 -8.876305
v 262.354645 -35.208542 -3.162172
v 262.354645 -31.056973 9.615020
v 176.823318 -31.056984 9.615013
v 176.823318 -35.208542 3.900874
v 211.571594 -33.687664 -47.690777
v 211.571594 -33.308506 -48.212639
v 211.571594 -30.496515 -44.342270
v 179.318542 -32.929325 35.904697
v 179.318542 -33.687637 36.948429
v 179.318542 -31.109983 40.496269
v 179.318542 -32.929337 -48.734505
v 179.318542 -33.687649 -47.690769
v 179.318542 -31.109995 -44.142929
v 226.279816 -32.671104 -21.622980
v 222.753220 -32.671104 -21.622978
v 222.753220 -32.671097 -12.904660
v 222.753220 -32.671097 22.361670
v 226.279816 -32.671097 22.361670
v 226.279816 -32.671104 13.643353
v 226.279816 -32.671104 13.643353
v 222.753220 -32.671104 13.643354
v 222.753220 -32.671097 22.361670
v 211.571594 -33.308498 -35.687859
v 211.571594 -33.687656 -36.209724
v 211.571594 -31.110003 -39.757565
v 200.606354 -31.801411 63.233330
v 171.266022 -31.801411 63.233341
v 171.266022 -34.514450 66.967529
v 200.606354 -31.801411 -61.922688
v 171.266022 -34.514450 -65.656883
v 171.266022 -31.801411 -61.922699
v 171.266022 -31.801414 -57.306988
v 200.606354 -34.514462 -53.572807
v 200.606354 -31.801416 -57.306988
v 171.266022 -31.801414 58.617630
v 200.606354 -31.801416 58.617630
v 200.606354 -34.514462 54.883450
v 179.318542 -33.687637 36.948429
v 130.293839 -33.687634 36.948433
v 130.293839 -31.109982 40.496281
v 130.293839 -33.687645 48.429489
v 179.318542 -33.687637 48.429482
v 179.318542 -31.109982 44.881645
v 179.318542 -33.687649 -47.690769
v 130.293839 -33.687645 -47.690765
v 130.293839 -31.109991 -44.142918
v 130.293839 -33.687656 -36.209717
v 179.318542 -33.687649 -36.209721
v 179.318542 -31.109993 -39.757557
v 262.354645 -34.186409 3.568776
v 266.193207 -34.186409 3.568779
v 266.193207 -30.425261 8.745547
v 266.193207 -34.186417 -2.830059
v 262.354645 -34.186413 -2.830062
v 262.354645 -30.425276 -8.006829
v 167.502609 -31.553070 13.280099
v 167.502609 -33.789089 14.006626
v 167.502609 -33.789085 21.998415
v 167.502609 -31.553074 -21.986235
v 167.502609 -33.789093 -21.259706
v 167.502609 -33.789089 -13.267915
v 271.928253 -34.977001 3.825652
v 271.928253 -34.090553 3.537628
v 271.928253 -30.366028 8.663987
v 266.193207 -34.976982 -3.086930
v 266.193207 -34.186417 -2.830059
v 266.193207 -30.425278 -8.006827
v 262.354645 -35.208542 3.900886
v 262.354645 -34.186409 3.568776
v 262.354645 -30.425264 8.745545
v 266.193207 -34.186409 3.568779
v 266.193207 -34.976978 3.825651
v 266.193207 -30.913858 9.418043
v 222.753220 -31.553066 22.724932
v 167.502609 -31.553066 22.724941
v 167.502609 -37.104607 30.365980
v 222.753220 -31.553072 -12.541397
v 167.502609 -31.553072 -12.541390
v 167.502609 -37.104610 -4.900352
v 167.502609 -31.553070 13.280099
v 222.753220 -31.553074 13.280091
v 222.753220 -37.104618 5.639054
v 167.502609 -31.553074 -21.986235
v 222.753220 -31.553078 -21.986240
v 222.753220 -37.104622 -29.627279
v 262.354645 -34.186413 -2.830062
v 262.354645 -35.208542 -3.162172
v 262.354645 -31.056986 -8.876305
v 171.266022 -34.514450 -65.656883
v 200.606354 -31.801411 -61.922688
v 200.606354 -34.514450 -65.656876
v 171.266022 -34.514450 66.967529
v 200.606354 -34.514450 66.967514
v 200.606354 -31.801411 63.233330
v 200.606354 -34.514462 -53.572807
v 171.266022 -31.801414 -57.306988
v 171.266022 -34.514465 -53.572807
v 200.606354 -34.514462 54.883450
v 171.266022 -34.514465 54.883450
v 171.266022 -31.801414 58.617630
v 78.161255 -33.789089 21.998428
v 167.502609 -33.789085 21.998415
v 167.502609 -33.789089 14.006626
v 167.502609 -33.789089 14.006626
v 78.161255 -33.789082 14.006639
v 78.161255 -33.789089 21.998428
v 78.161255 -33.789093 -13.267902
v 167.502609 -33.789089 -13.267915
v 167.502609 -33.789093 -21.259706
v 167.502609 -33.789093 -21.259706
v 78.161255 -33.789085 -21.259693
v 78.161255 -33.789093 -13.267902
v 226.279816 -33.789104 -13.267926
v 236.271957 -33.789104 -13.267926
v 236.271957 -33.789112 -21.259716
v 176.823318 -35.208542 3.900874
v 262.354645 -35.208542 3.900886
v 262.354645 -31.056973 9.615020
v 262.354645 -35.208542 -3.162172
v 176.823318 -35.208538 -3.162185
v 176.823318 -31.056973 -8.876312
v 222.753220 -31.553093 -21.986238
v 222.753220 -32.671104 -21.622978
v 222.753220 -37.795605 -28.676245
v 167.502609 -33.789089 14.006626
v 167.502609 -31.553070 13.280099
v 167.502609 -37.104610 5.639059
v 167.502609 -33.789093 -21.259706
v 167.502609 -31.553074 -21.986235
v 167.502609 -37.104614 -29.627275
v 266.193207 -34.186409 3.568779
v 262.354645 -34.186409 3.568776
v 262.354645 -34.186413 -2.830062
v 262.354645 -34.186413 -2.830062
v 266.193207 -34.186417 -2.830059
v 266.193207 -34.186409 3.568779
v 266.193207 -34.976978 3.825651
v 266.193207 -34.186409 3.568779
v 266.193207 -34.186417 -2.830059
v 262.354645 -35.208542 -3.162172
v 262.354645 -34.186413 -2.830062
v 262.354645 -34.186409 3.568776
v 209.636414 -32.929321 49.473213
v 179.318542 -32.929325 49.473213
v 179.318542 -37.858372 51.074757
v 179.318542 -32.929325 35.904697
v 209.636414 -32.929329 35.904697
v 209.636414 -37.858383 34.303150
v 209.636414 -32.929333 -35.165993
v 179.318542 -32.929333 -35.165989
v 179.318542 -37.858387 -33.564445
v 179.318542 -32.929337 -48.734505
v 209.636414 -32.929340 -48.734505
v 209.636414 -37.858391 -50.336048
v 167.502609 -31.553066 22.724941
v 167.502609 -33.789085 21.998415
v 167.502609 -38.486542 28.463907
v 167.502609 -31.553072 -12.541390
v 167.502609 -33.789089 -13.267915
v 167.502609 -38.486546 -6.802423
v 271.928253 -34.090553 3.537628
v 271.928253 -34.977001 3.825652
v 271.928253 -34.977005 -3.086929
v 266.193207 -34.186417 -2.830059
v 266.193207 -34.976982 -3.086930
v 266.193207 -34.976978 3.825651
v 226.279816 -33.789108 21.998405
v 226.279816 -32.671097 22.361670
v 226.279861 -37.795593 29.414940
v 179.318542 -32.929325 49.473213
v 179.318542 -33.687637 48.429482
v 179.318542 -37.858372 49.784634
v 179.318542 -33.687637 36.948429
v 179.318542 -32.929325 35.904697
v 179.318542 -37.858376 34.303150
v 179.318542 -32.929333 -35.165989
v 179.318542 -33.687649 -36.209721
v 179.318542 -37.858387 -34.854568
v 179.318542 -33.687649 -47.690769
v 179.318542 -32.929337 -48.734505
v 179.318542 -37.858387 -50.336048
v 262.354645 -34.186409 3.568776
v 262.354645 -35.208542 3.900886
v 262.354645 -35.208542 -3.162172
v 236.271957 -34.907120 21.635141
v 226.279816 -34.907120 21.635141
v 226.279816 -34.907124 14.369880
v 226.279816 -34.907124 14.369880
v 236.271957 -34.907124 14.369879
v 236.271957 -34.907120 21.635141
v 211.571594 -33.308506 -48.212639
v 211.571594 -33.687664 -47.690777
v 211.571594 -37.858398 -49.045925
v 130.293839 -33.687634 36.948433
v 179.318542 -33.687637 36.948429
v 179.318542 -37.858376 35.593277
v 179.318542 -33.687637 48.429482
v 130.293839 -33.687645 48.429489
v 130.293839 -37.858379 49.784634
v 130.293839 -33.687645 -47.690765
v 179.318542 -33.687649 -47.690769
v 179.318542 -37.858387 -49.045925
v 179.318542 -33.687649 -36.209721
v 130.293839 -33.687656 -36.209717
v 130.293839 -37.858391 -34.854568
v 176.823318 -35.208538 -3.162185
v 262.354645 -35.208542 -3.162172
v 262.354645 -35.208542 3.900886
v 262.354645 -35.208542 3.900886
v 176.823318 -35.208542 3.900874
v 176.823318 -35.208538 -3.162185
v 167.502609 -37.104607 30.365980
v 222.753220 -37.104599 30.365974
v 222.753220 -31.553066 22.724932
v 167.502609 -37.104610 -4.900352
v 222.753220 -37.104603 -4.900357
v 222.753220 -31.553072 -12.541397
v 222.753220 -37.104618 5.639054
v 167.502609 -37.104610 5.639059
v 167.502609 -31.553070 13.280099
v 222.753220 -37.104622 -29.627279
v 167.502609 -37.104614 -29.627275
v 167.502609 -31.553074 -21.986235
v 78.161255 -33.789082 14.006639
v 167.502609 -33.789089 14.006626
v 167.502609 -38.486546 7.541130
v 78.161255 -33.789085 -21.259693
v 167.502609 -33.789093 -21.259706
v 167.502609 -38.486549 -27.725201
v 167.502609 -33.789085 21.998415
v 78.161255 -33.789089 21.998428
v 78.161255 -38.486553 28.463917
v 167.502609 -33.789089 -13.267915
v 78.161255 -33.789093 -13.267902
v 78.161255 -38.486557 -6.802414
v 222.753220 -37.795605 -28.676245
v 222.753220 -37.104637 -29.627279
v 222.753220 -31.553093 -21.986238
v 222.753220 -37.795609 6.590090
v 222.753220 -37.104641 5.639055
v 222.753220 -31.553095 13.280091
v 167.502609 -38.486542 28.463907
v 167.502609 -37.104607 30.365980
v 167.502609 -31.553066 22.724941
v 167.502609 -38.486546 -6.802423
v 167.502609 -37.104610 -4.900352
v 167.502609 -31.553072 -12.541390
v 200.606354 -34.514450 66.967514
v 171.266022 -34.514450 66.967529
v 171.266006 -38.904247 68.393852
v 200.606354 -34.514450 -65.656876
v 171.266006 -38.904247 -67.083214
v 171.266022 -34.514450 -65.656883
v 171.266022 -34.514465 54.883450
v 200.606354 -34.514462 54.883450
v 200.606354 -38.904259 53.457119
v 171.266022 -34.514465 -53.572807
v 200.606354 -38.904259 -52.146477
v 200.606354 -34.514462 -53.572807
v 179.318542 -37.858372 51.074757
v 209.636414 -37.858368 51.074757
v 209.636414 -32.929321 49.473213
v 179.318542 -37.858372 49.784634
v 179.318542 -37.858372 51.074757
v 179.318542 -32.929325 49.473213
v 209.636414 -37.858383 34.303150
v 179.318542 -37.858376 34.303150
v 179.318542 -32.929325 35.904697
v 179.318542 -37.858387 -33.564445
v 209.636414 -37.858383 -33.564445
v 209.636414 -32.929333 -35.165993
v 179.318542 -37.858387 -34.854568
v 179.318542 -37.858387 -33.564445
v 179.318542 -32.929333 -35.165989
v 209.636414 -37.858391 -50.336048
v 179.318542 -37.858387 -50.336048
v 179.318542 -32.929337 -48.734505
v 209.636414 -37.858406 34.948212
v 209.636414 -37.858406 34.303150
v 209.636414 -32.929356 35.904697
v 209.636414 -37.858398 51.074757
v 209.636414 -37.858398 50.429699
v 209.636414 -33.308506 48.951344
v 211.571594 -37.858398 -49.045925
v 211.571594 -37.858398 -49.690987
v 211.571594 -33.308506 -48.212639
v 167.502609 -37.104610 5.639059
v 167.502609 -38.486546 7.541130
v 167.502609 -33.789089 14.006626
v 167.502609 -37.104614 -29.627275
v 167.502609 -38.486549 -27.725201
v 167.502609 -33.789093 -21.259706
v 179.318542 -37.858376 35.593277
v 130.293839 -37.858368 35.593277
v 130.293839 -33.687634 36.948433
v 179.318542 -37.858376 34.303150
v 179.318542 -37.858376 35.593277
v 179.318542 -33.687637 36.948429
v 130.293839 -37.858379 49.784634
v 179.318542 -37.858372 49.784634
v 179.318542 -33.687637 48.429482
v 179.318542 -37.858387 -49.045925
v 130.293839 -37.858379 -49.045925
v 130.293839 -33.687645 -47.690765
v 179.318542 -37.858387 -50.336048
v 179.318542 -37.858387 -49.045925
v 179.318542 -33.687649 -47.690769
v 130.293839 -37.858391 -34.854568
v 179.318542 -37.858387 -34.854568
v 179.318542 -33.687649 -36.209721
v 211.571594 -37.858398 50.429699
v 211.571594 -37.858398 49.784634
v 211.571594 -33.687664 48.429478
v 167.502609 -38.486546 7.541130
v 78.161255 -38.486530 7.541139
v 78.161255 -33.789082 14.006639
v 167.502609 -38.486549 -27.725201
v 78.161255 -38.486534 -27.725191
v 78.161255 -33.789085 -21.259693
v 78.161255 -38.486553 28.463917
v 167.502609 -38.486542 28.463907
v 167.502609 -33.789085 21.998415
v 78.161255 -38.486557 -6.802414
v 167.502609 -38.486546 -6.802423
v 167.502609 -33.789089 -13.267915
v 171.266006 -38.904247 68.393852
v 200.606354 -38.904243 68.393852
v 200.606354 -34.514450 66.967514
v 171.266006 -38.904247 -67.083214
v 200.606354 -34.514450 -65.656876
v 200.606354 -38.904243 -67.083214
v 200.606354 -38.904259 -52.146477
v 171.266022 -34.514465 -53.572807
v 171.266006 -38.904263 -52.146477
v 200.606354 -38.904259 53.457119
v 171.266006 -38.904263 53.457119
v 171.266022 -34.514465 54.883450
v 179.318542 -37.858372 51.074757
v 179.318542 -37.858372 49.784634
v 179.318542 -42.029106 48.429478
v 130.293839 -37.858368 35.593277
v 179.318542 -37.858376 35.593277
v 179.318542 -42.029110 36.948429
v 179.318542 -37.858372 49.784634
v 130.293839 -37.858379 49.784634
v 130.293839 -42.029114 48.429474
v 179.318542 -37.858387 -33.564445
v 179.318542 -37.858387 -34.854568
v 179.318542 -42.029118 -36.209721
v 130.293839 -37.858379 -49.045925
v 179.318542 -37.858387 -49.045925
v 179.318542 -42.029121 -47.690777
v 179.318542 -37.858387 -34.854568
v 130.293839 -37.858391 -34.854568
v 130.293839 -42.029125 -36.209724
v 211.571594 -37.858391 -34.854568
v 211.571594 -37.858391 -34.209507
v 211.571594 -42.408283 -35.687855
v 209.636414 -37.858406 34.303150
v 209.636414 -37.858406 34.948212
v 209.636414 -42.408298 36.426567
v 209.636414 -37.858368 51.074757
v 179.318542 -37.858372 51.074757
v 179.318542 -42.787422 49.473213
v 179.318542 -37.858376 35.593277
v 179.318542 -37.858376 34.303150
v 179.318542 -42.787426 35.904697
v 179.318542 -37.858376 34.303150
v 209.636414 -37.858383 34.303150
v 209.636414 -42.787430 35.904701
v 209.636414 -37.858383 -33.564445
v 179.318542 -37.858387 -33.564445
v 179.318542 -42.787434 -35.165985
v 179.318542 -37.858387 -49.045925
v 179.318542 -37.858387 -50.336048
v 179.318542 -42.787437 -48.734505
v 209.636414 -37.858391 -34.209507
v 209.636414 -37.858391 -33.564445
v 209.636414 -42.787441 -35.165985
v 179.318542 -37.858387 -50.336048
v 209.636414 -37.858391 -50.336048
v 209.636414 -42.787445 -48.734501
v 209.636414 -37.858398 50.429699
v 209.636414 -37.858398 51.074757
v 209.636414 -42.787445 49.473217
v 222.753220 -37.104599 30.365974
v 167.502609 -37.104607 30.365980
v 167.502640 -46.087181 33.284599
v 222.753220 -37.104603 -4.900357
v 167.502609 -37.104610 -4.900352
v 167.502640 -46.087189 -1.981736
v 167.502609 -37.104610 5.639059
v 222.753220 -37.104618 5.639054
v 222.753220 -46.087200 2.720442
v 167.502609 -37.104614 -29.627275
v 222.753220 -37.104622 -29.627279
v 222.753220 -46.087204 -32.545891
v 222.753220 -37.795593 29.414940
v 222.753220 -37.104626 30.365974
v 222.753174 -46.087204 33.284599
v 200.606354 -38.904243 68.393852
v 171.266006 -38.904247 68.393852
v 171.266006 -43.294041 66.967529
v 200.606354 -38.904243 -67.083214
v 171.266006 -43.294041 -65.656883
v 171.266006 -38.904247 -67.083214
v 171.266006 -38.904263 -52.146477
v 200.606354 -43.294056 -53.572819
v 200.606354 -38.904259 -52.146477
v 171.266006 -38.904263 53.457119
v 200.606354 -38.904259 53.457119
v 200.606354 -43.294056 54.883461
v 167.502609 -37.104607 30.365980
v 167.502609 -38.486542 28.463907
v 167.502640 -46.087181 30.933508
v 167.502609 -38.486546 7.541130
v 167.502609 -37.104610 5.639059
v 167.502640 -46.087189 2.720442
v 167.502609 -37.104610 -4.900352
v 167.502609 -38.486546 -6.802423
v 167.502640 -46.087189 -4.332826
v 167.502609 -38.486549 -27.725201
v 167.502609 -37.104614 -29.627275
v 167.502640 -46.087196 -32.545891
v 179.318542 -42.029110 36.948429
v 130.293839 -42.029102 36.948425
v 130.293839 -37.858368 35.593277
v 130.293839 -42.029114 48.429474
v 179.318542 -42.029106 48.429478
v 179.318542 -37.858372 49.784634
v 179.318542 -42.029121 -47.690777
v 130.293839 -42.029114 -47.690777
v 130.293839 -37.858379 -49.045925
v 130.293839 -42.029125 -36.209724
v 179.318542 -42.029118 -36.209721
v 179.318542 -37.858387 -34.854568
v 226.279861 -37.795605 -28.676245
v 226.279861 -38.486572 -27.725210
v 226.279816 -46.087215 -30.194798
v 179.318542 -42.029106 48.429478
v 179.318542 -42.787422 49.473213
v 179.318542 -37.858372 51.074757
v 179.318542 -42.787426 35.904697
v 179.318542 -42.029110 36.948429
v 179.318542 -37.858376 35.593277
v 179.318542 -42.029118 -36.209721
v 179.318542 -42.787434 -35.165985
v 179.318542 -37.858387 -33.564445
v 179.318542 -42.787437 -48.734505
v 179.318542 -42.029121 -47.690777
v 179.318542 -37.858387 -49.045925
v 209.636414 -42.787445 49.473217
v 209.636414 -42.408287 48.951351
v 209.636414 -37.858398 50.429699
v 209.636414 -42.408291 -48.212631
v 209.636414 -42.787453 -48.734493
v 209.636414 -37.858398 -50.336048
v 209.636414 -42.408298 36.426567
v 209.636414 -42.787457 35.904701
v 209.636414 -37.858406 34.303150
v 78.161255 -38.486530 7.541139
v 167.502609 -38.486546 7.541130
v 167.502640 -46.087189 5.071532
v 78.161255 -38.486534 -27.725191
v 167.502609 -38.486549 -27.725201
v 167.502640 -46.087193 -30.194798
v 167.502609 -38.486542 28.463907
v 78.161255 -38.486553 28.463917
v 78.161255 -46.087200 30.933508
v 167.502609 -38.486546 -6.802423
v 78.161255 -38.486557 -6.802414
v 78.161255 -46.087204 -4.332826
v 179.318542 -42.787422 49.473213
v 209.636414 -42.787418 49.473213
v 209.636414 -37.858368 51.074757
v 209.636414 -42.787430 35.904701
v 179.318542 -42.787426 35.904697
v 179.318542 -37.858376 34.303150
v 179.318542 -42.787434 -35.165985
v 209.636414 -42.787430 -35.165985
v 209.636414 -37.858383 -33.564445
v 209.636414 -42.787445 -48.734501
v 179.318542 -42.787437 -48.734505
v 179.318542 -37.858387 -50.336048
v 171.266006 -43.294041 66.967529
v 200.606354 -43.294041 66.967529
v 200.606354 -38.904243 68.393852
v 171.266006 -43.294041 -65.656883
v 200.606354 -38.904243 -67.083214
v 200.606354 -43.294041 -65.656883
v 200.606354 -43.294056 -53.572819
v 171.266006 -38.904263 -52.146477
v 171.266006 -43.294056 -53.572815
v 200.606354 -43.294056 54.883461
v 171.266006 -43.294056 54.883457
v 171.266006 -38.904263 53.457119
v 149.521408 -45.558861 54.094093
v 149.666016 -40.401878 53.184780
v 144.856979 -40.130547 54.723583
v 144.856979 -40.130566 -53.984879
v 149.666016 -40.401897 -52.446075
v 149.521408 -45.558876 -53.355392
v 152.638153 -41.112236 49.156139
v 149.666016 -40.401878 53.184780
v 149.521408 -45.558861 54.094093
v 149.521408 -45.558876 -53.355392
v 149.666016 -40.401897 -52.446075
v 152.638153 -41.112255 -48.417439
v 152.638153 -41.990288 44.176468
v 152.638153 -41.112236 49.156139
v 152.258438 -44.805729 49.807400
v 152.258438 -44.805744 -49.068699
v 152.638153 -41.112255 -48.417439
v 152.638153 -41.990303 -43.437763
v 130.293839 -42.029102 36.948425
v 179.318542 -42.029110 36.948429
v 179.318542 -44.606766 40.496265
v 179.318542 -42.029106 48.429478
v 130.293839 -42.029114 48.429474
v 130.293839 -44.606770 44.881630
v 130.293839 -42.029114 -47.690777
v 179.318542 -42.029121 -47.690777
v 179.318542 -44.606777 -44.142933
v 179.318542 -42.029118 -36.209721
v 130.293839 -42.029125 -36.209724
v 130.293839 -44.606777 -39.757572
v 167.502640 -46.087181 33.284599
v 222.753220 -46.087177 33.284599
v 222.753220 -37.104599 30.365974
v 167.502640 -46.087189 -1.981736
v 222.753220 -46.087181 -1.981736
v 222.753220 -37.104603 -4.900357
v 167.502640 -46.087181 30.933508
v 167.502640 -46.087181 33.284599
v 167.502609 -37.104607 30.365980
v 167.502640 -46.087189 -4.332826
v 167.502640 -46.087189 -1.981736
v 167.502609 -37.104610 -4.900352
v 222.753220 -46.087200 2.720442
v 167.502640 -46.087189 2.720442
v 167.502609 -37.104610 5.639059
v 222.753220 -46.087204 -32.545891
v 167.502640 -46.087196 -32.545891
v 167.502609 -37.104614 -29.627275
v 179.318542 -42.787422 49.473213
v 179.318542 -42.029106 48.429478
v 179.318542 -44.606766 44.881638
v 179.318542 -42.787434 -35.165985
v 179.318542 -42.029118 -36.209721
v 179.318542 -44.606777 -39.757565
v 222.753174 -46.087200 -1.981736
v 222.753174 -46.087200 -3.157280
v 222.753220 -37.795589 -5.851393
v 222.753174 -46.087204 33.284599
v 222.753174 -46.087204 32.109051
v 222.753220 -37.795593 29.414940
v 226.279816 -46.087219 5.071532
v 226.279816 -46.087219 3.895987
v 226.279861 -37.795609 6.590088
v 149.666016 -42.700645 40.147820
v 152.638153 -41.990288 44.176468
v 152.258438 -45.683781 44.827721
v 152.258438 -45.683796 -44.089027
v 152.638153 -41.990303 -43.437763
v 149.666016 -42.700661 -39.409119
v 209.636414 -42.787453 -48.734493
v 209.636414 -42.408291 -48.212631
v 209.636414 -45.220276 -44.342266
v 209.636414 -42.787457 35.904701
v 209.636414 -42.408298 36.426567
v 209.636414 -45.220284 40.296932
v 179.318542 -42.029110 36.948429
v 179.318542 -42.787426 35.904697
v 179.318542 -45.833744 40.097595
v 179.318542 -42.029121 -47.690777
v 179.318542 -42.787437 -48.734505
v 179.318542 -45.833755 -44.541607
v 167.502640 -46.087189 5.071532
v 78.161255 -46.087173 5.071532
v 78.161255 -38.486530 7.541139
v 167.502640 -46.087193 -30.194798
v 78.161255 -46.087177 -30.194798
v 78.161255 -38.486534 -27.725191
v 167.502640 -46.087189 2.720442
v 167.502640 -46.087189 5.071532
v 167.502609 -38.486546 7.541130
v 78.161255 -46.087200 30.933508
v 167.502640 -46.087181 30.933508
v 167.502609 -38.486542 28.463907
v 167.502640 -46.087196 -32.545891
v 167.502640 -46.087193 -30.194798
v 167.502609 -38.486549 -27.725201
v 78.161255 -46.087204 -4.332826
v 167.502640 -46.087189 -4.332826
v 167.502609 -38.486546 -6.802423
v 144.856979 -40.130547 54.723583
v 140.047989 -40.401886 53.184772
v 140.664200 -50.294815 54.929165
v 140.664200 -50.294834 -54.190460
v 140.047989 -40.401901 -52.446075
v 144.856979 -40.130566 -53.984879
v 179.318542 -44.606766 40.496265
v 130.293839 -44.606762 40.496258
v 130.293839 -42.029102 36.948425
v 130.293839 -44.606770 44.881630
v 179.318542 -44.606766 44.881638
v 179.318542 -42.029106 48.429478
v 130.293839 -44.606777 -39.757572
v 179.318542 -44.606777 -39.757565
v 179.318542 -42.029118 -36.209721
v 179.318542 -44.606777 -44.142933
v 130.293839 -44.606777 -44.142944
v 130.293839 -42.029114 -47.690777
v 209.636414 -42.787418 49.473213
v 179.318542 -42.787422 49.473213
v 179.318542 -45.833744 45.280312
v 179.318542 -42.787426 35.904697
v 209.636414 -42.787430 35.904701
v 209.636414 -45.833748 40.097599
v 209.636414 -42.787430 -35.165985
v 179.318542 -42.787434 -35.165985
v 179.318542 -45.833755 -39.358891
v 179.318542 -42.787437 -48.734505
v 209.636414 -42.787445 -48.734501
v 209.636414 -45.833759 -44.541599
v 149.521408 -45.558861 54.094093
v 152.258438 -44.805729 49.807400
v 152.638153 -41.112236 49.156139
v 152.638153 -41.112255 -48.417439
v 152.258438 -44.805744 -49.068699
v 149.521408 -45.558876 -53.355392
v 179.318542 -45.833744 40.097595
v 179.318542 -44.606766 40.496265
v 179.318542 -42.029110 36.948429
v 179.318542 -45.833755 -44.541607
v 179.318542 -44.606777 -44.142933
v 179.318542 -42.029121 -47.690777
v 152.258438 -44.805729 49.807400
v 152.258438 -45.683781 44.827721
v 152.638153 -41.990288 44.176468
v 152.638153 -41.990303 -43.437763
v 152.258438 -45.683796 -44.089027
v 152.258438 -44.805744 -49.068699
v 200.606354 -43.294041 66.967529
v 171.266006 -43.294041 66.967529
v 171.266006 -46.007095 63.233341
v 200.606354 -43.294041 -65.656883
v 171.266006 -46.007095 -61.922707
v 171.266006 -43.294041 -65.656883
v 171.266006 -43.294056 -53.572815
v 200.606354 -46.007095 -57.306995
v 200.606354 -43.294056 -53.572819
v 171.266006 -43.294056 54.883457
v 200.606354 -43.294056 54.883461
v 200.606354 -46.007095 58.617638
v 179.318542 -44.606766 44.881638
v 179.318542 -45.833744 45.280312
v 179.318542 -42.787422 49.473213
v 179.318542 -44.606777 -39.757565
v 179.318542 -45.833755 -39.358891
v 179.318542 -42.787434 -35.165985
v 144.856979 -40.130547 54.723583
v 145.092804 -47.655510 56.050430
v 149.521408 -45.558861 54.094093
v 149.521408 -45.558876 -53.355392
v 145.092804 -47.655525 -55.311733
v 144.856979 -40.130566 -53.984879
v 209.636414 -45.833763 -39.358891
v 209.636414 -45.220276 -39.558224
v 209.636414 -42.408283 -35.687855
v 144.856995 -42.971981 38.609009
v 149.666016 -42.700645 40.147820
v 149.521408 -47.857628 41.057133
v 149.521408 -47.857643 -40.318432
v 149.666016 -42.700661 -39.409119
v 144.856995 -42.971996 -37.870312
v 130.293839 -44.606762 40.496258
v 179.318542 -44.606766 40.496265
v 179.318542 -44.606766 44.881638
v 179.318542 -44.606766 44.881638
v 130.293839 -44.606770 44.881630
v 130.293839 -44.606762 40.496258
v 130.293839 -44.606777 -44.142944
v 179.318542 -44.606777 -44.142933
v 179.318542 -44.606777 -39.757565
v 179.318542 -44.606777 -39.757565
v 130.293839 -44.606777 -39.757572
v 130.293839 -44.606777 -44.142944
v 211.571594 -44.606789 -44.142925
v 217.054611 -44.606789 -44.142925
v 217.054611 -44.606785 -39.757553
v 209.636414 -45.220276 -44.342266
v 209.636414 -45.833763 -44.541599
v 209.636414 -42.787453 -48.734493
v 140.047989 -40.401886 53.184772
v 137.075851 -41.112240 49.156128
v 137.927170 -52.468666 51.158569
v 137.927170 -52.468678 -50.419872
v 137.075851 -41.112259 -48.417431
v 140.047989 -40.401901 -52.446075
v 179.318542 -45.833744 45.280312
v 209.636414 -45.833744 45.280315
v 209.636414 -42.787418 49.473213
v 209.636414 -45.833748 40.097599
v 179.318542 -45.833744 40.097595
v 179.318542 -42.787426 35.904697
v 179.318542 -45.833755 -39.358891
v 209.636414 -45.833755 -39.358891
v 209.636414 -42.787430 -35.165985
v 209.636414 -45.833759 -44.541599
v 179.318542 -45.833755 -44.541607
v 179.318542 -42.787437 -48.734505
v 179.318542 -45.833744 45.280312
v 179.318542 -44.606766 44.881638
v 179.318542 -44.606766 40.496265
v 179.318542 -45.833755 -39.358891
v 179.318542 -44.606777 -39.757565
v 179.318542 -44.606777 -44.142933
v 171.266006 -46.007095 -61.922707
v 200.606354 -43.294041 -65.656883
v 200.606354 -46.007088 -61.922707
v 171.266006 -46.007095 63.233341
v 200.606354 -46.007088 63.233341
v 200.606354 -43.294041 66.967529
v 200.606354 -46.007095 58.617638
v 171.266006 -46.007095 58.617638
v 171.266006 -43.294056 54.883457
v 200.606354 -46.007095 -57.306995
v 171.266006 -43.294056 -53.572815
v 171.266006 -46.007095 -57.306995
v 209.636414 -45.220276 -44.342266
v 211.571594 -45.220276 -44.342266
v 211.571594 -45.220276 -39.558224
v 211.571594 -45.220276 -39.558224
v 209.636414 -45.220276 -39.558224
v 209.636414 -45.220276 -44.342266
v 196.937744 -45.361408 -61.712902
v 200.610138 -45.361412 -57.516804
v 200.610138 -45.361408 -61.712902
v 200.610138 -45.361412 58.827446
v 196.937744 -45.361412 58.827446
v 196.937744 -45.361408 63.023548
v 140.047989 -42.700649 40.147808
v 144.856995 -42.971981 38.609009
v 145.092834 -50.496937 39.935867
v 145.092834 -50.496948 -39.197166
v 144.856995 -42.971996 -37.870312
v 140.047989 -42.700665 -39.409115
v 152.258438 -45.683781 44.827721
v 149.521408 -47.857628 41.057133
v 149.666016 -42.700645 40.147820
v 149.666016 -42.700661 -39.409119
v 149.521408 -47.857643 -40.318432
v 152.258438 -45.683796 -44.089027
v 179.318542 -44.606766 40.496265
v 179.318542 -45.833744 40.097595
v 179.318542 -45.833744 45.280312
v 179.318542 -44.606777 -44.142933
v 179.318542 -45.833755 -44.541607
v 179.318542 -45.833755 -39.358891
v 137.075851 -41.112240 49.156128
v 137.075851 -41.990292 44.176453
v 137.927170 -53.346714 46.178894
v 137.927170 -53.346725 -45.440197
v 137.075851 -41.990307 -43.437752
v 137.075851 -41.112259 -48.417431
v 152.338730 -46.411995 50.090626
v 152.258438 -44.805729 49.807400
v 149.521408 -45.558861 54.094093
v 149.521408 -45.558876 -53.355392
v 152.258438 -44.805744 -49.068699
v 152.338730 -46.412010 -49.351925
v 137.075851 -41.990292 44.176453
v 140.047989 -42.700649 40.147808
v 140.664200 -52.593582 41.892204
v 140.664200 -52.593594 -41.153503
v 140.047989 -42.700665 -39.409115
v 137.075851 -41.990307 -43.437752
v 209.636414 -45.833744 45.280315
v 179.318542 -45.833744 45.280312
v 179.318542 -45.833744 40.097595
v 179.318542 -45.833744 40.097595
v 209.636414 -45.833748 40.097599
v 209.636414 -45.833744 45.280315
v 179.318542 -45.833755 -44.541607
v 209.636414 -45.833759 -44.541599
v 209.636414 -45.833755 -39.358891
v 209.636414 -45.833755 -39.358891
v 179.318542 -45.833755 -39.358891
v 179.318542 -45.833755 -44.541607
v 152.338730 -47.290039 45.110950
v 152.258438 -45.683781 44.827721
v 152.258438 -44.805729 49.807400
v 152.258438 -44.805744 -49.068699
v 152.258438 -45.683796 -44.089027
v 152.338730 -47.290054 -44.372250
v 171.266006 -46.007095 -57.306995
v 200.606354 -46.007088 -61.922707
v 200.606354 -46.007095 -57.306995
v 171.266006 -46.007095 58.617638
v 200.606354 -46.007095 58.617638
v 200.606354 -46.007088 63.233341
v 200.606354 -46.007088 63.233341
v 171.266006 -46.007095 63.233341
v 171.266006 -46.007095 58.617638
v 200.606354 -46.007088 -61.922707
v 171.266006 -46.007095 -57.306995
v 171.266006 -46.007095 -61.922707
v 140.664200 -50.294815 54.929165
v 145.092804 -47.655510 56.050430
v 144.856979 -40.130547 54.723583
v 144.856979 -40.130566 -53.984879
v 145.092804 -47.655525 -55.311733
v 140.664200 -50.294834 -54.190460
v 152.258438 -44.805729 49.807400
v 152.338730 -46.411995 50.090626
v 152.338730 -47.290039 45.110950
v 152.338730 -47.290054 -44.372250
v 152.338730 -46.412010 -49.351925
v 152.258438 -44.805744 -49.068699
v 149.521408 -45.558861 54.094093
v 150.525955 -48.099277 54.542042
v 152.338730 -46.411995 50.090626
v 152.338730 -46.412010 -49.351925
v 150.525955 -48.099293 -53.803337
v 149.521408 -45.558876 -53.355392
v 189.843719 -50.778030 39.947300
v 189.116226 -52.083614 43.287640
v 200.422928 -37.714943 28.276554
v 149.521408 -47.857628 41.057133
v 145.092834 -50.496937 39.935867
v 144.856995 -42.971981 38.609009
v 144.856995 -42.971996 -37.870312
v 145.092834 -50.496948 -39.197166
v 149.521408 -47.857643 -40.318432
v 152.808334 -47.341530 50.254524
v 152.338730 -46.411995 50.090626
v 150.525955 -48.099277 54.542042
v 150.525955 -48.099293 -53.803337
v 152.338730 -46.412010 -49.351925
v 152.808334 -47.341549 -49.515827
v 152.808334 -48.219582 45.274853
v 152.338730 -47.290039 45.110950
v 152.338730 -46.411995 50.090626
v 152.338730 -46.412010 -49.351925
v 152.338730 -47.290054 -44.372250
v 152.808334 -48.219597 -44.536152
v 152.338730 -46.411995 50.090626
v 152.808334 -47.341530 50.254524
v 152.808334 -48.219582 45.274853
v 152.808334 -48.219597 -44.536152
v 152.808334 -47.341549 -49.515827
v 152.338730 -46.412010 -49.351925
v 152.808334 -47.341530 50.254524
v 179.639755 -47.341534 50.254524
v 179.639755 -48.219585 45.274849
v 179.639755 -48.219601 -44.536148
v 179.639755 -47.341549 -49.515823
v 152.808334 -47.341549 -49.515827
v 137.927170 -52.468666 51.158569
v 140.664200 -50.294815 54.929165
v 140.047989 -40.401886 53.184772
v 140.047989 -40.401901 -52.446075
v 140.664200 -50.294834 -54.190460
v 137.927170 -52.468678 -50.419872
v 152.258438 -45.683781 44.827721
v 152.338730 -47.290039 45.110950
v 150.525955 -50.398041 41.505074
v 150.525955 -50.398056 -40.766373
v 152.338730 -47.290054 -44.372250
v 152.258438 -45.683796 -44.089027
v 179.639755 -48.219585 45.274849
v 152.808334 -48.219582 45.274853
v 152.808334 -47.341530 50.254524
v 152.808334 -47.341549 -49.515827
v 152.808334 -48.219597 -44.536152
v 179.639755 -48.219601 -44.536148
v 150.525955 -50.398041 41.505074
v 149.521408 -47.857628 41.057133
v 152.258438 -45.683781 44.827721
v 152.258438 -45.683796 -44.089027
v 149.521408 -47.857643 -40.318432
v 150.525955 -50.398056 -40.766373
v 196.494308 -48.373508 -44.617981
v 196.494308 -47.514164 -49.491562
v 196.494308 -48.103470 -49.408737
v 179.639755 -47.341534 50.254524
v 152.808334 -47.341530 50.254524
v 152.808334 -49.558159 54.799274
v 152.808334 -49.558170 -54.060577
v 152.808334 -47.341549 -49.515827
v 179.639755 -47.341549 -49.515823
v 179.639755 -47.341534 50.254524
v 179.639755 -48.103451 50.147438
v 179.639755 -48.898930 45.636063
v 179.639755 -48.898941 -44.897362
v 179.639755 -48.103466 -49.408737
v 179.639755 -47.341549 -49.515823
v 179.639755 -48.898930 45.636063
v 179.639755 -48.219585 45.274849
v 179.639755 -47.341534 50.254524
v 179.639755 -47.341549 -49.515823
v 179.639755 -48.219601 -44.536148
v 179.639755 -48.898941 -44.897362
v 200.600098 -48.962677 -44.931244
v 200.600098 -48.174942 -49.398697
v 200.600098 -47.514164 -49.491562
v 149.521408 -45.558861 54.094093
v 145.092804 -47.655510 56.050430
v 147.592850 -51.707413 56.764893
v 147.592850 -51.707424 -56.026188
v 145.092804 -47.655525 -55.311733
v 149.521408 -45.558876 -53.355392
v 150.525955 -48.099277 54.542042
v 152.808334 -49.558159 54.799274
v 152.808334 -47.341530 50.254524
v 152.808334 -47.341549 -49.515827
v 152.808334 -49.558170 -54.060577
v 150.525955 -48.099293 -53.803337
v 179.639755 -48.103451 50.147438
v 179.639755 -47.341534 50.254524
v 179.639755 -49.558155 54.799271
v 179.639755 -49.558167 -54.060566
v 179.639755 -47.341549 -49.515823
v 179.639755 -48.103466 -49.408737
v 179.639755 -48.103451 50.147438
v 196.494339 -48.103447 50.147438
v 196.494339 -48.898933 45.636059
v 196.494339 -48.898949 -44.897358
v 196.494339 -48.103466 -49.408737
v 179.639755 -48.103466 -49.408737
v 147.592850 -51.707413 56.764893
v 150.525955 -48.099277 54.542042
v 149.521408 -45.558861 54.094093
v 149.521408 -45.558876 -53.355392
v 150.525955 -48.099293 -53.803337
v 147.592850 -51.707424 -56.026188
v 200.600098 -49.683556 -53.939484
v 200.600098 -47.514164 -49.491562
v 200.600098 -48.174942 -49.398697
v 196.494308 -48.103470 -49.408737
v 196.494308 -48.898952 -44.897358
v 196.494308 -48.373508 -44.617981
v 196.494308 -50.111637 -53.526089
v 196.494308 -48.103470 -49.408737
v 196.494308 -47.514164 -49.491562
v 145.092834 -50.496937 39.935867
v 140.664200 -52.593582 41.892204
v 140.047989 -42.700649 40.147808
v 140.047989 -42.700665 -39.409115
v 140.664200 -52.593594 -41.153503
v 145.092834 -50.496948 -39.197166
v 167.502640 -46.087181 33.284599
v 167.502640 -46.087181 30.933508
v 167.502640 -53.687828 28.463907
v 78.161255 -46.087173 5.071532
v 167.502640 -46.087189 5.071532
v 167.502640 -53.687836 7.541130
v 167.502640 -46.087189 -1.981736
v 167.502640 -46.087189 -4.332826
v 167.502640 -53.687828 -6.802422
v 78.161255 -46.087177 -30.194798
v 167.502640 -46.087193 -30.194798
v 167.502640 -53.687840 -27.725204
v 167.502640 -46.087181 30.933508
v 78.161255 -46.087200 30.933508
v 78.161255 -53.687836 28.463902
v 167.502640 -46.087189 -4.332826
v 78.161255 -46.087204 -4.332826
v 78.161255 -53.687840 -6.802430
v 226.279816 -46.087219 3.895987
v 226.279816 -46.087219 5.071532
v 226.279816 -53.687862 7.541136
v 196.494339 -48.898933 45.636059
v 179.639755 -48.898930 45.636063
v 179.639755 -48.103451 50.147438
v 179.639755 -48.103466 -49.408737
v 179.639755 -48.898941 -44.897362
v 196.494339 -48.898949 -44.897358
v 196.494339 -48.103447 50.147438
v 179.639755 -48.103451 50.147438
v 179.639755 -50.111618 54.264793
v 179.639755 -50.111633 -53.526096
v 179.639755 -48.103466 -49.408737
v 196.494339 -48.103466 -49.408737
v 152.808334 -49.558159 54.799274
v 179.639755 -49.558155 54.799271
v 179.639755 -47.341534 50.254524
v 179.639755 -47.341549 -49.515823
v 179.639755 -49.558167 -54.060566
v 152.808334 -49.558170 -54.060577
v 226.279816 -46.087204 30.933508
v 226.279816 -46.087204 32.109051
v 226.279816 -54.378811 29.414955
v 137.927170 -53.346714 46.178894
v 137.927170 -52.468666 51.158569
v 137.075851 -41.112240 49.156128
v 137.075851 -41.112259 -48.417431
v 137.927170 -52.468678 -50.419872
v 137.927170 -53.346725 -45.440197
v 222.753220 -46.087177 33.284599
v 167.502640 -46.087181 33.284599
v 167.502640 -55.069759 30.365980
v 222.753220 -46.087181 -1.981736
v 167.502640 -46.087189 -1.981736
v 167.502640 -55.069771 -4.900352
v 167.502640 -46.087189 5.071532
v 167.502640 -46.087189 2.720442
v 167.502640 -55.069771 5.639058
v 167.502640 -46.087189 2.720442
v 222.753220 -46.087200 2.720442
v 222.753220 -55.069778 5.639063
v 167.502640 -46.087193 -30.194798
v 167.502640 -46.087196 -32.545891
v 167.502640 -55.069775 -29.627274
v 222.753174 -46.087204 32.109051
v 222.753174 -46.087204 33.284599
v 222.753174 -55.069778 30.365986
v 167.502640 -46.087196 -32.545891
v 222.753220 -46.087204 -32.545891
v 222.753220 -55.069782 -29.627270
v 152.338730 -47.290039 45.110950
v 152.808334 -48.219582 45.274853
v 152.808334 -51.856918 41.762310
v 152.808334 -51.856930 -41.023609
v 152.808334 -48.219597 -44.536152
v 152.338730 -47.290054 -44.372250
v 179.639755 -49.558155 54.799271
v 179.639755 -50.111618 54.264793
v 179.639755 -48.103451 50.147438
v 179.639755 -48.103466 -49.408737
v 179.639755 -50.111633 -53.526096
v 179.639755 -49.558167 -54.060566
v 140.664200 -52.593582 41.892204
v 137.927170 -53.346714 46.178894
v 137.075851 -41.990292 44.176453
v 137.075851 -41.990307 -43.437752
v 137.927170 -53.346725 -45.440197
v 140.664200 -52.593594 -41.153503
v 200.600098 -48.174942 -49.398697
v 200.600098 -50.163551 -53.475956
v 200.600098 -49.683556 -53.939484
v 152.808334 -48.219582 45.274853
v 179.639755 -48.219585 45.274849
v 179.639755 -51.856926 41.762310
v 179.639755 -51.856937 -41.023609
v 179.639755 -48.219601 -44.536148
v 152.808334 -48.219597 -44.536152
v 179.639755 -50.111618 54.264793
v 196.494339 -50.111614 54.264793
v 196.494339 -48.103447 50.147438
v 196.494339 -48.103466 -49.408737
v 196.494339 -50.111633 -53.526089
v 179.639755 -50.111633 -53.526096
v 196.494308 -51.933365 -41.180279
v 196.494308 -48.373508 -44.617981
v 196.494308 -48.898952 -44.897358
v 196.494308 -48.898956 45.636059
v 196.494308 -48.373516 45.356682
v 196.494308 -51.933365 41.918980
v 179.639755 -48.219585 45.274849
v 179.639755 -48.898930 45.636063
v 179.639755 -52.194214 42.453850
v 179.639755 -52.194225 -41.715149
v 179.639755 -48.898941 -44.897362
v 179.639755 -48.219601 -44.536148
v 152.808334 -49.558159 54.799274
v 150.525955 -48.099277 54.542042
v 147.592850 -51.707413 56.764893
v 147.592850 -51.707424 -56.026188
v 150.525955 -48.099293 -53.803337
v 152.808334 -49.558170 -54.060577
v 152.808334 -51.856918 41.762310
v 150.525955 -50.398041 41.505074
v 152.338730 -47.290039 45.110950
v 152.338730 -47.290054 -44.372250
v 150.525955 -50.398056 -40.766373
v 152.808334 -51.856930 -41.023609
v 147.592850 -51.707413 56.764893
v 145.092804 -47.655510 56.050430
v 140.664200 -50.294815 54.929165
v 140.664200 -50.294834 -54.190460
v 145.092804 -47.655525 -55.311733
v 147.592850 -51.707424 -56.026188
v 179.639755 -48.898930 45.636063
v 196.494339 -48.898933 45.636059
v 196.494339 -52.194214 42.453846
v 196.494339 -52.194229 -41.715149
v 196.494339 -48.898949 -44.897358
v 179.639755 -48.898941 -44.897362
v 179.639755 -51.856926 41.762310
v 152.808334 -51.856918 41.762310
v 152.808334 -48.219582 45.274853
v 152.808334 -48.219597 -44.536152
v 152.808334 -51.856930 -41.023609
v 179.639755 -51.856937 -41.023609
v 179.639755 -52.194214 42.453850
v 179.639755 -51.856926 41.762310
v 179.639755 -48.219585 45.274849
v 179.639755 -48.219601 -44.536148
v 179.639755 -51.856937 -41.023609
v 179.639755 -52.194225 -41.715149
v 200.600098 -48.373508 -44.617981
v 200.600098 -51.933365 -41.180279
v 200.600098 -52.225876 -41.780018
v 149.521408 -47.857628 41.057133
v 150.525955 -50.398041 41.505074
v 147.592850 -54.548836 40.650322
v 147.592850 -54.548847 -39.911625
v 150.525955 -50.398056 -40.766373
v 149.521408 -47.857643 -40.318432
v 147.592850 -54.548836 40.650322
v 145.092834 -50.496937 39.935867
v 149.521408 -47.857628 41.057133
v 149.521408 -47.857643 -40.318432
v 145.092834 -50.496948 -39.197166
v 147.592850 -54.548847 -39.911625
v 196.494308 -51.933365 41.918980
v 196.494308 -52.194237 42.453846
v 196.494308 -48.898956 45.636059
v 179.639755 -49.558155 54.799271
v 152.808334 -49.558159 54.799274
v 152.808334 -54.022774 57.173153
v 152.808334 -54.022789 -56.434452
v 152.808334 -49.558170 -54.060577
v 179.639755 -49.558167 -54.060566
v 196.494339 -52.194214 42.453846
v 179.639755 -52.194214 42.453850
v 179.639755 -48.898930 45.636063
v 179.639755 -48.898941 -44.897362
v 179.639755 -52.194225 -41.715149
v 196.494339 -52.194229 -41.715149
v 167.502640 -53.687836 7.541130
v 78.161255 -53.687820 7.541121
v 78.161255 -46.087173 5.071532
v 167.502640 -53.687840 -27.725204
v 78.161255 -53.687820 -27.725210
v 78.161255 -46.087177 -30.194798
v 78.161255 -53.687836 28.463902
v 167.502640 -53.687828 28.463907
v 167.502640 -46.087181 30.933508
v 78.161255 -53.687840 -6.802430
v 167.502640 -53.687828 -6.802422
v 167.502640 -46.087189 -4.332826
v 179.639755 -50.111618 54.264793
v 179.639755 -49.558155 54.799271
v 179.639755 -54.022774 57.173153
v 179.639755 -54.022789 -56.434452
v 179.639755 -49.558167 -54.060566
v 179.639755 -50.111633 -53.526096
v 200.600098 -54.053055 -56.262791
v 200.600098 -49.683556 -53.939484
v 200.600098 -50.163551 -53.475956
v 226.279816 -54.378807 -5.851380
v 226.279816 -53.687843 -6.802415
v 226.279816 -46.087200 -4.332825
v 226.279816 -53.687859 -27.725195
v 226.279816 -54.378826 -28.676231
v 226.279816 -46.087215 -31.370344
v 196.494339 -50.111614 54.264793
v 179.639755 -50.111618 54.264793
v 179.639755 -54.156380 56.415440
v 179.639755 -54.156395 -55.676735
v 179.639755 -50.111633 -53.526096
v 196.494339 -50.111633 -53.526089
v 167.502640 -53.687828 28.463907
v 167.502640 -55.069759 30.365980
v 167.502640 -46.087181 33.284599
v 167.502640 -53.687828 -6.802422
v 167.502640 -55.069771 -4.900352
v 167.502640 -46.087189 -1.981736
v 167.502640 -55.069771 5.639058
v 167.502640 -53.687836 7.541130
v 167.502640 -46.087189 5.071532
v 167.502640 -55.069775 -29.627274
v 167.502640 -53.687840 -27.725204
v 167.502640 -46.087193 -30.194798
v 147.592850 -51.707413 56.764893
v 152.808334 -54.022774 57.173153
v 152.808334 -49.558159 54.799274
v 152.808334 -49.558170 -54.060577
v 152.808334 -54.022789 -56.434452
v 147.592850 -51.707424 -56.026188
v 222.753174 -54.378826 -28.676231
v 222.753174 -55.069794 -29.627266
v 222.753174 -46.087215 -32.545891
v 167.502640 -55.069759 30.365980
v 222.753220 -55.069756 30.365986
v 222.753220 -46.087177 33.284599
v 167.502640 -55.069771 -4.900352
v 222.753220 -55.069759 -4.900346
v 222.753220 -46.087181 -1.981736
v 222.753220 -55.069778 5.639063
v 167.502640 -55.069771 5.639058
v 167.502640 -46.087189 2.720442
v 222.753220 -55.069782 -29.627270
v 167.502640 -55.069775 -29.627274
v 167.502640 -46.087196 -32.545891
v 152.808334 -54.022774 57.173153
v 179.639755 -54.022774 57.173153
v 179.639755 -49.558155 54.799271
v 179.639755 -49.558167 -54.060566
v 179.639755 -54.022789 -56.434452
v 152.808334 -54.022789 -56.434452
v 140.664200 -50.294815 54.929165
v 144.659760 -55.858208 55.910145
v 147.592850 -51.707413 56.764893
v 147.592850 -51.707424 -56.026188
v 144.659760 -55.858223 -55.171432
v 140.664200 -50.294834 -54.190460
v 179.639755 -54.022774 57.173153
v 179.639755 -54.156380 56.415440
v 179.639755 -50.111618 54.264793
v 179.639755 -50.111633 -53.526096
v 179.639755 -54.156395 -55.676735
v 179.639755 -54.022789 -56.434452
v 200.600098 -50.163551 -53.475956
v 200.600098 -54.168926 -55.605656
v 200.600098 -54.053055 -56.262791
v 179.639755 -54.156380 56.415440
v 196.494308 -54.156372 56.415440
v 196.494339 -50.111614 54.264793
v 196.494339 -50.111633 -53.526089
v 196.494308 -54.156387 -55.676735
v 179.639755 -54.156395 -55.676735
v 144.659760 -55.858208 55.910145
v 140.664200 -50.294815 54.929165
v 137.927170 -52.468666 51.158569
v 137.927170 -52.468678 -50.419872
v 140.664200 -50.294834 -54.190460
v 144.659760 -55.858223 -55.171432
v 150.525955 -50.398041 41.505074
v 152.808334 -51.856918 41.762310
v 152.808334 -56.864204 41.058586
v 152.808334 -56.864216 -40.319885
v 152.808334 -51.856930 -41.023609
v 150.525955 -50.398056 -40.766373
v 152.808334 -51.856918 41.762310
v 179.639755 -51.856926 41.762310
v 179.639755 -56.864212 41.058586
v 179.639755 -56.864223 -40.319885
v 179.639755 -51.856937 -41.023609
v 152.808334 -51.856930 -41.023609
v 179.639755 -51.856926 41.762310
v 179.639755 -52.194214 42.453850
v 179.639755 -56.730606 41.816307
v 179.639755 -56.730614 -41.077599
v 179.639755 -52.194225 -41.715149
v 179.639755 -51.856937 -41.023609
v 200.600098 -56.718094 -41.148682
v 200.600098 -52.225876 -41.780018
v 200.600098 -51.933365 -41.180279
v 167.502640 -53.687828 28.463907
v 78.161255 -53.687836 28.463902
v 78.161255 -53.683113 21.998400
v 167.502640 -53.687828 -6.802422
v 78.161255 -53.687840 -6.802430
v 78.161255 -53.683121 -13.267932
v 179.639755 -52.194214 42.453850
v 196.494339 -52.194214 42.453846
v 196.494308 -56.730610 41.816307
v 196.494308 -56.730621 -41.077606
v 196.494339 -52.194229 -41.715149
v 179.639755 -52.194225 -41.715149
v 144.659760 -58.156967 42.873177
v 140.664200 -52.593582 41.892204
v 145.092834 -50.496937 39.935867
v 145.092834 -50.496948 -39.197166
v 140.664200 -52.593594 -41.153503
v 144.659760 -58.156979 -42.134480
v 152.808334 -54.022774 57.173153
v 147.592850 -51.707413 56.764893
v 144.659760 -55.858208 55.910145
v 144.659760 -55.858223 -55.171432
v 147.592850 -51.707424 -56.026188
v 152.808334 -54.022789 -56.434452
v 152.808334 -56.864204 41.058586
v 147.592850 -54.548836 40.650322
v 150.525955 -50.398041 41.505074
v 150.525955 -50.398056 -40.766373
v 147.592850 -54.548847 -39.911625
v 152.808334 -56.864216 -40.319885
v 145.092834 -50.496937 39.935867
v 147.592850 -54.548836 40.650322
v 144.659760 -58.156967 42.873177
v 144.659760 -58.156979 -42.134480
v 147.592850 -54.548847 -39.911625
v 145.092834 -50.496948 -39.197166
v 142.846985 -58.966202 52.304264
v 137.927170 -52.468666 51.158569
v 137.927170 -53.346714 46.178894
v 137.927170 -53.346725 -45.440197
v 137.927170 -52.468678 -50.419872
v 142.846985 -58.966213 -51.565563
v 179.639755 -56.730606 41.816307
v 179.639755 -56.864212 41.058586
v 179.639755 -51.856926 41.762310
v 179.639755 -51.856937 -41.023609
v 179.639755 -56.864223 -40.319885
v 179.639755 -56.730614 -41.077599
v 200.600098 -56.718102 41.887383
v 200.600098 -56.833969 41.230247
v 200.600098 -51.933365 41.918980
v 179.639755 -56.864212 41.058586
v 152.808334 -56.864204 41.058586
v 152.808334 -51.856918 41.762310
v 152.808334 -51.856930 -41.023609
v 152.808334 -56.864216 -40.319885
v 179.639755 -56.864223 -40.319885
v 196.494308 -56.730610 41.816307
v 179.639755 -56.730606 41.816307
v 179.639755 -52.194214 42.453850
v 179.639755 -52.194225 -41.715149
v 179.639755 -56.730614 -41.077599
v 196.494308 -56.730621 -41.077606
v 167.502640 -58.385284 21.998413
v 78.161255 -53.683113 21.998400
v 78.161255 -53.683098 14.006606
v 167.502640 -58.385292 -13.267918
v 78.161255 -53.683121 -13.267932
v 78.161255 -53.683105 -21.259726
v 167.502640 -58.385284 14.006620
v 78.161255 -53.683098 14.006606
v 78.161255 -53.687820 7.541121
v 78.161255 -53.683113 21.998400
v 167.502640 -58.385284 21.998413
v 167.502640 -53.687828 28.463907
v 167.502640 -58.385292 -21.259708
v 78.161255 -53.683105 -21.259726
v 78.161255 -53.687820 -27.725210
v 78.161255 -53.683121 -13.267932
v 167.502640 -58.385292 -13.267918
v 167.502640 -53.687828 -6.802422
v 78.161255 -53.687820 7.541121
v 167.502640 -53.687836 7.541130
v 167.502640 -58.385284 14.006620
v 78.161255 -53.687820 -27.725210
v 167.502640 -53.687840 -27.725204
v 167.502640 -58.385292 -21.259708
v 142.846985 -59.844254 47.324593
v 137.927170 -53.346714 46.178894
v 140.664200 -52.593582 41.892204
v 140.664200 -52.593594 -41.153503
v 137.927170 -53.346725 -45.440197
v 142.846985 -59.844261 -46.585892
v 196.494308 -54.156372 56.415440
v 179.639755 -54.156380 56.415440
v 179.639755 -58.692764 55.777889
v 179.639755 -58.692780 -55.039185
v 179.639755 -54.156395 -55.676735
v 196.494308 -54.156387 -55.676735
v 179.639755 -54.022774 57.173153
v 152.808334 -54.022774 57.173153
v 152.808334 -59.030052 56.469425
v 152.808334 -59.030071 -55.730728
v 152.808334 -54.022789 -56.434452
v 179.639755 -54.022789 -56.434452
v 167.502640 -55.069759 30.365980
v 167.502640 -53.687828 28.463907
v 167.502640 -58.385284 21.998413
v 167.502640 -55.069771 -4.900352
v 167.502640 -53.687828 -6.802422
v 167.502640 -58.385292 -13.267918
v 200.600098 -58.953651 -55.574059
v 200.600098 -54.053055 -56.262791
v 200.600098 -54.168926 -55.605656
v 179.639755 -54.156380 56.415440
v 179.639755 -54.022774 57.173153
v 179.639755 -59.030056 56.469425
v 179.639755 -59.030067 -55.730728
v 179.639755 -54.022789 -56.434452
v 179.639755 -54.156395 -55.676735
v 137.927170 -52.468666 51.158569
v 142.846985 -58.966202 52.304264
v 144.659760 -55.858208 55.910145
v 144.659760 -55.858223 -55.171432
v 142.846985 -58.966213 -51.565563
v 137.927170 -52.468678 -50.419872
v 144.659760 -55.858208 55.910145
v 152.808334 -59.030052 56.469425
v 152.808334 -54.022774 57.173153
v 152.808334 -54.022789 -56.434452
v 152.808334 -59.030071 -55.730728
v 144.659760 -55.858223 -55.171432
v 167.502640 -53.687836 7.541130
v 167.502640 -55.069771 5.639058
v 167.502640 -60.621307 13.280093
v 167.502640 -53.687840 -27.725204
v 167.502640 -55.069775 -29.627274
v 167.502640 -60.621307 -21.986237
v 222.753174 -54.378807 -5.851380
v 222.753174 -55.069778 -4.900345
v 222.753174 -60.621323 -12.541383
v 78.161255 -53.683098 14.006606
v 167.502640 -58.385284 14.006620
v 167.502640 -58.385284 21.998413
v 78.161255 -53.683105 -21.259726
v 167.502640 -58.385292 -21.259708
v 167.502640 -58.385292 -13.267918
v 140.664200 -52.593582 41.892204
v 144.659760 -58.156967 42.873177
v 142.846985 -59.844254 47.324593
v 142.846985 -59.844261 -46.585892
v 144.659760 -58.156979 -42.134480
v 140.664200 -52.593594 -41.153503
v 222.753220 -55.069756 30.365986
v 167.502640 -55.069759 30.365980
v 167.502640 -60.621300 22.724939
v 222.753220 -55.069759 -4.900346
v 167.502640 -55.069771 -4.900352
v 167.502640 -60.621307 -12.541392
v 167.502640 -55.069771 5.639058
v 222.753220 -55.069778 5.639063
v 222.753220 -60.621307 13.280101
v 167.502640 -55.069775 -29.627274
v 222.753220 -55.069782 -29.627270
v 222.753220 -60.621315 -21.986231
v 179.639755 -58.692764 55.777889
v 196.494339 -58.692764 55.777893
v 196.494308 -54.156372 56.415440
v 196.494308 -54.156387 -55.676735
v 196.494339 -58.692780 -55.039188
v 179.639755 -58.692780 -55.039185
v 200.600098 -54.168926 -55.605656
v 200.600098 -58.661140 -54.974316
v 200.600098 -58.953651 -55.574059
v 226.279816 -57.267292 21.635160
v 236.271957 -57.267303 21.635162
v 236.271957 -57.267307 14.369896
v 236.271957 -57.267307 14.369896
v 226.279816 -57.267300 14.369894
v 226.279816 -57.267292 21.635160
v 179.639755 -59.030056 56.469425
v 179.639755 -58.692764 55.777889
v 179.639755 -54.156380 56.415440
v 179.639755 -54.156395 -55.676735
v 179.639755 -58.692780 -55.039185
v 179.639755 -59.030067 -55.730728
v 152.808334 -59.030052 56.469425
v 179.639755 -59.030056 56.469425
v 179.639755 -54.022774 57.173153
v 179.639755 -54.022789 -56.434452
v 179.639755 -59.030067 -55.730728
v 152.808334 -59.030071 -55.730728
v 137.927170 -53.346714 46.178894
v 142.846985 -59.844254 47.324593
v 142.846985 -58.966202 52.304264
v 142.846985 -58.966213 -51.565563
v 142.846985 -59.844261 -46.585892
v 137.927170 -53.346725 -45.440197
v 167.502640 -60.621307 13.280093
v 167.502640 -58.385284 14.006620
v 167.502640 -53.687836 7.541130
v 167.502640 -60.621307 -21.986237
v 167.502640 -58.385292 -21.259708
v 167.502640 -53.687840 -27.725204
v 147.592850 -54.548836 40.650322
v 152.808334 -56.864204 41.058586
v 152.808334 -61.328823 43.432461
v 152.808334 -61.328835 -42.693764
v 152.808334 -56.864216 -40.319885
v 147.592850 -54.548847 -39.911625
v 152.808334 -59.030052 56.469425
v 144.659760 -55.858208 55.910145
v 142.846985 -58.966202 52.304264
v 142.846985 -58.966213 -51.565563
v 144.659760 -55.858223 -55.171432
v 152.808334 -59.030071 -55.730728
v 152.808334 -61.328823 43.432461
v 144.659760 -58.156967 42.873177
v 147.592850 -54.548836 40.650322
v 147.592850 -54.548847 -39.911625
v 144.659760 -58.156979 -42.134480
v 152.808334 -61.328835 -42.693764
v 167.502640 -58.385284 21.998413
v 167.502640 -60.621300 22.724939
v 167.502640 -55.069759 30.365980
v 167.502640 -58.385292 -13.267918
v 167.502640 -60.621307 -12.541392
v 167.502640 -55.069771 -4.900352
v 179.639755 -56.730606 41.816307
v 196.494308 -56.730610 41.816307
v 196.494339 -60.775364 43.966946
v 196.494339 -60.775375 -43.228245
v 196.494308 -56.730621 -41.077606
v 179.639755 -56.730614 -41.077599
v 200.600098 -56.833969 41.230247
v 200.600098 -56.718102 41.887383
v 200.600098 -60.723473 44.017078
v 179.639755 -56.864212 41.058586
v 179.639755 -56.730606 41.816307
v 179.639755 -60.775360 43.966946
v 179.639755 -60.775375 -43.228245
v 179.639755 -56.730614 -41.077599
v 179.639755 -56.864223 -40.319885
v 222.753174 -60.621323 -12.541383
v 222.753174 -59.503307 -12.904644
v 222.753174 -54.378807 -5.851380
v 152.808334 -56.864204 41.058586
v 179.639755 -56.864212 41.058586
v 179.639755 -61.328827 43.432468
v 179.639755 -61.328838 -42.693768
v 179.639755 -56.864223 -40.319885
v 152.808334 -56.864216 -40.319885
v 236.271957 -58.385300 -13.267907
v 226.279816 -58.385300 -13.267909
v 226.279816 -58.385307 -21.259701
v 226.279816 -58.385307 14.006631
v 236.271957 -58.385307 14.006631
v 236.271957 -58.385300 21.998425
v 236.271957 -58.385300 21.998425
v 226.279816 -58.385307 21.998423
v 226.279816 -58.385307 14.006631
v 222.753174 -59.503319 13.643367
v 222.753174 -60.621330 13.280103
v 222.753174 -55.069798 5.639063
v 167.502640 -60.621300 22.724939
v 222.753220 -60.621300 22.724947
v 222.753220 -55.069756 30.365986
v 167.502640 -60.621307 -12.541392
v 222.753220 -60.621304 -12.541383
v 222.753220 -55.069759 -4.900346
v 222.753220 -60.621307 13.280101
v 167.502640 -60.621307 13.280093
v 167.502640 -55.069771 5.639058
v 222.753220 -60.621315 -21.986231
v 167.502640 -60.621307 -21.986237
v 167.502640 -55.069775 -29.627274
v 167.502640 -60.621300 22.724939
v 167.502640 -58.385284 21.998413
v 167.502640 -58.385284 14.006620
v 167.502640 -60.621307 -12.541392
v 167.502640 -58.385292 -13.267918
v 167.502640 -58.385292 -21.259708
v 196.494339 -60.775364 43.966946
v 179.639755 -60.775360 43.966946
v 179.639755 -56.730606 41.816307
v 179.639755 -56.730614 -41.077599
v 179.639755 -60.775375 -43.228245
v 196.494339 -60.775375 -43.228245
v 226.279816 -59.503307 -12.904644
v 222.753174 -59.503307 -12.904644
v 222.753174 -59.503315 -21.622967
v 222.753174 -59.503315 -21.622967
v 226.279816 -59.503315 -21.622965
v 226.279816 -59.503307 -12.904644
v 226.279816 -59.503315 22.361685
v 222.753174 -59.503315 22.361685
v 222.753174 -59.503319 13.643367
v 222.753174 -59.503319 13.643367
v 226.279816 -59.503319 13.643367
v 226.279816 -59.503315 22.361685
v 200.600098 -60.723473 44.017078
v 200.600098 -61.203468 43.553555
v 200.600098 -56.833969 41.230247
v 179.639755 -60.775360 43.966946
v 179.639755 -61.328827 43.432468
v 179.639755 -56.864212 41.058586
v 179.639755 -56.864223 -40.319885
v 179.639755 -61.328838 -42.693768
v 179.639755 -60.775375 -43.228245
v 196.494339 -58.692764 55.777893
v 179.639755 -58.692764 55.777889
v 179.639755 -61.988045 52.595680
v 179.639755 -61.988064 -51.856976
v 179.639755 -58.692780 -55.039185
v 196.494339 -58.692780 -55.039188
v 179.639755 -61.328827 43.432468
v 152.808334 -61.328823 43.432461
v 152.808334 -56.864204 41.058586
v 152.808334 -56.864216 -40.319885
v 152.808334 -61.328835 -42.693764
v 179.639755 -61.328838 -42.693768
v 167.502640 -58.385284 14.006620
v 167.502640 -60.621307 13.280093
v 167.502640 -60.621300 22.724939
v 167.502640 -58.385292 -21.259708
v 167.502640 -60.621307 -21.986237
v 167.502640 -60.621307 -12.541392
v 222.753174 -60.621330 13.280103
v 222.753174 -59.503319 13.643367
v 222.753174 -59.503315 22.361685
v 200.600098 -62.513500 -52.136368
v 200.600098 -58.953651 -55.574059
v 200.600098 -58.661140 -54.974316
v 179.639755 -58.692764 55.777889
v 179.639755 -59.030056 56.469425
v 179.639755 -62.667397 52.956894
v 179.639755 -62.667404 -52.218189
v 179.639755 -59.030067 -55.730728
v 179.639755 -58.692780 -55.039185
v 142.846985 -58.966202 52.304264
v 152.808334 -62.667397 52.956882
v 152.808334 -59.030052 56.469425
v 152.808334 -59.030071 -55.730728
v 152.808334 -62.667408 -52.218185
v 142.846985 -58.966213 -51.565563
v 179.639755 -59.030056 56.469425
v 152.808334 -59.030052 56.469425
v 152.808334 -62.667397 52.956882
v 152.808334 -62.667408 -52.218185
v 152.808334 -59.030071 -55.730728
v 179.639755 -59.030067 -55.730728
v 222.753174 -59.503307 -12.904644
v 222.753174 -60.621323 -12.541383
v 222.753174 -60.621330 -21.986231
v 152.808334 -62.667397 52.956882
v 142.846985 -58.966202 52.304264
v 142.846985 -59.844254 47.324593
v 142.846985 -59.844261 -46.585892
v 142.846985 -58.966213 -51.565563
v 152.808334 -62.667408 -52.218185
v 152.808334 -63.545448 47.977211
v 142.846985 -59.844254 47.324593
v 144.659760 -58.156967 42.873177
v 144.659760 -58.156979 -42.134480
v 142.846985 -59.844261 -46.585892
v 152.808334 -63.545456 -47.238510
v 222.753220 -60.621300 22.724947
v 167.502640 -60.621300 22.724939
v 167.502640 -60.621307 13.280093
v 167.502640 -60.621307 13.280093
v 222.753220 -60.621307 13.280101
v 222.753220 -60.621300 22.724947
v 167.502640 -60.621307 -21.986237
v 222.753220 -60.621315 -21.986231
v 222.753220 -60.621304 -12.541383
v 222.753220 -60.621304 -12.541383
v 167.502640 -60.621307 -12.541392
v 167.502640 -60.621307 -21.986237
v 179.639755 -61.988045 52.595680
v 196.494339 -61.988045 52.595680
v 196.494339 -58.692764 55.777893
v 196.494339 -58.692780 -55.039188
v 196.494339 -61.988060 -51.856976
v 179.639755 -61.988064 -51.856976
v 144.659760 -58.156967 42.873177
v 152.808334 -61.328823 43.432461
v 152.808334 -63.545448 47.977211
v 152.808334 -63.545456 -47.238510
v 152.808334 -61.328835 -42.693764
v 144.659760 -58.156979 -42.134480
v 200.600098 -58.661140 -54.974316
v 200.600098 -61.924339 -51.823093
v 200.600098 -62.513500 -52.136368
v 179.639755 -62.667397 52.956894
v 179.639755 -61.988045 52.595680
v 179.639755 -58.692764 55.777889
v 179.639755 -58.692780 -55.039185
v 179.639755 -61.988064 -51.856976
v 179.639755 -62.667404 -52.218189
v 196.494308 -61.988071 52.595680
v 196.494308 -62.513512 52.875065
v 196.494308 -58.953667 56.312771
v 179.639755 -60.775360 43.966946
v 196.494339 -60.775364 43.966946
v 196.494339 -62.783531 48.084297
v 196.494339 -62.783546 -47.345596
v 196.494339 -60.775375 -43.228245
v 179.639755 -60.775375 -43.228245
v 152.808334 -62.667397 52.956882
v 179.639755 -62.667397 52.956894
v 179.639755 -59.030056 56.469425
v 179.639755 -59.030067 -55.730728
v 179.639755 -62.667404 -52.218189
v 152.808334 -62.667408 -52.218185
v 200.600098 -62.712074 -47.355640
v 200.600098 -60.723465 -43.278378
v 200.600098 -61.203461 -42.814854
v 179.639755 -61.328827 43.432468
v 179.639755 -60.775360 43.966946
v 179.639755 -62.783531 48.084297
v 179.639755 -62.783543 -47.345596
v 179.639755 -60.775375 -43.228245
v 179.639755 -61.328838 -42.693768
v 196.494308 -63.372849 -47.262775
v 196.494308 -61.203461 -42.814854
v 196.494308 -60.775383 -43.228245
v 196.494308 -60.775391 43.966946
v 196.494308 -61.203468 43.553555
v 196.494308 -63.372864 48.001476
v 142.846985 -59.844254 47.324593
v 152.808334 -63.545448 47.977211
v 152.808334 -62.667397 52.956882
v 152.808334 -62.667408 -52.218185
v 152.808334 -63.545456 -47.238510
v 142.846985 -59.844261 -46.585892
v 152.808334 -61.328823 43.432461
v 179.639755 -61.328827 43.432468
v 179.639755 -63.545448 47.977215
v 179.639755 -63.545460 -47.238514
v 179.639755 -61.328838 -42.693768
v 152.808334 -61.328835 -42.693764
v 196.494339 -62.783531 48.084297
v 179.639755 -62.783531 48.084297
v 179.639755 -60.775360 43.966946
v 179.639755 -60.775375 -43.228245
v 179.639755 -62.783543 -47.345596
v 196.494339 -62.783546 -47.345596
v 196.494339 -61.988045 52.595680
v 179.639755 -61.988045 52.595680
v 179.639755 -62.783531 48.084297
v 179.639755 -62.783543 -47.345596
v 179.639755 -61.988064 -51.856976
v 196.494339 -61.988060 -51.856976
v -241.996094 -62.299381 -7.984408
v -241.996094 -62.299381 -6.162210
v -251.107086 -62.299377 -6.162211
v -251.107086 -62.299377 -6.162211
v -251.107086 -62.299377 -7.984408
v -241.996094 -62.299381 -7.984408
v 196.494308 -60.775383 -43.228245
v 196.494308 -62.783546 -47.345596
v 196.494308 -63.372849 -47.262775
v 200.600098 -61.203461 -42.814854
v 200.600098 -63.372849 -47.262779
v 200.600098 -62.712074 -47.355640
v 179.639755 -62.783531 48.084297
v 196.494339 -62.783531 48.084297
v 196.494339 -61.988045 52.595680
v 196.494339 -61.988060 -51.856976
v 196.494339 -62.783546 -47.345596
v 179.639755 -62.783543 -47.345596
v 179.639755 -62.783531 48.084297
v 179.639755 -63.545448 47.977215
v 179.639755 -61.328827 43.432468
v 179.639755 -61.328838 -42.693768
v 179.639755 -63.545460 -47.238514
v 179.639755 -62.783543 -47.345596
v 200.600098 -63.372849 -47.262779
v 200.600098 -62.513500 -52.136368
v 200.600098 -61.924339 -51.823093
v 200.600098 -61.924339 -51.823093
v 200.600098 -62.712074 -47.355640
v 200.600098 -63.372849 -47.262779
v 179.639755 -61.988045 52.595680
v 179.639755 -62.667397 52.956894
v 179.639755 -63.545448 47.977215
v 179.639755 -63.545460 -47.238514
v 179.639755 -62.667404 -52.218189
v 179.639755 -61.988064 -51.856976
v 179.639755 -63.545448 47.977215
v 179.639755 -62.783531 48.084297
v 179.639755 -61.988045 52.595680
v 179.639755 -61.988064 -51.856976
v 179.639755 -62.783543 -47.345596
v 179.639755 -63.545460 -47.238514
v 179.639755 -63.545448 47.977215
v 152.808334 -63.545448 47.977211
v 152.808334 -61.328823 43.432461
v 152.808334 -61.328835 -42.693764
v 152.808334 -63.545456 -47.238510
v 179.639755 -63.545460 -47.238514
v 179.639755 -62.667397 52.956894
v 152.808334 -62.667397 52.956882
v 152.808334 -63.545448 47.977211
v 152.808334 -63.545456 -47.238510
v 152.808334 -62.667408 -52.218185
v 179.639755 -62.667404 -52.218189
v 152.808334 -63.545448 47.977211
v 179.639755 -63.545448 47.977215
v 179.639755 -62.667397 52.956894
v 179.639755 -62.667404 -52.218189
v 179.639755 -63.545460 -47.238514
v 152.808334 -63.545456 -47.238510
v -51.782902 35.106400 23.139036
v -51.782902 36.428047 22.143106
v -55.755764 34.234650 20.607267
v -41.381817 35.645180 24.703754
v -41.381817 37.783646 23.092306
v -28.525364 35.645180 24.703754
v -28.525364 37.783646 23.092306
v -18.124279 35.106400 23.139036
v -18.124279 36.428047 22.143106
v -14.151417 34.234642 20.607267
v -51.782902 36.373116 18.995821
v -51.782902 35.017509 18.046616
v -55.755764 34.234650 20.607267
v -41.381817 37.694756 17.999891
v -41.381817 35.501358 16.464054
v -28.525364 37.694756 17.999891
v -28.525364 35.501350 16.464054
v -18.124279 36.373108 18.995821
v -18.124279 35.017509 18.046616
v -14.151417 34.234642 20.607267
v -30.398098 33.712067 21.353594
v -30.398098 34.757225 19.860935
v -39.509075 34.757225 19.860939
v -39.509075 33.712067 21.353594
v -51.782902 33.451782 23.167919
v -51.782902 35.106400 23.139036
v -55.755764 34.234650 20.607267
v -41.381817 32.967926 24.750484
v -41.381817 35.645180 24.703754
v -28.525364 32.967926 24.750484
v -28.525364 35.645180 24.703754
v -18.124279 33.451775 23.167919
v -18.124279 35.106400 23.139036
v -14.151417 34.234642 20.607267
v -51.782902 35.017509 18.046616
v -51.782902 33.362892 18.075499
v -55.755764 34.234650 20.607267
v -41.381817 35.501358 16.464054
v -41.381817 32.824112 16.510780
v -28.525364 35.501350 16.464054
v -28.525364 32.824112 16.510780
v -18.124279 35.017509 18.046616
v -18.124279 33.362885 18.075499
v -14.151417 34.234642 20.607267
v -18.124279 33.451775 23.167919
v -18.124279 32.096176 22.218718
v -14.151417 34.234642 20.607267
v -28.525364 32.967926 24.750484
v -28.525364 30.774529 23.214647
v -41.381817 32.967926 24.750484
v -41.381817 30.774529 23.214647
v -51.782902 33.451782 23.167919
v -51.782902 32.096176 22.218718
v -55.755764 34.234650 20.607267
v -51.782902 33.362892 18.075499
v -51.782902 32.041245 19.071430
v -55.755764 34.234650 20.607267
v -41.381817 32.824112 16.510780
v -41.381817 30.685646 18.122234
v -28.525364 32.824112 16.510780
v -28.525364 30.685646 18.122234
v -18.124279 33.362885 18.075499
v -18.124279 32.041245 19.071430
v -14.151417 34.234642 20.607267
v -34.953587 19.830673 9.409248
v -39.509075 34.757225 19.860939
v -30.398098 34.757225 19.860935
v -25.842602 19.830662 9.409248
v -39.509075 33.712067 21.353594
v -39.509075 34.757225 19.860939
v -34.953587 19.830673 9.409248
v -34.953587 18.785503 10.901906
v -30.398098 34.757225 19.860935
v -30.398098 33.712067 21.353594
v -25.842602 18.785500 10.901906
v -25.842602 19.830662 9.409248
v -30.398098 33.712067 21.353594
v -39.509075 33.712067 21.353594
v -34.953587 18.785503 10.901906
v -25.842602 18.785500 10.901906
v -12.595829 23.592144 17.236101
v 37.024685 19.701176 14.971724
v 37.024685 19.702354 3.694115
v -12.595837 23.593651 1.431547
v -73.930145 23.733494 17.618996
v -73.930145 23.735016 1.048961
v -101.109283 22.527882 2.003379
v -101.109283 22.526459 16.663816
v -123.550690 19.401833 4.021976
v -123.550690 19.400810 14.643616
v -130.497894 16.979553 5.035828
v -130.497894 16.978729 13.628953
v -123.550690 14.733543 23.235889
v -130.497879 13.236824 20.580280
v -123.550674 4.693943 26.516859
v -101.109283 16.079952 28.523235
v -101.109268 1.115368 33.051765
v -130.497879 13.238976 -1.916809
v -136.375626 11.337578 1.549813
v -136.375626 13.903450 6.359558
v -136.375626 13.902882 12.304169
v -136.375626 11.336105 17.113007
v -130.497879 4.694271 23.234644
v -123.550690 14.736240 -4.571924
v -130.497879 6.415257 -4.573290
v -136.375626 7.185360 -0.287906
v -142.504044 7.184448 9.330678
v -136.375626 7.183533 18.949263
v -123.550674 6.415592 -7.855497
v -101.109283 16.083664 -9.858277
v -101.109268 3.625214 -14.390405
v -73.930145 16.829807 -12.357739
v -73.930161 4.047871 -17.480204
v -12.595829 4.758827 -16.241623
v -12.595829 16.742435 -11.355811
v 37.024689 5.654915 -8.916880
v 37.024681 14.337162 -5.430518
v 45.833763 5.654465 -3.951264
v 45.833763 12.295830 -1.413630
v 51.711479 5.654152 0.202148
v 51.711479 10.856651 1.946236
v 55.238129 5.558315 3.563812
v 55.238129 9.498150 4.665604
v 58.487076 5.388802 9.330673
v 37.024685 19.702354 3.694115
v 45.833763 16.399853 5.227964
v 51.711479 14.071526 6.510928
v 55.238129 11.909679 7.549262
v 55.238129 11.909328 11.113321
v 55.238129 9.497265 13.996436
v 55.238129 4.363796 15.097340
v 51.711472 3.163017 18.459194
v 45.833763 16.398952 13.436653
v 51.711479 14.070827 12.152666
v 51.711479 10.854805 16.716499
v 45.833763 3.162701 22.612606
v 45.833763 12.293472 20.076998
v 37.024681 3.162251 27.578224
v 37.024689 14.334076 24.094643
v 37.024685 19.701176 14.971724
v 75.222412 18.422955 -34.046597
v 75.222412 19.759556 -26.731153
v 90.389015 21.364506 -26.241894
v 90.389015 19.757904 -35.035004
v 128.726562 19.687469 -35.099243
v 128.726562 21.321110 -26.158319
v 151.632797 19.877289 -26.961018
v 151.632797 18.615070 -33.869671
v -34.953587 18.785503 10.901906
v -34.953587 19.830673 9.409248
v -25.842602 19.830662 9.409248
v -25.842602 18.785500 10.901906
v 254.275726 17.049572 -9.931084
v 251.554062 19.195190 -7.435597
v 244.773041 16.426064 -11.400638
v 250.161285 20.293175 -4.163701
v 246.264145 20.244099 -2.383550
v 250.161285 20.292870 4.807503
v 246.264145 20.243912 3.026816
v 244.773041 16.425209 12.044196
v 251.554062 19.194626 8.079469
v 254.275726 17.048492 10.574893
v 159.742310 14.248661 -36.992310
v 151.632782 14.187389 -38.880219
v 151.632797 18.615070 -33.869671
v 159.742310 18.298203 -33.090885
v 172.999542 11.588123 -32.659012
v 172.999542 9.423687 -33.284607
v 159.742310 8.701477 -37.802856
v 172.999542 13.277859 -30.345783
v 175.982468 10.356091 -28.181845
v 172.999542 13.847466 -27.228497
v 172.999542 13.079369 -24.406687
v 172.999542 11.266960 -23.105696
v 159.742310 11.954109 -18.113401
v 159.742310 16.880096 -20.703320
v 151.632797 17.491924 -18.908770
v 151.632782 12.370098 -15.837564
v 75.222412 12.490444 -15.179317
v 90.389038 12.927338 -12.788349
v 90.389038 18.755463 -16.579834
v 75.222412 17.493538 -18.359898
v 59.373322 11.615528 -19.966347
v 59.373306 15.836338 -22.071623
v 50.530704 12.354214 -25.322691
v 50.530697 10.882099 -24.475136
v 47.526360 10.327755 -27.924393
v 50.530697 13.052277 -28.396486
v 50.530697 12.709679 -30.271748
v 50.530697 11.457268 -31.623194
v 50.530693 9.773426 -31.934614
v 59.373306 17.953072 -27.949781
v 59.373306 17.157211 -32.306622
v 59.373306 13.752747 -35.362331
v 59.373322 9.040058 -35.949738
v 128.121918 16.326786 -7.156775
v 128.121902 13.858555 -8.922963
v 117.687546 13.857643 0.321228
v 132.973099 17.474751 -8.611848
v 132.973083 13.858978 -10.721743
v 151.632782 18.600334 -13.571956
v 151.632782 13.859241 -16.798162
v 172.554672 19.862354 -16.521378
v 172.991119 13.859550 -20.499376
v 222.165192 11.366436 -21.323492
v 222.199463 19.283604 -17.188065
v 233.920898 11.247700 -20.818117
v 233.920898 18.438759 -16.291550
v 254.386017 16.963711 -11.583406
v 263.683228 9.190701 -14.395090
v 128.121902 13.856728 9.565451
v 128.121918 16.325310 7.800666
v 117.687546 13.857643 0.321228
v 132.973083 13.856312 11.364573
v 132.973099 17.472591 9.256355
v 151.632797 18.597733 14.217173
v 151.632782 13.856049 17.440769
v 172.554672 19.859287 17.167334
v 172.991119 13.855759 21.142162
v 222.199463 19.280548 17.833971
v 222.165192 11.362663 21.966101
v 233.920898 11.244083 21.460602
v 233.920898 18.435905 16.937164
v 254.387863 16.961063 12.228093
v 263.685516 9.187428 15.037534
v 254.275726 17.049572 -9.931084
v 244.773041 16.426064 -11.400638
v 251.554062 10.036438 -12.097877
v 263.628357 9.179741 -13.686045
v -121.207703 13.656116 -10.903746
v -81.189636 16.861359 -9.822955
v -81.189636 12.154812 -13.931189
v -121.207703 8.193466 -15.267236
v -170.672729 10.721664 -11.284052
v -170.672729 3.407341 -15.737367
v -210.690765 10.033886 -9.944345
v -210.690765 3.407181 -14.081244
v -221.419678 3.406956 -9.810749
v -221.419678 9.008862 -6.489763
v -210.690765 12.771503 0.882917
v -221.419678 11.113213 2.202045
v -210.690765 12.770897 14.264887
v -170.672729 13.884212 0.371349
v -170.672729 13.883514 14.776859
v -121.207703 17.031769 0.516566
v -227.297394 3.406616 -3.171163
v -227.297394 7.484016 -1.118730
v -227.297394 8.646309 4.252973
v -221.419678 11.112751 12.944706
v -210.690765 10.032307 25.090107
v -170.672729 10.719845 26.430065
v -231.018982 3.406208 7.571235
v -227.297394 8.646053 10.892145
v -221.419678 9.007652 21.634876
v -210.690765 3.405235 29.223719
v -221.419678 3.405457 24.953222
v -227.297394 7.483353 16.262836
v -227.297394 3.405796 18.313637
v -121.207703 17.031021 14.631520
v -81.189636 19.769783 0.929265
v -81.189636 19.769138 14.218493
v -121.207703 13.654179 26.049690
v -81.189636 16.859695 24.968695
v -121.207703 8.191059 30.409706
v -81.189636 12.152740 29.073650
v 244.773041 16.425209 12.044196
v 254.275726 17.048492 10.574893
v 263.628357 9.177246 14.329842
v 251.554062 10.035240 12.740895
v 75.222412 8.165112 -40.736946
v 75.222412 13.994270 -39.396339
v 90.389023 14.549313 -41.484844
v 90.389023 7.728241 -43.127804
v 263.685516 9.187428 15.037534
v 263.628357 9.177246 14.329842
v 254.275726 17.048492 10.574893
v 254.387863 16.961063 12.228093
v 251.554062 19.194626 8.079469
v 248.646683 21.711460 4.870627
v 233.920898 18.435905 16.937164
v 233.920898 23.220383 6.509494
v 222.635895 24.376736 7.012581
v 222.199463 19.280548 17.833971
v 172.554672 19.859287 17.167334
v 250.161285 20.292870 4.807503
v 250.161285 20.293175 -4.163701
v 248.645981 21.712471 -4.224556
v 233.920898 23.221443 -5.862191
v 222.635895 24.377895 -6.364643
v 172.700165 24.024990 6.757927
v 151.632797 18.597733 14.217173
v 151.632797 21.758205 5.611969
v 132.973099 17.472591 9.256355
v 251.554062 19.195190 -7.435597
v 254.386017 16.963711 -11.583406
v 233.920898 18.438759 -16.291550
v 222.199463 19.283604 -17.188065
v 172.700165 24.026154 -6.110015
v 151.632782 21.759197 -4.965145
v 254.275726 17.049572 -9.931084
v 263.628357 9.179741 -13.686045
v 263.683228 9.190701 -14.395090
v 172.554672 19.862354 -16.521378
v 151.632782 18.600334 -13.571956
v 132.973099 17.474751 -8.611848
v 133.264038 19.782619 -3.089748
v 133.264038 19.781788 3.735299
v 128.121918 17.826096 3.125614
v 128.121918 16.325310 7.800666
v 117.687546 13.857643 0.321228
v 128.121918 16.326786 -7.156775
v 128.121918 17.826649 -2.480898
v -106.026474 13.408367 20.803617
v -106.047028 10.526352 29.840567
v -106.009750 10.596428 28.802166
v -106.003952 6.149689 43.069408
v 175.976929 12.612453 28.812632
v 92.776138 12.833984 30.074467
v 92.806931 8.281223 43.827633
v 176.014633 8.013714 40.937672
v 237.578827 6.682365 37.453743
v 237.534393 10.048824 26.370550
v 281.991028 6.613964 22.743080
v 282.043396 3.039150 32.006008
v 306.973480 0.534550 28.544521
v 306.922363 3.778770 19.903284
v 174.723770 -0.525974 49.289146
v 236.743958 -1.631596 44.587376
v 281.889252 -2.703518 37.664627
v 307.042267 -4.270618 33.324821
v 326.384644 -5.681257 28.766106
v 326.301239 -1.702103 24.739485
v 326.240479 1.287949 17.233482
v 306.952484 5.517662 14.188074
v 234.087402 -10.745764 48.451923
v 281.243317 -11.196890 42.776546
v 307.065155 -10.692377 37.332542
v 170.726105 -9.634838 53.653614
v 164.357285 -20.893276 61.245621
v 223.514709 -20.545280 55.326038
v 269.109924 -18.732052 48.616093
v 89.288223 -8.159946 57.676571
v 86.307693 -19.037664 65.392639
v 84.500832 -30.519798 68.038506
v 155.952866 -30.827084 63.848969
v 198.931305 -26.826359 57.538914
v 91.951576 0.162544 53.258945
v 5.755001 -0.648235 55.898190
v 2.284279 -7.132076 61.167366
v -4.527100 -16.978127 66.811638
v -4.878986 -28.567829 69.469963
v -101.640808 -27.634499 67.505821
v 92.806931 8.281223 43.827633
v 9.047123 8.818680 45.450386
v -203.943497 7.906338 25.469652
v -106.047028 10.526352 29.840567
v -106.026474 13.408367 20.803617
v -203.913147 10.342770 17.761002
v -203.878326 10.960388 0.355648
v -249.962982 8.369171 15.439561
v -249.953949 9.037178 0.355648
v -290.991486 6.940430 0.355648
v -291.291840 6.129036 13.243066
v -292.296814 3.163261 19.303497
v -249.966980 5.497524 22.070219
v -106.018936 14.079857 0.341227
v 8.969849 14.373669 21.198402
v 8.968700 15.034584 0.355649
v 92.781044 15.201935 20.597837
v 92.792419 15.817665 0.355648
v 176.007050 15.558926 0.355648
v -106.009750 10.596428 28.802166
v 9.028862 12.034756 29.501173
v 9.047123 8.818680 45.450386
v -106.003952 6.149689 43.069408
v 175.988739 14.953114 19.612495
v 237.552994 12.251328 18.261230
v 237.577942 12.869499 0.355647
v 282.050476 9.202427 0.369360
v 282.017517 8.603767 15.831722
v 306.987854 6.010777 0.369359
v 326.325317 3.145206 0.369360
v 326.280273 2.776386 12.290238
v 342.676697 0.163353 10.009834
v 342.731476 0.456364 0.369360
v 355.562378 -2.068367 0.369360
v 355.499084 -2.314510 7.743322
v 364.104828 -4.650261 5.887165
v 364.174408 -4.441610 0.369360
v 342.627197 -1.113770 14.813295
v 355.441071 -3.423363 11.834225
v 364.040588 -5.637817 9.518723
v 369.485596 -7.549240 7.701160
v 369.560516 -6.656446 4.491521
v 369.640625 -6.475336 0.369360
v 342.697693 -3.773090 20.164656
v 355.520142 -5.765358 15.616950
v 364.125885 -7.765892 11.893285
v 342.795563 -7.113909 22.857449
v 355.630768 -8.616142 17.782681
v 364.245941 -10.235537 13.625307
v 369.717438 -11.660246 10.482855
v 369.581512 -9.503178 9.085754
v 342.828186 -10.435534 25.796768
v 355.667694 -11.251350 20.100405
v 364.285950 -12.247816 15.426186
v 326.412354 -10.136997 31.784430
v 324.872589 -14.029625 35.537048
v 342.828186 -13.349545 28.698725
v 355.667694 -13.504751 22.309700
v 300.905914 -16.191980 42.097961
v 283.696442 -18.230694 43.800694
v 342.828186 -15.467520 29.932642
v 355.667694 -15.210112 23.112783
v 364.285950 -15.082373 17.653509
v 364.285950 -13.848255 17.096678
v 369.762756 -14.216574 13.164506
v 369.762756 -13.162451 11.886704
v 369.762756 -15.029428 13.590439
v 373.177856 -14.996410 10.959215
v 373.177856 -14.446243 10.618050
v 373.177856 -13.732771 9.594553
v 373.121765 -12.578445 8.452849
v 372.953522 -10.705717 7.757064
v 375.285309 -14.598768 8.347538
v 375.221405 -14.097755 7.713461
v 375.245972 -13.210100 6.600014
v 375.063782 -11.540941 5.969036
v 374.876801 -9.916227 5.054498
v 372.836029 -8.949722 6.538085
v 375.221405 -14.975285 8.799858
v 376.583954 -14.957996 6.152393
v 376.839417 -14.735664 5.243206
v 376.583954 -14.396381 5.407162
v 376.877045 -13.775196 3.989074
v 376.734375 -12.176279 3.371559
v 375.285309 -15.229734 8.347538
v 376.839417 -15.095753 5.243206
v 373.177856 -15.373569 10.618050
v 369.762756 -15.586664 13.164506
v 369.762756 -15.029428 13.590439
v 364.285950 -15.082373 17.653509
v 364.285950 -15.928402 17.096676
v 355.667694 -16.382156 22.481377
v 355.667694 -15.210112 23.112783
v 342.828186 -15.467520 29.932642
v 342.828186 -16.931314 29.385435
v 315.633636 -17.711203 36.593422
v 378.141602 -14.822744 0.369356
v 377.459778 -12.443977 0.369357
v 376.984192 -10.698805 0.369358
v 376.392914 -10.525700 2.976557
v 376.089325 -9.749523 2.226007
v 374.886780 -9.161901 3.090367
v 372.932465 -8.145601 3.826799
v 376.360291 -9.766670 0.369359
v 375.044220 -9.048996 0.369359
v 373.034180 -7.981508 0.369359
v -249.942474 1.744671 31.024345
v -293.519073 -1.030144 26.716774
v -328.286652 -2.917969 22.900198
v -294.940338 -9.527334 39.018158
v -329.018616 -10.985611 33.726143
v -366.107941 -16.415041 32.459427
v -301.375000 -14.548113 45.242699
v -249.243835 -12.768089 51.423824
v -249.748474 -7.265373 43.488258
v -326.940125 1.218517 16.763945
v -345.387268 -2.028618 16.229507
v -349.658813 -4.771566 18.747803
v -353.703674 -8.450834 21.290810
v -357.711639 -11.147734 27.875273
v -325.101135 3.600513 10.990598
v -338.970306 0.846222 13.886431
v -351.559875 -0.610355 9.625019
v -356.272125 -2.661613 12.395682
v -361.164764 -5.326595 14.652469
v -368.174896 -8.722689 20.232832
v -323.834473 4.659096 0.355648
v -345.585358 2.171864 0.355647
v -345.931488 1.684849 6.394630
v -357.234009 0.433487 3.761576
v -360.774780 -0.906418 5.235285
v -366.308014 -3.211380 7.205610
v -358.249451 0.451931 0.355647
v -363.715759 -1.110336 0.355647
v -370.529053 -3.635059 0.355647
v -374.936523 -5.955843 0.355647
v -370.848022 -5.880112 8.343404
v -378.183411 -8.409777 9.452761
v -386.228668 -10.771471 9.673891
v -395.346619 -13.070009 10.885395
v -382.009613 -8.027533 0.355644
v -391.508453 -10.248407 0.369357
v -404.197662 -12.423540 0.369357
v -414.368958 -14.545786 0.369357
v -412.929810 -15.250380 7.840503
v -411.206085 -17.019358 14.098852
v -388.090271 -15.020451 18.591915
v -429.860199 -18.240185 5.291735
v -429.860199 -19.369007 9.744068
v -429.860199 -21.080633 13.256310
v -409.891144 -19.028824 21.080008
v -429.860199 -17.821472 0.369356
v -434.260498 -19.156534 0.369356
v -434.260498 -19.391294 4.421100
v -434.260498 -20.197763 8.085938
v -434.260498 -21.678129 10.976961
v -434.260498 -23.488590 12.855049
v -429.860199 -23.136305 15.537959
v -408.928192 -22.053272 25.080286
v -438.030792 -20.633760 3.536067
v -438.030792 -21.302113 6.400383
v -438.030792 -22.499603 8.659913
v -438.030792 -20.431871 0.369356
v -440.937469 -21.845238 0.369355
v -440.874420 -21.958992 2.677351
v -440.937469 -22.554485 4.670184
v -440.874420 -23.343830 6.411767
v -440.937469 -24.325155 7.328241
v -438.030792 -23.926708 10.127765
v -442.495178 -22.924919 1.885673
v -442.747467 -23.551674 2.878116
v -442.495178 -23.906471 4.339128
v -442.747467 -23.085674 0.369355
v -444.009277 -25.074396 0.369354
v -442.747467 -24.626167 4.428616
v -442.495178 -25.160686 5.276264
v -440.874420 -25.199852 7.838187
v -438.030792 -25.283901 10.617049
v -434.260498 -25.285337 13.481078
v -429.860199 -25.297256 16.298508
v -409.179077 -25.420586 26.413715
v -372.279449 -25.508446 38.278381
v -370.736572 -20.658985 36.143303
v -302.408417 -19.380417 50.077587
v -302.752869 -25.746012 52.604771
v -248.583832 -26.379314 58.718323
v -248.748840 -18.592943 56.113461
v -188.909027 -17.852335 60.752819
v -189.827255 -11.804832 55.981274
v -200.334549 -4.858009 48.194267
v -188.602966 -27.108696 63.477970
v -102.040115 -16.714357 64.547165
v -103.238037 -9.228254 59.276836
v -105.308716 -2.630722 51.900967
v -106.028381 10.561394 -27.795042
v 9.028862 12.034756 -28.789865
v 9.047123 8.818680 -44.739082
v -106.003967 6.149700 -42.358097
v -256.587646 11.708347 15.698521
v -256.493378 10.087177 9.677208
v -280.488464 9.610069 8.843364
v -280.582794 11.231239 15.698521
v -256.493378 10.087177 21.719833
v -243.601379 9.210358 15.698520
v -243.543091 8.208424 19.419895
v -236.420593 6.685772 15.698520
v -236.401611 6.359570 13.928970
v -243.543091 8.208424 11.977142
v -304.377106 7.302155 9.677207
v -304.471405 8.923332 15.698521
v -280.488464 9.610069 22.553675
v -304.377106 7.302155 21.719831
v -320.387634 3.738976 19.419895
v -320.445892 4.740913 15.698518
v -323.984863 2.707939 15.568504
v -323.951996 2.142044 18.270571
v -320.235077 1.115875 21.719830
v -323.865845 0.660534 19.940536
v -320.046509 -2.126461 21.719828
v -323.732452 -1.632912 19.940535
v -328.515869 -0.992405 15.399776
v -323.951996 2.142048 12.866440
v -320.387634 3.738976 11.977142
v -323.865845 0.660534 11.196471
v -323.732452 -1.632912 11.196470
v -320.235077 1.115875 9.677206
v -320.046509 -2.126461 9.677205
v -303.825134 -2.188313 5.955828
v -304.130249 3.057892 5.955830
v -280.241638 5.365799 4.606645
v -279.883270 -0.795807 4.606641
v -304.377106 7.302155 9.677207
v -236.401611 6.359570 17.468067
v -232.901947 4.568703 15.698518
v -236.351929 5.505569 12.835330
v -243.390533 5.585316 9.677206
v -256.493378 10.087177 9.677208
v -256.246552 5.842907 5.955832
v -236.351929 5.505569 18.561708
v -236.255310 3.844078 18.561707
v -243.201935 2.342983 21.719830
v -243.390533 5.585316 21.719831
v -236.255310 3.844078 12.835328
v -243.201935 2.342983 9.677205
v -255.941406 0.596699 5.955829
v -279.883270 -0.795807 4.606641
v -280.241638 5.365799 4.606645
v -256.246552 5.842907 25.441208
v -243.390533 5.585316 21.719831
v 5.755001 -0.648232 -55.186897
v 9.047123 8.818680 -44.739082
v 92.806923 8.281223 -43.116329
v 91.951576 0.162544 -52.547646
v 89.288223 -8.159946 -56.937855
v 2.284279 -7.132074 -60.428650
v -103.238037 -9.228252 -58.538136
v 174.723770 -0.525974 -48.577839
v 170.726105 -9.634838 -52.914890
v 164.357269 -20.893280 -60.506901
v 86.307693 -19.037668 -64.653923
v -4.527100 -16.978127 -66.072929
v 234.087402 -10.745766 -47.713203
v 223.514709 -20.545280 -54.587330
v 198.931305 -26.826359 -56.800205
v 155.952866 -30.827084 -63.110260
v 84.500832 -30.519802 -67.299797
v 236.743958 -1.631596 -43.876072
v 281.889252 -2.703518 -36.925911
v 281.243317 -11.196890 -42.037834
v 269.109924 -18.732052 -47.877380
v 237.578888 6.682365 -36.742443
v 282.043396 3.039150 -31.267288
v 306.973480 0.534550 -27.805805
v 307.042267 -4.270618 -32.586102
v 307.065155 -10.692373 -36.593819
v 300.905914 -16.191978 -41.359253
v 283.696442 -18.230692 -43.061989
v 176.014633 8.013710 -40.226368
v 175.976868 12.612453 -28.101330
v 237.534393 10.048824 -25.659252
v 281.991028 6.613960 -22.004358
v 92.806923 8.281223 -43.116329
v 92.776131 12.833984 -29.363159
v 92.781044 15.201935 -19.886543
v 175.988724 14.953121 -18.901197
v 176.007050 15.558926 0.355648
v 237.552948 12.251328 -17.549934
v 237.577942 12.869499 0.355647
v 282.050476 9.202427 0.369360
v 282.017517 8.603775 -15.093004
v 306.952484 5.517662 -13.449354
v 92.792419 15.817665 0.355648
v 8.968700 15.034584 0.355649
v 8.969849 14.373669 -20.487103
v -106.018936 14.079857 0.341227
v -106.026474 13.408367 -20.121159
v -203.878326 10.960388 0.355648
v -203.913147 10.342770 -17.049698
v -249.962982 8.369171 -14.728264
v -249.953949 9.037178 0.355648
v -290.991486 6.940430 0.355648
v -291.291840 6.129040 -12.531768
v -325.101135 3.600513 -10.279299
v -323.834473 4.659096 0.355648
v -345.585358 2.171864 0.355647
v -345.931488 1.684853 -5.683334
v -357.234009 0.433487 -3.050280
v -358.249451 0.451931 0.355647
v -363.715759 -1.110336 0.355647
v -360.774780 -0.906418 -4.523990
v -366.308014 -3.211380 -6.494316
v -370.529053 -3.635059 0.355647
v -351.559845 -0.610352 -8.913724
v -356.272125 -2.661613 -11.684384
v -338.970306 0.846226 -13.175133
v -326.940125 1.218525 -16.052645
v 306.987854 6.010777 0.369359
v 326.325317 3.145206 0.369360
v 326.280273 2.776386 -11.551518
v 326.240417 1.287949 -16.494764
v 306.922363 3.778770 -19.164570
v 342.676697 0.163353 -9.271115
v 342.627197 -1.113770 -14.074575
v 342.697693 -3.773090 -19.425936
v 326.301239 -1.702103 -24.000765
v 326.384644 -5.681257 -28.027391
v 342.731476 0.456364 0.369360
v 355.562378 -2.068367 0.369360
v 355.499084 -2.314514 -7.004601
v 355.441071 -3.423363 -11.095502
v 355.520142 -5.765364 -14.878232
v 355.630768 -8.616142 -17.043964
v 342.795563 -7.113909 -22.118729
v 364.104828 -4.650261 -5.148444
v 364.040588 -5.637821 -8.780002
v 364.125885 -7.765892 -11.154567
v 364.174408 -4.441610 0.369360
v 369.640625 -6.475336 0.369360
v 369.560516 -6.656446 -3.752801
v 369.485596 -7.549240 -6.962440
v 369.581512 -9.503178 -8.347034
v 369.717438 -11.660246 -9.744140
v 364.245941 -10.235538 -12.886591
v 372.932465 -8.145601 -3.088080
v 372.836029 -8.949726 -5.799366
v 372.953522 -10.705717 -7.018346
v 373.034180 -7.981508 0.369359
v 375.044220 -9.048996 0.369359
v 374.886780 -9.161901 -2.351649
v 374.876862 -9.916227 -4.315780
v 375.063782 -11.540945 -5.230320
v 375.245972 -13.210102 -5.861299
v 373.121765 -12.578447 -7.714134
v 376.089325 -9.749519 -1.487290
v 376.392914 -10.525700 -2.237840
v 376.734375 -12.176279 -2.632844
v 376.360291 -9.766670 0.369359
v 376.984192 -10.698805 0.369358
v 377.459778 -12.443977 0.369357
v 378.141602 -14.822744 0.369356
v 376.877045 -13.775196 -3.250360
v 376.583954 -14.396381 -4.668449
v 375.221405 -14.097755 -6.974747
v 373.177856 -13.732771 -8.855840
v 376.839417 -14.735664 -4.504494
v 375.285309 -14.598772 -7.608828
v 373.177856 -14.446243 -9.879337
v 369.762756 -14.216574 -12.425794
v 369.762756 -13.162447 -11.147990
v 364.285950 -12.247816 -14.687470
v 376.583954 -14.958000 -5.413682
v 375.221405 -14.975285 -8.061147
v 373.177856 -14.996410 -10.220504
v 369.762756 -15.029425 -12.851729
v 364.285950 -15.082373 -16.914799
v 364.285950 -13.848251 -16.357965
v 375.285309 -15.229734 -7.608828
v 373.177856 -15.373573 -9.879340
v 369.762756 -15.586664 -12.425796
v 369.762756 -15.029425 -12.851729
v 364.285950 -15.082373 -16.914799
v 376.839417 -15.095753 -4.504495
v 364.285950 -15.928402 -16.357969
v 355.667694 -16.382156 -21.742674
v 355.667694 -15.210112 -22.374079
v 342.828186 -15.467520 -29.193932
v 342.828186 -16.931314 -28.646729
v 315.633636 -17.711206 -35.854713
v 324.872589 -14.029621 -34.798336
v 326.412354 -10.136997 -31.045713
v 342.828186 -10.435532 -25.058054
v 342.828186 -13.349541 -27.960016
v 342.828186 -15.467520 -29.193932
v 355.667694 -13.504747 -21.570992
v 355.667694 -15.210112 -22.374079
v 355.667694 -11.251347 -19.361691
v -4.878986 -28.567829 -68.731262
v -101.640808 -27.634499 -66.767120
v -102.040115 -16.714357 -63.808464
v -188.909058 -17.852335 -60.014114
v -189.827255 -11.804831 -55.242569
v -200.334549 -4.858000 -47.482967
v -105.308746 -2.630718 -51.189663
v -188.602966 -27.108698 -62.739273
v -248.583832 -26.379316 -57.979633
v -248.748840 -18.592941 -55.374756
v -249.243835 -12.768087 -50.685120
v -249.748474 -7.265368 -42.776966
v -294.940338 -9.527328 -38.306873
v -302.408417 -19.380413 -49.338879
v -301.375000 -14.548105 -44.503990
v -366.107941 -16.415041 -31.720713
v -329.018616 -10.985603 -33.014843
v -328.286652 -2.917965 -22.188902
v -293.519073 -1.030136 -26.005472
v -302.752869 -25.746012 -51.866055
v -372.279449 -25.508446 -37.539669
v -370.736572 -20.658985 -35.404594
v -408.928192 -22.053268 -24.341568
v -409.891144 -19.028824 -20.341288
v -411.206085 -17.019358 -13.360138
v -388.090271 -15.020451 -17.853197
v -357.711639 -11.147730 -27.163982
v -409.179077 -25.420582 -25.674995
v -429.860199 -25.297253 -15.559796
v -429.860199 -23.136303 -14.799243
v -429.860199 -21.080633 -12.517596
v -429.860199 -19.369007 -9.005354
v -429.860199 -18.240185 -4.553021
v -412.929810 -15.250380 -7.101789
v -395.346558 -13.070007 -10.146678
v -434.260498 -23.488590 -12.116337
v -434.260498 -21.678129 -10.238247
v -434.260498 -20.197763 -7.347226
v -434.260498 -25.285337 -12.742367
v -438.030792 -25.283901 -9.878337
v -438.030792 -23.926708 -9.389051
v -438.030792 -22.499603 -7.921199
v -438.030792 -21.302113 -5.661671
v -438.030792 -20.633760 -2.797354
v -434.260498 -19.391294 -3.682389
v -440.937469 -24.325155 -6.589530
v -440.874420 -23.343830 -5.673055
v -440.937469 -22.554485 -3.931472
v -440.874420 -25.199852 -7.099477
v -442.495178 -25.160686 -4.537554
v -442.747467 -24.626167 -3.689906
v -442.495178 -23.906471 -3.600416
v -442.747467 -23.551674 -2.139406
v -442.495178 -22.924919 -1.146963
v -440.874420 -21.958992 -1.938640
v -444.009277 -25.074396 0.369354
v -442.747467 -23.085674 0.369355
v -440.937469 -21.845238 0.369355
v -438.030792 -20.431871 0.369356
v -434.260498 -19.156534 0.369356
v -429.860199 -17.821472 0.369356
v -414.368958 -14.545786 0.369357
v -404.197662 -12.423540 0.369357
v -391.508453 -10.248407 0.369357
v -386.228668 -10.771471 -8.935176
v -368.174957 -8.722687 -19.521542
v -353.703674 -8.450834 -20.579514
v -349.658813 -4.771568 -18.036510
v -345.387268 -2.028618 -15.518209
v -378.183411 -8.409781 -8.741471
v -361.164764 -5.326597 -13.941174
v -356.272125 -2.661613 -11.684384
v -382.009613 -8.027533 0.355644
v -374.936523 -5.955843 0.355647
v -370.848022 -5.880112 -7.632113
v -8.345879 4.044876 -44.025089
v -8.345879 4.891975 -44.735889
v -5.533276 5.546326 -42.782230
v -14.172306 2.128139 -45.177280
v -14.172314 3.781219 -46.564384
v -24.808949 0.015579 -46.657501
v -24.808949 2.690323 -48.901878
v -44.707821 2.576328 -49.985550
v -44.707821 -0.565121 -47.349560
v -64.606689 2.690319 -48.901878
v -64.606689 0.015575 -46.657501
v -78.040390 2.128128 -45.177280
v -78.040390 3.781208 -46.564377
v -81.069763 4.422970 -45.547592
v -81.069763 3.253674 -44.566437
v -85.001190 5.674900 -42.628994
v 310.539825 -1.316490 -9.029880
v 293.298035 -1.316494 -10.379067
v 293.298035 4.807854 -10.379067
v 310.539825 3.897995 -9.029881
v 319.756165 2.902119 -5.308506
v 319.756165 -0.320606 -5.308504
v 324.804626 2.417587 -2.150382
v 324.804626 0.766144 -2.150381
v 327.241638 1.290756 0.712807
v 293.298035 9.026466 -6.142348
v 310.539825 8.116600 -5.308506
v 319.756165 5.509361 -3.008569
v 324.804626 3.266426 -1.056741
v 275.842255 8.116589 -5.308506
v 275.842255 9.727955 0.712806
v 293.298035 10.637833 0.712806
v 310.539825 9.727966 0.712806
v 319.756165 6.505241 0.712807
v 324.804626 3.590652 0.712807
v 275.842255 3.897984 -9.029881
v 261.494385 2.902103 -5.308505
v 261.494385 5.509350 -3.008568
v 261.494385 6.505226 0.712807
v 275.842255 8.116596 6.734118
v 293.298035 9.026470 7.567962
v 293.298035 -1.316494 -10.379067
v 275.842255 -1.316502 -9.029880
v 261.494385 -0.320621 -5.308503
v 258.258911 2.660233 -3.529212
v 258.258911 4.132790 -1.859245
v 258.258911 4.695255 0.842820
v 258.258911 4.132790 3.544885
v 261.494385 5.509350 4.434182
v 275.842255 3.897987 10.455494
v 258.258911 0.380653 -3.529212
v 254.059967 1.290745 1.011548
v 258.258911 2.660233 5.214854
v 261.494385 2.902115 6.734118
v 275.842255 -1.316494 10.455495
v 293.298035 4.807858 11.804680
v 310.539825 8.116600 6.734118
v 258.258911 0.380653 5.214853
v 261.494385 -0.320618 6.734119
v 293.298035 -1.316490 11.804681
v 220.397476 -4.335320 45.256199
v 241.650421 -4.602512 46.461086
v 241.650421 2.139904 44.428997
v 220.397476 1.684975 43.641026
v 206.049667 0.073605 40.850063
v 206.049667 -3.647141 41.848293
v 202.814148 -3.565269 40.211506
v 202.814148 -5.747784 39.771217
v 206.049667 -6.942564 40.740322
v 220.397476 -9.667429 43.463467
v 220.397476 -4.335320 45.256199
v 206.049667 2.798466 38.126915
v 202.814148 -0.943977 39.347588
v 198.615204 -2.792358 36.483559
v 202.814148 -6.887569 37.797047
v 206.049667 -8.553930 37.949360
v 220.397476 -12.274673 38.947594
v 220.397476 6.093895 39.234886
v 206.049667 3.486649 34.719009
v 202.814148 1.114845 37.509445
v 202.814148 1.824799 35.399185
v 202.814148 0.685013 33.425014
v 206.049667 1.875286 31.928047
v 220.397476 7.207397 33.720783
v 220.397476 4.600155 29.204906
v 241.650421 5.768585 28.530317
v 241.650421 8.830765 33.834156
v 262.903381 4.600159 29.204906
v 262.903381 7.207409 33.720787
v 274.263794 3.486656 34.719017
v 274.263794 1.875294 31.928055
v 280.486694 0.509380 35.878460
v 280.486694 -0.316341 34.448273
v 283.490692 -2.533630 36.334190
v 280.486694 -0.013321 37.160397
v 280.486694 -1.383682 38.325966
v 280.486694 -3.078270 38.929947
v 280.486694 -4.449808 38.741650
v 280.486694 -5.275530 37.311459
v 274.263794 -6.942558 40.740326
v 274.263794 -8.553921 37.949364
v 274.263794 2.798477 38.126919
v 274.263794 0.073608 40.850067
v 274.263794 -3.647133 41.848297
v 262.903381 -4.335318 45.256199
v 262.903381 -9.667427 43.463470
v 262.903381 -12.274668 38.947594
v 241.650421 -13.443100 39.622189
v 241.650421 -10.380924 44.926029
v 241.650421 -4.602512 46.461086
v 101.660141 -6.195280 55.807083
v 101.660141 -1.972095 0.384014
v 9.069996 -1.340374 0.384014
v 9.070004 -5.830318 53.699852
v 101.660156 -15.775810 96.386810
v 151.041550 -17.536366 90.333260
v 151.041550 -7.261854 52.312054
v 189.116226 -21.334747 82.275833
v 189.116180 -5.866556 43.287632
v 151.041550 -3.501125 0.384015
v -63.550014 -6.151320 48.746067
v -63.550014 -16.577518 84.156761
v 9.070011 -16.154636 92.736946
v 101.660156 -30.939072 111.240021
v 9.070030 -30.975468 107.025543
v -63.550014 -2.335068 0.384016
v -125.253204 -8.130686 43.214996
v -125.253189 -17.777245 74.576683
v -125.253204 -4.599810 0.384017
v -173.618942 -12.519407 38.282040
v -173.618942 -20.311077 66.032555
v -173.618942 -9.667471 0.384018
v -220.437531 -17.777243 28.997761
v -220.437531 -23.346687 49.951706
v -220.437531 -30.954685 57.621387
v -173.618942 -30.954685 76.189926
v -220.437531 -15.738689 0.384020
v 189.116180 -8.630249 0.384017
v 200.422928 -14.631203 35.524837
v 200.422928 -12.105576 0.384019
v 207.633148 -16.287165 22.767870
v 207.633148 -14.321777 0.384022
v 211.871750 -28.991676 0.384027
v 207.633148 -21.656727 39.161217
v 207.633179 -28.991676 45.161606
v 200.422928 -21.531351 61.256958
v 200.422928 -30.957134 70.675575
v 189.116226 -31.279663 86.775772
v 151.041550 -32.689568 104.249977
v 81.832504 -4.510706 74.188286
v 81.832504 -9.543663 77.262421
v 93.742508 -9.894388 73.239006
v 93.742508 -6.783850 71.339073
v 81.832504 -1.750889 68.264938
v 59.551445 -3.723118 75.214821
v 59.551445 -0.811497 68.430580
v 37.270409 -4.510710 74.188286
v 100.266457 -9.819714 69.890198
v 100.266457 -8.744236 68.915596
v 93.742508 -5.078188 67.678246
v 81.832504 -2.318371 61.754898
v 59.551445 -1.227180 61.059647
v 37.270409 -1.750889 68.264946
v 103.415771 -10.461870 66.728966
v 100.266457 -8.087343 67.147659
v 93.742508 -5.428915 63.654831
v 81.832504 -5.996391 57.144794
v 59.551445 -4.811388 55.917465
v 37.270409 -2.318371 61.754898
v 100.266449 -11.524742 69.589561
v 93.742508 -9.894388 73.239006
v 93.742508 -13.221689 72.652313
v 81.832504 -9.543663 77.262421
v 81.832504 -14.927351 76.313141
v 59.551449 -15.172970 77.706100
v 59.551445 -8.849895 78.821022
v 37.270409 -14.927349 76.313141
v 37.270409 -9.543671 77.262421
v 22.228487 -9.894386 73.239006
v 22.228487 -13.221687 72.652298
v 18.836458 -12.221085 71.211418
v 18.836458 -9.867535 71.626419
v 14.434389 -10.516260 67.037407
v 18.836458 -8.043184 70.170334
v 18.836458 -6.970562 67.482986
v 18.836458 -7.059372 64.590843
v 18.836458 -8.275696 62.598618
v 18.836458 -10.629242 62.183628
v 22.228487 -11.029348 60.218933
v 22.228487 -6.783850 71.339073
v 22.228487 -5.078188 67.678253
v 22.228487 -5.428909 63.654831
v 22.228487 -7.702051 60.805626
v 37.270409 -5.996395 57.144794
v 37.270409 -11.380074 56.195503
v 59.551445 -11.134462 54.802544
v 22.228487 -9.894386 73.239006
v 37.270409 -9.543671 77.262421
v 81.832504 -11.380075 56.195503
v 93.742508 -7.702049 60.805626
v 93.742508 -11.029350 60.218933
v 100.266457 -8.777239 63.978012
v 100.266457 -10.482265 63.677372
v 100.266457 -8.099951 65.261673
v 271.928253 -14.588724 -2.798916
v 271.928253 -13.702278 -3.086939
v 271.928253 -13.702272 3.825638
v 271.928253 -18.313250 -7.925276
v 271.928253 -17.765392 -8.679333
v 271.928253 -24.339645 -9.883365
v -220.437531 -17.777246 -28.249470
v -220.437531 -15.738689 0.384020
v -173.618942 -9.667471 0.384018
v -173.618942 -12.519415 -37.533756
v -220.437531 -23.346691 -49.203407
v -173.618942 -20.311079 -65.284264
v -125.253204 -8.130695 -42.466713
v -125.253189 -17.777246 -73.828400
v -63.550014 -6.151323 -47.997772
v -63.550014 -16.577524 -83.408493
v -125.253204 -4.599810 0.384017
v -63.550014 -2.335068 0.384016
v 9.069996 -1.340374 0.384014
v 9.070004 -5.830320 -52.951576
v 9.070007 -16.154650 -91.988701
v 101.660141 -15.775822 -95.638527
v 101.660156 -30.939083 -110.491722
v 9.070030 -30.975477 -106.277275
v 101.660141 -6.195286 -55.058796
v 151.041550 -17.536379 -89.584976
v 151.041550 -7.261856 -51.563774
v 189.116226 -21.334755 -81.527557
v 189.116226 -31.279667 -86.027496
v 151.041550 -32.689575 -103.501678
v 101.660141 -1.972095 0.384014
v 151.041550 -3.501125 0.384015
v 189.116180 -5.866560 -42.539360
v 200.422928 -21.531357 -60.508659
v 200.422928 -30.957142 -69.927269
v 189.116180 -8.630249 0.384017
v 200.422928 -14.631205 -34.776554
v 207.633148 -21.656727 -38.412922
v 207.633179 -28.991680 -44.413311
v 200.422928 -12.105576 0.384019
v 207.633148 -16.287169 -22.019583
v 211.871750 -28.991676 0.384027
v 207.633148 -14.321777 0.384022
v 378.141602 -14.822744 0.369356
v 376.839417 -14.735664 5.243206
v 376.583954 -14.957996 6.152393
v 376.839417 -15.095753 5.243206
v 376.583954 -14.958000 -5.413682
v 376.839417 -14.735664 -4.504494
v 378.141602 -14.822744 0.369356
v 376.839417 -15.095753 -4.504495
v 278.675232 -15.475174 -2.510894
v 278.675232 -14.588724 -2.798917
v 278.675232 -14.588722 3.537612
v 278.675232 -15.475168 3.249588
v 271.928253 -13.702272 3.825638
v 266.193176 -13.702274 3.825639
v 266.193176 -17.765383 9.418035
v 271.928253 -17.765383 9.418035
v 266.193176 -24.339634 11.554142
v 271.928253 -24.339634 11.554142
v 266.193176 -30.913881 9.418043
v 271.928253 -30.913883 9.418044
v 266.193176 -34.977001 3.825651
v 271.928253 -34.977001 3.825652
v 266.193176 -13.702278 -3.086939
v 271.928253 -13.702278 -3.086939
v 271.928253 -17.765392 -8.679333
v 266.193176 -17.765392 -8.679331
v 271.928253 -24.339645 -10.815431
v 266.193176 -24.339645 -10.815431
v 271.928253 -30.913897 -8.679323
v 266.193176 -30.913897 -8.679323
v 271.928253 -34.977005 -3.086929
v 266.193176 -34.977005 -3.086930
v 342.828186 -15.467520 -29.193932
v 320.253052 -16.319431 -36.411015
v 324.872589 -14.029621 -34.798336
v 283.696442 -18.230692 -43.061989
v 324.872589 -14.029625 35.537048
v 320.253052 -16.319431 37.149727
v 342.828186 -15.467520 29.932642
v 283.696442 -18.230694 43.800694
v 271.928253 -14.588722 3.537614
v 271.928253 -13.702272 3.825638
v 271.928253 -17.765383 9.418035
v 271.928253 -18.313236 8.663977
v 278.675232 -15.475168 3.249588
v 271.928253 -15.475168 3.249590
v 271.928253 -15.475174 -2.510892
v 278.675232 -15.475174 -2.510894
v 278.675232 -14.588722 3.537612
v 271.928253 -14.588722 3.537614
v 271.928253 -18.313236 8.663977
v 278.675232 -18.313236 8.663977
v 271.928253 -24.339634 10.622077
v 278.675232 -24.339634 10.622077
v 271.928253 -30.366028 8.663987
v 278.675232 -30.366028 8.663988
v 271.928253 -34.090553 3.537628
v 278.675232 -34.090553 3.537628
v 271.928253 -34.090557 -2.798904
v 278.675232 -34.090557 -2.798903
v 271.928253 -14.588724 -2.798916
v 278.675232 -14.588724 -2.798917
v 278.675232 -18.313250 -7.925276
v 271.928253 -18.313250 -7.925276
v 278.675232 -24.339649 -9.883365
v 271.928253 -24.339645 -9.883365
v 278.675232 -30.366045 -7.925265
v 271.928253 -30.366043 -7.925267
v 278.675232 -34.090557 -2.798903
v 271.928253 -34.090557 -2.798904
v 278.675232 -15.475168 3.249588
v 278.675232 -14.588722 3.537612
v 278.675232 -18.313236 8.663977
v 278.675232 -18.861090 7.909919
v 278.675232 -14.588724 -2.798917
v 278.675232 -15.475174 -2.510894
v 278.675232 -18.861103 -7.171219
v 278.675232 -18.313250 -7.925276
v 315.633636 -17.711206 -35.854713
v 320.253052 -16.319431 -36.411015
v 342.828186 -15.467520 -29.193932
v 283.696442 -18.230692 -43.061989
v 342.828186 -15.467520 29.932642
v 320.253052 -16.319431 37.149727
v 315.633636 -17.711203 36.593422
v 283.696442 -18.230694 43.800694
v 271.928253 -15.475168 3.249590
v 278.675232 -15.475168 3.249588
v 278.675232 -18.861090 7.909919
v 271.928253 -18.861092 7.909920
v 278.675232 -24.339634 9.690010
v 271.928253 -24.339634 9.690010
v 278.675232 -29.818174 7.909931
v 271.928253 -29.818174 7.909929
v 278.675232 -33.204105 3.249605
v 271.928253 -33.204105 3.249603
v 278.675232 -15.475174 -2.510894
v 271.928253 -15.475174 -2.510892
v 271.928253 -18.861101 -7.171219
v 278.675232 -18.861103 -7.171219
v 271.928253 -24.339645 -8.951300
v 278.675232 -24.339649 -8.951300
v 271.928253 -29.818190 -7.171209
v 278.675232 -29.818192 -7.171207
v 271.928253 -33.204109 -2.510881
v 278.675232 -33.204109 -2.510879
v 271.928253 -18.313236 8.663977
v 271.928253 -17.765383 9.418035
v 271.928253 -24.339634 11.554142
v 271.928253 -24.339634 10.622077
v 278.675232 -18.861090 7.909919
v 278.675232 -18.313236 8.663977
v 278.675232 -24.339634 10.622077
v 278.675232 -24.339634 9.690010
v 278.675232 -18.313250 -7.925276
v 278.675232 -18.861103 -7.171219
v 278.675232 -24.339649 -8.951300
v 278.675232 -24.339649 -9.883365
v 278.675232 -24.339649 -9.883365
v 278.675232 -24.339649 -8.951300
v 278.675232 -29.818192 -7.171207
v 278.675232 -30.366045 -7.925265
v 278.675232 -24.339634 9.690010
v 278.675232 -24.339634 10.622077
v 278.675232 -30.366028 8.663988
v 278.675232 -29.818174 7.909931
v 198.931305 -26.826359 57.538914
v 174.892410 -31.234690 55.823277
v 200.013031 -22.616043 49.043644
v 165.953171 -35.415955 50.911827
v 200.013031 -22.616043 -48.304943
v 174.892410 -31.234690 -55.084568
v 198.931305 -26.826359 -56.800205
v 165.953171 -35.415958 -50.173126
v 165.205658 -35.931313 22.385908
v 188.983246 -21.151669 20.429804
v 188.288147 -24.964424 36.689377
v 189.504562 -18.199755 0.369348
v 165.526627 -34.155125 0.369343
v 188.288147 -24.964436 -35.950684
v 188.983246 -21.151676 -19.691111
v 165.205658 -35.931316 -21.647228
v 189.504562 -18.199755 0.369348
v 165.526627 -34.155125 0.369343
v 188.288147 -24.964424 36.689377
v 188.287994 -24.595020 45.347187
v 165.953171 -35.415955 50.911827
v 165.071594 -37.578659 40.525673
v 165.205658 -35.931313 22.385908
v 142.903610 -49.744888 43.745426
v 142.443130 -50.690365 23.987677
v 142.483505 -50.387569 0.369340
v 165.526627 -34.155125 0.369343
v 144.446533 -45.697266 55.782001
v 81.891388 -48.553391 59.230907
v 80.833374 -53.354599 46.299232
v 80.438179 -55.259716 25.340944
v 80.406288 -55.488258 0.369339
v -6.232613 -54.252609 0.369340
v 148.365158 -39.180374 61.886734
v 83.238464 -40.920368 65.891983
v -5.235828 -39.462978 67.162483
v -5.696342 -47.225376 60.184669
v -6.084595 -52.010933 46.887135
v -6.224640 -53.975540 25.620512
v 174.892410 -31.234690 55.823277
v 198.931305 -26.826359 57.538914
v 155.952866 -30.827084 63.848969
v 84.500832 -30.519798 68.038506
v -4.878986 -28.567829 69.469963
v -101.640808 -27.634499 67.505821
v -101.805801 -37.816509 65.021721
v -102.300781 -44.954277 57.569431
v -102.795761 -49.317028 44.209171
v -102.960770 -51.174004 24.001186
v -102.960770 -51.476051 0.369342
v -190.582901 -48.463486 0.369343
v -188.850494 -36.060314 60.871456
v -189.592941 -42.450081 53.051910
v -190.335434 -46.432468 39.950302
v -190.582901 -48.161961 21.497597
v -249.903809 -46.246254 19.124357
v -249.903809 -46.519821 0.369345
v -303.082855 -44.657791 0.369346
v -188.602966 -27.108696 63.477970
v -248.583832 -26.379314 58.718323
v -248.748840 -34.273746 56.113461
v -249.243835 -40.422787 48.298851
v -302.794128 -32.409286 50.157841
v -302.917847 -38.134624 42.817097
v -372.279449 -34.847813 31.038393
v -302.752869 -25.746012 52.604771
v -372.279449 -25.508446 38.278381
v -372.279449 -30.419392 36.468384
v -409.179077 -28.823843 25.170200
v -409.179077 -31.956125 21.439678
v -409.179077 -34.332222 14.914472
v -372.279449 -38.112457 21.540590
v -372.206116 -39.727352 11.485729
v -303.041595 -42.200134 30.180368
v -409.179077 -25.420586 26.413715
v -429.860199 -25.297256 16.298508
v -429.860199 -27.440586 15.537958
v -429.860199 -29.443396 13.256309
v -429.860199 -30.985977 9.744063
v -429.860199 -31.748631 5.291730
v -409.179077 -35.466927 8.006554
v -434.260498 -27.021704 12.855048
v -434.260498 -28.651020 10.976960
v -434.260498 -29.908075 8.085935
v -434.260498 -25.285337 13.481078
v -438.030792 -25.283901 10.617049
v -438.030792 -26.567125 10.127765
v -438.030792 -27.772324 8.659911
v -438.030792 -28.711212 6.400382
v -438.030792 -29.195503 3.536063
v -434.260498 -30.527657 4.421096
v -440.937469 -26.007019 7.328240
v -440.874420 -26.802565 6.411765
v -440.937469 -27.364464 4.670181
v -440.874420 -25.199852 7.838187
v -442.495178 -25.160686 5.276264
v -442.747467 -25.631050 4.428616
v -442.495178 -26.225544 4.339127
v -442.747467 -26.431681 2.878114
v -442.495178 -26.869089 1.885671
v -440.874420 -27.753719 2.677348
v -444.009277 -25.074396 0.369354
v -442.747467 -26.701691 0.369353
v -440.937469 -27.794207 0.369353
v -438.030792 -29.324001 0.369352
v -434.260498 -30.678078 0.369352
v -429.860199 -31.934971 0.369352
v -409.179077 -35.723930 0.369350
v -372.206116 -39.975922 0.369349
v -303.082855 -44.411316 16.060669
v -249.738800 -44.516823 35.795490
v 165.953171 -35.415958 -50.173126
v 188.287994 -24.595028 -44.608475
v 188.288147 -24.964436 -35.950684
v 165.071594 -37.578671 -39.786987
v 142.903610 -49.744900 -43.006752
v 144.446533 -45.697269 -55.043320
v 148.365173 -39.180374 -61.148041
v 174.892410 -31.234690 -55.084568
v 198.931305 -26.826359 -56.800205
v 155.952866 -30.827084 -63.110260
v 165.205658 -35.931316 -21.647228
v 142.443130 -50.690369 -23.249001
v 80.438179 -55.259720 -24.602268
v 80.833374 -53.354599 -45.560562
v 81.891388 -48.553398 -58.492229
v 83.238464 -40.920372 -65.153297
v 84.500832 -30.519802 -67.299797
v 142.483505 -50.387569 0.369340
v 80.406288 -55.488258 0.369339
v -6.232613 -54.252609 0.369340
v -6.224640 -53.975540 -24.881830
v -6.084591 -52.010937 -46.148457
v 165.526627 -34.155125 0.369343
v 271.928253 -30.366043 -7.925267
v 271.928253 -30.913897 -8.679323
v 271.928253 -24.339645 -10.815431
v 271.928253 -34.090557 -2.798904
v 207.633179 -28.991676 45.161606
v 206.208252 -29.687344 46.256069
v 202.207047 -30.859776 46.302643
v 201.460526 -31.279045 45.246452
v 211.871750 -28.991676 0.384027
v 201.460526 -36.648602 26.281191
v 201.460526 -38.613998 0.384029
v 200.422928 -39.801273 0.384029
v 200.422928 -37.714943 28.276554
v 189.116226 -51.943878 0.384031
v 201.668503 -34.482460 51.212093
v 200.422928 -32.578918 48.702530
v 199.788818 -39.007637 30.647236
v 196.946976 -38.930840 30.245546
v 198.826614 -34.421803 50.810398
v 187.001846 -50.701244 39.580101
v 187.041275 -47.406349 74.482399
v 196.706131 -31.732534 69.891777
v 186.554855 -31.838640 84.252022
v 189.396729 -31.928322 84.656410
v 199.547958 -31.793190 70.293465
v 189.116226 -31.279663 86.775772
v 189.116226 -48.887772 75.242432
v 189.883163 -47.496033 74.887001
v 203.366364 -29.626686 45.854374
v 206.208252 -29.687344 46.256069
v 200.422928 -30.957134 70.675575
v 199.365173 -30.799120 45.900951
v 207.633179 -28.991676 45.161606
v 199.788818 -39.007637 30.647236
v 189.843719 -50.778030 39.947300
v 189.116226 -52.083614 43.287640
v 151.041550 -53.143536 0.384031
v 151.041550 -49.382797 52.312073
v 101.660156 -54.699451 0.384031
v 101.660156 -50.476250 55.807095
v 9.070057 -56.825394 0.384031
v 9.070057 -52.335445 53.699856
v 151.041550 -46.275776 90.333252
v 101.660156 -46.700249 96.386795
v 9.070042 -47.732185 92.736961
v -63.550014 -45.062431 84.156761
v -63.550014 -48.447113 48.746067
v 189.843719 -50.778030 39.947300
v -125.253189 -44.132130 74.576668
v -125.253189 -46.819801 43.215008
v -63.550014 -52.263367 0.384031
v -125.253174 -50.350693 0.384031
v -173.618942 -45.597034 38.282040
v -173.618942 -48.448982 0.384031
v -220.437531 -44.132126 28.997776
v -220.437531 -46.170681 0.384030
v -173.618942 -41.598293 66.032547
v -220.437531 -38.562687 49.951706
v -220.437531 -30.954685 57.621387
v -173.618942 -30.954685 76.189926
v 101.660156 -30.939072 111.240021
v 9.070030 -30.975468 107.025543
v 151.041550 -32.689568 104.249977
v 206.208252 -29.687344 46.256069
v 203.366364 -29.626686 45.854374
v 199.365173 -30.799120 45.900951
v 202.207047 -30.859776 46.302643
v 198.826614 -34.421803 50.810398
v 201.668503 -34.482460 51.212093
v 203.366364 -29.626690 -45.106071
v 206.208252 -29.687347 -45.507763
v 202.207047 -30.859779 -45.554337
v 199.365173 -30.799124 -45.152657
v 201.668503 -34.482464 -50.463795
v 198.826614 -34.421810 -50.062107
v 209.636414 -30.496515 -44.342270
v 209.636414 -29.883026 -44.541607
v 209.636414 -29.883022 -39.358894
v 209.636414 -30.496513 -39.558231
v 209.636414 -30.496523 40.296932
v 209.636414 -29.883032 40.097595
v 209.636414 -29.883028 45.280308
v 209.636414 -33.308514 36.426559
v 209.636414 -29.883028 45.280308
v 209.636414 -30.496519 45.080971
v 209.636414 -30.496523 40.296932
v 209.636414 -32.929348 49.473213
v 209.636414 -33.308506 48.951344
v 209.636414 -37.858398 51.074757
v 211.571594 -30.496515 -44.342270
v 209.636414 -30.496515 -44.342270
v 209.636414 -30.496513 -39.558231
v 211.571594 -33.308506 -48.212639
v 209.636414 -33.308506 -48.212639
v 211.571594 -37.858398 -49.690987
v 209.636414 -37.858398 -49.690987
v 211.571594 -42.408291 -48.212631
v 209.636414 -42.408291 -48.212631
v 211.571594 -45.220276 -44.342266
v 209.636414 -45.220276 -44.342266
v 209.636414 -30.496519 45.080971
v 211.571594 -30.496519 45.080971
v 211.571594 -30.496521 40.296932
v 209.636414 -33.308506 48.951344
v 211.571594 -33.308506 48.951344
v 209.636414 -37.858398 50.429699
v 211.571594 -37.858398 50.429699
v 209.636414 -42.408287 48.951351
v 211.571594 -42.408287 48.951351
v 209.636414 -45.220284 45.080978
v 211.571594 -45.220284 45.080978
v 211.571594 -30.496521 40.296932
v 209.636414 -30.496523 40.296932
v 209.636414 -30.496519 45.080971
v 211.571594 -33.308514 36.426559
v 209.636414 -33.308514 36.426559
v 211.571594 -37.858406 34.948212
v 209.636414 -37.858406 34.948212
v 211.571594 -42.408298 36.426567
v 209.636414 -42.408298 36.426567
v 211.571594 -45.220284 40.296932
v 209.636414 -45.220284 40.296932
v 211.571594 -31.110012 40.496265
v 211.571594 -30.496521 40.296932
v 211.571594 -30.496519 45.080971
v 211.571594 -31.110008 44.881634
v 209.636414 -30.496513 -39.558231
v 209.636414 -29.883022 -39.358894
v 209.636414 -32.929344 -35.165993
v 209.636414 -33.308498 -35.687859
v 278.675232 -30.366045 -7.925265
v 278.675232 -29.818192 -7.171207
v 278.675232 -33.204109 -2.510879
v 278.675232 -34.090557 -2.798903
v 209.636414 -29.883026 -44.541607
v 209.636414 -30.496515 -44.342270
v 209.636414 -33.308506 -48.212639
v 209.636414 -32.929348 -48.734505
v 209.636414 -37.858398 -49.690987
v 217.054611 -31.723495 -43.943600
v 217.054611 -31.110006 -44.142933
v 217.054611 -31.110003 -39.757565
v 217.054611 -31.723494 -39.956898
v 217.054611 -31.723503 40.695599
v 217.054611 -31.110012 40.496265
v 217.054611 -31.110008 44.881634
v 217.054611 -31.723499 44.682301
v 278.675232 -29.818174 7.909931
v 278.675232 -30.366028 8.663988
v 278.675232 -34.090553 3.537628
v 278.675232 -33.204105 3.249605
v 211.571594 -30.496513 -39.558231
v 209.636414 -30.496513 -39.558231
v 209.636414 -33.308498 -35.687859
v 211.571594 -33.308498 -35.687859
v 209.636414 -37.858391 -34.209507
v 211.571594 -37.858391 -34.209507
v 209.636414 -42.408283 -35.687855
v 211.571594 -42.408283 -35.687855
v 209.636414 -45.220276 -39.558224
v 211.571594 -45.220276 -39.558224
v 203.366364 -29.626690 -45.106071
v 199.365173 -30.799124 -45.152657
v 198.826614 -34.421810 -50.062107
v 196.706131 -31.732540 -69.143486
v 206.208252 -29.687347 -45.507763
v 199.547958 -31.793198 -69.545158
v 207.633179 -28.991680 -44.413311
v 201.460526 -31.279049 -44.498158
v 202.207047 -30.859779 -45.554337
v 187.041275 -47.406364 -73.734100
v 186.554855 -31.838644 -83.503723
v 189.396729 -31.928326 -83.908112
v 200.422928 -30.957142 -69.927269
v 187.001846 -50.701248 -38.831791
v 189.883163 -47.496044 -74.138702
v 196.946976 -38.930847 -29.497240
v 189.843719 -50.778034 -39.198986
v 189.116226 -48.887779 -74.494148
v 189.116226 -31.279667 -86.027496
v 199.788818 -39.007637 -29.898922
v 189.116226 -52.083622 -42.539337
v 151.041550 -49.382805 -51.563755
v 151.041550 -46.275787 -89.584969
v 151.041550 -32.689575 -103.501678
v 201.668503 -34.482464 -50.463795
v 200.422928 -37.714947 -27.528254
v 189.116226 -51.943878 0.384031
v 151.041550 -53.143536 0.384031
v 101.660156 -54.699451 0.384031
v 101.660156 -50.476257 -55.058762
v 101.660156 -46.700253 -95.638504
v 200.422928 -39.801273 0.384029
v 201.460526 -36.648602 -25.532885
v 201.460526 -38.613998 0.384029
v 211.871750 -28.991676 0.384027
v 200.422928 -32.578922 -47.954227
v 201.668503 -34.482464 -50.463795
v 200.422928 -37.714947 -27.528254
v 9.070057 -56.825394 0.384031
v 9.070057 -52.335449 -52.951530
v 9.070042 -47.732193 -91.988701
v 101.660156 -30.939083 -110.491722
v 9.070030 -30.975477 -106.277275
v -63.550014 -45.062435 -83.408463
v -63.550014 -48.447121 -47.997749
v -125.253189 -44.132130 -73.828377
v -125.253189 -46.819813 -42.466682
v -173.618942 -41.598301 -65.284241
v -173.618942 -45.597042 -37.533726
v -220.437531 -38.562687 -49.203400
v -220.437531 -30.954689 -56.873085
v -173.618942 -30.954689 -75.441628
v -63.550014 -52.263367 0.384031
v -125.253174 -50.350693 0.384031
v -173.618942 -48.448982 0.384031
v -220.437531 -44.132130 -28.249462
v -220.437531 -46.170681 0.384030
v 211.571594 -31.110003 -39.757565
v 211.571594 -30.496513 -39.558231
v 211.571594 -33.308498 -35.687859
v 211.571594 -31.110004 -44.142933
v 211.571594 -30.496515 -44.342270
v 211.571594 -33.687664 -47.690777
v 217.054611 -31.723494 -39.956898
v 211.571594 -31.723494 -39.956898
v 211.571594 -31.723495 -43.943600
v 217.054611 -31.723495 -43.943600
v 211.571594 -30.496521 40.296932
v 211.571594 -31.110012 40.496265
v 211.571594 -33.687668 36.948425
v 211.571594 -33.308514 36.426559
v 211.571594 -37.858406 35.593277
v 211.571594 -37.858406 34.948212
v 211.571594 -42.029144 36.948433
v 217.054611 -31.110003 -39.757565
v 211.571594 -31.110003 -39.757565
v 211.571594 -33.687656 -36.209724
v 217.054611 -33.687660 -36.209724
v 211.571594 -37.858391 -34.854568
v 217.054611 -37.858391 -34.854568
v 211.571594 -42.029125 -36.209721
v 217.054611 -42.029121 -36.209721
v 211.571594 -44.606785 -39.757553
v 217.054611 -44.606785 -39.757553
v 211.571594 -44.606789 -44.142925
v 211.571594 -31.110004 -44.142933
v 217.054611 -31.110006 -44.142933
v 217.054611 -33.687668 -47.690777
v 211.571594 -33.687664 -47.690777
v 217.054611 -37.858402 -49.045925
v 211.571594 -37.858398 -49.045925
v 217.054611 -42.029137 -47.690765
v 211.571594 -42.029133 -47.690765
v 217.054611 -44.606789 -44.142925
v 211.571594 -44.606789 -44.142925
v 217.054611 -31.110008 44.881634
v 211.571594 -31.110008 44.881634
v 211.571594 -33.687664 48.429478
v 217.054611 -33.687664 48.429478
v 211.571594 -37.858398 49.784634
v 217.054611 -37.858398 49.784634
v 211.571594 -42.029133 48.429482
v 217.054611 -42.029133 48.429482
v 211.571594 -44.606792 44.881649
v 217.054611 -44.606789 44.881649
v 211.571594 -31.110012 40.496265
v 217.054611 -31.110012 40.496265
v 217.054611 -33.687672 36.948425
v 211.571594 -33.687668 36.948425
v 217.054611 -37.858410 35.593277
v 211.571594 -37.858406 35.593277
v 217.054611 -42.029144 36.948433
v 211.571594 -42.029144 36.948433
v 217.054611 -44.606796 40.496277
v 211.571594 -44.606796 40.496277
v 200.610138 -32.447159 58.827435
v 200.610138 -31.801445 58.617630
v 200.610138 -31.801441 63.233330
v 200.610138 -32.447155 63.023533
v 200.610138 -32.447159 -57.516788
v 200.610138 -31.801441 -61.922688
v 200.610138 -31.801445 -57.306988
v 200.610138 -32.447155 -61.712891
v 209.636414 -33.308514 36.426559
v 209.636414 -32.929356 35.904697
v 209.636414 -29.883032 40.097595
v 209.636414 -37.858406 34.948212
v 217.054611 -31.723494 -39.956898
v 217.054611 -31.110003 -39.757565
v 217.054611 -33.687660 -36.209724
v 217.054611 -34.066814 -36.731594
v 217.054611 -31.723499 44.682301
v 217.054611 -31.110008 44.881634
v 217.054611 -33.687664 48.429478
v 217.054611 -34.066822 47.907608
v 217.054611 -31.110006 -44.142933
v 217.054611 -31.723495 -43.943600
v 217.054611 -34.066822 -47.168907
v 217.054611 -33.687668 -47.690777
v 217.054611 -31.110012 40.496265
v 217.054611 -31.723503 40.695599
v 217.054611 -34.066830 37.470291
v 217.054611 -33.687672 36.948425
v 200.610138 -32.447155 63.023533
v 196.937744 -32.447155 63.023533
v 196.937744 -32.447159 58.827435
v 200.610138 -32.447159 58.827435
v 196.937744 -34.913563 55.432724
v 200.610138 -34.913567 55.432724
v 196.937744 -38.904285 54.136066
v 200.610138 -38.904289 54.136066
v 196.937744 -42.895008 55.432735
v 200.610138 -42.895012 55.432735
v 196.937744 -45.361412 58.827446
v 200.610138 -45.361412 58.827446
v 200.610138 -32.447155 -61.712891
v 196.937744 -32.447159 -57.516788
v 196.937744 -32.447155 -61.712891
v 200.610138 -32.447159 -57.516788
v 196.937744 -34.913563 -54.122082
v 200.610138 -34.913567 -54.122082
v 196.937744 -38.904285 -52.825424
v 200.610138 -38.904289 -52.825424
v 196.937744 -42.895008 -54.122093
v 200.610138 -42.895012 -54.122093
v 196.937744 -45.361412 -57.516804
v 200.610138 -45.361412 -57.516804
v 196.937744 -45.361408 -61.712902
v 211.571594 -31.723494 -39.956898
v 217.054611 -31.723494 -39.956898
v 217.054611 -34.066814 -36.731594
v 211.571594 -34.066814 -36.731590
v 217.054611 -37.858391 -35.499626
v 211.571594 -37.858391 -35.499626
v 217.054611 -41.649963 -36.731583
v 211.571594 -41.649963 -36.731583
v 217.054611 -43.993294 -39.956886
v 211.571594 -43.993294 -39.956886
v 217.054611 -31.723495 -43.943600
v 211.571594 -31.723495 -43.943600
v 211.571594 -34.066822 -47.168907
v 217.054611 -34.066822 -47.168907
v 211.571594 -37.858398 -48.400860
v 217.054611 -37.858402 -48.400860
v 211.571594 -41.649975 -47.168900
v 217.054611 -41.649975 -47.168900
v 211.571594 -43.993301 -43.943592
v 217.054611 -43.993298 -43.943584
v 211.571594 -31.723499 44.682301
v 217.054611 -31.723499 44.682301
v 217.054611 -34.066822 47.907608
v 211.571594 -34.066822 47.907616
v 217.054611 -37.858398 49.139572
v 211.571594 -37.858398 49.139572
v 217.054611 -41.649971 47.907616
v 211.571594 -41.649975 47.907616
v 217.054611 -43.993301 44.682316
v 211.571594 -43.993301 44.682316
v 217.054611 -43.993305 40.695614
v 211.571594 -43.993305 40.695610
v 217.054611 -31.723503 40.695599
v 211.571594 -31.723503 40.695599
v 211.571594 -34.066830 37.470291
v 217.054611 -34.066830 37.470291
v 211.571594 -37.858406 36.238338
v 217.054611 -37.858410 36.238338
v 211.571594 -41.649982 37.470299
v 217.054611 -41.649986 37.470299
v 211.571594 -43.993305 40.695610
v 217.054611 -43.993305 40.695614
v 222.753220 -32.671097 -12.904660
v 226.279816 -32.671097 -12.904660
v 226.279816 -32.671104 -21.622980
v 222.753220 -37.795589 -5.851393
v 226.279861 -37.795589 -5.851393
v 222.753174 -46.087200 -3.157280
v 226.279816 -46.087200 -3.157280
v 222.753174 -54.378807 -5.851380
v 226.279816 -54.378807 -5.851380
v 222.753174 -59.503307 -12.904644
v 226.279816 -59.503307 -12.904644
v 211.571594 -33.308506 48.951344
v 211.571594 -33.687664 48.429478
v 211.571594 -31.110008 44.881634
v 211.571594 -37.858398 50.429699
v 200.610138 -32.447155 -61.712891
v 200.610138 -34.514481 -65.656876
v 200.610138 -31.801441 -61.922688
v 200.610138 -34.913555 -65.107605
v 200.610138 -32.447155 63.023533
v 200.610138 -31.801441 63.233330
v 200.610138 -34.514481 66.967514
v 200.610138 -34.913555 66.418251
v 226.279816 -33.789112 -21.259716
v 226.279816 -32.671104 -21.622980
v 226.279816 -32.671097 -12.904660
v 226.279861 -38.486572 -27.725210
v 226.279861 -37.795605 -28.676245
v 200.610138 -31.801445 58.617630
v 200.610138 -32.447159 58.827435
v 200.610138 -34.913567 55.432724
v 200.610138 -34.514492 54.883450
v 200.610138 -31.801445 -57.306988
v 200.610138 -34.913567 -54.122082
v 200.610138 -32.447159 -57.516788
v 200.610138 -34.514492 -53.572807
v 271.928253 -33.204105 3.249603
v 278.675232 -33.204105 3.249605
v 278.675232 -33.204109 -2.510879
v 271.928253 -33.204109 -2.510881
v 196.937744 -32.447155 -61.712891
v 200.610138 -34.913555 -65.107605
v 200.610138 -32.447155 -61.712891
v 196.937744 -34.913555 -65.107605
v 200.610138 -38.904278 -66.404274
v 196.937744 -38.904278 -66.404274
v 200.610138 -42.895000 -65.107613
v 196.937744 -42.895000 -65.107605
v 200.610138 -45.361408 -61.712902
v 196.937744 -45.361408 -61.712902
v 196.937744 -32.447155 63.023533
v 200.610138 -32.447155 63.023533
v 200.610138 -34.913555 66.418251
v 196.937744 -34.913555 66.418251
v 200.610138 -38.904278 67.714912
v 196.937744 -38.904278 67.714912
v 200.610138 -42.895000 66.418259
v 196.937744 -42.895000 66.418251
v 200.610138 -45.361408 63.023548
v 196.937744 -45.361408 63.023548
v 200.610138 -45.361412 58.827446
v 271.928253 -34.090557 -2.798904
v 271.928253 -34.977005 -3.086929
v 271.928253 -30.913897 -8.679323
v 271.928253 -34.090553 3.537628
v 226.279816 -32.671097 -12.904660
v 226.279816 -33.789104 -13.267926
v 226.279816 -33.789112 -21.259716
v 226.279861 -37.795589 -5.851393
v 226.279861 -38.486557 -6.802428
v 226.279816 -32.671097 22.361670
v 226.279816 -33.789108 21.998405
v 226.279816 -33.789116 14.006618
v 226.279816 -32.671104 13.643353
v 226.279861 -38.486572 7.541124
v 278.675232 -34.090557 -2.798903
v 278.675232 -33.204109 -2.510879
v 278.675232 -33.204105 3.249605
v 278.675232 -34.090553 3.537628
v 222.753220 -32.671097 -12.904660
v 222.753220 -31.553087 -12.541397
v 222.753220 -37.104622 -4.900356
v 222.753220 -37.795589 -5.851393
v 222.753174 -46.087200 -1.981736
v 236.271957 -33.789112 -21.259716
v 226.279816 -33.789112 -21.259716
v 226.279816 -33.789104 -13.267926
v 236.271957 -38.486576 -27.725210
v 226.279861 -38.486572 -27.725210
v 236.271957 -46.087219 -30.194798
v 226.279816 -46.087215 -30.194798
v 236.271957 -53.687866 -27.725195
v 226.279816 -53.687859 -27.725195
v 236.271957 -58.385307 -21.259701
v 226.279816 -58.385307 -21.259701
v 236.271957 -58.385300 -13.267907
v 226.279816 -33.789108 21.998405
v 236.271957 -33.789108 21.998404
v 236.271957 -33.789116 14.006616
v 226.279816 -33.789116 14.006618
v 222.753220 -31.553095 13.280091
v 222.753220 -32.671104 13.643354
v 222.753220 -37.795609 6.590090
v 222.753220 -31.553091 22.724936
v 222.753220 -32.671097 22.361670
v 222.753220 -37.104626 30.365974
v 222.753220 -37.795593 29.414940
v 236.271957 -34.907120 -20.896456
v 236.271957 -33.789112 -21.259716
v 236.271957 -33.789104 -13.267926
v 236.271957 -34.907116 -13.631188
v 236.271957 -34.907124 14.369879
v 236.271957 -33.789116 14.006616
v 236.271957 -33.789108 21.998404
v 236.271957 -34.907120 21.635141
v 226.279816 -32.671097 22.361670
v 222.753220 -32.671097 22.361670
v 222.753220 -37.795593 29.414940
v 226.279861 -37.795593 29.414940
v 222.753174 -46.087204 32.109051
v 226.279816 -46.087204 32.109051
v 222.753174 -54.378811 29.414951
v 226.279816 -54.378811 29.414955
v 222.753174 -59.503315 22.361685
v 226.279816 -59.503315 22.361685
v 222.753220 -32.671104 -21.622978
v 226.279816 -32.671104 -21.622980
v 226.279861 -37.795605 -28.676245
v 222.753220 -37.795605 -28.676245
v 226.279816 -46.087215 -31.370344
v 222.753174 -46.087219 -31.370344
v 226.279816 -54.378826 -28.676231
v 222.753174 -54.378826 -28.676231
v 226.279816 -59.503315 -21.622965
v 222.753174 -59.503315 -21.622967
v 222.753220 -32.671104 13.643354
v 226.279816 -32.671104 13.643353
v 226.279861 -37.795609 6.590088
v 222.753220 -37.795609 6.590090
v 226.279816 -46.087219 3.895987
v 222.753174 -46.087219 3.895987
v 226.279816 -54.378830 6.590099
v 222.753174 -54.378830 6.590099
v 226.279816 -59.503319 13.643367
v 222.753174 -59.503319 13.643367
v 209.636414 -33.308498 -35.687859
v 209.636414 -32.929344 -35.165993
v 209.636414 -37.858391 -33.564445
v 209.636414 -37.858391 -34.209507
v 236.271957 -34.907116 -13.631188
v 226.279816 -34.907116 -13.631187
v 226.279816 -34.907120 -20.896452
v 236.271957 -34.907120 -20.896456
v 211.571594 -33.687656 -36.209724
v 211.571594 -33.308498 -35.687859
v 211.571594 -37.858391 -34.209507
v 211.571594 -37.858391 -34.854568
v 271.928253 -34.977001 3.825652
v 266.193176 -34.977001 3.825651
v 266.193176 -34.977005 -3.086930
v 271.928253 -34.977005 -3.086929
v 217.054611 -34.066814 -36.731594
v 217.054611 -33.687660 -36.209724
v 217.054611 -37.858391 -34.854568
v 217.054611 -37.858391 -35.499626
v 217.054611 -34.066822 47.907608
v 217.054611 -33.687664 48.429478
v 217.054611 -37.858398 49.784634
v 217.054611 -37.858398 49.139572
v 217.054611 -33.687668 -47.690777
v 217.054611 -34.066822 -47.168907
v 217.054611 -37.858402 -48.400860
v 217.054611 -37.858402 -49.045925
v 217.054611 -33.687672 36.948425
v 217.054611 -34.066830 37.470291
v 217.054611 -37.858410 36.238338
v 217.054611 -37.858410 35.593277
v 236.271957 -33.789104 -13.267926
v 226.279816 -33.789104 -13.267926
v 226.279861 -38.486557 -6.802428
v 236.271957 -38.486557 -6.802430
v 226.279816 -46.087200 -4.332825
v 236.271957 -46.087200 -4.332825
v 226.279816 -53.687843 -6.802415
v 236.271957 -53.687840 -6.802415
v 226.279816 -58.385300 -13.267909
v 236.271957 -58.385300 -13.267907
v 236.271957 -33.789108 21.998404
v 226.279816 -33.789108 21.998405
v 226.279861 -38.486561 28.463902
v 236.271957 -38.486561 28.463902
v 226.279816 -46.087204 30.933508
v 236.271957 -46.087200 30.933508
v 226.279816 -53.687843 28.463917
v 236.271957 -53.687843 28.463917
v 226.279816 -58.385307 21.998423
v 236.271957 -58.385300 21.998425
v 226.279816 -33.789116 14.006618
v 236.271957 -33.789116 14.006616
v 236.271957 -38.486576 7.541124
v 226.279861 -38.486572 7.541124
v 236.271957 -46.087219 5.071532
v 226.279816 -46.087219 5.071532
v 236.271957 -53.687866 7.541138
v 226.279816 -53.687862 7.541136
v 236.271957 -58.385307 14.006631
v 226.279816 -58.385307 14.006631
v 236.271957 -34.907116 -13.631188
v 236.271957 -33.789104 -13.267926
v 236.271957 -38.486557 -6.802430
v 236.271957 -39.177525 -7.753464
v 236.271957 -34.907120 21.635141
v 236.271957 -33.789108 21.998404
v 236.271957 -38.486561 28.463902
v 236.271957 -39.177528 27.512867
v 236.271957 -33.789112 -21.259716
v 236.271957 -34.907120 -20.896456
v 236.271957 -39.177544 -26.774170
v 236.271957 -38.486576 -27.725210
v 236.271957 -33.789116 14.006616
v 236.271957 -34.907124 14.369879
v 236.271957 -39.177544 8.492159
v 236.271957 -38.486576 7.541124
v 200.610138 -34.913555 66.418251
v 200.610138 -34.514481 66.967514
v 200.610138 -38.904278 68.393852
v 200.610138 -38.904278 67.714912
v 200.610138 -34.913555 -65.107605
v 200.610138 -38.904278 -67.083214
v 200.610138 -34.514481 -65.656876
v 200.610138 -38.904278 -66.404274
v 200.610138 -34.514492 54.883450
v 200.610138 -34.913567 55.432724
v 200.610138 -38.904289 54.136066
v 200.610138 -38.904289 53.457119
v 200.610138 -34.514492 -53.572807
v 200.610138 -38.904289 -52.825424
v 200.610138 -34.913567 -54.122082
v 200.610138 -38.904289 -52.146477
v 209.636414 -37.858398 -49.690987
v 209.636414 -37.858398 -50.336048
v 209.636414 -32.929348 -48.734505
v 209.636414 -42.408291 -48.212631
v 226.279861 -38.486572 7.541124
v 226.279861 -37.795609 6.590088
v 226.279816 -32.671104 13.643353
v 226.279816 -46.087219 5.071532
v 226.279816 -34.907116 -13.631187
v 236.271957 -34.907116 -13.631188
v 236.271957 -39.177525 -7.753464
v 226.279861 -39.177525 -7.753464
v 236.271957 -46.087196 -5.508369
v 226.279816 -46.087200 -5.508369
v 236.271957 -52.996876 -7.753450
v 226.279816 -52.996872 -7.753452
v 236.271957 -57.267296 -13.631170
v 226.279816 -57.267292 -13.631171
v 226.279816 -34.907120 21.635141
v 236.271957 -34.907120 21.635141
v 236.271957 -39.177528 27.512867
v 226.279861 -39.177528 27.512867
v 236.271957 -46.087200 29.757961
v 226.279816 -46.087204 29.757961
v 236.271957 -52.996876 27.512882
v 226.279816 -52.996872 27.512878
v 236.271957 -57.267303 21.635162
v 226.279816 -57.267292 21.635160
v 236.271957 -34.907120 -20.896456
v 226.279816 -34.907120 -20.896452
v 226.279861 -39.177540 -26.774170
v 236.271957 -39.177544 -26.774170
v 226.279816 -46.087219 -29.019257
v 236.271957 -46.087219 -29.019257
v 226.279816 -52.996895 -26.774160
v 236.271957 -52.996895 -26.774153
v 226.279816 -57.267300 -20.896437
v 236.271957 -57.267303 -20.896435
v 236.271957 -34.907124 14.369879
v 226.279816 -34.907124 14.369880
v 226.279861 -39.177544 8.492159
v 236.271957 -39.177544 8.492159
v 226.279816 -46.087219 6.247077
v 236.271957 -46.087227 6.247077
v 226.279816 -52.996895 8.492172
v 236.271957 -52.996902 8.492174
v 226.279816 -57.267300 14.369894
v 236.271957 -57.267307 14.369896
v 226.279861 -37.795593 29.414940
v 226.279861 -38.486561 28.463902
v 226.279816 -33.789108 21.998405
v 226.279816 -46.087204 32.109051
v 226.279816 -46.087204 30.933508
v 186.554855 -31.838640 84.252022
v 189.396729 -31.928322 84.656410
v 189.883163 -47.496033 74.887001
v 187.041275 -47.406349 74.482399
v 189.843719 -50.778030 39.947300
v 187.001846 -50.701244 39.580101
v 199.788818 -39.007637 30.647236
v 196.946976 -38.930840 30.245546
v 217.054611 -37.858402 -49.045925
v 217.054611 -37.858402 -48.400860
v 217.054611 -41.649975 -47.168900
v 217.054611 -42.029137 -47.690765
v 217.054611 -37.858410 35.593277
v 217.054611 -37.858410 36.238338
v 217.054611 -41.649986 37.470299
v 217.054611 -42.029144 36.948433
v 217.054611 -37.858391 -35.499626
v 217.054611 -37.858391 -34.854568
v 217.054611 -42.029121 -36.209721
v 217.054611 -41.649963 -36.731583
v 217.054611 -37.858398 49.139572
v 217.054611 -37.858398 49.784634
v 217.054611 -42.029133 48.429482
v 217.054611 -41.649971 47.907616
v 211.571594 -37.858398 -49.690987
v 211.571594 -37.858398 -49.045925
v 211.571594 -42.029133 -47.690765
v 211.571594 -42.408291 -48.212631
v 211.571594 -37.858398 49.784634
v 211.571594 -37.858398 50.429699
v 211.571594 -42.408287 48.951351
v 211.571594 -42.029133 48.429482
v 200.610138 -38.904289 53.457119
v 200.610138 -38.904289 54.136066
v 200.610138 -42.895012 55.432735
v 200.610138 -43.294086 54.883461
v 200.610138 -38.904289 -52.146477
v 200.610138 -42.895012 -54.122093
v 200.610138 -38.904289 -52.825424
v 200.610138 -43.294086 -53.572819
v 222.753220 -37.104637 -29.627279
v 222.753220 -37.795605 -28.676245
v 222.753174 -46.087219 -31.370344
v 222.753174 -46.087215 -32.545891
v 222.753174 -54.378826 -28.676231
v 222.753220 -37.104641 5.639055
v 222.753220 -37.795609 6.590090
v 222.753174 -46.087219 3.895987
v 222.753174 -46.087219 2.720443
v 222.753174 -54.378830 6.590099
v 200.610138 -38.904278 67.714912
v 200.610138 -38.904278 68.393852
v 200.610138 -43.294075 66.967529
v 200.610138 -42.895000 66.418259
v 200.610138 -38.904278 -66.404274
v 200.610138 -43.294075 -65.656883
v 200.610138 -38.904278 -67.083214
v 200.610138 -42.895000 -65.107613
v -77.598389 -47.393288 52.168983
v -77.598389 -34.836109 52.168991
v -119.413544 -39.597786 49.514465
v -119.413544 -46.280151 49.514465
v -147.642914 -47.897888 42.192657
v -147.642914 -41.557178 42.192657
v -154.008774 -42.936935 39.203506
v -154.008789 -46.518143 39.203506
v -162.270203 -44.727535 30.933504
v -153.960388 -50.897324 35.917843
v 211.571594 -42.408283 -35.687855
v 211.571594 -42.029125 -36.209721
v 211.571594 -37.858391 -34.854568
v 211.571594 -45.220276 -39.558224
v 211.571594 -42.029144 36.948433
v 211.571594 -42.408298 36.426567
v 211.571594 -37.858406 34.948212
v 211.571594 -44.606796 40.496277
v 211.571594 -45.220284 40.296932
v 211.571594 -44.606792 44.881649
v 211.571594 -45.220284 45.080978
v 211.571594 -42.029133 48.429482
v 211.571594 -42.408287 48.951351
v 226.279861 -38.486557 -6.802428
v 226.279861 -37.795589 -5.851393
v 226.279816 -46.087200 -3.157280
v 226.279816 -46.087200 -4.332825
v 226.279816 -54.378807 -5.851380
v 209.636414 -42.787441 -35.165985
v 209.636414 -42.408283 -35.687855
v 209.636414 -37.858391 -34.209507
v 209.636414 -45.833763 -39.358891
v 236.271957 -39.177525 -7.753464
v 236.271957 -38.486557 -6.802430
v 236.271957 -46.087200 -4.332825
v 236.271957 -46.087196 -5.508369
v 236.271957 -39.177528 27.512867
v 236.271957 -38.486561 28.463902
v 236.271957 -46.087200 30.933508
v 236.271957 -46.087200 29.757961
v 236.271957 -38.486576 -27.725210
v 236.271957 -39.177544 -26.774170
v 236.271957 -46.087219 -29.019257
v 236.271957 -46.087219 -30.194798
v 236.271957 -38.486576 7.541124
v 236.271957 -39.177544 8.492159
v 236.271957 -46.087227 6.247077
v 236.271957 -46.087219 5.071532
v 217.054611 -42.029137 -47.690765
v 217.054611 -41.649975 -47.168900
v 217.054611 -43.993298 -43.943584
v 217.054611 -44.606789 -44.142925
v 217.054611 -42.029144 36.948433
v 217.054611 -41.649986 37.470299
v 217.054611 -43.993305 40.695614
v 217.054611 -44.606796 40.496277
v 217.054611 -41.649963 -36.731583
v 217.054611 -42.029121 -36.209721
v 217.054611 -44.606785 -39.757553
v 217.054611 -43.993294 -39.956886
v 217.054611 -41.649971 47.907616
v 217.054611 -42.029133 48.429482
v 217.054611 -44.606789 44.881649
v 217.054611 -43.993301 44.682316
v 211.571594 -42.408291 -48.212631
v 211.571594 -42.029133 -47.690765
v 211.571594 -44.606789 -44.142925
v 211.571594 -45.220276 -44.342266
v 211.571594 -44.606785 -39.757553
v 211.571594 -45.220276 -39.558224
v 211.571594 -42.029125 -36.209721
v -219.293060 -40.210197 2.862649
v -243.275391 -40.210197 4.211836
v -243.275391 -49.143883 4.211836
v -219.293060 -47.816647 2.862649
v -206.473679 -46.363945 -0.858726
v -206.473679 -41.662899 -0.858726
v -199.451614 -45.657150 -4.016850
v -199.451614 -43.248165 -4.016850
v -196.061829 -44.013424 -6.880038
v -199.451614 -46.895367 -5.110490
v -199.451614 -47.368320 -6.880039
v -199.451614 -46.895367 -8.649588
v -199.451614 -45.657158 -9.743228
v -199.451614 -43.248169 -9.743228
v -206.473679 -46.363949 -12.901350
v -206.473679 -41.662903 -12.901350
v -206.473679 -50.167168 -3.158663
v -206.473679 -51.619873 -6.880039
v -206.473679 -50.167175 -10.601414
v -219.293060 -53.970398 -0.858726
v -219.293060 -56.320915 -6.880039
v -219.293060 -53.970398 -12.901350
v -243.275391 -55.297638 -13.735195
v -243.275391 -57.648151 -6.880039
v -267.257690 -53.970402 -12.901352
v -243.275391 -55.297630 -0.024883
v -267.257690 -56.320923 -6.880039
v -283.448120 -51.619877 -6.880039
v -283.448120 -50.167175 -10.601414
v -287.099182 -48.159168 -9.712118
v -287.099182 -46.011124 -11.382087
v -283.448120 -46.363953 -12.901350
v -267.257690 -53.970398 -0.858727
v -283.448120 -50.167175 -3.158664
v -287.099182 -48.979645 -7.010053
v -291.837311 -44.013432 -7.178780
v -287.099182 -42.685867 -11.382085
v -283.448120 -41.662907 -12.901350
v -267.257690 -40.210205 -16.622726
v -267.257690 -47.816654 -16.622726
v -243.275391 -49.143890 -17.971912
v -287.099182 -48.159168 -4.307988
v -287.099182 -46.011124 -2.638019
v -287.099182 -42.685863 -2.638020
v -283.448120 -41.662907 -0.858728
v -283.448120 -46.363945 -0.858727
v -267.257690 -47.816650 2.862649
v -267.257690 -40.210201 2.862649
v -243.275391 -40.210205 -17.971914
v -243.275391 -40.210197 4.211836
v -243.275391 -49.143883 4.211836
v -219.293060 -47.816654 -16.622726
v -219.293060 -40.210205 -16.622726
v -243.275391 -40.210205 -17.971914
v -243.275391 -49.143890 -17.971912
v 226.279816 -46.087215 -30.194798
v 226.279816 -46.087215 -31.370344
v 226.279861 -37.795605 -28.676245
v 226.279816 -53.687859 -27.725195
v 209.636414 -42.408287 48.951351
v 209.636414 -42.787445 49.473217
v 209.636414 -45.833771 45.280315
v 209.636414 -45.220284 45.080978
v 209.636414 -45.833771 40.097599
v -77.598389 -52.154964 8.522477
v -77.598389 -39.597786 8.522481
v -35.783222 -39.597782 11.177006
v -35.783222 -49.857277 11.177001
v -13.431561 -47.897888 18.498804
v -13.431561 -41.557175 18.498810
v -1.188000 -45.759701 24.712414
v -1.188000 -48.699818 26.864149
v -13.431561 -53.027637 23.023928
v -1.188000 -49.337730 30.345734
v -13.431568 -54.987030 30.345734
v -35.783222 -58.157383 18.498802
v -1.188000 -43.695358 24.712414
v 4.722363 -44.727531 30.345734
v -1.188000 -48.699814 33.827316
v -13.431561 -53.027637 37.667538
v -1.188000 -45.759701 35.979057
v -13.431561 -47.897888 42.192657
v -35.783222 -56.065838 42.192657
v -35.783222 -49.185528 49.514465
v -1.188000 -43.695362 35.979057
v -13.431561 -41.557171 42.192657
v -35.783222 -38.926029 49.514465
v -77.598389 -34.836109 52.168991
v -77.598389 -47.393288 52.168983
v -35.783222 -61.327736 30.345730
v -77.598389 -62.992222 30.345730
v -77.598389 -59.821861 16.858217
v -119.413544 -61.327744 30.345730
v -119.413544 -58.157383 18.498802
v -147.642914 -53.027634 23.023928
v -147.642914 -54.987030 30.345734
v -77.598389 -57.730316 43.833244
v -119.413544 -56.065838 42.192657
v -147.642914 -53.027641 37.667538
v -35.783222 -56.065838 42.192657
v 200.610138 -43.294086 54.883461
v 200.610138 -42.895012 55.432735
v 200.610138 -45.361412 58.827446
v 200.610138 -46.007126 58.617638
v 200.610138 -43.294086 -53.572819
v 200.610138 -45.361412 -57.516804
v 200.610138 -42.895012 -54.122093
v 200.610138 -46.007126 -57.306995
v 211.571594 -43.993294 -39.956886
v 217.054611 -43.993294 -39.956886
v 217.054611 -43.993298 -43.943584
v 211.571594 -43.993301 -43.943592
v 200.610138 -42.895000 -65.107613
v 200.610138 -46.007118 -61.922707
v 200.610138 -43.294075 -65.656883
v 200.610138 -45.361408 -61.712902
v 200.610138 -42.895000 66.418259
v 200.610138 -43.294075 66.967529
v 200.610138 -46.007118 63.233349
v 200.610138 -45.361408 63.023548
v -246.551575 -44.077423 -7.984406
v -246.551575 -44.077419 -6.162210
v -237.440582 -44.077419 -6.162209
v -237.440582 -44.077423 -7.984406
v 217.054611 -44.606789 -44.142925
v 217.054611 -43.993298 -43.943584
v 217.054611 -43.993294 -39.956886
v 217.054611 -44.606785 -39.757553
v 217.054611 -44.606796 40.496277
v 217.054611 -43.993305 40.695614
v 217.054611 -43.993301 44.682316
v 217.054611 -44.606789 44.881649
v 217.054611 -44.606789 44.881649
v 211.571594 -44.606792 44.881649
v 211.571594 -44.606796 40.496277
v 217.054611 -44.606796 40.496277
v 209.636414 -45.220284 40.296932
v 209.636414 -45.833771 40.097599
v 209.636414 -42.787457 35.904701
v 209.636414 -45.220284 45.080978
v 209.636414 -45.220284 40.296932
v 211.571594 -45.220284 40.296932
v 211.571594 -45.220284 45.080978
v 209.636414 -45.220284 45.080978
v 209.636414 -45.833763 -44.541599
v 209.636414 -45.220276 -44.342266
v 209.636414 -45.220276 -39.558224
v 209.636414 -45.833763 -39.358891
v 200.610138 -46.007126 -57.306995
v 200.610138 -45.361408 -61.712902
v 200.610138 -45.361412 -57.516804
v 200.610138 -46.007118 -61.922707
v 200.610138 -46.007126 58.617638
v 200.610138 -45.361412 58.827446
v 200.610138 -45.361408 63.023548
v 200.610138 -46.007118 63.233349
v -111.246658 -51.175884 -23.237488
v -111.246658 -45.051533 -23.237484
v -132.499588 -45.051537 -24.586672
v -132.499588 -50.266022 -24.586674
v -146.847427 -49.270142 -28.308050
v -146.847427 -46.047413 -28.308046
v -150.082932 -46.748684 -29.827311
v -150.082932 -49.028263 -29.827312
v -146.847427 -51.877380 -30.607983
v -150.082932 -50.500824 -31.497278
v -146.847427 -52.873260 -34.329361
v -132.499588 -54.484627 -28.308050
v -154.281891 -47.658775 -34.030617
v -150.082932 -51.063293 -34.199345
v -146.847427 -51.877380 -38.050735
v -132.499588 -56.095985 -34.329361
v -111.246658 -57.005852 -34.329361
v -111.246658 -55.394493 -27.474203
v -89.993698 -56.095985 -34.329361
v -89.993698 -54.484619 -28.308050
v -150.082932 -50.500824 -36.901409
v -146.847427 -49.270142 -40.350670
v -150.082932 -49.028267 -38.571377
v -146.847427 -46.047413 -40.350666
v -132.499588 -50.266022 -44.072041
v -150.082932 -46.748684 -38.571377
v -132.499588 -45.051537 -44.072041
v -111.246658 -45.051537 -45.421227
v -111.246658 -51.175884 -45.421227
v -78.633270 -51.877377 -30.607983
v -78.633270 -52.873253 -34.329361
v -72.410355 -49.634449 -32.559807
v -72.410355 -48.785610 -31.466169
v -78.633270 -49.270138 -28.308050
v -72.410355 -47.134163 -31.466166
v -78.633270 -46.047409 -28.308046
v -89.993698 -50.266014 -24.586674
v -89.993698 -54.484619 -40.350670
v -78.633270 -51.877377 -38.050735
v -72.410355 -49.958672 -34.329357
v -69.406372 -47.658775 -34.329357
v -111.246658 -55.394493 -41.184513
v -132.499588 -54.484627 -40.350670
v -89.993698 -45.051533 -24.586672
v -111.246658 -45.051533 -23.237484
v -111.246658 -51.175884 -23.237488
v -111.246658 -51.175884 -45.421227
v -111.246658 -45.051537 -45.421227
v -89.993698 -45.051533 -44.072041
v -89.993698 -50.266014 -44.072041
v -78.633270 -49.270138 -40.350670
v -78.633270 -46.047413 -40.350666
v -72.410355 -48.785610 -37.192547
v -72.410355 -49.634445 -36.098904
v -72.410355 -47.134167 -37.192543
v -77.598389 -39.597786 8.522481
v -77.598389 -52.154964 8.522477
v -119.413544 -49.857281 11.177001
v -119.413544 -39.597786 11.177006
v -147.642914 -41.557178 18.498810
v -147.642914 -47.897896 18.498806
v -154.008789 -46.518143 21.999563
v -154.008774 -42.936935 21.999565
v -162.270203 -44.727535 30.933504
v -153.960388 -50.897324 25.285223
v 200.600098 -48.373508 -44.617981
v 200.600098 -47.514164 -49.491562
v 196.494308 -47.514164 -49.491562
v 196.494308 -48.373508 -44.617981
v 200.600098 -51.933365 -41.180279
v 196.494308 -51.933365 -41.180279
v 200.600098 -56.833965 -40.491547
v 196.494308 -56.833965 -40.491547
v 200.600098 -61.203461 -42.814854
v 196.494308 -61.203461 -42.814854
v 200.600098 -63.372849 -47.262779
v 196.494308 -63.372849 -47.262775
v 196.494308 -47.514168 50.230263
v 200.600098 -47.514168 50.230263
v 200.600098 -48.373516 45.356682
v 196.494308 -48.373516 45.356682
v 200.600098 -51.933365 41.918980
v 196.494308 -51.933365 41.918980
v 200.600098 -56.833969 41.230247
v 196.494308 -56.833969 41.230247
v 200.600098 -61.203468 43.553555
v 196.494308 -61.203468 43.553555
v 200.600098 -63.372864 48.001476
v 196.494308 -63.372864 48.001476
v 75.222389 -55.785244 -20.866135
v 75.222397 -43.896301 -20.866131
v 117.037552 -43.896301 -18.211605
v 117.037552 -54.155792 -18.211609
v 139.389206 -52.196404 -10.889807
v 139.389221 -45.855686 -10.889802
v 151.632782 -51.014084 -4.676198
v 151.632782 -52.684170 -2.524462
v 139.389206 -57.326149 -6.364683
v 151.632782 -53.322083 0.957122
v 139.389206 -59.285538 0.957120
v 151.632782 -47.993877 -4.676198
v 157.543137 -49.026047 0.957123
v 75.222389 -55.785244 22.780375
v 75.222397 -43.896301 22.780382
v 33.407246 -43.896301 20.125856
v 33.407246 -54.155800 20.125853
v 5.177864 -52.196411 12.804049
v 5.177864 -45.855694 12.804049
v -1.187996 -47.235443 9.814898
v -1.187996 -52.452530 9.814898
v 5.177864 -57.326149 8.278924
v -1.187996 -55.349789 6.529234
v -9.449429 -49.026051 1.544896
v -1.187996 -56.456448 1.212923
v 196.494308 -49.683556 -53.939484
v 196.494308 -47.514164 -49.491562
v 200.600098 -47.514164 -49.491562
v 200.600098 -49.683556 -53.939484
v 196.494308 -54.053055 -56.262791
v 200.600098 -54.053055 -56.262791
v 196.494308 -58.953651 -55.574059
v 200.600098 -58.953651 -55.574059
v 196.494308 -62.513504 -52.136356
v 200.600098 -62.513500 -52.136368
v 196.494308 -63.372849 -47.262775
v 200.600098 -63.372849 -47.262779
v 200.600098 -47.514168 50.230263
v 196.494308 -47.514168 50.230263
v 196.494308 -49.683559 54.678188
v 200.600098 -49.683567 54.678188
v 196.494308 -54.053066 57.001495
v 200.600098 -54.053066 57.001495
v 196.494308 -58.953667 56.312771
v 200.600098 -58.953667 56.312771
v 196.494308 -62.513512 52.875065
v 200.600098 -62.513512 52.875065
v 196.494308 -63.372864 48.001476
v 200.600098 -63.372864 48.001476
v 200.600098 -47.514164 -49.491562
v 200.600098 -48.373508 -44.617981
v 200.600098 -48.962677 -44.931244
v 200.600098 -52.225876 -41.780018
v 236.271957 -46.087219 -30.194798
v 236.271957 -46.087219 -29.019257
v 236.271957 -52.996895 -26.774153
v 236.271957 -53.687866 -27.725195
v 236.271957 -46.087219 5.071532
v 236.271957 -46.087227 6.247077
v 236.271957 -52.996902 8.492174
v 236.271957 -53.687866 7.541138
v 205.430313 -48.962677 -44.931244
v 205.430313 -48.174942 -49.398697
v 200.600098 -48.174942 -49.398697
v 200.600098 -48.962677 -44.931244
v 205.430313 -52.225876 -41.780018
v 200.600098 -52.225876 -41.780018
v 205.430313 -56.718094 -41.148682
v 200.600098 -56.718094 -41.148682
v 205.430313 -60.723465 -43.278385
v 200.600098 -60.723465 -43.278378
v 205.430313 -62.712074 -47.355644
v 200.600098 -62.712074 -47.355640
v 200.600098 -48.174950 50.137398
v 205.430313 -48.174950 50.137398
v 205.430313 -48.962685 45.669945
v 200.600098 -48.962685 45.669945
v 205.430313 -52.225880 42.518715
v 200.600098 -52.225876 42.518715
v 205.430313 -56.718102 41.887383
v 200.600098 -56.718102 41.887383
v 205.430313 -60.723480 44.017078
v 200.600098 -60.723473 44.017078
v 205.430313 -62.712082 48.094345
v 200.600098 -62.712082 48.094345
v 196.494308 -48.373516 45.356682
v 196.494308 -48.898956 45.636059
v 196.494308 -48.103477 50.147438
v 196.494308 -47.514168 50.230263
v 196.494308 -50.111641 54.264793
v 196.494308 -49.683559 54.678188
v 196.494308 -54.156403 56.415440
v 196.494308 -54.053066 57.001495
v 236.271957 -46.087196 -5.508369
v 236.271957 -46.087200 -4.332825
v 236.271957 -53.687840 -6.802415
v 236.271957 -52.996876 -7.753450
v 236.271957 -46.087200 29.757961
v 236.271957 -46.087200 30.933508
v 236.271957 -53.687843 28.463917
v 236.271957 -52.996876 27.512882
v 116.319153 -46.625877 66.228149
v 116.319153 -51.032017 61.819221
v 127.679581 -48.241055 60.207851
v 127.679581 -45.517910 62.932720
v 116.319153 -41.111771 67.341644
v 95.066193 -46.996922 67.405205
v 95.066193 -41.225147 68.965012
v 73.813263 -46.625877 66.228149
v 133.902481 -45.716949 58.750561
v 133.902481 -44.551388 60.120922
v 127.679581 -42.110008 63.620903
v 116.319153 -36.595898 64.734406
v 95.066193 -41.225147 68.965012
v 95.066193 -35.921307 65.902840
v 73.813263 -41.111774 67.341644
v 133.902481 -46.320934 57.055977
v 136.906494 -43.725182 57.600616
v 133.902481 -43.269451 60.643620
v 127.679581 -39.319042 62.009541
v 127.679581 -49.239288 56.487114
v 133.902481 -46.132637 55.684437
v 133.902481 -44.702450 54.858719
v 127.679581 -48.131321 53.191689
v 127.679581 -45.340355 51.580326
v 116.319153 -50.854465 50.466827
v 116.319153 -46.338585 47.859581
v 95.066193 -47.013184 46.691151
v 116.319153 -52.647194 55.798931
v 95.066193 -52.317024 49.753326
v 73.813263 -46.338589 47.859581
v 73.813263 -50.854462 50.466820
v 59.465420 -48.131321 53.191689
v 59.465427 -45.340355 51.580326
v 56.229919 -45.188046 53.246681
v 95.066193 -53.852081 55.531731
v 73.813263 -52.647194 55.798927
v 59.465420 -49.239288 56.487110
v 56.229919 -47.162220 54.386467
v 52.030968 -43.874550 57.341896
v 56.229919 -47.602509 56.568981
v 56.229919 -46.738586 59.190269
v 56.229919 -44.900440 61.249096
v 56.229919 -42.790184 61.959053
v 56.229919 -40.816010 60.819260
v 59.465420 -48.241055 60.207851
v 59.465420 -45.517910 62.932720
v 59.465424 -42.110008 63.620903
v 59.465424 -39.319046 62.009537
v 73.813263 -51.032021 61.819214
v 73.813263 -41.111774 67.341644
v 73.813263 -36.595901 64.734406
v 133.902481 -41.839260 59.817898
v 200.600098 -50.163551 -53.475956
v 200.600098 -48.174942 -49.398697
v 205.430313 -48.174942 -49.398697
v 205.430313 -50.163555 -53.475956
v 200.600098 -54.168926 -55.605656
v 205.430313 -54.168926 -55.605656
v 200.600098 -58.661140 -54.974316
v 205.430313 -58.661140 -54.974327
v 200.600098 -61.924339 -51.823093
v 205.430313 -61.924339 -51.823097
v 200.600098 -62.712074 -47.355640
v 205.430313 -62.712074 -47.355644
v 205.430313 -48.174950 50.137398
v 200.600098 -48.174950 50.137398
v 200.600098 -50.163559 54.214661
v 205.430313 -50.163559 54.214661
v 200.600098 -54.168930 56.344360
v 205.430313 -54.168930 56.344360
v 200.600098 -58.661156 55.713020
v 205.430313 -58.661156 55.713020
v 200.600098 -61.924343 52.561794
v 205.430313 -61.924351 52.561802
v 200.600098 -62.712082 48.094345
v 205.430313 -62.712082 48.094345
v 205.430313 -49.551849 -45.244507
v 205.430313 -48.835724 -49.305824
v 205.430313 -48.174942 -49.398697
v 205.430313 -48.962677 -44.931244
v 205.430313 -48.174950 50.137398
v 205.430313 -48.835728 50.044525
v 205.430313 -49.551853 45.983208
v 205.430313 -48.962685 45.669945
v 205.430313 -50.163555 -53.475956
v 205.430313 -48.174942 -49.398697
v 205.430313 -48.835724 -49.305824
v 205.430313 -50.643551 -53.012428
v 205.430313 -48.835728 50.044525
v 205.430313 -48.174950 50.137398
v 205.430313 -50.163559 54.214661
v 205.430313 -50.643555 53.751133
v 200.600098 -49.551846 -45.244507
v 200.600098 -48.835720 -49.305828
v 205.430313 -48.835724 -49.305824
v 205.430313 -49.551849 -45.244507
v 200.600098 -52.518387 -42.379757
v 205.430313 -52.518387 -42.379761
v 200.600098 -56.602222 -41.805820
v 205.430313 -56.602226 -41.805820
v 200.600098 -60.243469 -43.741909
v 205.430313 -60.243469 -43.741913
v 200.600098 -62.051292 -47.448509
v 205.430313 -62.051292 -47.448509
v 205.430313 -48.835728 50.044525
v 200.600098 -48.835728 50.044529
v 200.600098 -49.551849 45.983208
v 205.430313 -49.551853 45.983208
v 200.600098 -52.518391 43.118462
v 205.430313 -52.518394 43.118462
v 200.600098 -56.602226 42.544514
v 205.430313 -56.602234 42.544514
v 200.600098 -60.243477 44.480606
v 205.430313 -60.243481 44.480614
v 200.600098 -62.051300 48.187206
v 205.430313 -62.051308 48.187210
v 222.753174 -46.087200 -3.157280
v 222.753174 -46.087200 -1.981736
v 222.753174 -55.069778 -4.900345
v 222.753174 -54.378807 -5.851380
v 196.494308 -47.514164 -49.491562
v 196.494308 -49.683556 -53.939484
v 196.494308 -50.111637 -53.526089
v 196.494308 -54.156395 -55.676735
v 196.494308 -54.053055 -56.262791
v 200.600098 -49.683567 54.678188
v 200.600098 -50.163559 54.214661
v 200.600098 -48.174950 50.137398
v 200.600098 -47.514168 50.230263
v 200.600098 -48.962685 45.669945
v 200.600098 -48.373516 45.356682
v 200.600098 -52.225876 42.518715
v 205.430313 -50.643551 -53.012428
v 205.430313 -48.835724 -49.305824
v 200.600098 -48.835720 -49.305828
v 200.600098 -50.643551 -53.012428
v 205.430313 -54.284798 -54.948517
v 200.600098 -54.284798 -54.948517
v 205.430313 -58.368629 -54.374577
v 200.600098 -58.368629 -54.374577
v 205.430313 -61.335167 -51.509834
v 200.600098 -61.335167 -51.509827
v 205.430313 -62.051292 -47.448509
v 200.600098 -62.051292 -47.448509
v 200.600098 -48.835728 50.044529
v 205.430313 -48.835728 50.044525
v 205.430313 -50.643555 53.751133
v 200.600098 -50.643555 53.751133
v 205.430313 -54.284805 55.687222
v 200.600098 -54.284805 55.687222
v 205.430313 -58.368637 55.113289
v 200.600098 -58.368637 55.113289
v 205.430313 -61.335182 52.248531
v 200.600098 -61.335182 52.248531
v 205.430313 -62.051308 48.187210
v 200.600098 -62.051300 48.187206
v -241.996094 -62.299381 -6.162210
v -237.440582 -44.077419 -6.162209
v -246.551575 -44.077419 -6.162210
v -251.107086 -62.299377 -6.162211
v -237.440582 -44.077423 -7.984406
v -237.440582 -44.077419 -6.162209
v -241.996094 -62.299381 -6.162210
v -241.996094 -62.299381 -7.984408
v -246.551575 -44.077419 -6.162210
v -246.551575 -44.077423 -7.984406
v -251.107086 -62.299377 -7.984408
v -251.107086 -62.299377 -6.162211
v -246.551575 -44.077423 -7.984406
v -237.440582 -44.077423 -7.984406
v -241.996094 -62.299381 -7.984408
v -251.107086 -62.299377 -7.984408
v 205.430313 -52.518387 -42.379761
v 205.430313 -49.551849 -45.244507
v 205.430313 -48.962677 -44.931244
v 205.430313 -52.225876 -41.780018
v 205.430313 -48.962685 45.669945
v 205.430313 -49.551853 45.983208
v 205.430313 -52.518394 43.118462
v 205.430313 -52.225880 42.518715
v 200.600098 -52.225876 42.518715
v 200.600098 -51.933365 41.918980
v 200.600098 -48.373516 45.356682
v 200.600098 -56.718102 41.887383
v 196.494308 -48.898952 -44.897358
v 196.494308 -52.194237 -41.715149
v 196.494308 -51.933365 -41.180279
v 196.494308 -56.833965 -40.491547
v 196.494308 -56.730629 -41.077606
v 75.222397 -43.896301 -20.866131
v 75.222389 -55.785244 -20.866135
v 33.407246 -54.155800 -18.211609
v 33.407246 -43.896301 -18.211605
v 5.177864 -45.855694 -10.889802
v 5.177864 -52.196411 -10.889805
v -1.187996 -52.452534 -7.389049
v -1.187996 -47.235443 -7.389046
v -9.449429 -49.026051 1.544896
v -1.187996 -55.349789 -4.103388
v -1.187996 -56.456448 1.212923
v 5.177864 -57.326149 -6.364682
v 5.177864 -59.285538 0.957120
v 200.600098 -50.163559 54.214661
v 200.600098 -49.683567 54.678188
v 200.600098 -54.053066 57.001495
v 200.600098 -54.168930 56.344360
v 226.279816 -54.378811 29.414955
v 226.279816 -53.687843 28.463917
v 226.279816 -46.087204 30.933508
v 226.279816 -59.503315 22.361685
v 226.279816 -58.385307 21.998423
v 226.279816 -59.503319 13.643367
v 226.279816 -58.385307 14.006631
v 226.279816 -53.687862 7.541136
v 226.279816 -54.378830 6.590099
v 226.279816 -46.087219 3.895987
v 226.279816 -58.385307 14.006631
v 226.279816 -59.503319 13.643367
v 116.319153 -49.398117 39.441368
v 95.066193 -49.398121 40.790558
v 95.066193 -55.522469 40.790558
v 116.319153 -54.612595 39.441368
v 127.679581 -53.616722 35.719997
v 127.679581 -50.393997 35.719997
v 133.902481 -53.132195 32.561874
v 133.902481 -51.480751 32.561871
v 136.906494 -52.005360 29.698687
v 133.902481 -53.981033 31.468233
v 133.902481 -54.305260 29.698687
v 133.902481 -53.981033 27.929138
v 133.902481 -53.132195 26.835497
v 133.902481 -51.480751 26.835497
v 127.679581 -53.616726 23.677376
v 127.679581 -50.394001 23.677376
v 127.679581 -56.223965 33.420059
v 127.679581 -57.219841 29.698687
v 127.679581 -56.223969 25.977312
v 116.319153 -58.831207 35.719997
v 116.319153 -60.442574 29.698687
v 95.066193 -61.352432 29.698687
v 95.066193 -59.741074 22.843533
v 116.319153 -58.831207 23.677376
v 95.066193 -59.741066 36.553837
v 73.813263 -60.442566 29.698687
v 73.813263 -58.831207 23.677376
v 73.813263 -58.831200 35.719997
v 59.465420 -56.223969 33.420059
v 59.465420 -57.219849 29.698687
v 56.229916 -55.409874 29.568674
v 56.229919 -54.847408 26.866608
v 59.465420 -56.223969 25.977312
v 56.229919 -53.374847 25.196642
v 59.465420 -53.616730 23.677376
v 56.229919 -54.847408 32.270737
v 52.030968 -52.005360 29.399946
v 56.229919 -51.095272 25.196642
v 59.465420 -50.394001 23.677376
v 73.813263 -49.398125 19.956001
v 73.813263 -54.612606 19.956001
v 95.066193 -55.522469 18.606815
v 59.465420 -53.616730 35.719997
v 56.229919 -53.374847 33.940704
v 56.229919 -51.095272 33.940704
v 59.465420 -50.393997 35.719997
v 73.813263 -54.612602 39.441368
v 73.813263 -49.398117 39.441368
v 95.066193 -49.398121 40.790558
v 95.066193 -55.522469 40.790558
v 95.066193 -49.398121 18.606815
v 116.319153 -54.612602 19.956001
v 116.319153 -49.398121 19.956001
v 95.066193 -49.398121 18.606815
v 95.066193 -55.522469 18.606815
v 205.430313 -54.168926 -55.605656
v 205.430313 -50.163555 -53.475956
v 205.430313 -50.643551 -53.012428
v 205.430313 -54.284798 -54.948517
v 205.430313 -50.643555 53.751133
v 205.430313 -50.163559 54.214661
v 205.430313 -54.168930 56.344360
v 205.430313 -54.284805 55.687222
v 222.753174 -55.069778 30.365986
v 222.753174 -54.378811 29.414951
v 222.753174 -46.087204 32.109051
v 222.753174 -60.621323 22.724947
v 222.753174 -54.378830 6.590099
v 222.753174 -55.069798 5.639063
v 222.753174 -46.087219 2.720443
v 222.753174 -59.503319 13.643367
v 196.494308 -52.194237 42.453846
v 196.494308 -51.933365 41.918980
v 196.494308 -56.833969 41.230247
v 196.494308 -56.730637 41.816307
v 205.430313 -56.602226 -41.805820
v 205.430313 -52.518387 -42.379761
v 205.430313 -52.225876 -41.780018
v 205.430313 -56.718094 -41.148682
v 205.430313 -52.225880 42.518715
v 205.430313 -52.518394 43.118462
v 205.430313 -56.602234 42.544514
v 205.430313 -56.718102 41.887383
v 236.271957 -53.687866 -27.725195
v 236.271957 -52.996895 -26.774153
v 236.271957 -57.267303 -20.896435
v 236.271957 -58.385307 -21.259701
v 236.271957 -53.687866 7.541138
v 236.271957 -52.996902 8.492174
v 236.271957 -57.267307 14.369896
v 236.271957 -58.385307 14.006631
v 236.271957 -52.996876 -7.753450
v 236.271957 -53.687840 -6.802415
v 236.271957 -58.385300 -13.267907
v 236.271957 -57.267296 -13.631170
v 236.271957 -52.996876 27.512882
v 236.271957 -53.687843 28.463917
v 236.271957 -58.385300 21.998425
v 236.271957 -57.267303 21.635162
v 200.600098 -51.933365 -41.180279
v 200.600098 -56.833965 -40.491547
v 200.600098 -56.718094 -41.148682
v 200.600098 -60.723465 -43.278378
v 200.600098 -61.203461 -42.814854
v 226.279816 -54.378826 -28.676231
v 226.279816 -53.687859 -27.725195
v 226.279816 -58.385307 -21.259701
v 226.279816 -59.503315 -21.622965
v 226.279816 -58.385300 -13.267909
v 226.279816 -59.503307 -12.904644
v 226.279816 -53.687843 -6.802415
v 226.279816 -54.378807 -5.851380
v 196.494308 -58.692780 -55.039188
v 196.494308 -54.156395 -55.676735
v 196.494308 -54.053055 -56.262791
v 196.494308 -58.953651 -55.574059
v 196.494308 -54.053066 57.001495
v 196.494308 -54.156403 56.415440
v 196.494308 -58.692787 55.777893
v 196.494308 -58.953667 56.312771
v 196.494308 -61.988071 52.595680
v 205.430313 -58.661140 -54.974327
v 205.430313 -54.168926 -55.605656
v 205.430313 -54.284798 -54.948517
v 205.430313 -58.368629 -54.374577
v 205.430313 -54.284805 55.687222
v 205.430313 -54.168930 56.344360
v 205.430313 -58.661156 55.713020
v 205.430313 -58.368637 55.113289
v 200.600098 -54.168930 56.344360
v 200.600098 -54.053066 57.001495
v 200.600098 -58.953667 56.312771
v 200.600098 -58.661156 55.713020
v 200.600098 -62.513512 52.875065
v 200.600098 -61.924343 52.561794
v 200.600098 -63.372864 48.001476
v 200.600098 -62.712082 48.094345
v 222.753174 -55.069794 -29.627266
v 222.753174 -54.378826 -28.676231
v 222.753174 -59.503315 -21.622967
v 222.753174 -60.621330 -21.986231
v 222.753174 -59.503307 -12.904644
v 226.279816 -57.267292 -13.631171
v 236.271957 -57.267296 -13.631170
v 236.271957 -57.267303 -20.896435
v 226.279816 -57.267300 -20.896437
v 236.271957 -58.385307 -21.259701
v 236.271957 -57.267303 -20.896435
v 236.271957 -57.267296 -13.631170
v 236.271957 -58.385300 -13.267907
v 236.271957 -58.385307 14.006631
v 236.271957 -57.267307 14.369896
v 236.271957 -57.267303 21.635162
v 236.271957 -58.385300 21.998425
v 205.430313 -60.243469 -43.741913
v 205.430313 -56.602226 -41.805820
v 205.430313 -56.718094 -41.148682
v 205.430313 -60.723465 -43.278385
v 205.430313 -56.718102 41.887383
v 205.430313 -56.602234 42.544514
v 205.430313 -60.243481 44.480614
v 205.430313 -60.723480 44.017078
v 222.753174 -60.621323 22.724947
v 222.753174 -59.503315 22.361685
v 222.753174 -54.378811 29.414951
v 222.753174 -60.621330 13.280103
v 196.494308 -61.203461 -42.814854
v 196.494308 -56.833965 -40.491547
v 196.494308 -56.730629 -41.077606
v 196.494308 -60.775383 -43.228245
v 196.494308 -56.730637 41.816307
v 196.494308 -56.833969 41.230247
v 196.494308 -61.203468 43.553555
v 196.494308 -60.775391 43.966946
v 205.430313 -61.924339 -51.823097
v 205.430313 -58.661140 -54.974327
v 205.430313 -58.368629 -54.374577
v 205.430313 -61.335167 -51.509834
v 205.430313 -58.368637 55.113289
v 205.430313 -58.661156 55.713020
v 205.430313 -61.924351 52.561802
v 205.430313 -61.335182 52.248531
v 196.494308 -61.988068 -51.856976
v 196.494308 -58.692780 -55.039188
v 196.494308 -58.953651 -55.574059
v 196.494308 -62.513504 -52.136356
v 75.222389 -55.785244 22.780375
v 75.222389 -64.085350 14.444633
v 117.037552 -62.455894 12.804047
v 117.037552 -54.155792 20.125853
v 75.222397 -43.896301 22.780382
v 117.037552 -43.896301 20.125856
v 139.389221 -45.855686 12.804051
v 139.389206 -52.196407 12.804049
v 151.632782 -47.993877 6.590446
v 139.389206 -57.326149 8.278925
v 151.632782 -51.014084 6.590445
v 157.543137 -49.026047 0.957123
v 151.632782 -52.684170 4.438707
v 151.632782 -53.322083 0.957122
v 139.389206 -59.285538 0.957120
v 117.037552 -65.626251 0.957119
v 205.430313 -62.051292 -47.448509
v 205.430313 -60.243469 -43.741913
v 205.430313 -60.723465 -43.278385
v 205.430313 -62.712074 -47.355644
v 205.430313 -60.723480 44.017078
v 205.430313 -60.243481 44.480614
v 205.430313 -62.051308 48.187210
v 205.430313 -62.712082 48.094345
v -263.380890 -60.133118 -8.647197
v -263.380890 -61.471939 -9.619911
v -267.353760 -62.299377 -7.073314
v -252.979797 -58.794289 -9.619908
v -252.979797 -60.960548 -11.193794
v -240.123352 -58.794289 -9.619908
v -240.123352 -60.960552 -11.193794
v -229.722290 -60.133118 -8.647197
v -229.722290 -61.471939 -9.619911
v -225.749420 -62.299381 -7.073314
v -229.722290 -60.133118 -5.499429
v -229.722290 -61.471939 -4.526716
v -225.749420 -62.299381 -7.073314
v -240.123352 -58.794289 -4.526716
v -240.123352 -60.960560 -2.952833
v -252.979797 -58.794289 -4.526716
v -252.979797 -60.960556 -2.952833
v -263.380890 -60.133121 -5.499429
v -263.380890 -61.471939 -4.526716
v -267.353760 -62.299377 -7.073314
v 200.600098 -61.203468 43.553555
v 200.600098 -60.723473 44.017078
v 200.600098 -62.712082 48.094345
v 200.600098 -63.372864 48.001476
v 205.430313 -62.712074 -47.355644
v 205.430313 -61.924339 -51.823097
v 205.430313 -61.335167 -51.509834
v 205.430313 -62.051292 -47.448509
v 205.430313 -61.335182 52.248531
v 205.430313 -61.924351 52.561802
v 205.430313 -62.712082 48.094345
v 205.430313 -62.051308 48.187210
v -229.722290 -61.471939 -4.526716
v -229.722290 -63.126823 -4.526719
v -225.749420 -62.299381 -7.073314
v -240.123352 -60.960560 -2.952833
v -240.123352 -63.638214 -2.952835
v -252.979797 -60.960556 -2.952833
v -252.979797 -63.638206 -2.952835
v -263.380890 -61.471939 -4.526716
v -263.380890 -63.126823 -4.526718
v -267.353760 -62.299377 -7.073314
v -229.722290 -63.126823 -9.619911
v -229.722290 -61.471939 -9.619911
v -225.749420 -62.299381 -7.073314
v -240.123352 -63.638203 -11.193795
v -240.123352 -60.960552 -11.193794
v -252.979797 -63.638199 -11.193795
v -252.979797 -60.960548 -11.193794
v -263.380890 -63.126823 -9.619911
v -263.380890 -61.471939 -9.619911
v -267.353760 -62.299377 -7.073314
v 196.494308 -63.372864 48.001476
v 196.494308 -62.783554 48.084297
v 196.494308 -60.775391 43.966946
v 196.494308 -62.513512 52.875065
v 196.494308 -61.988071 52.595680
v 196.494308 -62.783546 -47.345596
v 196.494308 -61.988068 -51.856976
v 196.494308 -62.513504 -52.136356
v 196.494308 -63.372849 -47.262775
v -229.722290 -63.126823 -4.526719
v -229.722290 -64.465645 -5.499432
v -225.749420 -62.299381 -7.073314
v -240.123352 -63.638214 -2.952835
v -240.123352 -65.804474 -4.526719
v -252.979797 -63.638206 -2.952835
v -252.979797 -65.804474 -4.526719
v -263.380890 -63.126823 -4.526718
v -263.380890 -64.465645 -5.499432
v -267.353760 -62.299377 -7.073314
v -229.722290 -64.465645 -8.647198
v -229.722290 -63.126823 -9.619911
v -225.749420 -62.299381 -7.073314
v -240.123352 -65.804474 -9.619911
v -240.123352 -63.638203 -11.193795
v -252.979797 -65.804474 -9.619911
v -252.979797 -63.638199 -11.193795
v -263.380890 -64.465645 -8.647199
v -263.380890 -63.126823 -9.619911
v -267.353760 -62.299377 -7.073314
v 33.407246 -65.626259 0.957119
v 33.407246 -62.455894 -10.889808
v 75.222389 -64.085350 -12.530395
v 75.222389 -67.255707 0.957118
v 262.179504 -62.936119 12.546535
v 200.265549 -65.532272 18.656118
v 200.265549 -69.378738 13.142259
v 262.179504 -66.663361 8.263441
v 272.680756 -62.499428 7.946791
v 272.680756 -59.467644 7.946793
v 262.179504 -58.932545 13.142262
v 272.680756 -59.471878 0.369350
v 262.179565 -58.947903 0.369350
v 200.483765 -57.664909 21.036354
v 200.265549 -72.581551 0.369346
v 262.179504 -68.642799 0.369347
v 272.680756 -64.331139 5.052465
v 281.338348 -60.467041 0.369349
v 138.266266 -72.892151 0.369346
v 138.266281 -69.689331 13.142257
v 88.107788 -68.545258 0.369347
v 88.107788 -66.565804 8.263441
v 75.222404 -63.662689 4.633971
v 75.222404 -64.963730 0.369348
v 68.948952 -60.035858 0.369349
v 75.222404 -62.124588 7.269653
v 75.222404 -59.576534 7.269649
v 75.222404 -59.550400 0.369350
v 88.107788 -63.963852 12.546535
v 88.107803 -59.026714 13.142261
v 88.107803 -59.046852 0.369350
v 138.266296 -57.885975 0.369351
v 138.266296 -57.761902 21.036354
v 200.265594 -57.580437 0.369350
v 272.680756 -65.586563 0.369348
v 88.107788 -66.565804 -7.524745
v 88.107788 -68.545258 0.369347
v 75.222404 -64.963730 0.369348
v 75.222404 -63.662689 -3.895273
v 88.107788 -63.963844 -11.807840
v 75.222404 -62.124584 -6.530954
v 88.107803 -59.026714 -12.403562
v 75.222404 -59.576534 -6.530950
v 88.107803 -59.046852 0.369350
v 138.266296 -57.761902 -20.297653
v 68.948952 -60.035858 0.369349
v 75.222404 -59.550400 0.369350
v 138.266296 -57.885975 0.369351
v 200.483765 -57.664909 -20.297653
v 200.265594 -57.580437 0.369350
v 262.179504 -58.932545 -12.403563
v 262.179565 -58.947903 0.369350
v 272.680756 -59.467644 -7.208092
v 272.680756 -62.499428 -7.208094
v 262.179504 -62.936119 -11.807840
v 272.680756 -64.331139 -4.313768
v 262.179504 -66.663361 -7.524746
v 200.265549 -65.532272 -17.917425
v 200.265549 -69.378738 -12.403565
v 272.680756 -59.471878 0.369350
v 281.338348 -60.467041 0.369349
v 272.680756 -65.586563 0.369348
v 262.179504 -68.642799 0.369347
v 200.265549 -72.581551 0.369346
v 138.266281 -69.689331 -12.403565
v 138.266266 -72.892151 0.369346
v -5.696342 -47.225380 -59.445984
v -102.300781 -44.954277 -56.830734
v -5.235828 -39.462982 -66.423798
v -4.878986 -28.567829 -68.731262
v -101.640808 -27.634499 -66.767120
v -102.795761 -49.317036 -43.470482
v -190.335434 -46.432480 -39.211609
v -189.592941 -42.450085 -52.313213
v -188.850464 -36.060314 -60.132759
v -101.805801 -37.816513 -64.283028
v -188.602966 -27.108698 -62.739273
v -248.583832 -26.379316 -57.979633
v -102.960770 -51.174011 -23.262505
v -190.582901 -48.161964 -20.758909
v -249.903809 -46.246258 -18.385664
v -249.738800 -44.516830 -35.056793
v -303.041595 -42.200142 -29.441673
v -102.960770 -51.476051 0.369342
v -190.582901 -48.463486 0.369343
v -249.903809 -46.519821 0.369345
v -303.082855 -44.657791 0.369346
v -303.082855 -44.411316 -15.321977
v -372.206116 -39.727356 -10.747030
v -372.279449 -38.112457 -20.801891
v -409.179077 -34.332222 -14.175770
v -372.279449 -34.847813 -30.299698
v -372.206116 -39.975922 0.369349
v -409.179077 -35.723930 0.369350
v -409.179077 -35.466927 -7.267855
v -429.860199 -31.748629 -4.553026
v -429.860199 -30.985977 -9.005361
v -429.860199 -29.443394 -12.517602
v -409.179077 -31.956125 -20.700977
v -429.860199 -31.934971 0.369352
v -434.260498 -30.678078 0.369352
v -434.260498 -30.527657 -3.682393
v -434.260498 -29.908073 -7.347230
v -434.260498 -28.651020 -10.238254
v -434.260498 -27.021704 -12.116342
v -429.860199 -27.440584 -14.799250
v -409.179077 -28.823841 -24.431498
v -438.030792 -29.195503 -2.797359
v -438.030792 -28.711212 -5.661675
v -438.030792 -27.772324 -7.921205
v -438.030792 -29.324001 0.369352
v -440.937469 -27.794207 0.369353
v -440.874420 -27.753719 -1.938643
v -440.937469 -27.364464 -3.931475
v -440.874420 -26.802565 -5.673059
v -440.937469 -26.007019 -6.589533
v -438.030792 -26.567125 -9.389056
v -442.495178 -26.869089 -1.146965
v -442.747467 -26.431681 -2.139408
v -442.495178 -26.225544 -3.600420
v -442.747467 -26.701691 0.369353
v -444.009277 -25.074396 0.369354
v -442.747467 -25.631050 -3.689907
v -442.495178 -25.160686 -4.537554
v -440.874420 -25.199852 -7.099477
v -438.030792 -25.283901 -9.878337
v -434.260498 -25.285337 -12.742367
v -429.860199 -25.297253 -15.559796
v -409.179077 -25.420582 -25.674995
v -372.279449 -25.508446 -37.539669
v -372.279449 -30.419392 -35.729683
v -302.794128 -32.409286 -49.419147
v -302.917847 -38.134624 -42.078407
v -249.243835 -40.422791 -47.560158
v -302.752869 -25.746012 -51.866055
v -248.748840 -34.273750 -55.374763
v 319.756165 5.509365 4.434183
v 319.756165 2.902126 6.734119
v 324.804626 2.417587 3.575996
v 324.804626 3.266426 2.482355
v 310.539825 3.897999 10.455494
v 319.756165 -0.320606 6.734119
v 324.804626 0.766148 3.575996
v 293.298035 -1.316490 11.804681
v 310.539825 -1.316486 10.455495
v -41.381817 38.566521 20.531658
v -41.381817 37.783646 23.092306
v -28.525364 37.783646 23.092306
v -51.782902 36.911888 20.560535
v -51.782902 36.428047 22.143106
v -55.755764 34.234650 20.607267
v -51.782902 36.373116 18.995821
v -41.381817 37.694756 17.999891
v -28.525364 38.566513 20.531658
v -28.525364 37.694756 17.999891
v -18.124279 36.911880 20.560535
v -18.124279 36.373108 18.995821
v -14.151417 34.234642 20.607267
v -18.124279 36.428047 22.143106
v -18.124279 32.096176 22.218718
v -18.124279 31.557404 20.654001
v -14.151417 34.234642 20.607267
v -28.525364 30.774529 23.214647
v -28.525364 29.902779 20.682880
v -18.124279 32.041245 19.071430
v -41.381817 30.774529 23.214647
v -41.381817 29.902779 20.682880
v -28.525364 30.685646 18.122234
v -51.782902 32.096176 22.218718
v -51.782902 31.557404 20.654001
v -41.381817 30.685646 18.122234
v -55.755764 34.234650 20.607267
v -51.782902 32.041245 19.071430
v -24.808956 11.639252 -42.631554
v -44.707829 12.464859 -42.595459
v -44.707821 12.124481 -38.606518
v -64.606689 11.077057 -38.906960
v -64.606689 8.402317 -36.662582
v -44.707821 8.983028 -35.970524
v -24.808956 11.077065 -38.906960
v -14.172314 8.964508 -40.387180
v -14.172314 9.311958 -42.689110
v -64.606689 11.639248 -42.631554
v -78.040390 9.311951 -42.689110
v -78.040390 8.964497 -40.387180
v -78.040390 7.311417 -39.000080
v -81.069763 7.017220 -40.081215
v -81.069763 8.186523 -41.062374
v -85.001190 5.674900 -42.628994
v -81.069763 8.223087 -42.552780
v -81.069763 7.348602 -44.180885
v -81.069763 5.897083 -45.324802
v -81.069763 4.422970 -45.547592
v -78.040390 3.781208 -46.564377
v -78.040390 8.221054 -45.026608
v -78.040390 6.108501 -46.506824
v -64.606689 6.455952 -48.808758
v -64.606689 2.690319 -48.901878
v -44.707821 2.576328 -49.985550
v -44.707821 6.563774 -49.628086
v -24.808949 2.690323 -48.901878
v -24.808949 6.455959 -48.808758
v -14.172314 6.108509 -46.506828
v -14.172314 3.781219 -46.564384
v -8.345879 5.798100 -44.540264
v -8.345879 4.891975 -44.735889
v -5.533276 5.546326 -42.782230
v -8.345879 6.726048 -43.772137
v -8.345879 7.321377 -42.724903
v -8.345879 7.356682 -41.798576
v -8.345879 6.509579 -41.087776
v -14.172314 8.221069 -45.026608
v -14.172306 7.311432 -39.000080
v -24.808949 8.402321 -36.662582
v 241.650421 8.830753 -31.744020
v 241.650421 5.768578 -26.440180
v 262.903381 4.600151 -27.114775
v 220.397476 7.207386 -31.630646
v 220.397476 4.600147 -27.114773
v 206.049667 1.875275 -29.837917
v 206.049667 3.486641 -32.628880
v 202.814148 1.824791 -33.309055
v 202.814148 0.684998 -31.334879
v 262.903381 7.207394 -31.630648
v 241.650421 7.270947 -37.515797
v 220.397476 6.093887 -37.144753
v 206.049667 2.798458 -36.036785
v 202.814148 1.114834 -35.419312
v 198.615204 -2.792366 -34.393425
v 274.263794 3.486649 -32.628883
v 274.263794 2.798466 -36.036793
v 262.903381 6.093891 -37.144756
v 241.650421 2.139896 -42.338856
v 220.397476 1.684959 -41.550892
v 274.263794 1.875282 -29.837919
v 280.486694 0.509369 -33.788330
v 280.486694 -0.013332 -35.070263
v 280.486694 -1.383694 -36.235828
v 274.263794 0.073597 -38.759930
v 262.903381 1.684967 -41.550892
v 280.486694 -0.316353 -32.358139
v 283.490692 -2.533642 -34.244057
v 280.486694 -3.078278 -36.839813
v 274.263794 -3.647144 -39.758167
v 262.903381 -4.335325 -43.166073
v 241.650421 -4.602526 -44.370956
v 220.397476 -4.335331 -43.166069
v 280.486694 -4.449818 -36.651520
v 274.263794 -6.942568 -38.650196
v 262.903381 -9.667437 -41.373337
v 241.650421 -10.380934 -42.835899
v 241.650421 -4.602526 -44.370956
v 220.397476 -9.667439 -41.373337
v 220.397476 -4.335331 -43.166069
v 280.486694 -5.275539 -35.221329
v 274.263794 -8.553930 -35.859234
v 262.903381 -12.274677 -36.857468
v 241.650421 -13.443110 -37.532059
v 220.397476 -12.274683 -36.857464
v 206.049667 -6.942577 -38.650192
v 206.049667 -3.647148 -39.758160
v 206.049667 -8.553938 -35.859226
v 202.814148 -6.887583 -35.706913
v 202.814148 -5.747791 -37.681091
v 202.814148 -3.565277 -38.121380
v 206.049667 0.073593 -38.759922
v 202.814148 -0.943985 -37.257450
v 118.804855 -11.843460 -82.481651
v 96.523788 -11.149689 -84.040260
v 96.523788 -6.022909 -80.434052
v 74.242752 -6.810495 -79.407509
v 74.242752 -4.050682 -73.484161
v 96.523788 -3.111286 -73.649803
v 118.804855 -6.810499 -79.407509
v 130.714844 -9.083637 -76.558296
v 130.714844 -12.194178 -78.458229
v 74.242752 -11.843460 -82.481651
v 59.200821 -12.194180 -78.458221
v 59.200821 -9.083639 -76.558296
v 59.200821 -7.377975 -72.897469
v 74.242752 -4.618156 -66.974136
v 96.523788 -3.526962 -66.278870
v 118.804855 -4.050678 -73.484177
v 130.714844 -7.377974 -72.897484
v 55.808800 -10.295631 -75.121071
v 55.808800 -9.223007 -72.433739
v 55.808800 -9.311817 -69.541611
v 59.200821 -7.728699 -68.874054
v 74.242752 -8.296177 -62.364017
v 55.808800 -12.119984 -76.577156
v 51.406734 -12.707275 -71.639740
v 55.808800 -10.528141 -67.549370
v 59.200821 -10.001839 -66.024841
v 74.242752 -13.679855 -61.414719
v 96.523788 -7.111170 -61.136692
v 55.808807 -14.473530 -76.162155
v 59.200829 -15.521477 -77.871529
v 59.200821 -12.194180 -78.458221
v 74.242752 -11.843460 -82.481651
v 74.242752 -17.227139 -81.532356
v 96.523788 -17.472755 -82.925316
v 96.523788 -11.149689 -84.040260
v 118.804855 -17.227142 -81.532356
v 118.804855 -11.843460 -82.481651
v 130.714844 -12.194178 -78.458229
v 130.714844 -15.521475 -77.871529
v 137.238800 -12.119501 -75.109406
v 137.238800 -13.824530 -74.808777
v 140.388107 -12.761660 -71.948181
v 137.238800 -11.044024 -74.134811
v 137.238800 -10.387135 -72.366875
v 137.238800 -10.399736 -70.480881
v 137.238800 -11.077023 -69.197227
v 137.238800 -12.782051 -68.896584
v 130.714844 -10.001835 -66.024841
v 130.714844 -13.329134 -65.438148
v 130.714844 -7.728693 -68.874054
v 118.804855 -4.618156 -66.974136
v 118.804855 -8.296175 -62.364021
v 118.804855 -13.679855 -61.414722
v 96.523788 -13.434240 -60.021759
v 59.200836 -13.329136 -65.438148
v 55.808807 -12.881683 -67.134369
v -214.256134 -14.178625 58.401031
v -214.256134 -14.310566 45.259335
v -250.764740 -16.278238 45.259338
v -177.747498 -16.162407 56.448635
v -177.747528 -16.278248 45.259338
v -148.962204 -21.705551 47.396301
v -148.962189 -21.634106 54.311668
v -138.272400 -26.311394 49.728275
v -250.764740 -16.162392 56.448635
v -214.256134 -20.408070 67.453369
v -177.747498 -21.634113 65.500961
v -148.962189 -25.015816 59.906319
v -138.272400 -26.277649 53.271954
v -133.112091 -30.487095 50.853970
v -275.411652 -21.634098 54.311672
v -275.411652 -25.015808 59.906315
v -250.764740 -21.634109 65.500961
v -214.256134 -30.487524 70.911049
v -177.747528 -30.487530 68.958641
v -275.411652 -21.705544 47.396301
v -280.969666 -23.921246 48.901100
v -280.969666 -23.867945 53.792641
v -280.969666 -26.323383 56.952469
v -275.411652 -30.487514 62.043278
v -250.764740 -30.487513 68.958641
v -214.256134 -40.566975 67.453354
v -177.747528 -39.340935 65.500954
v -288.182678 -30.051401 50.853970
v -280.969666 -30.296349 58.159424
v -275.411652 -35.959225 59.906315
v -250.764740 -39.340931 65.500954
v -214.256134 -46.796417 58.401028
v -177.747528 -44.812649 56.448624
v -280.969666 -34.269314 56.952465
v -275.411652 -39.340923 54.311661
v -250.764740 -44.812645 56.448624
v -214.256134 -46.663612 45.259323
v -177.747528 -44.695953 45.259335
v -280.969666 -36.724747 53.792637
v -275.411652 -39.268650 47.396301
v -250.764740 -44.695950 45.259335
v -280.969666 -36.673702 48.901093
v -148.962189 -39.340946 54.311661
v -148.962189 -35.959232 59.906315
v -148.962189 -30.487534 62.043282
v -148.962204 -39.268658 47.396301
v -138.272400 -34.697392 53.271946
v -138.272400 -33.089367 55.093395
v -138.272400 -30.487530 55.789131
v -138.272400 -27.885666 55.093395
v -138.272400 -34.662819 49.728275
v -214.256134 -14.178625 -57.183250
v -250.764740 -16.278238 -44.041550
v -214.256134 -14.310566 -44.041550
v -250.764740 -16.162392 -55.230854
v -275.411652 -21.634098 -53.093884
v -275.411652 -21.705544 -46.178516
v -280.969666 -23.921246 -47.683319
v -280.969666 -23.867945 -52.574860
v -288.182678 -30.051401 -49.636192
v -177.747498 -16.162407 -55.230854
v -177.747498 -21.634113 -64.283180
v -214.256134 -20.408070 -66.235588
v -250.764740 -21.634109 -64.283180
v -275.411652 -25.015808 -58.688522
v -280.969666 -26.323383 -55.734688
v -177.747528 -16.278248 -44.041550
v -148.962204 -21.705551 -46.178516
v -148.962189 -21.634106 -53.093884
v -148.962189 -25.015816 -58.688538
v -177.747528 -30.487530 -67.740860
v -214.256134 -30.487524 -69.693260
v -250.764740 -30.487513 -67.740852
v -275.411652 -30.487514 -60.825493
v -138.272400 -26.311394 -48.510487
v -138.272400 -26.277649 -52.054165
v -138.272400 -27.885666 -53.875614
v -148.962189 -30.487534 -60.825500
v -177.747528 -39.340935 -64.283173
v -214.256134 -40.566975 -66.235573
v -133.112091 -30.487095 -49.636192
v -138.272400 -30.487530 -54.571342
v -148.962189 -35.959232 -58.688522
v -177.747528 -44.812649 -55.230839
v -214.256134 -46.796417 -57.183243
v -250.764740 -39.340931 -64.283180
v -138.272400 -33.089367 -53.875614
v -148.962189 -39.340946 -53.093884
v -177.747528 -44.695953 -44.041546
v -214.256134 -46.663612 -44.041538
v -250.764740 -44.812645 -55.230839
v -138.272400 -34.697392 -52.054157
v -148.962204 -39.268658 -46.178513
v -138.272400 -34.662819 -48.510487
v -250.764740 -44.695950 -44.041550
v -275.411652 -39.268650 -46.178513
v -275.411652 -39.340923 -53.093872
v -275.411652 -35.959225 -58.688522
v -280.969666 -30.296349 -56.941635
v -280.969666 -36.724747 -52.574852
v -280.969666 -34.269314 -55.734680
v -280.969666 -36.673702 -47.683308
v 376.583954 -15.212044 -4.668451
v 376.839417 -15.095753 -4.504495
v 378.141602 -14.822744 0.369356
v 375.285309 -15.229734 -7.608828
v 375.221405 -15.372229 -6.974749
v 373.177856 -15.568014 -8.855841
v 373.177856 -15.373573 -9.879340
v 369.762756 -15.586664 -12.425796
v 376.839417 -15.216631 -3.036383
v 375.285309 -15.433634 -5.243595
v 373.177856 -15.671312 -6.849776
v 369.762756 -16.026564 -8.643489
v 369.762756 -15.873943 -11.147992
v 364.285950 -16.364565 -14.687473
v 364.285950 -15.928402 -16.357969
v 376.583954 -15.304056 -1.776931
v 375.221405 -15.516001 -2.759498
v 373.177856 -15.775042 -3.560911
v 376.839417 -15.274281 0.369356
v 375.285309 -15.538872 0.369355
v 373.177856 -15.827015 0.369355
v 369.762756 -16.256605 0.369355
v 369.762756 -16.179817 -4.537451
v 364.285950 -16.828962 -6.045397
v 364.285950 -16.596279 -11.413292
v 364.285950 -16.945549 0.369354
v 355.667694 -17.276953 0.369354
v 355.667694 -17.327885 -8.226809
v 355.667694 -17.305746 -15.380313
v 355.667694 -17.035603 -19.648510
v 355.667694 -16.382156 -21.742674
v 342.828186 -17.281988 -11.223742
v 342.828186 -18.080236 -20.765688
v 342.828186 -17.882784 -26.205332
v 342.828186 -16.931314 -28.646729
v 315.633636 -17.711206 -35.854713
v 342.828186 -16.633938 0.369353
v 314.308502 -15.392902 0.369351
v 314.236938 -16.932472 -14.438858
v 314.129639 -18.966356 -26.508347
v 314.093811 -18.909725 -33.100399
v 253.327759 -20.120045 -39.076172
v 260.919922 -18.857166 -42.151226
v 283.696442 -18.230692 -43.061989
v 254.033417 -16.520548 -17.274817
v 253.504150 -20.010710 -31.547237
v 254.386276 -13.930258 0.369350
v 189.504562 -18.199755 0.369348
v 188.983246 -21.151676 -19.691111
v 188.288147 -24.964436 -35.950684
v 188.287994 -24.595028 -44.608475
v 200.013031 -22.616043 -48.304943
v 234.493423 -21.600075 -49.680496
v 269.109924 -18.732052 -47.877380
v 198.931305 -26.826359 -56.800205
v 378.141602 -14.822744 0.369356
v 376.839417 -15.095753 5.243206
v 376.583954 -15.212044 5.407162
v 375.285309 -15.229734 8.347538
v 375.221405 -15.372229 7.713460
v 375.285309 -15.433634 5.982307
v 376.839417 -15.216631 3.775095
v 376.583954 -15.304056 2.515642
v 376.839417 -15.274281 0.369356
v 375.285309 -15.538872 0.369355
v 373.177856 -15.568014 9.594552
v 373.177856 -15.671312 7.588488
v 373.177856 -15.775042 4.299622
v 375.221405 -15.516001 3.498209
v 373.177856 -15.373569 10.618050
v 369.762756 -15.586664 13.164506
v 369.762756 -15.873941 11.886704
v 369.762756 -16.026560 9.382200
v 369.762756 -16.179817 5.276161
v 369.762756 -16.256605 0.369355
v 373.177856 -15.827015 0.369355
v 364.285950 -16.364565 15.426182
v 364.285950 -16.596279 12.152001
v 364.285950 -16.828962 6.784106
v 364.285950 -16.945549 0.369354
v 355.667694 -17.276953 0.369354
v 364.285950 -15.928402 17.096676
v 355.667694 -16.382156 22.481377
v 355.667694 -17.035603 20.387217
v 355.667694 -17.305742 16.119022
v 355.667694 -17.327883 8.965516
v 342.828186 -17.281984 11.962447
v 342.828186 -16.633938 0.369353
v 314.308502 -15.392902 0.369351
v 342.828186 -17.882784 26.944036
v 342.828186 -18.080235 21.504391
v 342.828186 -16.931314 29.385435
v 315.633636 -17.711203 36.593422
v 314.093811 -18.909721 33.839104
v 314.129578 -18.966352 27.247047
v 314.236938 -16.932470 15.177560
v 254.033417 -16.520542 18.013515
v 254.386276 -13.930258 0.369350
v 189.504562 -18.199755 0.369348
v 188.983246 -21.151669 20.429804
v 253.327759 -20.120037 39.814880
v 253.504150 -20.010702 32.285938
v 260.919922 -18.857166 42.889935
v 200.013031 -22.616043 49.043644
v 188.287994 -24.595020 45.347187
v 188.288147 -24.964424 36.689377
v 283.696442 -18.230694 43.800694
v 234.493423 -21.600079 50.419205
v 198.931305 -26.826359 57.538914
v 269.109924 -18.732052 48.616093
v 60.598633 -16.653240 105.691803
v 60.598633 -16.769428 92.227730
v 24.090031 -18.502108 92.227730
v 97.107269 -18.400108 103.691513
v 97.107254 -18.502115 92.227730
v 116.622375 -23.281261 94.417107
v 116.622375 -23.218349 101.502121
v 127.312210 -27.337049 96.806282
v 24.090031 -18.400095 103.691513
v 60.598633 -22.138733 114.966202
v 97.107269 -23.218357 112.965904
v 116.622375 -26.196198 107.234009
v 127.312210 -27.307333 100.436897
v 132.472488 -31.014065 97.959602
v -0.556885 -23.218342 101.502121
v -0.556885 -26.196190 107.234009
v 24.090031 -23.218353 112.965904
v 60.598633 -31.014441 118.508705
v 97.107254 -31.014450 116.508408
v -0.556900 -23.281254 94.417107
v -6.114906 -25.232344 95.958824
v -6.114906 -25.185410 100.970360
v -6.114906 -27.347607 104.207710
v -0.556885 -31.014433 109.423393
v 24.090029 -31.014435 116.508408
v 60.598633 -39.890152 114.966202
v 97.107254 -38.810532 112.965904
v -13.327919 -30.630404 97.959602
v -6.114906 -30.846098 105.444275
v -0.556877 -35.832684 107.234009
v 24.090029 -38.810524 112.965904
v 60.598633 -45.375637 105.691803
v 97.107254 -43.628780 103.691498
v -6.114895 -34.344589 104.207703
v -0.556885 -38.810520 101.502106
v 24.090029 -43.628777 103.691498
v 60.598633 -45.258698 92.227715
v 97.107246 -43.526024 92.227715
v -6.114895 -36.506779 100.970352
v -0.556900 -38.746876 94.417107
v 24.090029 -43.526020 92.227730
v -6.114906 -36.461830 95.958817
v 116.622375 -38.810539 101.502121
v 116.622375 -35.832687 107.234009
v 116.622375 -31.014452 109.423393
v 116.622375 -38.746883 94.417107
v 127.312210 -34.721546 100.436897
v 127.312210 -33.305561 102.303024
v 127.312210 -31.014446 103.015823
v 127.312210 -28.723312 102.303024
v 127.312210 -34.691101 96.806282
v 60.598633 -16.653240 -104.448486
v 24.090031 -18.502108 -90.984436
v 60.598633 -16.769428 -90.984436
v 24.090031 -18.400095 -102.448212
v -0.556885 -23.218342 -100.258827
v -0.556900 -23.281254 -93.173813
v -6.114906 -25.232344 -94.715530
v -6.114906 -25.185410 -99.727074
v -13.327919 -30.630404 -96.716316
v 97.107269 -18.400108 -102.448212
v 97.107269 -23.218357 -111.722603
v 60.598633 -22.138733 -113.722900
v 24.090031 -23.218353 -111.722603
v -0.556885 -26.196190 -105.990685
v -6.114906 -27.347607 -102.964409
v 97.107254 -18.502115 -90.984436
v 116.622375 -23.281261 -93.173813
v 116.622375 -23.218349 -100.258820
v 116.622375 -26.196198 -105.990707
v 97.107254 -31.014450 -115.265083
v 60.598633 -31.014441 -117.265404
v 24.090029 -31.014435 -115.265083
v -0.556885 -31.014433 -108.180099
v 127.312210 -27.337049 -95.562996
v 127.312210 -27.307333 -99.193596
v 127.312210 -28.723312 -101.059723
v 116.622375 -31.014452 -108.180099
v 97.107254 -38.810532 -111.722580
v 60.598633 -39.890152 -113.722878
v 132.472488 -31.014065 -96.716316
v 127.312210 -31.014446 -101.772530
v 116.622375 -35.832687 -105.990685
v 97.107254 -43.628780 -102.448196
v 60.598633 -45.375637 -104.448486
v 24.090029 -38.810524 -111.722603
v 127.312210 -33.305561 -101.059723
v 116.622375 -38.810539 -100.258820
v 97.107246 -43.526024 -90.984428
v 60.598633 -45.258698 -90.984428
v 24.090029 -43.628777 -102.448196
v 127.312210 -34.721546 -99.193588
v 116.622375 -38.746883 -93.173813
v 127.312210 -34.691101 -95.562996
v 24.090029 -43.526020 -90.984436
v -0.556900 -38.746876 -93.173813
v -0.556885 -38.810520 -100.258804
v -0.556873 -35.832684 -105.990685
v -6.114906 -30.846098 -104.200958
v -6.114895 -36.506779 -99.727058
v -6.114895 -34.344589 -102.964401
v -6.114906 -36.461830 -94.715523
v 271.928253 -15.475168 3.249590
v 271.928253 -24.339630 0.369354
v 271.928253 -15.475174 -2.510892
v 271.928253 -18.861092 7.909920
v 271.928253 -24.339634 9.690010
v 271.928253 -29.818174 7.909929
v 271.928253 -33.204105 3.249603
v 271.928253 -33.204109 -2.510881
v 271.928253 -29.818190 -7.171209
v 271.928253 -24.339645 -8.951300
v 271.928253 -18.861101 -7.171219
v 211.571594 -31.723494 -39.956898
v 211.571594 -37.858387 -41.950245
v 211.571594 -31.723495 -43.943600
v 211.571594 -34.066814 -36.731590
v 211.571594 -37.858391 -35.499626
v 211.571594 -41.649963 -36.731583
v 211.571594 -43.993294 -39.956886
v 211.571594 -43.993301 -43.943592
v 211.571594 -41.649975 -47.168900
v 211.571594 -37.858398 -48.400860
v 211.571594 -34.066822 -47.168907
v 211.571594 -31.723499 44.682301
v 211.571594 -37.858398 42.688953
v 211.571594 -31.723503 40.695599
v 211.571594 -34.066822 47.907616
v 211.571594 -37.858398 49.139572
v 211.571594 -41.649975 47.907616
v 211.571594 -43.993301 44.682316
v 211.571594 -43.993305 40.695610
v 211.571594 -41.649982 37.470299
v 211.571594 -37.858406 36.238338
v 211.571594 -34.066830 37.470291
v 196.937744 -32.447155 63.023533
v 196.937744 -38.904278 60.925495
v 196.937744 -32.447159 58.827435
v 196.937744 -34.913555 66.418251
v 196.937744 -38.904278 67.714912
v 196.937744 -42.895000 66.418251
v 196.937744 -45.361408 63.023548
v 196.937744 -45.361412 58.827446
v 196.937744 -42.895008 55.432735
v 196.937744 -38.904285 54.136066
v 196.937744 -34.913563 55.432724
v 196.937744 -32.447155 -61.712891
v 196.937744 -32.447159 -57.516788
v 196.937744 -38.904278 -59.614849
v 196.937744 -34.913563 -54.122082
v 196.937744 -38.904285 -52.825424
v 196.937744 -42.895008 -54.122093
v 196.937744 -45.361412 -57.516804
v 196.937744 -45.361408 -61.712902
v 196.937744 -42.895000 -65.107605
v 196.937744 -38.904278 -66.404274
v 196.937744 -34.913555 -65.107605
v 226.279816 -34.907116 -13.631187
v 226.279816 -46.087193 -17.263815
v 226.279816 -34.907120 -20.896452
v 226.279861 -39.177525 -7.753464
v 226.279816 -46.087200 -5.508369
v 226.279816 -52.996872 -7.753452
v 226.279816 -57.267292 -13.631171
v 226.279816 -57.267300 -20.896437
v 226.279816 -52.996895 -26.774160
v 226.279816 -46.087219 -29.019257
v 226.279861 -39.177540 -26.774170
v 226.279816 -34.907120 21.635141
v 226.279816 -46.087200 18.002518
v 226.279816 -34.907124 14.369880
v 226.279861 -39.177528 27.512867
v 226.279816 -46.087204 29.757961
v 226.279816 -52.996872 27.512878
v 226.279816 -57.267292 21.635160
v 226.279816 -57.267300 14.369894
v 226.279816 -52.996895 8.492172
v 226.279816 -46.087219 6.247077
v 226.279861 -39.177544 8.492159
v 37.954361 -43.481556 -67.461205
v 37.954361 -38.965679 -64.853966
v 59.207298 -38.291084 -66.022392
v 23.606522 -41.688824 -62.129097
v 23.606522 -44.479786 -63.740463
v 20.371012 -45.159958 -62.078613
v 20.371012 -43.185787 -60.938824
v 16.172066 -46.244331 -57.461456
v 59.207298 -43.594925 -69.084572
v 80.460236 -38.965675 -64.853966
v 80.460236 -43.481548 -67.461212
v 91.820679 -44.479782 -63.740471
v 91.820679 -47.887688 -63.052280
v 80.460236 -48.995659 -66.347710
v 59.207298 -49.366703 -67.524765
v 59.207298 -43.594925 -69.084572
v 37.954361 -48.995659 -66.347710
v 37.954361 -43.481556 -67.461205
v 91.820679 -41.688820 -62.129105
v 98.043594 -45.639229 -60.763187
v 98.043594 -46.921165 -60.240482
v 98.043594 -48.086727 -58.870129
v 91.820679 -50.610832 -60.327419
v 98.043594 -48.690712 -57.175537
v 91.820679 -51.609070 -56.606678
v 98.043594 -44.209034 -59.937466
v 101.047577 -46.094959 -57.720177
v 98.043594 -48.502415 -55.804001
v 91.820679 -50.501091 -53.311249
v 80.460236 -55.016968 -55.918495
v 80.460236 -53.224236 -50.586388
v 59.207298 -54.686798 -49.872887
v 59.207298 -56.221859 -55.651295
v 98.043594 -47.072227 -54.978279
v 91.820679 -47.710129 -51.699883
v 80.460236 -48.708363 -47.979141
v 59.207298 -49.382957 -46.810711
v 37.954361 -48.708363 -47.979141
v 37.954361 -53.224236 -50.586384
v 37.954361 -55.016972 -55.918488
v 23.606520 -51.609062 -56.606670
v 23.606520 -50.501099 -53.311249
v 20.371010 -49.531994 -54.506035
v 20.371010 -49.972282 -56.688549
v 23.606520 -50.610832 -60.327415
v 23.606522 -47.710129 -51.699883
v 20.371012 -47.557819 -53.366241
v 20.371010 -49.108360 -59.309837
v 23.606522 -47.887688 -63.052280
v 20.371012 -47.270218 -61.368656
v -2.069126 -41.654091 80.535545
v -24.350170 -41.899712 79.142578
v -24.350170 -47.283390 80.091873
v -39.392086 -43.605370 75.481758
v -39.392086 -46.932667 76.068451
v -42.784115 -47.006863 74.187386
v -42.784115 -48.831215 72.731308
v -39.392086 -50.043213 74.168533
v -24.350170 -52.316345 77.017738
v -24.350170 -47.283390 80.091873
v -2.069126 -47.977161 81.650467
v -42.784115 -44.653313 73.772400
v -47.186184 -46.419571 69.249977
v -42.784115 -49.903839 70.043968
v -39.392086 -51.748871 70.507698
v -24.350170 -55.076172 71.094391
v -2.069126 -53.103939 78.044281
v 20.211937 -47.283394 80.091873
v -42.784115 -49.815033 67.151833
v -39.392086 -51.398151 66.484276
v -24.350170 -54.508690 64.584366
v -2.069126 -56.015564 71.260040
v 20.211935 -52.316353 77.017738
v -42.784115 -48.598709 65.159599
v -39.392086 -49.125011 63.635071
v -24.350170 -50.830673 59.974251
v -2.069126 -55.599884 63.889099
v 20.211935 -55.076172 71.094406
v -42.784115 -46.245163 64.744598
v -39.392086 -45.797710 63.048382
v -24.350170 -45.446995 59.024952
v -2.069126 -52.015682 58.746925
v 20.211935 -54.508698 64.584366
v 32.121933 -51.398155 66.484276
v 32.121937 -51.748878 70.507713
v 32.121933 -50.043209 74.168533
v -2.069126 -45.692612 57.631985
v 20.211935 -50.830681 59.974251
v 32.121933 -49.125015 63.635071
v 38.645870 -48.049831 66.807465
v 38.645870 -48.727116 68.091118
v 38.645870 -48.739723 69.977112
v 20.211937 -45.446995 59.024952
v 32.121937 -45.797718 63.048382
v 38.645870 -46.344803 66.506813
v 41.795181 -46.365196 69.558411
v 38.645870 -48.082832 71.745041
v 32.121937 -46.932671 76.068451
v 20.211937 -41.899712 79.142578
v -2.069126 -47.977161 81.650467
v 38.645870 -47.007351 72.719635
v 32.121937 -43.605377 75.481758
v 38.645870 -45.302322 72.418999
v -45.321232 -47.283386 -77.150246
v -45.321232 -41.899708 -76.200951
v -23.040180 -41.654091 -77.593925
v -60.363148 -43.605370 -72.540131
v -60.363148 -46.932667 -73.126823
v -63.755169 -47.006859 -71.245758
v -63.755169 -44.653313 -70.830772
v -68.157242 -46.419571 -66.308350
v -23.040180 -47.977158 -78.708855
v -0.759113 -41.899708 -76.200951
v -0.759113 -47.283390 -77.150246
v 11.150883 -46.932671 -73.126831
v 11.150883 -50.043209 -71.226906
v -0.759113 -52.316349 -74.076126
v -23.040180 -53.103935 -75.102654
v -23.040180 -47.977158 -78.708855
v -45.321232 -52.316353 -74.076111
v -45.321232 -47.283386 -77.150246
v 11.150883 -43.605373 -72.540131
v 17.674828 -47.007347 -69.778008
v 17.674828 -48.082832 -68.803421
v 17.674828 -48.739719 -67.035484
v 11.150883 -51.748875 -67.566086
v -0.759113 -55.076172 -68.152779
v -23.040180 -56.015560 -68.318405
v 17.674828 -45.302322 -69.477371
v 20.824139 -46.365196 -66.616791
v 17.674828 -48.727112 -65.149490
v 11.150883 -51.398155 -63.542652
v -0.759113 -54.508698 -61.642742
v -23.040180 -55.599884 -60.947475
v -45.321232 -54.508694 -61.642742
v -45.321232 -55.076168 -68.152763
v 17.674828 -48.049831 -63.865837
v 11.150883 -49.125011 -60.693447
v -0.759113 -50.830681 -57.032631
v -23.040180 -52.015686 -55.805294
v -45.321232 -50.830673 -57.032623
v 17.674828 -46.344803 -63.565193
v 11.150883 -45.797714 -60.106754
v -0.759113 -45.446995 -56.083336
v -23.040180 -45.692612 -54.690372
v -45.321232 -45.446995 -56.083336
v -60.363148 -49.125011 -60.693447
v -60.363148 -51.398151 -63.542652
v -60.363148 -51.748871 -67.566071
v -60.363148 -45.797710 -60.106754
v -63.755169 -46.245159 -61.802975
v -63.755169 -48.598705 -62.217972
v -63.755177 -49.815029 -64.210205
v -63.755177 -49.903839 -67.102341
v -60.363148 -50.043209 -71.226906
v -63.755169 -48.831215 -69.789680
v 200.600098 -48.835720 -49.305828
v 200.600098 -49.551846 -45.244507
v 200.600098 -55.443504 -48.377167
v 200.600098 -52.518387 -42.379757
v 200.600098 -56.602222 -41.805820
v 200.600098 -60.243469 -43.741909
v 200.600098 -62.051292 -47.448509
v 200.600098 -61.335167 -51.509827
v 200.600098 -58.368629 -54.374577
v 200.600098 -54.284798 -54.948517
v 200.600098 -50.643551 -53.012428
v 200.600098 -48.835728 50.044529
v 200.600098 -55.443512 49.115868
v 200.600098 -49.551849 45.983208
v 200.600098 -50.643555 53.751133
v 200.600098 -54.284805 55.687222
v 200.600098 -58.368637 55.113289
v 200.600098 -61.335182 52.248531
v 200.600098 -62.051300 48.187206
v 200.600098 -60.243477 44.480606
v 200.600098 -56.602226 42.544514
v 200.600098 -52.518391 43.118462
v -252.979797 -57.966850 -7.073311
v -252.979797 -58.794289 -4.526716
v -240.123352 -58.794289 -4.526716
v -263.380890 -59.621727 -7.073313
v -263.380890 -60.133121 -5.499429
v -267.353760 -62.299377 -7.073314
v -263.380890 -60.133118 -8.647197
v -252.979797 -58.794289 -9.619908
v -240.123352 -57.966858 -7.073311
v -240.123352 -58.794289 -9.619908
v -229.722290 -59.621731 -7.073313
v -229.722290 -60.133118 -8.647197
v -225.749420 -62.299381 -7.073314
v -229.722290 -60.133118 -5.499429
v 185.431702 -59.454605 18.954309
v 164.178772 -60.129200 17.785879
v 164.178757 -64.645073 20.393120
v 149.830917 -62.852341 15.061011
v 149.830917 -65.643311 16.672377
v 146.595398 -66.323486 15.010527
v 146.595398 -68.433739 14.300570
v 149.830917 -69.051216 15.984193
v 164.178757 -70.159180 19.279619
v 164.178757 -64.645073 20.393120
v 185.431702 -64.758453 22.016481
v 146.595398 -64.349312 13.870736
v 142.396469 -67.407852 10.393369
v 146.595398 -70.271889 12.241749
v 149.830917 -71.774353 13.259327
v 164.178757 -74.565308 14.870693
v 185.431702 -70.530228 20.456680
v 206.684647 -64.645073 20.393122
v 146.595398 -71.135803 9.620458
v 149.830917 -72.772591 9.538584
v 164.178772 -76.180489 8.850403
v 185.431702 -75.353287 15.325627
v 206.684647 -70.159180 19.279619
v 146.595398 -70.695518 7.437945
v 149.830917 -71.664627 6.243161
v 164.178772 -74.387756 3.518296
v 185.431702 -77.385376 8.583208
v 206.684647 -74.565315 14.870695
v 146.595398 -68.721344 6.298155
v 149.830917 -68.873657 4.631798
v 164.178772 -69.871887 0.911054
v 185.431702 -75.850319 2.804800
v 206.684647 -76.180496 8.850404
v 218.045059 -72.772583 9.538588
v 218.045059 -71.774345 13.259332
v 218.045059 -69.051208 15.984198
v 185.431702 -70.546478 -0.257375
v 206.684647 -74.387764 3.518297
v 218.045059 -71.664619 6.243164
v 224.267975 -69.665939 8.735912
v 224.267975 -69.854233 10.107451
v 224.267975 -69.250244 11.802038
v 206.684647 -69.871887 0.911055
v 218.045059 -68.873650 4.631800
v 224.267975 -68.235748 7.910191
v 227.271973 -67.258476 10.652090
v 224.267975 -68.084686 13.172397
v 218.045059 -65.643311 16.672379
v 206.684647 -60.129196 17.785879
v 185.431702 -64.758453 22.016481
v 224.267975 -66.802750 13.695100
v 218.045059 -62.852341 15.061014
v 224.267975 -65.372559 12.869377
v 164.178757 -64.645081 -19.742100
v 164.178772 -60.129200 -17.134857
v 185.431702 -59.454605 -18.303286
v 149.830917 -62.852348 -14.409988
v 149.830917 -65.643311 -16.021355
v 146.595398 -66.323486 -14.359504
v 146.595398 -64.349312 -13.219712
v 142.396469 -67.407852 -9.742348
v 185.431702 -64.758453 -21.365465
v 206.684647 -60.129204 -17.134857
v 206.684647 -64.645073 -19.742102
v 218.045059 -65.643311 -16.021357
v 218.045059 -69.051208 -15.333176
v 206.684647 -70.159180 -18.628599
v 185.431702 -70.530228 -19.805662
v 185.431702 -64.758453 -21.365465
v 164.178757 -70.159180 -18.628597
v 164.178757 -64.645081 -19.742100
v 218.045059 -62.852341 -14.409992
v 224.267975 -66.802757 -13.044077
v 224.267975 -68.084686 -12.521377
v 224.267975 -69.250259 -11.151017
v 218.045059 -71.774353 -12.608310
v 206.684647 -74.565315 -14.219674
v 185.431702 -75.353294 -14.674606
v 224.267975 -65.372559 -12.218354
v 227.271973 -67.258484 -10.001068
v 224.267975 -69.854248 -9.456429
v 218.045059 -72.772583 -8.887566
v 206.684647 -76.180496 -8.199384
v 185.431702 -77.385391 -7.932188
v 164.178772 -76.180496 -8.199384
v 164.178757 -74.565323 -14.219673
v 224.267975 -69.665947 -8.084890
v 218.045059 -71.664619 -5.592141
v 206.684647 -74.387764 -2.867275
v 185.431702 -75.850319 -2.153780
v 164.178772 -74.387756 -2.867274
v 224.267975 -68.235748 -7.259168
v 218.045059 -68.873657 -3.980777
v 206.684647 -69.871887 -0.260032
v 185.431702 -70.546478 0.908398
v 164.178772 -69.871895 -0.260031
v 149.830917 -71.664627 -5.592140
v 149.830917 -72.772591 -8.887564
v 149.830917 -71.774353 -12.608306
v 149.830917 -68.873657 -3.980775
v 146.595398 -68.721344 -5.647133
v 146.595398 -70.695518 -6.786923
v 146.595398 -71.135803 -8.969437
v 146.595398 -70.271889 -11.590727
v 149.830917 -69.051216 -15.333174
v 146.595398 -68.433746 -13.649549
v -229.722290 -64.465645 -5.499432
v -229.722290 -64.977036 -7.073316
v -225.749420 -62.299381 -7.073314
v -240.123352 -65.804474 -4.526719
v -240.123352 -66.631912 -7.073316
v -229.722290 -64.465645 -8.647198
v -252.979797 -65.804474 -4.526719
v -252.979797 -66.631912 -7.073316
v -240.123352 -65.804474 -9.619911
v -263.380890 -64.465645 -5.499432
v -263.380890 -64.977036 -7.073316
v -252.979797 -65.804474 -9.619911
v -267.353760 -62.299377 -7.073314
v -263.380890 -64.465645 -8.647199
vn 0.8297 -0.5582 -0.0000
vn 0.8388 -0.5371 0.0887
vn 0.8388 -0.5371 -0.0887
vn 0.6228 0.6071 0.4935
vn 0.6228 0.6071 -0.4934
vn -0.0000 1.0000 -0.0000
vn 1.0000 -0.0000 -0.0000
vn -1.0000 -0.0000 -0.0000
vn -0.0000 0.8090 -0.5878
vn -0.0000 0.8090 0.5878
vn -0.0000 0.3090 -0.9511
vn -0.0000 0.3090 0.9511
vn 0.1507 -0.2531 -0.9556
vn 0.1507 -0.2531 0.9556
vn -0.0000 -0.3090 0.9511
vn -0.0000 -0.3090 -0.9511
vn 0.2884 -0.8357 -0.4674
vn 0.2884 -0.8357 0.4674
vn -0.0000 -0.8090 0.5878
vn -0.0000 -0.8090 -0.5878
vn -0.0000 -1.0000 -0.0000
vn 0.3090 0.1567 0.9381
vn 0.3090 0.1567 -0.9381
vn 0.8088 0.0800 0.5826
vn 0.8088 0.0800 -0.5826
vn 0.9949 -0.0992 0.0175
vn 0.9949 -0.0992 -0.0175
vn 0.8063 -0.1821 -0.5627
vn 0.8063 -0.1821 0.5627
vn -0.3090 0.1465 0.9397
vn -0.3090 0.1465 -0.9397
vn 0.8421 0.0085 0.5392
vn 0.8421 0.0085 -0.5392
vn 0.3278 0.1740 0.9286
vn 0.3278 0.1740 -0.9286
vn 0.3090 -0.1735 -0.9351
vn 0.3090 -0.1735 0.9351
vn -0.8076 0.0432 0.5882
vn -0.8076 0.0432 -0.5882
vn -0.3090 -0.1745 -0.9349
vn -0.3090 -0.1745 0.9349
vn 0.8348 -0.1182 -0.5378
vn 0.8348 -0.1182 0.5378
vn -0.9973 -0.0725 0.0128
vn -0.9973 -0.0725 -0.0128
vn 0.8236 0.1382 0.5501
vn 0.8236 0.1382 -0.5501
vn -0.8080 -0.1508 -0.5695
vn -0.8080 -0.1508 0.5695
vn 0.9988 0.0484 -0.0085
vn 0.9988 0.0484 0.0085
vn -0.3278 0.1541 0.9321
vn -0.3278 0.1541 -0.9321
vn 0.7888 0.3950 0.4709
vn 0.7888 0.3950 -0.4709
vn -0.7223 0.6829 0.1096
vn 0.3278 -0.1541 -0.9321
vn 0.3278 -0.1541 0.9321
vn 0.7466 0.4616 0.4790
vn 0.7466 0.4617 -0.4790
vn 0.8953 0.4387 -0.0773
vn 0.8953 0.4387 0.0774
vn 0.8953 0.4387 -0.0774
vn -0.0000 0.9848 -0.1736
vn -0.0000 0.9848 0.1736
vn -0.8215 0.0490 0.5681
vn -0.8215 0.0490 -0.5681
vn 0.9033 -0.0303 -0.4280
vn 0.9033 -0.0303 0.4280
vn 0.7436 0.1805 -0.6438
vn 0.7436 0.1805 0.6438
vn -0.0000 0.8988 0.4384
vn -0.0000 0.8988 -0.4384
vn 0.2534 0.3175 0.9138
vn 0.2534 0.3175 -0.9138
vn 0.4649 0.7958 0.3881
vn 0.4649 0.7958 -0.3881
vn 0.3275 0.2882 0.8998
vn 0.3275 0.2882 -0.8998
vn -0.3231 -0.1838 -0.9284
vn -0.3231 -0.1838 0.9284
vn 0.8518 0.3639 -0.3768
vn 0.8518 0.3639 0.3768
vn -0.8193 -0.1586 -0.5510
vn -0.8193 -0.1586 0.5510
vn -0.0000 0.6947 -0.7193
vn -0.0000 0.6947 0.7193
vn 0.1654 0.4164 0.8940
vn 0.1654 0.4164 -0.8940
vn 0.4375 0.5605 -0.7031
vn 0.4375 0.5605 0.7031
vn -0.2534 0.0142 0.9673
vn -0.2534 0.0142 -0.9673
vn 0.3275 -0.0370 -0.9441
vn 0.3275 -0.0370 0.9441
vn 0.2534 -0.0142 -0.9673
vn 0.2534 -0.0142 0.9673
vn -0.0000 0.4695 0.8829
vn -0.0000 0.4695 -0.8829
vn 0.1380 0.4650 0.8745
vn 0.1380 0.4650 -0.8745
vn -0.2591 -0.0158 0.9657
vn -0.2591 -0.0158 -0.9657
vn -0.6513 -0.3489 0.6739
vn -0.6513 -0.3489 -0.6739
vn 0.1967 0.1365 -0.9709
vn 0.1967 0.1365 0.9709
vn -0.0000 0.1392 -0.9903
vn -0.0000 0.1392 0.9903
vn -0.0000 -1.0000 -0.0007
vn -0.2433 -0.3353 -0.9102
vn -0.2433 -0.3353 0.9102
vn -0.1273 -0.1130 0.9854
vn -0.1273 -0.1130 -0.9854
vn 0.1273 0.1130 -0.9854
vn 0.1273 0.1130 0.9854
vn -0.2775 -0.3303 -0.9022
vn -0.2775 -0.3303 0.9022
vn -0.8017 -0.5887 0.1038
vn -0.8017 -0.5887 -0.1038
vn -0.0526 -0.9986 -0.0000
vn -0.0526 -0.9986 0.0007
vn -0.0425 -0.8083 0.5873
vn -0.6402 -0.5747 -0.5098
vn -0.6402 -0.5747 0.5098
vn -0.0000 -0.1392 0.9903
vn -0.0000 -0.1392 -0.9903
vn -0.6533 -0.3792 0.6553
vn -0.6533 -0.3792 -0.6553
vn -0.1212 -0.1381 0.9830
vn -0.1212 -0.1381 -0.9830
vn -0.6671 -0.5648 -0.4858
vn -0.6671 -0.5648 0.4858
vn -0.1380 -0.4650 -0.8745
vn -0.1380 -0.4650 0.8745
vn -0.2988 -0.6434 0.7048
vn -0.2988 -0.6434 -0.7048
vn -0.1150 -0.4516 -0.8848
vn -0.1150 -0.4516 0.8848
vn -0.0000 -0.4695 -0.8829
vn -0.0000 -0.4695 0.8829
vn -0.0000 -0.6947 0.7193
vn -0.0000 -0.6947 -0.7193
vn -0.2919 -0.6644 0.6880
vn -0.2919 -0.6644 -0.6880
vn -0.3530 -0.9214 0.1625
vn -0.3530 -0.9214 -0.1625
vn -0.2874 -0.8510 -0.4396
vn -0.2874 -0.8510 0.4396
vn -0.3046 -0.8561 -0.4175
vn -0.3046 -0.8561 0.4175
vn -0.0000 -0.8988 -0.4384
vn -0.0000 -0.8988 0.4384
vn -0.0000 -0.9848 0.1736
vn -0.0000 -0.9848 -0.1736
vn -0.3376 0.5665 0.7517
vn -0.5396 0.5067 0.6724
vn -0.0738 0.6002 0.7965
vn 0.0738 0.6002 0.7965
vn 0.3376 0.5665 0.7517
vn 0.5397 0.5067 0.6724
vn -0.3376 0.5399 -0.7710
vn -0.5396 0.4829 -0.6896
vn -0.0738 0.5720 -0.8169
vn 0.0738 0.5720 -0.8169
vn 0.3376 0.5399 -0.7710
vn 0.5397 0.4829 -0.6896
vn -0.0000 0.8192 0.5736
vn -0.3376 0.0164 0.9411
vn -0.5396 0.0147 0.8418
vn -0.0738 0.0174 0.9971
vn 0.0738 0.0174 0.9971
vn 0.3376 0.0164 0.9411
vn 0.5396 0.0147 0.8418
vn -0.3376 -0.0164 -0.9411
vn -0.5397 -0.0147 -0.8418
vn -0.0738 -0.0174 -0.9971
vn 0.0738 -0.0174 -0.9971
vn 0.3376 -0.0164 -0.9411
vn 0.5396 -0.0147 -0.8418
vn 0.3376 -0.5399 0.7710
vn 0.5397 -0.4829 0.6896
vn 0.0738 -0.5720 0.8169
vn -0.0738 -0.5720 0.8169
vn -0.3376 -0.5399 0.7710
vn -0.5397 -0.4829 0.6896
vn -0.3376 -0.5665 -0.7517
vn -0.5396 -0.5067 -0.6724
vn -0.0738 -0.6002 -0.7965
vn 0.0738 -0.6002 -0.7965
vn 0.3376 -0.5665 -0.7517
vn 0.5397 -0.5067 -0.6724
vn -0.0000 0.5736 -0.8192
vn -0.9701 -0.1987 -0.1391
vn 0.9701 0.1987 0.1391
vn -0.0000 -0.5736 0.8192
vn 0.0396 0.9992 0.0001
vn 0.0782 0.9969 0.0001
vn -0.0208 0.9998 0.0001
vn -0.0894 0.9960 0.0001
vn -0.2758 0.9491 -0.1521
vn -0.2765 0.9488 0.1528
vn -0.4167 0.8816 -0.2218
vn -0.4166 0.8814 0.2228
vn -0.3442 0.4842 0.8044
vn -0.4691 0.5654 0.6784
vn -0.3098 0.2882 0.9061
vn -0.2290 0.2875 0.9300
vn -0.2265 0.2821 0.9323
vn -0.4623 0.5905 -0.6615
vn -0.6724 0.5089 -0.5375
vn -0.6237 0.7587 -0.1881
vn -0.6234 0.7588 0.1888
vn -0.6635 0.5015 0.5552
vn -0.4526 0.2776 0.8474
vn -0.3430 0.5175 -0.7840
vn -0.4581 0.3237 -0.8279
vn -0.6646 0.2916 -0.6879
vn -0.8488 0.5288 -0.0000
vn -0.5992 0.3238 0.7322
vn -0.3083 0.3449 -0.8866
vn -0.1623 0.3402 -0.9262
vn -0.1580 0.3424 -0.9262
vn -0.0460 0.3677 -0.9288
vn -0.0480 0.3716 -0.9272
vn 0.0706 0.3762 -0.9238
vn 0.0724 0.3763 -0.9237
vn 0.2861 0.3575 -0.8890
vn 0.3401 0.5064 -0.7924
vn 0.4996 0.3129 -0.8078
vn 0.4779 0.5614 -0.6756
vn 0.6003 0.2635 -0.7551
vn 0.5718 0.5017 -0.6491
vn 0.7606 0.1861 -0.6220
vn 0.7566 0.3759 -0.5350
vn 0.9582 0.2835 0.0380
vn 0.3888 0.7897 -0.4746
vn 0.4067 0.8429 -0.3523
vn 0.4838 0.8336 -0.2664
vn 0.7291 0.6466 -0.2244
vn 0.7352 0.6447 0.2095
vn 0.7634 0.3448 0.5461
vn 0.7409 0.1408 0.6567
vn 0.6009 0.1748 0.7800
vn 0.4016 0.8495 0.3422
vn 0.4826 0.8386 0.2526
vn 0.5779 0.4629 0.6722
vn 0.5098 0.2209 0.8314
vn 0.4796 0.5284 0.7005
vn 0.4635 0.2510 0.8498
vn 0.4456 0.5408 0.7134
vn 0.3805 0.7971 0.4689
vn -0.0978 0.9790 -0.1789
vn -0.0474 0.9826 -0.1795
vn 0.0282 0.9833 -0.1797
vn 0.0556 0.9822 -0.1795
vn 0.0556 0.9822 -0.1794
vn -0.0000 -0.8192 -0.5736
vn -0.0450 -0.7812 0.6226
vn 0.0602 -0.8637 0.5003
vn 0.0917 -0.8806 0.4648
vn 0.1188 -0.9609 0.2501
vn 0.0793 -0.9860 0.1464
vn 0.1188 -0.9609 -0.2502
vn 0.0793 -0.9860 -0.1465
vn 0.0917 -0.8806 -0.4649
vn 0.0602 -0.8637 -0.5004
vn -0.0450 -0.7812 -0.6227
vn 0.2652 0.5441 -0.7960
vn 0.1469 0.7412 -0.6550
vn 0.1276 0.7227 -0.6792
vn 0.2250 0.6835 -0.6945
vn 0.6052 0.4382 -0.6646
vn 0.5730 0.2097 -0.7923
vn 0.3128 0.1373 -0.9398
vn 0.6468 0.6618 -0.3792
vn 0.8437 0.5282 -0.0953
vn 0.7651 0.6426 0.0409
vn 0.6714 0.5026 0.5447
vn 0.5619 0.4824 0.6720
vn 0.2919 0.4607 0.8382
vn 0.2893 0.4455 0.8473
vn 0.2459 0.4810 0.8415
vn 0.2580 0.4968 0.8286
vn -0.2053 0.5263 0.8251
vn -0.1463 0.5394 0.8292
vn -0.1453 0.5375 0.8307
vn -0.2068 0.5174 0.8304
vn -0.3464 0.4315 0.8330
vn -0.4069 0.5866 0.7002
vn -0.5853 0.6474 0.4883
vn -0.5739 0.4086 0.7097
vn -0.7953 0.6045 -0.0468
vn -0.5661 0.8240 0.0215
vn -0.6016 0.7087 -0.3686
vn -0.6148 0.3651 -0.6991
vn -0.5934 0.1378 -0.7930
vn -0.4863 0.8708 0.0725
vn -0.4773 0.7719 -0.4200
vn -0.4386 0.3827 -0.8131
vn -0.4030 0.1132 -0.9082
vn -0.4802 0.5104 -0.7133
vn -0.4388 0.5043 -0.7437
vn -0.5846 0.4721 -0.6598
vn -0.2880 0.4956 -0.8194
vn -0.2764 0.4898 -0.8269
vn -0.2064 0.5467 -0.8115
vn -0.1993 0.5494 -0.8114
vn -0.0708 0.5441 -0.8361
vn -0.0583 0.5485 -0.8341
vn 0.0193 0.4671 -0.8840
vn 0.0297 0.4767 -0.8786
vn 0.1495 0.5156 -0.8437
vn 0.1659 0.5253 -0.8346
vn 0.2148 0.5427 -0.8120
vn 0.2125 0.5471 -0.8096
vn -0.4121 0.5299 0.7412
vn -0.4630 0.5004 0.7315
vn -0.5847 0.4718 0.6600
vn -0.2888 0.4992 0.8170
vn -0.3037 0.4799 0.8231
vn -0.2064 0.5464 0.8117
vn -0.1993 0.5491 0.8117
vn -0.0785 0.5479 0.8329
vn -0.0677 0.5423 0.8375
vn 0.0367 0.4804 0.8763
vn 0.0259 0.4624 0.8863
vn 0.1495 0.5153 0.8439
vn 0.1659 0.5250 0.8348
vn 0.2148 0.5424 0.8122
vn 0.2125 0.5469 0.8098
vn -0.0126 -0.2907 0.9567
vn -0.1324 -0.2453 0.9604
vn -0.0095 -0.2918 0.9564
vn 0.1002 -0.3290 0.9390
vn -0.0333 0.6254 -0.7796
vn -0.0323 0.6573 -0.7530
vn -0.0327 0.6538 -0.7560
vn -0.0338 0.6183 -0.7852
vn -0.0394 0.5244 -0.8506
vn -0.0396 0.5202 -0.8531
vn -0.1890 0.6829 -0.7056
vn -0.1688 0.5220 -0.8361
vn -0.4790 0.4519 -0.7526
vn -0.4365 0.7190 -0.5408
vn -0.1184 0.9894 -0.0843
vn -0.2891 0.9503 -0.1153
vn -0.0978 0.9871 0.1264
vn -0.0457 0.9990 -0.0000
vn -0.0395 0.9954 0.0875
vn -0.0659 0.9978 0.0001
vn -0.7970 0.2827 -0.5337
vn -0.7410 0.5639 -0.3647
vn -0.6383 0.7657 -0.0792
vn -0.2916 0.9491 0.1192
vn -0.1845 0.8561 0.4828
vn -0.0253 0.9648 0.2619
vn -0.8908 0.4545 -0.0000
vn -0.6368 0.7666 0.0824
vn -0.4309 0.7259 0.5361
vn -0.3135 0.4963 0.8096
vn -0.4806 0.4412 0.7578
vn -0.7379 0.5734 0.3559
vn -0.8087 0.2643 0.5255
vn -0.0654 0.9932 0.0966
vn -0.0683 0.9977 -0.0000
vn -0.0691 0.9888 0.1320
vn -0.0479 0.8225 0.5668
vn -0.0575 0.8514 0.5213
vn -0.0300 0.6270 0.7785
vn -0.0399 0.6567 0.7531
vn 0.0028 -0.2940 -0.9558
vn -0.0971 -0.5201 -0.8485
vn 0.0043 -0.2906 -0.9568
vn 0.1327 0.0328 -0.9906
vn -0.1421 0.2245 -0.9641
vn -0.1410 0.2219 -0.9648
vn -0.1440 0.2294 -0.9626
vn -0.1450 0.2317 -0.9619
vn 0.6562 0.7524 -0.0582
vn 0.6575 0.7507 -0.0639
vn 0.6275 0.7786 -0.0023
vn 0.5184 0.8440 0.1377
vn 0.7220 0.6808 -0.1237
vn 0.3688 0.9171 0.1513
vn 0.1246 0.8979 0.4223
vn 0.1163 0.9694 0.2160
vn 0.0520 0.9748 0.2169
vn 0.0498 0.9028 0.4272
vn -0.0555 0.9255 0.3746
vn 0.6828 0.7302 -0.0253
vn 0.6828 0.7301 0.0254
vn 0.3688 0.9171 -0.1511
vn 0.1163 0.9695 -0.2158
vn 0.0491 0.9746 -0.2187
vn -0.0588 0.9803 0.1885
vn -0.1294 0.9292 0.3461
vn -0.1217 0.9765 0.1779
vn -0.2312 0.9090 0.3469
vn 0.7221 0.6807 0.1239
vn 0.5202 0.8431 -0.1366
vn 0.1245 0.8980 -0.4221
vn 0.0439 0.9051 -0.4230
vn -0.0557 0.9801 -0.1906
vn -0.1216 0.9765 -0.1777
vn 0.6281 0.7781 0.0015
vn 0.6508 0.7570 0.0582
vn 0.6512 0.7564 0.0621
vn -0.0491 0.9276 -0.3703
vn -0.1294 0.9293 -0.3459
vn -0.2197 0.9062 -0.3612
vn -0.2351 0.9559 -0.1760
vn -0.2424 0.9529 0.1821
vn -0.3696 0.9157 0.1576
vn -0.3415 0.8949 0.2873
vn -0.3960 0.9182 0.0001
vn -0.3657 0.8794 -0.3048
vn -0.3768 0.9144 -0.1482
vn 0.9902 0.1324 0.0445
vn 0.9883 0.1458 0.0453
vn 0.9900 0.1335 0.0445
vn 0.9881 0.1469 0.0454
vn 0.0281 0.9369 0.3485
vn 0.0073 0.9493 0.3142
vn 0.0081 0.9480 0.3183
vn 0.0383 0.8689 0.4935
vn 0.0917 0.8306 0.5493
vn 0.0748 0.9542 0.2895
vn 0.1298 0.9277 0.3500
vn 0.1463 0.8266 0.5434
vn 0.1769 0.8255 0.5360
vn 0.1581 0.9314 0.3279
vn 0.0671 0.4998 0.8635
vn 0.1106 0.5055 0.8557
vn 0.1500 0.5965 0.7885
vn 0.1975 0.6094 0.7679
vn 0.2552 0.6175 0.7440
vn 0.2250 0.8155 0.5333
vn 0.1837 0.9275 0.3255
vn 0.1455 0.9817 0.1230
vn 0.1030 0.4368 0.8936
vn 0.1522 0.4618 0.8738
vn 0.1861 0.5258 0.8300
vn 0.0664 0.4710 0.8796
vn 0.0871 0.3493 0.9329
vn 0.0904 0.4714 0.8773
vn 0.1238 0.4520 0.8834
vn 0.0387 0.5153 0.8562
vn 0.0405 0.4014 0.9150
vn 0.0369 0.2186 0.9751
vn 0.0764 0.1918 0.9785
vn 0.1026 -0.0236 0.9944
vn 0.0290 0.5723 0.8195
vn 0.0147 0.6597 0.7514
vn 0.0086 0.5613 0.8276
vn -0.0012 0.3696 0.9292
vn 0.0013 0.2235 0.9747
vn -0.0330 0.2596 0.9652
vn 0.0134 0.7552 0.6553
vn 0.0178 0.7381 0.6744
vn -0.0392 0.9528 0.3012
vn -0.0390 0.9520 0.3035
vn -0.0224 0.9838 0.1780
vn -0.0389 0.9914 0.1247
vn -0.0381 0.9986 0.0361
vn -0.0577 0.9843 0.1669
vn -0.0463 0.9980 0.0442
vn -0.0661 0.9959 0.0621
vn -0.0766 0.9655 0.2490
vn -0.0913 0.8892 0.4484
vn -0.0761 0.9173 0.3908
vn -0.0202 0.9993 0.0327
vn -0.0106 0.9935 0.1137
vn -0.0090 0.9995 0.0316
vn -0.0032 0.9995 0.0306
vn -0.0031 0.9995 0.0304
vn 0.0238 0.9992 0.0317
vn -0.0181 0.9509 0.3089
vn -0.0136 0.9720 0.2344
vn -0.0147 0.9784 0.2060
vn -0.0283 0.9543 0.2974
vn 0.0237 0.9992 0.0315
vn 0.0627 0.9974 0.0347
vn 0.0629 0.9974 0.0345
vn 0.1046 0.9938 0.0377
vn 0.1038 0.9938 0.0387
vn 0.1367 0.9900 0.0357
vn 0.1531 0.9877 0.0320
vn 0.1656 0.9730 0.1609
vn 0.1922 0.9704 0.1462
vn 0.1773 0.9837 0.0309
vn 0.2312 0.9723 0.0347
vn 0.2502 0.9570 0.1467
vn 0.3305 0.9322 0.1476
vn 0.3072 0.9508 0.0398
vn 0.2144 0.9135 0.3458
vn 0.3033 0.8742 0.3791
vn 0.3761 0.8159 0.4391
vn 0.4649 0.7396 0.4868
vn 0.3984 0.9050 0.1492
vn 0.3804 0.9236 0.0478
vn 0.2874 0.7543 0.5903
vn 0.3736 0.6938 0.6157
vn 0.4478 0.6076 0.6560
vn 0.3334 0.6122 0.7170
vn 0.3949 0.5881 0.7058
vn 0.4826 0.5547 0.6778
vn 0.5108 0.5362 0.6720
vn 0.4923 0.5074 0.7072
vn 0.3133 0.6437 0.6982
vn 0.3880 0.6287 0.6739
vn 0.4600 0.6211 0.6345
vn 0.2528 0.5815 0.7733
vn 0.2281 0.6020 0.7653
vn 0.3198 0.5782 0.7506
vn 0.4234 0.5218 0.7406
vn 0.2416 -0.3761 0.8946
vn 0.1433 -0.9322 0.3325
vn 0.3437 0.4699 0.8130
vn 0.4554 0.3793 0.8054
vn 0.5229 0.3531 0.7758
vn 0.4922 0.5058 0.7085
vn 0.5240 0.5393 0.6592
vn 0.4954 0.6372 0.5904
vn 0.5525 0.3869 0.7383
vn 0.6680 -0.0770 0.7402
vn 0.5703 0.5692 0.5923
vn 0.5404 0.6503 0.5339
vn 0.6078 0.4624 0.6455
vn 0.5844 0.4216 0.6934
vn 0.7053 0.5359 0.4640
vn 0.6689 0.5966 0.4435
vn 0.7503 0.4219 0.5090
vn 0.7599 0.3407 0.5536
vn 0.6909 0.5751 0.4380
vn 0.5462 0.6770 0.4932
vn 0.7717 -0.0884 0.6298
vn 0.9024 -0.1055 0.4178
vn 0.8201 0.5015 0.2755
vn 0.8167 0.4566 0.3529
vn 0.9083 0.2414 0.3415
vn 0.8998 0.2602 0.3501
vn 0.7153 -0.5602 0.4178
vn 0.6354 -0.7169 0.2871
vn 0.5977 -0.5378 0.5946
vn 0.5207 -0.5185 0.6783
vn 0.5170 -0.5198 0.6801
vn 0.5037 -0.4738 0.7224
vn 0.5137 -0.4717 0.7167
vn 0.4662 -0.4182 0.7796
vn 0.4570 -0.4219 0.7831
vn 0.3512 -0.3312 0.8758
vn 0.3639 -0.3261 0.8725
vn 0.2501 -0.3390 0.9069
vn 0.9396 0.2501 0.2337
vn 0.9426 0.2641 0.2042
vn 0.9069 0.3847 0.1721
vn 0.8498 0.4123 0.3286
vn 0.6830 0.7101 0.1708
vn 0.5266 0.8280 0.1929
vn 0.4720 0.8653 0.1684
vn 0.6837 0.7238 0.0931
vn 0.4745 0.8782 0.0606
vn 0.4371 0.8977 0.0555
vn -0.0795 0.9140 0.3978
vn -0.1028 0.8576 0.5039
vn -0.1317 0.8238 0.5514
vn -0.1075 0.8210 0.5607
vn -0.1288 0.7769 0.6164
vn -0.1907 0.7914 0.5807
vn -0.1251 0.7743 0.6204
vn -0.0896 0.7226 0.6854
vn -0.0958 0.8151 0.5713
vn -0.1111 0.8846 0.4529
vn -0.2035 0.8440 0.4962
vn -0.2152 0.7627 0.6098
vn -0.1814 0.8715 0.4556
vn -0.1554 0.8493 0.5045
vn -0.0976 0.9702 0.2216
vn -0.1702 0.9159 0.3635
vn -0.1917 0.9169 0.3500
vn -0.2146 0.8879 0.4069
vn -0.1732 0.8781 0.4461
vn -0.2493 0.8372 0.4868
vn -0.0893 0.9921 0.0881
vn -0.1182 0.9903 0.0725
vn -0.1440 0.9651 0.2186
vn -0.2006 0.9611 0.1901
vn -0.2663 0.9236 0.2757
vn -0.3518 0.9079 0.2281
vn -0.2172 0.9736 0.0700
vn -0.3210 0.9361 0.1435
vn -0.4181 0.8855 0.2029
vn -0.3495 0.9196 0.1794
vn -0.3367 0.9073 0.2517
vn -0.2682 0.9377 0.2210
vn -0.2389 0.9505 0.1986
vn -0.1860 0.9399 0.2865
vn -0.2454 0.9587 0.1435
vn -0.2079 0.9610 0.1822
vn -0.1895 0.9573 0.2183
vn -0.1804 0.9739 0.1381
vn -0.1794 0.9589 0.2200
vn -0.1822 0.9313 0.3153
vn -0.1927 0.9008 0.3892
vn -0.2352 0.9582 0.1630
vn -0.2446 0.9097 0.3355
vn -0.3236 0.7867 0.5258
vn -0.2248 0.8510 0.4746
vn -0.2474 0.9654 0.0821
vn -0.2994 0.9520 0.0632
vn -0.3061 0.9430 0.1304
vn -0.3489 0.8808 0.3202
vn -0.4240 0.7386 0.5241
vn -0.5141 0.4703 0.7172
vn -0.4277 0.5038 0.7505
vn -0.3056 0.5671 0.7648
vn -0.3997 0.9066 0.1352
vn -0.4581 0.8329 0.3107
vn -0.5239 0.6918 0.4969
vn -0.3781 0.9239 0.0589
vn -0.4921 0.8693 0.0459
vn -0.5044 0.8511 0.1457
vn -0.5733 0.7667 0.2889
vn -0.6399 0.6308 0.4390
vn -0.7225 0.4050 0.5603
vn -0.6061 0.4352 0.6658
vn -0.6985 0.7055 0.1200
vn -0.8061 0.5428 0.2357
vn -0.7943 0.5026 0.3412
vn -0.7350 0.6761 0.0506
vn -0.8843 0.4396 0.1571
vn -0.9117 0.2203 0.3468
vn -0.8445 0.2918 0.4490
vn -0.7141 0.3134 0.6259
vn -0.6277 0.2691 0.7305
vn -0.5462 0.2756 0.7910
vn -0.4571 0.2981 0.8380
vn -0.3433 0.3678 0.8642
vn -0.2299 0.4476 0.8642
vn -0.2079 0.6113 0.7636
vn -0.1403 0.5506 0.8229
vn -0.1427 0.3719 0.9172
vn -0.0927 0.3147 0.9447
vn -0.0893 0.4740 0.8760
vn -0.0592 0.4534 0.8893
vn -0.0564 0.6618 0.7476
vn -0.0632 0.7108 0.7005
vn -0.0571 0.2802 0.9582
vn -0.0320 0.4228 0.9056
vn -0.0361 0.6573 0.7527
vn -0.0409 0.7390 0.6725
vn -0.0270 0.9591 -0.2817
vn -0.0143 0.9802 -0.1977
vn -0.0154 0.9785 -0.2055
vn -0.0282 0.9567 -0.2899
vn 0.0502 0.9950 0.0865
vn -0.0102 0.9655 -0.2601
vn -0.0597 0.9706 -0.2330
vn -0.0581 0.9983 -0.0000
vn 0.1322 0.8929 0.4303
vn 0.2754 0.9565 0.0962
vn 0.2460 0.8714 0.4244
vn 0.4143 0.9101 0.0064
vn 0.4459 0.8179 -0.3636
vn 0.2925 0.7582 -0.5827
vn -0.0944 0.9624 -0.2548
vn -0.1496 0.9852 0.0839
vn -0.0532 0.9710 0.2330
vn -0.1711 0.9507 0.2586
vn -0.4068 0.8219 0.3988
vn -0.4059 0.9081 0.1027
vn -0.5574 0.8302 0.0062
vn -0.5606 0.7253 0.3996
vn -0.4688 0.2850 0.8361
vn -0.5721 0.3222 0.7543
vn -0.4373 -0.0254 0.8989
vn -0.5583 -0.0325 0.8290
vn -0.8225 0.5686 -0.0166
vn -0.5582 0.7288 -0.3966
vn -0.3723 0.7271 -0.5768
vn -0.5508 0.3088 -0.7754
vn -0.5159 -0.0300 -0.8561
vn -0.3212 0.3136 -0.8936
vn -0.2984 -0.0174 -0.9543
vn -0.1387 -0.0081 -0.9903
vn -0.1824 0.2083 -0.9609
vn -0.0561 -0.0033 -0.9984
vn -0.2461 0.6309 -0.7358
vn 0.4633 0.8400 0.2825
vn 0.7393 0.6734 -0.0000
vn 0.5155 0.4011 -0.7572
vn 0.3238 0.3465 -0.8804
vn 0.2233 0.6499 -0.7264
vn 0.1934 0.2258 -0.9548
vn 0.5696 0.2273 0.7899
vn 0.5222 0.0304 0.8523
vn 0.4095 0.0238 0.9120
vn 0.5222 0.0304 -0.8523
vn 0.3401 0.0198 -0.9402
vn 0.1655 0.0096 -0.9862
vn 0.0561 0.0033 -0.9984
vn 0.2233 0.6499 0.7264
vn 0.0158 0.6566 -0.7541
vn 0.0178 0.7381 -0.6744
vn 0.0134 0.7552 -0.6553
vn 0.0290 0.5709 -0.8205
vn 0.0387 0.5142 -0.8568
vn 0.0086 0.5602 -0.8283
vn -0.0355 0.6239 -0.7807
vn 0.0672 0.4983 -0.8644
vn 0.0664 0.4699 -0.8802
vn 0.0871 0.3493 -0.9329
vn 0.0405 0.4014 -0.9150
vn -0.0012 0.3696 -0.9292
vn 0.1031 0.4357 -0.8942
vn 0.0904 0.4714 -0.8773
vn 0.1026 -0.0236 -0.9944
vn 0.0764 0.1918 -0.9785
vn 0.0369 0.2186 -0.9751
vn 0.1109 0.5043 -0.8564
vn 0.1501 0.5964 -0.7885
vn 0.1522 0.4618 -0.8738
vn 0.1238 0.4520 -0.8834
vn 0.0919 0.8306 -0.5493
vn 0.1464 0.8266 -0.5433
vn 0.1769 0.8255 -0.5360
vn 0.1975 0.6094 -0.7679
vn 0.1861 0.5258 -0.8300
vn 0.2416 -0.3761 -0.8946
vn 0.1433 -0.9322 -0.3325
vn 0.0383 0.8689 -0.4935
vn 0.0207 0.9490 -0.3147
vn 0.0749 0.9542 -0.2895
vn 0.1299 0.9277 -0.3500
vn 0.0081 0.9480 -0.3183
vn 0.0068 0.9603 -0.2788
vn -0.0000 0.9948 -0.1022
vn 0.0179 0.9945 -0.1035
vn 0.0238 0.9992 -0.0317
vn 0.0627 0.9974 -0.0347
vn 0.0629 0.9974 -0.0345
vn 0.1046 0.9938 -0.0377
vn 0.1038 0.9938 -0.0387
vn 0.1455 0.9817 -0.1230
vn -0.0031 0.9995 -0.0304
vn -0.0089 0.9995 -0.0316
vn -0.0090 0.9995 -0.0318
vn -0.0202 0.9993 -0.0327
vn -0.0201 0.9993 -0.0329
vn -0.0381 0.9986 -0.0361
vn -0.0383 0.9986 -0.0354
vn -0.0471 0.9979 -0.0448
vn -0.0463 0.9980 -0.0442
vn -0.0661 0.9959 -0.0621
vn -0.0677 0.9958 -0.0611
vn -0.1041 0.9815 -0.1604
vn -0.0893 0.9921 -0.0881
vn -0.1182 0.9903 -0.0725
vn -0.1440 0.9651 -0.2186
vn -0.2006 0.9611 -0.1901
vn -0.2172 0.9736 -0.0700
vn -0.3210 0.9361 -0.1435
vn -0.2663 0.9236 -0.2757
vn -0.3013 0.9256 -0.2290
vn -0.3433 0.9265 -0.1543
vn -0.1887 0.9236 -0.3338
vn -0.2150 0.9234 -0.3180
vn -0.1556 0.9715 -0.1787
vn -0.1121 0.9307 -0.3483
vn 0.1367 0.9900 -0.0357
vn 0.1531 0.9877 -0.0320
vn 0.1656 0.9730 -0.1609
vn 0.1837 0.9275 -0.3255
vn 0.1581 0.9314 -0.3279
vn 0.1922 0.9704 -0.1462
vn 0.2144 0.9135 -0.3458
vn 0.2874 0.7543 -0.5902
vn 0.2250 0.8155 -0.5333
vn 0.2552 0.6175 -0.7440
vn 0.1773 0.9837 -0.0309
vn 0.2312 0.9723 -0.0347
vn 0.2502 0.9570 -0.1467
vn 0.3033 0.8742 -0.3791
vn 0.3736 0.6938 -0.6157
vn 0.3949 0.5881 -0.7058
vn 0.3334 0.6122 -0.7170
vn 0.3305 0.9322 -0.1476
vn 0.3761 0.8159 -0.4391
vn 0.4478 0.6076 -0.6560
vn 0.3072 0.9508 -0.0398
vn 0.3804 0.9236 -0.0478
vn 0.3984 0.9050 -0.1492
vn 0.4649 0.7396 -0.4868
vn 0.4923 0.5074 -0.7072
vn 0.5108 0.5362 -0.6720
vn 0.4826 0.5547 -0.6778
vn 0.4720 0.8654 -0.1684
vn 0.5462 0.6770 -0.4932
vn 0.5844 0.4216 -0.6934
vn 0.4371 0.8977 -0.0555
vn 0.4745 0.8782 -0.0606
vn 0.5265 0.8280 -0.1929
vn 0.6909 0.5751 -0.4380
vn 0.7599 0.3407 -0.5536
vn 0.7503 0.4219 -0.5090
vn 0.6079 0.4624 -0.6455
vn 0.6830 0.7101 -0.1708
vn 0.8498 0.4123 -0.3285
vn 0.8998 0.2602 -0.3501
vn 0.6837 0.7238 -0.0931
vn 0.9069 0.3847 -0.1720
vn 0.9426 0.2641 -0.2042
vn 0.9396 0.2501 -0.2337
vn 0.9083 0.2414 -0.3415
vn 0.8167 0.4566 -0.3529
vn 0.6689 0.5966 -0.4435
vn 0.5404 0.6503 -0.5339
vn 0.8201 0.5015 -0.2755
vn 0.7053 0.5359 -0.4640
vn 0.5702 0.5692 -0.5923
vn 0.5240 0.5393 -0.6592
vn 0.4954 0.6372 -0.5904
vn 0.4600 0.6211 -0.6345
vn 0.9024 -0.1055 -0.4178
vn 0.7717 -0.0884 -0.6298
vn 0.6680 -0.0770 -0.7402
vn 0.5525 0.3869 -0.7383
vn 0.5229 0.3531 -0.7758
vn 0.4922 0.5058 -0.7085
vn 0.7153 -0.5602 -0.4178
vn 0.5977 -0.5378 -0.5946
vn 0.5207 -0.5185 -0.6783
vn 0.5170 -0.5198 -0.6801
vn 0.5037 -0.4738 -0.7224
vn 0.6354 -0.7168 -0.2871
vn 0.5137 -0.4717 -0.7167
vn 0.4662 -0.4182 -0.7796
vn 0.4570 -0.4219 -0.7831
vn 0.3512 -0.3312 -0.8758
vn 0.3639 -0.3261 -0.8725
vn 0.2501 -0.3390 -0.9069
vn 0.2281 0.6020 -0.7653
vn 0.2528 0.5815 -0.7733
vn 0.3133 0.6437 -0.6982
vn 0.3198 0.5782 -0.7506
vn 0.3437 0.4699 -0.8130
vn 0.4234 0.5218 -0.7406
vn 0.4554 0.3793 -0.8054
vn 0.3880 0.6287 -0.6739
vn 0.0013 0.2235 -0.9747
vn -0.0330 0.2596 -0.9652
vn -0.0320 0.4228 -0.9056
vn -0.0592 0.4534 -0.8893
vn -0.0564 0.6611 -0.7482
vn -0.0633 0.7094 -0.7019
vn -0.0436 0.7373 -0.6742
vn -0.0571 0.2802 -0.9582
vn -0.0927 0.3147 -0.9447
vn -0.0893 0.4740 -0.8760
vn -0.0897 0.7220 -0.6860
vn -0.0959 0.8142 -0.5726
vn -0.1076 0.8203 -0.5617
vn -0.1403 0.5506 -0.8229
vn -0.1252 0.7737 -0.6210
vn -0.1910 0.7910 -0.5812
vn -0.1289 0.7759 -0.6175
vn -0.1371 0.8111 -0.5686
vn -0.1059 0.8238 -0.5568
vn -0.1427 0.3719 -0.9172
vn -0.2299 0.4476 -0.8642
vn -0.2079 0.6113 -0.7636
vn -0.3056 0.5671 -0.7648
vn -0.2248 0.8510 -0.4746
vn -0.1822 0.9313 -0.3153
vn -0.1929 0.9007 -0.3894
vn -0.1556 0.8488 -0.5054
vn -0.3433 0.3678 -0.8642
vn -0.4571 0.2981 -0.8380
vn -0.4277 0.5038 -0.7505
vn -0.3236 0.7867 -0.5258
vn -0.2446 0.9097 -0.3355
vn -0.2352 0.9582 -0.1630
vn -0.1794 0.9589 -0.2200
vn -0.1860 0.9399 -0.2864
vn -0.5141 0.4703 -0.7172
vn -0.4240 0.7386 -0.5241
vn -0.3489 0.8808 -0.3202
vn -0.5462 0.2756 -0.7910
vn -0.6277 0.2691 -0.7305
vn -0.6061 0.4352 -0.6658
vn -0.5239 0.6918 -0.4969
vn -0.4581 0.8329 -0.3107
vn -0.3997 0.9066 -0.1352
vn -0.3061 0.9430 -0.1304
vn -0.7225 0.4050 -0.5603
vn -0.6399 0.6308 -0.4390
vn -0.5733 0.7667 -0.2889
vn -0.7141 0.3134 -0.6259
vn -0.8445 0.2918 -0.4490
vn -0.9117 0.2203 -0.3468
vn -0.7943 0.5026 -0.3412
vn -0.8061 0.5428 -0.2357
vn -0.6985 0.7055 -0.1200
vn -0.5044 0.8511 -0.1457
vn -0.8843 0.4396 -0.1571
vn -0.7350 0.6761 -0.0506
vn -0.4921 0.8693 -0.0459
vn -0.3781 0.9239 -0.0589
vn -0.2994 0.9520 -0.0632
vn -0.2474 0.9654 -0.0821
vn -0.1804 0.9739 -0.1381
vn -0.1895 0.9573 -0.2183
vn -0.2080 0.9610 -0.1823
vn -0.2392 0.9504 -0.1986
vn -0.2498 0.8368 -0.4873
vn -0.1814 0.8715 -0.4556
vn -0.2152 0.7628 -0.6098
vn -0.1939 0.8111 -0.5519
vn -0.2686 0.9375 -0.2213
vn -0.1732 0.8781 -0.4461
vn -0.2248 0.8362 -0.5002
vn -0.2456 0.9587 -0.1436
vn -0.2881 0.9454 -0.1522
vn -0.2785 0.9234 -0.2642
vn 0.4480 -0.5747 -0.6849
vn 0.4456 -0.5755 -0.6858
vn 0.5632 -0.5311 -0.6330
vn 0.2819 -0.6167 -0.7350
vn 0.2831 -0.6165 -0.7347
vn 0.1355 -0.6369 -0.7590
vn 0.1346 -0.6369 -0.7591
vn -0.0000 -0.6428 -0.7660
vn -0.1124 -0.6387 -0.7612
vn -0.1131 -0.6387 -0.7611
vn -0.2696 -0.6190 -0.7377
vn -0.2726 -0.6185 -0.7370
vn -0.4842 -0.5624 -0.6702
vn -0.4834 -0.5627 -0.6706
vn -0.6118 -0.5085 -0.6060
vn 0.2240 -0.0000 -0.9746
vn 0.0780 -0.0000 -0.9970
vn 0.0050 0.3848 -0.9230
vn 0.2285 0.3420 -0.9115
vn 0.4558 0.3159 -0.8321
vn 0.4469 -0.0000 -0.8946
vn 0.6330 0.3634 -0.6835
vn 0.6418 -0.0000 -0.7669
vn 0.8577 0.5142 -0.0000
vn 0.0069 0.8704 -0.4923
vn 0.2041 0.8315 -0.5167
vn 0.4245 0.7714 -0.4740
vn 0.5903 0.7311 -0.3420
vn -0.1537 0.8408 -0.5191
vn -0.1367 0.9906 0.0019
vn 0.0003 1.0000 -0.0000
vn 0.1914 0.9815 -0.0020
vn 0.4074 0.9133 -0.0028
vn 0.5845 0.8114 -0.0078
vn -0.1717 0.3436 -0.9233
vn -0.3696 0.3303 -0.8685
vn -0.3564 0.7961 -0.4892
vn -0.3452 0.9385 -0.0064
vn -0.1468 0.8408 0.5210
vn -0.0061 0.8704 0.4922
vn -0.0771 -0.0000 -0.9970
vn -0.1628 -0.0000 -0.9867
vn -0.3595 -0.0000 -0.9331
vn -0.5936 0.3468 -0.7262
vn -0.5600 0.7334 -0.3853
vn -0.5506 0.8347 -0.0064
vn -0.5566 0.7373 0.3828
vn -0.3273 0.8094 0.4876
vn -0.1671 0.3472 0.9228
vn -0.6025 -0.0000 -0.7981
vn -0.8175 0.5756 0.0172
vn -0.5728 0.3310 0.7499
vn -0.3358 0.3294 0.8825
vn -0.1628 -0.0000 0.9867
vn -0.0040 0.3848 0.9230
vn 0.2110 0.8311 0.5145
vn -0.5592 -0.0000 0.8290
vn -0.3319 -0.0000 0.9433
vn -0.0771 -0.0000 0.9970
vn -0.1244 0.2602 0.9575
vn -0.0506 0.2882 0.9562
vn -0.0489 0.2829 0.9579
vn -0.1586 0.4122 0.8972
vn -0.3452 0.4748 0.8096
vn -0.3273 -0.0175 0.9448
vn -0.5566 0.0372 0.8300
vn -0.5728 -0.4840 0.6616
vn -0.3358 -0.5995 0.7265
vn -0.1597 -0.6264 0.7630
vn -0.1453 -0.3153 0.9378
vn -0.3564 0.8216 0.4448
vn -0.5506 0.4229 0.7197
vn -0.8175 0.2729 0.5071
vn -0.5592 -0.7180 0.4145
vn -0.3319 -0.8169 0.4717
vn -0.1559 -0.8554 0.4939
vn -0.2326 0.8601 0.4540
vn -0.3696 0.9173 -0.1482
vn -0.5600 0.7004 0.4425
vn -0.5936 0.8023 -0.0628
vn -0.6025 0.6912 -0.3991
vn -0.3595 0.8081 -0.4666
vn -0.1902 0.9377 -0.2907
vn -0.1559 0.8554 -0.4939
vn -0.0000 0.8660 -0.5000
vn 0.1854 0.8510 -0.4913
vn 0.1838 0.8513 -0.4915
vn 0.4109 0.8678 -0.2793
vn 0.3776 0.8019 -0.4630
vn 0.5614 0.8268 -0.0355
vn 0.5667 0.7135 -0.4120
vn 0.8079 0.2947 0.5104
vn 0.5143 0.7027 0.4916
vn 0.5072 0.4369 0.7429
vn 0.5338 0.0803 0.8418
vn 0.5798 -0.4527 0.6774
vn 0.5667 -0.7135 0.4120
vn 0.3802 -0.5884 0.7136
vn 0.3776 -0.8019 0.4630
vn 0.4339 0.7963 0.4214
vn 0.4167 0.4592 0.7845
vn 0.3715 -0.1311 0.9191
vn 0.1812 -0.3080 0.9340
vn 0.1933 -0.6253 0.7561
vn 0.1854 -0.8510 0.4913
vn -0.0000 -0.8660 0.5000
vn -0.0038 -0.6071 0.7946
vn -0.0071 -0.2619 0.9651
vn 0.0193 0.9824 0.1858
vn 0.0068 0.9971 0.0760
vn -0.0039 0.9967 0.0816
vn -0.0130 0.9850 0.1719
vn 0.0079 0.9097 0.4152
vn 0.1706 0.8807 0.4419
vn 0.0462 0.9722 0.2296
vn 0.4698 0.6426 0.6053
vn 0.3451 0.9254 0.1565
vn 0.0631 0.9980 -0.0010
vn -0.0342 0.9824 0.1834
vn -0.0435 0.9597 0.2776
vn -0.0281 0.9049 0.4247
vn -0.0313 0.6986 0.7148
vn -0.0330 0.6937 0.7195
vn -0.0258 0.9965 0.0793
vn -0.0748 0.9797 0.1861
vn -0.0781 0.9535 0.2910
vn -0.0685 0.9944 0.0805
vn -0.1251 0.9767 0.1746
vn -0.1890 0.8765 0.4428
vn -0.1153 0.9906 0.0739
vn -0.1413 0.9780 0.1537
vn -0.2144 0.8666 0.4505
vn -0.2766 0.6793 0.6798
vn -0.2758 0.6636 0.6954
vn -0.1283 0.9892 0.0705
vn 0.2539 0.9672 -0.0113
vn 0.5908 0.7972 0.1245
vn 0.2974 0.9519 0.0743
vn 0.7494 0.6555 0.0941
vn 0.6987 0.7127 0.0626
vn 0.9702 0.2388 0.0421
vn 0.8799 0.4357 0.1896
vn 0.9485 0.2053 0.2412
vn 0.7787 0.5469 0.3073
vn 0.8344 0.3587 0.4185
vn 0.4941 0.4060 0.7688
vn 0.2987 0.6455 0.7029
vn 0.2074 0.7923 0.5738
vn 0.2905 0.4988 0.8166
vn 0.3373 0.4907 0.8034
vn 0.3470 0.7025 0.6214
vn 0.1581 0.9727 0.1699
vn -0.0036 0.9178 0.3970
vn -0.1676 0.7993 0.5771
vn 0.5798 0.2279 0.7822
vn 0.5338 0.6964 0.4796
vn 0.3418 0.9259 0.1607
vn 0.1686 0.9149 -0.3669
vn 0.0056 0.9431 -0.3324
vn -0.1317 0.9759 0.1737
vn 0.8079 0.5804 0.1023
vn 0.5072 0.8499 0.1428
vn 0.3575 0.8682 -0.3442
vn 0.1895 0.4996 -0.8453
vn 0.0038 0.5390 -0.8423
vn -0.1469 0.9188 -0.3664
vn 0.5667 -0.1431 0.8114
vn 0.3796 -0.1606 0.9111
vn 0.3776 -0.1608 0.9119
vn 0.1838 -0.1707 0.9680
vn 0.1854 -0.1706 0.9677
vn -0.0000 -0.1736 0.9848
vn -0.1559 -0.1715 0.9728
vn -0.1546 -0.1716 0.9730
vn -0.3358 -0.1636 0.9276
vn -0.3319 -0.1638 0.9290
vn -0.5592 -0.1440 0.8164
vn -0.5728 0.1957 0.7960
vn -0.8175 0.5639 0.1169
vn -0.5566 0.6597 0.5050
vn -0.5506 0.8232 0.1387
vn -0.5600 0.7892 -0.2521
vn -0.5936 0.4676 -0.6549
vn -0.6025 0.1386 -0.7860
vn -0.3595 0.1620 -0.9190
vn -0.3273 0.7125 0.6207
vn -0.3452 0.9254 0.1567
vn -0.3564 0.8689 -0.3435
vn -0.3696 0.4761 -0.7979
vn -0.1636 0.4998 -0.8505
vn -0.1559 0.1715 -0.9728
vn -0.0000 0.1736 -0.9848
vn -0.2960 0.4979 0.8152
vn -0.2338 0.5068 0.8298
vn 0.1854 0.1706 -0.9677
vn 0.3859 0.4717 -0.7929
vn 0.3776 0.1608 -0.9119
vn 0.5614 0.5042 -0.6562
vn 0.5667 0.1431 -0.8114
vn 0.5143 0.8283 -0.2223
vn -0.1413 0.9780 -0.1537
vn -0.1283 0.9892 -0.0704
vn -0.1153 0.9906 -0.0738
vn -0.1251 0.9767 -0.1746
vn -0.1562 0.9535 -0.2579
vn -0.1282 0.9534 -0.2731
vn -0.0748 0.9797 -0.1861
vn -0.0781 0.9535 -0.2910
vn -0.0342 0.9824 -0.1834
vn -0.0435 0.9597 -0.2776
vn -0.0685 0.9944 -0.0804
vn -0.0258 0.9965 -0.0793
vn -0.0039 0.9967 -0.0815
vn -0.0130 0.9850 -0.1719
vn -0.0281 0.9049 -0.4247
vn 0.0079 0.9097 -0.4152
vn -0.0313 0.6986 -0.7148
vn -0.0330 0.6937 -0.7195
vn 0.0212 0.9870 -0.1596
vn 0.1706 0.8807 -0.4419
vn 0.0418 0.9810 -0.1894
vn 0.4698 0.6426 -0.6053
vn 0.4941 0.4060 -0.7688
vn 0.2987 0.6455 -0.7029
vn 0.0179 0.9970 -0.0750
vn 0.0470 0.9983 -0.0357
vn 0.3451 0.9254 -0.1565
vn 0.7787 0.5469 -0.3073
vn 0.8344 0.3587 -0.4185
vn 0.2538 0.9672 0.0113
vn 0.5908 0.7971 -0.1245
vn 0.8799 0.4357 -0.1896
vn 0.9485 0.2053 -0.2412
vn 0.2974 0.9519 -0.0743
vn 0.7494 0.6555 -0.0940
vn 0.9702 0.2388 -0.0421
vn 0.6987 0.7127 -0.0625
vn 0.9656 -0.0000 0.2601
vn 0.9646 -0.0507 0.2586
vn 0.9656 0.0004 0.2601
vn 0.9632 0.0641 0.2609
vn 0.9656 0.0004 -0.2601
vn 0.9646 -0.0507 -0.2586
vn 0.9656 -0.0000 -0.2601
vn 0.9632 0.0641 -0.2609
vn -0.0000 0.5878 0.8090
vn -0.0000 -0.0000 1.0000
vn -0.0000 -0.5878 0.8090
vn -0.0000 0.5878 -0.8090
vn -0.0000 -0.0000 -1.0000
vn -0.0000 -0.5878 -0.8090
vn 0.3018 0.0611 -0.9514
vn 0.1706 0.3137 -0.9341
vn 0.2850 0.0966 -0.9536
vn 0.1501 0.3488 -0.9251
vn 0.2850 0.0966 0.9536
vn 0.1706 0.3137 0.9341
vn 0.3018 0.0611 0.9514
vn 0.1501 0.3488 0.9251
vn -0.0000 -0.9511 0.3090
vn 0.1595 -0.7742 -0.6126
vn 0.1883 -0.8330 -0.5203
vn 0.1929 -0.8418 -0.5041
vn 0.1542 -0.7627 -0.6281
vn 0.1929 -0.8418 0.5041
vn 0.1883 -0.8330 0.5203
vn 0.1595 -0.7742 0.6126
vn 0.1542 -0.7627 0.6281
vn 0.1927 -0.8887 -0.4159
vn 0.3408 -0.9374 0.0713
vn 0.2229 -0.9148 -0.3369
vn 0.3550 -0.9242 0.1406
vn 0.2229 -0.9148 0.3369
vn 0.3408 -0.9374 -0.0713
vn 0.1927 -0.8887 0.4159
vn 0.3550 -0.9242 -0.1406
vn 0.5313 -0.8403 -0.1075
vn 0.5144 -0.8461 -0.1395
vn 0.5092 -0.8425 -0.1758
vn 0.5334 -0.8412 -0.0888
vn 0.5530 -0.8311 -0.0590
vn 0.5092 -0.8425 0.1758
vn 0.5144 -0.8461 0.1395
vn 0.5313 -0.8403 0.1075
vn 0.5334 -0.8412 0.0888
vn 0.5530 -0.8311 0.0590
vn 0.4604 -0.8875 0.0206
vn 0.4434 -0.8955 0.0382
vn 0.4249 -0.8850 0.1904
vn 0.4829 -0.8751 0.0313
vn 0.5175 -0.8545 -0.0455
vn 0.2784 -0.9488 0.1490
vn 0.3160 -0.9487 0.0133
vn 0.3282 -0.9444 -0.0197
vn 0.5749 -0.8162 -0.0575
vn 0.2494 -0.8477 0.4682
vn 0.0303 -0.8257 0.5633
vn 0.0252 -0.9750 0.2206
vn 0.0285 -0.9985 0.0466
vn 0.0338 -0.9994 0.0091
vn -0.0219 -0.9997 0.0110
vn 0.2161 -0.5874 0.7799
vn 0.0363 -0.4493 0.8926
vn -0.0123 -0.4529 0.8915
vn -0.0206 -0.8281 0.5602
vn -0.0220 -0.9757 0.2181
vn -0.0222 -0.9984 0.0518
vn 0.2243 -0.9413 -0.2521
vn 0.2504 -0.8939 0.3719
vn 0.1382 -0.3437 0.9289
vn 0.0394 -0.2096 0.9770
vn -0.0052 -0.2070 0.9783
vn -0.0379 -0.2366 0.9709
vn -0.0393 -0.4974 0.8666
vn -0.0403 -0.8556 0.5161
vn -0.0376 -0.9783 0.2036
vn -0.0327 -0.9981 0.0525
vn -0.0315 -0.9994 0.0128
vn -0.0338 -0.9993 0.0142
vn -0.0669 -0.5463 0.8349
vn -0.0593 -0.8484 0.5261
vn -0.0389 -0.9864 0.1596
vn -0.0351 -0.9979 0.0542
vn -0.0399 -0.9973 0.0611
vn -0.0339 -0.9993 0.0146
vn -0.0519 -0.9985 0.0159
vn -0.0624 -0.2774 0.9587
vn -0.0988 -0.3096 0.9457
vn -0.0955 -0.5681 0.8174
vn -0.0848 -0.7800 0.6200
vn -0.1396 -0.5782 0.8038
vn -0.1196 -0.7819 0.6118
vn -0.1789 -0.8233 0.5387
vn -0.1489 -0.3401 0.9285
vn -0.2379 -0.3358 0.9114
vn -0.2186 -0.5653 0.7954
vn -0.3238 -0.5425 0.7751
vn -0.2427 -0.8387 0.4875
vn -0.1825 -0.9506 0.2510
vn -0.1201 -0.9689 0.2161
vn -0.0973 -0.9911 0.0905
vn -0.0599 -0.9869 0.1497
vn -0.3500 -0.3215 0.8798
vn -0.4641 -0.2970 0.8345
vn -0.4357 -0.5077 0.7433
vn -0.3419 -0.7953 0.5006
vn -0.2733 -0.9207 0.2785
vn -0.2365 -0.9664 0.1006
vn -0.1556 -0.9830 0.0974
vn -0.5171 -0.4896 0.7020
vn -0.4280 -0.7657 0.4801
vn -0.3576 -0.8955 0.2648
vn -0.5454 -0.2843 0.7885
vn -0.6307 -0.2811 0.7234
vn -0.6023 -0.4738 0.6425
vn -0.5163 -0.7355 0.4387
vn -0.4569 -0.8549 0.2457
vn -0.4129 -0.9059 0.0942
vn -0.3176 -0.9432 0.0970
vn -0.7201 -0.4443 0.5329
vn -0.6193 -0.6897 0.3751
vn -0.5455 -0.8099 0.2156
vn -0.7177 -0.3310 0.6127
vn -0.8416 -0.3154 0.4385
vn -0.9083 -0.2536 0.3325
vn -0.7607 -0.5765 0.2983
vn -0.7610 -0.6218 0.1853
vn -0.6447 -0.7607 0.0754
vn -0.4916 -0.8659 0.0918
vn -0.8424 -0.5245 0.1241
vn -0.6811 -0.7315 0.0326
vn -0.4822 -0.8758 0.0221
vn -0.4019 -0.9149 0.0371
vn -0.3066 -0.9512 0.0362
vn -0.2273 -0.9731 0.0368
vn -0.1489 -0.9883 0.0325
vn -0.0909 -0.9956 0.0223
vn -0.0561 -0.9948 0.0855
vn -0.0462 -0.9936 0.1035
vn 0.4249 -0.8850 -0.1904
vn 0.4434 -0.8955 -0.0382
vn 0.4604 -0.8875 -0.0206
vn 0.4829 -0.8751 -0.0313
vn 0.2784 -0.9488 -0.1490
vn 0.2494 -0.8477 -0.4682
vn 0.2161 -0.5874 -0.7799
vn 0.2243 -0.9413 0.2521
vn 0.2504 -0.8939 -0.3719
vn 0.1382 -0.3437 -0.9289
vn 0.5175 -0.8545 0.0455
vn 0.3160 -0.9487 -0.0133
vn 0.0285 -0.9985 -0.0466
vn 0.0252 -0.9750 -0.2206
vn 0.0303 -0.8257 -0.5633
vn 0.0363 -0.4493 -0.8926
vn 0.0394 -0.2096 -0.9770
vn 0.3282 -0.9444 0.0197
vn 0.0338 -0.9994 -0.0091
vn -0.0219 -0.9997 -0.0110
vn -0.0222 -0.9984 -0.0518
vn -0.0220 -0.9757 -0.2181
vn 0.5749 -0.8162 0.0575
vn 0.3355 -0.9420 -0.0105
vn 0.2704 -0.9322 -0.2406
vn 0.5797 -0.8074 -0.1096
vn 0.6829 -0.7305 0.0054
vn 0.6781 -0.7314 0.0725
vn 0.7865 -0.6083 0.1071
vn 0.7172 -0.6949 0.0527
vn 0.7413 -0.6692 0.0504
vn 0.8180 -0.5724 0.0571
vn 0.4273 -0.9040 0.0154
vn 0.4643 -0.8845 -0.0463
vn 0.6416 -0.5786 -0.5036
vn 0.0128 -0.9768 0.2138
vn 0.3935 -0.9048 0.1628
vn 0.6240 -0.7738 0.1088
vn 0.7875 -0.6134 0.0600
vn 0.8314 -0.4691 0.2980
vn 0.4547 -0.8806 0.1336
vn 0.4699 -0.8203 0.3261
vn 0.6040 -0.7706 0.2034
vn 0.3484 -0.9303 0.1150
vn 0.5460 -0.5717 0.6124
vn 0.5015 -0.7761 0.3823
vn 0.8609 -0.3897 0.3270
vn 0.2504 -0.9532 -0.1692
vn 0.3116 -0.9501 0.0107
vn 0.6101 -0.7546 0.2416
vn 0.2265 -0.7954 -0.5621
vn 0.4794 -0.8749 0.0681
vn 0.8233 -0.5611 -0.0857
vn 0.6517 -0.7255 -0.2213
vn 0.5312 -0.8455 0.0543
vn 0.0118 -0.9986 0.0520
vn -0.0088 -0.9968 0.0798
vn 0.0262 -0.9968 0.0750
vn 0.0224 -0.9962 0.0840
vn 0.0197 -0.9965 0.0812
vn -0.0090 -0.9948 0.1018
vn 0.1353 -0.9247 0.3558
vn 0.0042 -0.9416 0.3366
vn -0.0260 -0.9359 0.3512
vn -0.0444 -0.9941 0.0987
vn -0.0410 -0.9952 0.0888
vn 0.9107 -0.4113 0.0376
vn -0.0481 -0.9950 0.0870
vn -0.0397 -0.9953 0.0883
vn -0.0324 -0.9963 0.0800
vn -0.0334 -0.9962 0.0806
vn -0.0585 -0.9912 0.1188
vn -0.0430 -0.9963 0.0743
vn -0.0625 -0.9861 0.1542
vn -0.0485 -0.9963 0.0710
vn -0.1585 -0.9201 0.3581
vn -0.1769 -0.8843 0.4321
vn -0.2766 -0.6793 0.6798
vn -0.2758 -0.6636 0.6954
vn -0.0230 -0.6802 0.7327
vn -0.0344 -0.6485 0.7605
vn 0.3279 -0.6760 0.6599
vn -0.1169 0.4346 0.8930
vn -0.0765 0.7519 0.6548
vn -0.1011 0.5863 0.8037
vn -0.0659 0.8063 0.5878
vn -0.1169 0.4346 -0.8930
vn -0.1011 0.5863 -0.8037
vn -0.0765 0.7519 -0.6548
vn -0.0659 0.8063 -0.5878
vn -0.0000 0.9361 -0.3517
vn -0.0000 0.9511 -0.3090
vn -0.0000 0.9361 0.3517
vn -0.0000 0.9511 0.3090
vn 0.2504 -0.9532 0.1692
vn 0.2265 -0.7954 0.5621
vn 0.6240 -0.7738 -0.1090
vn 0.4548 -0.8804 -0.1344
vn 0.3176 -0.9471 0.0473
vn 0.3455 -0.9306 -0.1204
vn 0.3802 -0.9249 -0.0029
vn 0.6751 -0.7354 -0.0592
vn 0.3936 -0.9192 0.0167
vn 0.8058 0.5222 0.2793
vn 0.7338 -0.4242 0.5306
vn 0.7327 -0.6797 0.0343
vn 0.6073 -0.7541 -0.2500
vn 0.7944 0.4541 -0.4033
vn 0.9740 0.2077 0.0900
vn 0.3372 -0.3383 -0.8785
vn -0.2815 0.9004 -0.3317
vn 0.4992 -0.7796 -0.3782
vn 0.5464 -0.5671 -0.6163
vn 0.6656 -0.7380 -0.1113
vn 0.5146 -0.8546 -0.0700
vn -0.0088 -0.9968 -0.0798
vn 0.1353 -0.9247 -0.3558
vn 0.3279 -0.6760 -0.6599
vn 0.0046 -0.9767 -0.2145
vn 0.8098 -0.5845 -0.0516
vn 0.4273 -0.9040 -0.0154
vn 0.0118 -0.9986 -0.0519
vn 0.0262 -0.9968 -0.0750
vn 0.0224 -0.9962 -0.0840
vn 0.0042 -0.9416 -0.3366
vn 0.7413 -0.6692 -0.0504
vn 0.7865 -0.6082 -0.1071
vn 0.7172 -0.6949 -0.0527
vn 0.6781 -0.7313 -0.0725
vn 0.7939 -0.4081 0.4508
vn 0.8924 -0.0108 0.4511
vn 0.8920 0.4384 0.1102
vn 0.0197 -0.9965 -0.0811
vn -0.0090 -0.9948 -0.1018
vn -0.0260 -0.9359 -0.3512
vn -0.0230 -0.6802 -0.7327
vn -0.0344 -0.6485 -0.7605
vn -0.0444 -0.9941 -0.0987
vn -0.0410 -0.9952 -0.0888
vn -0.0481 -0.9950 -0.0870
vn -0.0397 -0.9953 -0.0883
vn -0.1585 -0.9201 -0.3581
vn -0.0585 -0.9912 -0.1188
vn -0.1769 -0.8843 -0.4321
vn -0.2766 -0.6793 -0.6798
vn -0.2758 -0.6636 -0.6954
vn -0.0324 -0.9963 -0.0799
vn -0.0334 -0.9962 -0.0806
vn -0.0430 -0.9963 -0.0742
vn -0.0625 -0.9861 -0.1541
vn -0.0485 -0.9963 -0.0709
vn -0.0000 -0.9034 0.4288
vn -0.0000 -0.9511 -0.3090
vn -0.0000 0.9170 -0.3989
vn -0.0000 0.9034 -0.4288
vn -0.0000 -0.9034 -0.4288
vn 0.1359 0.5297 -0.8373
vn 0.1033 0.8351 -0.5404
vn 0.0979 0.8617 -0.4979
vn -0.0286 0.9104 0.4127
vn -0.0136 0.9537 0.3005
vn -0.0862 0.6626 0.7440
vn -0.0872 0.6632 0.7434
vn 1.0000 -0.0000 0.0001
vn -0.0634 -0.0000 0.9980
vn -0.1526 -0.0000 0.9883
vn -0.1588 -0.0000 0.9873
vn -0.3353 -0.0000 0.9421
vn -0.6115 -0.1323 0.7801
vn -0.7090 -0.2781 0.6481
vn -0.6799 -0.4449 0.5829
vn 0.1645 -0.0000 0.9864
vn 0.0562 -0.0000 0.9984
vn 0.1626 -0.0000 0.9867
vn 0.3788 -0.1576 0.9120
vn 0.3386 -0.0000 0.9409
vn 0.5452 -0.3102 0.7788
vn 0.5188 -0.0000 0.8549
vn 0.8889 -0.4582 -0.0000
vn 0.5709 -0.6886 0.4472
vn 0.5981 -0.8014 0.0089
vn 0.5929 -0.6795 -0.4321
vn 0.5615 -0.2895 -0.7752
vn 0.5188 -0.0000 -0.8549
vn 0.3699 -0.1528 -0.9164
vn 0.3386 -0.0000 -0.9409
vn 0.4282 -0.7664 0.4789
vn 0.4207 -0.9072 0.0026
vn 0.4141 -0.7723 -0.4818
vn 0.1873 -0.9165 0.3535
vn 0.1982 -0.9802 0.0021
vn 0.1925 -0.9141 -0.3568
vn -0.0046 -0.9448 -0.3277
vn -0.1564 -0.9215 -0.3555
vn 0.0046 -0.9448 0.3277
vn -0.1667 -0.9860 -0.0021
vn -0.4189 -0.9080 0.0064
vn -0.4089 -0.7810 -0.4721
vn -0.6107 -0.6421 -0.4635
vn -0.5510 -0.2618 -0.7924
vn -0.3342 -0.1562 -0.9295
vn -0.1616 -0.9193 0.3589
vn -0.4461 -0.7637 0.4666
vn -0.6428 -0.7660 0.0081
vn -0.8953 -0.4450 -0.0192
vn -0.5106 -0.0000 -0.8598
vn -0.2960 -0.0000 -0.9552
vn -0.1382 -0.0000 -0.9904
vn -0.1367 -0.0000 -0.9906
vn -0.0562 -0.0000 -0.9984
vn -0.6119 -0.6383 0.4670
vn -0.5740 -0.2755 0.7711
vn -0.5538 -0.0000 0.8327
vn -0.3211 -0.0000 0.9470
vn -0.3802 -0.1595 0.9110
vn -0.1367 -0.0000 0.9906
vn -0.1382 -0.0000 0.9904
vn -0.0562 -0.0000 0.9984
vn 0.1626 -0.0000 -0.9867
vn 0.1646 -0.0000 -0.9864
vn 0.0562 -0.0000 -0.9984
vn 0.0634 -0.0000 -0.9980
vn 0.1854 -0.0000 -0.9827
vn 0.1833 -0.0000 -0.9831
vn 0.4124 -0.1915 -0.8907
vn 0.3776 -0.0000 -0.9260
vn 0.5760 -0.2484 -0.7788
vn 0.5390 -0.7194 -0.4381
vn 0.3718 -0.8387 -0.3980
vn 0.5083 -0.8612 -0.0069
vn 0.3610 -0.9276 -0.0956
vn 0.1474 -0.9563 -0.2525
vn 0.5667 -0.0000 -0.8239
vn 0.8015 -0.5980 -0.0000
vn 0.5403 -0.7103 0.4512
vn 0.3667 -0.7259 0.5819
vn 0.5694 -0.2572 0.7808
vn 0.3775 -0.3402 0.8612
vn 0.2535 -0.6937 0.6742
vn 0.2251 -0.2369 0.9451
vn 0.5667 -0.0000 0.8239
vn 0.3770 -0.0000 0.9262
vn 0.1805 -0.0000 0.9836
vn 0.0634 -0.0000 0.9980
vn 0.1212 -0.9920 -0.0347
vn -0.0011 -0.9975 0.0708
vn 0.0036 -0.9728 -0.2316
vn -0.1294 -0.9885 0.0779
vn -0.1272 -0.9582 -0.2564
vn -0.2120 -0.9440 -0.2526
vn -0.1932 -0.9809 0.0218
vn -0.0057 -0.9300 0.3676
vn -0.1130 -0.9150 0.3872
vn -0.1439 -0.9560 0.2558
vn 0.0522 -0.9127 0.4054
vn -0.1559 -0.0000 0.9878
vn -0.1546 -0.0000 0.9880
vn -0.3640 -0.1931 0.9112
vn -0.5728 -0.3310 0.7499
vn -0.3536 -0.8509 0.3885
vn -0.5566 -0.7374 0.3828
vn -0.3452 -0.9385 -0.0064
vn -0.1244 -0.9593 0.2534
vn -0.8175 -0.5756 0.0172
vn -0.5506 -0.8347 -0.0064
vn -0.3930 -0.8331 -0.3892
vn -0.1317 -0.9913 0.0016
vn -0.0036 -0.9728 0.2315
vn 0.1581 -0.9874 -0.0016
vn 0.1532 -0.9546 0.2555
vn -0.5600 -0.7334 -0.3853
vn -0.4102 -0.1920 -0.8916
vn -0.5936 -0.3468 -0.7262
vn -0.1546 -0.0000 -0.9880
vn -0.1559 -0.0000 -0.9878
vn -0.0634 -0.0000 -0.9980
vn 0.3603 -0.8437 0.3979
vn 0.3418 -0.9398 -0.0026
vn 0.5338 -0.7691 0.3514
vn 0.5798 -0.3603 0.7308
vn 0.4029 -0.1882 0.8957
vn 0.3776 -0.0000 0.9260
vn 0.1838 -0.0000 0.9830
vn 0.1489 -0.9561 -0.2525
vn 0.3745 -0.8379 -0.3971
vn 0.5072 -0.8618 -0.0069
vn 0.8079 -0.5893 -0.0000
vn 0.0036 -0.9728 -0.2315
vn -0.1287 -0.9580 -0.2564
vn 0.1854 -0.0000 0.9827
vn 0.1838 -0.0000 -0.9830
vn 0.4109 -0.1921 -0.8912
vn 0.5614 -0.3826 -0.7338
vn 0.5143 -0.7771 -0.3627
vn -0.1542 -0.0000 -0.9880
vn -0.6482 -0.1261 -0.7510
vn -0.7334 -0.2695 -0.6241
vn -0.7039 -0.4313 -0.5644
vn -0.0000 0.8830 0.4695
vn -0.0000 0.8829 0.4695
vn -0.0000 0.4384 0.8988
vn -0.0000 -0.1737 0.9848
vn -0.0000 -0.7193 0.6947
vn -0.0000 0.8830 -0.4695
vn -0.0000 0.8829 -0.4695
vn -0.0000 0.4384 -0.8988
vn -0.0000 -0.1736 -0.9848
vn -0.0000 -0.1737 -0.9848
vn -0.0000 -0.7193 -0.6947
vn 0.1839 -0.0000 -0.9829
vn 0.4138 -0.1932 -0.8896
vn 0.5624 -0.3784 -0.7352
vn 0.5128 -0.7773 -0.3645
vn 0.4454 -0.7591 -0.4748
vn 0.4906 -0.8548 -0.1693
vn 0.4257 -0.8741 -0.2339
vn 0.7002 -0.5447 -0.4616
vn -0.1547 -0.0000 0.9880
vn -0.3466 -0.1848 0.9197
vn -0.5595 -0.3511 0.7508
vn -0.3376 -0.6542 0.6768
vn -0.5913 -0.6724 0.4452
vn -0.7471 -0.4685 0.4715
vn -0.6574 -0.7378 0.1536
vn -0.0000 0.7193 -0.6947
vn -0.0000 0.1737 -0.9848
vn -0.0000 -0.4384 -0.8988
vn -0.0000 -0.8829 -0.4695
vn -0.0000 -0.8830 -0.4695
vn -0.0000 0.7193 0.6947
vn -0.0000 0.1737 0.9848
vn -0.0000 0.1736 0.9848
vn -0.0000 -0.4384 0.8988
vn -0.0000 -0.8829 0.4695
vn -0.0000 -0.8830 0.4695
vn 0.2101 -0.3629 0.9078
vn 0.2643 -0.6822 0.6817
vn 0.3644 -0.7544 0.5460
vn 0.3575 -0.4439 0.8217
vn 0.1895 0.1606 0.9687
vn 0.0071 -0.2557 0.9667
vn 0.0070 -0.2557 0.9667
vn -0.1781 -0.3714 0.9112
vn 0.5072 -0.7429 0.4369
vn 0.5143 -0.4916 0.7027
vn 0.3859 0.1483 0.9105
vn 0.1854 0.4913 0.8510
vn -0.0000 0.5000 0.8660
vn -0.1546 0.4940 0.8556
vn 0.5338 -0.8418 0.0803
vn 0.8079 -0.5104 0.2947
vn 0.5614 0.0355 0.8268
vn 0.3776 0.4630 0.8019
vn 0.3715 -0.9191 -0.1311
vn 0.5798 -0.6774 -0.4527
vn 0.5667 -0.4120 -0.7135
vn 0.3802 -0.7136 -0.5884
vn 0.3776 -0.4630 -0.8019
vn 0.1933 -0.7561 -0.6253
vn 0.1854 -0.4913 -0.8510
vn -0.0000 -0.5000 -0.8660
vn 0.1812 -0.9340 -0.3080
vn -0.0038 -0.7946 -0.6071
vn -0.1559 -0.4939 -0.8554
vn -0.1597 -0.7630 -0.6264
vn -0.3358 -0.7265 -0.5995
vn -0.3319 -0.4716 -0.8169
vn -0.5592 -0.4145 -0.7180
vn -0.0071 -0.9651 -0.2619
vn -0.1453 -0.9378 -0.3153
vn -0.3643 -0.9232 -0.1220
vn -0.5728 -0.6616 -0.4840
vn -0.8175 -0.5071 0.2729
vn -0.5566 -0.8300 0.0372
vn -0.5506 -0.7197 0.4229
vn -0.5600 -0.4425 0.7004
vn -0.5936 0.0628 0.8023
vn -0.6025 0.3991 0.6912
vn -0.3873 -0.7422 0.5469
vn -0.3564 -0.4448 0.8216
vn -0.3696 0.1482 0.9173
vn -0.3595 0.4666 0.8081
vn -0.2120 -0.6912 0.6908
vn -0.1520 -0.1956 0.9688
vn -0.1559 0.4939 0.8554
vn 0.5667 0.4120 0.7135
vn 0.9701 -0.2425 -0.0000
vn -0.9701 0.2425 -0.0000
vn -0.1547 -0.0000 -0.9880
vn -0.3934 -0.1848 -0.9006
vn -0.5770 -0.3687 -0.7288
vn -0.7623 -0.4623 -0.4530
vn -0.5375 -0.7498 -0.3859
vn -0.5221 -0.8319 -0.1881
vn -0.4223 -0.7653 -0.4858
vn -0.4025 -0.8843 -0.2366
vn 0.4109 -0.1921 0.8912
vn 0.5614 -0.3826 0.7338
vn 0.5143 -0.7771 0.3627
vn 0.5072 -0.8618 0.0069
vn 0.5338 -0.7691 -0.3514
vn 0.5798 -0.3603 -0.7308
vn 0.4029 -0.1882 -0.8957
vn 0.3745 -0.8379 0.3971
vn 0.3644 -0.9263 0.0956
vn 0.4118 -0.7742 -0.4806
vn 0.1489 -0.9561 0.2525
vn 0.1200 -0.9891 0.0852
vn -0.0036 -0.9728 -0.2315
vn 0.0514 -0.9647 -0.2582
vn 0.0036 -0.9728 0.2315
vn -0.1027 -0.9913 0.0824
vn -0.0432 -0.9667 -0.2523
vn -0.1287 -0.9580 0.2564
vn -0.3930 -0.8331 0.3892
vn -0.3873 -0.9162 0.1026
vn -0.5506 -0.8347 0.0064
vn -0.5566 -0.7374 -0.3828
vn -0.4306 -0.7758 -0.4612
vn -0.5728 -0.3310 -0.7499
vn -0.3640 -0.1931 -0.9112
vn -0.5600 -0.7334 0.3853
vn -0.8175 -0.5756 -0.0172
vn -0.5592 -0.0000 -0.8290
vn -0.3319 -0.0000 -0.9433
vn -0.4102 -0.1920 0.8916
vn -0.5936 -0.3468 0.7262
vn -0.6025 -0.0000 0.7981
vn -0.3595 -0.0000 0.9331
vn 0.0656 -0.3806 0.9224
vn 0.0552 -0.7075 0.7045
vn 0.2144 -0.7700 0.6009
vn 0.1927 -0.3426 0.9195
vn 0.3822 -0.3247 0.8651
vn 0.3526 -0.7982 0.4884
vn 0.5802 -0.3563 0.7324
vn 0.7002 -0.5447 0.4616
vn 0.5323 -0.7694 0.3531
vn 0.5043 -0.8494 0.1556
vn 0.3351 -0.9117 0.2379
vn 0.2643 -0.9317 0.2493
vn -0.3376 0.5533 -0.7615
vn -0.5396 0.4949 -0.6811
vn -0.0738 0.5862 -0.8068
vn 0.0738 0.5862 -0.8068
vn 0.3376 0.5533 -0.7615
vn 0.5396 0.4949 -0.6811
vn 0.3376 0.5533 0.7615
vn 0.5396 0.4949 0.6811
vn 0.0738 0.5862 0.8068
vn -0.0738 0.5862 0.8068
vn -0.3376 0.5533 0.7615
vn -0.5396 0.4949 0.6811
vn 0.3376 -0.0000 0.9413
vn 0.5397 -0.0000 0.8419
vn 0.0738 -0.0000 0.9973
vn -0.0738 -0.0000 0.9973
vn -0.3376 -0.0000 0.9413
vn -0.5396 -0.0000 0.8419
vn 0.3376 -0.0000 -0.9413
vn 0.5397 -0.0000 -0.8419
vn 0.0738 -0.0000 -0.9973
vn -0.0738 -0.0000 -0.9973
vn -0.3376 -0.0000 -0.9413
vn -0.5396 -0.0000 -0.8419
vn 0.3376 -0.5533 0.7615
vn 0.5396 -0.4949 0.6811
vn 0.0738 -0.5862 0.8068
vn -0.0738 -0.5862 0.8068
vn -0.3376 -0.5533 0.7615
vn -0.5396 -0.4949 0.6811
vn 0.3376 -0.5533 -0.7615
vn 0.5396 -0.4949 -0.6811
vn 0.0738 -0.5862 -0.8068
vn -0.0738 -0.5862 -0.8068
vn -0.3376 -0.5533 -0.7615
vn -0.5396 -0.4949 -0.6811
vn -0.0457 -0.9666 -0.2522
vn -0.0477 -0.9649 -0.2582
vn -0.0397 -0.9714 -0.2341
vn -0.0379 -0.9728 -0.2287
vn 0.2886 -0.5538 0.7811
vn 0.0905 -0.8168 0.5698
vn 0.0533 -0.9303 0.3628
vn 0.1866 -0.8710 0.4545
vn 0.5172 -0.4167 0.7476
vn 0.4322 0.6654 0.6087
vn 0.2408 0.8693 0.4316
vn 0.0822 0.9966 -0.0007
vn 0.0353 0.9994 -0.0007
vn 0.0097 0.9999 0.0037
vn 0.0331 -0.9694 0.2431
vn 0.1670 -0.9558 0.2418
vn 0.4178 -0.8327 0.3635
vn 0.8245 0.1390 0.5486
vn -0.0392 -0.9692 0.2430
vn -0.0383 -0.9693 0.2430
vn -0.1761 -0.9536 0.2442
vn -0.2269 -0.9149 0.3340
vn -0.4630 -0.8134 0.3522
vn -0.4218 -0.8672 0.2646
vn -0.8574 0.2155 0.4674
vn -0.5540 -0.4172 0.7205
vn -0.4564 0.6501 0.6075
vn -0.0594 0.9982 0.0024
vn -0.4000 -0.4745 0.7841
vn -0.2235 0.8736 0.4322
vn -0.0311 0.9995 -0.0016
vn -0.0145 0.9999 -0.0057
vn -0.0137 0.9999 -0.0049
vn 0.0098 0.9999 0.0029
vn 0.3786 -0.8940 0.2397
vn -0.2992 -0.8731 -0.3850
vn -0.2603 -0.9365 -0.2348
vn -0.4320 -0.8652 -0.2544
vn -0.4677 -0.8088 -0.3566
vn -0.3916 -0.4817 -0.7840
vn -0.5597 -0.4238 -0.7122
vn -0.2164 0.8747 -0.4337
vn -0.4627 0.6550 -0.5975
vn -0.0328 0.9995 0.0013
vn -0.0119 0.9999 0.0057
vn -0.8574 0.2155 -0.4674
vn -0.0581 0.9983 -0.0038
vn -0.0127 0.9999 0.0050
vn 0.0080 1.0000 -0.0029
vn 0.0080 1.0000 -0.0037
vn 0.2278 0.8712 -0.4349
vn 0.0361 0.9993 0.0011
vn 0.4411 0.6701 -0.5971
vn 0.5079 -0.4410 -0.7399
vn 0.2893 -0.5620 -0.7749
vn 0.4107 -0.8304 -0.3765
vn 0.1988 -0.8664 -0.4580
vn 0.0817 -0.8138 -0.5754
vn 0.0499 -0.9312 -0.3610
vn 0.0821 0.9966 0.0006
vn 0.8245 0.1390 -0.5486
vn 0.3823 -0.8934 -0.2360
vn 0.1647 -0.9567 -0.2399
vn 0.0331 -0.9694 -0.2431
vn 0.0049 -0.9700 -0.2432
vn -0.0206 -0.8281 -0.5602
vn -0.0403 -0.8556 -0.5161
vn -0.0123 -0.4529 -0.8915
vn -0.0052 -0.2070 -0.9783
vn -0.0379 -0.2366 -0.9709
vn -0.0376 -0.9783 -0.2036
vn -0.0389 -0.9864 -0.1596
vn -0.0593 -0.8484 -0.5261
vn -0.0669 -0.5463 -0.8349
vn -0.0393 -0.4974 -0.8666
vn -0.0624 -0.2774 -0.9587
vn -0.0988 -0.3096 -0.9457
vn -0.0327 -0.9981 -0.0525
vn -0.0351 -0.9979 -0.0542
vn -0.0399 -0.9973 -0.0611
vn -0.0462 -0.9936 -0.1035
vn -0.0599 -0.9869 -0.1497
vn -0.0315 -0.9994 -0.0128
vn -0.0338 -0.9993 -0.0142
vn -0.0339 -0.9993 -0.0146
vn -0.0519 -0.9985 -0.0159
vn -0.0561 -0.9948 -0.0855
vn -0.0973 -0.9911 -0.0905
vn -0.1201 -0.9689 -0.2161
vn -0.1825 -0.9506 -0.2510
vn -0.1789 -0.8233 -0.5387
vn -0.0909 -0.9956 -0.0223
vn -0.1489 -0.9883 -0.0325
vn -0.1556 -0.9830 -0.0974
vn -0.2365 -0.9664 -0.1006
vn -0.2733 -0.9207 -0.2785
vn -0.3419 -0.7953 -0.5006
vn -0.2427 -0.8387 -0.4875
vn -0.2273 -0.9731 -0.0368
vn -0.3066 -0.9512 -0.0362
vn -0.3176 -0.9432 -0.0970
vn -0.3576 -0.8955 -0.2648
vn -0.4280 -0.7657 -0.4801
vn -0.5171 -0.4896 -0.7020
vn -0.4357 -0.5077 -0.7433
vn -0.3238 -0.5425 -0.7751
vn -0.4129 -0.9059 -0.0942
vn -0.4569 -0.8549 -0.2457
vn -0.5163 -0.7355 -0.4387
vn -0.4019 -0.9149 -0.0371
vn -0.4822 -0.8758 -0.0221
vn -0.4916 -0.8659 -0.0918
vn -0.5455 -0.8099 -0.2156
vn -0.6193 -0.6897 -0.3751
vn -0.7201 -0.4443 -0.5329
vn -0.6023 -0.4738 -0.6425
vn -0.6447 -0.7607 -0.0754
vn -0.7610 -0.6218 -0.1853
vn -0.7607 -0.5765 -0.2983
vn -0.6811 -0.7315 -0.0326
vn -0.8424 -0.5245 -0.1240
vn -0.9083 -0.2536 -0.3325
vn -0.8416 -0.3154 -0.4385
vn -0.7177 -0.3310 -0.6127
vn -0.6307 -0.2811 -0.7234
vn -0.5454 -0.2843 -0.7885
vn -0.4641 -0.2970 -0.8345
vn -0.3500 -0.3215 -0.8798
vn -0.2379 -0.3358 -0.9114
vn -0.2186 -0.5653 -0.7954
vn -0.1396 -0.5782 -0.8038
vn -0.1196 -0.7819 -0.6118
vn -0.0848 -0.7800 -0.6200
vn -0.1489 -0.3401 -0.9285
vn -0.0955 -0.5681 -0.8174
vn 0.4134 0.7770 0.4747
vn 0.4501 0.3129 0.8364
vn 0.6523 0.3366 0.6791
vn 0.6096 0.7211 0.3291
vn 0.2330 0.3382 0.9118
vn 0.4469 -0.0000 0.8946
vn 0.6418 -0.0000 0.7669
vn 0.0780 -0.0000 0.9970
vn 0.2240 -0.0000 0.9746
vn -0.0776 0.9968 -0.0174
vn -0.0738 0.9537 0.2916
vn 0.0738 0.9537 0.2916
vn -0.3529 0.9355 -0.0163
vn -0.3376 0.9001 0.2752
vn -0.5589 0.8291 -0.0145
vn -0.3376 0.8900 -0.3064
vn -0.0738 0.9429 -0.3247
vn 0.0776 0.9968 -0.0174
vn 0.0738 0.9429 -0.3247
vn 0.3529 0.9355 -0.0163
vn 0.3376 0.8900 -0.3064
vn 0.5589 0.8291 -0.0145
vn 0.3376 0.9001 0.2752
vn 0.3376 -0.8900 0.3064
vn 0.3529 -0.9355 0.0163
vn 0.5589 -0.8291 0.0145
vn 0.0738 -0.9429 0.3247
vn 0.0776 -0.9968 0.0174
vn 0.3376 -0.9001 -0.2752
vn -0.0738 -0.9429 0.3247
vn -0.0776 -0.9968 0.0174
vn 0.0738 -0.9537 -0.2916
vn -0.3376 -0.8900 0.3064
vn -0.3529 -0.9355 0.0163
vn -0.0738 -0.9537 -0.2916
vn -0.5589 -0.8291 0.0145
vn -0.3376 -0.9001 -0.2752
vn 0.1321 0.9807 0.1439
vn -0.0054 0.9960 0.0889
vn -0.0029 0.8878 0.4602
vn -0.1160 0.8656 0.4871
vn -0.1131 0.6387 0.7611
vn -0.0000 0.6428 0.7660
vn 0.1417 0.8615 0.4876
vn 0.2838 0.8346 0.4721
vn 0.2759 0.9606 -0.0348
vn -0.1051 0.9833 0.1484
vn -0.2701 0.9619 -0.0435
vn -0.2491 0.8429 0.4770
vn -0.2466 0.6229 0.7424
vn -0.4438 0.5760 0.6865
vn -0.4594 0.7971 0.3919
vn -0.6419 0.6890 -0.3365
vn -0.4376 0.8772 -0.1974
vn -0.4285 0.6885 -0.5851
vn -0.4389 0.3424 -0.8307
vn -0.4049 0.1366 -0.9041
vn -0.2494 0.0391 -0.9676
vn -0.3623 0.7065 -0.6079
vn -0.3049 0.1965 -0.9319
vn -0.1108 0.0287 -0.9934
vn -0.1103 0.0246 -0.9936
vn 0.0053 0.0854 -0.9963
vn 0.0054 0.0855 -0.9963
vn 0.1249 0.0288 -0.9918
vn 0.1264 0.0245 -0.9917
vn 0.2880 0.1974 -0.9371
vn 0.2591 0.0321 -0.9653
vn 0.3988 0.3891 -0.8304
vn 0.3749 0.1956 -0.9062
vn 0.6204 0.7101 -0.3331
vn 0.3910 0.7016 -0.5957
vn 0.4168 0.8761 -0.2424
vn 0.4634 0.8103 0.3588
vn 0.4480 0.5747 0.6849
vn 0.3112 0.7252 -0.6142
vn 0.2819 0.6167 0.7350
vn 0.1355 0.6369 0.7590
vn 0.0038 0.9917 0.1285
vn -0.0000 0.8660 0.5000
vn 0.1854 0.8510 0.4913
vn -0.1636 0.9728 0.1638
vn -0.1559 0.8554 0.4939
vn -0.3595 0.8081 0.4666
vn -0.3696 0.9173 0.1482
vn -0.5936 0.8023 0.0628
vn -0.6025 0.6912 0.3991
vn 0.1895 0.9687 0.1606
vn 0.0056 0.8608 -0.5088
vn -0.1469 0.8713 -0.4683
vn -0.3564 0.8216 -0.4448
vn -0.5600 0.7004 -0.4425
vn -0.8175 0.2729 -0.5071
vn 0.3859 0.9105 0.1483
vn 0.3575 0.8217 -0.4439
vn 0.1686 0.8691 -0.4650
vn -0.0000 0.5000 -0.8660
vn -0.1317 0.4942 -0.8593
vn 0.3776 0.8019 0.4630
vn 0.5614 0.8268 0.0355
vn 0.5143 0.7027 -0.4916
vn 0.5072 0.4369 -0.7429
vn 0.3418 0.4721 -0.8126
vn 0.1581 0.4951 -0.8543
vn 0.5667 0.7135 0.4120
vn 0.8079 0.2947 -0.5104
vn 0.5338 0.0803 -0.8418
vn 0.3470 -0.0245 -0.9376
vn 0.1745 -0.0305 -0.9842
vn -0.0036 0.2859 -0.9583
vn -0.1244 0.2602 -0.9575
vn 0.5798 -0.4527 -0.6774
vn 0.3802 -0.5884 -0.7136
vn 0.1933 -0.6253 -0.7561
vn -0.0038 -0.6071 -0.7946
vn -0.0071 -0.2619 -0.9651
vn -0.1597 -0.6264 -0.7630
vn -0.1453 -0.3153 -0.9378
vn 0.5667 -0.7135 -0.4120
vn 0.3776 -0.8019 -0.4630
vn 0.1854 -0.8510 -0.4913
vn -0.0000 -0.8660 -0.5000
vn -0.1559 -0.8554 -0.4939
vn -0.3358 -0.5995 -0.7265
vn -0.3273 -0.0175 -0.9448
vn -0.3319 -0.8169 -0.4716
vn -0.5592 -0.7180 -0.4145
vn -0.5728 -0.4840 -0.6616
vn -0.5566 0.0372 -0.8300
vn -0.3452 0.4748 -0.8096
vn -0.5506 0.4229 -0.7197
vn 0.1709 0.5186 -0.8377
vn 0.0070 0.5709 -0.8210
vn 0.0056 0.7726 -0.6349
vn -0.1469 0.7381 -0.6585
vn -0.1317 0.9765 -0.1705
vn 0.1686 0.7342 -0.6577
vn 0.3575 0.6981 -0.6203
vn 0.3471 0.4975 -0.7950
vn -0.1520 0.5152 -0.8435
vn -0.3299 0.5068 -0.7964
vn -0.3564 0.6990 -0.6200
vn -0.3452 0.9231 -0.1693
vn -0.1409 0.9191 0.3679
vn -0.0056 0.9431 0.3324
vn 0.1581 0.9721 -0.1731
vn 0.3418 0.9250 -0.1657
vn -0.5600 0.6554 -0.5068
vn -0.5506 0.8209 -0.1512
vn -0.5566 0.7926 0.2489
vn -0.3273 0.8818 0.3396
vn -0.1597 0.5027 0.8496
vn -0.5936 0.2154 -0.7754
vn -0.8175 0.5699 -0.0830
vn -0.5728 0.4562 0.6810
vn -0.3358 0.4777 0.8119
vn -0.1559 0.1715 0.9728
vn -0.0038 0.5390 0.8423
vn -0.6025 -0.1386 -0.7860
vn -0.3595 -0.1620 -0.9190
vn -0.3644 -0.1617 -0.9171
vn -0.1546 -0.1716 -0.9730
vn -0.1559 -0.1715 -0.9728
vn 0.1854 -0.1706 -0.9677
vn 0.1838 -0.1707 -0.9680
vn 0.3796 -0.1606 -0.9111
vn 0.3776 -0.1608 -0.9119
vn 0.5614 0.2494 -0.7891
vn 0.5667 -0.1431 -0.8114
vn 0.8079 0.5804 -0.1023
vn 0.5143 0.7023 -0.4922
vn 0.5072 0.8475 -0.1564
vn 0.5338 0.8185 0.2125
vn 0.5798 0.4817 0.6571
vn 0.5667 0.1431 0.8114
vn 0.3802 0.4693 0.7970
vn 0.3776 0.1608 0.9119
vn 0.3470 0.8726 0.3437
vn 0.1745 0.9144 0.3653
vn 0.1933 0.4966 0.8461
vn 0.1854 0.1706 0.9677
vn -0.3319 0.1638 0.9290
vn -0.5592 0.1440 0.8164
vn -0.0038 0.9552 0.2958
vn -0.0000 0.9999 -0.0101
vn -0.1331 0.9911 -0.0102
vn 0.1313 0.9567 0.2596
vn 0.1187 0.9929 -0.0103
vn 0.2842 0.9587 -0.0099
vn 0.2990 0.9214 0.2483
vn 0.5054 0.8628 -0.0084
vn -0.1433 0.9543 0.2621
vn -0.0060 0.6071 0.7946
vn 0.1428 0.6335 0.7605
vn 0.3283 0.6038 0.7264
vn 0.5491 0.7843 0.2889
vn 0.8836 -0.0000 0.4682
vn -0.3029 0.9202 0.2479
vn -0.3583 0.5913 0.7224
vn -0.1532 0.6329 0.7590
vn 0.1438 -0.0020 0.9896
vn -0.2866 0.9580 -0.0099
vn -0.4980 0.8671 -0.0093
vn -0.5389 0.8012 0.2602
vn -0.5983 0.4686 0.6499
vn -0.4080 -0.0064 0.9129
vn -0.1615 0.0020 0.9869
vn 0.0060 -0.6071 0.7946
vn 0.1364 -0.6348 0.7606
vn -0.8905 0.0189 0.4546
vn -0.6301 -0.0080 0.7764
vn -0.3854 -0.5891 0.7102
vn -0.1596 -0.6315 0.7588
vn 0.0038 -0.9552 0.2958
vn 0.1278 -0.9565 0.2624
vn -0.5993 -0.4723 0.6464
vn -0.3366 -0.9075 0.2515
vn -0.1469 -0.9546 0.2592
vn -0.0000 -0.9999 -0.0101
vn 0.1186 -0.9929 -0.0103
vn -0.5616 -0.7807 0.2741
vn -0.3112 -0.9503 -0.0099
vn -0.1331 -0.9910 -0.0103
vn -0.5406 -0.8412 -0.0088
vn 0.3056 -0.9182 0.2520
vn 0.3387 -0.6026 0.7226
vn 0.3580 -0.0026 0.9337
vn 0.2842 -0.9587 -0.0100
vn 0.5329 -0.7878 0.3089
vn 0.5584 -0.4514 0.6960
vn 0.5855 -0.0087 0.8106
vn 0.5805 0.4368 0.6872
vn 0.5053 -0.8629 -0.0084
vn -0.0038 0.9552 -0.2958
vn -0.1331 0.9911 0.0102
vn -0.0000 0.9999 0.0101
vn -0.1433 0.9543 -0.2621
vn -0.3029 0.9202 -0.2479
vn -0.2866 0.9580 0.0099
vn -0.4980 0.8671 0.0093
vn -0.5389 0.8012 -0.2602
vn -0.8905 0.0189 -0.4546
vn 0.1313 0.9567 -0.2596
vn 0.1428 0.6335 -0.7605
vn -0.0060 0.6071 -0.7946
vn -0.1532 0.6329 -0.7590
vn -0.3583 0.5913 -0.7224
vn -0.5983 0.4686 -0.6499
vn 0.1187 0.9929 0.0103
vn 0.2842 0.9587 0.0099
vn 0.2990 0.9214 -0.2483
vn 0.3283 0.6038 -0.7264
vn 0.1438 -0.0020 -0.9896
vn -0.1615 0.0020 -0.9869
vn -0.4080 -0.0064 -0.9129
vn 0.5054 0.8628 0.0084
vn 0.5491 0.7843 -0.2889
vn 0.5805 0.4368 -0.6872
vn 0.3580 -0.0026 -0.9337
vn 0.1364 -0.6348 -0.7606
vn 0.0060 -0.6071 -0.7946
vn 0.8836 -0.0000 -0.4682
vn 0.5855 -0.0087 -0.8106
vn 0.3387 -0.6026 -0.7226
vn 0.1278 -0.9565 -0.2624
vn 0.0038 -0.9552 -0.2958
vn -0.1596 -0.6315 -0.7588
vn 0.5584 -0.4514 -0.6960
vn 0.3056 -0.9182 -0.2520
vn 0.1186 -0.9929 0.0103
vn -0.0000 -0.9999 0.0101
vn -0.1469 -0.9546 -0.2592
vn 0.5329 -0.7878 -0.3089
vn 0.2842 -0.9587 0.0100
vn 0.5053 -0.8629 0.0084
vn -0.1331 -0.9910 0.0103
vn -0.3112 -0.9503 0.0099
vn -0.3366 -0.9075 -0.2515
vn -0.3854 -0.5891 -0.7102
vn -0.6301 -0.0080 -0.7764
vn -0.5616 -0.7807 -0.2741
vn -0.5993 -0.4723 -0.6464
vn -0.5406 -0.8412 0.0088
vn 0.3656 -0.9231 -0.1193
vn 0.4659 -0.8788 -0.1026
vn 0.3342 -0.9421 -0.0258
vn 0.2918 -0.9389 -0.1827
vn 0.2581 -0.9595 -0.1126
vn 0.1912 -0.9740 -0.1214
vn 0.2131 -0.9599 -0.1824
vn 0.2241 -0.9507 -0.2145
vn 0.3267 -0.9438 -0.0496
vn 0.1608 -0.9863 -0.0361
vn 0.1345 -0.9900 -0.0416
vn 0.1278 -0.9906 -0.0489
vn 0.1785 -0.9742 -0.1380
vn 0.1751 -0.9715 -0.1597
vn 0.2142 -0.9451 -0.2468
vn 0.2305 -0.9730 -0.0129
vn 0.1508 -0.9884 -0.0201
vn 0.1291 -0.9914 -0.0228
vn 0.2545 -0.9669 -0.0169
vn 0.1497 -0.9887 -0.0099
vn 0.1301 -0.9914 -0.0131
vn 0.1235 -0.9922 -0.0156
vn 0.1249 -0.9918 -0.0263
vn 0.0936 -0.9954 -0.0227
vn 0.1198 -0.9912 -0.0567
vn 0.0816 -0.9965 -0.0181
vn 0.0115 -0.9999 0.0127
vn 0.0268 -0.9996 0.0014
vn 0.0690 -0.9973 -0.0251
vn 0.1682 -0.9692 -0.1797
vn 0.2196 -0.9308 -0.2923
vn -0.0118 -0.9976 0.0675
vn 0.0406 -0.9990 0.0198
vn 0.1258 -0.9697 -0.2092
vn 0.1634 -0.9192 -0.3582
vn 0.0894 -0.9354 -0.3422
vn -0.0467 -0.9974 0.0558
vn -0.0213 -0.9946 0.1015
vn -0.0203 -0.9906 0.1356
vn 0.0075 -0.9972 0.0744
vn 0.0557 -0.9792 -0.1949
vn 0.0625 -0.9926 -0.1038
vn 0.0471 -0.9987 -0.0174
vn 0.0302 -0.9989 -0.0350
vn 0.0243 -0.9821 0.1865
vn 0.0369 -0.9914 0.1254
vn 0.0198 -0.9893 0.1448
vn 0.0650 -0.9875 0.1436
vn 0.0629 -0.9804 0.1868
vn 0.0674 -0.9939 0.0868
vn 0.0756 -0.9935 -0.0848
vn 0.0736 -0.9970 0.0249
vn 0.0471 -0.9500 0.3088
vn 0.0896 -0.9836 -0.1563
vn 0.0446 -0.8985 0.4367
vn 0.3342 -0.9421 0.0259
vn 0.4659 -0.8788 0.1026
vn 0.3656 -0.9231 0.1193
vn 0.2918 -0.9389 0.1827
vn 0.2581 -0.9595 0.1126
vn 0.1608 -0.9863 0.0361
vn 0.3267 -0.9438 0.0496
vn 0.2305 -0.9730 0.0130
vn 0.2545 -0.9669 0.0169
vn 0.1497 -0.9887 0.0099
vn 0.1912 -0.9740 0.1214
vn 0.1345 -0.9900 0.0416
vn 0.1291 -0.9914 0.0228
vn 0.1508 -0.9884 0.0201
vn 0.2131 -0.9599 0.1824
vn 0.2241 -0.9507 0.2145
vn 0.1785 -0.9742 0.1380
vn 0.1278 -0.9906 0.0489
vn 0.1249 -0.9918 0.0263
vn 0.1235 -0.9922 0.0156
vn 0.1301 -0.9914 0.0131
vn 0.1751 -0.9715 0.1597
vn 0.1198 -0.9912 0.0567
vn 0.0936 -0.9954 0.0227
vn 0.0816 -0.9965 0.0181
vn 0.0115 -0.9999 -0.0127
vn 0.2142 -0.9451 0.2468
vn 0.2196 -0.9308 0.2923
vn 0.1682 -0.9692 0.1797
vn 0.0690 -0.9973 0.0251
vn 0.0268 -0.9996 -0.0014
vn -0.0118 -0.9976 -0.0675
vn -0.0467 -0.9974 -0.0558
vn -0.0213 -0.9946 -0.1015
vn 0.1258 -0.9697 0.2092
vn 0.0406 -0.9990 -0.0198
vn 0.1634 -0.9192 0.3582
vn 0.0894 -0.9354 0.3422
vn 0.0557 -0.9792 0.1949
vn 0.0075 -0.9972 -0.0744
vn -0.0203 -0.9906 -0.1356
vn 0.0243 -0.9821 -0.1865
vn 0.0198 -0.9893 -0.1448
vn 0.0650 -0.9875 -0.1436
vn 0.0629 -0.9804 -0.1868
vn 0.0625 -0.9926 0.1038
vn 0.0369 -0.9914 -0.1254
vn 0.0471 -0.9987 0.0174
vn 0.0736 -0.9970 -0.0249
vn 0.0756 -0.9935 0.0848
vn 0.0674 -0.9939 -0.0868
vn 0.0302 -0.9989 0.0350
vn 0.0471 -0.9500 -0.3088
vn 0.0446 -0.8985 -0.4367
vn 0.0896 -0.9836 0.1563
vn -0.0035 0.9645 0.2639
vn -0.0000 1.0000 -0.0087
vn -0.1175 0.9930 -0.0088
vn 0.1567 0.9604 0.2302
vn 0.1404 0.9901 -0.0088
vn 0.2921 0.9563 -0.0085
vn 0.3101 0.9254 0.2180
vn 0.4592 0.8883 -0.0074
vn -0.1284 0.9640 0.2330
vn -0.0058 0.6515 0.7586
vn 0.1826 0.6705 0.7191
vn 0.3653 0.6381 0.6777
vn 0.5123 0.8159 0.2679
vn 0.8948 -0.0000 0.4465
vn -0.2729 0.9362 0.2215
vn -0.3488 0.6356 0.6887
vn -0.1477 0.6759 0.7221
vn 0.1957 -0.0021 0.9807
vn -0.2548 0.9670 -0.0086
vn -0.4523 0.8918 -0.0082
vn -0.5016 0.8312 0.2398
vn -0.5876 0.5124 0.6263
vn -0.4135 -0.0061 0.9105
vn -0.1647 0.0020 0.9863
vn 0.0058 -0.6515 0.7586
vn 0.1765 -0.6717 0.7195
vn -0.9014 0.0189 0.4326
vn -0.6372 -0.0087 0.7707
vn -0.3752 -0.6323 0.6779
vn -0.1539 -0.6748 0.7218
vn 0.0035 -0.9645 0.2639
vn 0.1535 -0.9603 0.2327
vn -0.5875 -0.5164 0.6230
vn -0.3052 -0.9251 0.2260
vn -0.1316 -0.9642 0.2304
vn -0.0000 -1.0000 -0.0087
vn 0.1404 -0.9901 -0.0088
vn -0.5242 -0.8133 0.2524
vn -0.2773 -0.9607 -0.0086
vn -0.1176 -0.9930 -0.0089
vn -0.4934 -0.8698 -0.0078
vn 0.3166 -0.9223 0.2216
vn 0.3752 -0.6363 0.6741
vn 0.4162 -0.0024 0.9093
vn 0.2922 -0.9563 -0.0085
vn 0.4975 -0.8190 0.2858
vn 0.5495 -0.4950 0.6731
vn 0.5926 -0.0092 0.8054
vn 0.5721 0.4803 0.6649
vn 0.4591 -0.8884 -0.0075
vn -0.0035 0.9645 -0.2639
vn -0.1175 0.9930 0.0088
vn -0.0000 1.0000 0.0087
vn -0.1284 0.9640 -0.2330
vn -0.2729 0.9362 -0.2215
vn -0.2548 0.9670 0.0086
vn -0.4523 0.8918 0.0082
vn -0.5016 0.8312 -0.2398
vn -0.9014 0.0189 -0.4326
vn 0.1567 0.9604 -0.2302
vn 0.1826 0.6705 -0.7191
vn -0.0058 0.6515 -0.7586
vn -0.1477 0.6759 -0.7221
vn -0.3488 0.6356 -0.6887
vn -0.5876 0.5124 -0.6263
vn 0.1404 0.9901 0.0088
vn 0.2921 0.9563 0.0085
vn 0.3101 0.9254 -0.2180
vn 0.3653 0.6381 -0.6777
vn 0.1957 -0.0021 -0.9807
vn -0.1647 0.0020 -0.9863
vn -0.4135 -0.0061 -0.9105
vn 0.4592 0.8883 0.0074
vn 0.5123 0.8159 -0.2679
vn 0.5721 0.4803 -0.6649
vn 0.4162 -0.0025 -0.9093
vn 0.1765 -0.6717 -0.7195
vn 0.0058 -0.6515 -0.7586
vn 0.8948 -0.0000 -0.4465
vn 0.5926 -0.0092 -0.8054
vn 0.3752 -0.6363 -0.6741
vn 0.1535 -0.9603 -0.2327
vn 0.0035 -0.9645 -0.2639
vn -0.1539 -0.6748 -0.7218
vn 0.5495 -0.4950 -0.6731
vn 0.3166 -0.9223 -0.2216
vn 0.1404 -0.9901 0.0088
vn -0.0000 -1.0000 0.0087
vn -0.1316 -0.9642 -0.2304
vn 0.4975 -0.8190 -0.2858
vn 0.2922 -0.9563 0.0085
vn 0.4591 -0.8884 0.0075
vn -0.1176 -0.9930 0.0089
vn -0.2773 -0.9607 0.0086
vn -0.3052 -0.9251 -0.2260
vn -0.3752 -0.6323 -0.6779
vn -0.6372 -0.0087 -0.7707
vn -0.5242 -0.8133 -0.2524
vn -0.5875 -0.5164 -0.6230
vn -0.4934 -0.8698 0.0078
vn -0.1546 0.4940 -0.8556
vn -0.1559 0.4939 -0.8554
vn -0.3595 0.4666 -0.8081
vn -0.3696 0.1482 -0.9173
vn -0.5936 0.0628 -0.8023
vn -0.6025 0.3991 -0.6912
vn -0.8175 -0.5071 -0.2729
vn 0.1854 0.4913 -0.8510
vn 0.1895 0.1606 -0.9687
vn 0.3859 0.1483 -0.9105
vn 0.3857 -0.3403 -0.8575
vn 0.1737 -0.1949 -0.9653
vn 0.0071 -0.2557 -0.9667
vn 0.0070 -0.2557 -0.9667
vn -0.1528 -0.2012 -0.9676
vn -0.1520 -0.1956 -0.9688
vn 0.3776 0.4630 -0.8019
vn 0.5614 0.0355 -0.8268
vn 0.5143 -0.4916 -0.7027
vn 0.5072 -0.7429 -0.4369
vn 0.4167 -0.7845 -0.4592
vn 0.5338 -0.8418 -0.0803
vn 0.3715 -0.9191 0.1311
vn 0.5667 0.4120 -0.7135
vn 0.8079 -0.5104 -0.2947
vn 0.5798 -0.6774 0.4527
vn 0.3802 -0.7136 0.5884
vn 0.1812 -0.9340 0.3080
vn 0.1933 -0.7561 0.6253
vn -0.0038 -0.7946 0.6071
vn -0.0071 -0.9651 0.2619
vn 0.5667 -0.4120 0.7135
vn 0.3776 -0.4630 0.8019
vn 0.1854 -0.4913 0.8510
vn -0.0000 -0.5000 0.8660
vn -0.1559 -0.4939 0.8554
vn -0.1597 -0.7630 0.6264
vn -0.1453 -0.9378 0.3153
vn -0.3643 -0.9232 0.1220
vn -0.3358 -0.7265 0.5995
vn -0.5728 -0.6616 0.4839
vn -0.5566 -0.8300 -0.0372
vn -0.4790 -0.7534 -0.4505
vn -0.3319 -0.4717 0.8169
vn -0.5592 -0.4145 0.7180
vn -0.5506 -0.7197 -0.4229
vn -0.4034 -0.3366 -0.8509
vn -0.5600 -0.4425 -0.7004
vn -0.1546 0.1716 0.9730
vn -0.3595 0.1620 0.9190
vn -0.3696 -0.1745 0.9127
vn -0.5936 -0.2154 0.7754
vn -0.5600 -0.6554 0.5068
vn -0.3564 -0.6990 0.6200
vn -0.1469 -0.7381 0.6585
vn -0.1520 -0.5152 0.8435
vn 0.0070 -0.5709 0.8210
vn -0.6025 0.1386 0.7860
vn -0.8175 -0.5699 0.0830
vn -0.5506 -0.8209 0.1512
vn -0.3452 -0.9231 0.1693
vn -0.1317 -0.9765 0.1705
vn 0.0056 -0.7726 0.6349
vn 0.1895 -0.1804 0.9652
vn -0.5566 -0.7926 -0.2489
vn -0.3273 -0.8818 -0.3396
vn -0.1409 -0.9191 -0.3679
vn 0.1686 -0.7342 0.6577
vn -0.5728 -0.4562 -0.6810
vn -0.3358 -0.4777 -0.8119
vn -0.1597 -0.5027 -0.8496
vn -0.0056 -0.9431 -0.3324
vn 0.1581 -0.9721 0.1731
vn -0.5592 -0.1440 -0.8164
vn -0.3319 -0.1638 -0.9290
vn -0.0038 -0.5390 -0.8423
vn 0.1745 -0.9144 -0.3653
vn 0.3470 -0.8726 -0.3437
vn 0.3418 -0.9250 0.1657
vn 0.3575 -0.6981 0.6203
vn 0.1933 -0.4966 -0.8461
vn 0.3802 -0.4693 -0.7970
vn 0.5798 -0.4817 -0.6571
vn 0.5338 -0.8185 -0.2125
vn 0.5072 -0.8475 0.1564
vn 0.8079 -0.5804 0.1023
vn 0.5143 -0.7023 0.4922
vn 0.3859 -0.1721 0.9064
vn 0.5614 -0.2494 0.7891
vn -0.1546 0.1716 -0.9730
vn -0.3696 -0.1745 -0.9127
vn -0.5936 -0.2154 -0.7754
vn -0.8175 -0.5699 -0.0830
vn 0.1895 -0.1804 -0.9652
vn 0.3859 -0.1721 -0.9064
vn 0.3575 -0.6981 -0.6203
vn 0.1686 -0.7342 -0.6577
vn 0.0056 -0.7726 -0.6349
vn 0.0070 -0.5709 -0.8210
vn -0.1469 -0.7381 -0.6585
vn -0.1520 -0.5152 -0.8435
vn 0.5614 -0.2494 -0.7891
vn 0.5143 -0.7023 -0.4922
vn 0.5072 -0.8475 -0.1564
vn 0.3418 -0.9250 -0.1657
vn 0.1581 -0.9721 -0.1731
vn 0.8079 -0.5804 -0.1023
vn 0.5338 -0.8185 0.2125
vn 0.3470 -0.8726 0.3437
vn 0.1745 -0.9144 0.3653
vn -0.0056 -0.9431 0.3324
vn -0.1409 -0.9191 0.3679
vn -0.1317 -0.9765 -0.1705
vn 0.5798 -0.4817 0.6571
vn 0.3802 -0.4693 0.7970
vn 0.1933 -0.4966 0.8461
vn -0.0038 -0.5390 0.8423
vn -0.1597 -0.5027 0.8496
vn -0.3358 -0.4777 0.8119
vn -0.3273 -0.8818 0.3396
vn -0.3452 -0.9231 -0.1693
vn -0.5728 -0.4562 0.6810
vn -0.5566 -0.7926 0.2489
vn -0.5506 -0.8209 -0.1512
vn -0.3564 -0.6990 -0.6200
vn -0.5600 -0.6554 -0.5068
vn -0.0776 0.9970 -0.0000
vn -0.0738 0.9485 0.3082
vn 0.0738 0.9485 0.3082
vn -0.3529 0.9357 -0.0000
vn -0.3376 0.8952 0.2909
vn -0.5589 0.8292 -0.0000
vn -0.3376 0.8952 -0.2909
vn -0.0738 0.9485 -0.3082
vn 0.0776 0.9970 -0.0000
vn 0.0738 0.9485 -0.3082
vn 0.3529 0.9357 -0.0000
vn 0.3376 0.8952 -0.2909
vn 0.5589 0.8292 -0.0000
vn 0.3376 0.8952 0.2909
vn -0.1469 -0.4683 0.8713
vn -0.3452 -0.8096 0.4748
vn -0.1317 -0.8593 0.4942
vn 0.0056 -0.5088 0.8608
vn -0.3273 -0.9448 -0.0175
vn -0.1409 -0.9895 -0.0314
vn 0.1686 -0.4650 0.8691
vn -0.5728 -0.6616 -0.4839
vn -0.0056 -0.9999 0.0102
vn 0.1581 -0.8543 0.4951
vn -0.3319 -0.4717 -0.8169
vn 0.1745 -0.9842 -0.0305
vn 0.3470 -0.9376 -0.0245
vn 0.3418 -0.8126 0.4721
vn 0.3575 -0.4439 -0.8217
vn 0.1686 -0.4650 -0.8691
vn 0.0056 -0.5088 -0.8608
vn -0.1469 -0.4683 -0.8713
vn 0.3418 -0.8126 -0.4721
vn 0.1581 -0.8543 -0.4951
vn 0.3470 -0.9376 0.0245
vn 0.1745 -0.9842 0.0305
vn -0.0056 -0.9999 -0.0102
vn -0.1409 -0.9895 0.0314
vn -0.1317 -0.8593 -0.4942
vn -0.3273 -0.9448 0.0175
vn -0.3452 -0.8096 -0.4748
vn -0.5728 -0.6616 0.4840
vn -0.3564 -0.4448 -0.8216
vn 0.3376 -0.8952 0.2909
vn 0.3529 -0.9357 -0.0000
vn 0.5589 -0.8292 -0.0000
vn 0.0738 -0.9485 0.3082
vn 0.0776 -0.9970 -0.0000
vn 0.3376 -0.8952 -0.2909
vn -0.0738 -0.9485 0.3082
vn -0.0776 -0.9970 -0.0000
vn 0.0738 -0.9485 -0.3082
vn -0.3376 -0.8952 0.2909
vn -0.3529 -0.9357 -0.0000
vn -0.0738 -0.9485 -0.3082
vn -0.5589 -0.8292 -0.0000
vn -0.3376 -0.8952 -0.2909
vt 0.905774 -0.569518
vt 0.905775 -0.576264
vt 0.916747 -0.572891
vt 0.912830 -0.609459
vt 0.922878 -0.611121
vt 0.925893 -0.604522
vt 0.928908 -0.611121
vt 0.938957 -0.609459
vt 0.918500 -0.557407
vt 0.910534 -0.558276
vt 0.910535 -0.587506
vt 0.918502 -0.588375
vt 0.988857 -0.709886
vt 0.988857 -0.664136
vt 0.972140 -0.664136
vt 0.972140 -0.709886
vt 0.990214 -0.161608
vt 0.990214 -0.150210
vt 0.988071 -0.699525
vt 0.988857 -0.698979
vt 0.972140 -0.698979
vt 0.988679 -0.699103
vt 0.972318 -0.699103
vt 0.972926 -0.699525
vt 0.988452 -0.150210
vt 0.988071 -0.664136
vt 0.988071 -0.662083
vt 0.972926 -0.662083
vt 0.972926 -0.664136
vt 0.988452 -0.136801
vt 0.958615 -0.664136
vt 0.971729 -0.664136
vt 0.971729 -0.709886
vt 0.958204 -0.709886
vt 0.958615 -0.701199
vt 0.959081 -0.701276
vt 0.971729 -0.698979
vt 0.972515 -0.699525
vt 0.960262 -0.701537
vt 0.971907 -0.699103
vt 0.972515 -0.662083
vt 0.972515 -0.664136
vt 0.960262 -0.664136
vt 0.960673 -0.662083
vt 0.958204 -0.664136
vt 0.958615 -0.709886
vt 0.958204 -0.701199
vt 0.958670 -0.701276
vt 0.960673 -0.701537
vt 0.960262 -0.662083
vt 0.960673 -0.664136
vt 0.896797 -0.695629
vt 0.896798 -0.741378
vt 0.912697 -0.741378
vt 0.896798 -0.741471
vt 0.896797 -0.695722
vt 0.912696 -0.695722
vt 0.953449 -0.704792
vt 0.955582 -0.704792
vt 0.954026 -0.704792
vt 0.898293 -0.743524
vt 0.898293 -0.741471
vt 0.912697 -0.741471
vt 0.898293 -0.741378
vt 0.898293 -0.743431
vt 0.912697 -0.743431
vt 0.392310 -0.216869
vt 0.387867 -0.186994
vt 0.371993 -0.131585
vt 0.372050 -0.131585
vt 0.387923 -0.186994
vt 0.392366 -0.216869
vt 0.912696 -0.695629
vt 0.953038 -0.704792
vt 0.953615 -0.704792
vt 0.969073 -0.150210
vt 0.982138 -0.150210
vt 0.912697 -0.743524
vt 0.955993 -0.704792
vt 0.957095 -0.150210
vt 0.960262 -0.708047
vt 0.927101 -0.741471
vt 0.927101 -0.743431
vt 0.959082 -0.708309
vt 0.956007 -0.150210
vt 0.958615 -0.708385
vt 0.928596 -0.741378
vt 0.928596 -0.695722
vt 0.368589 -0.256945
vt 0.357418 -0.229803
vt 0.364839 -0.215554
vt 0.364782 -0.215554
vt 0.357361 -0.229803
vt 0.368533 -0.256945
vt 0.927101 -0.743524
vt 0.927101 -0.741378
vt 0.958670 -0.708309
vt 0.960673 -0.708047
vt 0.958204 -0.708385
vt 0.928596 -0.741471
vt 0.928596 -0.695629
vt 0.947136 -0.708551
vt 0.947136 -0.692334
vt 0.959402 -0.692334
vt 0.959402 -0.708551
vt 0.959813 -0.708551
vt 0.959813 -0.692334
vt 0.947547 -0.692334
vt 0.947547 -0.708551
vt 0.948079 -0.708414
vt 0.947136 -0.707757
vt 0.959402 -0.707757
vt 0.958870 -0.708414
vt 0.959813 -0.707757
vt 0.947547 -0.707757
vt 0.985633 -0.156204
vt 0.985633 -0.152358
vt 0.958459 -0.708414
vt 0.948490 -0.708414
vt 0.937212 -0.708551
vt 0.969326 -0.692334
vt 0.969737 -0.708551
vt 0.937623 -0.692334
vt 0.948079 -0.734773
vt 0.948079 -0.708551
vt 0.958459 -0.708551
vt 0.958459 -0.734773
vt 0.958870 -0.734773
vt 0.958870 -0.708551
vt 0.948490 -0.708551
vt 0.948490 -0.734773
vt 0.984414 -0.152358
vt 0.984414 -0.141461
vt 0.969326 -0.709387
vt 0.937623 -0.709387
vt 0.927175 -0.714871
vt 0.927175 -0.685319
vt 0.949530 -0.685319
vt 0.949530 -0.714871
vt 0.949941 -0.714871
vt 0.949941 -0.685319
vt 0.927586 -0.685319
vt 0.927586 -0.714871
vt 0.939682 -0.709792
vt 0.967267 -0.709792
vt 0.980045 -0.152358
vt 0.996313 -0.017127
vt 0.996313 -0.071545
vt 0.921008 -0.684162
vt 0.921008 -0.666798
vt 0.933095 -0.666798
vt 0.933095 -0.684162
vt 0.972515 -0.710059
vt 0.937212 -0.692334
vt 0.969326 -0.708551
vt 0.969737 -0.692334
vt 0.937623 -0.708551
vt 0.995710 -0.163514
vt 0.997932 -0.163514
vt 0.966856 -0.708551
vt 0.939682 -0.734773
vt 0.940093 -0.708551
vt 0.967267 -0.734773
vt 0.947931 -0.150210
vt 0.972318 -0.710482
vt 0.937212 -0.709387
vt 0.969737 -0.709387
vt 0.972140 -0.710606
vt 0.928895 -0.709847
vt 0.927175 -0.708651
vt 0.949530 -0.708651
vt 0.948221 -0.709847
vt 0.949941 -0.708651
vt 0.927586 -0.708651
vt 0.979291 -0.152358
vt 0.966856 -0.709792
vt 0.940093 -0.709792
vt 0.995710 -0.156505
vt 0.911229 -0.684162
vt 0.942874 -0.666798
vt 0.966856 -0.734773
vt 0.939682 -0.708551
vt 0.940093 -0.734773
vt 0.967267 -0.708551
vt 0.947810 -0.709847
vt 0.929306 -0.709847
vt 0.949693 -0.150210
vt 0.972926 -0.710059
vt 0.971907 -0.710482
vt 0.909090 -0.714871
vt 0.968026 -0.714871
vt 0.967615 -0.685319
vt 0.909501 -0.685319
vt 0.971729 -0.710606
vt 0.911229 -0.666798
vt 0.942874 -0.684162
vt 0.928895 -0.762658
vt 0.928895 -0.714871
vt 0.947810 -0.714871
vt 0.947810 -0.762658
vt 0.948221 -0.762658
vt 0.948221 -0.714871
vt 0.929306 -0.714871
vt 0.929306 -0.762658
vt 0.993488 -0.156505
vt 0.993488 -0.136646
vt 0.985525 -0.163514
vt 0.967615 -0.711620
vt 0.909501 -0.711620
vt 0.988679 -0.710482
vt 0.988071 -0.710059
vt 0.988857 -0.710606
vt 0.976398 -0.730443
vt 0.976398 -0.714226
vt 0.988065 -0.714226
vt 0.976398 -0.714133
vt 0.976398 -0.730350
vt 0.988065 -0.730350
vt 0.913592 -0.712359
vt 0.963524 -0.712359
vt 0.985525 -0.156505
vt 0.936475 -0.712023
vt 0.973117 -0.712023
vt 0.970474 -0.712023
vt 0.933832 -0.712023
vt 0.997479 -0.011654
vt 0.997479 -0.072495
vt 0.971002 -0.152358
vt 0.978193 -0.687911
vt 0.978193 -0.714133
vt 0.988065 -0.714133
vt 0.978193 -0.706494
vt 0.978194 -0.732716
vt 0.988065 -0.732716
vt 0.909090 -0.685319
vt 0.968026 -0.685319
vt 0.967615 -0.714871
vt 0.909501 -0.714871
vt 0.963113 -0.714871
vt 0.914003 -0.714871
vt 0.913592 -0.762658
vt 0.963524 -0.762658
vt 0.986899 -0.163514
vt 0.909090 -0.711620
vt 0.968026 -0.711620
vt 0.961266 -0.700178
vt 0.961266 -0.717542
vt 0.972762 -0.717542
vt 0.961266 -0.703085
vt 0.961266 -0.720449
vt 0.972762 -0.720449
vt 0.988065 -0.730443
vt 0.933421 -0.712023
vt 0.973528 -0.712023
vt 0.971002 -0.156204
vt 0.980798 -0.156204
vt 0.980045 -0.156204
vt 0.963113 -0.712359
vt 0.914003 -0.712359
vt 0.988064 -0.687911
vt 0.970063 -0.712023
vt 0.988064 -0.706494
vt 0.936886 -0.712023
vt 0.963113 -0.762658
vt 0.914003 -0.762658
vt 0.913592 -0.714871
vt 0.963524 -0.714871
vt 0.972762 -0.700178
vt 0.972762 -0.703085
vt 0.939682 -0.714254
vt 0.997936 -0.714133
vt 0.997936 -0.732716
vt 0.967267 -0.714254
vt 0.997937 -0.732716
vt 0.961959 -0.152358
vt 0.961959 -0.156204
vt 0.999731 -0.714226
vt 0.969326 -0.714660
vt 0.999731 -0.730350
vt 0.937623 -0.714660
vt 0.961206 -0.156204
vt 0.942909 -0.666091
vt 0.942909 -0.695644
vt 0.964170 -0.695644
vt 0.918970 -0.672835
vt 0.918971 -0.760015
vt 0.926178 -0.760015
vt 0.969046 -0.163514
vt 0.984258 -0.717542
vt 0.984258 -0.720449
vt 0.907746 -0.716425
vt 0.974523 -0.716425
vt 0.969369 -0.716425
vt 0.902593 -0.716425
vt 0.997936 -0.687911
vt 0.997936 -0.706494
vt 0.984152 -0.156505
vt 0.969046 -0.156505
vt 0.937212 -0.714660
vt 0.966856 -0.714254
vt 0.969737 -0.714660
vt 0.940093 -0.714254
vt 0.946181 -0.743524
vt 0.946180 -0.695737
vt 0.964170 -0.695737
vt 0.946180 -0.695644
vt 0.946181 -0.743431
vt 0.964171 -0.743431
vt 0.999731 -0.730443
vt 0.999731 -0.714133
vt 0.984257 -0.700178
vt 0.984257 -0.703085
vt 0.926875 -0.716142
vt 0.927218 -0.713384
vt 0.915835 -0.713239
vt 0.915424 -0.713239
vt 0.926806 -0.713384
vt 0.926464 -0.716142
vt 0.938373 -0.713764
vt 0.928838 -0.713384
vt 0.926686 -0.716142
vt 0.926275 -0.716142
vt 0.928427 -0.713384
vt 0.937962 -0.713764
vt 0.950159 -0.714233
vt 0.936832 -0.715739
vt 0.936421 -0.715739
vt 0.949748 -0.714233
vt 0.964169 -0.666091
vt 0.902182 -0.716425
vt 0.974934 -0.716425
vt 0.926177 -0.672835
vt 0.948079 -0.715633
vt 0.958870 -0.715633
vt 0.959695 -0.714613
vt 0.948618 -0.716209
vt 0.948207 -0.716209
vt 0.959283 -0.714613
vt 0.956371 -0.156204
vt 0.959402 -0.716289
vt 0.947547 -0.716289
vt 0.964171 -0.743524
vt 0.968958 -0.716425
vt 0.908157 -0.716425
vt 0.904453 -0.713384
vt 0.905912 -0.718675
vt 0.905501 -0.718675
vt 0.904042 -0.713384
vt 0.958459 -0.715633
vt 0.948490 -0.715633
vt 0.911640 -0.666798
vt 0.911640 -0.684162
vt 0.921419 -0.684162
vt 0.943285 -0.684162
vt 0.933506 -0.666798
vt 0.943285 -0.666798
vt 0.947136 -0.716289
vt 0.959813 -0.716289
vt 0.916393 -0.717264
vt 0.915983 -0.717264
vt 0.955151 -0.156204
vt 0.915424 -0.714758
vt 0.926806 -0.714613
vt 0.926464 -0.717372
vt 0.926875 -0.717372
vt 0.927218 -0.714613
vt 0.915835 -0.714758
vt 0.957590 -0.152358
vt 0.957590 -0.141461
vt 0.933222 -0.719838
vt 0.933634 -0.719838
vt 0.921419 -0.666798
vt 0.933506 -0.684162
vt 0.956371 -0.152358
vt 0.981169 -0.062198
vt 0.981169 -0.022495
vt 0.904042 -0.714613
vt 0.915983 -0.718783
vt 0.916393 -0.718783
vt 0.904453 -0.714613
vt 0.957542 -0.717372
vt 0.957131 -0.717372
vt 0.945009 -0.720308
vt 0.945420 -0.720308
vt 0.936161 -0.716598
vt 0.935750 -0.716598
vt 0.955155 -0.719905
vt 0.955566 -0.719905
vt 0.947948 -0.717068
vt 0.947536 -0.717068
vt 0.925625 -0.717501
vt 0.925214 -0.717501
vt 0.557433 -0.030808
vt 0.551892 -0.031650
vt 0.576790 -0.018566
vt 0.935773 -0.717096
vt 0.935362 -0.717096
vt 0.947560 -0.717565
vt 0.947149 -0.717565
vt 0.935362 -0.722731
vt 0.935362 -0.708379
vt 0.947149 -0.708379
vt 0.947559 -0.708379
vt 0.935773 -0.708379
vt 0.935773 -0.722731
vt 0.924298 -0.718675
vt 0.924709 -0.718675
vt 0.956482 -0.718731
vt 0.956071 -0.718731
vt 0.947149 -0.722731
vt 0.947559 -0.722731
vt 0.982828 -0.157453
vt 0.984536 -0.157453
vt 0.983365 -0.157453
vt 0.924605 -0.722731
vt 0.925017 -0.722731
vt 0.936027 -0.717503
vt 0.946705 -0.717929
vt 0.946294 -0.717929
vt 0.935615 -0.717503
vt 0.981657 -0.149293
vt 0.983223 -0.149293
vt 0.984536 -0.149293
vt 0.922311 -0.719431
vt 0.921900 -0.719431
vt 0.925214 -0.723952
vt 0.925625 -0.723952
vt 0.925017 -0.718281
vt 0.924605 -0.718281
vt 0.935615 -0.708379
vt 0.935615 -0.699364
vt 0.946294 -0.699364
vt 0.946705 -0.699364
vt 0.936027 -0.699364
vt 0.936027 -0.708379
vt 0.929253 -0.717501
vt 0.928842 -0.717501
vt 0.980224 -0.149293
vt 0.981784 -0.157453
vt 0.979374 -0.157453
vt 0.905501 -0.719905
vt 0.905912 -0.719905
vt 0.913592 -0.720490
vt 0.982159 -0.695737
vt 0.963524 -0.720490
vt 0.982160 -0.743431
vt 0.953940 -0.156505
vt 0.946294 -0.708379
vt 0.946705 -0.708379
vt 0.925870 -0.708379
vt 0.926281 -0.708379
vt 0.924605 -0.708379
vt 0.925017 -0.708379
vt 0.952567 -0.156505
vt 0.985430 -0.695644
vt 0.967615 -0.721229
vt 0.933385 -0.760015
vt 0.909501 -0.721229
vt 0.951194 -0.163514
vt 0.955873 -0.719511
vt 0.955462 -0.719511
vt 0.926281 -0.718577
vt 0.925870 -0.718577
vt 0.979270 -0.149293
vt 0.916634 -0.720078
vt 0.916634 -0.734430
vt 0.925243 -0.734430
vt 0.925243 -0.726447
vt 0.916634 -0.726447
vt 0.916635 -0.740798
vt 0.925870 -0.699364
vt 0.926281 -0.699364
vt 0.975753 -0.157453
vt 0.954236 -0.719691
vt 0.953825 -0.719691
vt 0.934655 -0.718281
vt 0.934244 -0.718281
vt 0.934244 -0.719511
vt 0.928842 -0.718731
vt 0.933132 -0.717068
vt 0.933544 -0.717068
vt 0.929253 -0.718731
vt 0.934655 -0.719511
vt 0.918242 -0.734430
vt 0.918242 -0.743445
vt 0.926042 -0.743445
vt 0.926042 -0.743538
vt 0.918242 -0.743538
vt 0.918242 -0.734523
vt 0.925243 -0.720078
vt 0.925243 -0.740798
vt 0.982828 -0.149293
vt 0.975753 -0.149293
vt 0.975172 -0.149293
vt 0.921900 -0.720951
vt 0.922311 -0.720951
vt 0.975235 -0.157453
vt 0.919802 -0.726447
vt 0.919803 -0.740798
vt 0.930370 -0.740798
vt 0.930369 -0.720078
vt 0.919802 -0.720078
vt 0.919803 -0.734430
vt 0.926042 -0.734430
vt 0.926042 -0.734523
vt 0.982160 -0.743524
vt 0.982159 -0.695644
vt 0.919398 -0.720669
vt 0.918987 -0.720669
vt 0.971540 -0.149293
vt 0.953941 -0.156505
vt 0.921113 -0.743538
vt 0.921113 -0.734523
vt 0.930686 -0.734523
vt 0.930686 -0.734430
vt 0.921113 -0.734430
vt 0.921113 -0.743445
vt 0.909090 -0.721229
vt 0.968026 -0.721229
vt 0.963113 -0.720490
vt 0.914003 -0.720490
vt 0.924890 -0.743588
vt 0.934244 -0.720669
vt 0.952567 -0.163514
vt 0.985430 -0.666091
vt 0.933384 -0.672835
vt 0.930369 -0.726447
vt 0.930370 -0.734430
vt 0.915369 -0.721651
vt 0.914957 -0.721651
vt 0.921191 -0.720741
vt 0.920780 -0.720741
vt 0.971310 -0.149293
vt 0.930686 -0.743538
vt 0.930686 -0.743445
vt 0.899433 -0.719838
vt 0.899022 -0.719838
vt 0.934244 -0.722189
vt 0.934655 -0.722189
vt 0.937095 -0.734430
vt 0.937095 -0.726447
vt 0.955745 -0.722118
vt 0.955334 -0.722118
vt 0.966244 -0.149293
vt 0.936779 -0.743445
vt 0.936779 -0.743538
vt 0.914957 -0.722881
vt 0.915369 -0.722881
vt 0.934655 -0.720669
vt 0.930511 -0.723314
vt 0.930922 -0.723314
vt 0.957539 -0.722189
vt 0.957128 -0.722189
vt 0.966013 -0.149293
vt 0.937095 -0.720078
vt 0.937095 -0.740798
vt 0.936779 -0.734430
vt 0.936779 -0.734523
vt 0.928894 -0.762658
vt 0.942297 -0.723783
vt 0.942708 -0.723783
vt 0.941423 -0.734523
vt 0.941423 -0.734430
vt 0.942221 -0.740798
vt 0.942221 -0.720078
vt 0.928895 -0.723003
vt 0.948221 -0.723003
vt 0.961801 -0.149293
vt 0.921063 -0.723348
vt 0.920653 -0.723348
vt 0.911078 -0.723314
vt 0.910667 -0.723314
vt 0.934655 -0.723348
vt 0.934244 -0.723348
vt 0.949530 -0.724199
vt 0.927586 -0.724199
vt 0.940161 -0.163514
vt 0.952833 -0.722881
vt 0.953244 -0.722881
vt 0.941423 -0.743538
vt 0.941423 -0.743445
vt 0.962382 -0.149293
vt 0.981597 -0.072495
vt 0.981597 -0.011654
vt 0.922700 -0.723167
vt 0.922289 -0.723167
vt 0.942221 -0.726447
vt 0.942221 -0.734430
vt 0.947810 -0.723003
vt 0.929306 -0.723003
vt 0.934244 -0.724577
vt 0.947662 -0.740798
vt 0.931615 -0.743588
vt 0.934655 -0.724577
vt 0.927175 -0.724199
vt 0.949941 -0.724199
vt 0.946352 -0.743445
vt 0.946352 -0.743538
vt 0.958283 -0.149293
vt 0.950655 -0.724281
vt 0.950244 -0.724281
vt 0.942383 -0.163514
vt 0.947662 -0.734430
vt 0.947662 -0.726447
vt 0.944605 -0.136646
vt 0.944605 -0.156505
vt 0.946352 -0.734430
vt 0.946352 -0.734523
vt 0.942383 -0.156505
vt 0.957329 -0.149293
vt 0.951920 -0.724577
vt 0.951509 -0.724577
vt 0.949222 -0.734523
vt 0.949222 -0.734430
vt 0.947662 -0.720078
vt 0.954726 -0.149293
vt 0.929377 -0.725293
vt 0.928966 -0.725293
vt 0.934655 -0.725293
vt 0.934244 -0.725293
vt 0.950830 -0.740798
vt 0.950830 -0.720078
vt 0.929377 -0.722731
vt 0.930922 -0.728059
vt 0.942708 -0.728059
vt 0.942297 -0.728059
vt 0.930511 -0.728059
vt 0.928966 -0.722731
vt 0.941163 -0.722731
vt 0.953244 -0.727089
vt 0.952833 -0.727089
vt 0.940752 -0.722731
vt 0.949222 -0.743538
vt 0.949222 -0.743445
vt 0.951920 -0.722731
vt 0.951509 -0.722731
vt 0.955896 -0.149293
vt 0.930232 -0.724930
vt 0.929821 -0.724930
vt 0.955770 -0.157453
vt 0.954726 -0.157453
vt 0.961801 -0.157453
vt 0.950655 -0.708379
vt 0.950655 -0.699364
vt 0.940910 -0.699364
vt 0.940499 -0.699364
vt 0.950244 -0.699364
vt 0.950244 -0.708379
vt 0.950830 -0.726447
vt 0.950830 -0.734430
vt 0.954331 -0.149293
vt 0.940910 -0.725355
vt 0.940499 -0.725355
vt 0.953018 -0.157453
vt 0.957329 -0.157453
vt 0.958180 -0.157453
vt 0.951920 -0.708379
vt 0.941163 -0.708379
vt 0.940752 -0.708379
vt 0.951509 -0.708379
vt 0.940910 -0.708379
vt 0.940499 -0.708379
vt 0.930232 -0.699364
vt 0.930232 -0.708379
vt 0.929821 -0.708379
vt 0.929821 -0.699364
vt 0.926410 -0.870782
vt 0.926410 -0.906765
vt 0.954189 -0.157453
vt 0.953018 -0.149293
vt 0.941163 -0.725763
vt 0.940752 -0.725763
vt 0.929377 -0.708379
vt 0.928966 -0.708379
vt 0.052449 -0.899804
vt 0.047690 -0.899804
vt 0.055587 -0.890986
vt 0.050508 -0.922893
vt 0.042809 -0.922893
vt 0.050508 -0.951431
vt 0.042809 -0.951431
vt 0.052449 -0.974520
vt 0.047690 -0.974520
vt 0.055587 -0.983339
vt 0.048307 -0.899804
vt 0.053188 -0.899804
vt 0.056006 -0.890985
vt 0.043548 -0.922893
vt 0.051445 -0.922893
vt 0.043548 -0.951431
vt 0.051446 -0.951431
vt 0.048307 -0.974520
vt 0.053188 -0.974520
vt 0.056006 -0.983339
vt 0.965220 -0.856747
vt 0.969348 -0.856747
vt 0.969348 -0.892730
vt 0.965220 -0.892730
vt 0.974649 -0.950867
vt 0.981184 -0.950867
vt 0.977741 -0.966557
vt 0.972738 -0.909788
vt 0.983311 -0.909788
vt 0.972738 -0.859013
vt 0.983311 -0.859013
vt 0.974649 -0.817935
vt 0.981184 -0.817935
vt 0.977741 -0.802244
vt 0.980832 -0.950867
vt 0.974298 -0.950867
vt 0.982743 -0.909788
vt 0.972170 -0.909788
vt 0.982743 -0.859013
vt 0.972170 -0.859013
vt 0.980832 -0.817935
vt 0.974298 -0.817935
vt 0.058406 -0.974520
vt 0.063287 -0.974520
vt 0.060148 -0.951431
vt 0.068045 -0.951432
vt 0.060148 -0.922893
vt 0.068045 -0.922893
vt 0.058406 -0.899804
vt 0.063287 -0.899804
vt 0.059145 -0.899804
vt 0.063904 -0.899804
vt 0.061085 -0.922893
vt 0.068784 -0.922893
vt 0.061085 -0.951431
vt 0.068784 -0.951431
vt 0.059145 -0.974520
vt 0.063904 -0.974520
vt 0.910397 -0.874738
vt 0.910397 -0.838755
vt -1.999991 159.000015
vt 2.000009 159.000015
vt 2.000002 119.000015
vt -1.999998 119.000023
vt 0.906269 -0.838755
vt 0.906269 -0.874738
vt 0.602692 -0.635880
vt 0.597689 -0.557567
vt 0.572771 -0.557567
vt 0.567771 -0.635880
vt 0.603538 -0.732680
vt 0.566926 -0.732680
vt 0.569035 -0.775575
vt 0.601427 -0.775575
vt 0.573495 -0.810993
vt 0.596964 -0.810993
vt 0.575735 -0.821957
vt 0.594722 -0.821957
vt 0.615948 -0.810993
vt 0.610081 -0.821957
vt 0.630413 -0.810993
vt 0.627631 -0.775575
vt 0.647595 -0.775575
vt 0.560373 -0.821957
vt 0.568033 -0.831234
vt 0.578660 -0.831234
vt 0.591794 -0.831234
vt 0.602420 -0.831234
vt 0.621783 -0.821957
vt 0.554506 -0.810993
vt 0.548666 -0.821957
vt 0.559934 -0.831234
vt 0.585225 -0.840906
vt 0.610515 -0.831234
vt 0.540036 -0.810993
vt 0.542826 -0.775575
vt 0.522854 -0.775575
vt 0.537303 -0.732680
vt 0.514730 -0.732680
vt 0.517986 -0.635880
vt 0.539517 -0.635880
vt 0.537246 -0.557567
vt 0.552609 -0.557567
vt 0.550302 -0.543665
vt 0.561485 -0.543665
vt 0.561223 -0.534388
vt 0.568909 -0.534388
vt 0.570062 -0.528822
vt 0.574917 -0.528822
vt 0.585225 -0.523695
vt 0.576159 -0.543665
vt 0.578994 -0.534388
vt 0.581289 -0.528822
vt 0.589164 -0.528822
vt 0.595534 -0.528822
vt 0.600387 -0.528822
vt 0.609227 -0.534388
vt 0.594297 -0.543665
vt 0.591460 -0.534388
vt 0.601544 -0.534388
vt 0.620147 -0.543665
vt 0.608969 -0.543665
vt 0.633204 -0.557567
vt 0.617846 -0.557567
vt 0.922709 -0.326714
vt 0.906579 -0.326714
vt 0.905500 -0.302827
vt 0.924888 -0.302827
vt 0.925030 -0.242447
vt 0.905316 -0.242447
vt 0.907086 -0.206371
vt 0.922319 -0.206371
vt 2.000003 119.000015
vt -1.999997 119.000023
vt 0.914467 -0.620049
vt 0.917248 -0.617016
vt 0.920895 -0.615464
vt 0.930892 -0.615464
vt 0.934538 -0.617016
vt 0.937319 -0.620049
vt 0.929204 -0.193599
vt 0.933367 -0.206371
vt 0.920602 -0.193599
vt 0.919649 -0.172719
vt 0.924636 -0.172719
vt 0.934599 -0.193599
vt 0.914549 -0.172719
vt 0.909778 -0.168021
vt 0.907676 -0.172719
vt 0.901454 -0.172719
vt 0.898585 -0.172719
vt 0.887577 -0.193599
vt 0.893288 -0.193599
vt 0.889331 -0.206371
vt 0.882559 -0.206371
vt 0.881108 -0.326714
vt 0.875836 -0.302827
vt 0.884196 -0.302827
vt 0.888121 -0.326714
vt 0.891663 -0.351675
vt 0.896305 -0.351675
vt 0.903473 -0.365602
vt 0.901605 -0.365602
vt 0.909210 -0.370334
vt 0.910251 -0.365602
vt 0.914386 -0.365602
vt 0.917366 -0.365602
vt 0.921660 -0.365602
vt 0.909266 -0.351675
vt 0.918873 -0.351675
vt 0.925610 -0.351675
vt 0.930513 -0.351675
vt 0.743104 -0.782254
vt 0.748792 -0.782254
vt 0.728338 -0.767430
vt 0.745811 -0.789265
vt 0.754142 -0.789265
vt 0.755229 -0.815774
vt 0.766154 -0.815774
vt 0.760907 -0.844427
vt 0.774740 -0.845047
vt 0.779866 -0.913361
vt 0.761623 -0.913410
vt 0.776893 -0.930062
vt 0.760323 -0.930062
vt 0.751817 -0.957900
vt 0.769728 -0.971108
vt 0.706592 -0.782254
vt 0.712280 -0.782254
vt 0.727050 -0.767430
vt 0.701239 -0.789265
vt 0.709572 -0.789265
vt 0.700153 -0.815774
vt 0.689227 -0.815774
vt 0.694473 -0.844427
vt 0.680639 -0.845047
vt 0.693758 -0.913410
vt 0.675513 -0.913361
vt 0.678486 -0.930062
vt 0.695058 -0.930062
vt 0.703565 -0.957902
vt 0.685652 -0.971111
vt 0.751351 -0.957743
vt 0.752787 -0.944243
vt 0.767511 -0.953876
vt 0.769485 -0.971030
vt 0.540516 -0.821499
vt 0.542904 -0.758341
vt 0.533827 -0.758341
vt 0.530875 -0.821499
vt 0.539676 -0.899566
vt 0.529836 -0.899566
vt 0.542636 -0.962724
vt 0.533495 -0.962724
vt 0.540243 -0.979657
vt 0.550269 -0.979657
vt 0.566559 -0.962724
vt 0.569474 -0.979657
vt 0.596127 -0.962724
vt 0.565429 -0.899566
vt 0.597258 -0.899566
vt 0.565749 -0.821499
vt 0.553654 -0.988933
vt 0.562136 -0.988933
vt 0.574005 -0.988933
vt 0.593210 -0.979657
vt 0.620046 -0.962724
vt 0.623006 -0.899566
vt 0.581337 -0.994807
vt 0.588675 -0.988933
vt 0.612411 -0.979657
vt 0.629179 -0.962724
vt 0.622431 -0.979657
vt 0.600541 -0.988933
vt 0.609020 -0.988933
vt 0.596937 -0.821499
vt 0.566661 -0.758341
vt 0.596024 -0.758341
vt 0.622166 -0.821499
vt 0.619777 -0.758341
vt 0.631799 -0.821499
vt 0.628847 -0.758341
vt 0.753058 -0.944243
vt 0.751621 -0.957743
vt 0.769759 -0.971030
vt 0.767782 -0.953876
vt 0.941068 -0.326714
vt 0.934505 -0.326714
vt 0.939110 -0.302827
vt 0.946340 -0.302827
vt 0.700297 -0.971394
vt 0.701608 -0.971314
vt 0.708568 -0.958281
vt 0.705504 -0.958437
vt 0.713193 -0.954488
vt 0.719140 -0.950436
vt 0.696776 -0.929915
vt 0.716103 -0.929915
vt 0.715171 -0.914189
vt 0.695114 -0.913580
vt 0.696349 -0.844397
vt 0.719257 -0.952547
vt 0.735885 -0.952547
vt 0.735998 -0.950435
vt 0.739033 -0.929915
vt 0.739964 -0.914189
vt 0.715642 -0.844600
vt 0.701817 -0.815241
vt 0.717766 -0.815241
vt 0.711012 -0.789238
vt 0.741949 -0.954488
vt 0.749637 -0.958434
vt 0.758363 -0.929915
vt 0.760025 -0.913580
vt 0.739493 -0.844600
vt 0.737371 -0.815241
vt 0.746574 -0.958281
vt 0.753534 -0.971314
vt 0.754848 -0.971391
vt 0.758789 -0.844397
vt 0.753322 -0.815241
vt 0.744130 -0.789238
vt 0.733894 -0.789643
vt 0.721245 -0.789643
vt 0.722375 -0.782477
vt 0.713710 -0.782477
vt 0.727573 -0.767936
vt 0.741433 -0.782477
vt 0.732766 -0.782477
vt 0.179368 -0.588825
vt 0.150402 -0.588850
vt 0.153730 -0.588805
vt 0.107999 -0.588798
vt 0.153696 -0.246123
vt 0.149652 -0.347232
vt 0.105569 -0.347194
vt 0.114832 -0.246077
vt 0.125999 -0.171262
vt 0.161524 -0.171316
vt 0.173151 -0.117290
vt 0.143461 -0.117226
vt 0.154556 -0.086930
vt 0.182254 -0.086992
vt 0.088063 -0.247646
vt 0.103133 -0.172276
vt 0.125323 -0.117414
vt 0.139233 -0.086847
vt 0.153845 -0.063341
vt 0.166752 -0.063442
vt 0.190811 -0.063516
vt 0.200573 -0.086956
vt 0.090746 -0.175505
vt 0.108937 -0.118199
vt 0.126387 -0.086819
vt 0.074073 -0.252504
vt 0.049738 -0.260243
vt 0.051756 -0.188353
vt 0.077099 -0.132944
vt 0.061178 -0.351471
vt 0.036446 -0.355093
vt 0.011008 -0.357288
vt 0.024437 -0.270457
vt 0.044663 -0.218228
vt 0.075338 -0.348234
vt 0.066878 -0.452984
vt 0.049989 -0.457201
vt 0.031897 -0.465479
vt 0.006420 -0.465907
vt 0.012716 -0.583496
vt 0.100367 -0.448983
vt 0.164412 -0.707818
vt 0.189121 -0.707781
vt 0.244910 -0.707739
vt 0.196562 -0.763743
vt 0.244911 -0.763732
vt 0.244911 -0.813603
vt 0.203602 -0.813968
vt 0.184177 -0.815189
vt 0.175308 -0.763748
vt 0.244957 -0.588816
vt 0.178103 -0.449077
vt 0.244910 -0.449078
vt 0.180028 -0.347226
vt 0.244910 -0.347212
vt 0.244910 -0.246086
vt 0.151489 -0.449005
vt 0.183186 -0.246108
vt 0.187517 -0.171293
vt 0.244910 -0.171263
vt 0.244866 -0.117218
vt 0.195304 -0.117258
vt 0.244866 -0.086913
vt 0.244866 -0.063413
vt 0.206656 -0.063468
vt 0.213965 -0.043542
vt 0.244866 -0.043476
vt 0.244866 -0.027883
vt 0.221230 -0.027960
vt 0.227180 -0.017502
vt 0.244866 -0.017417
vt 0.198569 -0.043602
vt 0.208117 -0.028030
vt 0.215539 -0.017580
vt 0.221365 -0.010963
vt 0.231653 -0.010872
vt 0.244866 -0.010774
vt 0.181416 -0.043517
vt 0.195993 -0.027934
vt 0.207928 -0.017476
vt 0.172784 -0.043398
vt 0.189051 -0.027800
vt 0.202377 -0.017330
vt 0.212449 -0.010681
vt 0.216927 -0.010846
vt 0.163363 -0.043358
vt 0.181622 -0.027755
vt 0.196604 -0.017282
vt 0.144171 -0.063307
vt 0.121182 -0.065179
vt 0.154061 -0.043358
vt 0.174540 -0.027755
vt 0.097992 -0.094304
vt 0.105655 -0.115218
vt 0.141480 -0.043358
vt 0.161157 -0.027755
vt 0.179736 -0.017282
vt 0.191250 -0.017282
vt 0.203854 -0.010626
vt 0.207949 -0.010626
vt 0.195462 -0.010626
vt 0.206707 -0.006476
vt 0.212016 -0.006476
vt 0.215296 -0.006476
vt 0.218956 -0.006544
vt 0.221186 -0.006748
vt 0.219293 -0.003915
vt 0.221326 -0.003992
vt 0.224895 -0.003963
vt 0.226917 -0.004184
vt 0.229849 -0.004411
vt 0.225093 -0.006891
vt 0.217844 -0.003992
vt 0.226330 -0.002337
vt 0.229244 -0.002026
vt 0.228718 -0.002337
vt 0.233264 -0.001980
vt 0.235243 -0.002154
vt 0.173990 -0.027755
vt 0.151860 -0.043358
vt 0.128756 -0.076406
vt 0.244866 -0.000444
vt 0.244866 -0.001272
vt 0.244866 -0.001850
vt 0.236509 -0.002569
vt 0.238915 -0.002938
vt 0.236144 -0.004399
vt 0.233784 -0.006774
vt 0.244866 -0.002608
vt 0.244866 -0.004208
vt 0.244866 -0.006650
vt 0.146607 -0.763718
vt 0.160415 -0.816674
vt 0.172648 -0.858925
vt 0.120985 -0.818401
vt 0.141995 -0.859815
vt 0.143043 -0.904887
vt 0.101033 -0.826221
vt 0.081220 -0.762869
vt 0.106657 -0.763482
vt 0.192317 -0.857289
vt 0.194030 -0.879707
vt 0.185958 -0.884898
vt 0.176839 -0.889813
vt 0.159033 -0.894684
vt 0.210822 -0.855054
vt 0.201540 -0.871908
vt 0.215199 -0.887208
vt 0.206318 -0.892934
vt 0.199085 -0.898880
vt 0.186646 -0.907399
vt 0.244911 -0.853515
vt 0.244911 -0.879947
vt 0.225554 -0.880368
vt 0.233994 -0.894103
vt 0.229270 -0.898406
vt 0.222954 -0.905130
vt 0.244911 -0.895337
vt 0.244911 -0.901980
vt 0.244911 -0.910260
vt 0.244911 -0.919104
vt 0.219307 -0.914135
vt 0.215751 -0.924255
vt 0.215043 -0.934764
vt 0.211159 -0.943907
vt 0.244911 -0.928905
vt 0.244867 -0.941181
vt 0.244867 -0.954663
vt 0.244867 -0.963536
vt 0.220919 -0.961787
vt 0.200859 -0.959692
vt 0.186458 -0.931601
vt 0.229089 -0.982362
vt 0.214818 -0.982362
vt 0.203560 -0.982362
vt 0.178482 -0.958094
vt 0.244867 -0.982362
vt 0.244867 -0.987709
vt 0.231880 -0.987709
vt 0.220133 -0.987709
vt 0.210866 -0.987709
vt 0.204846 -0.987709
vt 0.196246 -0.982362
vt 0.165660 -0.956924
vt 0.234716 -0.992291
vt 0.225535 -0.992291
vt 0.218293 -0.992291
vt 0.244867 -0.992291
vt 0.244867 -0.995823
vt 0.237469 -0.995747
vt 0.231081 -0.995823
vt 0.225499 -0.995747
vt 0.222561 -0.995823
vt 0.213588 -0.992291
vt 0.240007 -0.997716
vt 0.236825 -0.998023
vt 0.232142 -0.997716
vt 0.244867 -0.998023
vt 0.244867 -0.999556
vt 0.231855 -0.998023
vt 0.229138 -0.998722
vt 0.220927 -0.997088
vt 0.211215 -0.995196
vt 0.198146 -0.991285
vt 0.176852 -0.982362
vt 0.144429 -0.957229
vt 0.106399 -0.912387
vt 0.128649 -0.910512
vt 0.085536 -0.827477
vt 0.060479 -0.827896
vt 0.040883 -0.762067
vt 0.066189 -0.762268
vt 0.051318 -0.689548
vt 0.066612 -0.690664
vt 0.091572 -0.703432
vt 0.025626 -0.689176
vt 0.039156 -0.583981
vt 0.056049 -0.585437
vt 0.079691 -0.587953
vt 0.154680 -0.588828
vt 0.151491 -0.449005
vt 0.100369 -0.448983
vt 0.108001 -0.588798
vt 0.905905 -0.216784
vt 0.892260 -0.216784
vt 0.890370 -0.264533
vt 0.905905 -0.264533
vt 0.919551 -0.216784
vt 0.905905 -0.191260
vt 0.914339 -0.191260
vt 0.905905 -0.177279
vt 0.901895 -0.177279
vt 0.897472 -0.191260
vt 0.892260 -0.312281
vt 0.905905 -0.312281
vt 0.921440 -0.264533
vt 0.919551 -0.312281
vt 0.914339 -0.344517
vt 0.905905 -0.344517
vt 0.905611 -0.351786
vt 0.911734 -0.351786
vt 0.922686 -0.344517
vt 0.918654 -0.351786
vt 0.934183 -0.344517
vt 0.930151 -0.351786
vt 0.905228 -0.361220
vt 0.899487 -0.351786
vt 0.897472 -0.344517
vt 0.895703 -0.351786
vt 0.892260 -0.344517
vt 0.883827 -0.312281
vt 0.880769 -0.264533
vt 0.909915 -0.177279
vt 0.905905 -0.170530
vt 0.899417 -0.177279
vt 0.892260 -0.191260
vt 0.883827 -0.216784
vt 0.915529 -0.177279
vt 0.927026 -0.177279
vt 0.934183 -0.191260
vt 0.922686 -0.191260
vt 0.931119 -0.216784
vt 0.066880 -0.452984
vt 0.105570 -0.347194
vt 0.075340 -0.348234
vt 0.061268 -0.351471
vt 0.050079 -0.457201
vt 0.056138 -0.585437
vt 0.088064 -0.247646
vt 0.074163 -0.252504
vt 0.049828 -0.260243
vt 0.036535 -0.355093
vt 0.031987 -0.465479
vt 0.090836 -0.175504
vt 0.051846 -0.188353
vt 0.044753 -0.218228
vt 0.024527 -0.270457
vt 0.011098 -0.357288
vt 0.103135 -0.172276
vt 0.125413 -0.117414
vt 0.109027 -0.118199
vt 0.077189 -0.132944
vt 0.126001 -0.171261
vt 0.143550 -0.117226
vt 0.154646 -0.086930
vt 0.139323 -0.086847
vt 0.126477 -0.086819
vt 0.098082 -0.094304
vt 0.105745 -0.115217
vt 0.114834 -0.246077
vt 0.153698 -0.246123
vt 0.161526 -0.171316
vt 0.173241 -0.117290
vt 0.149654 -0.347232
vt 0.180029 -0.347226
vt 0.183188 -0.246108
vt 0.244912 -0.246086
vt 0.187519 -0.171293
vt 0.244912 -0.171263
vt 0.244956 -0.117218
vt 0.195394 -0.117258
vt 0.200663 -0.086956
vt 0.244912 -0.347212
vt 0.244912 -0.449078
vt 0.178104 -0.449077
vt 0.244866 -0.588816
vt 0.179277 -0.588825
vt 0.244912 -0.707739
vt 0.189122 -0.707781
vt 0.196563 -0.763743
vt 0.244912 -0.763732
vt 0.244912 -0.813603
vt 0.203603 -0.813968
vt 0.210823 -0.855054
vt 0.244912 -0.853515
vt 0.244912 -0.879947
vt 0.225555 -0.880368
vt 0.233995 -0.894103
vt 0.244912 -0.895337
vt 0.244912 -0.901980
vt 0.229271 -0.898406
vt 0.222955 -0.905130
vt 0.244912 -0.910260
vt 0.215200 -0.887208
vt 0.206320 -0.892934
vt 0.201541 -0.871908
vt 0.192318 -0.857289
vt 0.244956 -0.086913
vt 0.244956 -0.063413
vt 0.206746 -0.063468
vt 0.190901 -0.063516
vt 0.182344 -0.086992
vt 0.214055 -0.043542
vt 0.198659 -0.043602
vt 0.181506 -0.043517
vt 0.166842 -0.063442
vt 0.153935 -0.063341
vt 0.244956 -0.043476
vt 0.244956 -0.027883
vt 0.221320 -0.027960
vt 0.208208 -0.028030
vt 0.196083 -0.027934
vt 0.189141 -0.027800
vt 0.172875 -0.043398
vt 0.227270 -0.017502
vt 0.215630 -0.017580
vt 0.208018 -0.017476
vt 0.244956 -0.017417
vt 0.244956 -0.010774
vt 0.231743 -0.010872
vt 0.221455 -0.010963
vt 0.217017 -0.010846
vt 0.212539 -0.010681
vt 0.202467 -0.017330
vt 0.233874 -0.006774
vt 0.225183 -0.006891
vt 0.221276 -0.006748
vt 0.244956 -0.006650
vt 0.244956 -0.004208
vt 0.236234 -0.004399
vt 0.229939 -0.004411
vt 0.227007 -0.004184
vt 0.224985 -0.003963
vt 0.219046 -0.006544
vt 0.239005 -0.002938
vt 0.236599 -0.002569
vt 0.235333 -0.002154
vt 0.244956 -0.002608
vt 0.244956 -0.001850
vt 0.244956 -0.001272
vt 0.244956 -0.000444
vt 0.233354 -0.001980
vt 0.228808 -0.002337
vt 0.221416 -0.003992
vt 0.215386 -0.006476
vt 0.229334 -0.002026
vt 0.219384 -0.003915
vt 0.212106 -0.006476
vt 0.203944 -0.010626
vt 0.208039 -0.010626
vt 0.196694 -0.017282
vt 0.226420 -0.002337
vt 0.217934 -0.003992
vt 0.206797 -0.006476
vt 0.195552 -0.010626
vt 0.179827 -0.017282
vt 0.191340 -0.017282
vt 0.174080 -0.027755
vt 0.161247 -0.027755
vt 0.141570 -0.043358
vt 0.151950 -0.043358
vt 0.128846 -0.076406
vt 0.121272 -0.065179
vt 0.144261 -0.063307
vt 0.163453 -0.043358
vt 0.154151 -0.043358
vt 0.174630 -0.027755
vt 0.181712 -0.027755
vt 0.006509 -0.465907
vt 0.012805 -0.583496
vt 0.039245 -0.583981
vt 0.051407 -0.689548
vt 0.066702 -0.690664
vt 0.091574 -0.703432
vt 0.079692 -0.587953
vt 0.025716 -0.689176
vt 0.040972 -0.762067
vt 0.066278 -0.762268
vt 0.081310 -0.762869
vt 0.106658 -0.763482
vt 0.120986 -0.818401
vt 0.085625 -0.827477
vt 0.101122 -0.826221
vt 0.143132 -0.904887
vt 0.141996 -0.859815
vt 0.172649 -0.858925
vt 0.160416 -0.816674
vt 0.060568 -0.827896
vt 0.106488 -0.912387
vt 0.128738 -0.910512
vt 0.165749 -0.956924
vt 0.178571 -0.958094
vt 0.200948 -0.959692
vt 0.186546 -0.931601
vt 0.159034 -0.894684
vt 0.144518 -0.957229
vt 0.176941 -0.982362
vt 0.196335 -0.982362
vt 0.203649 -0.982362
vt 0.214907 -0.982362
vt 0.229178 -0.982362
vt 0.221008 -0.961787
vt 0.211248 -0.943907
vt 0.204935 -0.987709
vt 0.210955 -0.987709
vt 0.220221 -0.987709
vt 0.198235 -0.991285
vt 0.211304 -0.995196
vt 0.213677 -0.992291
vt 0.218382 -0.992291
vt 0.225624 -0.992291
vt 0.234805 -0.992291
vt 0.231968 -0.987709
vt 0.222650 -0.995823
vt 0.225588 -0.995747
vt 0.231170 -0.995823
vt 0.221016 -0.997088
vt 0.229227 -0.998722
vt 0.231944 -0.998023
vt 0.232231 -0.997716
vt 0.236914 -0.998023
vt 0.240095 -0.997716
vt 0.237558 -0.995747
vt 0.244956 -0.999556
vt 0.244956 -0.998023
vt 0.244956 -0.995823
vt 0.244956 -0.992291
vt 0.244956 -0.987709
vt 0.244956 -0.982362
vt 0.244956 -0.963536
vt 0.244956 -0.954663
vt 0.244956 -0.941181
vt 0.215132 -0.934764
vt 0.186647 -0.907399
vt 0.176840 -0.889813
vt 0.185959 -0.884898
vt 0.194031 -0.879707
vt 0.215752 -0.924255
vt 0.199086 -0.898880
vt 0.244912 -0.928905
vt 0.244912 -0.919104
vt 0.219308 -0.914135
vt 0.929903 -0.375899
vt 0.934717 -0.375899
vt 0.927011 -0.371223
vt 0.932585 -0.385585
vt 0.938973 -0.385585
vt 0.936030 -0.403268
vt 0.944414 -0.403268
vt 0.946936 -0.436349
vt 0.937641 -0.436349
vt 0.944414 -0.469430
vt 0.936030 -0.469430
vt 0.932585 -0.491763
vt 0.938973 -0.491763
vt 0.936607 -0.496799
vt 0.931163 -0.496799
vt 0.926654 -0.503335
vt 0.949559 -0.216743
vt 0.946501 -0.264223
vt 0.957992 -0.191830
vt 0.965149 -0.178182
vt 0.971637 -0.171595
vt 0.956102 -0.264223
vt 0.957992 -0.216743
vt 0.963204 -0.191830
vt 0.967627 -0.178182
vt 0.957992 -0.312572
vt 0.971637 -0.312572
vt 0.971637 -0.264223
vt 0.971637 -0.216743
vt 0.971637 -0.191830
vt 0.971637 -0.178182
vt 0.949559 -0.312572
vt 0.957992 -0.344388
vt 0.963204 -0.344388
vt 0.971637 -0.344388
vt 0.985283 -0.312572
vt 0.987172 -0.264223
vt 0.962024 -0.353134
vt 0.965808 -0.353134
vt 0.971932 -0.353134
vt 0.978055 -0.353134
vt 0.980071 -0.344388
vt 0.993716 -0.312572
vt 0.972314 -0.364485
vt 0.981840 -0.353134
vt 0.985283 -0.344388
vt 0.996773 -0.264223
vt 0.985283 -0.216743
vt 0.990163 -0.599593
vt 0.992894 -0.565191
vt 0.988289 -0.565191
vt 0.986503 -0.599593
vt 0.980178 -0.622818
vt 0.982440 -0.622818
vt 0.978731 -0.628055
vt 0.977733 -0.628055
vt 0.979929 -0.622818
vt 0.986101 -0.599593
vt 0.974007 -0.622818
vt 0.976773 -0.628055
vt 0.970283 -0.634852
vt 0.973259 -0.628055
vt 0.973605 -0.622818
vt 0.975867 -0.599593
vt 0.976518 -0.599593
vt 0.966284 -0.622818
vt 0.972608 -0.628055
vt 0.967825 -0.628055
vt 0.963352 -0.628055
vt 0.959959 -0.622818
vt 0.964022 -0.599593
vt 0.953788 -0.599593
vt 0.952259 -0.565191
vt 0.964279 -0.565191
vt 0.953788 -0.530789
vt 0.964022 -0.530789
vt 0.966284 -0.512400
vt 0.959959 -0.512400
vt 0.968912 -0.502327
vt 0.965670 -0.502327
vt 0.969944 -0.497464
vt 0.971817 -0.502327
vt 0.974458 -0.502327
vt 0.975827 -0.502327
vt 0.975400 -0.502327
vt 0.972159 -0.502327
vt 0.979930 -0.512400
vt 0.973605 -0.512400
vt 0.974007 -0.512400
vt 0.980178 -0.512400
vt 0.982440 -0.512400
vt 0.990163 -0.530789
vt 0.986101 -0.530789
vt 0.975867 -0.530789
vt 0.977396 -0.565191
vt 0.989415 -0.565191
vt 0.531127 -0.132852
vt 0.623070 -0.132852
vt 0.623070 -0.239995
vt 0.534622 -0.239995
vt 0.432026 -0.132852
vt 0.442067 -0.075709
vt 0.536924 -0.075709
vt 0.455431 -0.031650
vt 0.623070 -0.075709
vt 0.542839 -0.318567
vt 0.452312 -0.318567
vt 0.438080 -0.239995
vt 0.392983 -0.132852
vt 0.399973 -0.239995
vt 0.623070 -0.318567
vt 0.552013 -0.380497
vt 0.468201 -0.380497
vt 0.623071 -0.380497
vt 0.560195 -0.425719
vt 0.482373 -0.425719
vt 0.623071 -0.425719
vt 0.575594 -0.479896
vt 0.509045 -0.479896
vt 0.481917 -0.479896
vt 0.451119 -0.425719
vt 0.623071 -0.479896
vt 0.623070 -0.031650
vt 0.564768 -0.018566
vt 0.623070 -0.018566
vt 0.585927 -0.010223
vt 0.623070 -0.010223
vt 0.623070 -0.001665
vt 0.526943 -0.010223
vt 0.516575 -0.004541
vt 0.490294 -0.018566
vt 0.471484 -0.010390
vt 0.433560 -0.031650
vt 0.404577 -0.075709
vt 0.850298 -0.228672
vt 0.859891 -0.228672
vt 0.851599 -0.210034
vt 0.845674 -0.210034
vt 0.840686 -0.228672
vt 0.851964 -0.263539
vt 0.840954 -0.263539
vt 0.850298 -0.298406
vt 0.844697 -0.199825
vt 0.841742 -0.199825
vt 0.839734 -0.210034
vt 0.830121 -0.228672
vt 0.828993 -0.263539
vt 0.840686 -0.298406
vt 0.838193 -0.194897
vt 0.838872 -0.199825
vt 0.833204 -0.210034
vt 0.822639 -0.228672
vt 0.820648 -0.263539
vt 0.830121 -0.298406
vt 0.842835 -0.199825
vt 0.847806 -0.210034
vt 0.853747 -0.228672
vt 0.856007 -0.263539
vt 0.863104 -0.263539
vt 0.853747 -0.298406
vt 0.859891 -0.298406
vt 0.851599 -0.321945
vt 0.847806 -0.321945
vt 0.845467 -0.327253
vt 0.848275 -0.327253
vt 0.838693 -0.334142
vt 0.843778 -0.327253
vt 0.839417 -0.327253
vt 0.834723 -0.327253
vt 0.831490 -0.327253
vt 0.828814 -0.327253
vt 0.824765 -0.321945
vt 0.845674 -0.321945
vt 0.839734 -0.321945
vt 0.833204 -0.321945
vt 0.828580 -0.321945
vt 0.822639 -0.298406
vt 0.816472 -0.298406
vt 0.813601 -0.263539
vt 0.816472 -0.228672
vt 0.828580 -0.210034
vt 0.824765 -0.210034
vt 0.833729 -0.199825
vt 0.831893 -0.199825
vt 0.835812 -0.199825
vt 0.981050 -0.150210
vt 0.575622 -0.479896
vt 0.623098 -0.479896
vt 0.623098 -0.425719
vt 0.560223 -0.425719
vt 0.509073 -0.479896
vt 0.482401 -0.425719
vt 0.552041 -0.380497
vt 0.468229 -0.380497
vt 0.542867 -0.318566
vt 0.452339 -0.318566
vt 0.623098 -0.380497
vt 0.623098 -0.318567
vt 0.623098 -0.239995
vt 0.534650 -0.239995
vt 0.438108 -0.239995
vt 0.432054 -0.132852
vt 0.393011 -0.132852
vt 0.400001 -0.239995
vt 0.531155 -0.132852
vt 0.442095 -0.075709
vt 0.536952 -0.075709
vt 0.455459 -0.031650
vt 0.433589 -0.031650
vt 0.404605 -0.075709
vt 0.623099 -0.132852
vt 0.623099 -0.075709
vt 0.551920 -0.031650
vt 0.490322 -0.018566
vt 0.471513 -0.010390
vt 0.623099 -0.031650
vt 0.564796 -0.018566
vt 0.526971 -0.010223
vt 0.516603 -0.004541
vt 0.623099 -0.018566
vt 0.585955 -0.010223
vt 0.623099 -0.001665
vt 0.623099 -0.010223
vt 0.908121 -0.133280
vt 0.908519 -0.144145
vt 0.899773 -0.144145
vt 0.900171 -0.133280
vt 0.982138 -0.161608
vt 0.969073 -0.161608
vt 0.956007 -0.161608
vt 0.947931 -0.161608
vt 0.127063 -0.070792
vt 0.126973 -0.070792
vt 0.997017 -0.014929
vt 0.997017 -0.065460
vt 0.981050 -0.136801
vt 0.969073 -0.136801
vt 0.957095 -0.136801
vt 0.949693 -0.136801
vt 0.908360 -0.144077
vt 0.907976 -0.133197
vt 0.900315 -0.133313
vt 0.899458 -0.144295
vt 0.994059 -0.014929
vt 0.994059 -0.065460
vt 0.989272 -0.014929
vt 0.989272 -0.065460
vt 0.984486 -0.014929
vt 0.984486 -0.065460
vt 0.981528 -0.014929
vt 0.981528 -0.065460
vt 0.899646 -0.144193
vt 0.900378 -0.133286
vt 0.908151 -0.133356
vt 0.908567 -0.144193
vt 0.900315 -0.133187
vt 0.899458 -0.144262
vt 0.908359 -0.144257
vt 0.907976 -0.133390
vt 0.392514 -0.216869
vt 0.378450 -0.246082
vt 0.378393 -0.246082
vt 0.392458 -0.216869
vt 0.311320 -0.257854
vt 0.307393 -0.228958
vt 0.340036 -0.229803
vt 0.267119 -0.228325
vt 0.267119 -0.257464
vt 0.339980 -0.229803
vt 0.307337 -0.228958
vt 0.311264 -0.257854
vt 0.267063 -0.228325
vt 0.267063 -0.257464
vt 0.341394 -0.229668
vt 0.359098 -0.229668
vt 0.370478 -0.256855
vt 0.349239 -0.257928
vt 0.312144 -0.257764
vt 0.355823 -0.284911
vt 0.315420 -0.285471
vt 0.267122 -0.285422
vt 0.267122 -0.257374
vt 0.380437 -0.283033
vt 0.387489 -0.359176
vt 0.361045 -0.360464
vt 0.318187 -0.360945
vt 0.267122 -0.360983
vt 0.267122 -0.466441
vt 0.392920 -0.278263
vt 0.401111 -0.357536
vt 0.403709 -0.465228
vt 0.389440 -0.465789
vt 0.362247 -0.466261
vt 0.318759 -0.466432
vt 0.380521 -0.245974
vt 0.391615 -0.216713
vt 0.404518 -0.269027
vt 0.413085 -0.355999
vt 0.416013 -0.464794
vt 0.411996 -0.582573
vt 0.399331 -0.582774
vt 0.384092 -0.583377
vt 0.356771 -0.583979
vt 0.315447 -0.584180
vt 0.267122 -0.584180
vt 0.267122 -0.690835
vt 0.390844 -0.688726
vt 0.374854 -0.689630
vt 0.348062 -0.690534
vt 0.310328 -0.690835
vt 0.305475 -0.763041
vt 0.267122 -0.763041
vt 0.267122 -0.827771
vt 0.403759 -0.688425
vt 0.394026 -0.761434
vt 0.381114 -0.761635
vt 0.365134 -0.762238
vt 0.368936 -0.827420
vt 0.353924 -0.827570
vt 0.329838 -0.911998
vt 0.381524 -0.827370
vt 0.352228 -0.911998
vt 0.340942 -0.911998
vt 0.317838 -0.956913
vt 0.310209 -0.956913
vt 0.296866 -0.956913
vt 0.310416 -0.911998
vt 0.289854 -0.911909
vt 0.328083 -0.827721
vt 0.327966 -0.956913
vt 0.306177 -0.982086
vt 0.298141 -0.982086
vt 0.293475 -0.982086
vt 0.286293 -0.982086
vt 0.277188 -0.982086
vt 0.282740 -0.956913
vt 0.292655 -0.987443
vt 0.288814 -0.987443
vt 0.282902 -0.987443
vt 0.300307 -0.987443
vt 0.294086 -0.992032
vt 0.287077 -0.992032
vt 0.284076 -0.992032
vt 0.279455 -0.992032
vt 0.273598 -0.992032
vt 0.275408 -0.987443
vt 0.281353 -0.995570
vt 0.279478 -0.995493
vt 0.275917 -0.995570
vt 0.287069 -0.995493
vt 0.277156 -0.998881
vt 0.275423 -0.997773
vt 0.275240 -0.997466
vt 0.272252 -0.997773
vt 0.270223 -0.997466
vt 0.271842 -0.995493
vt 0.267122 -0.999309
vt 0.267122 -0.997773
vt 0.267122 -0.995570
vt 0.267122 -0.992032
vt 0.267122 -0.987443
vt 0.267122 -0.982086
vt 0.267122 -0.956913
vt 0.267122 -0.911909
vt 0.299210 -0.827771
vt 0.339566 -0.762840
vt 0.370456 -0.256855
vt 0.359077 -0.229668
vt 0.341372 -0.229668
vt 0.349218 -0.257928
vt 0.355802 -0.284911
vt 0.380415 -0.283033
vt 0.392899 -0.278263
vt 0.380500 -0.245974
vt 0.391593 -0.216713
vt 0.404497 -0.269027
vt 0.312123 -0.257764
vt 0.315399 -0.285471
vt 0.318166 -0.360945
vt 0.361024 -0.360464
vt 0.387468 -0.359176
vt 0.401089 -0.357536
vt 0.413064 -0.355999
vt 0.267101 -0.285422
vt 0.267101 -0.360983
vt 0.267101 -0.466441
vt 0.318738 -0.466432
vt 0.362226 -0.466261
vt 0.267101 -0.257374
vt 0.515175 -0.011872
vt 0.515098 -0.016502
vt 0.516850 -0.017366
vt 0.580100 -0.017366
vt 0.623070 -0.017366
vt 0.506955 -0.017125
vt 0.511117 -0.018566
vt 0.572858 -0.019300
vt 0.573524 -0.022589
vt 0.507621 -0.020414
vt 0.558042 -0.034097
vt 0.468358 -0.034051
vt 0.475972 -0.022868
vt 0.452153 -0.034614
vt 0.451483 -0.031326
vt 0.475306 -0.019579
vt 0.467097 -0.031650
vt 0.467687 -0.030763
vt 0.515841 -0.015160
vt 0.515764 -0.019791
vt 0.623070 -0.380497
vt 0.515870 -0.015160
vt 0.515203 -0.011872
vt 0.515126 -0.016502
vt 0.515792 -0.019791
vt 0.506983 -0.017125
vt 0.507649 -0.020414
vt 0.986853 -0.156204
vt 0.908121 -0.133378
vt 0.908519 -0.144113
vt 0.900121 -0.133291
vt 0.899722 -0.144234
vt 0.908499 -0.144234
vt 0.908100 -0.133291
vt 0.908066 -0.133291
vt 0.908465 -0.144234
vt 0.899688 -0.144234
vt 0.900088 -0.133291
vt 0.899773 -0.144113
vt 0.900171 -0.133208
vt 0.476000 -0.022867
vt 0.475334 -0.019579
vt 0.516878 -0.017366
vt 0.468386 -0.034051
vt 0.452182 -0.034614
vt 0.451511 -0.031326
vt 0.558070 -0.034097
vt 0.467715 -0.030763
vt 0.573553 -0.022589
vt 0.557461 -0.030808
vt 0.467125 -0.031650
vt 0.572886 -0.019300
vt 0.576819 -0.018566
vt 0.580128 -0.017366
vt 0.623099 -0.017366
vt 0.511145 -0.018566
vt 0.623099 -0.239995
vt 0.452340 -0.318566
vt 0.481945 -0.479896
vt 0.451146 -0.425719
vt 0.962713 -0.152358
vt 0.979291 -0.141461
vt 0.971002 -0.141461
vt 0.962713 -0.141461
vt 0.908158 -0.133301
vt 0.908553 -0.144222
vt 0.899869 -0.144222
vt 0.900264 -0.133301
vt 0.899463 -0.144215
vt 0.900317 -0.133359
vt 0.908250 -0.144210
vt 0.907870 -0.133272
vt 0.907904 -0.133272
vt 0.908283 -0.144210
vt 0.900284 -0.133359
vt 0.899430 -0.144215
vt 0.997457 -0.022495
vt 0.997457 -0.062198
vt 0.994346 -0.062198
vt 0.994346 -0.022495
vt 0.989313 -0.062198
vt 0.989313 -0.022495
vt 0.984280 -0.062198
vt 0.984280 -0.022495
vt 0.993600 -0.017127
vt 0.993600 -0.071545
vt 0.989210 -0.017127
vt 0.989210 -0.071545
vt 0.984820 -0.017127
vt 0.984820 -0.071545
vt 0.982107 -0.017127
vt 0.982107 -0.071545
vt 0.908505 -0.144149
vt 0.908115 -0.133299
vt 0.900307 -0.133182
vt 0.899442 -0.144111
vt 0.984152 -0.136646
vt 0.969046 -0.136646
vt 0.953940 -0.136646
vt 0.899873 -0.133301
vt 0.899472 -0.144269
vt 0.908296 -0.144269
vt 0.907894 -0.133301
vt 0.907928 -0.133301
vt 0.908329 -0.144269
vt 0.899505 -0.144269
vt 0.899906 -0.133301
vt 0.908582 -0.144187
vt 0.908161 -0.133230
vt 0.899526 -0.144187
vt 0.900263 -0.133355
vt 0.900297 -0.133355
vt 0.899559 -0.144187
vt 0.908128 -0.133231
vt 0.908549 -0.144187
vt 0.953941 -0.136646
vt 0.899298 -0.144154
vt 0.900146 -0.133242
vt 0.908027 -0.144149
vt 0.907654 -0.133243
vt 0.907621 -0.133243
vt 0.907994 -0.144149
vt 0.900180 -0.133242
vt 0.899331 -0.144154
vt 0.899811 -0.144232
vt 0.900534 -0.133294
vt 0.908125 -0.133308
vt 0.908532 -0.144233
vt 0.994446 -0.011654
vt 0.994446 -0.072495
vt 0.989538 -0.011654
vt 0.989538 -0.072495
vt 0.984630 -0.011654
vt 0.984630 -0.072495
vt 0.907904 -0.133325
vt 0.908283 -0.144101
vt 0.900284 -0.133325
vt 0.899430 -0.144213
vt 0.899463 -0.144213
vt 0.900317 -0.133325
vt 0.908250 -0.144101
vt 0.907870 -0.133325
vt 0.900307 -0.133293
vt 0.899442 -0.144093
vt 0.908505 -0.144173
vt 0.908115 -0.133238
vt 0.830034 -0.118357
vt 0.823775 -0.177049
vt 0.806510 -0.216672
vt 0.799461 -0.225607
vt 0.779916 -0.237203
vt 0.789711 -0.225539
vt 0.908432 -0.144165
vt 0.908004 -0.133293
vt 0.899289 -0.144165
vt 0.900034 -0.133384
vt 0.900000 -0.133384
vt 0.899256 -0.144165
vt 0.908037 -0.133293
vt 0.908465 -0.144165
vt 0.900121 -0.133259
vt 0.899722 -0.144147
vt 0.908066 -0.133259
vt 0.908465 -0.144147
vt 0.908499 -0.144147
vt 0.908100 -0.133259
vt 0.899688 -0.144147
vt 0.900088 -0.133259
vt 0.864207 -0.222463
vt 0.867007 -0.263134
vt 0.854428 -0.200785
vt 0.846129 -0.188911
vt 0.838605 -0.183179
vt 0.843255 -0.188911
vt 0.838605 -0.188911
vt 0.833955 -0.188911
vt 0.831081 -0.188911
vt 0.822782 -0.200785
vt 0.848384 -0.200785
vt 0.838605 -0.200785
vt 0.828826 -0.200785
vt 0.854428 -0.222463
vt 0.838605 -0.222463
vt 0.822782 -0.222463
vt 0.820591 -0.263017
vt 0.838605 -0.263017
vt 0.822782 -0.303572
vt 0.856619 -0.263017
vt 0.838605 -0.303572
vt 0.838605 -0.330950
vt 0.828826 -0.330950
vt 0.831162 -0.337124
vt 0.826774 -0.337124
vt 0.822782 -0.330950
vt 0.854428 -0.303572
vt 0.848384 -0.330950
vt 0.838263 -0.337124
vt 0.837820 -0.345136
vt 0.813003 -0.303572
vt 0.809457 -0.263017
vt 0.845364 -0.337124
vt 0.849752 -0.337124
vt 0.854428 -0.330950
vt 0.864207 -0.303572
vt 0.813003 -0.222463
vt 0.727113 -0.118357
vt 0.733373 -0.059665
vt 0.750638 -0.028292
vt 0.765290 -0.011107
vt 0.771920 -0.011107
vt 0.764374 -0.028292
vt 0.778761 -0.011107
vt 0.778761 -0.028292
vt 0.755481 -0.059665
vt 0.778761 -0.002811
vt 0.785603 -0.011107
vt 0.793149 -0.028292
vt 0.791858 -0.011107
vt 0.806510 -0.028292
vt 0.802041 -0.059665
vt 0.823775 -0.059665
vt 0.778761 -0.059665
vt 0.778761 -0.118357
vt 0.752258 -0.118357
vt 0.778761 -0.177049
vt 0.755481 -0.177049
vt 0.764374 -0.216672
vt 0.778761 -0.216672
vt 0.805265 -0.118357
vt 0.802041 -0.177049
vt 0.793149 -0.216672
vt 0.908158 -0.133336
vt 0.908553 -0.144204
vt 0.899869 -0.144204
vt 0.900264 -0.133336
vt 0.866922 -0.263044
vt 0.866923 -0.263044
vt 0.864099 -0.303166
vt 0.854320 -0.330340
vt 0.850328 -0.336468
vt 0.848276 -0.330340
vt 0.845939 -0.336468
vt 0.838497 -0.330340
vt 0.854320 -0.303166
vt 0.839282 -0.344420
vt 0.838838 -0.336468
vt 0.828718 -0.330340
vt 0.838497 -0.303166
vt 0.838497 -0.262914
vt 0.856511 -0.262914
vt 0.838497 -0.222663
vt 0.854320 -0.222663
vt 0.831738 -0.336468
vt 0.822674 -0.330340
vt 0.827349 -0.336468
vt 0.812895 -0.303166
vt 0.809349 -0.262914
vt 0.848276 -0.201147
vt 0.838497 -0.201147
vt 0.843147 -0.189361
vt 0.846021 -0.189361
vt 0.854320 -0.201147
vt 0.864099 -0.222663
vt 0.822674 -0.222663
vt 0.828718 -0.201147
vt 0.838497 -0.189361
vt 0.838497 -0.183672
vt 0.820483 -0.262914
vt 0.822674 -0.303166
vt 0.812895 -0.222663
vt 0.822674 -0.201147
vt 0.830973 -0.189361
vt 0.833847 -0.189361
vt 0.733373 -0.177049
vt 0.750638 -0.216672
vt 0.755481 -0.216672
vt 0.758893 -0.225607
vt 0.768817 -0.225539
vt 0.966013 -0.157453
vt 0.636708 -0.283250
vt 0.631740 -0.227353
vt 0.618037 -0.197474
vt 0.606409 -0.181107
vt 0.602382 -0.181107
vt 0.609569 -0.197474
vt 0.595866 -0.181107
vt 0.595866 -0.197474
vt 0.595866 -0.173206
vt 0.636791 -0.283250
vt 0.631823 -0.339147
vt 0.618120 -0.376883
vt 0.612526 -0.385393
vt 0.609652 -0.376883
vt 0.606377 -0.385393
vt 0.597049 -0.396436
vt 0.596428 -0.385393
vt 0.980224 -0.157453
vt 0.971540 -0.157453
vt 0.907621 -0.133332
vt 0.907994 -0.144209
vt 0.900180 -0.133185
vt 0.899331 -0.144214
vt 0.981657 -0.139693
vt 0.983223 -0.139693
vt 0.975172 -0.139693
vt 0.966244 -0.139693
vt 0.958283 -0.139693
vt 0.954331 -0.139693
vt 0.971335 -0.157453
vt 0.899298 -0.144213
vt 0.900146 -0.133185
vt 0.908027 -0.144208
vt 0.907654 -0.133332
vt 0.940814 -0.404283
vt 0.933973 -0.404283
vt 0.931473 -0.386971
vt 0.935701 -0.386971
vt 0.942542 -0.404283
vt 0.942640 -0.436671
vt 0.945061 -0.436671
vt 0.940814 -0.469059
vt 0.929212 -0.377488
vt 0.931338 -0.377488
vt 0.936768 -0.386971
vt 0.938496 -0.404283
vt 0.940309 -0.436671
vt 0.942542 -0.469059
vt 0.926582 -0.377488
vt 0.927427 -0.372910
vt 0.932149 -0.377488
vt 0.934268 -0.386971
vt 0.925700 -0.386971
vt 0.924454 -0.377488
vt 0.923173 -0.377488
vt 0.920586 -0.386971
vt 0.918086 -0.386971
vt 0.916358 -0.404283
vt 0.912313 -0.404283
vt 0.910500 -0.436671
vt 0.924632 -0.404283
vt 0.915251 -0.436671
vt 0.912313 -0.469059
vt 0.916358 -0.469059
vt 0.920586 -0.490923
vt 0.918086 -0.490923
vt 0.920672 -0.495854
vt 0.924217 -0.436671
vt 0.924632 -0.469059
vt 0.925700 -0.490923
vt 0.922440 -0.495854
vt 0.927026 -0.502253
vt 0.925827 -0.495854
vt 0.929894 -0.495854
vt 0.933088 -0.495854
vt 0.934190 -0.495854
vt 0.932421 -0.495854
vt 0.931473 -0.490923
vt 0.935701 -0.490923
vt 0.936768 -0.490923
vt 0.934268 -0.490923
vt 0.933973 -0.469059
vt 0.938496 -0.469059
vt 0.930868 -0.377488
vt 0.979270 -0.139693
vt 0.971310 -0.139693
vt 0.962382 -0.139693
vt 0.955896 -0.139693
vt 0.907984 -0.133266
vt 0.900152 -0.133267
vt 0.899760 -0.144261
vt 0.908375 -0.144261
vt 0.899816 -0.144190
vt 0.900208 -0.133323
vt 0.908040 -0.133323
vt 0.908431 -0.144190
vt 0.908452 -0.144269
vt 0.908053 -0.133347
vt 0.908508 -0.144113
vt 0.908110 -0.133233
vt 0.995864 -0.064203
vt 0.996668 -0.064203
vt 0.996668 -0.017734
vt 0.995864 -0.017734
vt 0.992535 -0.064203
vt 0.992535 -0.017734
vt 0.987952 -0.064203
vt 0.987952 -0.017734
vt 0.983866 -0.064203
vt 0.983866 -0.017734
vt 0.981837 -0.064203
vt 0.981837 -0.017734
vt 0.994639 -0.017734
vt 0.994639 -0.064203
vt 0.990553 -0.017734
vt 0.990553 -0.064203
vt 0.985970 -0.017734
vt 0.985970 -0.064203
vt 0.982640 -0.017734
vt 0.982640 -0.064203
vt 0.998376 -0.852790
vt 0.998376 -0.888773
vt -1.999990 159.000015
vt 0.900082 -0.133282
vt 0.899209 -0.144253
vt 0.900138 -0.133211
vt 0.899265 -0.144182
vt 0.966219 -0.157453
vt 0.631740 -0.339147
vt 0.618037 -0.376883
vt 0.611486 -0.385393
vt 0.594766 -0.396436
vt 0.605337 -0.385393
vt 0.595388 -0.385393
vt 0.609569 -0.376883
vt 0.595866 -0.376883
vt 0.865010 -0.222443
vt 0.867636 -0.263166
vt 0.855231 -0.200735
vt 0.846932 -0.188844
vt 0.839408 -0.183104
vt 0.844058 -0.188844
vt 0.839408 -0.188844
vt 0.834758 -0.188844
vt 0.831884 -0.188844
vt 0.823585 -0.200735
vt 0.849187 -0.200735
vt 0.839408 -0.200735
vt 0.829628 -0.200735
vt 0.855231 -0.222443
vt 0.839408 -0.222443
vt 0.839408 -0.263054
vt 0.821394 -0.263054
vt 0.823585 -0.222443
vt 0.857422 -0.263054
vt 0.839408 -0.303665
vt 0.823585 -0.303665
vt 0.855231 -0.303665
vt 0.849187 -0.331081
vt 0.839408 -0.331081
vt 0.839066 -0.337264
vt 0.831965 -0.337264
vt 0.829628 -0.331081
vt 0.827577 -0.337264
vt 0.823585 -0.331081
vt 0.846167 -0.337264
vt 0.838623 -0.345288
vt 0.813806 -0.303665
vt 0.810260 -0.263054
vt 0.855231 -0.331081
vt 0.850555 -0.337264
vt 0.865010 -0.303665
vt 0.813806 -0.222443
vt 0.899778 -0.144250
vt 0.900492 -0.133213
vt 0.899835 -0.144193
vt 0.900548 -0.133284
vt 0.907881 -0.133251
vt 0.908278 -0.144250
vt 0.907937 -0.133365
vt 0.908334 -0.144194
vt 0.899873 -0.133264
vt 0.899472 -0.144158
vt 0.907928 -0.133264
vt 0.908329 -0.144158
vt 0.908296 -0.144158
vt 0.907894 -0.133264
vt 0.899505 -0.144158
vt 0.899906 -0.133264
vt 0.962319 -0.157453
vt 0.908452 -0.144222
vt 0.908053 -0.133236
vt 0.908508 -0.144166
vt 0.908110 -0.133350
vt 0.900082 -0.133321
vt 0.899209 -0.144185
vt 0.900138 -0.133233
vt 0.899265 -0.144128
vt 0.899760 -0.144193
vt 0.900152 -0.133199
vt 0.899816 -0.144137
vt 0.900208 -0.133270
vt 0.621191 -0.283250
vt 0.618121 -0.227353
vt 0.631823 -0.227353
vt 0.618121 -0.197474
vt 0.606492 -0.181107
vt 0.609652 -0.197474
vt 0.595949 -0.173206
vt 0.602465 -0.181107
vt 0.595949 -0.181107
vt 0.595949 -0.197474
vt 0.595949 -0.227353
vt 0.907984 -0.133369
vt 0.908375 -0.144194
vt 0.908040 -0.133270
vt 0.908431 -0.144137
vt 0.049008 -0.899827
vt 0.053829 -0.899827
vt 0.056808 -0.891008
vt 0.044188 -0.922915
vt 0.051988 -0.922915
vt 0.044188 -0.951454
vt 0.051988 -0.951454
vt 0.049008 -0.974542
vt 0.053829 -0.974542
vt 0.056808 -0.983361
vt 0.048590 -0.974542
vt 0.053410 -0.974542
vt 0.056389 -0.983361
vt 0.043769 -0.951454
vt 0.051568 -0.951454
vt 0.043769 -0.922915
vt 0.051568 -0.922915
vt 0.048590 -0.899827
vt 0.053410 -0.899827
vt 0.056389 -0.891008
vt 0.973318 -0.830289
vt 0.966782 -0.830289
vt 0.970050 -0.814598
vt 0.975337 -0.871367
vt 0.964762 -0.871367
vt 0.975337 -0.922142
vt 0.964762 -0.922142
vt 0.973318 -0.963221
vt 0.966782 -0.963221
vt 0.970050 -0.978911
vt 0.059368 -0.974542
vt 0.064188 -0.974542
vt 0.061209 -0.951454
vt 0.069009 -0.951454
vt 0.061209 -0.922915
vt 0.069009 -0.922915
vt 0.059368 -0.899827
vt 0.064188 -0.899827
vt 0.064607 -0.974542
vt 0.059787 -0.974542
vt 0.069428 -0.951454
vt 0.061629 -0.951454
vt 0.069428 -0.922915
vt 0.061629 -0.922915
vt 0.064607 -0.899827
vt 0.059787 -0.899827
vt 0.595866 -0.339147
vt 0.618037 -0.339147
vt 0.621108 -0.283250
vt 0.595866 -0.283250
vt 0.617639 -0.033332
vt 0.629073 -0.116096
vt 0.618753 -0.116096
vt 0.609623 -0.033332
vt 0.609030 -0.019294
vt 0.624382 -0.033332
vt 0.594849 -0.019294
vt 0.594849 -0.033332
vt 0.639155 -0.115805
vt 0.594849 -0.116096
vt 0.603614 -0.019294
vt 0.594849 -0.007721
vt 0.594849 -0.198975
vt 0.618753 -0.198975
vt 0.594849 -0.266025
vt 0.609623 -0.266025
vt 0.602830 -0.283250
vt 0.594849 -0.283250
vt 0.594849 -0.291636
vt 0.607763 -0.283250
vt 0.617639 -0.266025
vt 0.624382 -0.266025
vt 0.639155 -0.198975
vt 0.609575 -0.266025
vt 0.594802 -0.266025
vt 0.594802 -0.283250
vt 0.602783 -0.283250
vt 0.617591 -0.266025
vt 0.607715 -0.283250
vt 0.624334 -0.266025
vt 0.639108 -0.198975
vt 0.594802 -0.291636
vt 0.594802 -0.198975
vt 0.639108 -0.115805
vt 0.594802 -0.116096
vt 0.624334 -0.033332
vt 0.594802 -0.033332
vt 0.608982 -0.019294
vt 0.608983 -0.019294
vt 0.617591 -0.033332
vt 0.603566 -0.019294
vt 0.609575 -0.033332
vt 0.629025 -0.116096
vt 0.618706 -0.116096
vt 0.594802 -0.019294
vt 0.594802 -0.007721
vt 0.618706 -0.198975
vt 0.389418 -0.465789
vt 0.384071 -0.583377
vt 0.403688 -0.465228
vt 0.415991 -0.464794
vt 0.411975 -0.582573
vt 0.356750 -0.583979
vt 0.348041 -0.690534
vt 0.374833 -0.689630
vt 0.390823 -0.688726
vt 0.399310 -0.582774
vt 0.403738 -0.688425
vt 0.394005 -0.761434
vt 0.315426 -0.584180
vt 0.310307 -0.690835
vt 0.305454 -0.763041
vt 0.339545 -0.762840
vt 0.328062 -0.827721
vt 0.267101 -0.584180
vt 0.267101 -0.690835
vt 0.267101 -0.763041
vt 0.267101 -0.827771
vt 0.299189 -0.827771
vt 0.289833 -0.911909
vt 0.310395 -0.911998
vt 0.296845 -0.956913
vt 0.329817 -0.911998
vt 0.267101 -0.911909
vt 0.267101 -0.956913
vt 0.282719 -0.956913
vt 0.277167 -0.982086
vt 0.286272 -0.982086
vt 0.293454 -0.982086
vt 0.310188 -0.956913
vt 0.267101 -0.982086
vt 0.267101 -0.987443
vt 0.275387 -0.987443
vt 0.282881 -0.987443
vt 0.288793 -0.987443
vt 0.292634 -0.987443
vt 0.298120 -0.982086
vt 0.317817 -0.956913
vt 0.273577 -0.992032
vt 0.279434 -0.992032
vt 0.284055 -0.992032
vt 0.267101 -0.992032
vt 0.267101 -0.995570
vt 0.271821 -0.995493
vt 0.275896 -0.995570
vt 0.279458 -0.995493
vt 0.281332 -0.995570
vt 0.287056 -0.992032
vt 0.270202 -0.997466
vt 0.272232 -0.997773
vt 0.275219 -0.997466
vt 0.267101 -0.997773
vt 0.267101 -0.999309
vt 0.275402 -0.997773
vt 0.277136 -0.998881
vt 0.287048 -0.995493
vt 0.294065 -0.992032
vt 0.300286 -0.987443
vt 0.306156 -0.982086
vt 0.327945 -0.956913
vt 0.352207 -0.911998
vt 0.340921 -0.911998
vt 0.368915 -0.827420
vt 0.353903 -0.827570
vt 0.365113 -0.762238
vt 0.381504 -0.827370
vt 0.381093 -0.761635
vt 0.980071 -0.191830
vt 0.985283 -0.191830
vt 0.978126 -0.178182
vt 0.975647 -0.178182
vt 0.993716 -0.216743
vt 0.033607 -0.922153
vt 0.027757 -0.922153
vt 0.027757 -0.951524
vt 0.033541 -0.898391
vt 0.029926 -0.898391
vt 0.033435 -0.889315
vt 0.037116 -0.898391
vt 0.039391 -0.922153
vt 0.033607 -0.951524
vt 0.039391 -0.951524
vt 0.033541 -0.975285
vt 0.037116 -0.975285
vt 0.033435 -0.984361
vt 0.029926 -0.975285
vt 0.029928 -0.974422
vt 0.033415 -0.974422
vt 0.033519 -0.983277
vt 0.027708 -0.951240
vt 0.033351 -0.951240
vt 0.036942 -0.974422
vt 0.027708 -0.922585
vt 0.033351 -0.922585
vt 0.039058 -0.951240
vt 0.029928 -0.899403
vt 0.033415 -0.899403
vt 0.039058 -0.922585
vt 0.033519 -0.890549
vt 0.036942 -0.899403
vt 0.926660 -0.403268
vt 0.926576 -0.436349
vt 0.917292 -0.436349
vt 0.917992 -0.469430
vt 0.912768 -0.469430
vt 0.911157 -0.436349
vt 0.917991 -0.403268
vt 0.921436 -0.385585
vt 0.926794 -0.385585
vt 0.926660 -0.469430
vt 0.926794 -0.491763
vt 0.921436 -0.491763
vt 0.918208 -0.491763
vt 0.920724 -0.496799
vt 0.923008 -0.496799
vt 0.926477 -0.496799
vt 0.930266 -0.496799
vt 0.932929 -0.496799
vt 0.932235 -0.491763
vt 0.935680 -0.491763
vt 0.941037 -0.469430
vt 0.942944 -0.436349
vt 0.941037 -0.403268
vt 0.935680 -0.385585
vt 0.931102 -0.375899
vt 0.929315 -0.375899
vt 0.926877 -0.375899
vt 0.924721 -0.375899
vt 0.923067 -0.375899
vt 0.932235 -0.385585
vt 0.918208 -0.385585
vt 0.912768 -0.403268
vt 0.964037 -0.565191
vt 0.952018 -0.565191
vt 0.953547 -0.530789
vt 0.963781 -0.599593
vt 0.953547 -0.599593
vt 0.959718 -0.622818
vt 0.966043 -0.622818
vt 0.967584 -0.628055
vt 0.963110 -0.628055
vt 0.963781 -0.530789
vt 0.977117 -0.565191
vt 0.976277 -0.599593
vt 0.973766 -0.622818
vt 0.972366 -0.628055
vt 0.970042 -0.634852
vt 0.966043 -0.512400
vt 0.973766 -0.512400
vt 0.976277 -0.530789
vt 0.988047 -0.565191
vt 0.986262 -0.599593
vt 0.959718 -0.512400
vt 0.968670 -0.502327
vt 0.971575 -0.502327
vt 0.974217 -0.502327
vt 0.979937 -0.512400
vt 0.986262 -0.530789
vt 0.965429 -0.502327
vt 0.969703 -0.497464
vt 0.975585 -0.502327
vt 0.982199 -0.512400
vt 0.989922 -0.530789
vt 0.992652 -0.565191
vt 0.989922 -0.599593
vt 0.975159 -0.502327
vt 0.979688 -0.512400
vt 0.985859 -0.530789
vt 0.989174 -0.565191
vt 0.985859 -0.599593
vt 0.971918 -0.502327
vt 0.973363 -0.512400
vt 0.975625 -0.530789
vt 0.977154 -0.565191
vt 0.975626 -0.599593
vt 0.979688 -0.622818
vt 0.982199 -0.622818
vt 0.973363 -0.622818
vt 0.973018 -0.628055
vt 0.977492 -0.628055
vt 0.978490 -0.628055
vt 0.979937 -0.622818
vt 0.976532 -0.628055
vt 0.859890 -0.228565
vt 0.863103 -0.263432
vt 0.851964 -0.263432
vt 0.850298 -0.298299
vt 0.840685 -0.298299
vt 0.840954 -0.263432
vt 0.850298 -0.228565
vt 0.845674 -0.209927
vt 0.851598 -0.209927
vt 0.859890 -0.298299
vt 0.851598 -0.321838
vt 0.845674 -0.321838
vt 0.839733 -0.321838
vt 0.830120 -0.298299
vt 0.828992 -0.263432
vt 0.840685 -0.228565
vt 0.839733 -0.209927
vt 0.843341 -0.327146
vt 0.838980 -0.327146
vt 0.834287 -0.327146
vt 0.833204 -0.321838
vt 0.822639 -0.298299
vt 0.847721 -0.327146
vt 0.837692 -0.334035
vt 0.831054 -0.327146
vt 0.828580 -0.321838
vt 0.816472 -0.298299
vt 0.820647 -0.263432
vt 0.845031 -0.327146
vt 0.847805 -0.321838
vt 0.853746 -0.298299
vt 0.856006 -0.263432
vt 0.853746 -0.228565
vt 0.847805 -0.209927
vt 0.844696 -0.199718
vt 0.842835 -0.199718
vt 0.838192 -0.194790
vt 0.841741 -0.199718
vt 0.838872 -0.199718
vt 0.835811 -0.199718
vt 0.833728 -0.199718
vt 0.831892 -0.199718
vt 0.828580 -0.209927
vt 0.824764 -0.209927
vt 0.833204 -0.209927
vt 0.830120 -0.228565
vt 0.822639 -0.228565
vt 0.816472 -0.228565
vt 0.813601 -0.263432
vt 0.824764 -0.321838
vt 0.828260 -0.327146
vt 0.688392 -0.864714
vt 0.670008 -0.864714
vt 0.676598 -0.909996
vt 0.692094 -0.819432
vt 0.676598 -0.819432
vt 0.694775 -0.795227
vt 0.703664 -0.795227
vt 0.710201 -0.781968
vt 0.692094 -0.909996
vt 0.705453 -0.864714
vt 0.707741 -0.819432
vt 0.714052 -0.795227
vt 0.716407 -0.781968
vt 0.724296 -0.775568
vt 0.703664 -0.940565
vt 0.714052 -0.940565
vt 0.707741 -0.909996
vt 0.724263 -0.864714
vt 0.724263 -0.819432
vt 0.694775 -0.940565
vt 0.702196 -0.947459
vt 0.710211 -0.947459
vt 0.716492 -0.947459
vt 0.724263 -0.940565
vt 0.724263 -0.909996
vt 0.743074 -0.864714
vt 0.740786 -0.819432
vt 0.723199 -0.956405
vt 0.723907 -0.947459
vt 0.734475 -0.940565
vt 0.740786 -0.909996
vt 0.757757 -0.864714
vt 0.754055 -0.819432
vt 0.731321 -0.947459
vt 0.743164 -0.940565
vt 0.754055 -0.909996
vt 0.778364 -0.864714
vt 0.771774 -0.819432
vt 0.735904 -0.947459
vt 0.753597 -0.940565
vt 0.771774 -0.909996
vt 0.744906 -0.947459
vt 0.743843 -0.795227
vt 0.734475 -0.795227
vt 0.724263 -0.795227
vt 0.753597 -0.795227
vt 0.733139 -0.781968
vt 0.729119 -0.781968
vt 0.724263 -0.781968
vt 0.719408 -0.781968
vt 0.738171 -0.781968
vt 0.277028 -0.000978
vt 0.276699 -0.000668
vt 0.266914 0.000915
vt 0.282932 -0.002556
vt 0.281659 -0.002634
vt 0.285435 -0.005117
vt 0.287490 -0.005117
vt 0.292602 -0.009267
vt 0.273752 -0.000668
vt 0.278183 -0.002556
vt 0.281408 -0.005117
vt 0.285009 -0.009267
vt 0.290037 -0.009267
vt 0.297143 -0.015923
vt 0.300497 -0.015923
vt 0.271223 -0.000978
vt 0.273196 -0.002634
vt 0.274805 -0.005117
vt 0.266914 -0.000668
vt 0.266914 -0.002556
vt 0.266914 -0.005117
vt 0.266914 -0.009267
vt 0.276765 -0.009267
vt 0.279793 -0.015923
vt 0.290569 -0.015923
vt 0.266914 -0.015923
vt 0.266914 -0.026396
vt 0.284172 -0.026396
vt 0.298534 -0.026396
vt 0.307103 -0.026396
vt 0.311307 -0.026396
vt 0.290189 -0.041999
vt 0.309346 -0.041999
vt 0.320266 -0.041999
vt 0.325168 -0.041999
vt 0.339638 -0.075047
vt 0.266914 -0.041999
vt 0.266914 -0.076658
vt 0.296644 -0.076745
vt 0.320875 -0.076875
vt 0.334109 -0.076919
vt 0.346106 -0.150764
vt 0.352279 -0.141538
vt 0.354108 -0.113859
vt 0.302337 -0.149907
vt 0.330991 -0.150550
vt 0.266914 -0.149478
vt 0.266915 -0.228325
vt 0.307188 -0.228958
vt 0.339831 -0.229803
vt 0.357213 -0.229803
vt 0.364634 -0.215554
vt 0.367395 -0.173652
vt 0.266971 0.000915
vt 0.276756 -0.000668
vt 0.277085 -0.000978
vt 0.282988 -0.002556
vt 0.281715 -0.002634
vt 0.278240 -0.002556
vt 0.273808 -0.000668
vt 0.271280 -0.000978
vt 0.266971 -0.000668
vt 0.266971 -0.002556
vt 0.285492 -0.005117
vt 0.281464 -0.005117
vt 0.274861 -0.005117
vt 0.273252 -0.002634
vt 0.287546 -0.005117
vt 0.292659 -0.009267
vt 0.290093 -0.009267
vt 0.285065 -0.009267
vt 0.276822 -0.009267
vt 0.266971 -0.009267
vt 0.266971 -0.005117
vt 0.297199 -0.015923
vt 0.290626 -0.015923
vt 0.279849 -0.015923
vt 0.266971 -0.015923
vt 0.266971 -0.026396
vt 0.300553 -0.015923
vt 0.311363 -0.026396
vt 0.307159 -0.026396
vt 0.298590 -0.026396
vt 0.284229 -0.026396
vt 0.290245 -0.041999
vt 0.266971 -0.041999
vt 0.266971 -0.076658
vt 0.320323 -0.041999
vt 0.309402 -0.041999
vt 0.325224 -0.041999
vt 0.339695 -0.075047
vt 0.334165 -0.076919
vt 0.320931 -0.076875
vt 0.296700 -0.076745
vt 0.302393 -0.149907
vt 0.266971 -0.149478
vt 0.266971 -0.228325
vt 0.307245 -0.228958
vt 0.346162 -0.150764
vt 0.331047 -0.150550
vt 0.352336 -0.141538
vt 0.364690 -0.215554
vt 0.357269 -0.229803
vt 0.339887 -0.229803
vt 0.354164 -0.113859
vt 0.367452 -0.173652
vt 0.759519 -0.864714
vt 0.777903 -0.864714
vt 0.771313 -0.909996
vt 0.755817 -0.819432
vt 0.771313 -0.819432
vt 0.753136 -0.795227
vt 0.744247 -0.795227
vt 0.737710 -0.781968
vt 0.755817 -0.909996
vt 0.742459 -0.864714
vt 0.740170 -0.819432
vt 0.733859 -0.795227
vt 0.731504 -0.781968
vt 0.723615 -0.775568
vt 0.744247 -0.940565
vt 0.733859 -0.940565
vt 0.740170 -0.909996
vt 0.723648 -0.864714
vt 0.723648 -0.819432
vt 0.753541 -0.940565
vt 0.745715 -0.947459
vt 0.737700 -0.947459
vt 0.731419 -0.947459
vt 0.723648 -0.940565
vt 0.723648 -0.909996
vt 0.704837 -0.864714
vt 0.707125 -0.819432
vt 0.724712 -0.956405
vt 0.724005 -0.947459
vt 0.713436 -0.940565
vt 0.707125 -0.909996
vt 0.690154 -0.864714
vt 0.693856 -0.819432
vt 0.716590 -0.947459
vt 0.704747 -0.940565
vt 0.693856 -0.909996
vt 0.669547 -0.864714
vt 0.676138 -0.819432
vt 0.712007 -0.947459
vt 0.694314 -0.940565
vt 0.676137 -0.909996
vt 0.703005 -0.947459
vt 0.704068 -0.795227
vt 0.713436 -0.795227
vt 0.723648 -0.795227
vt 0.694314 -0.795227
vt 0.714772 -0.781968
vt 0.718792 -0.781968
vt 0.723648 -0.781968
vt 0.728504 -0.781968
vt 0.709740 -0.781968
vt 0.753136 -0.940565
vt 0.922511 -0.016361
vt 0.904306 -0.072390
vt 0.886101 -0.016361
vt 0.951967 -0.037762
vt 0.963218 -0.072390
vt 0.951967 -0.107017
vt 0.922511 -0.128419
vt 0.886101 -0.128419
vt 0.856645 -0.107017
vt 0.845394 -0.072390
vt 0.856645 -0.037762
vt 0.922220 -0.017322
vt 0.904329 -0.072384
vt 0.886438 -0.017322
vt 0.951168 -0.038353
vt 0.962225 -0.072384
vt 0.951168 -0.106414
vt 0.922220 -0.127446
vt 0.886438 -0.127446
vt 0.857490 -0.106414
vt 0.846433 -0.072384
vt 0.857490 -0.038353
vt 0.922188 -0.017336
vt 0.904297 -0.072399
vt 0.886406 -0.017336
vt 0.951135 -0.038368
vt 0.962192 -0.072399
vt 0.951135 -0.106429
vt 0.922188 -0.127461
vt 0.886406 -0.127461
vt 0.857458 -0.106429
vt 0.846401 -0.072399
vt 0.857458 -0.038368
vt 0.922353 -0.016839
vt 0.904306 -0.072381
vt 0.886260 -0.016839
vt 0.951554 -0.038054
vt 0.962707 -0.072381
vt 0.951554 -0.106708
vt 0.922353 -0.127923
vt 0.886260 -0.127923
vt 0.857060 -0.106708
vt 0.845906 -0.072381
vt 0.857060 -0.038054
vt 0.922319 -0.017035
vt 0.904336 -0.072381
vt 0.886353 -0.017035
vt 0.951416 -0.038176
vt 0.962530 -0.072381
vt 0.951416 -0.106587
vt 0.922319 -0.127727
vt 0.886353 -0.127727
vt 0.857256 -0.106587
vt 0.846142 -0.072381
vt 0.857256 -0.038176
vt 0.922294 -0.017030
vt 0.904311 -0.072376
vt 0.886328 -0.017030
vt 0.951391 -0.038170
vt 0.962505 -0.072376
vt 0.951391 -0.106582
vt 0.922294 -0.127722
vt 0.886328 -0.127722
vt 0.857231 -0.106582
vt 0.846117 -0.072376
vt 0.857231 -0.038170
vt 0.942329 -0.469476
vt 0.938284 -0.469476
vt 0.940097 -0.437088
vt 0.934056 -0.491341
vt 0.936556 -0.491341
vt 0.933977 -0.496271
vt 0.932209 -0.496271
vt 0.926814 -0.502670
vt 0.944848 -0.437088
vt 0.938284 -0.404700
vt 0.942329 -0.404700
vt 0.936556 -0.387388
vt 0.935488 -0.387388
vt 0.940601 -0.404700
vt 0.942428 -0.437088
vt 0.940601 -0.469476
vt 0.934056 -0.387388
vt 0.931936 -0.377905
vt 0.931125 -0.377905
vt 0.928999 -0.377905
vt 0.931260 -0.387388
vt 0.926370 -0.377905
vt 0.925487 -0.387388
vt 0.930655 -0.377905
vt 0.927215 -0.373327
vt 0.924242 -0.377905
vt 0.920374 -0.387388
vt 0.924419 -0.404700
vt 0.916146 -0.404700
vt 0.915039 -0.437088
vt 0.924005 -0.437088
vt 0.922961 -0.377905
vt 0.917874 -0.387388
vt 0.912100 -0.404700
vt 0.910287 -0.437088
vt 0.912100 -0.469476
vt 0.916146 -0.469476
vt 0.924419 -0.469476
vt 0.925487 -0.491341
vt 0.920374 -0.491341
vt 0.922228 -0.496271
vt 0.925614 -0.496271
vt 0.931260 -0.491341
vt 0.917874 -0.491341
vt 0.920459 -0.496271
vt 0.929682 -0.496271
vt 0.935488 -0.491341
vt 0.932876 -0.496271
vt 0.750338 -0.289608
vt 0.752825 -0.318019
vt 0.751131 -0.318019
vt 0.759360 -0.337198
vt 0.758313 -0.337198
vt 0.761671 -0.341523
vt 0.764270 -0.341523
vt 0.761704 -0.337198
vt 0.756618 -0.318019
vt 0.748348 -0.289608
vt 0.762412 -0.341523
vt 0.770485 -0.347136
vt 0.769067 -0.341523
vt 0.768239 -0.337198
vt 0.767192 -0.318018
vt 0.754786 -0.289608
vt 0.751131 -0.261198
vt 0.774230 -0.341523
vt 0.775422 -0.337198
vt 0.778813 -0.318018
vt 0.766896 -0.289608
vt 0.756618 -0.261198
vt 0.777786 -0.341523
vt 0.780508 -0.337198
vt 0.787043 -0.318018
vt 0.780054 -0.289608
vt 0.767192 -0.261198
vt 0.778527 -0.341523
vt 0.781555 -0.337198
vt 0.788737 -0.318018
vt 0.789234 -0.289608
vt 0.778813 -0.261198
vt 0.775422 -0.246012
vt 0.768239 -0.246012
vt 0.761704 -0.246012
vt 0.791224 -0.289608
vt 0.787043 -0.261198
vt 0.780508 -0.246012
vt 0.774845 -0.237693
vt 0.772553 -0.237693
vt 0.769187 -0.237693
vt 0.788737 -0.261198
vt 0.781555 -0.246012
vt 0.775381 -0.237693
vt 0.769934 -0.233678
vt 0.766031 -0.237693
vt 0.758313 -0.246012
vt 0.752825 -0.261198
vt 0.764291 -0.237693
vt 0.759360 -0.246012
vt 0.764827 -0.237693
vt 0.751389 -0.317931
vt 0.753083 -0.317931
vt 0.750597 -0.289521
vt 0.759618 -0.337111
vt 0.758571 -0.337111
vt 0.761929 -0.341436
vt 0.762670 -0.341436
vt 0.770743 -0.347049
vt 0.748607 -0.289521
vt 0.753083 -0.261111
vt 0.751389 -0.261111
vt 0.758571 -0.245925
vt 0.761963 -0.245925
vt 0.756876 -0.261111
vt 0.755044 -0.289521
vt 0.756876 -0.317931
vt 0.759618 -0.245925
vt 0.764549 -0.237606
vt 0.766289 -0.237606
vt 0.769445 -0.237606
vt 0.768498 -0.245925
vt 0.767450 -0.261111
vt 0.767155 -0.289521
vt 0.765086 -0.237606
vt 0.770192 -0.233590
vt 0.772812 -0.237606
vt 0.775680 -0.245925
vt 0.779072 -0.261111
vt 0.780313 -0.289521
vt 0.779072 -0.317931
vt 0.767450 -0.317931
vt 0.775103 -0.237606
vt 0.780766 -0.245925
vt 0.787301 -0.261111
vt 0.789492 -0.289521
vt 0.787301 -0.317931
vt 0.775640 -0.237606
vt 0.781813 -0.245925
vt 0.788996 -0.261111
vt 0.791482 -0.289521
vt 0.788996 -0.317931
vt 0.780766 -0.337111
vt 0.775680 -0.337111
vt 0.768498 -0.337111
vt 0.781813 -0.337111
vt 0.778786 -0.341436
vt 0.778045 -0.341436
vt 0.774488 -0.341436
vt 0.769325 -0.341436
vt 0.761963 -0.337111
vt 0.764528 -0.341436
vt 0.896347 -0.015571
vt 0.931258 -0.021727
vt 0.904329 -0.072371
vt 0.955883 -0.047227
vt 0.960817 -0.082332
vt 0.944174 -0.113632
vt 0.912312 -0.129172
vt 0.877401 -0.123016
vt 0.852775 -0.097516
vt 0.847842 -0.062411
vt 0.864485 -0.031111
vt 0.912299 -0.015594
vt 0.904316 -0.072394
vt 0.877388 -0.021750
vt 0.944161 -0.031134
vt 0.960804 -0.062434
vt 0.955870 -0.097539
vt 0.931244 -0.123039
vt 0.896333 -0.129195
vt 0.864471 -0.113655
vt 0.847829 -0.082354
vt 0.852763 -0.047250
vt 0.033300 -0.922419
vt 0.027482 -0.922419
vt 0.027483 -0.951790
vt 0.033300 -0.898657
vt 0.029704 -0.898657
vt 0.033300 -0.889581
vt 0.036896 -0.898657
vt 0.039118 -0.922419
vt 0.033300 -0.951790
vt 0.039118 -0.951790
vt 0.033300 -0.975551
vt 0.036896 -0.975551
vt 0.033300 -0.984627
vt 0.029705 -0.975551
vt 0.648957 -0.069887
vt 0.651144 -0.098297
vt 0.646264 -0.098297
vt 0.656243 -0.117477
vt 0.653228 -0.117477
vt 0.656338 -0.121802
vt 0.657666 -0.121802
vt 0.654515 -0.117477
vt 0.648348 -0.098297
vt 0.643226 -0.069887
vt 0.658471 -0.121802
vt 0.664979 -0.127415
vt 0.661519 -0.121802
vt 0.659615 -0.117477
vt 0.656599 -0.098297
vt 0.646145 -0.069887
vt 0.646264 -0.041477
vt 0.666425 -0.121802
vt 0.666578 -0.117477
vt 0.667866 -0.098297
vt 0.655748 -0.069887
vt 0.648348 -0.041477
vt 0.670509 -0.121802
vt 0.672746 -0.117477
vt 0.677845 -0.098297
vt 0.668366 -0.069887
vt 0.656599 -0.041477
vt 0.672643 -0.121802
vt 0.675761 -0.117477
vt 0.682725 -0.098297
vt 0.679180 -0.069887
vt 0.667866 -0.041477
vt 0.666578 -0.026291
vt 0.659615 -0.026291
vt 0.654515 -0.026291
vt 0.684911 -0.069887
vt 0.677845 -0.041477
vt 0.672746 -0.026291
vt 0.668080 -0.017972
vt 0.665514 -0.017972
vt 0.662342 -0.017972
vt 0.682725 -0.041477
vt 0.675761 -0.026291
vt 0.669626 -0.017972
vt 0.664494 -0.013957
vt 0.659778 -0.017972
vt 0.653228 -0.026291
vt 0.651144 -0.041477
vt 0.658799 -0.017972
vt 0.656243 -0.026291
vt 0.660345 -0.017972
vt 0.646259 -0.098297
vt 0.651139 -0.098297
vt 0.648952 -0.069887
vt 0.656238 -0.117477
vt 0.653223 -0.117477
vt 0.656333 -0.121802
vt 0.658466 -0.121802
vt 0.664973 -0.127415
vt 0.643221 -0.069887
vt 0.651139 -0.041477
vt 0.646259 -0.041477
vt 0.653223 -0.026291
vt 0.654510 -0.026291
vt 0.648343 -0.041477
vt 0.646140 -0.069887
vt 0.648343 -0.098297
vt 0.656238 -0.026291
vt 0.658794 -0.017972
vt 0.659773 -0.017972
vt 0.662337 -0.017972
vt 0.659610 -0.026291
vt 0.656594 -0.041477
vt 0.655743 -0.069887
vt 0.660340 -0.017972
vt 0.664489 -0.013956
vt 0.665509 -0.017972
vt 0.666573 -0.026291
vt 0.667861 -0.041477
vt 0.668361 -0.069887
vt 0.667861 -0.098297
vt 0.656594 -0.098297
vt 0.668076 -0.017972
vt 0.672741 -0.026291
vt 0.677840 -0.041477
vt 0.679175 -0.069887
vt 0.677840 -0.098297
vt 0.669621 -0.017972
vt 0.675756 -0.026291
vt 0.682719 -0.041477
vt 0.684906 -0.069887
vt 0.682719 -0.098297
vt 0.672741 -0.117477
vt 0.666573 -0.117477
vt 0.659610 -0.117477
vt 0.675756 -0.117477
vt 0.672638 -0.121802
vt 0.670505 -0.121802
vt 0.666420 -0.121802
vt 0.661514 -0.121802
vt 0.654510 -0.117477
vt 0.657661 -0.121802
vt 0.029844 -0.974110
vt 0.033352 -0.974110
vt 0.033352 -0.982965
vt 0.027676 -0.950928
vt 0.033352 -0.950928
vt 0.036860 -0.974110
vt 0.027676 -0.922274
vt 0.033352 -0.922274
vt 0.039028 -0.950928
vt 0.029844 -0.899091
vt 0.033352 -0.899091
vt 0.039028 -0.922274
vt 0.033352 -0.890237
vt 0.036860 -0.899092
s 1
usemtl FOCAlliance2.3Material
f 2228/1506/1940 2229/1507/1940 2230/1508/1940
f 2231/1509/1941 2232/1510/1941 2233/1511/1941
f 2234/1512/1942 2235/1513/1942 2236/1511/1942
f 2237/1514/1943 2238/1515/1943 2239/1508/1943
f 2240/1516/1944 2241/1517/1944 2242/1508/1944
f 2243/1518/1945 2244/1519/1945 2245/1520/1945
f 2246/1520/1945 2247/1521/1945 2248/1518/1945
f 2249/1522/1945 2250/1523/1945 2251/1523/1945
f 2252/1523/1945 2253/1522/1945 2254/1522/1945
f 2255/1524/1946 2256/1525/1946 2257/1526/1946
f 2258/1524/1947 2259/1527/1947 2260/1528/1947
f 2261/1526/1946 2262/1529/1946 2263/1524/1946
f 2264/1528/1947 2265/1529/1947 2266/1524/1947
f 2267/1523/1946 2268/1530/1946 2269/1530/1946
f 2270/1531/1945 2271/1532/1945 2272/1533/1945
f 2273/1533/1945 2274/1534/1945 2275/1531/1945
f 2276/1530/1945 2277/1535/1945 2278/1535/1945
f 2279/1535/1945 2280/1530/1945 2281/1530/1945
f 2282/1521/1948 2283/1520/1948 2284/1536/1948
f 2285/1537/1949 2286/1538/1949 2287/1539/1949
f 2288/1529/1946 2289/1526/1946 2290/1540/1946
f 2291/1529/1947 2292/1528/1947 2293/1541/1947
f 2294/1542/1946 2295/1543/1946 2296/1544/1946
f 2297/1545/1947 2298/1543/1947 2299/1544/1947
f 2300/1546/1949 2301/1547/1949 2302/1548/1949
f 2303/1534/1948 2304/1533/1948 2305/1549/1948
f 2306/1539/1949 2307/1550/1949 2308/1537/1949
f 2309/1536/1948 2310/1551/1948 2311/1521/1948
f 2312/1544/1946 2313/1552/1946 2314/1542/1946
f 2315/1544/1947 2316/1553/1947 2317/1545/1947
f 2318/1540/1946 2319/1554/1946 2320/1529/1946
f 2321/1541/1947 2322/1554/1947 2323/1529/1947
f 2324/1548/1949 2325/1555/1949 2326/1546/1949
f 2327/1549/1948 2328/1556/1948 2329/1534/1948
f 2330/1557/1950 2331/1558/1950 2332/1559/1950
f 2333/1560/1951 2334/1561/1951 2335/1562/1951
f 2336/1554/1946 2337/1540/1946 2338/1563/1946
f 2339/1552/1946 2340/1544/1946 2341/1564/1946
f 2342/1553/1947 2343/1544/1947 2344/1564/1947
f 2345/1554/1947 2346/1541/1947 2347/1565/1947
f 2348/1566/1951 2349/1567/1951 2350/1568/1951
f 2351/1569/1950 2352/1570/1950 2353/1571/1950
f 2354/1572/1952 2355/1573/1952 2356/1574/1952
f 2357/1575/1953 2358/1576/1953 2359/1577/1953
f 2360/1559/1950 2361/1578/1950 2362/1557/1950
f 2363/1562/1951 2364/1568/1951 2365/1560/1951
f 2366/1564/1946 2367/1579/1946 2368/1552/1946
f 2369/1564/1947 2370/1580/1947 2371/1553/1947
f 2372/1581/1946 2373/1581/1946 2374/1582/1946
f 2375/1568/1951 2376/1583/1951 2377/1566/1951
f 2378/1563/1946 2379/1584/1946 2380/1554/1946
f 2381/1571/1950 2382/1559/1950 2383/1569/1950
f 2384/1565/1947 2385/1584/1947 2386/1554/1947
f 2387/1581/1946 2388/1581/1946 2389/1585/1946
f 2390/1580/1947 2391/1564/1947 2392/1586/1947
f 2393/1583/1954 2394/1568/1954 2395/1587/1954
f 2396/1579/1946 2397/1564/1946 2398/1586/1946
f 2399/1559/1955 2400/1571/1955 2401/1588/1955
f 2402/1584/1947 2403/1565/1947 2404/1589/1947
f 2405/1581/1946 2406/1581/1946 2407/1590/1946
f 2408/1584/1946 2409/1563/1946 2410/1591/1946
f 2411/1578/1955 2412/1559/1955 2413/1592/1955
f 2414/1568/1954 2415/1562/1954 2416/1593/1954
f 2417/1594/1956 2418/1595/1956 2419/1596/1956
f 2420/1597/1957 2421/1598/1957 2422/1599/1957
f 2423/1587/1954 2424/1600/1954 2425/1583/1954
f 2426/1588/1955 2427/1601/1955 2428/1559/1955
f 2429/1590/1946 2430/1585/1946 2431/1581/1946
f 2432/1586/1947 2433/1602/1947 2434/1580/1947
f 2435/1589/1947 2436/1603/1947 2437/1584/1947
f 2438/1591/1946 2439/1603/1946 2440/1584/1946
f 2441/1586/1946 2442/1604/1946 2443/1579/1946
f 2444/1593/1954 2445/1605/1954 2446/1568/1954
f 2447/1592/1955 2448/1606/1955 2449/1578/1955
f 2450/1607/1945 2451/1608/1945 2452/1609/1945
f 2453/1609/1945 2454/1610/1945 2455/1607/1945
f 2456/1611/1945 2457/1612/1945 2458/1613/1945
f 2459/1613/1945 2460/1614/1945 2461/1611/1945
f 2462/1615/1947 2463/1616/1947 2464/1617/1947
f 2465/1618/1947 2466/1619/1947 2467/1620/1947
f 2468/1621/1945 2469/1622/1945 2470/1622/1945
f 2471/1617/1947 2472/1623/1947 2473/1615/1947
f 2474/1620/1947 2475/1624/1947 2476/1618/1947
f 2477/1608/1949 2478/1607/1949 2479/1625/1949
f 2480/1610/1948 2481/1609/1948 2482/1626/1948
f 2483/1612/1949 2484/1611/1949 2485/1627/1949
f 2486/1614/1948 2487/1613/1948 2488/1628/1948
f 2489/1629/1945 2490/1630/1945 2491/1631/1945
f 2492/1631/1945 2493/1632/1945 2494/1629/1945
f 2495/1633/1945 2496/1634/1945 2497/1635/1945
f 2498/1635/1945 2499/1636/1945 2500/1633/1945
f 2501/1637/1945 2502/1638/1945 2503/1638/1945
f 2504/1638/1945 2505/1637/1945 2506/1637/1945
f 2507/1637/1945 2508/1638/1945 2509/1638/1945
f 2510/1638/1945 2511/1637/1945 2512/1637/1945
f 2513/1623/1947 2514/1617/1947 2515/1639/1947
f 2516/1624/1947 2517/1620/1947 2518/1640/1947
f 2519/1641/1945 2520/1642/1945 2521/1643/1945
f 2522/1643/1945 2523/1644/1945 2524/1641/1945
f 2525/1645/1945 2526/1646/1945 2527/1647/1945
f 2528/1647/1945 2529/1648/1945 2530/1645/1945
f 2531/1616/1947 2532/1615/1947 2533/1649/1947
f 2534/1619/1947 2535/1618/1947 2536/1650/1947
f 2537/1637/1946 2538/1622/1946 2539/1651/1946
f 2540/1549/1958 2541/1556/1958 2542/1534/1958
f 2543/1548/1959 2544/1555/1959 2545/1546/1959
f 2546/1652/1960 2547/1653/1960 2548/1653/1960
f 2549/1653/1960 2550/1652/1960 2551/1652/1960
f 2552/1654/1945 2553/1655/1945 2554/1656/1945
f 2555/1654/1945 2556/1656/1945 2557/1655/1945
f 2558/1656/1945 2559/1654/1945 2560/1657/1945
f 2561/1656/1945 2562/1657/1945 2563/1654/1945
f 2564/1602/1947 2565/1586/1947 2566/1658/1947
f 2567/1604/1946 2568/1586/1946 2569/1658/1946
f 2570/1625/1949 2571/1659/1949 2572/1608/1949
f 2573/1626/1948 2574/1660/1948 2575/1610/1948
f 2576/1627/1949 2577/1661/1949 2578/1612/1949
f 2579/1628/1948 2580/1662/1948 2581/1614/1948
f 2582/1663/1946 2583/1664/1946 2584/1664/1946
f 2585/1632/1948 2586/1631/1948 2587/1665/1948
f 2588/1630/1949 2589/1629/1949 2590/1666/1949
f 2591/1636/1948 2592/1635/1948 2593/1667/1948
f 2594/1634/1949 2595/1633/1949 2596/1668/1949
f 2597/1585/1946 2598/1590/1946 2599/1669/1946
f 2600/1603/1947 2601/1589/1947 2602/1670/1947
f 2603/1649/1947 2604/1671/1947 2605/1616/1947
f 2606/1650/1947 2607/1672/1947 2608/1619/1947
f 2609/1603/1946 2610/1591/1946 2611/1673/1946
f 2612/1674/1947 2613/1675/1947 2614/1676/1947
f 2615/1677/1947 2616/1678/1947 2617/1679/1947
f 2618/1664/1946 2619/1663/1946 2620/1663/1946
f 2621/1539/1959 2622/1550/1959 2623/1537/1959
f 2624/1536/1958 2625/1551/1958 2626/1521/1958
f 2627/1680/1946 2628/1651/1946 2629/1622/1946
f 2630/1639/1947 2631/1681/1947 2632/1623/1947
f 2633/1640/1947 2634/1682/1947 2635/1624/1947
f 2636/1683/1945 2637/1663/1945 2638/1663/1945
f 2639/1663/1945 2640/1683/1945 2641/1683/1945
f 2642/1683/1945 2643/1663/1945 2644/1663/1945
f 2645/1651/1946 2646/1680/1946 2647/1637/1946
f 2648/1655/1949 2649/1654/1949 2650/1684/1949
f 2651/1655/1948 2652/1684/1948 2653/1654/1948
f 2654/1657/1949 2655/1685/1949 2656/1656/1949
f 2657/1657/1948 2658/1656/1948 2659/1685/1948
f 2660/1665/1948 2661/1686/1948 2662/1632/1948
f 2663/1666/1949 2664/1687/1949 2665/1630/1949
f 2666/1667/1948 2667/1688/1948 2668/1636/1948
f 2669/1668/1949 2670/1689/1949 2671/1634/1949
f 2672/1534/1958 2673/1533/1958 2674/1549/1958
f 2675/1546/1959 2676/1547/1959 2677/1548/1959
f 2678/1676/1947 2679/1690/1947 2680/1674/1947
f 2681/1679/1947 2682/1691/1947 2683/1677/1947
f 2684/1669/1946 2685/1692/1946 2686/1585/1946
f 2687/1670/1947 2688/1693/1947 2689/1603/1947
f 2690/1673/1946 2691/1693/1946 2692/1603/1946
f 2693/1658/1947 2694/1694/1947 2695/1602/1947
f 2696/1642/1949 2697/1641/1949 2698/1695/1949
f 2699/1646/1949 2700/1645/1949 2701/1696/1949
f 2702/1644/1948 2703/1643/1948 2704/1697/1948
f 2705/1648/1948 2706/1647/1948 2707/1698/1948
f 2708/1658/1946 2709/1699/1946 2710/1604/1946
f 2711/1684/1948 2712/1655/1948 2713/1700/1948
f 2714/1684/1949 2715/1700/1949 2716/1655/1949
f 2717/1685/1949 2718/1657/1949 2719/1701/1949
f 2720/1685/1948 2721/1701/1948 2722/1657/1948
f 2723/1702/1945 2724/1703/1945 2725/1704/1945
f 2726/1704/1945 2727/1705/1945 2728/1702/1945
f 2729/1706/1945 2730/1707/1945 2731/1708/1945
f 2732/1708/1945 2733/1709/1945 2734/1706/1945
f 2735/1710/1945 2736/1711/1945 2737/1711/1945
f 2738/1521/1958 2739/1520/1958 2740/1536/1958
f 2741/1537/1959 2742/1538/1959 2743/1539/1959
f 2744/1664/1946 2745/1663/1946 2746/1712/1946
f 2747/1690/1947 2748/1676/1947 2749/1713/1947
f 2750/1691/1947 2751/1679/1947 2752/1714/1947
f 2753/1533/1960 2754/1534/1960 2755/1531/1960
f 2756/1531/1960 2757/1532/1960 2758/1533/1960
f 2759/1715/1947 2760/1716/1947 2761/1693/1947
f 2762/1717/1946 2763/1716/1946 2764/1693/1946
f 2765/1718/1951 2766/1719/1951 2767/1720/1951
f 2768/1721/1950 2769/1722/1950 2770/1723/1950
f 2771/1718/1951 2772/1719/1951 2773/1720/1951
f 2774/1721/1950 2775/1722/1950 2776/1723/1950
f 2777/1675/1947 2778/1674/1947 2779/1724/1947
f 2780/1678/1947 2781/1677/1947 2782/1725/1947
f 2783/1692/1946 2784/1669/1946 2785/1669/1946
f 2786/1693/1947 2787/1670/1947 2788/1715/1947
f 2789/1710/1946 2790/1683/1946 2791/1726/1946
f 2792/1671/1947 2793/1649/1947 2794/1727/1947
f 2795/1681/1947 2796/1639/1947 2797/1728/1947
f 2798/1672/1947 2799/1650/1947 2800/1729/1947
f 2801/1682/1947 2802/1640/1947 2803/1730/1947
f 2804/1693/1946 2805/1673/1946 2806/1717/1946
f 2807/1731/1960 2808/1732/1960 2809/1732/1960
f 2810/1732/1960 2811/1731/1960 2812/1731/1960
f 2813/1651/1946 2814/1680/1946 2815/1733/1946
f 2816/1734/1950 2817/1735/1950 2818/1736/1950
f 2819/1737/1951 2820/1738/1951 2821/1739/1951
f 2822/1734/1950 2823/1735/1950 2824/1736/1950
f 2825/1737/1951 2826/1738/1951 2827/1739/1951
f 2828/1518/1960 2829/1519/1960 2830/1520/1960
f 2831/1520/1960 2832/1521/1960 2833/1518/1960
f 2834/1695/1949 2835/1740/1949 2836/1642/1949
f 2837/1696/1949 2838/1741/1949 2839/1646/1949
f 2840/1697/1948 2841/1742/1948 2842/1644/1948
f 2843/1698/1948 2844/1743/1948 2845/1648/1948
f 2846/1705/1948 2847/1704/1948 2848/1744/1948
f 2849/1709/1948 2850/1708/1948 2851/1745/1948
f 2852/1703/1949 2853/1702/1949 2854/1746/1949
f 2855/1707/1949 2856/1706/1949 2857/1747/1949
f 2858/1712/1946 2859/1748/1946 2860/1664/1946
f 2861/1712/1946 2862/1748/1946 2863/1664/1946
f 2864/1724/1947 2865/1749/1947 2866/1675/1947
f 2867/1725/1947 2868/1750/1947 2869/1678/1947
f 2870/1751/1951 2871/1752/1951 2872/1753/1951
f 2873/1751/1950 2874/1753/1950 2875/1752/1950
f 2876/1754/1950 2877/1755/1950 2878/1756/1950
f 2879/1754/1951 2880/1756/1951 2881/1755/1951
f 2882/1720/1951 2883/1757/1951 2884/1718/1951
f 2885/1727/1947 2886/1758/1947 2887/1671/1947
f 2888/1723/1950 2889/1736/1950 2890/1721/1950
f 2891/1720/1951 2892/1757/1951 2893/1718/1951
f 2894/1729/1947 2895/1759/1947 2896/1672/1947
f 2897/1723/1950 2898/1736/1950 2899/1721/1950
f 2900/1760/1946 2901/1760/1946 2902/1761/1946
f 2903/1760/1946 2904/1760/1946 2905/1762/1946
f 2906/1733/1946 2907/1733/1946 2908/1651/1946
f 2909/1713/1947 2910/1763/1947 2911/1690/1947
f 2912/1714/1947 2913/1764/1947 2914/1691/1947
f 2915/1736/1950 2916/1765/1950 2917/1734/1950
f 2918/1728/1947 2919/1766/1947 2920/1681/1947
f 2921/1739/1951 2922/1767/1951 2923/1737/1951
f 2924/1736/1950 2925/1765/1950 2926/1734/1950
f 2927/1730/1947 2928/1768/1947 2929/1682/1947
f 2930/1739/1951 2931/1767/1951 2932/1737/1951
f 2933/1733/1946 2934/1733/1946 2935/1680/1946
f 2936/1744/1948 2937/1769/1948 2938/1705/1948
f 2939/1745/1948 2940/1770/1948 2941/1709/1948
f 2942/1746/1949 2943/1771/1949 2944/1703/1949
f 2945/1747/1949 2946/1772/1949 2947/1707/1949
f 2948/1753/1951 2949/1773/1951 2950/1751/1951
f 2951/1753/1950 2952/1751/1950 2953/1773/1950
f 2954/1756/1951 2955/1754/1951 2956/1774/1951
f 2957/1756/1950 2958/1774/1950 2959/1754/1950
f 2960/1758/1947 2961/1727/1947 2962/1775/1947
f 2963/1765/1955 2964/1736/1955 2965/1776/1955
f 2966/1767/1954 2967/1739/1954 2968/1777/1954
f 2969/1759/1947 2970/1729/1947 2971/1778/1947
f 2972/1765/1955 2973/1736/1955 2974/1776/1955
f 2975/1767/1954 2976/1739/1954 2977/1779/1954
f 2978/1733/1946 2979/1733/1946 2980/1780/1946
f 2981/1760/1946 2982/1760/1946 2983/1781/1946
f 2984/1757/1954 2985/1720/1954 2986/1782/1954
f 2987/1766/1947 2988/1728/1947 2989/1783/1947
f 2990/1736/1955 2991/1723/1955 2992/1784/1955
f 2993/1757/1954 2994/1720/1954 2995/1782/1954
f 2996/1768/1947 2997/1730/1947 2998/1785/1947
f 2999/1760/1946 3000/1760/1946 3001/1786/1946
f 3002/1736/1955 3003/1723/1955 3004/1784/1955
f 3005/1760/1946 3006/1760/1946 3007/1786/1946
f 3008/1787/1951 3009/1788/1951 3010/1789/1951
f 3011/1787/1951 3012/1788/1951 3013/1789/1951
f 3014/1790/1950 3015/1791/1950 3016/1792/1950
f 3017/1790/1950 3018/1791/1950 3019/1792/1950
f 3020/1712/1946 3021/1748/1946 3022/1793/1946
f 3023/1773/1954 3024/1753/1954 3025/1794/1954
f 3026/1773/1955 3027/1794/1955 3028/1753/1955
f 3029/1774/1954 3030/1795/1954 3031/1756/1954
f 3032/1774/1955 3033/1756/1955 3034/1795/1955
f 3035/1749/1947 3036/1724/1947 3037/1796/1947
f 3038/1763/1947 3039/1713/1947 3040/1797/1947
f 3041/1750/1947 3042/1725/1947 3043/1798/1947
f 3044/1764/1947 3045/1714/1947 3046/1799/1947
f 3047/1776/1955 3048/1800/1955 3049/1765/1955
f 3050/1777/1954 3051/1801/1954 3052/1767/1954
f 3053/1776/1955 3054/1800/1955 3055/1765/1955
f 3056/1779/1954 3057/1801/1954 3058/1767/1954
f 3059/1726/1946 3060/1802/1946 3061/1803/1946
f 3062/1775/1947 3063/1804/1947 3064/1758/1947
f 3065/1783/1947 3066/1805/1947 3067/1766/1947
f 3068/1778/1947 3069/1806/1947 3070/1759/1947
f 3071/1785/1947 3072/1807/1947 3073/1768/1947
f 3074/1786/1946 3075/1781/1946 3076/1760/1946
f 3077/1781/1946 3078/1786/1946 3079/1760/1946
f 3080/1781/1946 3081/1786/1946 3082/1760/1946
f 3083/1808/1950 3084/1809/1950 3085/1810/1950
f 3086/1808/1950 3087/1809/1950 3088/1810/1950
f 3089/1811/1951 3090/1812/1951 3091/1813/1951
f 3092/1811/1951 3093/1812/1951 3094/1813/1951
f 3095/1782/1954 3096/1814/1954 3097/1757/1954
f 3098/1784/1955 3099/1815/1955 3100/1736/1955
f 3101/1782/1954 3102/1814/1954 3103/1757/1954
f 3104/1784/1955 3105/1815/1955 3106/1736/1955
f 3107/1794/1954 3108/1816/1954 3109/1773/1954
f 3110/1794/1955 3111/1773/1955 3112/1816/1955
f 3113/1795/1954 3114/1774/1954 3115/1817/1954
f 3116/1795/1955 3117/1817/1955 3118/1774/1955
f 3119/1818/1961 3120/1819/1961 3121/1820/1961
f 3122/1821/1962 3123/1822/1962 3124/1823/1962
f 3125/1824/1963 3126/1825/1963 3127/1826/1963
f 3128/1827/1964 3129/1828/1964 3130/1829/1964
f 3131/1830/1965 3132/1824/1965 3133/1831/1965
f 3134/1832/1966 3135/1829/1966 3136/1833/1966
f 3137/1668/1959 3138/1689/1959 3139/1634/1959
f 3140/1667/1958 3141/1688/1958 3142/1636/1958
f 3143/1666/1959 3144/1687/1959 3145/1630/1959
f 3146/1665/1958 3147/1686/1958 3148/1632/1958
f 3149/1789/1951 3150/1834/1951 3151/1787/1951
f 3152/1789/1951 3153/1834/1951 3154/1787/1951
f 3155/1796/1947 3156/1835/1947 3157/1749/1947
f 3158/1798/1947 3159/1836/1947 3160/1750/1947
f 3161/1792/1950 3162/1837/1950 3163/1790/1950
f 3164/1792/1950 3165/1837/1950 3166/1790/1950
f 3167/1804/1947 3168/1775/1947 3169/1838/1947
f 3170/1806/1947 3171/1778/1947 3172/1839/1947
f 3173/1793/1946 3174/1793/1946 3175/1712/1946
f 3176/1793/1946 3177/1793/1946 3178/1712/1946
f 3179/1803/1946 3180/1803/1946 3181/1726/1946
f 3182/1840/1967 3183/1830/1967 3184/1841/1967
f 3185/1842/1968 3186/1833/1968 3187/1843/1968
f 3188/1786/1946 3189/1781/1946 3190/1844/1946
f 3191/1786/1946 3192/1781/1946 3193/1844/1946
f 3194/1805/1947 3195/1783/1947 3196/1845/1947
f 3197/1807/1947 3198/1785/1947 3199/1846/1947
f 3200/1810/1950 3201/1847/1950 3202/1808/1950
f 3203/1810/1950 3204/1847/1950 3205/1808/1950
f 3206/1797/1947 3207/1848/1947 3208/1763/1947
f 3209/1813/1951 3210/1789/1951 3211/1811/1951
f 3212/1799/1947 3213/1849/1947 3214/1764/1947
f 3215/1813/1951 3216/1789/1951 3217/1811/1951
f 3218/1820/1969 3219/1850/1969 3220/1851/1969
f 3221/1852/1970 3222/1853/1970 3223/1821/1970
f 3224/1634/1959 3225/1633/1959 3226/1668/1959
f 3227/1636/1958 3228/1635/1958 3229/1667/1958
f 3230/1632/1958 3231/1631/1958 3232/1665/1958
f 3233/1630/1959 3234/1629/1959 3235/1666/1959
f 3236/1628/1958 3237/1662/1958 3238/1614/1958
f 3239/1627/1959 3240/1661/1959 3241/1612/1959
f 3242/1626/1958 3243/1660/1958 3244/1610/1958
f 3245/1625/1959 3246/1659/1959 3247/1608/1959
f 3248/1826/1971 3249/1831/1971 3250/1824/1971
f 3251/1829/1972 3252/1832/1972 3253/1827/1972
f 3254/1845/1947 3255/1854/1947 3256/1805/1947
f 3257/1846/1947 3258/1855/1947 3259/1807/1947
f 3260/1831/1965 3261/1841/1965 3262/1830/1965
f 3263/1833/1966 3264/1842/1966 3265/1832/1966
f 3266/1856/1958 3267/1857/1958 3268/1858/1958
f 3269/1856/1959 3270/1858/1959 3271/1857/1959
f 3272/1859/1958 3273/1860/1958 3274/1861/1958
f 3275/1859/1959 3276/1861/1959 3277/1860/1959
f 3278/1838/1947 3279/1862/1947 3280/1804/1947
f 3281/1839/1947 3282/1863/1947 3283/1806/1947
f 3284/1820/1973 3285/1864/1973 3286/1818/1973
f 3287/1823/1974 3288/1865/1974 3289/1821/1974
f 3290/1866/1946 3291/1844/1946 3292/1781/1946
f 3293/1867/1975 3294/1868/1975 3295/1869/1975
f 3296/1870/1976 3297/1871/1976 3298/1872/1976
f 3299/1633/1960 3300/1634/1960 3301/1635/1960
f 3302/1635/1960 3303/1636/1960 3304/1633/1960
f 3305/1629/1960 3306/1630/1960 3307/1631/1960
f 3308/1631/1960 3309/1632/1960 3310/1629/1960
f 3311/1873/1960 3312/1874/1960 3313/1874/1960
f 3314/1844/1946 3315/1866/1946 3316/1786/1946
f 3317/1828/1977 3318/1829/1977 3319/1875/1977
f 3320/1876/1978 3321/1824/1978 3322/1825/1978
f 3323/1614/1958 3324/1613/1958 3325/1628/1958
f 3326/1612/1959 3327/1611/1959 3328/1627/1959
f 3329/1610/1958 3330/1609/1958 3331/1626/1958
f 3332/1608/1959 3333/1607/1959 3334/1625/1959
f 3335/1862/1947 3336/1838/1947 3337/1854/1947
f 3338/1863/1947 3339/1839/1947 3340/1855/1947
f 3341/1858/1959 3342/1856/1959 3343/1877/1959
f 3344/1858/1958 3345/1877/1958 3346/1856/1958
f 3347/1860/1959 3348/1878/1959 3349/1859/1959
f 3350/1860/1958 3351/1859/1958 3352/1878/1958
f 3353/1844/1960 3354/1879/1960 3355/1879/1960
f 3356/1879/1960 3357/1844/1960 3358/1844/1960
f 3359/1880/1945 3360/1881/1945 3361/1881/1945
f 3362/1881/1945 3363/1880/1945 3364/1880/1945
f 3365/1882/1979 3366/1867/1979 3367/1883/1979
f 3368/1884/1980 3369/1872/1980 3370/1885/1980
f 3371/1841/1981 3372/1886/1981 3373/1840/1981
f 3374/1843/1982 3375/1887/1982 3376/1842/1982
f 3377/1854/1947 3378/1845/1947 3379/1862/1947
f 3380/1855/1947 3381/1846/1947 3382/1863/1947
f 3383/1829/1983 3384/1833/1983 3385/1888/1983
f 3386/1889/1984 3387/1830/1984 3388/1824/1984
f 3389/1890/1985 3390/1831/1985 3391/1826/1985
f 3392/1827/1986 3393/1832/1986 3394/1891/1986
f 3395/1833/1987 3396/1843/1987 3397/1892/1987
f 3398/1893/1988 3399/1840/1988 3400/1830/1988
f 3401/1613/1960 3402/1614/1960 3403/1611/1960
f 3404/1611/1960 3405/1612/1960 3406/1613/1960
f 3407/1607/1960 3408/1608/1960 3409/1609/1960
f 3410/1609/1960 3411/1610/1960 3412/1607/1960
f 3413/1894/1989 3414/1841/1989 3415/1831/1989
f 3416/1832/1990 3417/1842/1990 3418/1895/1990
f 3419/1878/1960 3420/1877/1960 3421/1860/1960
f 3422/1878/1960 3423/1860/1960 3424/1877/1960
f 3425/1877/1960 3426/1858/1960 3427/1878/1960
f 3428/1877/1960 3429/1878/1960 3430/1858/1960
f 3431/1851/1991 3432/1864/1991 3433/1820/1991
f 3434/1821/1992 3435/1865/1992 3436/1852/1992
f 3437/1831/1989 3438/1890/1989 3439/1894/1989
f 3440/1895/1990 3441/1891/1990 3442/1832/1990
f 3443/1826/1993 3444/1896/1993 3445/1890/1993
f 3446/1891/1994 3447/1897/1994 3448/1827/1994
f 3449/1898/1995 3450/1899/1995 3451/1900/1995
f 3452/1869/1996 3453/1883/1996 3454/1867/1996
f 3455/1872/1997 3456/1884/1997 3457/1870/1997
f 3458/1901/1998 3459/1890/1998 3460/1896/1998
f 3461/1897/1999 3462/1891/1999 3463/1902/1999
f 3464/1903/2000 3465/1894/2000 3466/1890/2000
f 3467/1891/2001 3468/1895/2001 3469/1904/2001
f 3470/1890/2002 3471/1901/2002 3472/1903/2002
f 3473/1904/2001 3474/1902/2001 3475/1891/2001
f 3476/1905/2003 3477/1906/2003 3478/1907/2003
f 3479/1908/2004 3480/1909/2004 3481/1910/2004
f 3482/1875/2005 3483/1911/2005 3484/1828/2005
f 3485/1825/2006 3486/1912/2006 3487/1876/2006
f 3488/1841/2007 3489/1894/2007 3490/1913/2007
f 3491/1914/2008 3492/1895/2008 3493/1842/2008
f 3494/1907/2003 3495/1915/2003 3496/1905/2003
f 3497/1910/2004 3498/1916/2004 3499/1908/2004
f 3500/1913/2009 3501/1886/2009 3502/1841/2009
f 3503/1842/2010 3504/1887/2010 3505/1914/2010
f 3506/1917/1947 3507/1918/1947 3508/1919/1947
f 3509/1906/2011 3510/1905/2011 3511/1920/2011
f 3512/1921/2012 3513/1910/2012 3514/1909/2012
f 3515/1901/1946 3516/1922/1946 3517/1923/1946
f 3518/1924/1946 3519/1925/1946 3520/1902/1946
f 3521/1923/1946 3522/1903/1946 3523/1901/1946
f 3524/1902/1946 3525/1904/1946 3526/1924/1946
f 3527/1926/1946 3528/1927/1946 3529/1928/1946
f 3530/1818/2013 3531/1864/2013 3532/1929/2013
f 3533/1930/2014 3534/1865/2014 3535/1823/2014
f 3536/1931/2015 3537/1920/2015 3538/1905/2015
f 3539/1910/2016 3540/1921/2016 3541/1932/2016
f 3542/1922/1946 3543/1901/1946 3544/1933/1946
f 3545/1934/1946 3546/1902/1946 3547/1925/1946
f 3548/1935/2003 3549/1936/2003 3550/1937/2003
f 3551/1938/2004 3552/1939/2004 3553/1940/2004
f 3554/1929/2017 3555/1941/2017 3556/1818/2017
f 3557/1823/2018 3558/1942/2018 3559/1930/2018
f 3560/1943/1946 3561/1928/1946 3562/1927/1946
f 3563/1919/1947 3564/1944/1947 3565/1917/1947
f 3566/1945/1947 3567/1919/1947 3568/1918/1947
f 3569/1883/2019 3570/1946/2019 3571/1882/2019
f 3572/1885/2020 3573/1947/2020 3574/1884/2020
f 3575/1835/1947 3576/1796/1947 3577/1948/1947
f 3578/1847/1955 3579/1810/1955 3580/1949/1955
f 3581/1836/1947 3582/1798/1947 3583/1950/1947
f 3584/1847/1955 3585/1810/1955 3586/1949/1955
f 3587/1789/1954 3588/1813/1954 3589/1951/1954
f 3590/1789/1954 3591/1813/1954 3592/1951/1954
f 3593/1803/1946 3594/1803/1946 3595/1952/1946
f 3596/1937/2003 3597/1953/2003 3598/1935/2003
f 3599/1940/2004 3600/1954/2004 3601/1938/2004
f 3602/1936/2011 3603/1935/2011 3604/1955/2011
f 3605/1956/2012 3606/1940/2012 3607/1939/2012
f 3608/1920/2011 3609/1957/2011 3610/1906/2011
f 3611/1909/2012 3612/1958/2012 3613/1921/2012
f 3614/1803/1946 3615/1803/1946 3616/1959/1946
f 3617/1888/1983 3618/1875/1983 3619/1829/1983
f 3620/1824/1984 3621/1876/1984 3622/1889/1984
f 3623/1834/1954 3624/1789/1954 3625/1960/1954
f 3626/1834/1954 3627/1789/1954 3628/1960/1954
f 3629/1848/1947 3630/1797/1947 3631/1961/1947
f 3632/1837/1955 3633/1792/1955 3634/1962/1955
f 3635/1849/1947 3636/1799/1947 3637/1963/1947
f 3638/1793/1946 3639/1793/1946 3640/1964/1946
f 3641/1837/1955 3642/1792/1955 3643/1962/1955
f 3644/1894/2021 3645/1903/2021 3646/1965/2021
f 3647/1966/2022 3648/1904/2022 3649/1895/2022
f 3650/1933/1946 3651/1967/1946 3652/1922/1946
f 3653/1925/1946 3654/1968/1946 3655/1934/1946
f 3656/1892/2023 3657/1888/2023 3658/1833/2023
f 3659/1830/2024 3660/1889/2024 3661/1893/2024
f 3662/1927/1946 3663/1969/1946 3664/1943/1946
f 3665/1970/2025 3666/1971/2025 3667/1972/2025
f 3668/1973/2026 3669/1974/2026 3670/1975/2026
f 3671/1955/2011 3672/1976/2011 3673/1936/2011
f 3674/1939/2012 3675/1977/2012 3676/1956/2012
f 3677/1978/1947 3678/1917/1947 3679/1944/1947
f 3680/1944/1947 3681/1917/1947 3682/1978/1947
f 3683/1903/1946 3684/1923/1946 3685/1979/1946
f 3686/1980/1946 3687/1924/1946 3688/1904/1946
f 3689/1981/2027 3690/1941/2027 3691/1929/2027
f 3692/1930/2028 3693/1942/2028 3694/1982/2028
f 3695/1983/2029 3696/1984/2029 3697/1985/2029
f 3698/1986/2030 3699/1987/2030 3700/1988/2030
f 3701/1929/2031 3702/1864/2031 3703/1851/2031
f 3704/1852/2032 3705/1865/2032 3706/1930/2032
f 3707/1989/2025 3708/1990/2025 3709/1991/2025
f 3710/1992/2026 3711/1993/2026 3712/1994/2026
f 3713/1972/2025 3714/1995/2025 3715/1970/2025
f 3716/1975/2026 3717/1996/2026 3718/1973/2026
f 3719/1979/1946 3720/1965/1946 3721/1903/1946
f 3722/1904/1946 3723/1966/1946 3724/1980/1946
f 3725/1997/1946 3726/1998/1946 3727/1999/1946
f 3728/1869/2033 3729/1984/2033 3730/2000/2033
f 3731/2001/2034 3732/1987/2034 3733/1870/2034
f 3734/2000/2035 3735/1883/2035 3736/1869/2035
f 3737/1870/2036 3738/1884/2036 3739/2001/2036
f 3740/1978/1947 3741/2002/1947 3742/1944/1947
f 3743/2003/2037 3744/2004/2037 3745/2005/2037
f 3746/2006/2038 3747/2007/2038 3748/2008/2038
f 3749/1991/2025 3750/2009/2025 3751/1989/2025
f 3752/1994/2026 3753/2010/2026 3754/1992/2026
f 3755/1949/1955 3756/2011/1955 3757/1847/1955
f 3758/1949/1955 3759/2011/1955 3760/1847/1955
f 3761/1951/1954 3762/2012/1954 3763/1789/1954
f 3764/1951/1954 3765/2012/1954 3766/1789/1954
f 3767/1967/1946 3768/1933/1946 3769/2013/1946
f 3770/2014/1946 3771/1934/1946 3772/1968/1946
f 3773/2015/1946 3774/1943/1946 3775/1969/1946
f 3776/1959/1946 3777/2016/1946 3778/1803/1946
f 3779/1952/1946 3780/1959/1946 3781/1803/1946
f 3782/2017/2037 3783/2018/2037 3784/2019/2037
f 3785/2020/2038 3786/2021/2038 3787/2022/2038
f 3788/1948/1947 3789/2023/1947 3790/1835/1947
f 3791/1950/1947 3792/2024/1947 3793/1836/1947
f 3794/1961/1947 3795/2025/1947 3796/1848/1947
f 3797/1963/1947 3798/2026/1947 3799/1849/1947
f 3800/2027/2039 3801/2005/2039 3802/2004/2039
f 3803/1982/2040 3804/2028/2040 3805/1930/2040
f 3806/2029/1946 3807/1964/1946 3808/1793/1946
f 3809/1960/1954 3810/2030/1954 3811/1834/1954
f 3812/1960/1954 3813/2030/1954 3814/1834/1954
f 3815/1962/1955 3816/2031/1955 3817/1837/1955
f 3818/1962/1955 3819/2031/1955 3820/1837/1955
f 3821/2005/2037 3822/2032/2037 3823/2003/2037
f 3824/2008/2038 3825/2033/2038 3826/2006/2038
f 3827/1851/2041 3828/2034/2041 3829/1929/2041
f 3830/1930/2042 3831/2035/2042 3832/1852/2042
f 3833/2013/1946 3834/2036/1946 3835/1967/1946
f 3836/1968/1946 3837/2037/1946 3838/2014/1946
f 3839/1969/1946 3840/2038/1946 3841/2015/1946
f 3842/2019/2037 3843/2039/2037 3844/2017/2037
f 3845/2022/2038 3846/2040/2038 3847/2020/2038
f 3848/2034/2043 3849/1851/2043 3850/2041/2043
f 3851/2042/2044 3852/1852/2044 3853/2035/2044
f 3854/1984/2045 3855/1983/2045 3856/2043/2045
f 3857/2044/2046 3858/1988/2046 3859/1987/2046
f 3860/1995/2047 3861/1972/2047 3862/2045/2047
f 3863/2046/2048 3864/1973/2048 3865/1996/2048
f 3866/1965/1946 3867/1979/1946 3868/2047/1946
f 3869/2048/1946 3870/1980/1946 3871/1966/1946
f 3872/2049/1946 3873/1999/1946 3874/1998/1946
f 3875/1745/2049 3876/1770/2049 3877/1709/2049
f 3878/1744/2049 3879/1769/2049 3880/1705/2049
f 3881/2009/2047 3882/1991/2047 3883/2050/2047
f 3884/2051/2048 3885/1992/2048 3886/2010/2048
f 3887/2052/2050 3888/1946/2050 3889/1883/2050
f 3890/1884/2051 3891/1947/2051 3892/2053/2051
f 3893/2054/2052 3894/1929/2052 3895/2034/2052
f 3896/2035/2053 3897/1930/2053 3898/2028/2053
f 3899/2043/2054 3900/2000/2054 3901/1984/2054
f 3902/1987/2055 3903/2001/2055 3904/2044/2055
f 3905/1883/2056 3906/2000/2056 3907/2052/2056
f 3908/2053/2057 3909/2001/2057 3910/1884/2057
f 3911/2055/2058 3912/1875/2058 3913/1888/2058
f 3914/1889/2059 3915/1876/2059 3916/2056/2059
f 3917/2047/1946 3918/2057/1946 3919/1965/1946
f 3920/1966/1946 3921/2058/1946 3922/2048/1946
f 3923/2049/1946 3924/2059/1946 3925/1998/1946
f 3926/2045/2047 3927/2060/2047 3928/1995/2047
f 3929/1996/2048 3930/2061/2048 3931/2046/2048
f 3932/2050/2047 3933/2062/2047 3934/2009/2047
f 3935/2010/2048 3936/2063/2048 3937/2051/2048
f 3938/1708/2060 3939/1709/2060 3940/1706/2060
f 3941/1704/2060 3942/1705/2060 3943/2064/2060
f 3944/1707/2061 3945/1706/2061 3946/1747/2061
f 3947/1709/2062 3948/1708/2062 3949/1745/2062
f 3950/1703/2061 3951/2064/2061 3952/1746/2061
f 3953/1705/2062 3954/1704/2062 3955/1744/2062
f 3956/1747/1959 3957/1772/1959 3958/1707/1959
f 3959/1746/1959 3960/1771/1959 3961/1703/1959
f 3962/2065/2063 3963/1888/2063 3964/1892/2063
f 3965/1893/2064 3966/1889/2064 3967/2066/2064
f 3968/2039/2065 3969/2019/2065 3970/2067/2065
f 3971/2068/2066 3972/2020/2066 3973/2040/2066
f 3974/2032/2065 3975/2005/2065 3976/2069/2065
f 3977/2070/2066 3978/2006/2066 3979/2033/2066
f 3980/2023/1947 3981/1948/1947 3982/2071/1947
f 3983/2024/1947 3984/1950/1947 3985/2072/1947
f 3986/2073/1946 3987/2015/1946 3988/2038/1946
f 3989/2036/1946 3990/2013/1946 3991/2074/1946
f 3992/2075/1946 3993/2014/1946 3994/2037/1946
f 3995/2041/2067 3996/2076/2067 3997/2034/2067
f 3998/2035/2068 3999/2077/2068 4000/2042/2068
f 4001/2034/2069 4002/2078/2069 4003/2054/2069
f 4004/2028/2070 4005/2079/2070 4006/2035/2070
f 4007/2025/1947 4008/1961/1947 4009/2080/1947
f 4010/2026/1947 4011/1963/1947 4012/2081/1947
f 4013/2029/1946 4014/1964/1946 4015/2082/1946
f 4016/1706/2060 4017/1707/2060 4018/1708/2060
f 4019/2064/2060 4020/1703/2060 4021/1704/2060
f 4022/1892/2071 4023/2083/2071 4024/2065/2071
f 4025/2066/2072 4026/2084/2072 4027/1893/2072
f 4028/1698/1958 4029/1743/1958 4030/1648/1958
f 4031/1697/1958 4032/1742/1958 4033/1644/1958
f 4034/1696/1959 4035/1741/1959 4036/1646/1959
f 4037/1695/1959 4038/1740/1959 4039/1642/1959
f 4040/2067/2065 4041/2085/2065 4042/2039/2065
f 4043/2040/2066 4044/2086/2066 4045/2068/2066
f 4046/2038/1946 4047/2087/1946 4048/2073/1946
f 4049/2088/1945 4050/2089/1945 4051/2089/1945
f 4052/2089/1945 4053/2088/1945 4054/2088/1945
f 4055/2074/1946 4056/2090/1946 4057/2036/1946
f 4058/2037/1946 4059/2091/1946 4060/2075/1946
f 4061/2069/2065 4062/2092/2065 4063/2032/2065
f 4064/2033/2066 4065/2093/2066 4066/2070/2066
f 4067/1888/2058 4068/2065/2058 4069/2055/2058
f 4070/2056/2059 4071/2066/2059 4072/1889/2059
f 4073/2080/1947 4074/2094/1947 4075/2025/1947
f 4076/2081/1947 4077/2095/1947 4078/2026/1947
f 4079/2000/2073 4080/2043/2073 4081/2096/2073
f 4082/2097/2074 4083/2061/2074 4084/2098/2074
f 4085/2078/2075 4086/2034/2075 4087/2076/2075
f 4088/2077/2076 4089/2035/2076 4090/2079/2076
f 4091/2096/2077 4092/2052/2077 4093/2000/2077
f 4094/2001/2078 4095/2053/2078 4096/2099/2078
f 4097/2071/1947 4098/2100/1947 4099/2023/1947
f 4100/2072/1947 4101/2101/1947 4102/2024/1947
f 4103/2062/2079 4104/2050/2079 4105/2102/2079
f 4106/2103/2080 4107/2051/2080 4108/2063/2080
f 4109/2059/1946 4110/2049/1946 4111/2104/1946
f 4112/2057/1946 4113/2047/1946 4114/2105/1946
f 4115/2106/1946 4116/2048/1946 4117/2058/1946
f 4118/2082/1946 4119/2107/1946 4120/2029/1946
f 4121/2060/2079 4122/2045/2079 4123/2108/2079
f 4124/2109/2080 4125/2046/2080 4126/2061/2080
f 4127/2110/1960 4128/2111/1960 4129/2111/1960
f 4130/2111/1960 4131/2110/1960 4132/2110/1960
f 4133/2110/1960 4134/2111/1960 4135/2111/1960
f 4136/2107/1946 4137/2082/1946 4138/1964/1946
f 4139/1648/1958 4140/1647/1958 4141/1698/1958
f 4142/1644/1958 4143/1643/1958 4144/1697/1958
f 4145/1646/1959 4146/1645/1959 4147/1696/1959
f 4148/1642/1959 4149/1641/1959 4150/1695/1959
f 4151/2100/1947 4152/2071/1947 4153/2094/1947
f 4154/2101/1947 4155/2072/1947 4156/2095/1947
f 4157/2102/2079 4158/2112/2079 4159/2062/2079
f 4160/2063/2080 4161/2113/2080 4162/2103/2080
f 4163/2114/1960 4164/2107/1960 4165/2107/1960
f 4166/2107/1960 4167/2114/1960 4168/2114/1960
f 4169/2114/1960 4170/2107/1960 4171/2107/1960
f 4172/2107/1960 4173/2114/1960 4174/2114/1960
f 4175/2104/1946 4176/2115/1946 4177/2059/1946
f 4178/2105/1946 4179/2116/1946 4180/2057/1946
f 4181/2058/1946 4182/2117/1946 4183/2106/1946
f 4184/2085/2081 4185/2067/2081 4186/2118/2081
f 4187/2119/2082 4188/2068/2082 4189/2086/2082
f 4190/2108/2079 4191/2120/2079 4192/2060/2079
f 4193/2061/2080 4194/2097/2080 4195/2109/2080
f 4196/2094/1947 4197/2080/1947 4198/2100/1947
f 4199/2095/1947 4200/2081/1947 4201/2101/1947
f 4202/2082/1946 4203/2107/1946 4204/2107/1946
f 4205/2121/1946 4206/2073/1946 4207/2087/1946
f 4208/2090/1946 4209/2074/1946 4210/2122/1946
f 4211/2123/1946 4212/2075/1946 4213/2091/1946
f 4214/2076/2083 4215/2124/2083 4216/2078/2083
f 4217/2079/2084 4218/2125/2084 4219/2077/2084
f 4220/2092/2081 4221/2069/2081 4222/2126/2081
f 4223/2127/2082 4224/2070/2082 4225/2093/2082
f 4226/2107/1946 4227/2082/1946 4228/2082/1946
f 4229/2128/2085 4230/2129/2085 4231/2130/2085
f 4232/2131/2086 4233/2132/2086 4234/2133/2086
f 4235/2134/2087 4236/2130/2087 4237/2135/2087
f 4238/2136/2088 4239/2131/2088 4240/2137/2088
f 4241/1647/1960 4242/1648/1960 4243/1645/1960
f 4244/1645/1960 4245/1646/1960 4246/1647/1960
f 4247/1641/1960 4248/1642/1960 4249/1643/1960
f 4250/1643/1960 4251/1644/1960 4252/1641/1960
f 4253/2118/2081 4254/2138/2081 4255/2085/2081
f 4256/2086/2082 4257/2139/2082 4258/2119/2082
f 4259/2135/2089 4260/2140/2089 4261/2134/2089
f 4262/2137/2090 4263/2141/2090 4264/2136/2090
f 4265/2087/1946 4266/2142/1946 4267/2121/1946
f 4268/2122/1946 4269/2143/1946 4270/2090/1946
f 4271/2091/1946 4272/2144/1946 4273/2123/1946
f 4274/2145/1947 4275/2146/1947 4276/2147/1947
f 4277/2148/2091 4278/2149/2091 4279/2150/2091
f 4280/2151/2092 4281/2152/2092 4282/2153/2092
f 4283/2126/2081 4284/2154/2081 4285/2092/2081
f 4286/2093/2082 4287/2155/2082 4288/2127/2082
f 4289/2156/1946 4290/2104/1946 4291/2115/1946
f 4292/2116/1946 4293/2105/1946 4294/2157/1946
f 4295/2158/1946 4296/2106/1946 4297/2117/1946
f 4298/2159/1947 4299/2160/1947 4300/2161/1947
f 4301/2161/1947 4302/2160/1947 4303/2159/1947
f 4304/2130/2085 4305/2134/2085 4306/2128/2085
f 4307/2133/2086 4308/2137/2086 4309/2131/2086
f 4310/2140/2091 4311/2162/2091 4312/2163/2091
f 4313/2164/2092 4314/2165/2092 4315/2141/2092
f 4316/2150/2091 4317/2166/2091 4318/2148/2091
f 4319/2153/2092 4320/2167/2092 4321/2151/2092
f 4322/2168/2093 4323/2169/2093 4324/2166/2093
f 4325/2167/2094 4326/2170/2094 4327/2171/2094
f 4328/2172/1960 4329/2172/1960 4330/2173/1960
f 4331/2173/1960 4332/2173/1960 4333/2172/1960
f 4334/2161/1947 4335/2174/1947 4336/2159/1947
f 4337/2115/1946 4338/2175/1946 4339/2156/1946
f 4340/2166/2093 4341/2150/2093 4342/2168/2093
f 4343/2171/2094 4344/2151/2094 4345/2167/2094
f 4346/2157/1946 4347/2176/1946 4348/2116/1946
f 4349/2117/1946 4350/2177/1946 4351/2158/1946
f 4352/2175/1946 4353/2121/1946 4354/2142/1946
f 4355/2142/1946 4356/2156/1946 4357/2175/1946
f 4358/2143/1946 4359/2122/1946 4360/2176/1946
f 4361/2177/1946 4362/2123/1946 4363/2144/1946
f 4364/2176/1946 4365/2157/1946 4366/2143/1946
f 4367/2144/1946 4368/2158/1946 4369/2177/1946
f 4370/2163/2091 4371/2134/2091 4372/2140/2091
f 4373/2141/2092 4374/2137/2092 4375/2164/2092
f 4376/2178/2093 4377/2128/2093 4378/2134/2093
f 4379/2137/2094 4380/2133/2094 4381/2179/2094
f 4382/2134/2093 4383/2163/2093 4384/2178/2093
f 4385/2179/2094 4386/2164/2094 4387/2137/2094
f 4388/2180/2095 4389/2181/2095 4390/2182/2096
f 4389/2181/2095 4388/2180/2095 4391/2183/2097
f 4391/2183/2097 4392/2184/2097 4389/2181/2095
f 4392/2184/2097 4391/2183/2097 4393/2185/2098
f 4393/2185/2098 4394/2186/2098 4392/2184/2097
f 4394/2186/2098 4393/2185/2098 4395/2187/2099
f 4395/2187/2099 4396/2188/2099 4394/2186/2098
f 4396/2188/2099 4395/2187/2099 4397/2189/2100
f 4398/2190/2101 4399/2191/2101 4400/2192/2102
f 4399/2191/2101 4398/2190/2101 4401/2193/2103
f 4401/2193/2103 4402/2194/2103 4399/2191/2101
f 4402/2194/2103 4401/2193/2103 4403/2195/2104
f 4403/2195/2104 4404/2196/2104 4402/2194/2103
f 4404/2196/2104 4403/2195/2104 4405/2197/2105
f 4405/2197/2105 4406/2198/2105 4404/2196/2104
f 4406/2198/2105 4405/2197/2105 4407/2199/2106
f 4408/2200/2107 4409/2201/2107 4410/2202/2107
f 4410/2202/2107 4411/2203/2107 4408/2200/2107
f 4412/2204/2108 4413/2205/2108 4414/2206/2109
f 4413/2205/2108 4412/2204/2108 4415/2207/2110
f 4415/2207/2110 4416/2208/2110 4413/2205/2108
f 4416/2208/2110 4415/2207/2110 4417/2209/2111
f 4417/2209/2111 4418/2210/2111 4416/2208/2110
f 4418/2210/2111 4417/2209/2111 4419/2211/2112
f 4419/2211/2112 4420/2212/2112 4418/2210/2111
f 4420/2212/2112 4419/2211/2112 4421/2213/2113
f 4422/2214/2114 4423/2215/2114 4424/2206/2115
f 4423/2215/2114 4422/2214/2114 4425/2216/2116
f 4425/2216/2116 4426/2217/2116 4423/2215/2114
f 4426/2217/2116 4425/2216/2116 4427/2218/2117
f 4427/2218/2117 4428/2219/2117 4426/2217/2116
f 4428/2219/2117 4427/2218/2117 4429/2220/2118
f 4429/2220/2118 4430/2221/2118 4428/2219/2117
f 4430/2221/2118 4429/2220/2118 4431/2213/2119
f 4432/2222/2120 4433/2223/2120 4434/2189/2121
f 4433/2223/2120 4432/2222/2120 4435/2224/2122
f 4435/2224/2122 4436/2225/2122 4433/2223/2120
f 4436/2225/2122 4435/2224/2122 4437/2226/2123
f 4437/2226/2123 4438/2227/2123 4436/2225/2122
f 4438/2227/2123 4437/2226/2123 4439/2228/2124
f 4439/2228/2124 4440/2229/2124 4438/2227/2123
f 4440/2229/2124 4439/2228/2124 4441/2182/2125
f 4442/2230/2126 4443/2231/2126 4444/2192/2127
f 4443/2231/2126 4442/2230/2126 4445/2232/2128
f 4445/2232/2128 4446/2233/2128 4443/2231/2126
f 4446/2233/2128 4445/2232/2128 4447/2234/2129
f 4447/2234/2129 4448/2235/2129 4446/2233/2128
f 4448/2235/2129 4447/2234/2129 4449/2236/2130
f 4449/2236/2130 4450/2237/2130 4448/2235/2129
f 4450/2237/2130 4449/2236/2130 4451/2199/2131
f 4452/2238/2132 4453/2202/2132 4454/2201/2132
f 4454/2201/2132 4455/2239/2132 4452/2238/2132
f 4456/2240/2133 4457/2241/2133 4458/2242/2133
f 4458/2242/2133 4459/2243/2133 4456/2240/2133
f 4460/2201/2134 4461/2200/2134 4462/2244/2134
f 4462/2244/2134 4463/2239/2134 4460/2201/2134
f 4464/2200/2135 4465/2203/2135 4466/2245/2135
f 4466/2245/2135 4467/2244/2135 4464/2200/2135
f 4468/2246/2136 4469/2247/2137 4470/2248/2137
f 4470/2248/2137 4471/2249/2136 4468/2246/2136
f 4472/2250/2138 4468/2246/2136 4471/2249/2136
f 4471/2249/2136 4473/2251/2138 4472/2250/2138
f 4472/2250/2138 4473/2251/2138 4474/2252/2139
f 4474/2252/2139 4475/2253/2139 4472/2250/2138
f 4475/2253/2139 4474/2252/2139 4476/2254/2140
f 4476/2254/2140 4477/2255/2141 4475/2253/2139
f 4477/2255/2141 4476/2254/2140 4478/2256/2142
f 4478/2256/2142 4479/2257/2143 4477/2255/2141
f 4480/2258/2144 4477/2255/2141 4479/2257/2143
f 4479/2257/2143 4481/2259/2145 4480/2258/2144
f 4482/2260/2146 4480/2258/2144 4481/2259/2145
f 4483/2261/2147 4480/2258/2144 4482/2260/2146
f 4482/2260/2146 4484/2262/2148 4483/2261/2147
f 4485/2263/2149 4478/2256/2142 4476/2254/2140
f 4478/2256/2142 4485/2263/2149 4486/2264/2150
f 4486/2264/2150 4487/2265/2151 4478/2256/2142
f 4479/2257/2143 4478/2256/2142 4487/2265/2151
f 4487/2265/2151 4488/2266/2152 4479/2257/2143
f 4481/2259/2145 4479/2257/2143 4488/2266/2152
f 4488/2266/2152 4489/2267/2153 4481/2259/2145
f 4490/2268/2154 4481/2259/2145 4489/2267/2153
f 4481/2259/2145 4490/2268/2154 4482/2260/2146
f 4476/2254/2140 4491/2269/2155 4485/2263/2149
f 4492/2270/2156 4485/2263/2149 4491/2269/2155
f 4485/2263/2149 4492/2270/2156 4493/2271/2157
f 4493/2271/2157 4486/2264/2150 4485/2263/2149
f 4486/2264/2150 4493/2271/2157 4494/2272/2158
f 4487/2265/2151 4486/2264/2150 4494/2272/2158
f 4488/2266/2152 4487/2265/2151 4494/2272/2158
f 4489/2267/2153 4488/2266/2152 4494/2272/2158
f 4495/2273/2159 4489/2267/2153 4494/2272/2158
f 4489/2267/2153 4495/2273/2159 4490/2268/2154
f 4491/2269/2155 4496/2274/2160 4492/2270/2156
f 4496/2274/2160 4491/2269/2155 4497/2275/2161
f 4497/2275/2161 4498/2276/2162 4496/2274/2160
f 4498/2276/2162 4497/2275/2161 4499/2277/2163
f 4499/2277/2163 4500/2278/2164 4498/2276/2162
f 4501/2279/2165 4500/2278/2164 4499/2277/2163
f 4499/2277/2163 4502/2280/2166 4501/2279/2165
f 4503/2281/2167 4501/2279/2165 4502/2280/2166
f 4502/2280/2166 4504/2282/2168 4503/2281/2167
f 4505/2283/2169 4503/2281/2167 4504/2282/2168
f 4504/2282/2168 4506/2284/2170 4505/2283/2169
f 4507/2285/2171 4505/2283/2169 4506/2284/2170
f 4506/2284/2170 4508/2286/2172 4507/2285/2171
f 4509/2287/2173 4507/2285/2171 4508/2286/2172
f 4508/2286/2172 4510/2288/2174 4509/2287/2173
f 4509/2287/2173 4510/2288/2174 4511/2289/2175
f 4506/2284/2170 4504/2282/2168 4512/2248/2176
f 4512/2248/2176 4513/2290/2177 4506/2284/2170
f 4508/2286/2172 4506/2284/2170 4513/2290/2177
f 4513/2290/2177 4514/2291/2178 4508/2286/2172
f 4510/2288/2174 4508/2286/2172 4514/2291/2178
f 4514/2291/2178 4515/2292/2179 4510/2288/2174
f 4510/2288/2174 4515/2292/2179 4511/2289/2175
f 4515/2292/2179 4516/2293/2180 4511/2289/2175
f 4516/2293/2180 4517/2294/2181 4511/2289/2175
f 4517/2294/2181 4518/2295/2182 4511/2289/2175
f 4519/2296/2183 4518/2295/2182 4517/2294/2181
f 4514/2291/2178 4513/2290/2177 4520/2297/2184
f 4520/2297/2184 4521/2298/2185 4514/2291/2178
f 4515/2292/2179 4514/2291/2178 4521/2298/2185
f 4521/2298/2185 4516/2293/2180 4515/2292/2179
f 4516/2293/2180 4521/2298/2185 4522/2299/2186
f 4522/2299/2186 4517/2294/2181 4516/2293/2180
f 4517/2294/2181 4522/2299/2186 4519/2296/2183
f 4523/2300/2187 4519/2296/2183 4522/2299/2186
f 4522/2299/2186 4524/2301/2188 4523/2300/2187
f 4525/2302/2189 4523/2300/2187 4524/2301/2188
f 4524/2301/2188 4526/2303/2190 4525/2302/2189
f 4521/2298/2185 4520/2297/2184 4524/2301/2188
f 4524/2301/2188 4522/2299/2186 4521/2298/2185
f 4526/2303/2190 4524/2301/2188 4520/2297/2184
f 4520/2297/2184 4527/2247/2191 4526/2303/2190
f 4528/2304/2192 4529/2305/2192 4530/2306/2193
f 4530/2306/2193 4531/2307/2193 4528/2304/2192
f 4532/2308/2194 4531/2307/2193 4530/2306/2193
f 4530/2306/2193 4533/2309/2194 4532/2308/2194
f 4532/2308/2194 4533/2309/2194 4534/2310/2195
f 4534/2310/2195 4535/2311/2196 4532/2308/2194
f 4536/2243/2197 4537/2242/2197 4538/2312/2197
f 4538/2312/2197 4539/2313/2197 4536/2243/2197
f 4540/2314/2198 4541/2315/2199 4542/1509/2200
f 4542/1509/2200 4541/2315/2199 4543/2316/2201
f 4542/1509/2200 4543/2316/2201 4544/1510/2202
f 4544/1510/2202 4543/2316/2201 4545/2317/2203
f 4545/2317/2203 4546/1512/2204 4544/1510/2202
f 4546/1512/2204 4545/2317/2203 4547/1513/2205
f 4545/2317/2203 4548/2318/2206 4547/1513/2205
f 4549/2319/2207 4547/1513/2205 4548/2318/2206
f 4550/2320/2208 4551/2321/2209 4552/2311/2210
f 4552/2311/2210 4553/2322/2211 4550/2320/2208
f 4554/2323/2212 4550/2320/2208 4553/2322/2211
f 4550/2320/2208 4554/2323/2212 4555/2324/2213
f 4555/2324/2213 4556/2325/2214 4550/2320/2208
f 4553/2322/2211 4557/2326/2215 4554/2323/2212
f 4554/2323/2212 4557/2326/2215 4558/2327/2216
f 4555/2324/2213 4554/2323/2212 4558/2327/2216
f 4557/2326/2215 4559/2328/2217 4558/2327/2216
f 4559/2328/2217 4560/2329/2218 4558/2327/2216
f 4560/2329/2218 4561/2330/2219 4558/2327/2216
f 4562/2331/2220 4561/2330/2219 4560/2329/2218
f 4560/2329/2218 4563/2332/2221 4562/2331/2220
f 4562/2331/2220 4563/2332/2221 4564/2333/2222
f 4564/2333/2222 4565/2334/2223 4562/2331/2220
f 4566/2335/2224 4567/2336/2225 4568/2337/2226
f 4568/2337/2226 4569/2338/2227 4566/2335/2224
f 4570/2339/2228 4566/2335/2224 4569/2338/2227
f 4569/2338/2227 4571/2340/2229 4570/2339/2228
f 4570/2339/2228 4571/2340/2229 4572/2341/2230
f 4572/2341/2230 4573/2342/2231 4570/2339/2228
f 4573/2342/2231 4572/2341/2230 4574/2343/2232
f 4572/2341/2230 4575/2344/2233 4574/2343/2232
f 4575/2344/2233 4576/2345/2234 4574/2343/2232
f 4576/2345/2234 4577/2346/2235 4574/2343/2232
f 4577/2346/2235 4578/2347/2236 4574/2343/2232
f 4575/2344/2233 4572/2341/2230 4571/2340/2229
f 4571/2340/2229 4579/2348/2237 4575/2344/2233
f 4576/2345/2234 4575/2344/2233 4579/2348/2237
f 4579/2348/2237 4580/2349/2238 4576/2345/2234
f 4577/2346/2235 4576/2345/2234 4580/2349/2238
f 4580/2349/2238 4581/2350/2239 4577/2346/2235
f 4578/2347/2236 4577/2346/2235 4581/2350/2239
f 4581/2350/2239 4582/2351/2240 4578/2347/2236
f 4583/2352/2241 4584/2353/2242 4585/2354/2243
f 4584/2353/2242 4583/2352/2241 4586/2355/2244
f 4586/2355/2244 4587/2356/2245 4584/2353/2242
f 4587/2356/2245 4586/2355/2244 4588/2357/2246
f 4588/2357/2246 4589/2358/2247 4587/2356/2245
f 4589/2358/2247 4588/2357/2246 4590/2359/2248
f 4590/2359/2248 4591/2360/2249 4589/2358/2247
f 4592/2361/2250 4591/2360/2249 4590/2359/2248
f 4590/2359/2248 4593/2362/2251 4592/2361/2250
f 4594/2363/2252 4592/2361/2250 4593/2362/2251
f 4593/2362/2251 4595/2364/2253 4594/2363/2252
f 4594/2363/2252 4595/2364/2253 4596/2365/2254
f 4596/2365/2254 4597/2366/2255 4594/2363/2252
f 4598/2367/2256 4599/2368/2257 4600/2369/2258
f 4599/2368/2257 4598/2367/2256 4601/2370/2259
f 4601/2370/2259 4602/2371/2260 4599/2368/2257
f 4603/2372/2261 4602/2371/2260 4601/2370/2259
f 4601/2370/2259 4604/2373/2262 4603/2372/2261
f 4605/2374/2263 4603/2372/2261 4604/2373/2262
f 4604/2373/2262 4606/2375/2264 4605/2374/2263
f 4607/2376/2265 4605/2374/2263 4606/2375/2264
f 4606/2375/2264 4608/2377/2266 4607/2376/2265
f 4607/2376/2265 4608/2377/2266 4609/2378/2267
f 4609/2378/2267 4610/2379/2268 4607/2376/2265
f 4611/2380/2269 4610/2379/2268 4609/2378/2267
f 4609/2378/2267 4612/2381/2270 4611/2380/2269
f 4613/2382/2271 4614/2383/2272 4615/2384/2273
f 4615/2384/2273 4616/2385/2274 4613/2382/2271
f 4617/2386/2275 4618/2387/2276 4619/2388/2277
f 4619/2388/2277 4620/2389/2278 4617/2386/2275
f 4621/2390/2279 4617/2386/2275 4620/2389/2278
f 4620/2389/2278 4622/2391/2280 4621/2390/2279
f 4623/2392/2281 4621/2390/2279 4622/2391/2280
f 4622/2391/2280 4624/2393/2282 4623/2392/2281
f 4623/2392/2281 4624/2393/2282 4625/2394/2283
f 4625/2394/2283 4626/2395/2284 4623/2392/2281
f 4627/2396/2285 4623/2392/2281 4626/2395/2284
f 4626/2395/2284 4628/2397/2286 4627/2396/2285
f 4629/2398/2287 4627/2396/2285 4628/2397/2286
f 4630/2399/2288 4627/2396/2285 4629/2398/2287
f 4629/2398/2287 4631/2400/2289 4630/2399/2288
f 4632/2401/2290 4630/2399/2288 4631/2400/2289
f 4626/2395/2284 4625/2394/2283 4633/2402/2291
f 4633/2402/2291 4634/2403/2292 4626/2395/2284
f 4628/2397/2286 4626/2395/2284 4634/2403/2292
f 4634/2403/2292 4635/2404/2293 4628/2397/2286
f 4636/2405/2294 4628/2397/2286 4635/2404/2293
f 4628/2397/2286 4636/2405/2294 4629/2398/2287
f 4637/2406/2295 4629/2398/2287 4636/2405/2294
f 4631/2400/2289 4629/2398/2287 4637/2406/2295
f 4637/2406/2295 4638/2407/2296 4631/2400/2289
f 4634/2403/2292 4633/2402/2291 4639/2408/2297
f 4635/2404/2293 4634/2403/2292 4639/2408/2297
f 4640/2409/2298 4635/2404/2293 4639/2408/2297
f 4635/2404/2293 4640/2409/2298 4636/2405/2294
f 4641/2410/2299 4636/2405/2294 4640/2409/2298
f 4636/2405/2294 4641/2410/2299 4637/2406/2295
f 4642/2411/2300 4637/2406/2295 4641/2410/2299
f 4641/2410/2299 4643/2412/2301 4642/2411/2300
f 4643/2412/2301 4641/2410/2299 4644/2413/2302
f 4644/2413/2302 4645/2414/2303 4643/2412/2301
f 4645/2414/2303 4644/2413/2302 4639/2408/2297
f 4644/2413/2302 4640/2409/2298 4639/2408/2297
f 4640/2409/2298 4644/2413/2302 4641/2410/2299
f 4631/2400/2289 4646/2415/2304 4632/2401/2290
f 4647/2416/2305 4632/2401/2290 4646/2415/2304
f 4646/2415/2304 4648/2417/2306 4647/2416/2305
f 4648/2417/2306 4646/2415/2304 4649/2418/2307
f 4649/2418/2307 4650/2419/2308 4648/2417/2306
f 4650/2419/2308 4649/2418/2307 4651/2420/2309
f 4651/2420/2309 4652/2421/2310 4650/2419/2308
f 4653/2422/2311 4654/2423/2312 4655/2424/2313
f 4655/2424/2313 4656/2425/2314 4653/2422/2311
f 4657/2426/2315 4658/2427/2316 4659/2428/2317
f 4659/2428/2317 4660/2429/2318 4657/2426/2315
f 4661/2430/2319 4662/2431/2320 4663/2432/2321
f 4663/2432/2321 4664/2433/2322 4661/2430/2319
f 4664/2433/2322 4663/2432/2321 4665/2434/2323
f 4666/2435/2324 4664/2433/2322 4665/2434/2323
f 4667/2436/2325 4664/2433/2322 4666/2435/2324
f 4666/2435/2324 4668/2437/2326 4667/2436/2325
f 4667/2436/2325 4668/2437/2326 4669/2438/2327
f 4669/2438/2327 4670/2439/2328 4667/2436/2325
f 4671/2440/2329 4670/2439/2328 4669/2438/2327
f 4666/2435/2324 4665/2434/2323 4672/2441/2330
f 4666/2435/2324 4672/2441/2330 4673/2442/2331
f 4673/2442/2331 4674/2443/2332 4666/2435/2324
f 4666/2435/2324 4674/2443/2332 4675/2444/2333
f 4675/2444/2333 4668/2437/2326 4666/2435/2324
f 4668/2437/2326 4675/2444/2333 4676/2445/2334
f 4676/2445/2334 4669/2438/2327 4668/2437/2326
f 4677/2446/2335 4669/2438/2327 4676/2445/2334
f 4669/2438/2327 4677/2446/2335 4671/2440/2329
f 4678/2447/2336 4671/2440/2329 4677/2446/2335
f 4677/2446/2335 4679/2448/2337 4678/2447/2336
f 4680/2449/2338 4678/2447/2336 4679/2448/2337
f 4674/2443/2332 4673/2442/2331 4681/2450/2339
f 4682/2451/2340 4674/2443/2332 4681/2450/2339
f 4674/2443/2332 4682/2451/2340 4683/2452/2341
f 4683/2452/2341 4675/2444/2333 4674/2443/2332
f 4676/2445/2334 4675/2444/2333 4683/2452/2341
f 4683/2452/2341 4684/2453/2342 4676/2445/2334
f 4685/2454/2343 4676/2445/2334 4684/2453/2342
f 4676/2445/2334 4685/2454/2343 4677/2446/2335
f 4677/2446/2335 4685/2454/2343 4686/2455/2344
f 4686/2455/2344 4679/2448/2337 4677/2446/2335
f 4682/2451/2340 4681/2450/2339 4687/2456/2345
f 4682/2451/2340 4687/2456/2345 4688/2457/2346
f 4688/2457/2346 4689/2458/2347 4682/2451/2340
f 4684/2453/2342 4690/2459/2348 4685/2454/2343
f 4685/2454/2343 4690/2459/2348 4691/2460/2349
f 4691/2460/2349 4686/2455/2344 4685/2454/2343
f 4686/2455/2344 4691/2460/2349 4692/2461/2350
f 4692/2461/2350 4693/2462/2351 4686/2455/2344
f 4679/2448/2337 4686/2455/2344 4693/2462/2351
f 4693/2462/2351 4694/2463/2352 4679/2448/2337
f 4679/2448/2337 4694/2463/2352 4680/2449/2338
f 4680/2449/2338 4694/2463/2352 4695/2464/2353
f 4695/2464/2353 4696/2465/2354 4680/2449/2338
f 4696/2465/2354 4695/2464/2353 4697/2466/2355
f 4693/2462/2351 4692/2461/2350 4698/2467/2356
f 4698/2467/2356 4699/2468/2357 4693/2462/2351
f 4694/2463/2352 4693/2462/2351 4699/2468/2357
f 4699/2468/2357 4695/2464/2353 4694/2463/2352
f 4695/2464/2353 4699/2468/2357 4697/2466/2355
f 4699/2468/2357 4698/2467/2356 4697/2466/2355
f 4700/2469/2358 4701/2470/2359 4702/2471/2360
f 4702/2471/2360 4701/2470/2359 4703/2472/2361
f 4704/2473/2362 4705/2474/2363 4706/2475/2364
f 4706/2475/2364 4707/2476/2365 4704/2473/2362
f 4704/2473/2362 4707/2476/2365 4708/2477/2366
f 4708/2477/2366 4709/2478/2367 4704/2473/2362
f 4710/2479/2368 4709/2478/2367 4708/2477/2366
f 4708/2477/2366 4711/2480/2369 4710/2479/2368
f 4710/2479/2368 4711/2480/2369 4712/2481/2370
f 4712/2481/2370 4713/2482/2371 4710/2479/2368
f 4708/2477/2366 4707/2476/2365 4714/2483/2372
f 4714/2483/2372 4715/2484/2373 4708/2477/2366
f 4708/2477/2366 4715/2484/2373 4716/2485/2374
f 4716/2485/2374 4711/2480/2369 4708/2477/2366
f 4712/2481/2370 4711/2480/2369 4716/2485/2374
f 4716/2485/2374 4717/2486/2375 4712/2481/2370
f 4712/2481/2370 4717/2486/2375 4718/2487/2376
f 4718/2487/2376 4719/2488/2377 4712/2481/2370
f 4712/2481/2370 4719/2488/2377 4720/2489/2378
f 4720/2489/2378 4713/2482/2371 4712/2481/2370
f 4721/2490/2379 4713/2482/2371 4720/2489/2378
f 4722/2491/2380 4715/2484/2373 4714/2483/2372
f 4716/2485/2374 4715/2484/2373 4722/2491/2380
f 4722/2491/2380 4723/2492/2381 4716/2485/2374
f 4716/2485/2374 4723/2492/2381 4724/2493/2382
f 4724/2493/2382 4717/2486/2375 4716/2485/2374
f 4718/2487/2376 4717/2486/2375 4724/2493/2382
f 4714/2483/2372 4725/2494/2383 4722/2491/2380
f 4722/2491/2380 4725/2494/2383 4726/2495/2384
f 4726/2495/2384 4727/2496/2385 4722/2491/2380
f 4722/2491/2380 4727/2496/2385 4728/2497/2386
f 4728/2497/2386 4723/2492/2381 4722/2491/2380
f 4724/2493/2382 4723/2492/2381 4728/2497/2386
f 4729/2498/2387 4725/2494/2383 4714/2483/2372
f 4726/2495/2384 4725/2494/2383 4729/2498/2387
f 4729/2498/2387 4730/2499/2388 4726/2495/2384
f 4726/2495/2384 4730/2499/2388 4731/2500/2389
f 4731/2500/2389 4732/2501/2390 4726/2495/2384
f 4726/2495/2384 4732/2501/2390 4733/2502/2391
f 4733/2502/2391 4727/2496/2385 4726/2495/2384
f 4714/2483/2372 4734/2503/2392 4729/2498/2387
f 4729/2498/2387 4734/2503/2392 4735/2504/2393
f 4735/2504/2393 4736/2505/2394 4729/2498/2387
f 4729/2498/2387 4736/2505/2394 4737/2506/2395
f 4737/2506/2395 4730/2499/2388 4729/2498/2387
f 4731/2500/2389 4730/2499/2388 4737/2506/2395
f 4737/2506/2395 4738/2507/2396 4731/2500/2389
f 4739/2508/2397 4738/2507/2396 4737/2506/2395
f 4735/2504/2393 4734/2503/2392 4740/2475/2398
f 4740/2475/2398 4741/2509/2399 4735/2504/2393
f 4742/2510/2400 4743/2470/2401 4744/2469/2402
f 4744/2469/2402 4745/2511/2403 4742/2510/2400
f 4746/2512/2404 4745/2511/2403 4744/2469/2402
f 4747/2513/2405 4745/2511/2403 4746/2512/2404
f 4746/2512/2404 4748/2514/2406 4747/2513/2405
f 4747/2513/2405 4748/2514/2406 4749/2515/2407
f 4749/2515/2407 4750/2516/2408 4747/2513/2405
f 4747/2513/2405 4750/2516/2408 4751/2517/2409
f 4751/2517/2409 4752/2518/2410 4747/2513/2405
f 4744/2469/2402 4753/2519/2411 4746/2512/2404
f 4753/2519/2411 4744/2469/2402 4754/2520/2412
f 4754/2520/2412 4755/2521/2413 4753/2519/2411
f 4755/2521/2413 4754/2520/2412 4756/2522/2414
f 4756/2522/2414 4757/2523/2415 4755/2521/2413
f 4758/2524/2416 4757/2523/2415 4756/2522/2414
f 4754/2520/2412 4744/2469/2402 4759/2471/2417
f 4759/2471/2417 4760/2525/2418 4754/2520/2412
f 4761/2509/2419 4760/2525/2418 4759/2471/2417
f 4759/2471/2417 4762/2472/2420 4761/2509/2419
f 4756/2522/2414 4763/2526/2421 4758/2524/2416
f 4758/2524/2416 4763/2526/2421 4764/2527/2422
f 4764/2527/2422 4765/2528/2423 4758/2524/2416
f 4766/2529/2424 4765/2528/2423 4764/2527/2422
f 4764/2527/2422 4767/2530/2425 4766/2529/2424
f 4766/2529/2424 4767/2530/2425 4721/2490/2379
f 4721/2490/2379 4768/2531/2426 4766/2529/2424
f 4769/2532/2427 4768/2531/2426 4721/2490/2379
f 4721/2490/2379 4770/2533/2428 4769/2532/2427
f 4769/2532/2427 4770/2533/2428 4771/2534/2429
f 4771/2534/2429 4772/2535/2430 4769/2532/2427
f 4773/2536/2431 4772/2535/2430 4771/2534/2429
f 4771/2534/2429 4774/2537/2432 4773/2536/2431
f 4773/2536/2431 4774/2537/2432 4775/2538/2433
f 4775/2538/2433 4776/2539/2434 4773/2536/2431
f 4720/2489/2378 4770/2533/2428 4721/2490/2379
f 4771/2534/2429 4770/2533/2428 4720/2489/2378
f 4720/2489/2378 4777/2540/2435 4771/2534/2429
f 4771/2534/2429 4777/2540/2435 4778/2541/2436
f 4778/2541/2436 4774/2537/2432 4771/2534/2429
f 4775/2538/2433 4774/2537/2432 4778/2541/2436
f 4778/2541/2436 4779/2542/2437 4775/2538/2433
f 4775/2538/2433 4779/2542/2437 4780/2543/2438
f 4780/2543/2438 4781/2544/2439 4775/2538/2433
f 4775/2538/2433 4781/2544/2439 4782/2545/2440
f 4782/2545/2440 4776/2539/2434 4775/2538/2433
f 4783/2546/2441 4777/2540/2435 4720/2489/2378
f 4778/2541/2436 4777/2540/2435 4783/2546/2441
f 4783/2546/2441 4784/2547/2442 4778/2541/2436
f 4778/2541/2436 4784/2547/2442 4785/2548/2443
f 4785/2548/2443 4779/2542/2437 4778/2541/2436
f 4780/2543/2438 4779/2542/2437 4785/2548/2443
f 4720/2489/2378 4719/2488/2377 4783/2546/2441
f 4783/2546/2441 4719/2488/2377 4718/2487/2376
f 4718/2487/2376 4786/2549/2444 4783/2546/2441
f 4783/2546/2441 4786/2549/2444 4787/2550/2445
f 4787/2550/2445 4784/2547/2442 4783/2546/2441
f 4785/2548/2443 4784/2547/2442 4787/2550/2445
f 4787/2550/2445 4788/2551/2446 4785/2548/2443
f 4785/2548/2443 4788/2551/2446 4789/2552/2447
f 4789/2552/2447 4790/2553/2448 4785/2548/2443
f 4785/2548/2443 4790/2553/2448 4780/2543/2438
f 4791/2554/2449 4786/2549/2444 4718/2487/2376
f 4787/2550/2445 4786/2549/2444 4791/2554/2449
f 4791/2554/2449 4792/2555/2450 4787/2550/2445
f 4787/2550/2445 4792/2555/2450 4793/2556/2451
f 4793/2556/2451 4788/2551/2446 4787/2550/2445
f 4789/2552/2447 4788/2551/2446 4793/2556/2451
f 4718/2487/2376 4794/2557/2452 4791/2554/2449
f 4791/2554/2449 4794/2557/2452 4795/2558/2453
f 4795/2558/2453 4796/2559/2454 4791/2554/2449
f 4791/2554/2449 4796/2559/2454 4797/2560/2455
f 4797/2560/2455 4792/2555/2450 4791/2554/2449
f 4793/2556/2451 4792/2555/2450 4797/2560/2455
f 4724/2493/2382 4794/2557/2452 4718/2487/2376
f 4795/2558/2453 4794/2557/2452 4724/2493/2382
f 4724/2493/2382 4798/2561/2456 4795/2558/2453
f 4795/2558/2453 4798/2561/2456 4799/2562/2457
f 4799/2562/2457 4798/2561/2456 4728/2497/2386
f 4728/2497/2386 4798/2561/2456 4724/2493/2382
f 4800/2563/2458 4796/2559/2454 4795/2558/2453
f 4797/2560/2455 4796/2559/2454 4800/2563/2458
f 4800/2563/2458 4801/2564/2459 4797/2560/2455
f 4797/2560/2455 4801/2564/2459 4802/2565/2460
f 4802/2565/2460 4803/2566/2461 4797/2560/2455
f 4797/2560/2455 4803/2566/2461 4793/2556/2451
f 4793/2556/2451 4803/2566/2461 4804/2567/2462
f 4804/2567/2462 4805/2568/2463 4793/2556/2451
f 4793/2556/2451 4805/2568/2463 4789/2552/2447
f 4804/2567/2462 4803/2566/2461 4802/2565/2460
f 4802/2565/2460 4806/2569/2464 4804/2567/2462
f 4804/2567/2462 4806/2569/2464 4807/2570/2465
f 4807/2570/2465 4808/2571/2466 4804/2567/2462
f 4804/2567/2462 4808/2571/2466 4809/2572/2467
f 4809/2572/2467 4805/2568/2463 4804/2567/2462
f 4789/2552/2447 4805/2568/2463 4809/2572/2467
f 4809/2572/2467 4810/2573/2468 4789/2552/2447
f 4789/2552/2447 4810/2573/2468 4811/2574/2469
f 4811/2574/2469 4790/2553/2448 4789/2552/2447
f 4780/2543/2438 4790/2553/2448 4811/2574/2469
f 4812/2575/2470 4808/2571/2466 4807/2570/2465
f 4809/2572/2467 4808/2571/2466 4812/2575/2470
f 4812/2575/2470 4813/2576/2471 4809/2572/2467
f 4809/2572/2467 4813/2576/2471 4814/2577/2472
f 4814/2577/2472 4810/2573/2468 4809/2572/2467
f 4811/2574/2469 4810/2573/2468 4814/2577/2472
f 4814/2577/2472 4815/2578/2473 4811/2574/2469
f 4811/2574/2469 4815/2578/2473 4816/2579/2474
f 4816/2579/2474 4817/2580/2475 4811/2574/2469
f 4811/2574/2469 4817/2580/2475 4780/2543/2438
f 4807/2570/2465 4818/2581/2476 4812/2575/2470
f 4812/2575/2470 4818/2581/2476 4819/2582/2477
f 4819/2582/2477 4820/2583/2478 4812/2575/2470
f 4812/2575/2470 4820/2583/2478 4821/2584/2479
f 4821/2584/2479 4813/2576/2471 4812/2575/2470
f 4814/2577/2472 4813/2576/2471 4821/2584/2479
f 4821/2584/2479 4822/2585/2480 4814/2577/2472
f 4814/2577/2472 4822/2585/2480 4823/2586/2481
f 4823/2586/2481 4815/2578/2473 4814/2577/2472
f 4816/2579/2474 4815/2578/2473 4823/2586/2481
f 4824/2575/2482 4818/2581/2476 4807/2570/2465
f 4819/2582/2477 4818/2581/2476 4824/2575/2482
f 4824/2575/2482 4825/2583/2483 4819/2582/2477
f 4807/2570/2465 4826/2571/2484 4824/2575/2482
f 4827/2567/2485 4826/2571/2484 4807/2570/2465
f 4807/2570/2465 4828/2569/2486 4827/2567/2485
f 4827/2567/2485 4828/2569/2486 4829/2565/2487
f 4829/2565/2487 4830/2566/2488 4827/2567/2485
f 4831/2587/2489 4830/2566/2488 4829/2565/2487
f 4829/2565/2487 4832/2564/2490 4831/2587/2489
f 4831/2587/2489 4832/2564/2490 4833/2563/2491
f 4833/2563/2491 4834/2588/2492 4831/2587/2489
f 4835/2589/2493 4834/2588/2492 4833/2563/2491
f 4821/2584/2479 4820/2583/2478 4836/2590/2494
f 4836/2590/2494 4822/2585/2480 4821/2584/2479
f 4823/2586/2481 4822/2585/2480 4836/2590/2494
f 4836/2590/2494 4837/2591/2495 4823/2586/2481
f 4823/2586/2481 4837/2591/2495 4838/2592/2496
f 4838/2592/2496 4839/2593/2497 4823/2586/2481
f 4823/2586/2481 4839/2593/2497 4816/2579/2474
f 4816/2579/2474 4839/2593/2497 4840/2594/2498
f 4840/2594/2498 4841/2595/2499 4816/2579/2474
f 4816/2579/2474 4841/2595/2499 4842/2596/2500
f 4842/2596/2500 4817/2580/2475 4816/2579/2474
f 4780/2543/2438 4817/2580/2475 4842/2596/2500
f 4840/2594/2498 4839/2593/2497 4838/2592/2496
f 4838/2592/2496 4843/2597/2501 4840/2594/2498
f 4840/2594/2498 4843/2597/2501 4844/2598/2502
f 4844/2598/2502 4841/2595/2499 4840/2594/2498
f 4842/2596/2500 4841/2595/2499 4844/2598/2502
f 4844/2598/2502 4845/2599/2503 4842/2596/2500
f 4842/2596/2500 4845/2599/2503 4782/2545/2440
f 4782/2545/2440 4781/2544/2439 4842/2596/2500
f 4842/2596/2500 4781/2544/2439 4780/2543/2438
f 4846/2600/2504 4752/2518/2410 4751/2517/2409
f 4751/2517/2409 4847/2601/2505 4846/2600/2504
f 4848/2602/2506 4847/2601/2505 4751/2517/2409
f 4849/2603/2507 4847/2601/2505 4848/2602/2506
f 4848/2602/2506 4850/2604/2508 4849/2603/2507
f 4849/2603/2507 4850/2604/2508 4851/2605/2509
f 4851/2605/2509 4852/2606/2510 4849/2603/2507
f 4849/2603/2507 4852/2606/2510 4853/2607/2511
f 4853/2607/2511 4854/2608/2512 4849/2603/2507
f 4751/2517/2409 4855/2609/2513 4848/2602/2506
f 4856/2610/2514 4848/2602/2506 4855/2609/2513
f 4857/2611/2515 4848/2602/2506 4856/2610/2514
f 4857/2611/2515 4858/2612/2516 4848/2602/2506
f 4848/2602/2506 4858/2612/2516 4859/2613/2517
f 4859/2613/2517 4850/2604/2508 4848/2602/2506
f 4851/2605/2509 4850/2604/2508 4859/2613/2517
f 4860/2614/2518 4855/2609/2513 4751/2517/2409
f 4860/2614/2518 4861/2615/2519 4855/2609/2513
f 4855/2609/2513 4861/2615/2519 4856/2610/2514
f 4856/2610/2514 4861/2615/2519 4862/2616/2520
f 4862/2616/2520 4863/2617/2521 4856/2610/2514
f 4856/2610/2514 4863/2617/2521 4864/2618/2522
f 4864/2618/2522 4857/2611/2515 4856/2610/2514
f 4858/2612/2516 4857/2611/2515 4864/2618/2522
f 4864/2618/2522 4865/2619/2523 4858/2612/2516
f 4858/2612/2516 4865/2619/2523 4859/2613/2517
f 4751/2517/2409 4750/2516/2408 4860/2614/2518
f 4860/2614/2518 4750/2516/2408 4749/2515/2407
f 4749/2515/2407 4866/2620/2524 4860/2614/2518
f 4860/2614/2518 4866/2620/2524 4867/2621/2525
f 4867/2621/2525 4868/2622/2526 4860/2614/2518
f 4860/2614/2518 4868/2622/2526 4862/2616/2520
f 4862/2616/2520 4861/2615/2519 4860/2614/2518
f 4869/2623/2527 4868/2622/2526 4867/2621/2525
f 4862/2616/2520 4868/2622/2526 4869/2623/2527
f 4869/2623/2527 4870/2624/2528 4862/2616/2520
f 4862/2616/2520 4870/2624/2528 4871/2625/2529
f 4871/2625/2529 4863/2617/2521 4862/2616/2520
f 4867/2621/2525 4872/2626/2530 4869/2623/2527
f 4869/2623/2527 4872/2626/2530 4873/2627/2531
f 4873/2627/2531 4870/2624/2528 4869/2623/2527
f 4871/2625/2529 4870/2624/2528 4873/2627/2531
f 4873/2627/2531 4874/2628/2532 4871/2625/2529
f 4871/2625/2529 4874/2628/2532 4875/2629/2533
f 4875/2629/2533 4876/2630/2534 4871/2625/2529
f 4877/2631/2535 4876/2630/2534 4875/2629/2533
f 4864/2618/2522 4876/2630/2534 4877/2631/2535
f 4877/2631/2535 4865/2619/2523 4864/2618/2522
f 4877/2631/2535 4878/2632/2536 4865/2619/2523
f 4865/2619/2523 4878/2632/2536 4879/2633/2537
f 4859/2613/2517 4865/2619/2523 4879/2633/2537
f 4875/2629/2533 4880/2634/2538 4877/2631/2535
f 4877/2631/2535 4880/2634/2538 4881/2635/2539
f 4881/2635/2539 4878/2632/2536 4877/2631/2535
f 4879/2633/2537 4878/2632/2536 4881/2635/2539
f 4881/2635/2539 4882/2636/2540 4879/2633/2537
f 4879/2633/2537 4882/2636/2540 4883/2637/2541
f 4883/2637/2541 4884/2638/2542 4879/2633/2537
f 4879/2633/2537 4884/2638/2542 4885/2639/2543
f 4885/2639/2543 4886/2640/2544 4879/2633/2537
f 4879/2633/2537 4886/2640/2544 4859/2613/2517
f 4859/2613/2517 4886/2640/2544 4851/2605/2509
f 4887/2641/2545 4884/2638/2542 4883/2637/2541
f 4885/2639/2543 4884/2638/2542 4887/2641/2545
f 4887/2641/2545 4888/2642/2546 4885/2639/2543
f 4885/2639/2543 4888/2642/2546 4889/2643/2547
f 4889/2643/2547 4890/2644/2548 4885/2639/2543
f 4885/2639/2543 4890/2644/2548 4851/2605/2509
f 4851/2605/2509 4886/2640/2544 4885/2639/2543
f 4883/2637/2541 4891/2645/2549 4887/2641/2545
f 4887/2641/2545 4891/2645/2549 4892/2646/2550
f 4892/2646/2550 4893/2647/2551 4887/2641/2545
f 4887/2641/2545 4893/2647/2551 4894/2648/2552
f 4894/2648/2552 4888/2642/2546 4887/2641/2545
f 4889/2643/2547 4888/2642/2546 4894/2648/2552
f 4894/2648/2552 4895/2649/2553 4889/2643/2547
f 4889/2643/2547 4895/2649/2553 4896/2650/2554
f 4896/2650/2554 4897/2651/2555 4889/2643/2547
f 4889/2643/2547 4897/2651/2555 4898/2652/2556
f 4898/2652/2556 4890/2644/2548 4889/2643/2547
f 4851/2605/2509 4890/2644/2548 4898/2652/2556
f 4899/2653/2557 4893/2647/2551 4892/2646/2550
f 4894/2648/2552 4893/2647/2551 4899/2653/2557
f 4899/2653/2557 4900/2654/2558 4894/2648/2552
f 4894/2648/2552 4900/2654/2558 4901/2655/2559
f 4901/2655/2559 4895/2649/2553 4894/2648/2552
f 4896/2650/2554 4895/2649/2553 4901/2655/2559
f 4892/2646/2550 4902/2656/2560 4899/2653/2557
f 4899/2653/2557 4902/2656/2560 4903/2657/2561
f 4903/2657/2561 4904/2658/2562 4899/2653/2557
f 4899/2653/2557 4904/2658/2562 4905/2659/2563
f 4905/2659/2563 4900/2654/2558 4899/2653/2557
f 4901/2655/2559 4900/2654/2558 4905/2659/2563
f 4905/2659/2563 4906/2660/2564 4901/2655/2559
f 4901/2655/2559 4906/2660/2564 4907/2661/2565
f 4907/2661/2565 4908/2662/2566 4901/2655/2559
f 4901/2655/2559 4908/2662/2566 4896/2650/2554
f 4909/2663/2567 4904/2658/2562 4903/2657/2561
f 4905/2659/2563 4904/2658/2562 4909/2663/2567
f 4909/2663/2567 4910/2664/2568 4905/2659/2563
f 4905/2659/2563 4910/2664/2568 4911/2665/2569
f 4911/2665/2569 4906/2660/2564 4905/2659/2563
f 4907/2661/2565 4906/2660/2564 4911/2665/2569
f 4903/2657/2561 4912/2666/2570 4909/2663/2567
f 4909/2663/2567 4912/2666/2570 4913/2667/2571
f 4913/2667/2571 4910/2664/2568 4909/2663/2567
f 4911/2665/2569 4910/2664/2568 4913/2667/2571
f 4913/2667/2571 4914/2668/2572 4911/2665/2569
f 4911/2665/2569 4914/2668/2572 4907/2661/2565
f 4907/2661/2565 4914/2668/2572 4915/2669/2573
f 4915/2669/2573 4916/2670/2574 4907/2661/2565
f 4907/2661/2565 4916/2670/2574 4917/2671/2575
f 4917/2671/2575 4908/2662/2566 4907/2661/2565
f 4896/2650/2554 4908/2662/2566 4917/2671/2575
f 4917/2671/2575 4918/2672/2576 4896/2650/2554
f 4896/2650/2554 4918/2672/2576 4919/2673/2577
f 4919/2673/2577 4897/2651/2555 4896/2650/2554
f 4915/2669/2573 4914/2668/2572 4913/2667/2571
f 4898/2652/2556 4897/2651/2555 4919/2673/2577
f 4919/2673/2577 4920/2674/2578 4898/2652/2556
f 4898/2652/2556 4920/2674/2578 4921/2675/2579
f 4921/2675/2579 4922/2676/2580 4898/2652/2556
f 4898/2652/2556 4922/2676/2580 4851/2605/2509
f 4851/2605/2509 4922/2676/2580 4923/2677/2581
f 4923/2677/2581 4852/2606/2510 4851/2605/2509
f 4853/2607/2511 4852/2606/2510 4923/2677/2581
f 4923/2677/2581 4922/2676/2580 4921/2675/2579
f 4921/2675/2579 4924/2678/2582 4923/2677/2581
f 4923/2677/2581 4924/2678/2582 4925/2679/2583
f 4925/2679/2583 4926/2680/2584 4923/2677/2581
f 4923/2677/2581 4926/2680/2584 4853/2607/2511
f 4853/2607/2511 4926/2680/2584 4927/2681/2585
f 4927/2681/2585 4928/2682/2586 4853/2607/2511
f 4853/2607/2511 4928/2682/2586 4929/2683/2587
f 4929/2683/2587 4854/2608/2512 4853/2607/2511
f 4927/2681/2585 4926/2680/2584 4925/2679/2583
f 4925/2679/2583 4930/2684/2588 4927/2681/2585
f 4927/2681/2585 4930/2684/2588 4739/2508/2397
f 4739/2508/2397 4931/2685/2589 4927/2681/2585
f 4927/2681/2585 4931/2685/2589 4932/2686/2590
f 4932/2686/2590 4928/2682/2586 4927/2681/2585
f 4929/2683/2587 4928/2682/2586 4932/2686/2590
f 4932/2686/2590 4933/2687/2591 4929/2683/2587
f 4932/2686/2590 4735/2504/2393 4933/2687/2591
f 4932/2686/2590 4736/2505/2394 4735/2504/2393
f 4737/2506/2395 4736/2505/2394 4932/2686/2590
f 4737/2506/2395 4931/2685/2589 4739/2508/2397
f 4932/2686/2590 4931/2685/2589 4737/2506/2395
f 4934/2688/2592 4935/2689/2593 4936/2690/2594
f 4936/2690/2594 4937/2691/2595 4934/2688/2592
f 4938/2692/2596 4939/2693/2597 4940/2694/2598
f 4940/2694/2598 4941/2695/2599 4938/2692/2596
f 4942/2696/2600 4938/2692/2596 4941/2695/2599
f 4943/2697/2601 4938/2692/2596 4942/2696/2600
f 4942/2696/2600 4944/2698/2602 4943/2697/2601
f 4945/2699/2603 4943/2697/2601 4944/2698/2602
f 4943/2697/2601 4945/2699/2603 4946/2700/2604
f 4946/2700/2604 4947/2701/2605 4943/2697/2601
f 4941/2695/2599 4940/2694/2598 4948/2702/2606
f 4948/2702/2606 4949/2703/2607 4941/2695/2599
f 4950/2704/2608 4941/2695/2599 4949/2703/2607
f 4941/2695/2599 4950/2704/2608 4942/2696/2600
f 4949/2703/2607 4951/2705/2609 4950/2704/2608
f 4952/2706/2610 4951/2705/2609 4949/2703/2607
f 4949/2703/2607 4953/2707/2611 4952/2706/2610
f 4952/2706/2610 4953/2707/2611 4954/2708/2612
f 4954/2708/2612 4955/2709/2613 4952/2706/2610
f 4956/2710/2614 4952/2706/2610 4955/2709/2613
f 4955/2709/2613 4957/2711/2615 4956/2710/2614
f 4958/2712/2616 4956/2710/2614 4957/2711/2615
f 4957/2711/2615 4959/2713/2617 4958/2712/2616
f 4959/2713/2617 4957/2711/2615 4960/2714/2618
f 4961/2715/2619 4954/2708/2612 4953/2707/2611
f 4954/2708/2612 4961/2715/2619 4960/2714/2618
f 4955/2709/2613 4954/2708/2612 4960/2714/2618
f 4957/2711/2615 4955/2709/2613 4960/2714/2618
f 4953/2707/2611 4962/2716/2620 4961/2715/2619
f 4963/2717/2621 4961/2715/2619 4962/2716/2620
f 4961/2715/2619 4963/2717/2621 4960/2714/2618
f 4963/2717/2621 4964/2717/2622 4960/2714/2618
f 4964/2717/2622 4963/2717/2621 4965/2718/2623
f 4965/2718/2623 4966/2718/2624 4964/2717/2622
f 4967/2719/2625 4966/2718/2624 4965/2718/2623
f 4962/2716/2620 4965/2718/2623 4963/2717/2621
f 4968/2719/2626 4965/2718/2623 4962/2716/2620
f 4965/2718/2623 4968/2719/2626 4967/2719/2625
f 4967/2719/2625 4968/2719/2626 4969/2720/2627
f 4969/2720/2627 4970/2720/2627 4967/2719/2625
f 4962/2716/2620 4971/2702/2628 4968/2719/2626
f 4944/2698/2602 4972/2721/2629 4945/2699/2603
f 4945/2699/2603 4972/2721/2629 4973/2722/2630
f 4946/2700/2604 4945/2699/2603 4973/2722/2630
f 4974/2723/2631 4946/2700/2604 4973/2722/2630
f 4947/2701/2605 4946/2700/2604 4974/2723/2631
f 4974/2723/2631 4975/2724/2632 4947/2701/2605
f 4976/2693/2633 4947/2701/2605 4975/2724/2632
f 4975/2724/2632 4977/2725/2634 4976/2693/2633
f 4972/2721/2629 4978/2726/2635 4973/2722/2630
f 4978/2726/2635 4979/2727/2636 4973/2722/2630
f 4980/2728/2637 4979/2727/2636 4978/2726/2635
f 4978/2726/2635 4981/2729/2637 4980/2728/2637
f 4982/2723/2638 4974/2723/2631 4973/2722/2630
f 4975/2724/2632 4974/2723/2631 4982/2723/2638
f 4982/2723/2638 4983/2724/2639 4975/2724/2632
f 4977/2725/2634 4975/2724/2632 4983/2724/2639
f 4983/2724/2639 4984/2725/2640 4977/2725/2634
f 4977/2725/2634 4984/2725/2640 4985/2720/2641
f 4985/2720/2641 4986/2720/2641 4977/2725/2634
f 4944/2698/2602 4942/2696/2600 4987/2730/2642
f 4987/2730/2642 4988/2729/2642 4944/2698/2602
f 4989/2731/2643 4990/2690/2644 4991/2732/2645
f 4991/2732/2645 4992/2733/2646 4989/2731/2643
f 4989/2731/2643 4992/2733/2646 4993/2734/2647
f 4993/2734/2647 4994/2735/2648 4989/2731/2643
f 4989/2731/2643 4994/2735/2648 4995/2736/2649
f 4993/2734/2647 4992/2733/2646 4996/2737/2650
f 4996/2737/2650 4997/2738/2651 4993/2734/2647
f 4993/2734/2647 4997/2738/2651 4998/2739/2652
f 4998/2739/2652 4999/2740/2653 4993/2734/2647
f 4993/2734/2647 4999/2740/2653 5000/2741/2654
f 5000/2741/2654 4994/2735/2648 4993/2734/2647
f 4995/2736/2649 4994/2735/2648 5000/2741/2654
f 5001/2742/2655 4997/2738/2651 4996/2737/2650
f 4998/2739/2652 4997/2738/2651 5001/2742/2655
f 5001/2742/2655 5002/2743/2656 4998/2739/2652
f 4998/2739/2652 5002/2743/2656 5003/2744/2657
f 5003/2744/2657 5004/2745/2658 4998/2739/2652
f 4998/2739/2652 5004/2745/2658 5005/2746/2659
f 5005/2746/2659 4999/2740/2653 4998/2739/2652
f 5000/2741/2654 4999/2740/2653 5005/2746/2659
f 4996/2737/2650 5006/2747/2660 5001/2742/2655
f 5001/2742/2655 5006/2747/2660 5007/2748/2661
f 5007/2748/2661 5008/2749/2662 5001/2742/2655
f 5001/2742/2655 5008/2749/2662 5009/2750/2663
f 5009/2750/2663 5002/2743/2656 5001/2742/2655
f 5010/2751/2664 5006/2747/2660 4996/2737/2650
f 5007/2748/2661 5006/2747/2660 5010/2751/2664
f 5010/2751/2664 5011/2752/2665 5007/2748/2661
f 5007/2748/2661 5011/2752/2665 5012/2753/2666
f 5012/2753/2666 5013/2754/2667 5007/2748/2661
f 5007/2748/2661 5013/2754/2667 5014/2755/2668
f 5014/2755/2668 5008/2749/2662 5007/2748/2661
f 5009/2750/2663 5008/2749/2662 5014/2755/2668
f 5014/2755/2668 5015/2756/2669 5009/2750/2663
f 5009/2750/2663 5015/2756/2669 5016/2757/2670
f 4996/2737/2650 5017/2758/2671 5010/2751/2664
f 5010/2751/2664 5017/2758/2671 5018/2759/2672
f 5018/2759/2672 5019/2760/2673 5010/2751/2664
f 5010/2751/2664 5019/2760/2673 5020/2761/2674
f 5020/2761/2674 5011/2752/2665 5010/2751/2664
f 5012/2753/2666 5011/2752/2665 5020/2761/2674
f 5018/2759/2672 5017/2758/2671 5021/2732/2675
f 5021/2732/2675 5022/2762/2676 5018/2759/2672
f 5018/2759/2672 5022/2762/2676 5023/2763/2677
f 5023/2763/2677 5024/2764/2678 5018/2759/2672
f 5025/2765/2679 5024/2764/2678 5023/2763/2677
f 5026/2766/2680 5024/2764/2678 5025/2765/2679
f 5025/2765/2679 5027/2767/2681 5026/2766/2680
f 5026/2766/2680 5027/2767/2681 5028/2768/2682
f 5028/2768/2682 5029/2769/2683 5026/2766/2680
f 5030/2770/2684 5029/2769/2683 5028/2768/2682
f 5023/2763/2677 5031/2771/2685 5025/2765/2679
f 5032/2772/2686 5031/2771/2685 5023/2763/2677
f 5023/2763/2677 5033/2773/2687 5032/2772/2686
f 5034/2774/2688 5032/2772/2686 5033/2773/2687
f 5033/2773/2687 5035/2775/2689 5034/2774/2688
f 5036/2776/2690 5034/2774/2688 5035/2775/2689
f 5035/2775/2689 5037/2777/2691 5036/2776/2690
f 5036/2776/2690 5037/2777/2691 5038/2778/2692
f 5038/2778/2692 5039/2779/2693 5036/2776/2690
f 5040/2780/2694 5039/2779/2693 5038/2778/2692
f 5038/2778/2692 5041/2781/2695 5040/2780/2694
f 5040/2780/2694 5041/2781/2695 5042/2782/2696
f 5042/2782/2696 5043/2783/2697 5040/2780/2694
f 5044/2784/2698 5043/2783/2697 5042/2782/2696
f 5042/2782/2696 5045/2785/2699 5044/2784/2698
f 5044/2784/2698 5045/2785/2699 5046/2786/2700
f 5046/2786/2700 5047/2787/2701 5044/2784/2698
f 5048/2788/2702 5047/2787/2701 5046/2786/2700
f 5046/2786/2700 5049/2789/2703 5048/2788/2702
f 5048/2788/2702 5049/2789/2703 5050/2790/2704
f 5050/2790/2704 5051/2791/2705 5048/2788/2702
f 5052/2792/2706 5045/2785/2699 5042/2782/2696
f 5046/2786/2700 5045/2785/2699 5052/2792/2706
f 5052/2792/2706 5049/2789/2703 5046/2786/2700
f 5050/2790/2704 5049/2789/2703 5052/2792/2706
f 5052/2792/2706 5053/2793/2707 5050/2790/2704
f 5042/2782/2696 5054/2794/2708 5052/2792/2706
f 5055/2795/2709 5054/2794/2708 5042/2782/2696
f 5028/2768/2682 5056/2796/2710 5030/2770/2684
f 5030/2770/2684 5056/2796/2710 5057/2797/2711
f 5057/2797/2711 5058/2798/2712 5030/2770/2684
f 5030/2770/2684 5058/2798/2712 5059/2799/2713
f 5059/2799/2713 5060/2800/2714 5030/2770/2684
f 5012/2753/2666 5060/2800/2714 5059/2799/2713
f 5020/2761/2674 5060/2800/2714 5012/2753/2666
f 5061/2801/2715 5058/2798/2712 5057/2797/2711
f 5059/2799/2713 5058/2798/2712 5061/2801/2715
f 5061/2801/2715 5062/2802/2716 5059/2799/2713
f 5059/2799/2713 5062/2802/2716 5063/2803/2717
f 5063/2803/2717 5064/2804/2718 5059/2799/2713
f 5059/2799/2713 5064/2804/2718 5012/2753/2666
f 5012/2753/2666 5064/2804/2718 5065/2805/2719
f 5065/2805/2719 5013/2754/2667 5012/2753/2666
f 5014/2755/2668 5013/2754/2667 5065/2805/2719
f 5057/2797/2711 5066/2806/2720 5061/2801/2715
f 5061/2801/2715 5066/2806/2720 5067/2807/2721
f 5067/2807/2721 5068/2808/2722 5061/2801/2715
f 5061/2801/2715 5068/2808/2722 5069/2809/2723
f 5069/2809/2723 5062/2802/2716 5061/2801/2715
f 5063/2803/2717 5062/2802/2716 5069/2809/2723
f 5069/2809/2723 5070/2810/2724 5063/2803/2717
f 5063/2803/2717 5070/2810/2724 5071/2811/2725
f 5071/2811/2725 5072/2812/2726 5063/2803/2717
f 5063/2803/2717 5072/2812/2726 5065/2805/2719
f 5065/2805/2719 5064/2804/2718 5063/2803/2717
f 5073/2813/2727 5068/2808/2722 5067/2807/2721
f 5069/2809/2723 5068/2808/2722 5073/2813/2727
f 5073/2813/2727 5074/2814/2728 5069/2809/2723
f 5069/2809/2723 5074/2814/2728 5075/2815/2729
f 5075/2815/2729 5070/2810/2724 5069/2809/2723
f 5071/2811/2725 5070/2810/2724 5075/2815/2729
f 5067/2807/2721 5076/2816/2730 5073/2813/2727
f 5073/2813/2727 5076/2816/2730 5077/2817/2731
f 5077/2817/2731 5078/2818/2732 5073/2813/2727
f 5073/2813/2727 5078/2818/2732 5079/2819/2733
f 5079/2819/2733 5074/2814/2728 5073/2813/2727
f 5075/2815/2729 5074/2814/2728 5079/2819/2733
f 5079/2819/2733 5080/2820/2734 5075/2815/2729
f 5075/2815/2729 5080/2820/2734 5081/2821/2735
f 5081/2821/2735 5082/2822/2736 5075/2815/2729
f 5075/2815/2729 5082/2822/2736 5071/2811/2725
f 5083/2823/2737 5078/2818/2732 5077/2817/2731
f 5079/2819/2733 5078/2818/2732 5083/2823/2737
f 5083/2823/2737 5084/2824/2738 5079/2819/2733
f 5079/2819/2733 5084/2824/2738 5085/2825/2739
f 5085/2825/2739 5080/2820/2734 5079/2819/2733
f 5081/2821/2735 5080/2820/2734 5085/2825/2739
f 5077/2817/2731 5086/2826/2740 5083/2823/2737
f 5083/2823/2737 5086/2826/2740 5087/2827/2741
f 5087/2827/2741 5088/2828/2742 5083/2823/2737
f 5083/2823/2737 5088/2828/2742 5089/2829/2743
f 5089/2829/2743 5084/2824/2738 5083/2823/2737
f 5085/2825/2739 5084/2824/2738 5089/2829/2743
f 5089/2829/2743 5090/2830/2744 5085/2825/2739
f 5085/2825/2739 5090/2830/2744 5091/2831/2745
f 5091/2831/2745 5092/2832/2746 5085/2825/2739
f 5085/2825/2739 5092/2832/2746 5081/2821/2735
f 5093/2833/2747 5088/2828/2742 5087/2827/2741
f 5089/2829/2743 5088/2828/2742 5093/2833/2747
f 5093/2833/2747 5094/2834/2748 5089/2829/2743
f 5089/2829/2743 5094/2834/2748 5095/2835/2749
f 5095/2835/2749 5090/2830/2744 5089/2829/2743
f 5091/2831/2745 5090/2830/2744 5095/2835/2749
f 5087/2827/2741 5096/2836/2750 5093/2833/2747
f 5093/2833/2747 5096/2836/2750 5097/2837/2751
f 5097/2837/2751 5094/2834/2748 5093/2833/2747
f 5095/2835/2749 5094/2834/2748 5097/2837/2751
f 5097/2837/2751 5098/2838/2752 5095/2835/2749
f 5095/2835/2749 5098/2838/2752 5099/2839/2753
f 5099/2839/2753 5100/2840/2754 5095/2835/2749
f 5095/2835/2749 5100/2840/2754 5091/2831/2745
f 5091/2831/2745 5100/2840/2754 5101/2841/2755
f 5101/2841/2755 5102/2842/2756 5091/2831/2745
f 5091/2831/2745 5102/2842/2756 5103/2843/2757
f 5103/2843/2757 5092/2832/2746 5091/2831/2745
f 5081/2821/2735 5092/2832/2746 5103/2843/2757
f 5101/2841/2755 5100/2840/2754 5099/2839/2753
f 5099/2839/2753 5104/2844/2758 5101/2841/2755
f 5101/2841/2755 5104/2844/2758 5105/2845/2759
f 5105/2845/2759 5102/2842/2756 5101/2841/2755
f 5103/2843/2757 5102/2842/2756 5105/2845/2759
f 5105/2845/2759 5106/2846/2760 5103/2843/2757
f 5103/2843/2757 5106/2846/2760 5107/2847/2761
f 5107/2847/2761 5108/2848/2762 5103/2843/2757
f 5103/2843/2757 5108/2848/2762 5081/2821/2735
f 5081/2821/2735 5108/2848/2762 5109/2849/2763
f 5109/2849/2763 5082/2822/2736 5081/2821/2735
f 5071/2811/2725 5082/2822/2736 5109/2849/2763
f 5105/2845/2759 5104/2844/2758 5110/2850/2764
f 5110/2850/2764 5111/2851/2765 5105/2845/2759
f 5105/2845/2759 5111/2851/2765 5112/2852/2766
f 5112/2852/2766 5106/2846/2760 5105/2845/2759
f 5107/2847/2761 5106/2846/2760 5112/2852/2766
f 5112/2852/2766 5113/2853/2767 5107/2847/2761
f 5107/2847/2761 5113/2853/2767 5114/2854/2768
f 5114/2854/2768 5115/2855/2769 5107/2847/2761
f 5107/2847/2761 5115/2855/2769 5109/2849/2763
f 5109/2849/2763 5108/2848/2762 5107/2847/2761
f 5116/2845/2770 5111/2851/2765 5110/2850/2764
f 5112/2852/2766 5111/2851/2765 5116/2845/2770
f 5116/2845/2770 5117/2846/2771 5112/2852/2766
f 5112/2852/2766 5117/2846/2771 5118/2847/2772
f 5118/2847/2772 5119/2853/2773 5112/2852/2766
f 5120/2854/2774 5119/2853/2773 5118/2847/2772
f 5110/2850/2764 5121/2844/2775 5116/2845/2770
f 5118/2847/2772 5122/2855/2776 5120/2854/2774
f 5120/2854/2774 5122/2855/2776 5123/2856/2777
f 5123/2856/2777 5124/2857/2778 5120/2854/2774
f 5125/2858/2779 5124/2857/2778 5123/2856/2777
f 5123/2856/2777 5126/2859/2780 5125/2858/2779
f 5125/2858/2779 5126/2859/2780 5127/2860/2781
f 5016/2757/2670 5015/2756/2669 5128/2861/2782
f 5128/2861/2782 5015/2756/2669 5014/2755/2668
f 5014/2755/2668 5129/2862/2783 5128/2861/2782
f 5128/2861/2782 5129/2862/2783 5130/2863/2784
f 5130/2863/2784 5131/2864/2785 5128/2861/2782
f 5128/2861/2782 5131/2864/2785 5132/2858/2786
f 5132/2858/2786 5131/2864/2785 5133/2865/2787
f 5133/2865/2787 5134/2857/2788 5132/2858/2786
f 5114/2854/2768 5134/2857/2788 5133/2865/2787
f 5065/2805/2719 5129/2862/2783 5014/2755/2668
f 5130/2863/2784 5129/2862/2783 5065/2805/2719
f 5065/2805/2719 5072/2812/2726 5130/2863/2784
f 5130/2863/2784 5072/2812/2726 5071/2811/2725
f 5071/2811/2725 5135/2866/2789 5130/2863/2784
f 5130/2863/2784 5135/2866/2789 5133/2865/2787
f 5133/2865/2787 5131/2864/2785 5130/2863/2784
f 5109/2849/2763 5135/2866/2789 5071/2811/2725
f 5133/2865/2787 5135/2866/2789 5109/2849/2763
f 5109/2849/2763 5115/2855/2769 5133/2865/2787
f 5133/2865/2787 5115/2855/2769 5114/2854/2768
f 5005/2746/2659 5136/2867/2790 5000/2741/2654
f 5000/2741/2654 5136/2867/2790 5137/2868/2791
f 5137/2868/2791 5138/2869/2792 5000/2741/2654
f 5000/2741/2654 5138/2869/2792 4995/2736/2649
f 4995/2736/2649 5138/2869/2792 5139/2870/2793
f 5139/2870/2793 5140/2871/2794 4995/2736/2649
f 4995/2736/2649 5140/2871/2794 5141/2872/2795
f 5141/2872/2795 5142/2873/2796 4995/2736/2649
f 5139/2870/2793 5138/2869/2792 5137/2868/2791
f 5137/2868/2791 5143/2874/2797 5139/2870/2793
f 5139/2870/2793 5143/2874/2797 5144/2875/2798
f 5144/2875/2798 5145/2876/2799 5139/2870/2793
f 5139/2870/2793 5145/2876/2799 5146/2877/2800
f 5146/2877/2800 5140/2871/2794 5139/2870/2793
f 5141/2872/2795 5140/2871/2794 5146/2877/2800
f 5146/2877/2800 5147/2878/2801 5141/2872/2795
f 5148/2879/2802 5147/2878/2801 5146/2877/2800
f 5149/2880/2803 5145/2876/2799 5144/2875/2798
f 5146/2877/2800 5145/2876/2799 5149/2880/2803
f 5149/2880/2803 5150/2881/2804 5146/2877/2800
f 5146/2877/2800 5150/2881/2804 5148/2879/2802
f 5148/2879/2802 5150/2881/2804 5151/2882/2805
f 5151/2882/2805 5152/2883/2806 5148/2879/2802
f 5148/2879/2802 5152/2883/2806 5153/2884/2807
f 5153/2884/2807 5154/2885/2808 5148/2879/2802
f 5144/2875/2798 5155/2886/2809 5149/2880/2803
f 5149/2880/2803 5155/2886/2809 5156/2887/2810
f 5156/2887/2810 5157/2888/2811 5149/2880/2803
f 5149/2880/2803 5157/2888/2811 5151/2882/2805
f 5151/2882/2805 5150/2881/2804 5149/2880/2803
f 5158/2889/2812 5157/2888/2811 5156/2887/2810
f 5151/2882/2805 5157/2888/2811 5158/2889/2812
f 5158/2889/2812 5159/2890/2813 5151/2882/2805
f 5151/2882/2805 5159/2890/2813 5160/2891/2814
f 5160/2891/2814 5161/2892/2815 5151/2882/2805
f 5151/2882/2805 5161/2892/2815 5162/2893/2816
f 5162/2893/2816 5152/2883/2806 5151/2882/2805
f 5153/2884/2807 5152/2883/2806 5162/2893/2816
f 5156/2887/2810 5163/2894/2817 5158/2889/2812
f 5158/2889/2812 5163/2894/2817 5164/2895/2818
f 5164/2895/2818 5165/2896/2819 5158/2889/2812
f 5158/2889/2812 5165/2896/2819 5166/2897/2820
f 5166/2897/2820 5159/2890/2813 5158/2889/2812
f 5160/2891/2814 5159/2890/2813 5166/2897/2820
f 5166/2897/2820 5167/2898/2821 5160/2891/2814
f 5160/2891/2814 5167/2898/2821 5168/2899/2822
f 5168/2899/2822 5169/2900/2823 5160/2891/2814
f 5160/2891/2814 5169/2900/2823 5170/2901/2824
f 5170/2901/2824 5161/2892/2815 5160/2891/2814
f 5162/2893/2816 5161/2892/2815 5170/2901/2824
f 5171/2902/2825 5165/2896/2819 5164/2895/2818
f 5166/2897/2820 5165/2896/2819 5171/2902/2825
f 5171/2902/2825 5172/2903/2826 5166/2897/2820
f 5166/2897/2820 5172/2903/2826 5173/2904/2827
f 5173/2904/2827 5167/2898/2821 5166/2897/2820
f 5168/2899/2822 5167/2898/2821 5173/2904/2827
f 5164/2895/2818 5174/2905/2828 5171/2902/2825
f 5171/2902/2825 5174/2905/2828 5175/2906/2829
f 5175/2906/2829 5176/2907/2830 5171/2902/2825
f 5171/2902/2825 5176/2907/2830 5177/2908/2831
f 5177/2908/2831 5172/2903/2826 5171/2902/2825
f 5173/2904/2827 5172/2903/2826 5177/2908/2831
f 5177/2908/2831 5178/2909/2832 5173/2904/2827
f 5173/2904/2827 5178/2909/2832 5179/2910/2833
f 5179/2910/2833 5180/2911/2834 5173/2904/2827
f 5173/2904/2827 5180/2911/2834 5168/2899/2822
f 5181/2912/2835 5176/2907/2830 5175/2906/2829
f 5177/2908/2831 5176/2907/2830 5181/2912/2835
f 5181/2912/2835 5182/2913/2836 5177/2908/2831
f 5177/2908/2831 5182/2913/2836 5183/2914/2837
f 5183/2914/2837 5178/2909/2832 5177/2908/2831
f 5179/2910/2833 5178/2909/2832 5183/2914/2837
f 5175/2906/2829 5184/2915/2838 5181/2912/2835
f 5181/2912/2835 5184/2915/2838 5185/2916/2839
f 5185/2916/2839 5186/2917/2840 5181/2912/2835
f 5181/2912/2835 5186/2917/2840 5187/2918/2841
f 5187/2918/2841 5182/2913/2836 5181/2912/2835
f 5183/2914/2837 5182/2913/2836 5187/2918/2841
f 5187/2918/2841 5188/2919/2842 5183/2914/2837
f 5183/2914/2837 5188/2919/2842 5189/2920/2843
f 5189/2920/2843 5190/2921/2844 5183/2914/2837
f 5183/2914/2837 5190/2921/2844 5179/2910/2833
f 5191/2922/2845 5186/2917/2840 5185/2916/2839
f 5187/2918/2841 5186/2917/2840 5191/2922/2845
f 5191/2922/2845 5188/2919/2842 5187/2918/2841
f 5189/2920/2843 5188/2919/2842 5191/2922/2845
f 5191/2922/2845 5192/2923/2846 5189/2920/2843
f 5189/2920/2843 5192/2923/2846 5193/2924/2847
f 5193/2924/2847 5190/2921/2844 5189/2920/2843
f 5179/2910/2833 5190/2921/2844 5193/2924/2847
f 5193/2924/2847 5194/2925/2848 5179/2910/2833
f 5179/2910/2833 5194/2925/2848 5195/2926/2849
f 5195/2926/2849 5180/2911/2834 5179/2910/2833
f 5168/2899/2822 5180/2911/2834 5195/2926/2849
f 5195/2926/2849 5196/2927/2850 5168/2899/2822
f 5168/2899/2822 5196/2927/2850 5197/2928/2851
f 5197/2928/2851 5169/2900/2823 5168/2899/2822
f 5170/2901/2824 5169/2900/2823 5197/2928/2851
f 5197/2928/2851 5198/2929/2852 5170/2901/2824
f 5170/2901/2824 5198/2929/2852 5199/2930/2853
f 5199/2930/2853 5200/2931/2854 5170/2901/2824
f 5170/2901/2824 5200/2931/2854 5201/2932/2855
f 5170/2901/2824 5201/2932/2855 5162/2893/2816
f 5162/2893/2816 5201/2932/2855 5202/2933/2856
f 5162/2893/2816 5202/2933/2856 5153/2884/2807
f 5153/2884/2807 5202/2933/2856 5203/2934/2857
f 5204/2935/2858 5153/2884/2807 5203/2934/2857
f 5205/2936/2859 5200/2931/2854 5199/2930/2853
f 5201/2932/2855 5200/2931/2854 5205/2936/2859
f 5206/2937/2860 5201/2932/2855 5205/2936/2859
f 5202/2933/2856 5201/2932/2855 5206/2937/2860
f 5206/2937/2860 5203/2934/2857 5202/2933/2856
f 5204/2935/2858 5203/2934/2857 5206/2937/2860
f 5206/2937/2860 5207/2793/2861 5204/2935/2858
f 5199/2930/2853 5208/2938/2862 5205/2936/2859
f 5205/2936/2859 5208/2938/2862 5209/2939/2863
f 5209/2939/2863 5210/2940/2864 5205/2936/2859
f 5205/2936/2859 5210/2940/2864 5206/2937/2860
f 5211/2941/2865 5212/2942/2866 5213/2943/2867
f 5212/2942/2866 5211/2941/2865 5214/2944/2868
f 5214/2944/2868 5215/2945/2869 5212/2942/2866
f 5215/2945/2869 5214/2944/2868 5216/2946/2870
f 5216/2946/2870 5217/2947/2871 5215/2945/2869
f 5218/2948/2872 5217/2947/2871 5216/2946/2870
f 5216/2946/2870 5219/2949/2872 5218/2948/2872
f 5220/2950/2873 5218/2948/2872 5219/2949/2872
f 5219/2949/2872 5221/2951/2874 5220/2950/2873
f 5220/2950/2873 5221/2951/2874 5222/2952/2875
f 5222/2952/2875 5223/2953/2876 5220/2950/2873
f 5224/2954/2877 5223/2953/2876 5222/2952/2875
f 5222/2952/2875 5225/2955/2878 5224/2954/2877
f 5224/2954/2877 5225/2955/2878 5226/2956/2879
f 5227/2957/2880 5228/2958/2881 5229/2958/2882
f 5229/2958/2882 5230/2957/2883 5227/2957/2880
f 5227/2957/2880 5230/2957/2883 5231/2959/2884
f 5231/2959/2884 5232/2959/2885 5227/2957/2880
f 5232/2959/2885 5231/2959/2884 5233/2960/2886
f 5233/2960/2886 5234/2960/2887 5232/2959/2885
f 5234/2960/2887 5233/2960/2886 5235/2961/2888
f 5230/2957/2883 5229/2958/2882 5236/2962/2889
f 5236/2962/2889 5237/2963/2890 5230/2957/2883
f 5230/2957/2883 5237/2963/2890 5238/2964/2891
f 5238/2964/2891 5231/2959/2884 5230/2957/2883
f 5231/2959/2884 5238/2964/2891 5239/2965/2892
f 5239/2965/2892 5233/2960/2886 5231/2959/2884
f 5233/2960/2886 5239/2965/2892 5235/2961/2888
f 5240/2966/2893 5236/2962/2889 5229/2958/2882
f 5236/2962/2889 5240/2966/2893 5241/2967/2894
f 5241/2967/2894 5242/2968/2895 5236/2962/2889
f 5237/2963/2890 5236/2962/2889 5242/2968/2895
f 5242/2968/2895 5243/2969/2896 5237/2963/2890
f 5237/2963/2890 5243/2969/2896 5244/2970/2897
f 5244/2970/2897 5238/2964/2891 5237/2963/2890
f 5238/2964/2891 5244/2970/2897 5245/2971/2898
f 5245/2971/2898 5239/2965/2892 5238/2964/2891
f 5239/2965/2892 5245/2971/2898 5235/2961/2888
f 5229/2958/2882 5246/2972/2899 5240/2966/2893
f 5240/2966/2893 5246/2972/2899 5247/2973/2900
f 5247/2973/2900 5248/2974/2901 5240/2966/2893
f 5241/2967/2894 5240/2966/2893 5248/2974/2901
f 5248/2974/2901 5249/2975/2902 5241/2967/2894
f 5250/2976/2903 5241/2967/2894 5249/2975/2902
f 5242/2968/2895 5241/2967/2894 5250/2976/2903
f 5250/2976/2903 5251/2977/2904 5242/2968/2895
f 5243/2969/2896 5242/2968/2895 5251/2977/2904
f 5246/2972/2899 5229/2958/2882 5252/2958/2905
f 5252/2958/2905 5253/2972/2906 5246/2972/2899
f 5246/2972/2899 5253/2972/2906 5254/2973/2907
f 5254/2973/2907 5247/2973/2900 5246/2972/2899
f 5255/2978/2908 5247/2973/2900 5254/2973/2907
f 5247/2973/2900 5255/2978/2908 5256/2979/2909
f 5256/2979/2909 5248/2974/2901 5247/2973/2900
f 5248/2974/2901 5256/2979/2909 5257/2980/2910
f 5257/2980/2910 5249/2975/2902 5248/2974/2901
f 5249/2975/2902 5257/2980/2910 5258/2981/2911
f 5258/2981/2911 5259/2982/2912 5249/2975/2902
f 5249/2975/2902 5259/2982/2912 5250/2976/2903
f 5260/2983/2913 5250/2976/2903 5259/2982/2912
f 5251/2977/2904 5250/2976/2903 5260/2983/2913
f 5254/2973/2907 5261/2978/2914 5255/2978/2908
f 5255/2978/2908 5261/2978/2914 5262/2984/2915
f 5256/2979/2909 5255/2978/2908 5262/2984/2915
f 5257/2980/2910 5256/2979/2909 5262/2984/2915
f 5258/2981/2911 5257/2980/2910 5262/2984/2915
f 5263/2985/2916 5258/2981/2911 5262/2984/2915
f 5259/2982/2912 5258/2981/2911 5263/2985/2916
f 5263/2985/2916 5264/2986/2917 5259/2982/2912
f 5259/2982/2912 5264/2986/2917 5260/2983/2913
f 5265/2983/2918 5260/2983/2913 5264/2986/2917
f 5266/2987/2919 5260/2983/2913 5265/2983/2918
f 5260/2983/2913 5266/2987/2919 5251/2977/2904
f 5267/2988/2920 5251/2977/2904 5266/2987/2919
f 5251/2977/2904 5267/2988/2920 5243/2969/2896
f 5268/2985/2921 5263/2985/2916 5262/2984/2915
f 5264/2986/2917 5263/2985/2916 5268/2985/2921
f 5268/2985/2921 5269/2986/2922 5264/2986/2917
f 5264/2986/2917 5269/2986/2922 5265/2983/2918
f 5265/2983/2918 5270/2987/2923 5266/2987/2919
f 5271/2989/2924 5272/2990/2925 5273/2991/2926
f 5273/2991/2926 5274/2992/2927 5271/2989/2924
f 5271/2989/2924 5274/2992/2927 5275/2993/2928
f 5275/2993/2928 5276/2994/2929 5271/2989/2924
f 5277/2995/2930 5276/2994/2929 5275/2993/2928
f 5276/2994/2929 5277/2995/2930 5278/2996/2931
f 5278/2996/2931 5279/2997/2932 5276/2994/2929
f 5276/2994/2929 5279/2997/2932 5280/2998/2933
f 5280/2998/2933 5281/2989/2934 5276/2994/2929
f 5282/2999/2935 5275/2993/2928 5274/2992/2927
f 5283/3000/2936 5275/2993/2928 5282/2999/2935
f 5275/2993/2928 5283/3000/2936 5277/2995/2930
f 5277/2995/2930 5283/3000/2936 5284/3001/2937
f 5278/2996/2931 5277/2995/2930 5284/3001/2937
f 5285/3002/2938 5278/2996/2931 5284/3001/2937
f 5279/2997/2932 5278/2996/2931 5285/3002/2938
f 5285/3002/2938 5286/3003/2939 5279/2997/2932
f 5279/2997/2932 5286/3003/2939 5287/3004/2940
f 5287/3004/2940 5280/2998/2933 5279/2997/2932
f 5274/2992/2927 5288/3005/2941 5282/2999/2935
f 5289/3006/2942 5282/2999/2935 5288/3005/2941
f 5290/3007/2943 5282/2999/2935 5289/3006/2942
f 5282/2999/2935 5290/3007/2943 5283/3000/2936
f 5283/3000/2936 5290/3007/2943 5284/3001/2937
f 5290/3007/2943 5291/3008/2944 5284/3001/2937
f 5291/3008/2944 5292/3009/2945 5284/3001/2937
f 5293/3010/2946 5292/3009/2945 5291/3008/2944
f 5288/3005/2941 5294/3011/2947 5289/3006/2942
f 5293/3010/2946 5289/3006/2942 5294/3011/2947
f 5291/3008/2944 5289/3006/2942 5293/3010/2946
f 5289/3006/2942 5291/3008/2944 5290/3007/2943
f 5294/3011/2947 5295/3012/2948 5293/3010/2946
f 5296/3013/2949 5295/3012/2948 5294/3011/2947
f 5294/3011/2947 5297/3014/2949 5296/3013/2949
f 5298/3015/2950 5296/3013/2949 5297/3014/2949
f 5297/3014/2949 5299/3016/2951 5298/3015/2950
f 5298/3015/2950 5299/3016/2951 5300/3017/2952
f 5300/3017/2952 5301/3018/2953 5298/3015/2950
f 5301/3018/2953 5300/3017/2952 5302/3019/2954
f 5302/3019/2954 5303/3020/2955 5301/3018/2953
f 5303/3020/2955 5302/3019/2954 5304/3021/2956
f 5305/3022/2957 5302/3019/2954 5300/3017/2952
f 5302/3019/2954 5305/3022/2957 5304/3021/2956
f 5305/3022/2957 5306/3023/2958 5304/3021/2956
f 5306/3023/2958 5307/3024/2959 5304/3021/2956
f 5307/3024/2959 5308/3025/2960 5304/3021/2956
f 5308/3025/2960 5309/3026/2961 5304/3021/2956
f 5309/3026/2961 5308/3025/2960 5310/3027/2962
f 5310/3027/2962 5311/3028/2963 5309/3026/2961
f 5300/3017/2952 5312/3029/2964 5305/3022/2957
f 5306/3023/2958 5305/3022/2957 5312/3029/2964
f 5312/3029/2964 5313/3030/2965 5306/3023/2958
f 5307/3024/2959 5306/3023/2958 5313/3030/2965
f 5313/3030/2965 5314/3031/2966 5307/3024/2959
f 5308/3025/2960 5307/3024/2959 5314/3031/2966
f 5314/3031/2966 5310/3027/2962 5308/3025/2960
f 5310/3027/2962 5314/3031/2966 5315/3032/2967
f 5315/3032/2967 5316/3033/2968 5310/3027/2962
f 5311/3028/2963 5310/3027/2962 5316/3033/2968
f 5316/3033/2968 5317/3034/2969 5311/3028/2963
f 5318/3035/2970 5317/3034/2969 5316/3033/2968
f 5316/3033/2968 5319/3036/2971 5318/3035/2970
f 5287/3004/2940 5318/3035/2970 5319/3036/2971
f 5319/3036/2971 5280/2998/2933 5287/3004/2940
f 5319/3036/2971 5316/3033/2968 5315/3032/2967
f 5315/3032/2967 5320/2990/2972 5319/3036/2971
f 5280/2998/2933 5319/3036/2971 5320/2990/2972
f 5320/2990/2972 5281/2989/2934 5280/2998/2933
f 5321/3037/2973 5322/3038/2974 5323/3039/2975
f 5323/3039/2975 5324/3040/2976 5321/3037/2973
f 5325/3041/2977 5321/3037/2973 5324/3040/2976
f 5321/3037/2973 5325/3041/2977 5326/3042/2978
f 5326/3042/2978 5327/3043/2979 5321/3037/2973
f 5327/3043/2979 5326/3042/2978 5328/3044/2980
f 5328/3044/2980 5329/1899/2981 5327/3043/2979
f 5330/3045/2982 5327/3043/2979 5329/1899/2981
f 5331/3046/2983 5324/3040/2976 5323/3039/2975
f 5324/3040/2976 5331/3046/2983 5332/3047/2984
f 5332/3047/2984 5333/3048/2985 5324/3040/2976
f 5324/3040/2976 5333/3048/2985 5325/3041/2977
f 5334/3049/2986 5325/3041/2977 5333/3048/2985
f 5333/3048/2985 5335/3050/2987 5334/3049/2986
f 5323/3039/2975 5336/3051/2988 5331/3046/2983
f 5337/3052/2989 5331/3046/2983 5336/3051/2988
f 5331/3046/2983 5337/3052/2989 5338/3053/2990
f 5338/3053/2990 5332/3047/2984 5331/3046/2983
f 5336/3051/2988 5339/3054/2991 5337/3052/2989
f 5340/3055/2992 5337/3052/2989 5339/3054/2991
f 5337/3052/2989 5340/3055/2992 5341/3056/2993
f 5341/3056/2993 5338/3053/2990 5337/3052/2989
f 5339/3054/2991 5342/3057/2994 5340/3055/2992
f 5343/3058/2995 5340/3055/2992 5342/3057/2994
f 5340/3055/2992 5343/3058/2995 5344/3059/2996
f 5344/3059/2996 5341/3056/2993 5340/3055/2992
f 5341/3056/2993 5344/3059/2996 5345/3060/2997
f 5345/3060/2997 5346/3061/2998 5341/3056/2993
f 5342/3057/2994 5347/3062/2999 5343/3058/2995
f 5329/1899/2981 5348/3063/3000 5330/3045/2982
f 5348/3063/3000 5329/1899/2981 5349/3064/3001
f 5349/3064/3001 5350/3065/3002 5348/3063/3000
f 5350/3065/3002 5349/3064/3001 5351/3066/3003
f 5351/3066/3003 5352/3067/3004 5350/3065/3002
f 5352/3067/3004 5351/3066/3003 5353/3068/3005
f 5351/3066/3003 5354/3069/3006 5353/3068/3005
f 5354/3069/3006 5355/3070/3007 5353/3068/3005
f 5356/3071/3008 5349/3064/3001 5329/1899/2981
f 5349/3064/3001 5356/3071/3008 5354/3069/3006
f 5354/3069/3006 5351/3066/3003 5349/3064/3001
f 5329/1899/2981 5328/3044/2980 5356/3071/3008
f 5357/3072/3009 5356/3071/3008 5328/3044/2980
f 5356/3071/3008 5357/3072/3009 5355/3070/3007
f 5355/3070/3007 5354/3069/3006 5356/3071/3008
f 5328/3044/2980 5358/3073/3010 5357/3072/3009
f 5358/3073/3010 5328/3044/2980 5326/3042/2978
f 5326/3042/2978 5359/3074/3011 5358/3073/3010
f 5360/3075/3012 5361/3076/3013 5362/3077/3014
f 5362/3077/3014 5363/3078/3015 5360/3075/3012
f 5364/3079/3016 5360/3075/3012 5363/3078/3015
f 5365/3080/3017 5360/3075/3012 5364/3079/3016
f 5364/3079/3016 5366/3081/2004 5365/3080/3017
f 5367/3082/3018 5365/3080/3017 5366/3081/2004
f 5363/3078/3015 5362/3077/3014 5368/3083/3019
f 5368/3083/3019 5369/3084/3020 5363/3078/3015
f 5370/3085/3021 5363/3078/3015 5369/3084/3020
f 5363/3078/3015 5370/3085/3021 5364/3079/3016
f 5371/3086/3022 5364/3079/3016 5370/3085/3021
f 5366/3081/2004 5364/3079/3016 5371/3086/3022
f 5371/3086/3022 5372/3087/3023 5366/3081/2004
f 5373/3088/3024 5366/3081/2004 5372/3087/3023
f 5366/3081/2004 5373/3088/3024 5367/3082/3018
f 5369/3084/3020 5368/3083/3019 5374/3089/3025
f 5375/3090/3026 5369/3084/3020 5374/3089/3025
f 5369/3084/3020 5375/3090/3026 5370/3085/3021
f 5376/3091/3027 5370/3085/3021 5375/3090/3026
f 5370/3085/3021 5376/3091/3027 5371/3086/3022
f 5377/3092/3028 5371/3086/3022 5376/3091/3027
f 5372/3087/3023 5371/3086/3022 5377/3092/3028
f 5377/3092/3028 5378/3093/3029 5372/3087/3023
f 5379/3094/3030 5372/3087/3023 5378/3093/3029
f 5372/3087/3023 5379/3094/3030 5373/3088/3024
f 5368/3083/3019 5380/3095/3031 5374/3089/3025
f 5380/3095/3031 5368/3083/3019 5381/3077/3032
f 5381/3077/3032 5382/3096/3033 5380/3095/3031
f 5382/3096/3033 5381/3077/3032 5383/3076/3034
f 5383/3076/3034 5384/3097/3035 5382/3096/3033
f 5385/3098/3036 5384/3097/3035 5383/3076/3034
f 5383/3076/3034 5386/3099/3036 5385/3098/3036
f 5387/3100/3037 5385/3098/3036 5386/3099/3036
f 5386/3099/3036 5388/3101/3038 5387/3100/3037
f 5387/3100/3037 5388/3101/3038 5389/3102/3039
f 5389/3102/3039 5390/3103/3040 5387/3100/3037
f 5391/3104/3041 5390/3103/3040 5389/3102/3039
f 5389/3102/3039 5392/3105/3042 5391/3104/3041
f 5391/3104/3041 5392/3105/3042 5393/3106/3043
f 5392/3105/3042 5394/3107/3044 5393/3106/3043
f 5394/3107/3044 5395/3108/3045 5393/3106/3043
f 5395/3108/3045 5396/3109/3046 5393/3106/3043
f 5396/3109/3046 5397/3110/3047 5393/3106/3043
f 5397/3110/3047 5398/3111/3048 5393/3106/3043
f 5399/3112/3049 5398/3111/3048 5397/3110/3047
f 5400/3113/3050 5394/3107/3044 5392/3105/3042
f 5394/3107/3044 5400/3113/3050 5401/3114/3051
f 5401/3114/3051 5395/3108/3045 5394/3107/3044
f 5395/3108/3045 5401/3114/3051 5402/3115/3052
f 5402/3115/3052 5396/3109/3046 5395/3108/3045
f 5396/3109/3046 5402/3115/3052 5403/3116/3053
f 5403/3116/3053 5397/3110/3047 5396/3109/3046
f 5397/3110/3047 5403/3116/3053 5399/3112/3049
f 5399/3112/3049 5403/3116/3053 5404/3117/3054
f 5404/3117/3054 5405/3118/3055 5399/3112/3049
f 5406/3119/3056 5405/3118/3055 5404/3117/3054
f 5392/3105/3042 5407/3102/3057 5400/3113/3050
f 5400/3113/3050 5407/3102/3057 5408/3101/3058
f 5408/3101/3058 5367/3082/3018 5400/3113/3050
f 5401/3114/3051 5400/3113/3050 5367/3082/3018
f 5367/3082/3018 5373/3088/3024 5401/3114/3051
f 5402/3115/3052 5401/3114/3051 5373/3088/3024
f 5373/3088/3024 5379/3094/3030 5402/3115/3052
f 5403/3116/3053 5402/3115/3052 5379/3094/3030
f 5379/3094/3030 5404/3117/3054 5403/3116/3053
f 5378/3093/3029 5404/3117/3054 5379/3094/3030
f 5404/3117/3054 5378/3093/3029 5406/3119/3056
f 5409/3120/3059 5406/3119/3056 5378/3093/3029
f 5378/3093/3029 5377/3092/3028 5409/3120/3059
f 5409/3120/3059 5377/3092/3028 5410/3121/3060
f 5410/3121/3060 5411/3122/3061 5409/3120/3059
f 5411/3122/3061 5410/3121/3060 5412/3123/3062
f 5412/3123/3062 5413/3124/3063 5411/3122/3061
f 5413/3124/3063 5412/3123/3062 5374/3089/3025
f 5412/3123/3062 5414/3125/3064 5374/3089/3025
f 5414/3125/3064 5375/3090/3026 5374/3089/3025
f 5376/3091/3027 5410/3121/3060 5377/3092/3028
f 5410/3121/3060 5376/3091/3027 5414/3125/3064
f 5414/3125/3064 5412/3123/3062 5410/3121/3060
f 5375/3090/3026 5414/3125/3064 5376/3091/3027
f 5415/1530/1946 5416/1523/1946 5417/1523/1946
f 5416/1523/1946 5415/1530/1946 5418/3126/1946
f 5418/3126/1946 5419/1582/1946 5416/1523/1946
f 5419/1582/1946 5418/3126/1946 5420/1581/1946
f 5421/3127/3065 5422/3128/3066 5423/3129/3067
f 5423/3129/3067 5424/3130/3068 5421/3127/3065
f 5425/3131/3069 5421/3127/3065 5424/3130/3068
f 5424/3130/3068 5426/3132/3070 5425/3131/3069
f 5426/3132/3070 5424/3130/3068 5427/3133/3071
f 5427/3133/3071 5428/3134/3072 5426/3132/3070
f 5428/3134/3072 5427/3133/3071 5429/3135/3073
f 5429/3135/3073 5430/3136/3074 5428/3134/3072
f 5424/3130/3068 5423/3129/3067 5431/3137/3075
f 5431/3137/3075 5427/3133/3071 5424/3130/3068
f 5427/3133/3071 5431/3137/3075 5432/3138/3076
f 5432/3138/3076 5429/3135/3073 5427/3133/3071
f 5429/3135/3073 5432/3138/3076 5433/3139/3077
f 5433/3139/3077 5434/3140/3078 5429/3135/3073
f 5430/3136/3074 5429/3135/3073 5434/3140/3078
f 5434/3140/3078 5435/3141/3079 5430/3136/3074
f 5436/3142/3080 5435/3141/3079 5434/3140/3078
f 5435/3141/3079 5436/3142/3080 5437/3143/3081
f 5437/3143/3081 5438/3144/3082 5435/3141/3079
f 5439/3145/3083 5434/3140/3078 5433/3139/3077
f 5434/3140/3078 5439/3145/3083 5436/3142/3080
f 5440/3146/3084 5436/3142/3080 5439/3145/3083
f 5439/3145/3083 5441/3147/3085 5440/3146/3084
f 5442/3148/3086 5440/3146/3084 5441/3147/3085
f 5440/3146/3084 5442/3148/3086 5443/3149/3087
f 5443/3149/3087 5444/3150/3088 5440/3146/3084
f 5433/3139/3077 5445/3151/3089 5439/3145/3083
f 5441/3147/3085 5439/3145/3083 5445/3151/3089
f 5445/3151/3089 5446/3152/3090 5441/3147/3085
f 5447/3153/3091 5441/3147/3085 5446/3152/3090
f 5441/3147/3085 5447/3153/3091 5442/3148/3086
f 5448/3154/3092 5442/3148/3086 5447/3153/3091
f 5442/3148/3086 5448/3154/3092 5449/3155/3093
f 5449/3155/3093 5443/3149/3087 5442/3148/3086
f 5446/3152/3090 5450/3156/3094 5447/3153/3091
f 5451/3157/3095 5447/3153/3091 5450/3156/3094
f 5447/3153/3091 5451/3157/3095 5448/3154/3092
f 5452/3158/3096 5448/3154/3092 5451/3157/3095
f 5448/3154/3092 5452/3158/3096 5453/3159/3097
f 5453/3159/3097 5449/3155/3093 5448/3154/3092
f 5450/3156/3094 5454/3160/3098 5451/3157/3095
f 5455/3161/3099 5451/3157/3095 5454/3160/3098
f 5451/3157/3095 5455/3161/3099 5452/3158/3096
f 5452/3158/3096 5455/3161/3099 5456/3162/3100
f 5453/3159/3097 5452/3158/3096 5456/3162/3100
f 5454/3160/3098 5457/3163/3101 5455/3161/3099
f 5455/3161/3099 5457/3163/3101 5456/3162/3100
f 5458/2590/3102 5459/2583/3103 5460/2582/3104
f 5460/2582/3104 5461/2583/3105 5458/2590/3102
f 5462/2850/3106 5463/2844/3107 5464/2839/3108
f 5464/2839/3108 5465/2844/3109 5462/2850/3106
f 5466/3164/1946 5467/3165/1946 5468/3166/1946
f 5468/3166/1946 5469/3167/1946 5466/3164/1946
f 5470/1523/1949 5471/1522/1949 5472/3168/3110
f 5472/3168/3110 5473/1582/3110 5470/1523/1949
f 5473/1582/3110 5472/3168/3110 5474/3169/3111
f 5474/3169/3111 5475/1581/3111 5473/1582/3110
f 5475/1581/3111 5474/3169/3111 5476/3170/3112
f 5476/3170/3112 5477/1590/3112 5475/1581/3111
f 5477/1590/3112 5476/3170/3112 5478/3171/1958
f 5478/3171/1958 5479/1669/1958 5477/1590/3112
f 5480/1522/1948 5481/1523/1948 5482/1582/3113
f 5482/1582/3113 5483/3168/3113 5480/1522/1948
f 5483/3168/3113 5482/1582/3113 5484/1581/3114
f 5484/1581/3114 5485/3169/3114 5483/3168/3113
f 5485/3169/3114 5484/1581/3114 5486/1590/3115
f 5486/1590/3115 5487/3170/3115 5485/3169/3114
f 5487/3170/3115 5486/1590/3115 5488/1669/1959
f 5488/1669/1959 5489/3171/1959 5487/3170/3115
f 5490/2858/3116 5491/3172/3117 5492/2861/3118
f 5492/2861/3118 5491/3172/3117 5493/2757/3119
f 5494/2558/3120 5495/3173/3121 5496/2563/3122
f 5497/2562/3123 5495/3173/3121 5494/2558/3120
f 5498/1530/1946 5499/1523/1946 5500/1582/1946
f 5500/1582/1946 5501/3126/1946 5498/1530/1946
f 5502/3174/1960 5503/3175/1960 5504/3175/1960
f 5504/3175/1960 5505/3174/1960 5502/3174/1960
f 5506/1535/1949 5507/1530/1949 5508/3126/3110
f 5508/3126/3110 5509/3176/3110 5506/1535/1949
f 5509/3176/3110 5508/3126/3110 5510/1581/3111
f 5510/1581/3111 5511/3177/3111 5509/3176/3110
f 5511/3177/3111 5510/1581/3111 5512/1585/3112
f 5512/1585/3112 5513/3178/3112 5511/3177/3111
f 5513/3178/3112 5512/1585/3112 5514/1692/3124
f 5514/1692/3124 5515/3179/3124 5513/3178/3112
f 5515/3179/3124 5514/1692/3124 5516/1692/1960
f 5516/1692/1960 5517/3179/1960 5515/3179/3124
f 5518/1530/1948 5519/1535/1948 5520/3176/3113
f 5520/3176/3113 5521/3126/3113 5518/1530/1948
f 5521/3126/3113 5520/3176/3113 5522/3177/3114
f 5522/3177/3114 5523/1581/3114 5521/3126/3113
f 5523/1581/3114 5522/3177/3114 5524/3178/3115
f 5524/3178/3115 5525/1585/3115 5523/1581/3114
f 5525/1585/3115 5524/3178/3115 5526/3179/1959
f 5526/3179/1959 5527/1692/1959 5525/1585/3115
f 5528/3167/1946 5529/3166/1946 5530/3180/1946
f 5530/3180/1946 5531/3181/1946 5528/3167/1946
f 5532/3165/1946 5533/3164/1946 5534/3182/1946
f 5534/3182/1946 5535/3183/1946 5532/3165/1946
f 5536/2860/3125 5537/3172/3126 5538/2858/3127
f 5539/2757/3128 5537/3172/3126 5536/2860/3125
f 5540/2563/3129 5541/3173/3130 5542/2589/3131
f 5542/2589/3131 5541/3173/3130 5543/2562/3132
f 5544/3175/1959 5545/3174/1959 5546/3184/3115
f 5546/3184/3115 5547/3185/3115 5544/3175/1959
f 5547/3185/3115 5546/3184/3115 5548/3186/3114
f 5548/3186/3114 5549/3187/3114 5547/3185/3115
f 5549/3187/3114 5548/3186/3114 5550/3188/3113
f 5550/3188/3113 5551/3189/3113 5549/3187/3114
f 5551/3189/3113 5550/3188/3113 5552/3190/1948
f 5552/3190/1948 5553/3191/1948 5551/3189/3113
f 5554/3174/1958 5555/3175/1958 5556/3185/3112
f 5556/3185/3112 5557/3184/3112 5554/3174/1958
f 5557/3184/3112 5556/3185/3112 5558/3187/3111
f 5558/3187/3111 5559/3186/3111 5557/3184/3112
f 5559/3186/3111 5558/3187/3111 5560/3189/3110
f 5560/3189/3110 5561/3188/3110 5559/3186/3111
f 5561/3188/3110 5560/3189/3110 5562/3191/1949
f 5562/3191/1949 5563/3190/1949 5561/3188/3110
f 5564/3126/1946 5565/1582/1946 5566/1581/1946
f 5566/1581/1946 5567/1581/1946 5564/3126/1946
f 5568/3181/1946 5569/3180/1946 5570/3192/1946
f 5570/3192/1946 5571/3193/1946 5568/3181/1946
f 5572/3183/1946 5573/3182/1946 5574/3194/1946
f 5574/3194/1946 5575/3195/1946 5572/3183/1946
f 5576/3195/1946 5577/3194/1946 5578/3196/1946
f 5578/3196/1946 5579/3197/1946 5576/3195/1946
f 5580/3193/1946 5581/3192/1946 5582/3198/1946
f 5582/3198/1946 5583/3199/1946 5580/3193/1946
f 5584/3200/3133 5585/3201/3134 5586/1596/3135
f 5586/1596/3135 5585/3201/3134 5587/1594/3136
f 5588/1597/3137 5589/3202/3138 5590/3203/3139
f 5591/1599/3140 5589/3202/3138 5588/1597/3137
f 5592/3204/3141 5593/3205/3142 5594/3206/3143
f 5595/3207/3144 5593/3205/3142 5592/3204/3141
f 5592/3204/3141 5596/3208/3145 5595/3207/3144
f 5597/3209/3146 5598/3210/3147 5599/3211/3148
f 5599/3211/3148 5598/3210/3147 5600/3212/3149
f 5600/3212/3149 5601/3213/3150 5599/3211/3148
f 5602/3214/3151 5603/3215/3152 5604/3216/3153
f 5604/3216/3153 5605/3217/3154 5602/3214/3151
f 5602/3214/3151 5605/3217/3154 5606/3218/3155
f 5606/3218/3155 5605/3217/3154 5607/3219/3156
f 5607/3219/3156 5608/3220/3157 5606/3218/3155
f 5606/3218/3155 5608/3220/3157 5609/3221/3158
f 5609/3221/3158 5610/3222/3159 5606/3218/3155
f 5607/3219/3156 5605/3217/3154 5604/3216/3153
f 5604/3216/3153 5611/3223/3160 5607/3219/3156
f 5607/3219/3156 5611/3223/3160 5612/3224/3161
f 5612/3224/3161 5613/3225/3162 5607/3219/3156
f 5607/3219/3156 5613/3225/3162 5614/3226/3163
f 5614/3226/3163 5608/3220/3157 5607/3219/3156
f 5609/3221/3158 5608/3220/3157 5614/3226/3163
f 5614/3226/3163 5615/3227/3164 5609/3221/3158
f 5616/3228/3165 5615/3227/3164 5614/3226/3163
f 5617/3229/3166 5611/3223/3160 5604/3216/3153
f 5612/3224/3161 5611/3223/3160 5617/3229/3166
f 5617/3229/3166 5618/3230/3167 5612/3224/3161
f 5612/3224/3161 5618/3230/3167 5619/3231/3168
f 5619/3231/3168 5620/3232/3169 5612/3224/3161
f 5612/3224/3161 5620/3232/3169 5621/3233/3170
f 5621/3233/3170 5613/3225/3162 5612/3224/3161
f 5614/3226/3163 5613/3225/3162 5621/3233/3170
f 5621/3233/3170 5622/3234/3171 5614/3226/3163
f 5614/3226/3163 5622/3234/3171 5616/3228/3165
f 5604/3216/3153 5623/3235/3172 5617/3229/3166
f 5617/3229/3166 5623/3235/3172 5624/3236/3173
f 5624/3236/3173 5625/3237/3174 5617/3229/3166
f 5617/3229/3166 5625/3237/3174 5626/3238/3175
f 5626/3238/3175 5618/3230/3167 5617/3229/3166
f 5619/3231/3168 5618/3230/3167 5626/3238/3175
f 5626/3238/3175 5627/3239/3176 5619/3231/3168
f 5619/3231/3168 5627/3239/3176 5628/3240/3177
f 5628/3240/3177 5629/3241/3178 5619/3231/3168
f 5619/3231/3168 5629/3241/3178 5630/3242/3179
f 5630/3242/3179 5620/3232/3169 5619/3231/3168
f 5621/3233/3170 5620/3232/3169 5630/3242/3179
f 5630/3242/3179 5631/3243/3180 5621/3233/3170
f 5621/3233/3170 5631/3243/3180 5632/3244/3181
f 5632/3244/3181 5622/3234/3171 5621/3233/3170
f 5616/3228/3165 5622/3234/3171 5632/3244/3181
f 5632/3244/3181 5633/3245/3182 5616/3228/3165
f 5634/3246/3183 5633/3245/3182 5632/3244/3181
f 5635/3247/3184 5629/3241/3178 5628/3240/3177
f 5630/3242/3179 5629/3241/3178 5635/3247/3184
f 5635/3247/3184 5636/3248/3185 5630/3242/3179
f 5630/3242/3179 5636/3248/3185 5637/3249/3186
f 5637/3249/3186 5631/3243/3180 5630/3242/3179
f 5632/3244/3181 5631/3243/3180 5637/3249/3186
f 5637/3249/3186 5638/3250/3187 5632/3244/3181
f 5632/3244/3181 5638/3250/3187 5634/3246/3183
f 5634/3246/3183 5638/3250/3187 5639/3251/3188
f 5639/3251/3188 5640/3252/3189 5634/3246/3183
f 5641/3253/3190 5640/3252/3189 5639/3251/3188
f 5628/3240/3177 5642/3254/3191 5635/3247/3184
f 5635/3247/3184 5642/3254/3191 5643/3255/3192
f 5643/3255/3192 5644/3256/3193 5635/3247/3184
f 5635/3247/3184 5644/3256/3193 5645/3257/3194
f 5645/3257/3194 5636/3248/3185 5635/3247/3184
f 5646/3258/3195 5644/3256/3193 5643/3255/3192
f 5645/3257/3194 5644/3256/3193 5646/3258/3195
f 5646/3258/3195 5647/3259/3196 5645/3257/3194
f 5648/3260/3197 5647/3259/3196 5646/3258/3195
f 5643/3255/3192 5649/3261/3198 5646/3258/3195
f 5646/3258/3195 5649/3261/3198 5650/3262/3199
f 5650/3262/3199 5651/3263/3200 5646/3258/3195
f 5646/3258/3195 5651/3263/3200 5648/3260/3197
f 5648/3260/3197 5651/3263/3200 5652/3264/3201
f 5652/3264/3201 5653/3265/3202 5648/3260/3197
f 5648/3260/3197 5653/3265/3202 5654/3266/3203
f 5654/3266/3203 5655/3267/3204 5648/3260/3197
f 5656/3268/3205 5655/3267/3204 5654/3266/3203
f 5657/3269/3206 5655/3267/3204 5656/3268/3205
f 5652/3264/3201 5651/3263/3200 5650/3262/3199
f 5650/3262/3199 5658/3270/3207 5652/3264/3201
f 5652/3264/3201 5658/3270/3207 5659/3271/3208
f 5659/3271/3208 5660/3272/3209 5652/3264/3201
f 5652/3264/3201 5660/3272/3209 5661/3273/3210
f 5661/3273/3210 5653/3265/3202 5652/3264/3201
f 5654/3266/3203 5653/3265/3202 5661/3273/3210
f 5661/3273/3210 5662/3274/3211 5654/3266/3203
f 5654/3266/3203 5662/3274/3211 5663/3275/3212
f 5663/3275/3212 5664/3276/3213 5654/3266/3203
f 5654/3266/3203 5664/3276/3213 5656/3268/3205
f 5665/3277/3214 5660/3272/3209 5659/3271/3208
f 5661/3273/3210 5660/3272/3209 5665/3277/3214
f 5665/3277/3214 5666/3278/3215 5661/3273/3210
f 5661/3273/3210 5666/3278/3215 5667/3279/3216
f 5667/3279/3216 5662/3274/3211 5661/3273/3210
f 5663/3275/3212 5662/3274/3211 5667/3279/3216
f 5659/3271/3208 5668/3280/3217 5665/3277/3214
f 5665/3277/3214 5668/3280/3217 5669/3281/3218
f 5669/3281/3218 5670/3282/3219 5665/3277/3214
f 5665/3277/3214 5670/3282/3219 5671/3283/3220
f 5671/3283/3220 5666/3278/3215 5665/3277/3214
f 5667/3279/3216 5666/3278/3215 5671/3283/3220
f 5671/3283/3220 5672/3284/3221 5667/3279/3216
f 5667/3279/3216 5672/3284/3221 5673/3285/3222
f 5673/3285/3222 5674/3286/3223 5667/3279/3216
f 5667/3279/3216 5674/3286/3223 5663/3275/3212
f 5675/3287/3224 5670/3282/3219 5669/3281/3218
f 5671/3283/3220 5670/3282/3219 5675/3287/3224
f 5675/3287/3224 5676/3288/3225 5671/3283/3220
f 5671/3283/3220 5676/3288/3225 5677/3289/3226
f 5677/3289/3226 5672/3284/3221 5671/3283/3220
f 5673/3285/3222 5672/3284/3221 5677/3289/3226
f 5669/3281/3218 5678/3290/3227 5675/3287/3224
f 5675/3287/3224 5678/3290/3227 5679/3291/3228
f 5679/3291/3228 5680/3292/3229 5675/3287/3224
f 5675/3287/3224 5680/3292/3229 5681/3293/3230
f 5681/3293/3230 5676/3288/3225 5675/3287/3224
f 5677/3289/3226 5676/3288/3225 5681/3293/3230
f 5681/3293/3230 5682/3294/3231 5677/3289/3226
f 5677/3289/3226 5682/3294/3231 5683/3295/3232
f 5683/3295/3232 5684/3296/3233 5677/3289/3226
f 5677/3289/3226 5684/3296/3233 5673/3285/3222
f 5685/3297/3234 5680/3292/3229 5679/3291/3228
f 5681/3293/3230 5680/3292/3229 5685/3297/3234
f 5685/3297/3234 5682/3294/3231 5681/3293/3230
f 5683/3295/3232 5682/3294/3231 5685/3297/3234
f 5685/3297/3234 5686/3298/3235 5683/3295/3232
f 5683/3295/3232 5686/3298/3235 5687/3299/3236
f 5687/3299/3236 5684/3296/3233 5683/3295/3232
f 5673/3285/3222 5684/3296/3233 5687/3299/3236
f 5687/3299/3236 5688/3300/3237 5673/3285/3222
f 5673/3285/3222 5688/3300/3237 5689/3301/3238
f 5689/3301/3238 5674/3286/3223 5673/3285/3222
f 5663/3275/3212 5674/3286/3223 5689/3301/3238
f 5689/3301/3238 5690/3302/3239 5663/3275/3212
f 5663/3275/3212 5690/3302/3239 5691/3303/3240
f 5691/3303/3240 5664/3276/3213 5663/3275/3212
f 5656/3268/3205 5664/3276/3213 5691/3303/3240
f 5691/3303/3240 5692/3304/3241 5656/3268/3205
f 5656/3268/3205 5692/3304/3241 5641/3253/3190
f 5641/3253/3190 5693/3305/3242 5656/3268/3205
f 5656/3268/3205 5693/3305/3242 5657/3269/3206
f 5657/3269/3206 5693/3305/3242 5639/3251/3188
f 5639/3251/3188 5694/3306/3243 5657/3269/3206
f 5637/3249/3186 5694/3306/3243 5639/3251/3188
f 5639/3251/3188 5638/3250/3187 5637/3249/3186
f 5639/3251/3188 5693/3305/3242 5641/3253/3190
f 5695/3307/3244 5696/3308/3245 5697/3309/3246
f 5697/3309/3246 5698/3310/3247 5695/3307/3244
f 5695/3307/3244 5698/3310/3247 5699/3311/3248
f 5699/3311/3248 5700/3312/3249 5695/3307/3244
f 5695/3307/3244 5700/3312/3249 5701/3313/3250
f 5701/3313/3250 5702/3314/3251 5695/3307/3244
f 5703/3315/3252 5702/3314/3251 5701/3313/3250
f 5701/3313/3250 5704/3316/3253 5703/3315/3252
f 5705/3317/3254 5698/3310/3247 5697/3309/3246
f 5699/3311/3248 5698/3310/3247 5705/3317/3254
f 5705/3317/3254 5706/3318/3255 5699/3311/3248
f 5699/3311/3248 5706/3318/3255 5707/3319/3256
f 5707/3319/3256 5708/3320/3257 5699/3311/3248
f 5699/3311/3248 5708/3320/3257 5709/3321/3258
f 5709/3321/3258 5700/3312/3249 5699/3311/3248
f 5701/3313/3250 5700/3312/3249 5709/3321/3258
f 5709/3321/3258 5710/3322/3259 5701/3313/3250
f 5701/3313/3250 5710/3322/3259 5711/3323/3260
f 5711/3323/3260 5704/3316/3253 5701/3313/3250
f 5712/3324/3261 5706/3318/3255 5705/3317/3254
f 5707/3319/3256 5706/3318/3255 5712/3324/3261
f 5712/3324/3261 5713/3325/3262 5707/3319/3256
f 5707/3319/3256 5713/3325/3262 5714/3326/3263
f 5714/3326/3263 5715/3327/3264 5707/3319/3256
f 5707/3319/3256 5715/3327/3264 5716/3328/3265
f 5716/3328/3265 5708/3320/3257 5707/3319/3256
f 5709/3321/3258 5708/3320/3257 5716/3328/3265
f 5705/3317/3254 5717/3329/3266 5712/3324/3261
f 5718/1585/1946 5719/1590/1946 5720/1581/1946
f 5719/1590/1946 5718/1585/1946 5721/1692/1946
f 5722/3070/3267 5723/3330/3268 5724/3331/3269
f 5724/3331/3269 5725/3332/3270 5722/3070/3267
f 5722/3070/3267 5725/3332/3270 5726/3068/3271
f 5725/3332/3270 5727/3333/3272 5726/3068/3271
f 5727/3333/3272 5728/3334/3273 5726/3068/3271
f 5729/3065/3274 5728/3334/3273 5727/3333/3272
f 5727/3333/3272 5730/1900/3275 5729/3065/3274
f 5731/3063/3276 5729/3065/3274 5730/1900/3275
f 5725/3332/3270 5724/3331/3269 5732/3335/3277
f 5732/3335/3277 5733/3336/3278 5725/3332/3270
f 5725/3332/3270 5733/3336/3278 5730/1900/3275
f 5730/1900/3275 5727/3333/3272 5725/3332/3270
f 5733/3336/3278 5732/3335/3277 5734/3337/3279
f 5735/3338/3280 5734/3337/3279 5732/3335/3277
f 5732/3335/3277 5736/3339/3281 5735/3338/3280
f 5737/3340/3282 5735/3338/3280 5736/3339/3281
f 5736/3339/3281 5738/3341/3283 5737/3340/3282
f 5738/3341/3283 5736/3339/3281 5739/3342/3284
f 5739/3342/3284 5740/3343/3285 5738/3341/3283
f 5741/3344/3286 5740/3343/3285 5739/3342/3284
f 5739/3342/3284 5742/3345/3287 5741/3344/3286
f 5743/3073/3288 5741/3344/3286 5742/3345/3287
f 5741/3344/3286 5743/3073/3288 5744/3346/3289
f 5744/3346/3289 5745/3347/3290 5741/3344/3286
f 5746/3348/3291 5739/3342/3284 5736/3339/3281
f 5742/3345/3287 5739/3342/3284 5746/3348/3291
f 5746/3348/3291 5747/3330/3292 5742/3345/3287
f 5748/3072/3293 5742/3345/3287 5747/3330/3292
f 5742/3345/3287 5748/3072/3293 5743/3073/3288
f 5736/3339/3281 5749/3349/3294 5746/3348/3291
f 5747/3330/3292 5750/3070/3295 5748/3072/3293
f 5751/3337/3296 5730/1900/3275 5733/3336/3278
f 5730/1900/3275 5751/3337/3296 5752/1898/3297
f 5730/1900/3275 5753/1899/3298 5731/3063/3276
f 5754/3045/3299 5731/3063/3276 5753/1899/3298
f 5753/1899/3298 5755/3043/3300 5754/3045/3299
f 5756/3038/3301 5754/3045/3299 5755/3043/3300
f 5755/3043/3300 5757/3037/3302 5756/3038/3301
f 5758/3039/3303 5756/3038/3301 5757/3037/3302
f 5757/3037/3302 5759/3040/3304 5758/3039/3303
f 5755/3043/3300 5753/1899/3298 5744/3346/3289
f 5744/3346/3289 5760/3042/3305 5755/3043/3300
f 5757/3037/3302 5755/3043/3300 5760/3042/3305
f 5760/3042/3305 5761/3041/3306 5757/3037/3302
f 5759/3040/3304 5757/3037/3302 5761/3041/3306
f 5761/3041/3306 5762/3048/3307 5759/3040/3304
f 5759/3040/3304 5762/3048/3307 5763/3047/3308
f 5763/3047/3308 5764/3046/3309 5759/3040/3304
f 5745/3347/3290 5744/3346/3289 5753/1899/3298
f 5753/1899/3298 5765/1898/3310 5745/3347/3290
f 5764/3046/3309 5763/3047/3308 5766/3053/3311
f 5766/3053/3311 5767/3052/3312 5764/3046/3309
f 5768/3051/3313 5764/3046/3309 5767/3052/3312
f 5767/3052/3312 5769/3350/3314 5768/3051/3313
f 5769/3350/3314 5767/3052/3312 5770/3055/3315
f 5770/3055/3315 5771/3057/3316 5769/3350/3314
f 5771/3057/3316 5770/3055/3315 5772/3058/3317
f 5772/3058/3317 5773/3062/3318 5771/3057/3316
f 5767/3052/3312 5766/3053/3311 5774/3056/3319
f 5774/3056/3319 5770/3055/3315 5767/3052/3312
f 5770/3055/3315 5774/3056/3319 5775/3059/3320
f 5775/3059/3320 5772/3058/3317 5770/3055/3315
f 5776/3060/3321 5775/3059/3320 5774/3056/3319
f 5774/3056/3319 5777/3061/3322 5776/3060/3321
f 5762/3048/3307 5761/3041/3306 5778/3049/3323
f 5778/3049/3323 5779/3050/3324 5762/3048/3307
f 5760/3042/3305 5744/3346/3289 5743/3073/3288
f 5743/3073/3288 5780/3074/3325 5760/3042/3305
f 5781/3330/3326 5782/3348/3326 5783/3349/3327
f 5783/3349/3327 5784/3331/3328 5781/3330/3326
f 5784/3331/3328 5783/3349/3327 5785/3339/3329
f 5785/3339/3329 5786/3335/3329 5784/3331/3328
f 5787/3351/3330 5788/3352/3330 5789/3353/3331
f 5789/3353/3331 5790/3354/3332 5787/3351/3330
f 5790/3354/3332 5789/3353/3331 5791/3355/3333
f 5791/3355/3333 5792/3356/3333 5790/3354/3332
f 5793/1621/1946 5794/3357/1946 5795/3357/1946
f 5795/3357/1946 5796/1621/1946 5793/1621/1946
f 5797/1621/1946 5798/3357/1946 5799/3357/1946
f 5798/3357/1946 5797/1621/1946 5800/1762/1946
f 5801/3357/1946 5802/1621/1946 5803/1621/1946
f 5802/1621/1946 5801/3357/1946 5804/1761/1946
f 5804/1761/1946 5805/1762/1946 5802/1621/1946
f 5805/1762/1946 5804/1761/1946 5806/1760/1946
f 5807/1622/3334 5808/1621/3335 5809/1621/1945
f 5808/1621/3335 5807/1622/3334 5810/1651/3113
f 5810/1651/3113 5811/1762/3113 5808/1621/3335
f 5811/1762/3113 5810/1651/3113 5812/1733/3114
f 5812/1733/3114 5813/1760/3114 5811/1762/3113
f 5813/1760/3114 5812/1733/3114 5814/1780/3115
f 5814/1780/3115 5815/1781/3115 5813/1760/3114
f 5815/1781/3115 5814/1780/3115 5816/1879/1959
f 5816/1879/1959 5817/1844/1959 5815/1781/3115
f 5818/1621/3336 5819/1622/3337 5820/1622/1945
f 5819/1622/3337 5818/1621/3336 5821/1762/3110
f 5821/1762/3110 5822/1651/3110 5819/1622/3337
f 5822/1651/3110 5821/1762/3110 5823/1760/3111
f 5823/1760/3111 5824/1733/3111 5822/1651/3110
f 5824/1733/3111 5823/1760/3111 5825/1781/3112
f 5825/1781/3112 5826/1780/3112 5824/1733/3111
f 5826/1780/3112 5825/1781/3112 5827/1844/1958
f 5827/1844/1958 5828/1879/1958 5826/1780/3112
f 5829/1622/3334 5830/1621/3335 5831/1621/1945
f 5830/1621/3335 5829/1622/3334 5832/1651/3113
f 5832/1651/3113 5833/1762/3113 5830/1621/3335
f 5833/1762/3113 5832/1651/3113 5834/1733/3114
f 5834/1733/3114 5835/1760/3114 5833/1762/3113
f 5835/1760/3114 5834/1733/3114 5836/1780/3115
f 5836/1780/3115 5837/1781/3115 5835/1760/3114
f 5837/1781/3115 5836/1780/3115 5838/1879/1959
f 5838/1879/1959 5839/1844/1959 5837/1781/3115
f 5840/1637/1946 5841/1622/1946 5842/1622/1946
f 5842/1622/1946 5843/1637/1946 5840/1637/1946
f 5844/1621/1946 5845/3357/1946 5846/1761/1946
f 5846/1761/1946 5847/1762/1946 5844/1621/1946
f 5848/3197/1946 5849/3196/1946 5850/3358/1946
f 5850/3358/1946 5851/3359/1946 5848/3197/1946
f 5852/3357/1946 5853/1621/1946 5854/1762/1946
f 5854/1762/1946 5855/1761/1946 5852/3357/1946
f 5855/1761/1946 5854/1762/1946 5856/1760/1946
f 5857/3360/1946 5858/3361/1946 5859/3362/1946
f 5859/3362/1946 5860/3363/1946 5857/3360/1946
f 5861/3364/1946 5862/3365/1946 5863/3366/1946
f 5863/3366/1946 5864/3367/1946 5861/3364/1946
f 5865/3199/1946 5866/3198/1946 5867/3368/1946
f 5867/3368/1946 5868/3369/1946 5865/3199/1946
f 5869/1622/1949 5870/1621/1949 5871/1762/3110
f 5871/1762/3110 5872/1651/3110 5869/1622/1949
f 5872/1651/3110 5871/1762/3110 5873/1760/3111
f 5873/1760/3111 5874/1733/3111 5872/1651/3110
f 5874/1733/3111 5873/1760/3111 5875/1781/3112
f 5875/1781/3112 5876/1780/3112 5874/1733/3111
f 5876/1780/3112 5875/1781/3112 5877/1844/1958
f 5877/1844/1958 5878/1879/1958 5876/1780/3112
f 5879/3351/3338 5880/3354/3339 5881/3356/3340
f 5881/3356/3340 5882/3370/3341 5879/3351/3338
f 5883/3352/3342 5879/3351/3338 5882/3370/3341
f 5882/3370/3341 5884/3371/3343 5883/3352/3342
f 5885/3159/3344 5883/3352/3342 5884/3371/3343
f 5883/3352/3342 5885/3159/3344 5886/3372/3345
f 5886/3372/3345 5887/3353/3346 5883/3352/3342
f 5882/3370/3341 5881/3356/3340 5888/3373/3347
f 5888/3373/3347 5889/3374/3348 5882/3370/3341
f 5884/3371/3343 5882/3370/3341 5889/3374/3348
f 5889/3374/3348 5890/3375/3349 5884/3371/3343
f 5891/3155/3350 5884/3371/3343 5890/3375/3349
f 5884/3371/3343 5891/3155/3350 5885/3159/3344
f 5892/3376/3351 5888/3373/3347 5881/3356/3340
f 5893/3377/3352 5888/3373/3347 5892/3376/3351
f 5888/3373/3347 5893/3377/3352 5890/3375/3349
f 5890/3375/3349 5889/3374/3348 5888/3373/3347
f 5881/3356/3340 5894/3378/3353 5892/3376/3351
f 5895/3379/3354 5892/3376/3351 5894/3378/3353
f 5892/3376/3351 5895/3379/3354 5893/3377/3352
f 5896/3380/3355 5893/3377/3352 5895/3379/3354
f 5893/3377/3352 5896/3380/3355 5897/3149/3356
f 5897/3149/3356 5890/3375/3349 5893/3377/3352
f 5890/3375/3349 5897/3149/3356 5891/3155/3350
f 5898/3381/3357 5894/3378/3353 5881/3356/3340
f 5894/3378/3353 5898/3381/3357 5895/3379/3354
f 5899/3153/3358 5895/3379/3354 5898/3381/3357
f 5895/3379/3354 5899/3153/3358 5896/3380/3355
f 5896/3380/3355 5899/3153/3358 5900/3147/3359
f 5900/3147/3359 5901/3146/3360 5896/3380/3355
f 5897/3149/3356 5896/3380/3355 5901/3146/3360
f 5901/3146/3360 5902/3150/3361 5897/3149/3356
f 5881/3356/3340 5903/3355/3362 5898/3381/3357
f 5904/3382/3363 5898/3381/3357 5903/3355/3362
f 5898/3381/3357 5904/3382/3363 5899/3153/3358
f 5905/3156/3364 5899/3153/3358 5904/3382/3363
f 5899/3153/3358 5905/3156/3364 5906/3152/3365
f 5906/3152/3365 5900/3147/3359 5899/3153/3358
f 5900/3147/3359 5906/3152/3365 5907/3151/3366
f 5907/3151/3366 5908/3145/3367 5900/3147/3359
f 5901/3146/3360 5900/3147/3359 5908/3145/3367
f 5908/3145/3367 5909/3142/3368 5901/3146/3360
f 5904/3382/3363 5910/3160/3369 5905/3156/3364
f 5910/3160/3369 5904/3382/3363 5911/3383/3370
f 5911/3383/3370 5912/3384/3371 5910/3160/3369
f 5912/3384/3371 5911/3383/3370 5913/3162/3372
f 5911/3383/3370 5886/3372/3345 5913/3162/3372
f 5886/3372/3345 5885/3159/3344 5913/3162/3372
f 5886/3372/3345 5911/3383/3370 5904/3382/3363
f 5904/3382/3363 5914/3385/3373 5886/3372/3345
f 5887/3353/3346 5886/3372/3345 5914/3385/3373
f 5914/3385/3373 5915/3355/3374 5887/3353/3346
f 5915/3355/3374 5914/3385/3373 5916/3382/3375
f 5908/3145/3367 5907/3151/3366 5917/3386/3376
f 5917/3386/3376 5918/3140/3377 5908/3145/3367
f 5909/3142/3368 5908/3145/3367 5918/3140/3377
f 5918/3140/3377 5919/3141/3378 5909/3142/3368
f 5920/3143/3379 5909/3142/3368 5919/3141/3378
f 5919/3141/3378 5921/3144/3380 5920/3143/3379
f 5922/3387/3381 5919/3141/3378 5918/3140/3377
f 5918/3140/3377 5923/3135/3382 5922/3387/3381
f 5924/3134/3383 5922/3387/3381 5923/3135/3382
f 5923/3135/3382 5925/3133/3384 5924/3134/3383
f 5926/3132/3385 5924/3134/3383 5925/3133/3384
f 5925/3133/3384 5927/3130/3386 5926/3132/3385
f 5928/3131/3387 5926/3132/3385 5927/3130/3386
f 5926/3132/3385 5928/3131/3387 5929/3388/3388
f 5929/3388/3388 5930/3389/3389 5926/3132/3385
f 5925/3133/3384 5923/3135/3382 5931/3138/3390
f 5931/3138/3390 5932/3137/3391 5925/3133/3384
f 5927/3130/3386 5925/3133/3384 5932/3137/3391
f 5932/3137/3391 5933/3129/3392 5927/3130/3386
f 5934/3127/3393 5927/3130/3386 5933/3129/3392
f 5927/3130/3386 5934/3127/3393 5928/3131/3387
f 5933/3129/3392 5935/3128/3394 5934/3127/3393
f 5936/1637/1946 5937/1622/1946 5938/1651/1946
f 5937/1622/1946 5936/1637/1946 5939/1637/1946
f 5939/1637/1946 5940/1622/1946 5937/1622/1946
f 5940/1622/1946 5939/1637/1946 5941/1680/1946
f 5942/1652/1960 5943/1653/1960 5944/1653/1960
f 5944/1653/1960 5945/1652/1960 5942/1652/1960
f 5946/1622/1946 5947/1637/1946 5948/1680/1946
f 5948/1680/1946 5949/1651/1946 5946/1622/1946
f 5949/1651/1946 5948/1680/1946 5950/1733/1946
f 5950/1733/1946 5951/1733/1946 5949/1651/1946
f 5951/1733/1946 5950/1733/1946 5952/3390/1946
f 5953/1638/1949 5954/1637/1949 5955/1680/3110
f 5955/1680/3110 5956/3391/3110 5953/1638/1949
f 5956/3391/3110 5955/1680/3110 5957/1733/3111
f 5957/1733/3111 5958/3392/3111 5956/3391/3110
f 5958/3392/3111 5957/1733/3111 5959/3390/3112
f 5959/3390/3112 5960/3393/3112 5958/3392/3111
f 5960/3393/3112 5959/3390/3112 5961/1873/3124
f 5961/1873/3124 5962/1874/3395 5960/3393/3112
f 5962/1874/3395 5961/1873/3124 5963/1873/1960
f 5964/1637/1948 5965/1638/1948 5966/3391/3113
f 5966/3391/3113 5967/1680/3113 5964/1637/1948
f 5967/1680/3113 5966/3391/3113 5968/3392/3114
f 5968/3392/3114 5969/1733/3114 5967/1680/3113
f 5969/1733/3114 5968/3392/3114 5970/3393/3115
f 5970/3393/3115 5971/3390/3115 5969/1733/3114
f 5971/3390/3115 5970/3393/3115 5972/1874/1959
f 5972/1874/1959 5973/1873/1959 5971/3390/3115
f 5974/1638/1949 5975/1637/1949 5976/1680/3110
f 5976/1680/3110 5977/3391/3110 5974/1638/1949
f 5977/3391/3110 5976/1680/3110 5978/1733/3111
f 5978/1733/3111 5979/3392/3111 5977/3391/3110
f 5979/3392/3111 5978/1733/3111 5980/3390/3112
f 5980/3390/3112 5981/3393/3112 5979/3392/3111
f 5981/3393/3112 5980/3390/3112 5982/1873/1958
f 5982/1873/1958 5983/1874/1958 5981/3393/3112
f 5984/1637/1948 5985/1638/1948 5986/3391/3113
f 5986/3391/3113 5987/1680/3113 5984/1637/1948
f 5987/1680/3113 5986/3391/3113 5988/3392/3114
f 5988/3392/3114 5989/1733/3114 5987/1680/3113
f 5989/1733/3114 5988/3392/3114 5990/3393/3115
f 5990/3393/3115 5991/3390/3115 5989/1733/3114
f 5991/3390/3115 5990/3393/3115 5992/1874/1959
f 5992/1874/1959 5993/1873/1959 5991/3390/3115
f 5994/3394/1946 5995/3395/1946 5996/3396/1946
f 5996/3396/1946 5997/3397/1946 5994/3394/1946
f 5998/3394/1946 5999/3396/1946 6000/3395/1946
f 5999/3396/1946 5998/3394/1946 6001/3397/1946
f 6002/1762/1946 6003/1761/1946 6004/3357/1946
f 6003/1761/1946 6002/1762/1946 6005/1760/1946
f 6006/3363/1946 6007/3362/1946 6008/3398/1946
f 6008/3398/1946 6009/3399/1946 6006/3363/1946
f 6010/3367/1946 6011/3366/1946 6012/3400/1946
f 6012/3400/1946 6013/3401/1946 6010/3367/1946
f 6014/3361/1946 6015/3360/1946 6016/3402/1946
f 6016/3402/1946 6017/3403/1946 6014/3361/1946
f 6018/3365/1946 6019/3364/1946 6020/3404/1946
f 6020/3404/1946 6021/3405/1946 6018/3365/1946
f 6022/3406/1960 6023/3407/1960 6024/3407/3124
f 6024/3407/3124 6025/3406/3124 6022/3406/1960
f 6025/3406/3124 6024/3407/3124 6026/3408/3112
f 6026/3408/3112 6027/3409/3112 6025/3406/3124
f 6027/3409/3112 6026/3408/3112 6028/3410/3111
f 6028/3410/3111 6029/3411/3111 6027/3409/3112
f 6029/3411/3111 6028/3410/3111 6030/3412/3110
f 6030/3412/3110 6031/3413/3110 6029/3411/3111
f 6031/3413/3110 6030/3412/3110 6032/1880/1949
f 6032/1880/1949 6033/1881/1949 6031/3413/3110
f 6034/3406/1960 6035/3407/3396 6036/3407/1960
f 6035/3407/3396 6034/3406/1960 6037/3406/3396
f 6037/3406/3396 6038/3408/3115 6035/3407/3396
f 6038/3408/3115 6037/3406/3396 6039/3409/3115
f 6039/3409/3115 6040/3410/3114 6038/3408/3115
f 6040/3410/3114 6039/3409/3115 6041/3411/3114
f 6041/3411/3114 6042/3412/3113 6040/3410/3114
f 6042/3412/3113 6041/3411/3114 6043/3413/3113
f 6043/3413/3113 6044/1880/3335 6042/3412/3113
f 6044/1880/3335 6043/3413/3113 6045/1881/3397
f 6045/1881/3397 6046/1880/1945 6044/1880/3335
f 6047/1653/1959 6048/1652/1959 6049/3414/3115
f 6049/3414/3115 6050/3415/3115 6047/1653/1959
f 6050/3415/3115 6049/3414/3115 6051/3416/3114
f 6051/3416/3114 6052/3417/3114 6050/3415/3115
f 6052/3417/3114 6051/3416/3114 6053/3418/3113
f 6053/3418/3113 6054/3419/3113 6052/3417/3114
f 6054/3419/3113 6053/3418/3113 6055/3420/1948
f 6055/3420/1948 6056/3421/1948 6054/3419/3113
f 6057/1652/1958 6058/1653/1958 6059/3415/3112
f 6059/3415/3112 6060/3414/3112 6057/1652/1958
f 6060/3414/3112 6059/3415/3112 6061/3417/3111
f 6061/3417/3111 6062/3416/3111 6060/3414/3112
f 6062/3416/3111 6061/3417/3111 6063/3419/3110
f 6063/3419/3110 6064/3418/3110 6062/3416/3111
f 6064/3418/3110 6063/3419/3110 6065/3421/1949
f 6065/3421/1949 6066/3420/1949 6064/3418/3110
f 6067/1653/1959 6068/1652/1959 6069/3414/3115
f 6069/3414/3115 6070/3415/3115 6067/1653/1959
f 6070/3415/3115 6069/3414/3115 6071/3416/3114
f 6071/3416/3114 6072/3417/3114 6070/3415/3115
f 6072/3417/3114 6071/3416/3114 6073/3418/3113
f 6073/3418/3113 6074/3419/3113 6072/3417/3114
f 6074/3419/3113 6073/3418/3113 6075/3420/3335
f 6075/3420/3335 6076/3421/3335 6074/3419/3113
f 6076/3421/3335 6075/3420/3335 6077/3420/1945
f 6077/3420/1945 6078/3421/1945 6076/3421/3335
f 6079/1652/1958 6080/1653/1958 6081/3415/3112
f 6081/3415/3112 6082/3414/3112 6079/1652/1958
f 6082/3414/3112 6081/3415/3112 6083/3417/3111
f 6083/3417/3111 6084/3416/3111 6082/3414/3112
f 6084/3416/3111 6083/3417/3111 6085/3419/3110
f 6085/3419/3110 6086/3418/3110 6084/3416/3111
f 6086/3418/3110 6085/3419/3110 6087/3421/1949
f 6087/3421/1949 6088/3420/1949 6086/3418/3110
f 6089/1663/3336 6090/1683/3337 6091/1683/1945
f 6090/1683/3337 6089/1663/3336 6092/1712/3110
f 6092/1712/3110 6093/1726/3110 6090/1683/3337
f 6093/1726/3110 6092/1712/3110 6094/1793/3111
f 6094/1793/3111 6095/1803/3111 6093/1726/3110
f 6095/1803/3111 6094/1793/3111 6096/2029/3112
f 6096/2029/3112 6097/1959/3112 6095/1803/3111
f 6097/1959/3112 6096/2029/3112 6098/2107/1958
f 6098/2107/1958 6099/2114/1958 6097/1959/3112
f 6100/1651/1946 6101/1680/1946 6102/1637/1946
f 6101/1680/1946 6100/1651/1946 6103/1733/1946
f 6104/3397/1946 6105/3422/1946 6106/3396/1946
f 6105/3422/1946 6104/3397/1946 6107/3423/1946
f 6108/3397/1946 6109/3396/1946 6110/3422/1946
f 6110/3422/1946 6111/3423/1946 6108/3397/1946
f 6112/1710/1946 6113/1683/1946 6114/1683/1946
f 6113/1683/1946 6112/1710/1946 6115/1802/1946
f 6115/1802/1946 6116/1726/1946 6113/1683/1946
f 6117/3395/1946 6118/3394/1946 6119/3424/1946
f 6119/3424/1946 6120/3425/1946 6117/3395/1946
f 6121/3395/1946 6122/3424/1946 6123/3394/1946
f 6122/3424/1946 6121/3395/1946 6124/3425/1946
f 6125/3191/1945 6126/3190/1945 6127/3190/1945
f 6127/3190/1945 6128/3191/1945 6125/3191/1945
f 6129/3407/1958 6130/3409/3112 6131/3406/1958
f 6130/3409/3112 6129/3407/1958 6132/3408/3112
f 6132/3408/3112 6133/3411/3111 6130/3409/3112
f 6133/3411/3111 6132/3408/3112 6134/3410/3111
f 6134/3410/3111 6135/3413/3110 6133/3411/3111
f 6135/3413/3110 6134/3410/3111 6136/3412/3110
f 6136/3412/3110 6137/1881/1949 6135/3413/3110
f 6137/1881/1949 6136/3412/3110 6138/1880/1949
f 6139/3407/1959 6140/3406/1959 6141/3409/3115
f 6141/3409/3115 6142/3408/3115 6139/3407/1959
f 6142/3408/3115 6141/3409/3115 6143/3411/3114
f 6143/3411/3114 6144/3410/3114 6142/3408/3115
f 6144/3410/3114 6143/3411/3114 6145/3413/3113
f 6145/3413/3113 6146/3412/3113 6144/3410/3114
f 6146/3412/3113 6145/3413/3113 6147/1881/3335
f 6147/1881/3335 6148/1880/3397 6146/3412/3113
f 6148/1880/3397 6147/1881/3335 6149/1881/1945
f 6150/1692/1946 6151/1669/1946 6152/1590/1946
f 6151/1669/1946 6150/1692/1946 6153/1692/1946
f 6154/1683/1946 6155/1710/1946 6156/1710/1946
f 6155/1710/1946 6154/1683/1946 6157/1726/1946
f 6157/1726/1946 6158/1802/1946 6155/1710/1946
f 6159/1683/1946 6160/1710/1946 6161/1710/1946
f 6161/1710/1946 6162/1683/1946 6159/1683/1946
f 6162/1683/1946 6161/1710/1946 6163/1802/1946
f 6164/3359/1946 6165/3358/1946 6166/3369/1946
f 6166/3369/1946 6167/3368/1946 6164/3359/1946
f 6168/1663/1946 6169/1664/1946 6170/1748/1946
f 6170/1748/1946 6171/1712/1946 6168/1663/1946
f 6171/1712/1946 6170/1748/1946 6172/1793/1946
f 6173/1711/3398 6174/1710/3335 6175/1710/1945
f 6174/1710/3335 6173/1711/3398 6176/3426/3113
f 6176/3426/3113 6177/1802/3113 6174/1710/3335
f 6177/1802/3113 6176/3426/3113 6178/3427/3114
f 6178/3427/3114 6179/1803/3114 6177/1802/3113
f 6179/1803/3114 6178/3427/3114 6180/3428/3115
f 6180/3428/3115 6181/1952/3115 6179/1803/3114
f 6181/1952/3115 6180/3428/3115 6182/2110/3396
f 6182/2110/3396 6183/2111/3399 6181/1952/3115
f 6183/2111/3399 6182/2110/3396 6184/2110/1960
f 6185/1710/1945 6186/1711/1945 6187/1711/1945
f 6187/1711/1945 6188/1710/1945 6185/1710/1945
f 6189/1664/1946 6190/1663/1946 6191/1712/1946
f 6190/1663/1946 6189/1664/1946 6192/1664/1946
f 6192/1664/1946 6193/1663/1946 6190/1663/1946
f 6193/1663/1946 6192/1664/1946 6194/1748/1946
f 6194/1748/1946 6195/1712/1946 6193/1663/1946
f 6196/3429/1946 6197/3430/1946 6198/3431/1946
f 6198/3431/1946 6199/3432/1946 6196/3429/1946
f 6200/3433/1946 6201/3434/1946 6202/3435/1946
f 6202/3435/1946 6203/3436/1946 6200/3433/1946
f 6204/1683/1949 6205/1663/1949 6206/1712/3110
f 6206/1712/3110 6207/1726/3110 6204/1683/1949
f 6207/1726/3110 6206/1712/3110 6208/1793/3111
f 6208/1793/3111 6209/1803/3111 6207/1726/3110
f 6209/1803/3111 6208/1793/3111 6210/2029/3112
f 6210/2029/3112 6211/1959/3112 6209/1803/3111
f 6211/1959/3112 6210/2029/3112 6212/2107/1958
f 6212/2107/1958 6213/2114/1958 6211/1959/3112
f 6214/1663/1948 6215/1683/1948 6216/1726/3113
f 6216/1726/3113 6217/1712/3113 6214/1663/1948
f 6217/1712/3113 6216/1726/3113 6218/1803/3114
f 6218/1803/3114 6219/1793/3114 6217/1712/3113
f 6219/1793/3114 6218/1803/3114 6220/1959/3115
f 6220/1959/3115 6221/2029/3115 6219/1793/3114
f 6221/2029/3115 6220/1959/3115 6222/2114/1959
f 6222/2114/1959 6223/2107/1959 6221/2029/3115
f 6224/1663/1948 6225/1683/1948 6226/1726/3113
f 6226/1726/3113 6227/1712/3113 6224/1663/1948
f 6227/1712/3113 6226/1726/3113 6228/1803/3114
f 6228/1803/3114 6229/1793/3114 6227/1712/3113
f 6229/1793/3114 6228/1803/3114 6230/1959/3115
f 6230/1959/3115 6231/2029/3115 6229/1793/3114
f 6231/2029/3115 6230/1959/3115 6232/2114/1959
f 6232/2114/1959 6233/2107/1959 6231/2029/3115
f 6234/1762/1946 6235/1761/1946 6236/1760/1946
f 6236/1760/1946 6237/1760/1946 6234/1762/1946
f 6238/1731/1960 6239/1732/1960 6240/1732/1960
f 6240/1732/1960 6241/1731/1960 6238/1731/1960
f 6242/1680/1946 6243/1651/1946 6244/1733/1946
f 6244/1733/1946 6245/1733/1946 6242/1680/1946
f 6246/1669/1960 6247/3171/1960 6248/3171/1960
f 6248/3171/1960 6249/1669/1960 6246/1669/1960
f 6250/3399/1946 6251/3398/1946 6252/3437/1946
f 6252/3437/1946 6253/3438/1946 6250/3399/1946
f 6254/3401/1946 6255/3400/1946 6256/3439/1946
f 6256/3439/1946 6257/3440/1946 6254/3401/1946
f 6258/3403/1946 6259/3402/1946 6260/3441/1946
f 6260/3441/1946 6261/3442/1946 6258/3403/1946
f 6262/3405/1946 6263/3404/1946 6264/3443/1946
f 6264/3443/1946 6265/3444/1946 6262/3405/1946
f 6266/1711/1949 6267/1710/1949 6268/1802/3110
f 6268/1802/3110 6269/3426/3110 6266/1711/1949
f 6269/3426/3110 6268/1802/3110 6270/1803/3111
f 6270/1803/3111 6271/3427/3111 6269/3426/3110
f 6271/3427/3111 6270/1803/3111 6272/2016/3112
f 6272/2016/3112 6273/3445/3112 6271/3427/3111
f 6273/3445/3112 6272/2016/3112 6274/2111/1958
f 6274/2111/1958 6275/2110/1958 6273/3445/3112
f 6276/1711/1949 6277/1710/1949 6278/1802/3110
f 6278/1802/3110 6279/3426/3110 6276/1711/1949
f 6279/3426/3110 6278/1802/3110 6280/1803/3111
f 6280/1803/3111 6281/3427/3111 6279/3426/3110
f 6281/3427/3111 6280/1803/3111 6282/2016/3112
f 6282/2016/3112 6283/3445/3112 6281/3427/3111
f 6283/3445/3112 6282/2016/3112 6284/2111/1958
f 6284/2111/1958 6285/2110/1958 6283/3445/3112
f 6286/1710/1948 6287/1711/1948 6288/3426/3113
f 6288/3426/3113 6289/1802/3113 6286/1710/1948
f 6289/1802/3113 6288/3426/3113 6290/3427/3114
f 6290/3427/3114 6291/1803/3114 6289/1802/3113
f 6291/1803/3114 6290/3427/3114 6292/3428/3115
f 6292/3428/3115 6293/1952/3115 6291/1803/3114
f 6293/1952/3115 6292/3428/3115 6294/2110/1959
f 6294/2110/1959 6295/2111/1959 6293/1952/3115
f 6296/3432/1946 6297/3431/1946 6298/3446/1946
f 6298/3446/1946 6299/3447/1946 6296/3432/1946
f 6300/3436/1946 6301/3435/1946 6302/3448/1946
f 6302/3448/1946 6303/3449/1946 6300/3436/1946
f 6304/3430/1946 6305/3429/1946 6306/3450/1946
f 6306/3450/1946 6307/3451/1946 6304/3430/1946
f 6308/3434/1946 6309/3433/1946 6310/3452/1946
f 6310/3452/1946 6311/3453/1946 6308/3434/1946
f 6312/3423/1946 6313/3422/1946 6314/3454/1946
f 6314/3454/1946 6315/3455/1946 6312/3423/1946
f 6316/3423/1946 6317/3454/1946 6318/3422/1946
f 6317/3454/1946 6316/3423/1946 6319/3455/1946
f 6320/3425/1946 6321/3424/1946 6322/3456/1946
f 6322/3456/1946 6323/3457/1946 6320/3425/1946
f 6324/3425/1946 6325/3456/1946 6326/3424/1946
f 6325/3456/1946 6324/3425/1946 6327/3457/1946
f 6328/1760/1946 6329/1760/1946 6330/1761/1946
f 6329/1760/1946 6328/1760/1946 6331/1781/1946
f 6332/1802/1946 6333/1726/1946 6334/1683/1946
f 6333/1726/1946 6332/1802/1946 6335/1803/1946
f 6336/1732/1959 6337/1731/1959 6338/3458/3115
f 6338/3458/3115 6339/3459/3115 6336/1732/1959
f 6339/3459/3115 6338/3458/3115 6340/3460/3114
f 6340/3460/3114 6341/3461/3114 6339/3459/3115
f 6341/3461/3114 6340/3460/3114 6342/3462/3113
f 6342/3462/3113 6343/3463/3113 6341/3461/3114
f 6343/3463/3113 6342/3462/3113 6344/2089/1948
f 6344/2089/1948 6345/2088/1948 6343/3463/3113
f 6346/1732/1959 6347/1731/1959 6348/3458/3115
f 6348/3458/3115 6349/3459/3115 6346/1732/1959
f 6349/3459/3115 6348/3458/3115 6350/3460/3114
f 6350/3460/3114 6351/3461/3114 6349/3459/3115
f 6351/3461/3114 6350/3460/3114 6352/3462/3113
f 6352/3462/3113 6353/3463/3113 6351/3461/3114
f 6353/3463/3113 6352/3462/3113 6354/2089/1948
f 6354/2089/1948 6355/2088/1948 6353/3463/3113
f 6356/1731/1958 6357/1732/1958 6358/3459/3112
f 6358/3459/3112 6359/3458/3112 6356/1731/1958
f 6359/3458/3112 6358/3459/3112 6360/3461/3111
f 6360/3461/3111 6361/3460/3111 6359/3458/3112
f 6361/3460/3111 6360/3461/3111 6362/3463/3110
f 6362/3463/3110 6363/3462/3110 6361/3460/3111
f 6363/3462/3110 6362/3463/3110 6364/2088/1949
f 6364/2088/1949 6365/2089/1949 6363/3462/3110
f 6366/1731/1958 6367/1732/1958 6368/3459/3112
f 6368/3459/3112 6369/3458/3112 6366/1731/1958
f 6369/3458/3112 6368/3459/3112 6370/3461/3111
f 6370/3461/3111 6371/3460/3111 6369/3458/3112
f 6371/3460/3111 6370/3461/3111 6372/3463/3110
f 6372/3463/3110 6373/3462/3110 6371/3460/3111
f 6373/3462/3110 6372/3463/3110 6374/2088/1949
f 6374/2088/1949 6375/2089/1949 6373/3462/3110
f 6376/1726/1946 6377/1802/1946 6378/1710/1946
f 6377/1802/1946 6376/1726/1946 6379/1803/1946
f 6379/1803/1946 6380/1803/1946 6377/1802/1946
f 6381/3343/3400 6382/3344/3400 6383/3347/3401
f 6383/3347/3401 6384/3341/3402 6381/3343/3400
f 6384/3341/3402 6383/3347/3401 6385/1898/3403
f 6385/1898/3403 6386/3340/3404 6384/3341/3402
f 6386/3340/3404 6385/1898/3403 6387/3337/3405
f 6387/3337/3405 6388/3338/3406 6386/3340/3404
f 6389/3442/1946 6390/3441/1946 6391/3464/1946
f 6391/3464/1946 6392/3465/1946 6389/3442/1946
f 6393/3444/1946 6394/3443/1946 6395/3466/1946
f 6395/3466/1946 6396/3467/1946 6393/3444/1946
f 6397/3438/3407 6398/3437/3407 6399/3468/1946
f 6399/3468/1946 6400/3469/1946 6397/3438/3407
f 6401/3440/1946 6402/3439/1946 6403/3470/1946
f 6403/3470/1946 6404/3471/1946 6401/3440/1946
f 6405/1733/1946 6406/1733/1946 6407/3390/1946
f 6407/3390/1946 6408/1780/1946 6405/1733/1946
f 6409/1733/1946 6410/1733/1946 6411/1780/1946
f 6411/1780/1946 6412/3390/1946 6409/1733/1946
f 6413/3457/1946 6414/3456/1946 6415/3472/1946
f 6415/3472/1946 6416/3473/1946 6413/3457/1946
f 6417/3457/1946 6418/3472/1946 6419/3456/1946
f 6418/3472/1946 6417/3457/1946 6420/3473/1946
f 6421/1748/1946 6422/1712/1946 6423/1793/1946
f 6423/1793/1946 6424/1793/1946 6421/1748/1946
f 6424/1793/1946 6423/1793/1946 6425/2029/1946
f 6426/1748/1946 6427/1712/1946 6428/1793/1946
f 6428/1793/1946 6429/1793/1946 6426/1748/1946
f 6429/1793/1946 6428/1793/1946 6430/2029/1946
f 6431/3455/1946 6432/3454/1946 6433/3474/1946
f 6433/3474/1946 6434/3475/1946 6431/3455/1946
f 6435/3455/1946 6436/3474/1946 6437/3454/1946
f 6436/3474/1946 6435/3455/1946 6438/3475/1946
f 6439/3476/3408 6440/3476/3408 6441/3477/3409
f 6441/3477/3409 6442/3477/3410 6439/3476/3408
f 6443/3478/3411 6442/3477/3410 6441/3477/3409
f 6441/3477/3409 6444/3478/2922 6443/3478/3411
f 6443/3478/3411 6444/3478/2922 6445/3479/2921
f 6445/3479/2921 6446/3479/3412 6443/3478/3411
f 6446/3479/3412 6445/3479/2921 6447/3480/3413
f 6448/3481/3414 6446/3479/3412 6447/3480/3413
f 6449/1780/1946 6450/3390/1946 6451/1733/1946
f 6450/3390/1946 6449/1780/1946 6452/1879/1946
f 6453/3390/1946 6454/1780/1946 6455/1733/1946
f 6454/1780/1946 6453/3390/1946 6456/1873/1946
f 6456/1873/1946 6457/1879/1946 6454/1780/1946
f 6457/1879/1946 6456/1873/1946 6458/1873/1946
f 6458/1873/1946 6459/1879/1946 6457/1879/1946
f 6459/1879/1946 6458/1873/1946 6460/3390/1946
f 6460/3390/1946 6461/1780/1946 6459/1879/1946
f 6462/1802/1946 6463/1726/1946 6464/1803/1946
f 6464/1803/1946 6465/1803/1946 6462/1802/1946
f 6465/1803/1946 6464/1803/1946 6466/1959/1946
f 6467/1786/1946 6468/1781/1946 6469/1760/1946
f 6468/1781/1946 6467/1786/1946 6470/1866/1946
f 6471/3447/1946 6472/3446/1946 6473/3482/1946
f 6473/3482/1946 6474/3483/1946 6471/3447/1946
f 6475/3449/1946 6476/3448/1946 6477/3484/1946
f 6477/3484/1946 6478/3485/1946 6475/3449/1946
f 6479/3451/1946 6480/3450/1946 6481/3486/1946
f 6481/3486/1946 6482/3487/1946 6479/3451/1946
f 6483/3453/1946 6484/3452/1946 6485/3488/1946
f 6485/3488/1946 6486/3489/1946 6483/3453/1946
f 6487/3465/1946 6488/3464/1946 6489/3490/1946
f 6489/3490/1946 6490/3491/1946 6487/3465/1946
f 6491/3467/1946 6492/3466/1946 6493/3492/1946
f 6493/3492/1946 6494/3493/1946 6491/3467/1946
f 6495/3469/1946 6496/3468/1946 6497/3494/1946
f 6497/3494/1946 6498/3495/1946 6495/3469/1946
f 6499/3471/1946 6500/3470/1946 6501/3496/1946
f 6501/3496/1946 6502/3497/1946 6499/3471/1946
f 6503/1780/1946 6504/3390/1946 6505/1873/1946
f 6505/1873/1946 6506/1879/1946 6503/1780/1946
f 6506/1879/1946 6505/1873/1946 6507/1873/1946
f 6507/1873/1946 6508/1879/1946 6506/1879/1946
f 6508/1879/1946 6507/1873/1946 6509/3390/1946
f 6510/3498/3415 6511/3499/3416 6512/3499/3416
f 6512/3499/3416 6513/3498/3417 6510/3498/3415
f 6510/3498/3415 6513/3498/3417 6514/3500/3418
f 6514/3500/3418 6515/3500/3419 6510/3498/3415
f 6515/3500/3419 6514/3500/3418 6516/3501/3420
f 6516/3501/3420 6517/3501/3421 6515/3500/3419
f 6517/3501/3421 6516/3501/3420 6518/3502/3422
f 6519/3503/3423 6516/3501/3420 6514/3500/3418
f 6516/3501/3420 6519/3503/3423 6518/3502/3422
f 6519/3503/3423 6520/3504/3424 6518/3502/3422
f 6520/3504/3424 6521/3505/3425 6518/3502/3422
f 6521/3505/3425 6522/3506/3426 6518/3502/3422
f 6522/3506/3426 6523/3506/3427 6518/3502/3422
f 6523/3506/3427 6522/3506/3426 6524/3507/3428
f 6524/3507/3428 6525/3507/3429 6523/3506/3427
f 6514/3500/3418 6526/3508/3430 6519/3503/3423
f 6520/3504/3424 6519/3503/3423 6526/3508/3430
f 6526/3508/3430 6527/3509/3431 6520/3504/3424
f 6521/3505/3425 6520/3504/3424 6527/3509/3431
f 6527/3509/3431 6528/3510/3432 6521/3505/3425
f 6522/3506/3426 6521/3505/3425 6528/3510/3432
f 6528/3510/3432 6524/3507/3428 6522/3506/3426
f 6527/3509/3431 6526/3508/3430 6529/3511/3433
f 6529/3511/3433 6530/3512/3434 6527/3509/3431
f 6528/3510/3432 6527/3509/3431 6530/3512/3434
f 6530/3512/3434 6531/3513/3435 6528/3510/3432
f 6532/3514/3436 6531/3513/3435 6530/3512/3434
f 6530/3512/3434 6533/3515/1960 6532/3514/3436
f 6534/3516/3437 6532/3514/3436 6533/3515/1960
f 6533/3515/1960 6530/3512/3434 6529/3511/3433
f 6529/3511/3433 6535/3517/3438 6533/3515/1960
f 6536/3518/3439 6533/3515/1960 6535/3517/3438
f 6533/3515/1960 6536/3518/3439 6534/3516/3437
f 6534/3516/3437 6536/3518/3439 6537/3519/3440
f 6537/3519/3440 6538/3520/3441 6534/3516/3437
f 6539/3521/3442 6538/3520/3441 6537/3519/3440
f 6538/3520/3441 6539/3521/3442 6540/3522/3443
f 6540/3522/3443 6541/3523/3444 6538/3520/3441
f 6535/3517/3438 6542/3524/3445 6536/3518/3439
f 6536/3518/3439 6542/3524/3445 6543/3525/3446
f 6543/3525/3446 6537/3519/3440 6536/3518/3439
f 6544/3526/3447 6537/3519/3440 6543/3525/3446
f 6537/3519/3440 6544/3526/3447 6539/3521/3442
f 6539/3521/3442 6544/3526/3447 6545/3527/3448
f 6540/3522/3443 6539/3521/3442 6545/3527/3448
f 6546/3522/3449 6540/3522/3443 6545/3527/3448
f 6541/3523/3444 6540/3522/3443 6546/3522/3449
f 6546/3522/3449 6547/3523/3450 6541/3523/3444
f 6541/3523/3444 6547/3523/3450 6548/3528/3451
f 6548/3528/3451 6549/3528/3452 6541/3523/3444
f 6550/3529/3453 6549/3528/3452 6548/3528/3451
f 6543/3525/3446 6551/3530/3454 6544/3526/3447
f 6544/3526/3447 6551/3530/3454 6545/3527/3448
f 6551/3530/3454 6552/3531/3455 6545/3527/3448
f 6552/3531/3455 6553/3531/3456 6545/3527/3448
f 6554/3532/3457 6553/3531/3456 6552/3531/3455
f 6552/3531/3455 6555/3532/3458 6554/3532/3457
f 6554/3532/3457 6555/3532/3458 6556/3533/3459
f 6556/3533/3459 6557/3533/3460 6554/3532/3457
f 6551/3530/3454 6543/3525/3446 6555/3532/3458
f 6555/3532/3458 6552/3531/3455 6551/3530/3454
f 6548/3528/3451 6558/3529/3453 6550/3529/3453
f 6559/3499/3461 6557/3533/3460 6556/3533/3459
f 6556/3533/3459 6560/3499/3461 6559/3499/3461
f 6525/3507/3429 6524/3507/3428 6561/3534/3462
f 6561/3534/3462 6562/3534/3463 6525/3507/3429
f 6563/3529/3464 6562/3534/3463 6561/3534/3462
f 6561/3534/3462 6564/3529/3464 6563/3529/3464
f 6565/1803/1946 6566/1803/1946 6567/1726/1946
f 6566/1803/1946 6565/1803/1946 6568/1952/1946
f 6569/1781/1946 6570/1786/1946 6571/1866/1946
f 6571/1866/1946 6572/1844/1946 6569/1781/1946
f 6572/1844/1946 6571/1866/1946 6573/1866/1946
f 6574/3535/3465 6575/3535/3465 6576/3536/3466
f 6576/3536/3466 6577/3536/3467 6574/3535/3465
f 6578/3537/3468 6577/3536/3467 6576/3536/3466
f 6576/3536/3466 6579/3537/3469 6578/3537/3468
f 6580/3538/3470 6578/3537/3468 6579/3537/3469
f 6578/3537/3468 6580/3538/3470 6581/3539/3471
f 6581/3539/3471 6582/3540/3472 6578/3537/3468
f 6582/3540/3472 6581/3539/3471 6583/3541/3473
f 6583/3541/3473 6584/3542/3474 6582/3540/3472
f 6585/3543/3475 6582/3540/3472 6584/3542/3474
f 6579/3537/3469 6586/3538/3476 6580/3538/3470
f 6580/3538/3470 6586/3538/3476 6587/3544/3477
f 6581/3539/3471 6580/3538/3470 6587/3544/3477
f 6583/3541/3473 6581/3539/3471 6587/3544/3477
f 6588/3545/3478 6583/3541/3473 6587/3544/3477
f 6584/3542/3474 6583/3541/3473 6588/3545/3478
f 6588/3545/3478 6589/3546/3479 6584/3542/3474
f 6589/3546/3479 6588/3545/3478 6590/3547/3480
f 6590/3547/3480 6591/3548/3481 6589/3546/3479
f 6592/3549/3482 6589/3546/3479 6591/3548/3481
f 6591/3548/3481 6593/3550/3483 6592/3549/3482
f 6590/3547/3480 6588/3545/3478 6587/3544/3477
f 6594/3547/3484 6590/3547/3480 6587/3544/3477
f 6591/3548/3481 6590/3547/3480 6594/3547/3484
f 6594/3547/3484 6595/3548/3485 6591/3548/3481
f 6593/3550/3483 6591/3548/3481 6595/3548/3485
f 6595/3548/3485 6596/3550/3486 6593/3550/3483
f 6593/3550/3483 6596/3550/3486 6597/3476/3487
f 6597/3476/3487 6598/3476/3487 6593/3550/3483
f 6584/3542/3474 6599/3551/3488 6585/3543/3475
f 6585/3543/3475 6599/3551/3488 6600/3552/3489
f 6600/3552/3489 6601/3553/3490 6585/3543/3475
f 6601/3553/3490 6600/3552/3489 6602/3554/3491
f 6602/3554/3491 6603/3555/3492 6601/3553/3490
f 6604/3556/3493 6603/3555/3492 6602/3554/3491
f 6602/3554/3491 6605/3557/3494 6604/3556/3493
f 6606/3558/3495 6600/3552/3489 6599/3551/3488
f 6600/3552/3489 6606/3558/3495 6607/3559/3496
f 6607/3559/3496 6602/3554/3491 6600/3552/3489
f 6605/3557/3494 6602/3554/3491 6607/3559/3496
f 6607/3559/3496 6608/3560/3497 6605/3557/3494
f 6599/3551/3488 6609/3549/3498 6606/3558/3495
f 6610/3473/1946 6611/3472/1946 6612/3561/1946
f 6612/3561/1946 6613/3562/1946 6610/3473/1946
f 6614/3473/1946 6615/3561/1946 6616/3472/1946
f 6615/3561/1946 6614/3473/1946 6617/3562/1946
f 6618/3421/1945 6619/3420/1945 6620/3420/1945
f 6620/3420/1945 6621/3421/1945 6618/3421/1945
f 6622/3475/1946 6623/3563/1946 6624/3474/1946
f 6623/3563/1946 6622/3475/1946 6625/3564/1946
f 6626/3475/1946 6627/3474/1946 6628/3563/1946
f 6628/3563/1946 6629/3564/1946 6626/3475/1946
f 6630/2243/1945 6631/2242/1945 6632/2312/1945
f 6632/2312/1945 6633/2313/1945 6630/2243/1945
f 6634/3491/1946 6635/3490/1946 6636/3495/1946
f 6636/3495/1946 6637/3494/1946 6634/3491/1946
f 6638/3493/1946 6639/3492/1946 6640/3497/1946
f 6640/3497/1946 6641/3496/1946 6638/3493/1946
f 6642/1874/1960 6643/1873/1960 6644/1873/1960
f 6644/1873/1960 6645/1874/1960 6642/1874/1960
f 6646/1844/1946 6647/1866/1946 6648/1786/1946
f 6647/1866/1946 6646/1844/1946 6649/1844/1946
f 6650/1844/1960 6651/1879/1960 6652/1879/1960
f 6652/1879/1960 6653/1844/1960 6650/1844/1960
f 6654/1866/1946 6655/1844/1946 6656/1844/1946
f 6656/1844/1946 6657/1866/1946 6654/1866/1946
f 6658/3562/1946 6659/3564/1946 6660/3561/1946
f 6659/3564/1946 6658/3562/1946 6661/3563/1946
f 6662/3562/1946 6663/3561/1946 6664/3564/1946
f 6664/3564/1946 6665/3563/1946 6662/3562/1946
f 6666/3565/3408 6667/3566/3408 6668/3567/3499
f 6668/3567/3499 6669/3567/3500 6666/3565/3408
f 6670/3568/3501 6669/3567/3500 6668/3567/3499
f 6668/3567/3499 6671/3568/2922 6670/3568/3501
f 6670/3568/3501 6671/3568/2922 6672/3569/2921
f 6672/3569/2921 6673/3569/3502 6670/3568/3501
f 6674/3570/3503 6670/3568/3501 6673/3569/3502
f 6673/3569/3502 6675/3571/3504 6674/3570/3503
f 6676/3572/3505 6674/3570/3503 6675/3571/3504
f 6677/3573/3506 6674/3570/3503 6676/3572/3505
f 6673/3569/3502 6672/3569/2921 6678/3574/3507
f 6675/3571/3504 6673/3569/3502 6678/3574/3507
f 6679/3575/3508 6675/3571/3504 6678/3574/3507
f 6675/3571/3504 6679/3575/3508 6676/3572/3505
f 6680/3576/3509 6676/3572/3505 6679/3575/3508
f 6681/3577/3510 6676/3572/3505 6680/3576/3509
f 6676/3572/3505 6681/3577/3510 6677/3573/3506
f 6677/3573/3506 6681/3577/3510 6682/3578/1960
f 6682/3578/1960 6683/3579/3511 6677/3573/3506
f 6683/3579/3511 6682/3578/1960 6684/3580/3512
f 6684/3580/3512 6685/3581/3513 6683/3579/3511
f 6686/3582/3514 6679/3575/3508 6678/3574/3507
f 6679/3575/3508 6686/3582/3514 6680/3576/3509
f 6687/3583/3515 6680/3576/3509 6686/3582/3514
f 6686/3582/3514 6688/3584/3516 6687/3583/3515
f 6689/3583/2907 6687/3583/3515 6688/3584/3516
f 6690/3585/3517 6687/3583/3515 6689/3583/2907
f 6688/3584/3516 6686/3582/3514 6678/3574/3507
f 6691/3584/2914 6688/3584/3516 6678/3574/3507
f 6688/3584/3516 6691/3584/2914 6689/3583/2907
f 6689/3583/2907 6692/3585/3518 6690/3585/3517
f 6690/3585/3517 6692/3585/3518 6693/3586/3519
f 6693/3586/3519 6694/3586/3519 6690/3585/3517
f 6695/3587/3520 6685/3581/3513 6684/3580/3512
f 6684/3580/3512 6696/3588/3521 6695/3587/3520
f 6697/3589/3522 6695/3587/3520 6696/3588/3521
f 6695/3587/3520 6697/3589/3522 6698/3590/3523
f 6698/3590/3523 6699/3591/3524 6695/3587/3520
f 6699/3591/3524 6698/3590/3523 6700/3590/3484
f 6700/3590/3484 6701/3591/3525 6699/3591/3524
f 6702/3592/3526 6699/3591/3524 6701/3591/3525
f 6696/3588/3521 6684/3580/3512 6703/3593/3527
f 6703/3593/3527 6704/3594/3528 6696/3588/3521
f 6705/3595/3529 6696/3588/3521 6704/3594/3528
f 6696/3588/3521 6705/3595/3529 6697/3589/3522
f 6697/3589/3522 6705/3595/3529 6706/3596/3530
f 6698/3590/3523 6697/3589/3522 6706/3596/3530
f 6700/3590/3484 6698/3590/3523 6706/3596/3530
f 6703/3593/3527 6684/3580/3512 6682/3578/1960
f 6682/3578/1960 6707/3597/3531 6703/3593/3527
f 6707/3597/3531 6682/3578/1960 6681/3577/3510
f 6681/3577/3510 6708/3598/3532 6707/3597/3531
f 6680/3576/3509 6708/3598/3532 6681/3577/3510
f 6701/3591/3525 6709/3592/3533 6702/3592/3526
f 6702/3592/3526 6709/3592/3533 6710/3566/3487
f 6710/3566/3487 6711/3565/3487 6702/3592/3526
f 6712/3586/3465 6713/3586/3465 6714/3599/3466
f 6714/3599/3466 6715/3599/3534 6712/3586/3465
f 6716/3600/3535 6715/3599/3534 6714/3599/3466
f 6714/3599/3466 6717/3600/3469 6716/3600/3535
f 6718/3601/3536 6716/3600/3535 6717/3600/3469
f 6716/3600/3535 6718/3601/3536 6719/3602/3537
f 6719/3602/3537 6704/3594/3528 6716/3600/3535
f 6704/3594/3528 6719/3602/3537 6705/3595/3529
f 6705/3595/3529 6719/3602/3537 6706/3596/3530
f 6719/3602/3537 6718/3601/3536 6706/3596/3530
f 6718/3601/3536 6720/3601/3476 6706/3596/3530
f 6717/3600/3469 6720/3601/3476 6718/3601/3536
f 6721/3535/3519 6722/3535/3519 6723/3603/3538
f 6723/3603/3538 6724/3603/3518 6721/3535/3519
f 6725/3604/2907 6724/3603/3518 6723/3603/3538
f 6723/3603/3538 6726/3605/2907 6725/3604/2907
f 6725/3604/2907 6726/3605/2907 6727/3606/3539
f 6727/3606/3539 6728/3606/2914 6725/3604/2907
f 6728/3606/2914 6727/3606/3539 6729/3480/3540
f 6727/3606/3539 6730/3607/3541 6729/3480/3540
f 6731/1997/3542 6732/1928/2004 6733/1918/2004
f 6733/1918/2004 6734/1917/3543 6731/1997/3542
f 6735/1998/3544 6731/1997/3542 6734/1917/3543
f 6734/1917/3543 6736/1978/3544 6735/1998/3544
f 6737/2059/3036 6735/1998/3544 6736/1978/3544
f 6736/1978/3544 6738/3608/3545 6737/2059/3036
f 6739/2115/3546 6737/2059/3036 6738/3608/3545
f 6738/3608/3545 6740/2160/3546 6739/2115/3546
f 6741/2175/2092 6739/2115/3546 6740/2160/3546
f 6740/2160/3546 6742/2159/2092 6741/2175/2092
f 6743/1918/2003 6744/1928/2003 6745/1997/3547
f 6745/1997/3547 6746/1917/3548 6743/1918/2003
f 6746/1917/3548 6745/1997/3547 6747/1998/3549
f 6747/1998/3549 6748/1978/3549 6746/1917/3548
f 6748/1978/3549 6747/1998/3549 6749/2059/3550
f 6749/2059/3550 6750/3608/3551 6748/1978/3549
f 6750/3608/3551 6749/2059/3550 6751/2115/3552
f 6751/2115/3552 6752/2160/3552 6750/3608/3551
f 6752/2160/3552 6751/2115/3552 6753/2175/2091
f 6753/2175/2091 6754/2159/2091 6752/2160/3552
f 6755/3609/3465 6756/3609/3465 6757/3610/3466
f 6757/3610/3466 6758/3610/3553 6755/3609/3465
f 6759/3611/3554 6758/3610/3553 6757/3610/3466
f 6757/3610/3466 6760/3611/3469 6759/3611/3554
f 6761/3612/3555 6759/3611/3554 6760/3611/3469
f 6759/3611/3554 6761/3612/3555 6762/3613/3556
f 6762/3613/3556 6763/3614/3557 6759/3611/3554
f 6763/3614/3557 6762/3613/3556 6764/3615/3558
f 6764/3615/3558 6765/3616/3559 6763/3614/3557
f 6760/3611/3469 6766/3612/3476 6761/3612/3555
f 6761/3612/3555 6766/3612/3476 6767/3617/3560
f 6762/3613/3556 6761/3612/3555 6767/3617/3560
f 6764/3615/3558 6762/3613/3556 6767/3617/3560
f 6768/3618/3408 6769/3618/3408 6770/3619/3499
f 6770/3619/3499 6771/3619/3561 6768/3618/3408
f 6772/3620/3562 6771/3619/3561 6770/3619/3499
f 6770/3619/3499 6773/3620/2922 6772/3620/3562
f 6772/3620/3562 6773/3620/2922 6774/3621/2921
f 6774/3621/2921 6775/3621/3563 6772/3620/3562
f 6776/3622/3564 6772/3620/3562 6775/3621/3563
f 6775/3621/3563 6777/3623/3565 6776/3622/3564
f 6777/3623/3565 6775/3621/3563 6778/3624/3566
f 6779/3625/3567 6777/3623/3565 6778/3624/3566
f 6775/3621/3563 6774/3621/2921 6778/3624/3566
f 6780/3626/3568 6781/1918/2012 6782/1928/2012
f 6782/1928/2012 6783/1943/3568 6780/3626/3568
f 6784/3627/3569 6780/3626/3568 6783/1943/3568
f 6783/1943/3568 6785/2015/3056 6784/3627/3569
f 6786/2147/3570 6784/3627/3569 6785/2015/3056
f 6785/2015/3056 6787/2073/3570 6786/2147/3570
f 6788/2146/3571 6786/2147/3570 6787/2073/3570
f 6787/2073/3570 6789/2121/3572 6788/2146/3571
f 6790/2159/2094 6788/2146/3571 6789/2121/3572
f 6789/2121/3572 6791/2175/2094 6790/2159/2094
f 6792/1928/2011 6793/1918/2011 6794/3626/3573
f 6794/3626/3573 6795/1943/3573 6792/1928/2011
f 6795/1943/3573 6794/3626/3573 6796/3627/3574
f 6796/3627/3574 6797/2015/3575 6795/1943/3573
f 6797/2015/3575 6796/3627/3574 6798/2147/3576
f 6798/2147/3576 6799/2073/3576 6797/2015/3575
f 6799/2073/3576 6798/2147/3576 6800/2146/3577
f 6800/2146/3577 6801/2121/3578 6799/2073/3576
f 6801/2121/3578 6800/2146/3577 6802/2159/2093
f 6802/2159/2093 6803/2175/2093 6801/2121/3578
f 6804/1928/1946 6805/1997/1946 6806/1926/1946
f 6807/1999/1946 6806/1926/1946 6805/1997/1946
f 6808/3487/1946 6809/3486/1946 6810/3628/1946
f 6810/3628/1946 6811/3629/1946 6808/3487/1946
f 6812/3489/1946 6813/3488/1946 6814/3630/1946
f 6814/3630/1946 6815/3631/1946 6812/3489/1946
f 6816/3632/3542 6817/3633/2004 6818/1927/2004
f 6818/1927/2004 6819/1926/3543 6816/3632/3542
f 6820/3634/3544 6816/3632/3542 6819/1926/3543
f 6819/1926/3543 6821/1999/3544 6820/3634/3544
f 6822/3635/3036 6820/3634/3544 6821/1999/3544
f 6821/1999/3544 6823/2049/3545 6822/3635/3036
f 6824/3636/3546 6822/3635/3036 6823/2049/3545
f 6823/2049/3545 6825/2104/3546 6824/3636/3546
f 6826/3637/2092 6824/3636/3546 6825/2104/3546
f 6825/2104/3546 6827/2156/2092 6826/3637/2092
f 6828/1927/2003 6829/3633/2003 6830/3632/3547
f 6830/3632/3547 6831/1926/3548 6828/1927/2003
f 6831/1926/3548 6830/3632/3547 6832/3634/3549
f 6832/3634/3549 6833/1999/3549 6831/1926/3548
f 6833/1999/3549 6832/3634/3549 6834/3635/3550
f 6834/3635/3550 6835/2049/3551 6833/1999/3549
f 6835/2049/3551 6834/3635/3550 6836/3636/3552
f 6836/3636/3552 6837/2104/3552 6835/2049/3551
f 6837/2104/3552 6836/3636/3552 6838/3637/2091
f 6838/3637/2091 6839/2156/2091 6837/2104/3552
f 6840/1917/1947 6841/1944/1947 6842/1919/1947
f 6842/1919/1947 6843/1918/1947 6840/1917/1947
f 6843/1918/1947 6842/1919/1947 6844/1945/1947
f 6844/1945/1947 6845/3626/1947 6843/1918/1947
f 6845/3626/1947 6844/1945/1947 6846/3638/1947
f 6846/3638/1947 6847/3627/1947 6845/3626/1947
f 6848/3483/1946 6849/3482/1946 6850/3639/1946
f 6850/3639/1946 6851/3640/1946 6848/3483/1946
f 6852/3485/1946 6853/3484/1946 6854/3641/1946
f 6854/3641/1946 6855/3642/1946 6852/3485/1946
f 6856/3643/3579 6857/3644/3580 6858/3645/3581
f 6858/3645/3581 6859/3646/3582 6856/3643/3579
f 6860/3647/3583 6856/3643/3579 6859/3646/3582
f 6861/3648/3584 6856/3643/3579 6860/3647/3583
f 6860/3647/3583 6862/3649/3585 6861/3648/3584
f 6863/3650/3586 6861/3648/3584 6862/3649/3585
f 6859/3646/3582 6858/3645/3581 6864/3651/3587
f 6864/3651/3587 6865/3652/3588 6859/3646/3582
f 6866/3653/3589 6859/3646/3582 6865/3652/3588
f 6859/3646/3582 6866/3653/3589 6860/3647/3583
f 6867/3654/3590 6860/3647/3583 6866/3653/3589
f 6868/3649/3591 6860/3647/3583 6867/3654/3590
f 6867/3654/3590 6869/3655/3591 6868/3649/3591
f 6870/3656/3592 6868/3649/3591 6869/3655/3591
f 6871/3657/3593 6864/3651/3587 6858/3645/3581
f 6864/3651/3587 6871/3657/3593 6872/3658/3594
f 6865/3652/3588 6864/3651/3587 6872/3658/3594
f 6873/3659/3595 6865/3652/3588 6872/3658/3594
f 6865/3652/3588 6873/3659/3595 6866/3653/3589
f 6874/3660/3596 6866/3653/3589 6873/3659/3595
f 6866/3653/3589 6874/3660/3596 6867/3654/3590
f 6858/3645/3581 6875/3661/3597 6871/3657/3593
f 6876/3662/3598 6871/3657/3593 6875/3661/3597
f 6871/3657/3593 6876/3662/3598 6872/3658/3594
f 6876/3662/3598 6877/3663/3599 6872/3658/3594
f 6877/3663/3599 6876/3662/3598 6878/3664/3600
f 6878/3664/3600 6879/3665/3601 6877/3663/3599
f 6879/3665/3601 6878/3664/3600 6880/3666/3602
f 6880/3666/3602 6881/3667/3603 6879/3665/3601
f 6882/3668/3604 6881/3667/3603 6880/3666/3602
f 6875/3661/3597 6878/3664/3600 6876/3662/3598
f 6878/3664/3600 6875/3661/3597 6883/3669/3605
f 6883/3669/3605 6880/3666/3602 6878/3664/3600
f 6884/3670/3606 6880/3666/3602 6883/3669/3605
f 6880/3666/3602 6884/3670/3606 6882/3668/3604
f 6885/3671/3607 6882/3668/3604 6884/3670/3606
f 6884/3670/3606 6886/3672/3608 6885/3671/3607
f 6885/3671/3607 6886/3672/3608 6887/3673/3609
f 6887/3673/3609 6888/3674/3610 6885/3671/3607
f 6889/3675/3611 6888/3674/3610 6887/3673/3609
f 6883/3669/3605 6890/3676/3612 6884/3670/3606
f 6886/3672/3608 6884/3670/3606 6890/3676/3612
f 6890/3676/3612 6891/3677/3613 6886/3672/3608
f 6886/3672/3608 6891/3677/3613 6892/3678/3614
f 6892/3678/3614 6887/3673/3609 6886/3672/3608
f 6893/3679/3615 6887/3673/3609 6892/3678/3614
f 6887/3673/3609 6893/3679/3615 6889/3675/3611
f 6889/3675/3611 6893/3679/3615 6894/3680/3616
f 6893/3679/3615 6895/3681/3617 6894/3680/3616
f 6895/3681/3617 6896/3682/3618 6894/3680/3616
f 6896/3682/3618 6897/3683/3619 6894/3680/3616
f 6897/3683/3619 6898/3684/3620 6894/3680/3616
f 6898/3684/3620 6899/3685/3621 6894/3680/3616
f 6892/3678/3614 6895/3681/3617 6893/3679/3615
f 6895/3681/3617 6892/3678/3614 6900/3686/3622
f 6900/3686/3622 6896/3682/3618 6895/3681/3617
f 6896/3682/3618 6900/3686/3622 6901/3687/3623
f 6901/3687/3623 6897/3683/3619 6896/3682/3618
f 6897/3683/3619 6901/3687/3623 6902/3688/3624
f 6902/3688/3624 6898/3684/3620 6897/3683/3619
f 6898/3684/3620 6902/3688/3624 6903/3689/3625
f 6903/3689/3625 6899/3685/3621 6898/3684/3620
f 6901/3687/3623 6900/3686/3622 6904/3690/3626
f 6904/3690/3626 6863/3650/3586 6901/3687/3623
f 6902/3688/3624 6901/3687/3623 6863/3650/3586
f 6863/3650/3586 6905/3656/3627 6902/3688/3624
f 6862/3649/3585 6905/3656/3627 6863/3650/3586
f 6903/3689/3625 6902/3688/3624 6870/3656/3592
f 6870/3656/3592 6906/3691/3628 6903/3689/3625
f 6869/3655/3591 6906/3691/3628 6870/3656/3592
f 6873/3659/3595 6907/3692/3629 6874/3660/3596
f 6907/3692/3629 6873/3659/3595 6872/3658/3594
f 6908/1969/3568 6909/1927/2012 6910/3633/2012
f 6910/3633/2012 6911/3693/3568 6908/1969/3568
f 6912/2038/3569 6908/1969/3568 6911/3693/3568
f 6911/3693/3568 6913/3694/3056 6912/2038/3569
f 6914/2087/3570 6912/2038/3569 6913/3694/3056
f 6913/3694/3056 6915/3695/3570 6914/2087/3570
f 6916/2142/3571 6914/2087/3570 6915/3695/3570
f 6915/3695/3570 6917/3696/3572 6916/2142/3571
f 6918/2156/2094 6916/2142/3571 6917/3696/3572
f 6917/3696/3572 6919/3637/2094 6918/2156/2094
f 6920/3633/2011 6921/1927/2011 6922/1969/3573
f 6922/1969/3573 6923/3693/3573 6920/3633/2011
f 6923/3693/3573 6922/1969/3573 6924/2038/3574
f 6924/2038/3574 6925/3694/3575 6923/3693/3573
f 6925/3694/3575 6924/2038/3574 6926/2087/3576
f 6926/2087/3576 6927/3695/3576 6925/3694/3575
f 6927/3695/3576 6926/2087/3576 6928/2142/3577
f 6928/2142/3577 6929/3696/3578 6927/3695/3576
f 6929/3696/3578 6928/2142/3577 6930/2156/2093
f 6930/2156/2093 6931/3637/2093 6929/3696/3578
f 6932/3697/1946 6933/3698/1946 6934/3699/1946
f 6934/3699/1946 6935/3700/1946 6932/3697/1946
f 6936/3701/1946 6937/3702/1946 6938/3703/1946
f 6938/3703/1946 6939/3704/1946 6936/3701/1946
f 6940/3705/1946 6941/3699/1946 6942/3698/1946
f 6942/3698/1946 6943/3706/1946 6940/3705/1946
f 6944/3702/1946 6945/3701/1946 6946/3707/1946
f 6946/3707/1946 6947/3708/1946 6944/3702/1946
f 6948/3709/3572 6949/3710/2094 6950/3711/2094
f 6950/3711/2094 6951/3712/3571 6948/3709/3572
f 6952/3713/3570 6948/3709/3572 6951/3712/3571
f 6951/3712/3571 6953/3714/3570 6952/3713/3570
f 6954/3715/3056 6952/3713/3570 6953/3714/3570
f 6953/3714/3570 6955/3716/3569 6954/3715/3056
f 6956/3717/3568 6954/3715/3056 6955/3716/3569
f 6955/3716/3569 6957/3718/3568 6956/3717/3568
f 6958/3719/2012 6956/3717/3568 6957/3718/3568
f 6957/3718/3568 6959/3720/2012 6958/3719/2012
f 6960/3711/2093 6961/3710/2093 6962/3709/3578
f 6962/3709/3578 6963/3712/3577 6960/3711/2093
f 6963/3712/3577 6962/3709/3578 6964/3713/3576
f 6964/3713/3576 6965/3714/3576 6963/3712/3577
f 6965/3714/3576 6964/3713/3576 6966/3715/3575
f 6966/3715/3575 6967/3716/3574 6965/3714/3576
f 6967/3716/3574 6966/3715/3575 6968/3717/3573
f 6968/3717/3573 6969/3718/3573 6967/3716/3574
f 6969/3718/3573 6968/3717/3573 6970/3719/2011
f 6970/3719/2011 6971/3720/2011 6969/3718/3573
f 6972/1793/1946 6973/1793/1946 6974/1964/1946
f 6974/1964/1946 6975/2029/1946 6972/1793/1946
f 6976/1918/1947 6977/3626/1947 6978/1945/1947
f 6979/3638/1947 6978/1945/1947 6977/3626/1947
f 6977/3626/1947 6980/3627/1947 6979/3638/1947
f 6981/1943/1946 6982/1969/1946 6983/1927/1946
f 6983/1927/1946 6984/1928/1946 6981/1943/1946
f 6984/1928/1946 6983/1927/1946 6985/1926/1946
f 6985/1926/1946 6986/1997/1946 6984/1928/1946
f 6986/1997/1946 6985/1926/1946 6987/1999/1946
f 6988/3721/3546 6989/3711/2092 6990/3710/2092
f 6990/3710/2092 6991/3722/3546 6988/3721/3546
f 6992/3723/3545 6988/3721/3546 6991/3722/3546
f 6991/3722/3546 6993/3724/3036 6992/3723/3545
f 6994/3725/3544 6992/3723/3545 6993/3724/3036
f 6993/3724/3036 6995/3726/3544 6994/3725/3544
f 6996/3727/3543 6994/3725/3544 6995/3726/3544
f 6995/3726/3544 6997/3728/3542 6996/3727/3543
f 6998/3720/2004 6996/3727/3543 6997/3728/3542
f 6997/3728/3542 6999/3719/2004 6998/3720/2004
f 7000/3710/2091 7001/3711/2091 7002/3721/3552
f 7002/3721/3552 7003/3722/3552 7000/3710/2091
f 7003/3722/3552 7002/3721/3552 7004/3723/3551
f 7004/3723/3551 7005/3724/3550 7003/3722/3552
f 7005/3724/3550 7004/3723/3551 7006/3725/3549
f 7006/3725/3549 7007/3726/3549 7005/3724/3550
f 7007/3726/3549 7006/3725/3549 7008/3727/3548
f 7008/3727/3548 7009/3728/3547 7007/3726/3549
f 7009/3728/3547 7008/3727/3548 7010/3720/2003
f 7010/3720/2003 7011/3719/2003 7009/3728/3547
f 7012/2172/3111 7013/3729/3111 7014/3730/3111
f 7014/3730/3111 7015/2173/3111 7012/2172/3111
f 7016/3729/3630 7017/3729/3630 7018/2172/3630
f 7018/2172/3630 7019/2172/3630 7016/3729/3630
f 7020/3730/3631 7021/3730/3631 7022/2173/3631
f 7022/2173/3631 7023/2173/3631 7020/3730/3631
f 7024/2243/3114 7025/2313/3114 7026/3731/3114
f 7026/3731/3114 7027/2240/3114 7024/2243/3114
f 7028/3732/1946 7029/3697/1946 7030/3700/1946
f 7030/3700/1946 7031/3733/1946 7028/3732/1946
f 7032/3704/1946 7033/3703/1946 7034/3734/1946
f 7034/3734/1946 7035/3735/1946 7032/3704/1946
f 7036/1999/1946 7037/1998/1946 7038/1997/1946
f 7037/1998/1946 7036/1999/1946 7039/2049/1946
f 7040/1944/1947 7041/2002/1947 7042/1978/1947
f 7043/3608/1947 7042/1978/1947 7041/2002/1947
f 7041/2002/1947 7044/3736/1947 7043/3608/1947
f 7045/3609/3519 7046/3609/3519 7047/3737/3632
f 7047/3737/3632 7048/3737/3518 7045/3609/3519
f 7049/3738/2907 7048/3737/3518 7047/3737/3632
f 7047/3737/3632 7050/3738/3633 7049/3738/2907
f 7049/3738/2907 7050/3738/3633 7051/3739/3634
f 7051/3739/3634 7052/3739/2914 7049/3738/2907
f 7052/3739/2914 7051/3739/3634 7053/3740/3635
f 7051/3739/3634 7054/3741/3636 7053/3740/3635
f 7054/3741/3636 7055/3742/3637 7053/3740/3635
f 7055/3742/3637 7054/3741/3636 7056/3743/3638
f 7056/3743/3638 7057/3744/3639 7055/3742/3637
f 7054/3741/3636 7051/3739/3634 7050/3738/3633
f 7050/3738/3633 7056/3743/3638 7054/3741/3636
f 7058/1969/1946 7059/1943/1946 7060/2015/1946
f 7060/2015/1946 7061/2038/1946 7058/1969/1946
f 7062/1959/1946 7063/2016/1946 7064/1803/1946
f 7063/2016/1946 7062/1959/1946 7065/2114/1946
f 7065/2114/1946 7066/2111/1946 7063/2016/1946
f 7066/2111/1946 7065/2114/1946 7067/2114/1946
f 7067/2114/1946 7068/2111/1946 7066/2111/1946
f 7069/1952/1946 7070/1959/1946 7071/1803/1946
f 7070/1959/1946 7069/1952/1946 7072/2111/1946
f 7072/2111/1946 7073/2114/1946 7070/1959/1946
f 7074/3745/3533 7075/3746/3487 7076/3746/3487
f 7076/3746/3487 7077/3745/3526 7074/3745/3533
f 7074/3745/3533 7077/3745/3526 7078/3747/3640
f 7078/3747/3640 7079/3747/3525 7074/3745/3533
f 7079/3747/3525 7078/3747/3640 7080/3748/3641
f 7080/3748/3641 7081/3748/3484 7079/3747/3525
f 7081/3748/3484 7080/3748/3641 7082/3749/3530
f 7083/3750/3642 7080/3748/3641 7078/3747/3640
f 7080/3748/3641 7083/3750/3642 7082/3749/3530
f 7083/3750/3642 7084/3751/3643 7082/3749/3530
f 7084/3751/3643 7085/3752/3644 7082/3749/3530
f 7085/3752/3644 7086/3753/3645 7082/3749/3530
f 7086/3753/3645 7087/3753/3476 7082/3749/3530
f 7087/3753/3476 7086/3753/3645 7088/3754/3646
f 7088/3754/3646 7089/3754/3469 7087/3753/3476
f 7078/3747/3640 7090/3755/3647 7083/3750/3642
f 7084/3751/3643 7083/3750/3642 7090/3755/3647
f 7090/3755/3647 7091/3756/3648 7084/3751/3643
f 7085/3752/3644 7084/3751/3643 7091/3756/3648
f 7091/3756/3648 7092/3757/3649 7085/3752/3644
f 7086/3753/3645 7085/3752/3644 7092/3757/3649
f 7092/3757/3649 7088/3754/3646 7086/3753/3645
f 7091/3756/3648 7090/3755/3647 7093/3758/3650
f 7093/3758/3650 7094/3759/3651 7091/3756/3648
f 7095/3760/1960 7094/3759/3651 7093/3758/3650
f 7094/3759/3651 7095/3760/1960 7096/3761/3652
f 7096/3761/3652 7097/3762/3653 7094/3759/3651
f 7093/3758/3650 7098/3763/3654 7095/3760/1960
f 7099/3764/3655 7095/3760/1960 7098/3763/3654
f 7095/3760/1960 7099/3764/3655 7100/3765/3656
f 7100/3765/3656 7096/3761/3652 7095/3760/1960
f 7098/3763/3654 7101/3766/3657 7099/3764/3655
f 7099/3764/3655 7101/3766/3657 7102/3767/3658
f 7102/3767/3658 7103/3768/3659 7099/3764/3655
f 7104/3769/3660 7103/3768/3659 7102/3767/3658
f 7103/3768/3659 7104/3769/3660 7105/3770/3661
f 7105/3770/3661 7106/3771/3662 7103/3768/3659
f 7106/3771/3662 7105/3770/3661 7107/3772/3663
f 7107/3772/3663 7108/3773/3664 7106/3771/3662
f 7102/3767/3658 7109/3774/3665 7104/3769/3660
f 7104/3769/3660 7109/3774/3665 7110/3775/3666
f 7105/3770/3661 7104/3769/3660 7110/3775/3666
f 7107/3772/3663 7105/3770/3661 7110/3775/3666
f 7111/3772/3667 7107/3772/3663 7110/3775/3666
f 7108/3773/3664 7107/3772/3663 7111/3772/3667
f 7111/3772/3667 7112/3773/3668 7108/3773/3664
f 7108/3773/3664 7112/3773/3668 7113/3776/3518
f 7113/3776/3518 7114/3776/3517 7108/3773/3664
f 7115/3777/3519 7114/3776/3517 7113/3776/3518
f 7109/3774/3665 7102/3767/3658 7116/3778/3669
f 7116/3778/3669 7117/3779/3670 7109/3774/3665
f 7109/3774/3665 7117/3779/3670 7110/3775/3666
f 7117/3779/3670 7118/3779/3671 7110/3775/3666
f 7119/3778/3672 7118/3779/3671 7117/3779/3670
f 7117/3779/3670 7116/3778/3669 7119/3778/3672
f 7119/3778/3672 7116/3778/3669 7120/3780/3500
f 7120/3780/3500 7121/3780/3499 7119/3778/3672
f 7122/3746/3408 7121/3780/3499 7120/3780/3500
f 7120/3780/3500 7123/3746/3408 7122/3746/3408
f 7113/3776/3518 7124/3777/3519 7115/3777/3519
f 7089/3754/3469 7088/3754/3646 7125/3781/3534
f 7125/3781/3534 7126/3781/3466 7089/3754/3469
f 7127/3777/3465 7126/3781/3466 7125/3781/3534
f 7125/3781/3534 7128/3777/3465 7127/3777/3465
f 7129/3782/1946 7130/3705/1946 7131/3706/1946
f 7131/3706/1946 7132/3783/1946 7129/3782/1946
f 7133/3708/1946 7134/3707/1946 7135/3784/1946
f 7135/3784/1946 7136/3785/1946 7133/3708/1946
f 7137/1964/1946 7138/2029/1946 7139/1793/1946
f 7138/2029/1946 7137/1964/1946 7140/2082/1946
f 7141/2029/1946 7142/1964/1946 7143/1793/1946
f 7142/1964/1946 7141/2029/1946 7144/2107/1946
f 7145/2002/1947 7146/1978/1947 7147/3608/1947
f 7147/3608/1947 7148/3736/1947 7145/2002/1947
f 7149/3786/1946 7150/3732/1946 7151/3733/1946
f 7151/3733/1946 7152/3787/1946 7149/3786/1946
f 7153/3735/1946 7154/3734/1946 7155/3788/1946
f 7155/3788/1946 7156/3789/1946 7153/3735/1946
f 7157/3629/1946 7158/3628/1946 7159/3790/1946
f 7159/3790/1946 7160/3791/1946 7157/3629/1946
f 7161/3631/1946 7162/3630/1946 7163/3792/1946
f 7163/3792/1946 7164/3793/1946 7161/3631/1946
f 7165/3640/1946 7166/3639/1946 7167/3794/1946
f 7167/3794/1946 7168/3795/1946 7165/3640/1946
f 7169/3642/1946 7170/3641/1946 7171/3796/1946
f 7171/3796/1946 7172/3797/1946 7169/3642/1946
f 7173/1998/1946 7174/2059/1946 7175/2049/1946
f 7176/2104/1946 7175/2049/1946 7174/2059/1946
f 7174/2059/1946 7177/2115/1946 7176/2104/1946
f 7178/1959/1946 7179/1952/1946 7180/2111/1946
f 7180/2111/1946 7181/2114/1946 7178/1959/1946
f 7181/2114/1946 7180/2111/1946 7182/2111/1946
f 7182/2111/1946 7183/2114/1946 7181/2114/1946
f 7183/2114/1946 7182/2111/1946 7184/2016/1946
f 7184/2016/1946 7185/1959/1946 7183/2114/1946
f 7186/3798/1947 7187/3638/1947 7188/3627/1947
f 7188/3627/1947 7189/2147/1947 7186/3798/1947
f 7190/3627/1947 7191/3638/1947 7192/3798/1947
f 7192/3798/1947 7193/2147/1947 7190/3627/1947
f 7193/2147/1947 7192/3798/1947 7194/2145/1947
f 7195/3799/1946 7196/3782/1946 7197/3783/1946
f 7197/3783/1946 7198/3800/1946 7195/3799/1946
f 7199/3785/1946 7200/3784/1946 7201/3801/1946
f 7201/3801/1946 7202/3802/1946 7199/3785/1946
f 7203/2038/1946 7204/2015/1946 7205/2073/1946
f 7205/2073/1946 7206/2087/1946 7203/2038/1946
f 7206/2087/1946 7205/2073/1946 7207/2121/1946
f 7207/2121/1946 7208/2142/1946 7206/2087/1946
f 7208/2142/1946 7207/2121/1946 7209/2175/1946
f 7209/2175/1946 7210/2156/1946 7208/2142/1946
f 7211/1964/1946 7212/2029/1946 7213/2107/1946
f 7213/2107/1946 7214/2082/1946 7211/1964/1946
f 7214/2082/1946 7213/2107/1946 7215/2107/1946
f 7216/2088/1945 7217/2089/1945 7218/2089/1945
f 7218/2089/1945 7219/2088/1945 7216/2088/1945
f 7220/3791/1946 7221/3790/1946 7222/3795/1946
f 7222/3795/1946 7223/3794/1946 7220/3791/1946
f 7224/3793/1946 7225/3792/1946 7226/3797/1946
f 7226/3797/1946 7227/3796/1946 7224/3793/1946
f 7228/3803/1946 7229/3786/1946 7230/3787/1946
f 7230/3787/1946 7231/3804/1946 7228/3803/1946
f 7232/3789/1946 7233/3788/1946 7234/3805/1946
f 7234/3805/1946 7235/3806/1946 7232/3789/1946
f 7236/2082/1946 7237/2107/1946 7238/2029/1946
f 7237/2107/1946 7236/2082/1946 7239/2082/1946
f 7240/2160/1947 7241/3608/1947 7242/3736/1947
f 7242/3736/1947 7243/2161/1947 7240/2160/1947
f 7244/3736/1947 7245/3608/1947 7246/2160/1947
f 7246/2160/1947 7247/2161/1947 7244/3736/1947
f 7248/3807/1946 7249/3799/1946 7250/3800/1946
f 7250/3800/1946 7251/3808/1946 7248/3807/1946
f 7252/3802/1946 7253/3801/1946 7254/3809/1946
f 7254/3809/1946 7255/3810/1946 7252/3802/1946
f 7256/2145/1947 7257/3798/1947 7258/2147/1947
f 7258/2147/1947 7259/2146/1947 7256/2145/1947
f 7260/3618/3673 7261/3811/3674 7262/3812/3675
f 7262/3812/3675 7263/3813/3676 7260/3618/3673
f 7264/3618/3487 7260/3618/3673 7263/3813/3676
f 7263/3813/3676 7265/3813/3533 7264/3618/3487
f 7266/3814/3525 7265/3813/3533 7263/3813/3676
f 7263/3813/3676 7267/3814/3677 7266/3814/3525
f 7268/3815/3484 7266/3814/3525 7267/3814/3677
f 7267/3814/3677 7263/3813/3676 7262/3812/3675
f 7262/3812/3675 7269/3816/3678 7267/3814/3677
f 7270/3815/3679 7267/3814/3677 7269/3816/3678
f 7267/3814/3677 7270/3815/3679 7268/3815/3484
f 7268/3815/3484 7270/3815/3679 7271/3817/3680
f 7270/3815/3679 7272/3818/3681 7271/3817/3680
f 7272/3818/3681 7273/3819/3682 7271/3817/3680
f 7274/3820/3683 7273/3819/3682 7272/3818/3681
f 7269/3816/3678 7262/3812/3675 7275/3821/3684
f 7275/3821/3684 7274/3820/3683 7269/3816/3678
f 7272/3818/3681 7269/3816/3678 7274/3820/3683
f 7269/3816/3678 7272/3818/3681 7270/3815/3679
f 7276/3822/1946 7277/3803/1946 7278/3804/1946
f 7278/3804/1946 7279/3823/1946 7276/3822/1946
f 7280/3806/1946 7281/3805/1946 7282/3824/1946
f 7282/3824/1946 7283/3825/1946 7280/3806/1946
f 7284/3826/3685 7285/3827/3685 7286/3828/3686
f 7285/3827/3685 7284/3826/3685 7287/3829/3687
f 7287/3829/3687 7288/3830/3687 7285/3827/3685
f 7288/3830/3687 7287/3829/3687 7289/3831/3688
f 7289/3831/3688 7290/3832/3688 7288/3830/3687
f 7290/3832/3688 7289/3831/3688 7291/3833/3689
f 7291/3833/3689 7292/3834/3689 7290/3832/3688
f 7292/3834/3689 7291/3833/3689 7293/3835/3690
f 7294/3836/3691 7295/3837/3691 7296/3838/3692
f 7295/3837/3691 7294/3836/3691 7297/3839/3693
f 7297/3839/3693 7298/3840/3693 7295/3837/3691
f 7298/3840/3693 7297/3839/3693 7299/3841/3694
f 7299/3841/3694 7300/3842/3694 7298/3840/3693
f 7300/3842/3694 7299/3841/3694 7301/3843/3695
f 7301/3843/3695 7302/3844/3695 7300/3842/3694
f 7302/3844/3695 7301/3843/3695 7303/3845/3696
f 7304/2115/1946 7305/2104/1946 7306/2156/1946
f 7306/2156/1946 7307/2175/1946 7304/2115/1946
f 7308/3823/1946 7309/3807/1946 7310/3808/1946
f 7310/3808/1946 7311/3822/1946 7308/3823/1946
f 7312/3810/1946 7313/3809/1946 7314/3825/1946
f 7314/3825/1946 7315/3824/1946 7312/3810/1946
f 7316/3846/3697 7317/3847/3697 7318/3848/3698
f 7317/3847/3697 7316/3846/3697 7319/3849/3699
f 7319/3849/3699 7320/3850/3699 7317/3847/3697
f 7320/3850/3699 7319/3849/3699 7321/3851/3700
f 7321/3851/3700 7322/3852/3700 7320/3850/3699
f 7322/3852/3700 7321/3851/3700 7323/3853/3701
f 7323/3853/3701 7324/3854/3701 7322/3852/3700
f 7324/3854/3701 7323/3853/3701 7325/3855/3702
f 7326/3847/3703 7327/3846/3703 7328/3848/3704
f 7327/3846/3703 7326/3847/3703 7329/3850/3705
f 7329/3850/3705 7330/3849/3705 7327/3846/3703
f 7330/3849/3705 7329/3850/3705 7331/3852/3706
f 7331/3852/3706 7332/3851/3706 7330/3849/3705
f 7332/3851/3706 7331/3852/3706 7333/3854/3707
f 7333/3854/3707 7334/3853/3707 7332/3851/3706
f 7334/3853/3707 7333/3854/3707 7335/3855/3708
f 7336/2159/1947 7337/2174/1947 7338/2161/1947
f 7337/2174/1947 7336/2159/1947 7339/2146/1947
f 7339/2146/1947 7340/2145/1947 7337/2174/1947
f 7341/2174/1947 7342/2145/1947 7343/2146/1947
f 7343/2146/1947 7344/2159/1947 7341/2174/1947
f 7345/3856/3709 7346/3857/3709 7347/3838/3710
f 7346/3857/3709 7345/3856/3709 7348/3858/3711
f 7348/3858/3711 7349/3859/3711 7346/3857/3709
f 7349/3859/3711 7348/3858/3711 7350/3860/3712
f 7350/3860/3712 7351/3861/3712 7349/3859/3711
f 7351/3861/3712 7350/3860/3712 7352/3862/3713
f 7352/3862/3713 7353/3863/3713 7351/3861/3712
f 7353/3863/3713 7352/3862/3713 7354/3845/3714
f 7355/3864/3715 7356/3865/3715 7357/3835/3716
f 7356/3865/3715 7355/3864/3715 7358/3866/3717
f 7358/3866/3717 7359/3867/3717 7356/3865/3715
f 7359/3867/3717 7358/3866/3717 7360/3868/3718
f 7360/3868/3718 7361/3869/3718 7359/3867/3717
f 7361/3869/3718 7360/3868/3718 7362/3870/3719
f 7362/3870/3719 7363/3871/3719 7361/3869/3718
f 7363/3871/3719 7362/3870/3719 7364/3828/3720
f 7365/3872/3721 7366/3873/3722 7367/3874/3723
f 7367/3874/3723 7368/3875/3724 7365/3872/3721
f 7369/3876/3725 7370/3877/3726 7371/3878/3727
f 7371/3878/3727 7372/3879/3728 7369/3876/3725
f 7373/3880/3729 7369/3876/3725 7372/3879/3728
f 7369/3876/3725 7373/3880/3729 7374/3880/3730
f 7374/3880/3730 7375/3881/3731 7369/3876/3725
f 7375/3881/3731 7374/3880/3730 7376/3882/3732
f 7376/3882/3732 7377/3883/3733 7375/3881/3731
f 7378/3884/3734 7375/3881/3731 7377/3883/3733
f 7372/3879/3728 7371/3878/3727 7379/3885/3735
f 7379/3885/3735 7380/3883/3736 7372/3879/3728
f 7381/3886/3737 7372/3879/3728 7380/3883/3736
f 7372/3879/3728 7381/3886/3737 7373/3880/3729
f 7373/3880/3729 7381/3886/3737 7382/3887/3738
f 7374/3880/3730 7373/3880/3729 7382/3887/3738
f 7376/3882/3732 7374/3880/3730 7382/3887/3738
f 7383/3888/3739 7379/3885/3735 7371/3878/3727
f 7371/3878/3727 7384/3889/3740 7383/3888/3739
f 7385/3890/3741 7383/3888/3739 7384/3889/3740
f 7384/3889/3740 7386/3891/3742 7385/3890/3741
f 7385/3890/3741 7386/3891/3742 7387/3892/3743
f 7387/3892/3743 7388/3893/3744 7385/3890/3741
f 7388/3893/3744 7387/3892/3743 7389/3894/3745
f 7387/3892/3743 7390/3895/3746 7389/3894/3745
f 7390/3895/3746 7391/3895/3747 7389/3894/3745
f 7391/3895/3747 7392/3893/3748 7389/3894/3745
f 7390/3895/3746 7387/3892/3743 7386/3891/3742
f 7386/3891/3742 7393/3896/3749 7390/3895/3746
f 7391/3895/3747 7390/3895/3746 7393/3896/3749
f 7393/3896/3749 7394/3897/3750 7391/3895/3747
f 7392/3893/3748 7391/3895/3747 7394/3897/3750
f 7394/3897/3750 7395/3890/3751 7392/3893/3748
f 7396/3888/3752 7395/3890/3751 7394/3897/3750
f 7394/3897/3750 7397/3898/3753 7396/3888/3752
f 7398/3885/3754 7396/3888/3752 7397/3898/3753
f 7397/3898/3753 7378/3884/3734 7398/3885/3754
f 7377/3883/3733 7398/3885/3754 7378/3884/3734
f 7381/3886/3737 7399/3882/3755 7382/3887/3738
f 7380/3883/3736 7399/3882/3755 7381/3886/3737
f 7400/3899/3756 7401/3900/3757 7402/3901/3758
f 7402/3901/3758 7403/3902/3759 7400/3899/3756
f 7404/3903/3760 7400/3899/3756 7403/3902/3759
f 7403/3902/3759 7405/3904/3761 7404/3903/3760
f 7406/3905/3762 7404/3903/3760 7405/3904/3761
f 7405/3904/3761 7407/3904/3763 7406/3905/3762
f 7408/3900/3764 7406/3905/3762 7407/3904/3763
f 7409/3906/3765 7406/3905/3762 7408/3900/3764
f 7403/3902/3759 7402/3901/3758 7410/3907/3766
f 7405/3904/3761 7403/3902/3759 7410/3907/3766
f 7407/3904/3763 7405/3904/3761 7410/3907/3766
f 7411/3901/3767 7407/3904/3763 7410/3907/3766
f 7407/3904/3763 7411/3901/3767 7408/3900/3764
f 7408/3900/3764 7412/3908/3768 7409/3906/3765
f 7413/3909/3769 7409/3906/3765 7412/3908/3768
f 7412/3908/3768 7414/3910/3770 7413/3909/3769
f 7415/3911/3771 7413/3909/3769 7414/3910/3770
f 7414/3910/3770 7416/3912/3772 7415/3911/3771
f 7417/3913/3773 7415/3911/3771 7416/3912/3772
f 7415/3911/3771 7417/3913/3773 7418/3914/3774
f 7418/3914/3774 7419/3915/3775 7415/3911/3771
f 7419/3915/3775 7418/3914/3774 7420/3916/3776
f 7420/3916/3776 7421/3917/3777 7419/3915/3775
f 7422/3918/3778 7419/3915/3775 7421/3917/3777
f 7421/3917/3777 7423/3919/3779 7422/3918/3778
f 7416/3912/3772 7424/3920/3780 7417/3913/3773
f 7417/3913/3773 7424/3920/3780 7425/3921/3781
f 7418/3914/3774 7417/3913/3773 7425/3921/3781
f 7420/3916/3776 7418/3914/3774 7425/3921/3781
f 7426/3920/3782 7420/3916/3776 7425/3921/3781
f 7421/3917/3777 7420/3916/3776 7426/3920/3782
f 7426/3920/3782 7427/3912/3783 7421/3917/3777
f 7423/3919/3779 7421/3917/3777 7427/3912/3783
f 7427/3912/3783 7428/3910/3784 7423/3919/3779
f 7429/3922/3785 7423/3919/3779 7428/3910/3784
f 7428/3910/3784 7430/3908/3785 7429/3922/3785
f 5716/3328/3265 7431/3923/3786 5709/3321/3258
f 7432/3924/3787 7431/3923/3786 5716/3328/3265
f 7433/3925/3788 7431/3923/3786 7432/3924/3787
f 5709/3321/3258 7431/3923/3786 7433/3925/3788
f 7433/3925/3788 5710/3322/3259 5709/3321/3258
f 5711/3323/3260 5710/3322/3259 7433/3925/3788
f 7433/3925/3788 7434/3926/3789 5711/3323/3260
f 7435/3927/3790 7434/3926/3789 7433/3925/3788
f 5716/3328/3265 7436/3928/3791 7432/3924/3787
f 7432/3924/3787 7436/3928/3791 7437/3929/3792
f 7437/3929/3792 7438/3930/3793 7432/3924/3787
f 7432/3924/3787 7438/3930/3793 7439/3931/3794
f 7439/3931/3794 7440/3932/3795 7432/3924/3787
f 7432/3924/3787 7440/3932/3795 7433/3925/3788
f 7433/3925/3788 7440/3932/3795 7435/3927/3790
f 7435/3927/3790 7440/3932/3795 7439/3931/3794
f 7439/3931/3794 7441/3933/3796 7435/3927/3790
f 7442/3934/3797 7441/3933/3796 7439/3931/3794
f 7443/3935/3798 7436/3928/3791 5716/3328/3265
f 7437/3929/3792 7436/3928/3791 7443/3935/3798
f 7443/3935/3798 7444/3936/3799 7437/3929/3792
f 7437/3929/3792 7444/3936/3799 7445/3937/3800
f 7445/3937/3800 7446/3938/3801 7437/3929/3792
f 7447/3939/3802 7446/3938/3801 7445/3937/3800
f 5716/3328/3265 5715/3327/3264 7443/3935/3798
f 7443/3935/3798 5715/3327/3264 5714/3326/3263
f 5714/3326/3263 7448/3940/3803 7443/3935/3798
f 7443/3935/3798 7448/3940/3803 7449/3941/3804
f 7449/3941/3804 7444/3936/3799 7443/3935/3798
f 7445/3937/3800 7444/3936/3799 7449/3941/3804
f 7449/3941/3804 7450/3942/3805 7445/3937/3800
f 7445/3937/3800 7450/3942/3805 7451/3943/3806
f 7451/3943/3806 7452/3944/3807 7445/3937/3800
f 7445/3937/3800 7452/3944/3807 7447/3939/3802
f 7447/3939/3802 7452/3944/3807 7453/3945/3808
f 7453/3945/3808 7454/3946/3809 7447/3939/3802
f 7455/3947/3810 7454/3946/3809 7453/3945/3808
f 7456/3948/3811 7454/3946/3809 7455/3947/3810
f 7453/3945/3808 7452/3944/3807 7451/3943/3806
f 7451/3943/3806 7457/3949/3812 7453/3945/3808
f 7453/3945/3808 7457/3949/3812 7458/3950/3813
f 7458/3950/3813 7459/3951/3814 7453/3945/3808
f 7453/3945/3808 7459/3951/3814 7455/3947/3810
f 7455/3947/3810 7459/3951/3814 7460/3952/3815
f 7460/3952/3815 7461/3953/3816 7455/3947/3810
f 7455/3947/3810 7461/3953/3816 7462/3954/3817
f 7462/3954/3817 7463/3955/3818 7455/3947/3810
f 7455/3947/3810 7463/3955/3818 7456/3948/3811
f 7460/3952/3815 7459/3951/3814 7458/3950/3813
f 7458/3950/3813 7464/3956/3819 7460/3952/3815
f 7460/3952/3815 7464/3956/3819 7465/3957/3820
f 7465/3957/3820 7466/3958/3821 7460/3952/3815
f 7460/3952/3815 7466/3958/3821 7467/3959/3822
f 7467/3959/3822 7461/3953/3816 7460/3952/3815
f 7462/3954/3817 7461/3953/3816 7467/3959/3822
f 7467/3959/3822 7468/3960/3823 7462/3954/3817
f 7462/3954/3817 7468/3960/3823 7469/3961/3824
f 7469/3961/3824 7470/3962/3825 7462/3954/3817
f 7462/3954/3817 7470/3962/3825 7471/3963/3826
f 7471/3963/3826 7463/3955/3818 7462/3954/3817
f 7456/3948/3811 7463/3955/3818 7471/3963/3826
f 7472/3964/3827 7466/3958/3821 7465/3957/3820
f 7467/3959/3822 7466/3958/3821 7472/3964/3827
f 7472/3964/3827 7473/3965/3828 7467/3959/3822
f 7467/3959/3822 7473/3965/3828 7474/3966/3829
f 7474/3966/3829 7468/3960/3823 7467/3959/3822
f 7469/3961/3824 7468/3960/3823 7474/3966/3829
f 7465/3957/3820 7475/3967/3830 7472/3964/3827
f 7472/3964/3827 7475/3967/3830 7476/3968/3831
f 7476/3968/3831 7477/3969/3832 7472/3964/3827
f 7472/3964/3827 7477/3969/3832 7478/3970/3833
f 7478/3970/3833 7473/3965/3828 7472/3964/3827
f 7474/3966/3829 7473/3965/3828 7478/3970/3833
f 7478/3970/3833 7479/3971/3834 7474/3966/3829
f 7474/3966/3829 7479/3971/3834 7480/3972/3835
f 7480/3972/3835 7481/3973/3836 7474/3966/3829
f 7474/3966/3829 7481/3973/3836 7469/3961/3824
f 7482/3974/3837 7477/3969/3832 7476/3968/3831
f 7478/3970/3833 7477/3969/3832 7482/3974/3837
f 7482/3974/3837 7483/3975/3838 7478/3970/3833
f 7478/3970/3833 7483/3975/3838 7484/3976/3839
f 7484/3976/3839 7479/3971/3834 7478/3970/3833
f 7480/3972/3835 7479/3971/3834 7484/3976/3839
f 7476/3968/3831 7485/3977/3840 7482/3974/3837
f 7482/3974/3837 7485/3977/3840 7486/3978/3841
f 7486/3978/3841 7483/3975/3838 7482/3974/3837
f 7484/3976/3839 7483/3975/3838 7486/3978/3841
f 7486/3978/3841 7487/3979/3842 7484/3976/3839
f 7484/3976/3839 7487/3979/3842 7480/3972/3835
f 7480/3972/3835 7487/3979/3842 7488/3980/3843
f 7488/3980/3843 7489/3981/3844 7480/3972/3835
f 7480/3972/3835 7489/3981/3844 7490/3982/3845
f 7490/3982/3845 7481/3973/3836 7480/3972/3835
f 7469/3961/3824 7481/3973/3836 7490/3982/3845
f 7490/3982/3845 7491/3983/3846 7469/3961/3824
f 7469/3961/3824 7491/3983/3846 7492/3984/3847
f 7492/3984/3847 7470/3962/3825 7469/3961/3824
f 7488/3980/3843 7487/3979/3842 7486/3978/3841
f 7471/3963/3826 7470/3962/3825 7492/3984/3847
f 7492/3984/3847 7493/3985/3848 7471/3963/3826
f 7471/3963/3826 7493/3985/3848 7494/3986/3849
f 7494/3986/3849 7495/3987/3850 7471/3963/3826
f 7471/3963/3826 7495/3987/3850 7456/3948/3811
f 7456/3948/3811 7495/3987/3850 7496/3988/3851
f 7496/3988/3851 7497/3989/3852 7456/3948/3811
f 7498/3990/3853 7497/3989/3852 7496/3988/3851
f 7496/3988/3851 7495/3987/3850 7494/3986/3849
f 7494/3986/3849 7499/3991/3854 7496/3988/3851
f 7496/3988/3851 7499/3991/3854 7442/3934/3797
f 7442/3934/3797 7500/3992/3855 7496/3988/3851
f 7496/3988/3851 7500/3992/3855 7498/3990/3853
f 7498/3990/3853 7500/3992/3855 7439/3931/3794
f 7439/3931/3794 7438/3930/3793 7498/3990/3853
f 7439/3931/3794 7500/3992/3855 7442/3934/3797
f 5243/2969/2896 5267/2988/2920 7501/3993/3856
f 7502/3994/3857 7501/3993/3856 5267/2988/2920
f 7501/3993/3856 7502/3994/3857 7503/3995/3858
f 7503/3995/3858 7504/3996/3859 7501/3993/3856
f 5244/2970/2897 7501/3993/3856 7504/3996/3859
f 7501/3993/3856 5244/2970/2897 5243/2969/2896
f 5267/2988/2920 7505/3997/3860 7502/3994/3857
f 7506/3994/3861 7502/3994/3857 7505/3997/3860
f 7502/3994/3857 7506/3994/3861 7507/3995/3862
f 7507/3995/3862 7503/3995/3858 7502/3994/3857
f 7503/3995/3858 7507/3995/3862 5235/2961/2888
f 7504/3996/3859 7503/3995/3858 5235/2961/2888
f 5245/2971/2898 7504/3996/3859 5235/2961/2888
f 7504/3996/3859 5245/2971/2898 5244/2970/2897
f 5266/2987/2919 7505/3997/3860 5267/2988/2920
f 7505/3997/3860 5266/2987/2919 7508/2987/3863
f 7508/2987/3863 7509/3997/3864 7505/3997/3860
f 7505/3997/3860 7509/3997/3864 7506/3994/3861
f 7510/3998/3865 7511/3999/3866 7512/4000/3867
f 7511/3999/3866 7510/3998/3865 7513/4001/3868
f 7513/4001/3868 7514/4002/3869 7511/3999/3866
f 7514/4002/3869 7513/4001/3868 7515/4003/3870
f 7513/4001/3868 7516/4004/3871 7515/4003/3870
f 7516/4004/3871 7513/4001/3868 7510/3998/3865
f 7510/3998/3865 7517/4005/3872 7516/4004/3871
f 7512/4000/3867 7518/4006/3873 7510/3998/3865
f 7517/4005/3872 7510/3998/3865 7518/4006/3873
f 7518/4006/3873 7519/4007/3874 7517/4005/3872
f 7519/4007/3874 7518/4006/3873 7520/4008/3875
f 7520/4008/3875 7521/4009/3876 7519/4007/3874
f 7521/4009/3876 7520/4008/3875 7522/4010/3877
f 7520/4008/3875 7523/4011/3878 7522/4010/3877
f 7518/4006/3873 7512/4000/3867 7523/4011/3878
f 7523/4011/3878 7520/4008/3875 7518/4006/3873
f 7524/4012/3879 7525/4013/3880 7526/4014/3881
f 7525/4013/3880 7524/4012/3879 7527/4015/3882
f 7527/4015/3882 7528/4016/3883 7525/4013/3880
f 7529/4017/3884 7525/4013/3880 7528/4016/3883
f 7525/4013/3880 7529/4017/3884 7526/4014/3881
f 7528/4016/3883 7527/4015/3882 7530/4018/3885
f 7530/4018/3885 7531/4019/3886 7528/4016/3883
f 7532/4020/3887 7528/4016/3883 7531/4019/3886
f 7528/4016/3883 7532/4020/3887 7529/4017/3884
f 7531/4019/3886 7530/4018/3885 7533/4021/3888
f 7533/4021/3888 7534/4022/3889 7531/4019/3886
f 7535/4023/3890 7531/4019/3886 7534/4022/3889
f 7531/4019/3886 7535/4023/3890 7532/4020/3887
f 7534/4022/3889 7533/4021/3888 7536/4024/3891
f 7537/4025/3892 7534/4022/3889 7536/4024/3891
f 7534/4022/3889 7537/4025/3892 7535/4023/3890
f 7538/4026/3893 7539/4027/3894 7540/4028/3895
f 7541/4029/3896 7540/4028/3895 7539/4027/3894
f 7540/4028/3895 7541/4029/3896 7542/4030/3897
f 7542/4030/3897 7543/4031/3898 7540/4028/3895
f 7544/4032/3899 7540/4028/3895 7543/4031/3898
f 7540/4028/3895 7544/4032/3899 7538/4026/3893
f 7538/4026/3893 7544/4032/3899 7545/4033/3900
f 7545/4033/3900 7546/4034/3901 7538/4026/3893
f 7539/4027/3894 7547/4035/3902 7541/4029/3896
f 7541/4029/3896 7547/4035/3902 7548/4036/3903
f 7548/4036/3903 7549/4037/3904 7541/4029/3896
f 7542/4030/3897 7541/4029/3896 7549/4037/3904
f 7549/4037/3904 7550/4038/3905 7542/4030/3897
f 7551/4039/3906 7550/4038/3905 7549/4037/3904
f 7549/4037/3904 7552/4040/3907 7551/4039/3906
f 7551/4039/3906 7552/4040/3907 7553/2956/3908
f 7552/4040/3907 7549/4037/3904 7548/4036/3903
f 7548/4036/3903 7554/4041/3909 7552/4040/3907
f 7552/4040/3907 7554/4041/3909 7553/2956/3908
f 7554/4041/3909 7555/4042/3910 7553/2956/3908
f 7555/4042/3910 7556/4043/3911 7553/2956/3908
f 7556/4043/3911 7557/2954/3912 7553/2956/3908
f 7558/2953/3913 7557/2954/3912 7556/4043/3911
f 7554/4041/3909 7548/4036/3903 7559/4044/3914
f 7559/4044/3914 7555/4042/3910 7554/4041/3909
f 7555/4042/3910 7559/4044/3914 7560/4045/3915
f 7560/4045/3915 7556/4043/3911 7555/4042/3910
f 7556/4043/3911 7560/4045/3915 7558/2953/3913
f 7558/2953/3913 7560/4045/3915 7561/4046/3916
f 7561/4046/3916 7562/2950/3917 7558/2953/3913
f 7563/2948/3918 7562/2950/3917 7561/4046/3916
f 7561/4046/3916 7564/4047/3919 7563/2948/3918
f 7565/2947/3920 7563/2948/3918 7564/4047/3919
f 7564/4047/3919 7566/4048/3921 7565/2947/3920
f 7565/2947/3920 7566/4048/3921 7567/4049/3922
f 7567/4049/3922 7568/2945/3923 7565/2947/3920
f 7568/2945/3923 7567/4049/3922 7569/4050/3924
f 7569/4050/3924 7570/2942/3925 7568/2945/3923
f 7570/2942/3925 7569/4050/3924 7571/2943/3926
f 7569/4050/3924 7572/4051/3927 7571/2943/3926
f 7572/4051/3927 7573/4052/3928 7571/2943/3926
f 7573/4052/3928 7574/4053/3929 7571/2943/3926
f 7574/4053/3929 7575/4054/3930 7571/2943/3926
f 7572/4051/3927 7569/4050/3924 7567/4049/3922
f 7567/4049/3922 7576/4055/3931 7572/4051/3927
f 7573/4052/3928 7572/4051/3927 7576/4055/3931
f 7576/4055/3931 7546/4034/3901 7573/4052/3928
f 7574/4053/3929 7573/4052/3928 7546/4034/3901
f 7546/4034/3901 7545/4033/3900 7574/4053/3929
f 7575/4054/3930 7574/4053/3929 7545/4033/3900
f 7545/4033/3900 7577/4056/3932 7575/4054/3930
f 7577/4056/3932 7545/4033/3900 7544/4032/3899
f 7544/4032/3899 7578/4057/3933 7577/4056/3932
f 7543/4031/3898 7578/4057/3933 7544/4032/3899
f 7579/4058/3934 7580/4059/3935 7581/4060/3936
f 7580/4059/3935 7579/4058/3934 7582/4061/3937
f 7582/4061/3937 7583/4062/3938 7580/4059/3935
f 7584/4063/3939 7583/4062/3938 7582/4061/3937
f 7582/4061/3937 7585/4064/3940 7584/4063/3939
f 7584/4063/3939 7585/4064/3940 7586/4065/3941
f 7586/4065/3941 7587/4066/3942 7584/4063/3939
f 7581/4060/3936 7588/4067/3943 7579/4058/3934
f 7589/4068/3944 7579/4058/3934 7588/4067/3943
f 7579/4058/3934 7589/4068/3944 7590/4069/3945
f 7590/4069/3945 7582/4061/3937 7579/4058/3934
f 7585/4064/3940 7582/4061/3937 7590/4069/3945
f 7590/4069/3945 7591/4070/3946 7585/4064/3940
f 7585/4064/3940 7591/4070/3946 7592/4071/3947
f 7592/4071/3947 7586/4065/3941 7585/4064/3940
f 7586/4065/3941 7592/4071/3947 7593/4072/3948
f 7587/4066/3942 7586/4065/3941 7593/4072/3948
f 7594/4073/3949 7588/4067/3943 7581/4060/3936
f 7588/4067/3943 7594/4073/3949 7595/4074/3950
f 7595/4074/3950 7596/4075/3951 7588/4067/3943
f 7588/4067/3943 7596/4075/3951 7589/4068/3944
f 7597/4076/3952 7589/4068/3944 7596/4075/3951
f 7589/4068/3944 7597/4076/3952 7598/4077/3953
f 7598/4077/3953 7590/4069/3945 7589/4068/3944
f 7591/4070/3946 7590/4069/3945 7598/4077/3953
f 7581/4060/3936 7599/4078/3954 7594/4073/3949
f 7600/4079/3955 7594/4073/3949 7599/4078/3954
f 7594/4073/3949 7600/4079/3955 7601/4080/3956
f 7601/4080/3956 7595/4074/3950 7594/4073/3949
f 7595/4074/3950 7601/4080/3956 7602/4081/3957
f 7602/4081/3957 7603/4082/3958 7595/4074/3950
f 7596/4075/3951 7595/4074/3950 7603/4082/3958
f 7603/4082/3958 7604/4083/3959 7596/4075/3951
f 7596/4075/3951 7604/4083/3959 7597/4076/3952
f 7599/4078/3954 7605/4084/3960 7600/4079/3955
f 7600/4079/3955 7605/4084/3960 7606/4085/3961
f 7601/4080/3956 7600/4079/3955 7606/4085/3961
f 7602/4081/3957 7601/4080/3956 7606/4085/3961
f 7607/4086/3962 7602/4081/3957 7606/4085/3961
f 7603/4082/3958 7602/4081/3957 7607/4086/3962
f 7607/4086/3962 7608/4087/3963 7603/4082/3958
f 7604/4083/3959 7603/4082/3958 7608/4087/3963
f 7608/4087/3963 7609/4088/3964 7604/4083/3959
f 7604/4083/3959 7609/4088/3964 7610/4089/3965
f 7610/4089/3965 7597/4076/3952 7604/4083/3959
f 7597/4076/3952 7610/4089/3965 7611/4090/3966
f 7611/4090/3966 7598/4077/3953 7597/4076/3952
f 7612/4091/3967 7607/4086/3962 7606/4085/3961
f 7608/4087/3963 7607/4086/3962 7612/4091/3967
f 7612/4091/3967 7613/4092/3968 7608/4087/3963
f 7609/4088/3964 7608/4087/3963 7613/4092/3968
f 7613/4092/3968 7614/4093/3969 7609/4088/3964
f 7609/4088/3964 7614/4093/3969 7615/4094/3970
f 7615/4094/3970 7616/4089/3971 7609/4088/3964
f 7616/4089/3971 7615/4094/3970 7617/4095/3972
f 7617/4095/3972 7618/4090/3973 7616/4089/3971
f 7619/4096/3974 7612/4091/3967 7606/4085/3961
f 7613/4092/3968 7612/4091/3967 7619/4096/3974
f 7619/4096/3974 7620/4097/3975 7613/4092/3968
f 7614/4093/3969 7613/4092/3968 7620/4097/3975
f 7620/4097/3975 7621/4098/3976 7614/4093/3969
f 7614/4093/3969 7621/4098/3976 7622/4099/3977
f 7622/4099/3977 7615/4094/3970 7614/4093/3969
f 7615/4094/3970 7622/4099/3977 7623/4100/3978
f 7623/4100/3978 7617/4095/3972 7615/4094/3970
f 7624/4101/3979 7617/4095/3972 7623/4100/3978
f 7617/4095/3972 7624/4101/3979 7625/4102/3980
f 7625/4102/3980 7618/4090/3973 7617/4095/3972
f 7623/4100/3978 7626/4103/3981 7624/4101/3979
f 7624/4101/3979 7626/4103/3981 7627/4104/3982
f 7627/4104/3982 7628/4105/3983 7624/4101/3979
f 7625/4102/3980 7624/4101/3979 7628/4105/3983
f 7628/4105/3983 7629/4106/3984 7625/4102/3980
f 7630/4107/3985 7625/4102/3980 7629/4106/3984
f 7611/4090/3966 7625/4102/3980 7630/4107/3985
f 7630/4107/3985 7598/4077/3953 7611/4090/3966
f 7598/4077/3953 7630/4107/3985 7591/4070/3946
f 7628/4105/3983 7627/4104/3982 7593/4072/3948
f 7629/4106/3984 7628/4105/3983 7593/4072/3948
f 7631/4108/3986 7629/4106/3984 7593/4072/3948
f 7629/4106/3984 7631/4108/3986 7630/4107/3985
f 7591/4070/3946 7630/4107/3985 7631/4108/3986
f 7631/4108/3986 7592/4071/3947 7591/4070/3946
f 7592/4071/3947 7631/4108/3986 7593/4072/3948
f 7632/4109/3987 7633/4110/3988 7634/4111/3989
f 7635/4112/3990 7634/4111/3989 7633/4110/3988
f 7634/4111/3989 7635/4112/3990 7636/4113/3991
f 7636/4113/3991 7637/4114/2003 7634/4111/3989
f 7638/4115/3992 7634/4111/3989 7637/4114/2003
f 7634/4111/3989 7638/4115/3992 7632/4109/3987
f 7632/4109/3987 7638/4115/3992 7639/4116/3993
f 7639/4116/3993 7640/4117/3994 7632/4109/3987
f 7633/4110/3988 7641/4118/3995 7635/4112/3990
f 7635/4112/3990 7641/4118/3995 7642/4119/3996
f 7642/4119/3996 7643/4120/3997 7635/4112/3990
f 7636/4113/3991 7635/4112/3990 7643/4120/3997
f 7643/4120/3997 7644/4121/3998 7636/4113/3991
f 7645/4122/3999 7636/4113/3991 7644/4121/3998
f 7637/4114/2003 7636/4113/3991 7645/4122/3999
f 7645/4122/3999 7646/4123/4000 7637/4114/2003
f 7647/4124/4001 7637/4114/2003 7646/4123/4000
f 7637/4114/2003 7647/4124/4001 7638/4115/3992
f 7638/4115/3992 7647/4124/4001 7648/4125/4002
f 7648/4125/4002 7639/4116/3993 7638/4115/3992
f 7649/4126/4003 7643/4120/3997 7642/4119/3996
f 7643/4120/3997 7649/4126/4003 7650/4127/4004
f 7650/4127/4004 7644/4121/3998 7643/4120/3997
f 7644/4121/3998 7650/4127/4004 7651/4128/4005
f 7651/4128/4005 7652/4129/4006 7644/4121/3998
f 7644/4121/3998 7652/4129/4006 7645/4122/3999
f 7653/4130/4007 7645/4122/3999 7652/4129/4006
f 7646/4123/4000 7645/4122/3999 7653/4130/4007
f 7642/4119/3996 7654/4131/4008 7649/4126/4003
f 7649/4126/4003 7654/4131/4008 7655/4132/4009
f 7650/4127/4004 7649/4126/4003 7655/4132/4009
f 7651/4128/4005 7650/4127/4004 7655/4132/4009
f 7656/4133/4010 7651/4128/4005 7655/4132/4009
f 7652/4129/4006 7651/4128/4005 7656/4133/4010
f 7656/4133/4010 7657/4134/4011 7652/4129/4006
f 7652/4129/4006 7657/4134/4011 7653/4130/4007
f 7658/4135/4012 7653/4130/4007 7657/4134/4011
f 7659/4136/4013 7653/4130/4007 7658/4135/4012
f 7653/4130/4007 7659/4136/4013 7646/4123/4000
f 7654/4131/4008 7660/4137/4014 7655/4132/4009
f 7661/4138/4015 7660/4137/4014 7654/4131/4008
f 7654/4131/4008 7662/4119/4016 7661/4138/4015
f 7661/4138/4015 7662/4119/4016 7663/4118/4017
f 7663/4118/4017 7664/4139/4018 7661/4138/4015
f 7665/4140/3551 7664/4139/4018 7663/4118/4017
f 7663/4118/4017 7666/4110/3551 7665/4140/3551
f 7667/4141/4019 7665/4140/3551 7666/4110/3551
f 7666/4110/3551 7668/4109/4020 7667/4141/4019
f 7667/4141/4019 7668/4109/4020 7669/4117/4021
f 7669/4117/4021 7670/4142/4022 7667/4141/4019
f 7670/4142/4022 7669/4117/4021 7671/4143/4023
f 7671/4143/4023 7672/4144/4024 7670/4142/4022
f 7672/4144/4024 7671/4143/4023 7673/4145/4025
f 7671/4143/4023 7674/4146/4026 7673/4145/4025
f 7674/4146/4026 7675/4147/4027 7673/4145/4025
f 7675/4147/4027 7676/4148/4028 7673/4145/4025
f 7676/4148/4028 7677/4149/4029 7673/4145/4025
f 7677/4149/4029 7678/4150/4030 7673/4145/4025
f 7678/4150/4030 7677/4149/4029 7679/4151/4031
f 7679/4151/4031 7680/4152/4032 7678/4150/4030
f 7674/4146/4026 7671/4143/4023 7640/4117/3994
f 7640/4117/3994 7639/4116/3993 7674/4146/4026
f 7675/4147/4027 7674/4146/4026 7639/4116/3993
f 7639/4116/3993 7648/4125/4002 7675/4147/4027
f 7676/4148/4028 7675/4147/4027 7648/4125/4002
f 7648/4125/4002 7681/4153/4033 7676/4148/4028
f 7677/4149/4029 7676/4148/4028 7681/4153/4033
f 7681/4153/4033 7679/4151/4031 7677/4149/4029
f 7679/4151/4031 7681/4153/4033 7682/4154/4034
f 7682/4154/4034 7683/4155/4035 7679/4151/4031
f 7680/4152/4032 7679/4151/4031 7683/4155/4035
f 7683/4155/4035 7684/4156/4036 7680/4152/4032
f 7685/4157/3575 7684/4156/4036 7683/4155/4035
f 7683/4155/4035 7659/4136/4013 7685/4157/3575
f 7658/4135/4012 7685/4157/3575 7659/4136/4013
f 7681/4153/4033 7648/4125/4002 7647/4124/4001
f 7647/4124/4001 7682/4154/4034 7681/4153/4033
f 7646/4123/4000 7682/4154/4034 7647/4124/4001
f 7682/4154/4034 7646/4123/4000 7659/4136/4013
f 7659/4136/4013 7683/4155/4035 7682/4154/4034
f 7657/4134/4011 7686/4158/4037 7658/4135/4012
f 7687/4159/4038 7686/4158/4037 7657/4134/4011
f 7657/4134/4011 7656/4133/4010 7687/4159/4038
f 7687/4159/4038 7656/4133/4010 7655/4132/4009
f 7688/4160/4039 7689/4161/4040 7690/4162/4041
f 7689/4161/4040 7688/4160/4039 7691/4163/4042
f 7691/4163/4042 7692/4164/4043 7689/4161/4040
f 7693/4165/4044 7692/4164/4043 7691/4163/4042
f 7691/4163/4042 7694/4166/4045 7693/4165/4044
f 7695/4167/4046 7693/4165/4044 7694/4166/4045
f 7690/4162/4041 7696/4168/4047 7688/4160/4039
f 7697/4169/4048 7688/4160/4039 7696/4168/4047
f 7688/4160/4039 7697/4169/4048 7698/4170/4049
f 7698/4170/4049 7691/4163/4042 7688/4160/4039
f 7694/4166/4045 7691/4163/4042 7698/4170/4049
f 7698/4170/4049 7699/4171/4050 7694/4166/4045
f 7700/4172/4051 7694/4166/4045 7699/4171/4050
f 7694/4166/4045 7700/4172/4051 7695/4167/4046
f 7700/4172/4051 7701/4173/4052 7695/4167/4046
f 7702/4174/4053 7696/4168/4047 7690/4162/4041
f 7696/4168/4047 7702/4174/4053 7703/4175/4054
f 7703/4175/4054 7704/4176/4055 7696/4168/4047
f 7696/4168/4047 7704/4176/4055 7697/4169/4048
f 7705/4177/3111 7697/4169/4048 7704/4176/4055
f 7697/4169/4048 7705/4177/3111 7706/4178/4056
f 7706/4178/4056 7698/4170/4049 7697/4169/4048
f 7699/4171/4050 7698/4170/4049 7706/4178/4056
f 7690/4162/4041 7707/4179/4057 7702/4174/4053
f 7702/4174/4053 7707/4179/4057 7708/4180/4058
f 7708/4180/4058 7709/4181/4059 7702/4174/4053
f 7703/4175/4054 7702/4174/4053 7709/4181/4059
f 7709/4181/4059 7710/4182/4060 7703/4175/4054
f 7711/4183/4061 7703/4175/4054 7710/4182/4060
f 7704/4176/4055 7703/4175/4054 7711/4183/4061
f 7711/4183/4061 7712/4184/4062 7704/4176/4055
f 7704/4176/4055 7712/4184/4062 7705/4177/3111
f 7713/4185/4063 7705/4177/3111 7712/4184/4062
f 7705/4177/3111 7713/4185/4063 7714/4186/4064
f 7714/4186/4064 7706/4178/4056 7705/4177/3111
f 7708/4180/4058 7715/4187/4065 7709/4181/4059
f 7709/4181/4059 7715/4187/4065 7710/4182/4060
f 7710/4182/4060 7715/4187/4065 7716/4188/4066
f 7710/4182/4060 7716/4188/4066 7711/4183/4061
f 7717/4189/4067 7711/4183/4061 7716/4188/4066
f 7712/4184/4062 7711/4183/4061 7717/4189/4067
f 7717/4189/4067 7718/4190/4068 7712/4184/4062
f 7712/4184/4062 7718/4190/4068 7713/4185/4063
f 7719/4191/4069 7713/4185/4063 7718/4190/4068
f 7713/4185/4063 7719/4191/4069 7720/4192/4070
f 7720/4192/4070 7714/4186/4064 7713/4185/4063
f 7716/4188/4066 7715/4187/4065 7721/4193/4071
f 7716/4188/4066 7721/4193/4071 7717/4189/4067
f 7722/4194/4072 7717/4189/4067 7721/4193/4071
f 7718/4190/4068 7717/4189/4067 7722/4194/4072
f 7722/4194/4072 7723/4195/4073 7718/4190/4068
f 7718/4190/4068 7723/4195/4073 7719/4191/4069
f 7724/4196/4074 7719/4191/4069 7723/4195/4073
f 7719/4191/4069 7724/4196/4074 7725/4197/4075
f 7725/4197/4075 7720/4192/4070 7719/4191/4069
f 7721/4193/4071 7715/4187/4065 7726/4198/4076
f 7721/4193/4071 7726/4198/4076 7722/4194/4072
f 7727/4199/4077 7722/4194/4072 7726/4198/4076
f 7723/4195/4073 7722/4194/4072 7727/4199/4077
f 7727/4199/4077 7728/4200/4078 7723/4195/4073
f 7723/4195/4073 7728/4200/4078 7724/4196/4074
f 7726/4198/4076 7715/4187/4065 7729/4201/4079
f 7726/4198/4076 7729/4201/4079 7727/4199/4077
f 7730/4202/4080 7720/4192/4070 7725/4197/4075
f 7720/4192/4070 7730/4202/4080 7731/4203/4081
f 7731/4203/4081 7714/4186/4064 7720/4192/4070
f 7714/4186/4064 7731/4203/4081 7732/4204/4082
f 7732/4204/4082 7706/4178/4056 7714/4186/4064
f 7706/4178/4056 7732/4204/4082 7699/4171/4050
f 7725/4197/4075 7733/4205/4083 7730/4202/4080
f 7734/4206/4084 7730/4202/4080 7733/4205/4083
f 7730/4202/4080 7734/4206/4084 7735/4207/4085
f 7735/4207/4085 7731/4203/4081 7730/4202/4080
f 7731/4203/4081 7735/4207/4085 7736/4208/4086
f 7736/4208/4086 7732/4204/4082 7731/4203/4081
f 7732/4204/4082 7736/4208/4086 7737/4209/4087
f 7737/4209/4087 7699/4171/4050 7732/4204/4082
f 7699/4171/4050 7737/4209/4087 7700/4172/4051
f 7737/4209/4087 7701/4173/4052 7700/4172/4051
f 7733/4205/4083 7738/4210/4088 7734/4206/4084
f 7738/4210/4088 7701/4173/4052 7734/4206/4084
f 7734/4206/4084 7701/4173/4052 7735/4207/4085
f 7735/4207/4085 7701/4173/4052 7736/4208/4086
f 7736/4208/4086 7701/4173/4052 7737/4209/4087
f 7739/4160/4089 7740/4162/4090 7741/4161/4091
f 7740/4162/4090 7739/4160/4089 7742/4168/4092
f 7743/4174/4093 7740/4162/4090 7742/4168/4092
f 7740/4162/4090 7743/4174/4093 7744/4179/4094
f 7743/4174/4093 7745/4180/4095 7744/4179/4094
f 7745/4180/4095 7743/4174/4093 7746/4181/4096
f 7745/4180/4095 7746/4181/4096 7747/4187/4097
f 7741/4161/4091 7748/4163/4098 7739/4160/4089
f 7749/4170/4099 7739/4160/4089 7748/4163/4098
f 7739/4160/4089 7749/4170/4099 7750/4169/4100
f 7750/4169/4100 7742/4168/4092 7739/4160/4089
f 7742/4168/4092 7750/4169/4100 7751/4176/4101
f 7752/4175/4102 7742/4168/4092 7751/4176/4101
f 7742/4168/4092 7752/4175/4102 7743/4174/4093
f 7752/4175/4102 7746/4181/4096 7743/4174/4093
f 7746/4181/4096 7752/4175/4102 7753/4182/4103
f 7746/4181/4096 7753/4182/4103 7747/4187/4097
f 7748/4163/4098 7741/4161/4091 7754/4164/4104
f 7755/4165/4105 7748/4163/4098 7754/4164/4104
f 7748/4163/4098 7755/4165/4105 7756/4166/4106
f 7756/4166/4106 7749/4170/4099 7748/4163/4098
f 7749/4170/4099 7756/4166/4106 7757/4171/4107
f 7757/4171/4107 7758/4178/4108 7749/4170/4099
f 7758/4178/4108 7750/4169/4100 7749/4170/4099
f 7750/4169/4100 7758/4178/4108 7759/4177/3114
f 7759/4177/3114 7751/4176/4101 7750/4169/4100
f 7751/4176/4101 7759/4177/3114 7760/4184/4109
f 7761/4183/4110 7751/4176/4101 7760/4184/4109
f 7751/4176/4101 7761/4183/4110 7752/4175/4102
f 7761/4183/4110 7753/4182/4103 7752/4175/4102
f 7762/4167/4111 7756/4166/4106 7755/4165/4105
f 7756/4166/4106 7762/4167/4111 7763/4172/4112
f 7763/4172/4112 7757/4171/4107 7756/4166/4106
f 7757/4171/4107 7763/4172/4112 7764/4209/4113
f 7764/4209/4113 7765/4204/4114 7757/4171/4107
f 7758/4178/4108 7757/4171/4107 7765/4204/4114
f 7765/4204/4114 7766/4186/4115 7758/4178/4108
f 7766/4186/4115 7759/4177/3114 7758/4178/4108
f 7759/4177/3114 7766/4186/4115 7767/4185/4116
f 7767/4185/4116 7760/4184/4109 7759/4177/3114
f 7763/4172/4112 7762/4167/4111 7768/4173/4117
f 7764/4209/4113 7763/4172/4112 7768/4173/4117
f 7769/4208/4118 7764/4209/4113 7768/4173/4117
f 7765/4204/4114 7764/4209/4113 7769/4208/4118
f 7769/4208/4118 7770/4203/4119 7765/4204/4114
f 7766/4186/4115 7765/4204/4114 7770/4203/4119
f 7770/4203/4119 7771/4192/4120 7766/4186/4115
f 7771/4192/4120 7767/4185/4116 7766/4186/4115
f 7767/4185/4116 7771/4192/4120 7772/4191/4121
f 7772/4191/4121 7773/4190/4122 7767/4185/4116
f 7760/4184/4109 7767/4185/4116 7773/4190/4122
f 7774/4207/4123 7769/4208/4118 7768/4173/4117
f 7770/4203/4119 7769/4208/4118 7774/4207/4123
f 7774/4207/4123 7775/4202/4124 7770/4203/4119
f 7771/4192/4120 7770/4203/4119 7775/4202/4124
f 7775/4202/4124 7776/4197/4125 7771/4192/4120
f 7776/4197/4125 7772/4191/4121 7771/4192/4120
f 7772/4191/4121 7776/4197/4125 7777/4196/4126
f 7777/4196/4126 7778/4195/4127 7772/4191/4121
f 7773/4190/4122 7772/4191/4121 7778/4195/4127
f 7779/4206/4128 7774/4207/4123 7768/4173/4117
f 7775/4202/4124 7774/4207/4123 7779/4206/4128
f 7779/4206/4128 7780/4205/4129 7775/4202/4124
f 7776/4197/4125 7775/4202/4124 7780/4205/4129
f 7781/4210/4130 7779/4206/4128 7768/4173/4117
f 7780/4205/4129 7779/4206/4128 7781/4210/4130
f 7778/4195/4127 7777/4196/4126 7782/4200/4131
f 7783/4199/4132 7778/4195/4127 7782/4200/4131
f 7778/4195/4127 7783/4199/4132 7784/4194/4133
f 7784/4194/4133 7773/4190/4122 7778/4195/4127
f 7773/4190/4122 7784/4194/4133 7785/4189/4134
f 7785/4189/4134 7760/4184/4109 7773/4190/4122
f 7760/4184/4109 7785/4189/4134 7761/4183/4110
f 7785/4189/4134 7786/4188/4135 7761/4183/4110
f 7753/4182/4103 7761/4183/4110 7786/4188/4135
f 7783/4199/4132 7787/4198/4136 7784/4194/4133
f 7788/4193/4137 7784/4194/4133 7787/4198/4136
f 7784/4194/4133 7788/4193/4137 7785/4189/4134
f 7786/4188/4135 7785/4189/4134 7788/4193/4137
f 7786/4188/4135 7788/4193/4137 7747/4187/4097
f 7753/4182/4103 7786/4188/4135 7747/4187/4097
f 7787/4198/4136 7783/4199/4132 7789/4201/4138
f 7787/4198/4136 7789/4201/4138 7747/4187/4097
f 7788/4193/4137 7787/4198/4136 7747/4187/4097
f 7790/4211/4139 7791/4212/4140 7792/4213/4141
f 7793/4214/4142 7791/4212/4140 7790/4211/4139
f 7790/4211/4139 7794/4215/4143 7793/4214/4142
f 7793/4214/4142 7794/4215/4143 7795/4216/4144
f 7795/4216/4144 7796/4217/4145 7793/4214/4142
f 7797/4218/4146 7796/4217/4145 7795/4216/4144
f 7792/4213/4141 7798/4219/4147 7790/4211/4139
f 7790/4211/4139 7798/4219/4147 7799/4220/4148
f 7799/4220/4148 7794/4215/4143 7790/4211/4139
f 7795/4216/4144 7794/4215/4143 7799/4220/4148
f 7799/4220/4148 7800/4221/4149 7795/4216/4144
f 7795/4216/4144 7800/4221/4149 7801/4222/4150
f 7801/4222/4150 7802/4223/4151 7795/4216/4144
f 7795/4216/4144 7802/4223/4151 7797/4218/4146
f 7797/4218/4146 7802/4223/4151 7803/4224/4152
f 7803/4224/4152 7804/4225/4153 7797/4218/4146
f 7805/4226/4154 7798/4219/4147 7792/4213/4141
f 7799/4220/4148 7798/4219/4147 7805/4226/4154
f 7805/4226/4154 7806/4227/4155 7799/4220/4148
f 7799/4220/4148 7806/4227/4155 7807/4228/4156
f 7807/4228/4156 7800/4221/4149 7799/4220/4148
f 7801/4222/4150 7800/4221/4149 7807/4228/4156
f 7792/4213/4141 7808/4229/4157 7805/4226/4154
f 7805/4226/4154 7808/4229/4157 7809/4230/4158
f 7809/4230/4158 7806/4227/4155 7805/4226/4154
f 7807/4228/4156 7806/4227/4155 7809/4230/4158
f 7809/4230/4158 7810/4231/4159 7807/4228/4156
f 7807/4228/4156 7810/4231/4159 7811/4232/4160
f 7811/4232/4160 7812/4233/4161 7807/4228/4156
f 7807/4228/4156 7812/4233/4161 7801/4222/4150
f 7801/4222/4150 7812/4233/4161 7813/4234/4162
f 7813/4234/4162 7814/4235/4163 7801/4222/4150
f 7801/4222/4150 7814/4235/4163 7803/4224/4152
f 7803/4224/4152 7802/4223/4151 7801/4222/4150
f 7813/4234/4162 7812/4233/4161 7811/4232/4160
f 7811/4232/4160 7815/4236/4164 7813/4234/4162
f 7813/4234/4162 7815/4236/4164 7816/4237/4165
f 7816/4237/4165 7817/4238/4166 7813/4234/4162
f 7813/4234/4162 7817/4238/4166 7818/4239/4167
f 7818/4239/4167 7814/4235/4163 7813/4234/4162
f 7803/4224/4152 7814/4235/4163 7818/4239/4167
f 7818/4239/4167 7819/4240/4168 7803/4224/4152
f 7803/4224/4152 7819/4240/4168 7820/4241/4169
f 7820/4241/4169 7804/4225/4153 7803/4224/4152
f 7821/4242/4170 7817/4238/4166 7816/4237/4165
f 7818/4239/4167 7817/4238/4166 7821/4242/4170
f 7821/4242/4170 7822/4243/4171 7818/4239/4167
f 7818/4239/4167 7822/4243/4171 7823/4244/4172
f 7823/4244/4172 7819/4240/4168 7818/4239/4167
f 7820/4241/4169 7819/4240/4168 7823/4244/4172
f 7823/4244/4172 7824/4245/4173 7820/4241/4169
f 7825/4246/4174 7824/4245/4173 7823/4244/4172
f 7816/4237/4165 7826/4247/4175 7821/4242/4170
f 7821/4242/4170 7826/4247/4175 7827/4248/4176
f 7827/4248/4176 7828/4249/4177 7821/4242/4170
f 7821/4242/4170 7828/4249/4177 7829/4250/4178
f 7829/4250/4178 7822/4243/4171 7821/4242/4170
f 7823/4244/4172 7822/4243/4171 7829/4250/4178
f 7829/4250/4178 7830/4251/4179 7823/4244/4172
f 7823/4244/4172 7830/4251/4179 7825/4246/4174
f 7825/4246/4174 7830/4251/4179 7831/4252/4180
f 7831/4252/4180 7832/4253/4181 7825/4246/4174
f 7825/4246/4174 7832/4253/4181 7833/4254/4182
f 7834/4255/4183 7828/4249/4177 7827/4248/4176
f 7829/4250/4178 7828/4249/4177 7834/4255/4183
f 7834/4255/4183 7835/4256/4184 7829/4250/4178
f 7829/4250/4178 7835/4256/4184 7831/4252/4180
f 7831/4252/4180 7830/4251/4179 7829/4250/4178
f 7827/4248/4176 7836/4257/4185 7834/4255/4183
f 7834/4255/4183 7836/4257/4185 7837/4258/4186
f 7837/4258/4186 7838/4259/4187 7834/4255/4183
f 7834/4255/4183 7838/4259/4187 7839/4260/4188
f 7839/4260/4188 7835/4256/4184 7834/4255/4183
f 7831/4252/4180 7835/4256/4184 7839/4260/4188
f 7839/4260/4188 7840/4261/4189 7831/4252/4180
f 7831/4252/4180 7840/4261/4189 7841/4262/4190
f 7841/4262/4190 7832/4253/4181 7831/4252/4180
f 7833/4254/4182 7832/4253/4181 7841/4262/4190
f 7841/4262/4190 7842/4263/4191 7833/4254/4182
f 7833/4254/4182 7842/4263/4191 7843/1574/4192
f 7843/1574/4192 7842/4263/4191 7844/1572/4193
f 7844/1572/4193 7842/4263/4191 7841/4262/4190
f 7845/4264/4194 7846/4265/4195 7847/4266/4196
f 7847/4266/4196 7846/4265/4195 7848/4267/4197
f 7848/4267/4197 7849/4268/4198 7847/4266/4196
f 7847/4266/4196 7849/4268/4198 7850/4269/4199
f 7850/4269/4199 7851/4270/4200 7847/4266/4196
f 7847/4266/4196 7851/4270/4200 7845/4264/4194
f 7845/4264/4194 7851/4270/4200 7852/4271/4201
f 7852/4271/4201 7853/4272/4202 7845/4264/4194
f 7854/4273/4203 7853/4272/4202 7852/4271/4201
f 7855/4274/4204 7849/4268/4198 7848/4267/4197
f 7850/4269/4199 7849/4268/4198 7855/4274/4204
f 7855/4274/4204 7856/4275/4205 7850/4269/4199
f 7850/4269/4199 7856/4275/4205 7857/4276/4206
f 7857/4276/4206 7858/4277/4207 7850/4269/4199
f 7850/4269/4199 7858/4277/4207 7852/4271/4201
f 7852/4271/4201 7851/4270/4200 7850/4269/4199
f 7848/4267/4197 7859/4278/4208 7855/4274/4204
f 7855/4274/4204 7859/4278/4208 7860/4279/4209
f 7860/4279/4209 7861/4280/4210 7855/4274/4204
f 7855/4274/4204 7861/4280/4210 7862/4281/4211
f 7862/4281/4211 7856/4275/4205 7855/4274/4204
f 7857/4276/4206 7856/4275/4205 7862/4281/4211
f 7862/4281/4211 7863/4282/4212 7857/4276/4206
f 7857/4276/4206 7863/4282/4212 7864/4283/4213
f 7864/4283/4213 7865/4284/4214 7857/4276/4206
f 7857/4276/4206 7865/4284/4214 7854/4273/4203
f 7854/4273/4203 7858/4277/4207 7857/4276/4206
f 7852/4271/4201 7858/4277/4207 7854/4273/4203
f 7866/4285/4215 7861/4280/4210 7860/4279/4209
f 7862/4281/4211 7861/4280/4210 7866/4285/4215
f 7866/4285/4215 7867/4286/4216 7862/4281/4211
f 7862/4281/4211 7867/4286/4216 7868/4287/4217
f 7868/4287/4217 7863/4282/4212 7862/4281/4211
f 7864/4283/4213 7863/4282/4212 7868/4287/4217
f 7868/4287/4217 7869/4288/4218 7864/4283/4213
f 7870/4289/4219 7869/4288/4218 7868/4287/4217
f 7860/4279/4209 7871/4290/4220 7866/4285/4215
f 7866/4285/4215 7871/4290/4220 7872/4291/4221
f 7872/4291/4221 7873/4292/4222 7866/4285/4215
f 7866/4285/4215 7873/4292/4222 7874/4293/4223
f 7874/4293/4223 7867/4286/4216 7866/4285/4215
f 7868/4287/4217 7867/4286/4216 7874/4293/4223
f 7874/4293/4223 7875/4294/4224 7868/4287/4217
f 7868/4287/4217 7875/4294/4224 7870/4289/4219
f 7870/4289/4219 7875/4294/4224 7876/4295/4225
f 7876/4295/4225 7877/4296/4226 7870/4289/4219
f 7878/4297/4227 7877/4296/4226 7876/4295/4225
f 7879/4298/4228 7873/4292/4222 7872/4291/4221
f 7874/4293/4223 7873/4292/4222 7879/4298/4228
f 7879/4298/4228 7880/4299/4229 7874/4293/4223
f 7874/4293/4223 7880/4299/4229 7876/4295/4225
f 7876/4295/4225 7875/4294/4224 7874/4293/4223
f 7872/4291/4221 7881/4300/4230 7879/4298/4228
f 7879/4298/4228 7881/4300/4230 7882/4301/4231
f 7882/4301/4231 7883/4302/4232 7879/4298/4228
f 7879/4298/4228 7883/4302/4232 7884/4303/4233
f 7884/4303/4233 7880/4299/4229 7879/4298/4228
f 7876/4295/4225 7880/4299/4229 7884/4303/4233
f 7884/4303/4233 7885/4304/4234 7876/4295/4225
f 7876/4295/4225 7885/4304/4234 7878/4297/4227
f 7878/4297/4227 7885/4304/4234 7886/4305/4235
f 7886/4305/4235 7887/4306/4236 7878/4297/4227
f 7888/4307/4237 7887/4306/4236 7886/4305/4235
f 7886/4305/4235 7889/4308/4238 7888/4307/4237
f 7890/4309/4239 7883/4302/4232 7882/4301/4231
f 7884/4303/4233 7883/4302/4232 7890/4309/4239
f 7890/4309/4239 7891/4310/4240 7884/4303/4233
f 7884/4303/4233 7891/4310/4240 7886/4305/4235
f 7886/4305/4235 7885/4304/4234 7884/4303/4233
f 7882/4301/4231 7892/4311/4241 7890/4309/4239
f 7890/4309/4239 7892/4311/4241 7893/4312/4242
f 7893/4312/4242 7894/4313/4243 7890/4309/4239
f 7890/4309/4239 7894/4313/4243 7895/4314/4244
f 7895/4314/4244 7891/4310/4240 7890/4309/4239
f 7886/4305/4235 7891/4310/4240 7895/4314/4244
f 7895/4314/4244 7889/4308/4238 7886/4305/4235
f 7896/4315/4245 7892/4311/4241 7882/4301/4231
f 7893/4312/4242 7892/4311/4241 7896/4315/4245
f 7896/4315/4245 7897/4316/4246 7893/4312/4242
f 7893/4312/4242 7897/4316/4246 7898/1577/4247
f 7898/1577/4247 7897/4316/4246 7899/1575/4248
f 7899/1575/4248 7897/4316/4246 7896/4315/4245
f 7900/4317/4249 7901/4318/4250 7902/4319/4251
f 7901/4318/4250 7900/4317/4249 7903/4320/4252
f 7903/4320/4252 7904/4321/4253 7901/4318/4250
f 7905/4322/4254 7904/4321/4253 7903/4320/4252
f 7903/4320/4252 7906/4323/4255 7905/4322/4254
f 7907/4324/4256 7905/4322/4254 7906/4323/4255
f 7902/4319/4251 7908/4325/4257 7900/4317/4249
f 7909/4326/4258 7900/4317/4249 7908/4325/4257
f 7900/4317/4249 7909/4326/4258 7910/4327/4259
f 7910/4327/4259 7903/4320/4252 7900/4317/4249
f 7906/4323/4255 7903/4320/4252 7910/4327/4259
f 7910/4327/4259 7911/4328/4260 7906/4323/4255
f 7912/4329/4261 7906/4323/4255 7911/4328/4260
f 7906/4323/4255 7912/4329/4261 7907/4324/4256
f 7912/4329/4261 7913/4330/4262 7907/4324/4256
f 7914/4331/4263 7908/4325/4257 7902/4319/4251
f 7908/4325/4257 7914/4331/4263 7915/4332/4264
f 7915/4332/4264 7916/4333/4265 7908/4325/4257
f 7908/4325/4257 7916/4333/4265 7909/4326/4258
f 7917/4334/3111 7909/4326/4258 7916/4333/4265
f 7909/4326/4258 7917/4334/3111 7918/4335/4266
f 7918/4335/4266 7910/4327/4259 7909/4326/4258
f 7911/4328/4260 7910/4327/4259 7918/4335/4266
f 7902/4319/4251 7919/4336/4267 7914/4331/4263
f 7914/4331/4263 7919/4336/4267 7920/4337/4268
f 7920/4337/4268 7921/4338/4269 7914/4331/4263
f 7915/4332/4264 7914/4331/4263 7921/4338/4269
f 7921/4338/4269 7922/4339/4270 7915/4332/4264
f 7923/4340/4271 7915/4332/4264 7922/4339/4270
f 7916/4333/4265 7915/4332/4264 7923/4340/4271
f 7923/4340/4271 7924/4341/4272 7916/4333/4265
f 7916/4333/4265 7924/4341/4272 7917/4334/3111
f 7925/4342/4273 7917/4334/3111 7924/4341/4272
f 7917/4334/3111 7925/4342/4273 7926/4343/4274
f 7926/4343/4274 7918/4335/4266 7917/4334/3111
f 7920/4337/4268 7927/4344/4275 7921/4338/4269
f 7921/4338/4269 7927/4344/4275 7922/4339/4270
f 7922/4339/4270 7927/4344/4275 7928/4345/4276
f 7922/4339/4270 7928/4345/4276 7923/4340/4271
f 7929/4346/4277 7923/4340/4271 7928/4345/4276
f 7924/4341/4272 7923/4340/4271 7929/4346/4277
f 7929/4346/4277 7930/4347/4278 7924/4341/4272
f 7924/4341/4272 7930/4347/4278 7925/4342/4273
f 7931/4348/4279 7925/4342/4273 7930/4347/4278
f 7925/4342/4273 7931/4348/4279 7932/4349/4280
f 7932/4349/4280 7926/4343/4274 7925/4342/4273
f 7928/4345/4276 7927/4344/4275 7933/4350/4281
f 7928/4345/4276 7933/4350/4281 7929/4346/4277
f 7934/4351/4282 7929/4346/4277 7933/4350/4281
f 7930/4347/4278 7929/4346/4277 7934/4351/4282
f 7934/4351/4282 7935/4352/4283 7930/4347/4278
f 7930/4347/4278 7935/4352/4283 7931/4348/4279
f 7936/4353/4284 7931/4348/4279 7935/4352/4283
f 7931/4348/4279 7936/4353/4284 7937/4354/4285
f 7937/4354/4285 7932/4349/4280 7931/4348/4279
f 7933/4350/4281 7927/4344/4275 7938/4355/4286
f 7933/4350/4281 7938/4355/4286 7934/4351/4282
f 7939/4356/4287 7934/4351/4282 7938/4355/4286
f 7935/4352/4283 7934/4351/4282 7939/4356/4287
f 7939/4356/4287 7940/4357/4288 7935/4352/4283
f 7935/4352/4283 7940/4357/4288 7936/4353/4284
f 7938/4355/4286 7927/4344/4275 7941/4358/4289
f 7938/4355/4286 7941/4358/4289 7939/4356/4287
f 7942/4359/4290 7932/4349/4280 7937/4354/4285
f 7932/4349/4280 7942/4359/4290 7943/4360/4291
f 7943/4360/4291 7926/4343/4274 7932/4349/4280
f 7926/4343/4274 7943/4360/4291 7944/4361/4292
f 7944/4361/4292 7918/4335/4266 7926/4343/4274
f 7918/4335/4266 7944/4361/4292 7911/4328/4260
f 7937/4354/4285 7945/4362/4293 7942/4359/4290
f 7946/4363/4294 7942/4359/4290 7945/4362/4293
f 7942/4359/4290 7946/4363/4294 7947/4364/4295
f 7947/4364/4295 7943/4360/4291 7942/4359/4290
f 7943/4360/4291 7947/4364/4295 7948/4365/4296
f 7948/4365/4296 7944/4361/4292 7943/4360/4291
f 7944/4361/4292 7948/4365/4296 7949/4366/4297
f 7949/4366/4297 7911/4328/4260 7944/4361/4292
f 7911/4328/4260 7949/4366/4297 7912/4329/4261
f 7949/4366/4297 7913/4330/4262 7912/4329/4261
f 7945/4362/4293 7950/4367/4298 7946/4363/4294
f 7950/4367/4298 7913/4330/4262 7946/4363/4294
f 7946/4363/4294 7913/4330/4262 7947/4364/4295
f 7947/4364/4295 7913/4330/4262 7948/4365/4296
f 7948/4365/4296 7913/4330/4262 7949/4366/4297
f 7951/4317/4299 7952/4319/4300 7953/4318/4301
f 7952/4319/4300 7951/4317/4299 7954/4325/4302
f 7955/4331/4303 7952/4319/4300 7954/4325/4302
f 7952/4319/4300 7955/4331/4303 7956/4368/4304
f 7955/4331/4303 7957/4337/4305 7956/4368/4304
f 7957/4337/4305 7955/4331/4303 7958/4338/4306
f 7957/4337/4305 7958/4338/4306 7959/4344/4307
f 7953/4318/4301 7960/4320/4308 7951/4317/4299
f 7961/4327/4309 7951/4317/4299 7960/4320/4308
f 7951/4317/4299 7961/4327/4309 7962/4326/4310
f 7962/4326/4310 7954/4325/4302 7951/4317/4299
f 7954/4325/4302 7962/4326/4310 7963/4333/4311
f 7964/4332/4312 7954/4325/4302 7963/4333/4311
f 7954/4325/4302 7964/4332/4312 7955/4331/4303
f 7964/4332/4312 7958/4338/4306 7955/4331/4303
f 7958/4338/4306 7964/4332/4312 7965/4339/4313
f 7958/4338/4306 7965/4339/4313 7959/4344/4307
f 7960/4320/4308 7953/4318/4301 7966/4321/4314
f 7967/4322/4315 7960/4320/4308 7966/4321/4314
f 7960/4320/4308 7967/4322/4315 7968/4323/4316
f 7968/4323/4316 7961/4327/4309 7960/4320/4308
f 7961/4327/4309 7968/4323/4316 7969/4328/4317
f 7969/4328/4317 7970/4335/4318 7961/4327/4309
f 7970/4335/4318 7962/4326/4310 7961/4327/4309
f 7962/4326/4310 7970/4335/4318 7971/4334/3114
f 7971/4334/3114 7963/4333/4311 7962/4326/4310
f 7963/4333/4311 7971/4334/3114 7972/4341/4319
f 7973/4340/4320 7963/4333/4311 7972/4341/4319
f 7963/4333/4311 7973/4340/4320 7964/4332/4312
f 7973/4340/4320 7965/4339/4313 7964/4332/4312
f 7974/4324/4321 7968/4323/4316 7967/4322/4315
f 7968/4323/4316 7974/4324/4321 7975/4329/4322
f 7975/4329/4322 7969/4328/4317 7968/4323/4316
f 7969/4328/4317 7975/4329/4322 7976/4366/4323
f 7976/4366/4323 7977/4361/4324 7969/4328/4317
f 7970/4335/4318 7969/4328/4317 7977/4361/4324
f 7977/4361/4324 7978/4343/4325 7970/4335/4318
f 7978/4343/4325 7971/4334/3114 7970/4335/4318
f 7971/4334/3114 7978/4343/4325 7979/4342/4326
f 7979/4342/4326 7972/4341/4319 7971/4334/3114
f 7975/4329/4322 7974/4324/4321 7980/4330/4327
f 7976/4366/4323 7975/4329/4322 7980/4330/4327
f 7981/4365/4328 7976/4366/4323 7980/4330/4327
f 7977/4361/4324 7976/4366/4323 7981/4365/4328
f 7981/4365/4328 7982/4360/4329 7977/4361/4324
f 7978/4343/4325 7977/4361/4324 7982/4360/4329
f 7982/4360/4329 7983/4349/4330 7978/4343/4325
f 7983/4349/4330 7979/4342/4326 7978/4343/4325
f 7979/4342/4326 7983/4349/4330 7984/4348/4331
f 7984/4348/4331 7985/4347/4332 7979/4342/4326
f 7972/4341/4319 7979/4342/4326 7985/4347/4332
f 7986/4364/4333 7981/4365/4328 7980/4330/4327
f 7982/4360/4329 7981/4365/4328 7986/4364/4333
f 7986/4364/4333 7987/4359/4334 7982/4360/4329
f 7983/4349/4330 7982/4360/4329 7987/4359/4334
f 7987/4359/4334 7988/4354/4335 7983/4349/4330
f 7988/4354/4335 7984/4348/4331 7983/4349/4330
f 7984/4348/4331 7988/4354/4335 7989/4353/4336
f 7989/4353/4336 7990/4352/4337 7984/4348/4331
f 7985/4347/4332 7984/4348/4331 7990/4352/4337
f 7991/4363/4338 7986/4364/4333 7980/4330/4327
f 7987/4359/4334 7986/4364/4333 7991/4363/4338
f 7991/4363/4338 7992/4362/4339 7987/4359/4334
f 7988/4354/4335 7987/4359/4334 7992/4362/4339
f 7993/4367/4340 7991/4363/4338 7980/4330/4327
f 7992/4362/4339 7991/4363/4338 7993/4367/4340
f 7990/4352/4337 7989/4353/4336 7994/4357/4341
f 7995/4356/4342 7990/4352/4337 7994/4357/4341
f 7990/4352/4337 7995/4356/4342 7996/4351/4343
f 7996/4351/4343 7985/4347/4332 7990/4352/4337
f 7985/4347/4332 7996/4351/4343 7997/4346/4344
f 7997/4346/4344 7972/4341/4319 7985/4347/4332
f 7972/4341/4319 7997/4346/4344 7973/4340/4320
f 7997/4346/4344 7998/4345/4345 7973/4340/4320
f 7965/4339/4313 7973/4340/4320 7998/4345/4345
f 7995/4356/4342 7999/4355/4346 7996/4351/4343
f 8000/4350/4347 7996/4351/4343 7999/4355/4346
f 7996/4351/4343 8000/4350/4347 7997/4346/4344
f 7998/4345/4345 7997/4346/4344 8000/4350/4347
f 7998/4345/4345 8000/4350/4347 7959/4344/4307
f 7965/4339/4313 7998/4345/4345 7959/4344/4307
f 7999/4355/4346 7995/4356/4342 8001/4358/4348
f 7999/4355/4346 8001/4358/4348 7959/4344/4307
f 8000/4350/4347 7999/4355/4346 7959/4344/4307
f 8002/4369/1946 8003/4370/1946 8004/4371/1946
f 8005/4372/1946 8003/4370/1946 8002/4369/1946
f 8006/4373/1946 8003/4370/1946 8005/4372/1946
f 8007/4374/1946 8003/4370/1946 8006/4373/1946
f 8008/4375/1946 8003/4370/1946 8007/4374/1946
f 8009/4376/1946 8003/4370/1946 8008/4375/1946
f 8010/4377/1946 8003/4370/1946 8009/4376/1946
f 8011/4378/1946 8003/4370/1946 8010/4377/1946
f 8012/4379/1946 8003/4370/1946 8011/4378/1946
f 8004/4371/1946 8003/4370/1946 8012/4379/1946
f 8013/4380/1946 8014/4381/1946 8015/4382/1946
f 8016/4383/1946 8014/4381/1946 8013/4380/1946
f 8017/4384/1946 8014/4381/1946 8016/4383/1946
f 8018/4385/1946 8014/4381/1946 8017/4384/1946
f 8019/4386/1946 8014/4381/1946 8018/4385/1946
f 8020/4387/1946 8014/4381/1946 8019/4386/1946
f 8021/4388/1946 8014/4381/1946 8020/4387/1946
f 8022/4389/1946 8014/4381/1946 8021/4388/1946
f 8023/4390/1946 8014/4381/1946 8022/4389/1946
f 8015/4382/1946 8014/4381/1946 8023/4390/1946
f 8024/4391/1946 8025/4392/1946 8026/4393/1946
f 8027/4394/1946 8025/4392/1946 8024/4391/1946
f 8028/4395/1946 8025/4392/1946 8027/4394/1946
f 8029/4396/1946 8025/4392/1946 8028/4395/1946
f 8030/4397/1946 8025/4392/1946 8029/4396/1946
f 8031/4398/1946 8025/4392/1946 8030/4397/1946
f 8032/4399/1946 8025/4392/1946 8031/4398/1946
f 8033/4400/1946 8025/4392/1946 8032/4399/1946
f 8034/4401/1946 8025/4392/1946 8033/4400/1946
f 8026/4393/1946 8025/4392/1946 8034/4401/1946
f 8035/4402/1946 8036/4403/1946 8037/4404/1946
f 8038/4405/1946 8036/4403/1946 8035/4402/1946
f 8039/4406/1946 8036/4403/1946 8038/4405/1946
f 8040/4407/1946 8036/4403/1946 8039/4406/1946
f 8041/4408/1946 8036/4403/1946 8040/4407/1946
f 8042/4409/1946 8036/4403/1946 8041/4408/1946
f 8043/4410/1946 8036/4403/1946 8042/4409/1946
f 8044/4411/1946 8036/4403/1946 8043/4410/1946
f 8045/4412/1946 8036/4403/1946 8044/4411/1946
f 8037/4404/1946 8036/4403/1946 8045/4412/1946
f 8046/4402/1946 8047/4404/1946 8048/4403/1946
f 8047/4404/1946 8049/4412/1946 8048/4403/1946
f 8049/4412/1946 8050/4411/1946 8048/4403/1946
f 8050/4411/1946 8051/4410/1946 8048/4403/1946
f 8051/4410/1946 8052/4409/1946 8048/4403/1946
f 8052/4409/1946 8053/4408/1946 8048/4403/1946
f 8053/4408/1946 8054/4407/1946 8048/4403/1946
f 8054/4407/1946 8055/4406/1946 8048/4403/1946
f 8055/4406/1946 8056/4405/1946 8048/4403/1946
f 8056/4405/1946 8046/4402/1946 8048/4403/1946
f 8057/4413/1946 8058/4414/1946 8059/4415/1946
f 8060/4416/1946 8058/4414/1946 8057/4413/1946
f 8061/4417/1946 8058/4414/1946 8060/4416/1946
f 8062/4418/1946 8058/4414/1946 8061/4417/1946
f 8063/4419/1946 8058/4414/1946 8062/4418/1946
f 8064/4420/1946 8058/4414/1946 8063/4419/1946
f 8065/4421/1946 8058/4414/1946 8064/4420/1946
f 8066/4422/1946 8058/4414/1946 8065/4421/1946
f 8067/4423/1946 8058/4414/1946 8066/4422/1946
f 8059/4415/1946 8058/4414/1946 8067/4423/1946
f 8068/4424/1946 8069/4425/1946 8070/4426/1946
f 8071/4427/1946 8069/4425/1946 8068/4424/1946
f 8072/4428/1946 8069/4425/1946 8071/4427/1946
f 8073/4429/1946 8069/4425/1946 8072/4428/1946
f 8074/4430/1946 8069/4425/1946 8073/4429/1946
f 8075/4431/1946 8069/4425/1946 8074/4430/1946
f 8076/4432/1946 8069/4425/1946 8075/4431/1946
f 8077/4433/1946 8069/4425/1946 8076/4432/1946
f 8078/4434/1946 8069/4425/1946 8077/4433/1946
f 8070/4426/1946 8069/4425/1946 8078/4434/1946
f 8079/4435/4349 8080/4436/4350 8081/4437/3952
f 8082/4438/4351 8080/4436/4350 8079/4435/4349
f 8079/4435/4349 8083/4439/4352 8082/4438/4351
f 8082/4438/4351 8083/4439/4352 8084/4440/4353
f 8084/4440/4353 8085/4441/4354 8082/4438/4351
f 8085/4441/4354 8084/4440/4353 8086/4442/4355
f 8081/4437/3952 8087/4443/3952 8079/4435/4349
f 8087/4443/3952 8081/4437/3952 8088/4444/4356
f 8088/4444/4356 8089/4445/4357 8087/4443/3952
f 8090/4446/4358 8089/4445/4357 8088/4444/4356
f 8089/4445/4357 8090/4446/4358 8091/4447/4359
f 8091/4447/4359 8092/4448/4360 8089/4445/4357
f 8089/4445/4357 8092/4448/4360 8093/4449/4361
f 8093/4449/4361 8094/4443/4362 8089/4445/4357
f 8094/4443/4362 8093/4449/4361 8095/4450/4363
f 8095/4450/4363 8096/4435/4364 8094/4443/4362
f 8088/4444/4356 8097/4451/4365 8090/4446/4358
f 8098/4452/4366 8090/4446/4358 8097/4451/4365
f 8090/4446/4358 8098/4452/4366 8099/4453/4367
f 8099/4453/4367 8091/4447/4359 8090/4446/4358
f 8091/4447/4359 8099/4453/4367 8100/4454/4368
f 8100/4454/4368 8101/4455/4369 8091/4447/4359
f 8101/4455/4369 8100/4454/4368 8102/4456/4370
f 8102/4456/4370 8103/4457/4371 8101/4455/4369
f 8097/4451/4365 8104/4458/4372 8098/4452/4366
f 8098/4452/4366 8104/4458/4372 8105/4459/4373
f 8099/4453/4367 8098/4452/4366 8105/4459/4373
f 8100/4454/4368 8099/4453/4367 8105/4459/4373
f 8102/4456/4370 8100/4454/4368 8105/4459/4373
f 8106/4460/4374 8102/4456/4370 8105/4459/4373
f 8103/4457/4371 8102/4456/4370 8106/4460/4374
f 8106/4460/4374 8107/4461/4375 8103/4457/4371
f 8108/4462/4376 8103/4457/4371 8107/4461/4375
f 8107/4461/4375 8109/4463/4377 8108/4462/4376
f 8108/4462/4376 8109/4463/4377 8110/4464/4378
f 8110/4464/4378 8111/4465/4379 8108/4462/4376
f 8112/4466/4380 8106/4460/4374 8105/4459/4373
f 8107/4461/4375 8106/4460/4374 8112/4466/4380
f 8112/4466/4380 8113/4467/4381 8107/4461/4375
f 8109/4463/4377 8107/4461/4375 8113/4467/4381
f 8113/4467/4381 8114/4468/4382 8109/4463/4377
f 8109/4463/4377 8114/4468/4382 8115/4469/4383
f 8115/4469/4383 8110/4464/4378 8109/4463/4377
f 8110/4464/4378 8115/4469/4383 8116/4470/4384
f 8116/4470/4384 8117/4471/4385 8110/4464/4378
f 8111/4465/4379 8110/4464/4378 8117/4471/4385
f 8117/4471/4385 8118/4472/4386 8111/4465/4379
f 8119/4473/4387 8118/4472/4386 8117/4471/4385
f 8117/4471/4385 8120/4474/4388 8119/4473/4387
f 8119/4473/4387 8120/4474/4388 8121/4475/4389
f 8121/4475/4389 8122/4476/4390 8119/4473/4387
f 8123/4477/4391 8119/4473/4387 8122/4476/4390
f 8120/4474/4388 8117/4471/4385 8116/4470/4384
f 8116/4470/4384 8124/4478/4392 8120/4474/4388
f 8120/4474/4388 8124/4478/4392 8125/4479/4393
f 8125/4479/4393 8121/4475/4389 8120/4474/4388
f 8121/4475/4389 8125/4479/4393 8086/4442/4355
f 8122/4476/4390 8121/4475/4389 8086/4442/4355
f 8126/4480/4394 8122/4476/4390 8086/4442/4355
f 8122/4476/4390 8126/4480/4394 8123/4477/4391
f 8127/4481/4395 8123/4477/4391 8126/4480/4394
f 8126/4480/4394 8128/4482/4396 8127/4481/4395
f 8083/4439/4352 8127/4481/4395 8128/4482/4396
f 8095/4450/4363 8127/4481/4395 8083/4439/4352
f 8083/4439/4352 8096/4435/4364 8095/4450/4363
f 8128/4482/4396 8126/4480/4394 8086/4442/4355
f 8084/4440/4353 8128/4482/4396 8086/4442/4355
f 8128/4482/4396 8084/4440/4353 8083/4439/4352
f 8129/4483/3575 8130/4484/4012 8131/4485/4397
f 8131/4485/4397 8130/4484/4012 8132/4486/4398
f 8132/4486/4398 8133/4487/4399 8131/4485/4397
f 8134/4488/4400 8133/4487/4399 8132/4486/4398
f 8133/4487/4399 8134/4488/4400 8135/4489/4401
f 8135/4489/4401 8136/4490/4402 8133/4487/4399
f 8133/4487/4399 8136/4490/4402 8137/4491/4403
f 8137/4491/4403 8138/4485/4404 8133/4487/4399
f 8139/4492/4405 8138/4485/4404 8137/4491/4403
f 8132/4486/4398 8140/4493/4406 8134/4488/4400
f 8134/4488/4400 8140/4493/4406 8141/4494/4407
f 8135/4489/4401 8134/4488/4400 8141/4494/4407
f 8142/4495/4408 8135/4489/4401 8141/4494/4407
f 8136/4490/4402 8135/4489/4401 8142/4495/4408
f 8142/4495/4408 8143/4496/4409 8136/4490/4402
f 8136/4490/4402 8143/4496/4409 8144/4497/4410
f 8144/4497/4410 8137/4491/4403 8136/4490/4402
f 8145/4498/4411 8137/4491/4403 8144/4497/4410
f 8137/4491/4403 8145/4498/4411 8139/4492/4405
f 8146/4499/4412 8139/4492/4405 8145/4498/4411
f 8147/4500/4413 8142/4495/4408 8141/4494/4407
f 8143/4496/4409 8142/4495/4408 8147/4500/4413
f 8147/4500/4413 8148/4501/4414 8143/4496/4409
f 8143/4496/4409 8148/4501/4414 8149/4502/4415
f 8149/4502/4415 8144/4497/4410 8143/4496/4409
f 8150/4503/2093 8144/4497/4410 8149/4502/4415
f 8144/4497/4410 8150/4503/2093 8145/4498/4411
f 8151/4504/4416 8145/4498/4411 8150/4503/2093
f 8145/4498/4411 8151/4504/4416 8146/4499/4412
f 8152/4505/4417 8147/4500/4413 8141/4494/4407
f 8148/4501/4414 8147/4500/4413 8152/4505/4417
f 8152/4505/4417 8153/4506/4418 8148/4501/4414
f 8148/4501/4414 8153/4506/4418 8154/4507/4419
f 8154/4507/4419 8149/4502/4415 8148/4501/4414
f 8155/4508/4420 8149/4502/4415 8154/4507/4419
f 8149/4502/4415 8155/4508/4420 8150/4503/2093
f 8156/4509/4421 8150/4503/2093 8155/4508/4420
f 8150/4503/2093 8156/4509/4421 8151/4504/4416
f 8157/4510/4422 8152/4505/4417 8141/4494/4407
f 8153/4506/4418 8152/4505/4417 8157/4510/4422
f 8157/4510/4422 8158/4511/4423 8153/4506/4418
f 8153/4506/4418 8158/4511/4423 8159/4512/4018
f 8159/4512/4018 8154/4507/4419 8153/4506/4418
f 8160/4513/4424 8154/4507/4419 8159/4512/4018
f 8154/4507/4419 8160/4513/4424 8155/4508/4420
f 8161/4514/4425 8155/4508/4420 8160/4513/4424
f 8155/4508/4420 8161/4514/4425 8156/4509/4421
f 8156/4509/4421 8161/4514/4425 8162/4515/4426
f 8162/4515/4426 8163/4516/4427 8156/4509/4421
f 8151/4504/4416 8156/4509/4421 8163/4516/4427
f 8163/4516/4427 8164/4517/4428 8151/4504/4416
f 8146/4499/4412 8151/4504/4416 8164/4517/4428
f 8159/4512/4018 8165/4518/3551 8160/4513/4424
f 8166/4519/4429 8160/4513/4424 8165/4518/3551
f 8160/4513/4424 8166/4519/4429 8161/4514/4425
f 8161/4514/4425 8166/4519/4429 8167/4520/4430
f 8167/4520/4430 8162/4515/4426 8161/4514/4425
f 8162/4515/4426 8167/4520/4430 8168/4521/4431
f 8168/4521/4431 8169/4522/4432 8162/4515/4426
f 8163/4516/4427 8162/4515/4426 8169/4522/4432
f 8169/4522/4432 8170/4523/4433 8163/4516/4427
f 8164/4517/4428 8163/4516/4427 8170/4523/4433
f 8165/4518/3551 8171/4524/4019 8166/4519/4429
f 8166/4519/4429 8171/4524/4019 8172/4525/4022
f 8172/4525/4022 8167/4520/4430 8166/4519/4429
f 8167/4520/4430 8172/4525/4022 8173/4526/4024
f 8173/4526/4024 8168/4521/4431 8167/4520/4430
f 8168/4521/4431 8173/4526/4024 8174/4527/4434
f 8169/4522/4432 8168/4521/4431 8174/4527/4434
f 8170/4523/4433 8169/4522/4432 8174/4527/4434
f 8175/4528/4435 8170/4523/4433 8174/4527/4434
f 8170/4523/4433 8175/4528/4435 8164/4517/4428
f 8176/4529/4436 8164/4517/4428 8175/4528/4435
f 8164/4517/4428 8176/4529/4436 8146/4499/4412
f 8177/4530/4036 8146/4499/4412 8176/4529/4436
f 8178/4492/3575 8146/4499/4412 8177/4530/4036
f 8179/4531/4437 8175/4528/4435 8174/4527/4434
f 8175/4528/4435 8179/4531/4437 8176/4529/4436
f 8180/4532/4032 8176/4529/4436 8179/4531/4437
f 8176/4529/4436 8180/4532/4032 8177/4530/4036
f 8181/4533/4030 8179/4531/4437 8174/4527/4434
f 8179/4531/4437 8181/4533/4030 8180/4532/4032
f 8177/4530/4036 8129/4483/3575 8178/4492/3575
f 8131/4485/4397 8178/4492/3575 8129/4483/3575
f 8182/4534/4438 8183/4535/3055 8184/4536/3056
f 8185/4537/3049 8183/4535/3055 8182/4534/4438
f 8182/4534/4438 8186/4538/4439 8185/4537/3049
f 8185/4537/3049 8186/4538/4439 8187/4539/4440
f 8187/4539/4440 8188/4540/3048 8185/4537/3049
f 8187/4539/4440 8189/4541/4441 8188/4540/3048
f 8184/4536/3056 8190/4542/3056 8182/4534/4438
f 8190/4542/3056 8184/4536/3056 8191/4543/3059
f 8191/4543/3059 8192/4544/4442 8190/4542/3056
f 8193/4545/4443 8192/4544/4442 8191/4543/3059
f 8192/4544/4442 8193/4545/4443 8194/4546/4444
f 8194/4546/4444 8195/4547/4445 8192/4544/4442
f 8192/4544/4442 8195/4547/4445 8196/4548/4446
f 8196/4548/4446 8197/4542/4447 8192/4544/4442
f 8197/4542/4447 8196/4548/4446 8198/4549/4448
f 8198/4549/4448 8199/4534/4449 8197/4542/4447
f 8191/4543/3059 8200/4550/3061 8193/4545/4443
f 8201/4551/4450 8193/4545/4443 8200/4550/3061
f 8193/4545/4443 8201/4551/4450 8202/4552/4451
f 8202/4552/4451 8194/4546/4444 8193/4545/4443
f 8194/4546/4444 8202/4552/4451 8203/4553/4452
f 8203/4553/4452 8204/4554/4453 8194/4546/4444
f 8195/4547/4445 8194/4546/4444 8204/4554/4453
f 8204/4554/4453 8205/4555/4454 8195/4547/4445
f 8195/4547/4445 8205/4555/4454 8206/4556/2094
f 8206/4556/2094 8196/4548/4446 8195/4547/4445
f 8200/4550/3061 8207/4557/3063 8201/4551/4450
f 8207/4557/3063 8208/4558/4455 8201/4551/4450
f 8201/4551/4450 8208/4558/4455 8202/4552/4451
f 8202/4552/4451 8208/4558/4455 8203/4553/4452
f 8203/4553/4452 8208/4558/4455 8209/4559/4456
f 8204/4554/4453 8203/4553/4452 8209/4559/4456
f 8209/4559/4456 8210/4560/4457 8204/4554/4453
f 8205/4555/4454 8204/4554/4453 8210/4560/4457
f 8210/4560/4457 8211/4561/4458 8205/4555/4454
f 8205/4555/4454 8211/4561/4458 8212/4562/4459
f 8212/4562/4459 8206/4556/2094 8205/4555/4454
f 8206/4556/2094 8212/4562/4459 8213/4563/4460
f 8213/4563/4460 8214/4564/4461 8206/4556/2094
f 8196/4548/4446 8206/4556/2094 8214/4564/4461
f 8209/4559/4456 8208/4558/4455 8215/4565/4462
f 8210/4560/4457 8209/4559/4456 8215/4565/4462
f 8215/4565/4462 8216/4566/4463 8210/4560/4457
f 8211/4561/4458 8210/4560/4457 8216/4566/4463
f 8216/4566/4463 8217/4567/4464 8211/4561/4458
f 8211/4561/4458 8217/4567/4464 8218/4568/4465
f 8218/4568/4465 8212/4562/4459 8211/4561/4458
f 8212/4562/4459 8218/4568/4465 8219/4569/4466
f 8219/4569/4466 8213/4563/4460 8212/4562/4459
f 8215/4565/4462 8208/4558/4455 8220/4570/3031
f 8216/4566/4463 8215/4565/4462 8220/4570/3031
f 8220/4570/3031 8221/4571/3033 8216/4566/4463
f 8217/4567/4464 8216/4566/4463 8221/4571/3033
f 8221/4571/3033 8222/4572/3035 8217/4567/4464
f 8217/4567/4464 8222/4572/3035 8223/4573/3036
f 8223/4573/3036 8218/4568/4465 8217/4567/4464
f 8218/4568/4465 8223/4573/3036 8224/4574/3037
f 8224/4574/3037 8219/4569/4466 8218/4568/4465
f 8225/4575/4467 8219/4569/4466 8224/4574/3037
f 8219/4569/4466 8225/4575/4467 8226/4576/4468
f 8226/4576/4468 8213/4563/4460 8219/4569/4466
f 8213/4563/4460 8226/4576/4468 8227/4577/4469
f 8227/4577/4469 8214/4564/4461 8213/4563/4460
f 8224/4574/3037 8228/4578/3040 8225/4575/4467
f 8225/4575/4467 8228/4578/3040 8229/4579/3041
f 8229/4579/3041 8230/4580/4470 8225/4575/4467
f 8226/4576/4468 8225/4575/4467 8230/4580/4470
f 8230/4580/4470 8231/4581/4471 8226/4576/4468
f 8227/4577/4469 8226/4576/4468 8231/4581/4471
f 8231/4581/4471 8232/4582/4472 8227/4577/4469
f 8233/4583/4473 8227/4577/4469 8232/4582/4472
f 8214/4564/4461 8227/4577/4469 8233/4583/4473
f 8233/4583/4473 8198/4549/4448 8214/4564/4461
f 8214/4564/4461 8198/4549/4448 8196/4548/4446
f 8229/4579/3041 8189/4541/4441 8230/4580/4470
f 8230/4580/4470 8189/4541/4441 8231/4581/4471
f 8231/4581/4471 8189/4541/4441 8232/4582/4472
f 8232/4582/4472 8189/4541/4441 8234/4584/4474
f 8232/4582/4472 8234/4584/4474 8233/4583/4473
f 8186/4538/4439 8233/4583/4473 8234/4584/4474
f 8198/4549/4448 8233/4583/4473 8186/4538/4439
f 8186/4538/4439 8199/4534/4449 8198/4549/4448
f 8234/4584/4474 8189/4541/4441 8187/4539/4440
f 8234/4584/4474 8187/4539/4440 8186/4538/4439
f 8235/4585/1946 8236/4586/1946 8237/4587/1946
f 8236/4586/1946 8238/4588/1946 8237/4587/1946
f 8238/4588/1946 8239/4589/1946 8237/4587/1946
f 8239/4589/1946 8240/4590/1946 8237/4587/1946
f 8240/4590/1946 8241/4591/1946 8237/4587/1946
f 8241/4591/1946 8242/4592/1946 8237/4587/1946
f 8242/4592/1946 8243/4593/1946 8237/4587/1946
f 8243/4593/1946 8244/4594/1946 8237/4587/1946
f 8244/4594/1946 8245/4595/1946 8237/4587/1946
f 8245/4595/1946 8235/4585/1946 8237/4587/1946
f 8246/4596/1946 8247/4597/1946 8248/4598/1946
f 8249/4599/1946 8247/4597/1946 8246/4596/1946
f 8250/4600/1946 8247/4597/1946 8249/4599/1946
f 8251/4601/1946 8247/4597/1946 8250/4600/1946
f 8252/4602/1946 8247/4597/1946 8251/4601/1946
f 8253/4603/1946 8247/4597/1946 8252/4602/1946
f 8254/4604/1946 8247/4597/1946 8253/4603/1946
f 8255/4605/1946 8247/4597/1946 8254/4604/1946
f 8256/4606/1946 8247/4597/1946 8255/4605/1946
f 8248/4598/1946 8247/4597/1946 8256/4606/1946
f 8257/4607/4475 8258/4608/4476 8259/4609/4477
f 8258/4608/4476 8257/4607/4475 8260/4610/4478
f 8260/4610/4478 8261/4611/4479 8258/4608/4476
f 8261/4611/4479 8260/4610/4478 8262/4612/4480
f 8260/4610/4478 8263/4613/4481 8262/4612/4480
f 8263/4613/4481 8260/4610/4478 8257/4607/4475
f 8257/4607/4475 8264/4614/4482 8263/4613/4481
f 8259/4609/4477 8265/4615/4483 8257/4607/4475
f 8264/4614/4482 8257/4607/4475 8265/4615/4483
f 8265/4615/4483 8266/4616/4484 8264/4614/4482
f 8266/4616/4484 8265/4615/4483 8267/4617/4485
f 8267/4617/4485 8268/4618/4486 8266/4616/4484
f 8268/4618/4486 8267/4617/4485 8269/4619/4487
f 8267/4617/4485 8270/4620/4488 8269/4619/4487
f 8265/4615/4483 8259/4609/4477 8270/4620/4488
f 8270/4620/4488 8267/4617/4485 8265/4615/4483
f 8271/4621/3591 8272/4622/3628 8273/4623/3592
f 8273/4623/3592 8272/4622/3628 8274/4624/3625
f 8274/4624/3625 8275/4625/3624 8273/4623/3592
f 8276/4626/3620 8275/4625/3624 8274/4624/3625
f 8275/4625/3624 8276/4626/3620 8277/4627/3619
f 8277/4627/3619 8278/4628/3623 8275/4625/3624
f 8275/4625/3624 8278/4628/3623 8279/4629/4489
f 8279/4629/4489 8280/4623/3627 8275/4625/3624
f 8281/4630/3585 8280/4623/3627 8279/4629/4489
f 8274/4624/3625 8282/4631/3621 8276/4626/3620
f 8276/4626/3620 8282/4631/3621 8283/4632/3616
f 8277/4627/3619 8276/4626/3620 8283/4632/3616
f 8284/4633/3618 8277/4627/3619 8283/4632/3616
f 8278/4628/3623 8277/4627/3619 8284/4633/3618
f 8284/4633/3618 8285/4634/4490 8278/4628/3623
f 8278/4628/3623 8285/4634/4490 8286/4635/4491
f 8286/4635/4491 8279/4629/4489 8278/4628/3623
f 8287/4636/4492 8279/4629/4489 8286/4635/4491
f 8279/4629/4489 8287/4636/4492 8281/4630/3585
f 8288/4637/3583 8281/4630/3585 8287/4636/4492
f 8289/4638/3617 8284/4633/3618 8283/4632/3616
f 8285/4634/4490 8284/4633/3618 8289/4638/3617
f 8289/4638/3617 8290/4639/4493 8285/4634/4490
f 8285/4634/4490 8290/4639/4493 8291/4640/4494
f 8291/4640/4494 8286/4635/4491 8285/4634/4490
f 8292/4641/2970 8286/4635/4491 8291/4640/4494
f 8286/4635/4491 8292/4641/2970 8287/4636/4492
f 8293/4642/4495 8287/4636/4492 8292/4641/2970
f 8287/4636/4492 8293/4642/4495 8288/4637/3583
f 8294/4643/4496 8289/4638/3617 8283/4632/3616
f 8290/4639/4493 8289/4638/3617 8294/4643/4496
f 8294/4643/4496 8295/4644/3609 8290/4639/4493
f 8290/4639/4493 8295/4644/3609 8296/4645/3608
f 8296/4645/3608 8291/4640/4494 8290/4639/4493
f 8297/4646/4497 8291/4640/4494 8296/4645/3608
f 8291/4640/4494 8297/4646/4497 8292/4641/2970
f 8298/4647/4498 8292/4641/2970 8297/4646/4497
f 8292/4641/2970 8298/4647/4498 8293/4642/4495
f 8299/4648/3611 8294/4643/4496 8283/4632/3616
f 8295/4644/3609 8294/4643/4496 8299/4648/3611
f 8299/4648/3611 8300/4649/4499 8295/4644/3609
f 8295/4644/3609 8300/4649/4499 8301/4650/3607
f 8301/4650/3607 8296/4645/3608 8295/4644/3609
f 8302/4651/3606 8296/4645/3608 8301/4650/3607
f 8296/4645/3608 8302/4651/3606 8297/4646/4497
f 8303/4652/4500 8297/4646/4497 8302/4651/3606
f 8297/4646/4497 8303/4652/4500 8298/4647/4498
f 8298/4647/4498 8303/4652/4500 8304/4653/4501
f 8304/4653/4501 8305/4654/4502 8298/4647/4498
f 8293/4642/4495 8298/4647/4498 8305/4654/4502
f 8305/4654/4502 8306/4655/3582 8293/4642/4495
f 8288/4637/3583 8293/4642/4495 8306/4655/3582
f 8301/4650/3607 8307/4656/3604 8302/4651/3606
f 8308/4657/3602 8302/4651/3606 8307/4656/3604
f 8302/4651/3606 8308/4657/3602 8303/4652/4500
f 8303/4652/4500 8308/4657/3602 8309/4658/3600
f 8309/4658/3600 8304/4653/4501 8303/4652/4500
f 8304/4653/4501 8309/4658/3600 8310/4659/3598
f 8310/4659/3598 8311/4660/3593 8304/4653/4501
f 8305/4654/4502 8304/4653/4501 8311/4660/3593
f 8311/4660/3593 8312/4661/3587 8305/4654/4502
f 8306/4655/3582 8305/4654/4502 8312/4661/3587
f 8307/4656/3604 8313/4662/3603 8308/4657/3602
f 8308/4657/3602 8313/4662/3603 8314/4663/3601
f 8314/4663/3601 8309/4658/3600 8308/4657/3602
f 8309/4658/3600 8314/4663/3601 8315/4664/3599
f 8315/4664/3599 8310/4659/3598 8309/4658/3600
f 8310/4659/3598 8315/4664/3599 8316/4665/3594
f 8311/4660/3593 8310/4659/3598 8316/4665/3594
f 8312/4661/3587 8311/4660/3593 8316/4665/3594
f 8317/4666/3588 8312/4661/3587 8316/4665/3594
f 8312/4661/3587 8317/4666/3588 8306/4655/3582
f 8318/4667/3589 8306/4655/3582 8317/4666/3588
f 8306/4655/3582 8318/4667/3589 8288/4637/3583
f 8319/4668/3590 8288/4637/3583 8318/4667/3589
f 8320/4630/3591 8288/4637/3583 8319/4668/3590
f 8321/4669/3595 8317/4666/3588 8316/4665/3594
f 8317/4666/3588 8321/4669/3595 8318/4667/3589
f 8322/4670/3596 8318/4667/3589 8321/4669/3595
f 8318/4667/3589 8322/4670/3596 8319/4668/3590
f 8323/4671/3629 8321/4669/3595 8316/4665/3594
f 8321/4669/3595 8323/4671/3629 8322/4670/3596
f 8319/4668/3590 8271/4621/3591 8320/4630/3591
f 8273/4623/3592 8320/4630/3591 8271/4621/3591
f 8324/4672/4349 8325/4673/4350 8326/4674/3952
f 8327/4675/4351 8325/4673/4350 8324/4672/4349
f 8324/4672/4349 8328/4676/4352 8327/4675/4351
f 8327/4675/4351 8328/4676/4352 8329/4677/4353
f 8329/4677/4353 8330/4678/4354 8327/4675/4351
f 8330/4678/4354 8329/4677/4353 8331/4679/4355
f 8326/4674/3952 8332/4680/3952 8324/4672/4349
f 8332/4680/3952 8326/4674/3952 8333/4681/4356
f 8333/4681/4356 8334/4682/4357 8332/4680/3952
f 8335/4683/4358 8334/4682/4357 8333/4681/4356
f 8334/4682/4357 8335/4683/4358 8336/4684/4503
f 8336/4684/4503 8337/4685/4504 8334/4682/4357
f 8334/4682/4357 8337/4685/4504 8338/4686/4505
f 8338/4686/4505 8339/4680/4362 8334/4682/4357
f 8339/4680/4362 8338/4686/4505 8340/4687/4506
f 8340/4687/4506 8341/4672/4364 8339/4680/4362
f 8333/4681/4356 8342/4688/4365 8335/4683/4358
f 8343/4689/4366 8335/4683/4358 8342/4688/4365
f 8335/4683/4358 8343/4689/4366 8344/4690/4367
f 8344/4690/4367 8336/4684/4503 8335/4683/4358
f 8336/4684/4503 8344/4690/4367 8345/4691/4368
f 8345/4691/4368 8346/4692/4507 8336/4684/4503
f 8337/4685/4504 8336/4684/4503 8346/4692/4507
f 8346/4692/4507 8347/4693/4508 8337/4685/4504
f 8337/4685/4504 8347/4693/4508 8348/4694/3977
f 8348/4694/3977 8338/4686/4505 8337/4685/4504
f 8342/4688/4365 8349/4695/4372 8343/4689/4366
f 8343/4689/4366 8349/4695/4372 8350/4696/4373
f 8344/4690/4367 8343/4689/4366 8350/4696/4373
f 8345/4691/4368 8344/4690/4367 8350/4696/4373
f 8351/4697/4370 8345/4691/4368 8350/4696/4373
f 8346/4692/4507 8345/4691/4368 8351/4697/4370
f 8351/4697/4370 8352/4698/4509 8346/4692/4507
f 8347/4693/4508 8346/4692/4507 8352/4698/4509
f 8352/4698/4509 8353/4699/4510 8347/4693/4508
f 8347/4693/4508 8353/4699/4510 8354/4700/4511
f 8354/4700/4511 8348/4694/3977 8347/4693/4508
f 8348/4694/3977 8354/4700/4511 8355/4701/4512
f 8355/4701/4512 8356/4702/4513 8348/4694/3977
f 8338/4686/4505 8348/4694/3977 8356/4702/4513
f 8357/4703/4374 8351/4697/4370 8350/4696/4373
f 8352/4698/4509 8351/4697/4370 8357/4703/4374
f 8357/4703/4374 8358/4704/4375 8352/4698/4509
f 8353/4699/4510 8352/4698/4509 8358/4704/4375
f 8358/4704/4375 8359/4705/4377 8353/4699/4510
f 8353/4699/4510 8359/4705/4377 8360/4706/4378
f 8360/4706/4378 8354/4700/4511 8353/4699/4510
f 8354/4700/4511 8360/4706/4378 8361/4707/4385
f 8361/4707/4385 8355/4701/4512 8354/4700/4511
f 8362/4708/4380 8357/4703/4374 8350/4696/4373
f 8358/4704/4375 8357/4703/4374 8362/4708/4380
f 8362/4708/4380 8363/4709/4381 8358/4704/4375
f 8359/4705/4377 8358/4704/4375 8363/4709/4381
f 8363/4709/4381 8364/4710/4382 8359/4705/4377
f 8359/4705/4377 8364/4710/4382 8365/4711/4383
f 8365/4711/4383 8360/4706/4378 8359/4705/4377
f 8360/4706/4378 8365/4711/4383 8366/4712/4384
f 8366/4712/4384 8361/4707/4385 8360/4706/4378
f 8367/4713/4388 8361/4707/4385 8366/4712/4384
f 8361/4707/4385 8367/4713/4388 8368/4714/4514
f 8368/4714/4514 8355/4701/4512 8361/4707/4385
f 8355/4701/4512 8368/4714/4514 8369/4715/4515
f 8369/4715/4515 8356/4702/4513 8355/4701/4512
f 8366/4712/4384 8370/4716/4392 8367/4713/4388
f 8367/4713/4388 8370/4716/4392 8371/4717/4393
f 8371/4717/4393 8372/4718/4516 8367/4713/4388
f 8368/4714/4514 8367/4713/4388 8372/4718/4516
f 8372/4718/4516 8373/4719/4390 8368/4714/4514
f 8369/4715/4515 8368/4714/4514 8373/4719/4390
f 8373/4719/4390 8374/4720/4394 8369/4715/4515
f 8375/4721/4517 8369/4715/4515 8374/4720/4394
f 8356/4702/4513 8369/4715/4515 8375/4721/4517
f 8375/4721/4517 8340/4687/4506 8356/4702/4513
f 8356/4702/4513 8340/4687/4506 8338/4686/4505
f 8372/4718/4516 8371/4717/4393 8331/4679/4355
f 8373/4719/4390 8372/4718/4516 8331/4679/4355
f 8374/4720/4394 8373/4719/4390 8331/4679/4355
f 8376/4722/4396 8374/4720/4394 8331/4679/4355
f 8374/4720/4394 8376/4722/4396 8375/4721/4517
f 8328/4676/4352 8375/4721/4517 8376/4722/4396
f 8340/4687/4506 8375/4721/4517 8328/4676/4352
f 8328/4676/4352 8341/4672/4364 8340/4687/4506
f 8329/4677/4353 8376/4722/4396 8331/4679/4355
f 8376/4722/4396 8329/4677/4353 8328/4676/4352
f 8377/4723/4518 8378/4724/4519 8379/4725/4520
f 8378/4724/4519 8377/4723/4518 8380/4726/4521
f 8380/4726/4521 8381/4727/4522 8378/4724/4519
f 8382/4728/4523 8378/4724/4519 8381/4727/4522
f 8378/4724/4519 8382/4728/4523 8379/4725/4520
f 8381/4727/4522 8380/4726/4521 8383/4729/4524
f 8383/4729/4524 8384/4730/4525 8381/4727/4522
f 8385/4731/4526 8381/4727/4522 8384/4730/4525
f 8381/4727/4522 8385/4731/4526 8382/4728/4523
f 8384/4730/4525 8383/4729/4524 8386/4732/4527
f 8386/4732/4527 8387/4733/4528 8384/4730/4525
f 8388/4734/4529 8384/4730/4525 8387/4733/4528
f 8384/4730/4525 8388/4734/4529 8385/4731/4526
f 8387/4733/4528 8386/4732/4527 8389/4735/4530
f 8390/4736/4531 8387/4733/4528 8389/4735/4530
f 8387/4733/4528 8390/4736/4531 8388/4734/4529
o LightsHull
v -101.109283 22.526459 16.663816
v -123.550690 19.400810 14.643616
v -123.550690 14.733543 23.235889
v -101.109283 16.079952 28.523235
v -73.930145 23.733494 17.618996
v -73.930145 16.825844 31.023176
v -12.595829 23.592144 17.236101
v -12.595829 16.738503 30.021053
v 37.024685 19.701176 14.971724
v 37.024689 14.334076 24.094643
v -12.595829 1.115242 34.902973
v 37.024681 3.162251 27.578224
v -101.109268 1.115368 33.051765
v -73.930161 1.115211 36.141567
v 45.833763 16.399853 5.227964
v 37.024685 19.702354 3.694115
v 37.024685 19.701176 14.971724
v 45.833763 16.398952 13.436653
v 128.726562 19.687469 -35.099243
v 151.632797 18.615070 -33.869671
v 151.632782 14.187389 -38.880219
v 128.726578 14.478752 -41.672379
v 90.389015 19.757904 -35.035004
v 90.389023 14.549313 -41.484844
v 75.222412 13.994270 -39.396339
v 75.222412 18.422955 -34.046597
v 151.632782 8.285465 -40.078796
v 128.726578 7.684505 -41.588943
v 90.389023 7.728241 -43.127804
v 159.742310 8.701477 -37.802856
v 159.742310 14.248661 -36.992310
v 159.742310 16.880096 -20.703320
v 172.999542 13.079369 -24.406687
v 172.999542 13.847466 -27.228497
v 159.742310 19.303322 -27.588806
v 151.632797 19.877289 -26.961018
v 151.632797 17.491924 -18.908770
v 128.726562 21.321110 -26.158319
v 128.726578 18.755676 -16.380377
v 151.632782 12.370098 -15.837564
v 128.726578 12.971069 -12.549219
v 172.999542 13.277859 -30.345783
v 159.742310 18.298203 -33.090885
v 151.632797 18.615070 -33.869671
v 90.389038 12.927338 -12.788349
v 90.389038 18.755463 -16.579834
v 90.389015 21.364506 -26.241894
v 75.222412 17.493538 -18.359898
v 75.222412 19.759556 -26.731153
v 59.373306 15.836338 -22.071623
v 59.373306 17.953072 -27.949781
v 59.373306 17.157211 -32.306622
v 59.373306 13.752747 -35.362331
v 59.373322 9.040058 -35.949738
v 75.222412 8.165112 -40.736946
v -243.543091 8.208424 11.977142
v -256.493378 10.087177 9.677208
v -256.587646 11.708347 15.698521
v -243.601379 9.210358 15.698520
v -256.246552 5.842907 25.441208
v -256.493378 10.087177 21.719833
v -280.488464 9.610069 22.553675
v -280.241638 5.365799 26.790398
v -255.941406 0.596699 25.441204
v -243.390533 5.585316 21.719831
v -243.201935 2.342983 21.719830
v -304.377106 7.302155 21.719831
v -304.130249 3.057892 25.441208
v -279.883270 -0.795803 26.790392
v -320.235077 1.115875 21.719830
v -320.046509 -2.126461 21.719828
v -303.825134 -2.188313 25.441204
v -320.387634 3.738976 19.419895
v 241.650421 8.830765 33.834156
v 220.397476 7.207397 33.720783
v 220.397476 6.093895 39.234886
v 241.650421 7.270962 39.605934
v 262.903381 7.207409 33.720787
v 262.903381 6.093903 39.234890
v 274.263794 2.798477 38.126919
v 274.263794 3.486656 34.719017
v 220.397476 1.684975 43.641026
v 241.650421 2.139904 44.428997
v 262.903381 1.684978 43.641029
v 274.263794 0.073608 40.850067
v 241.650421 -4.602512 46.461086
v 262.903381 -4.335318 45.256199
v 274.263794 -3.647133 41.848297
v -256.493378 10.087177 9.677208
v -256.246552 5.842907 5.955832
v -280.241638 5.365799 4.606645
v -280.488464 9.610069 8.843364
v -304.130249 3.057892 5.955830
v -304.377106 7.302155 9.677207
v -320.445892 4.740913 15.698518
v -304.471405 8.923332 15.698521
v -304.377106 7.302155 9.677207
v -320.387634 3.738976 11.977142
v -236.401611 6.359570 17.468067
v -243.543091 8.208424 19.419895
v -243.390533 5.585316 21.719831
v -236.351929 5.505569 18.561708
v 151.041550 -7.261854 52.312054
v 151.041550 -3.501125 0.384015
v 101.660141 -1.972095 0.384014
v 101.660141 -6.195280 55.807083
v 59.551445 -3.723118 75.214821
v 37.270409 -4.510710 74.188286
v 37.270409 -9.543671 77.262421
v 59.551445 -8.849895 78.821022
v 81.832504 -4.510706 74.188286
v 81.832504 -9.543663 77.262421
v -206.473679 -50.167168 -3.158663
v -206.473679 -46.363945 -0.858726
v -219.293060 -47.816647 2.862649
v -219.293060 -53.970398 -0.858726
v -243.275391 -55.297630 -0.024883
v -243.275391 -49.143883 4.211836
v -267.257690 -53.970398 -0.858727
v -267.257690 -47.816650 2.862649
v -283.448120 -46.363945 -0.858727
v -283.448120 -50.167175 -3.158664
v -283.448120 -50.167175 -10.601414
v -283.448120 -46.363953 -12.901350
v -267.257690 -47.816654 -16.622726
v -267.257690 -53.970402 -12.901352
v -243.275391 -55.297638 -13.735195
v -243.275391 -49.143890 -17.971912
v -219.293060 -53.970398 -12.901350
v -219.293060 -47.816654 -16.622726
v -206.473679 -46.363949 -12.901350
v -206.473679 -50.167175 -10.601414
v 95.066193 -46.996922 67.405205
v 73.813263 -46.625877 66.228149
v 73.813263 -51.032021 61.819214
v 95.066193 -51.819984 62.274155
v 116.319153 -46.625877 66.228149
v 116.319153 -51.032017 61.819221
v 95.066193 -53.852081 55.531731
v 116.319153 -52.647194 55.798931
v 127.679581 -49.239288 56.487114
v 127.679581 -48.241055 60.207851
v 73.813263 -52.647194 55.798927
v 59.465420 -48.241055 60.207851
v 59.465420 -49.239288 56.487110
v -153.960388 -50.897324 25.285223
v -154.008789 -46.518143 21.999563
v -147.642914 -47.897896 18.498806
v -147.642914 -53.027634 23.023928
v -153.960388 -52.003975 30.601536
v -162.270203 -44.727535 30.933504
v -153.960388 -50.897324 35.917843
v -147.642914 -54.987030 30.345734
v -147.642914 -53.027641 37.667538
v -154.008789 -46.518143 39.203506
v -119.413544 -58.157383 18.498802
v -119.413544 -49.857281 11.177001
v -77.598389 -52.154964 8.522477
v -77.598389 -59.821861 16.858217
v -35.783222 -49.857277 11.177001
v -35.783222 -58.157383 18.498802
v -13.431561 -53.027637 23.023928
v -13.431561 -47.897888 18.498804
v -147.642914 -47.897888 42.192657
v -119.413544 -46.280151 49.514465
v -119.413544 -56.065838 42.192657
v -77.598389 -57.730316 43.833244
v -77.598389 -47.393288 52.168983
v -35.783222 -56.065838 42.192657
v -35.783222 -49.185528 49.514465
v 80.460236 -48.995659 -66.347710
v 91.820679 -47.887688 -63.052280
v 91.820679 -50.610832 -60.327419
v 80.460236 -53.401794 -61.938782
v 59.207298 -54.189766 -62.393715
v 59.207298 -49.366703 -67.524765
v 37.954361 -53.401798 -61.938782
v 37.954361 -48.995659 -66.347710
v 23.606522 -47.887688 -63.052280
v 23.606520 -50.610832 -60.327415
v 91.820679 -51.609070 -56.606678
v 80.460236 -55.016968 -55.918495
v 59.207298 -56.221859 -55.651295
v 37.954361 -55.016972 -55.918488
v 23.606520 -51.609062 -56.606670
v -89.993698 -50.266014 -44.072041
v -78.633270 -49.270138 -40.350670
v -78.633270 -51.877377 -38.050735
v -89.993698 -54.484619 -40.350670
v -111.246658 -55.394493 -41.184513
v -111.246658 -51.175884 -45.421227
v -132.499588 -54.484627 -40.350670
v -132.499588 -50.266022 -44.072041
v -146.847427 -49.270142 -40.350670
v -146.847427 -51.877380 -38.050735
v -132.499588 -50.266022 -24.586674
v -146.847427 -49.270142 -28.308050
v -146.847427 -51.877380 -30.607983
v -132.499588 -54.484627 -28.308050
v -111.246658 -55.394493 -27.474203
v -111.246658 -51.175884 -23.237488
v -89.993698 -54.484619 -28.308050
v -89.993698 -50.266014 -24.586674
v -78.633270 -49.270138 -28.308050
v -78.633270 -51.877377 -30.607983
v 117.037552 -54.155792 -18.211609
v 139.389206 -52.196404 -10.889807
v 139.389206 -57.326149 -6.364683
v 117.037552 -62.455894 -10.889808
v 75.222389 -64.085350 -12.530395
v 75.222389 -55.785244 -20.866135
v 33.407246 -62.455894 -10.889808
v 33.407246 -54.155800 -18.211609
v 5.177864 -52.196411 -10.889805
v 5.177864 -57.326149 -6.364682
v 139.389206 -59.285538 0.957120
v 117.037552 -65.626251 0.957119
v 75.222389 -67.255707 0.957118
v 33.407246 -65.626259 0.957119
v 5.177864 -59.285538 0.957120
v 33.407246 -54.155800 20.125853
v 5.177864 -52.196411 12.804049
v 5.177864 -57.326149 8.278924
v 33.407246 -62.455894 12.804047
v 75.222389 -64.085350 14.444633
v 75.222389 -55.785244 22.780375
v 5.177864 -59.285538 0.957120
v 33.407246 -65.626259 0.957119
v 75.222389 -67.255707 0.957118
v 117.037552 -65.626251 0.957119
v 117.037552 -62.455894 12.804047
v -1.187996 -55.349789 6.529234
v -1.187996 -56.456448 1.212923
v 127.679581 -56.223965 33.420059
v 127.679581 -53.616722 35.719997
v 116.319153 -54.612595 39.441368
v 116.319153 -58.831207 35.719997
v 95.066193 -59.741066 36.553837
v 95.066193 -55.522469 40.790558
v 73.813263 -58.831200 35.719997
v 73.813263 -54.612602 39.441368
v 59.465420 -53.616730 35.719997
v 59.465420 -56.223969 33.420059
v 59.465420 -56.223969 25.977312
v 59.465420 -53.616730 23.677376
v 73.813263 -54.612606 19.956001
v 73.813263 -58.831207 23.677376
v 59.465420 -57.219849 29.698687
v 73.813263 -60.442566 29.698687
v 95.066193 -59.741074 22.843533
v 95.066193 -55.522469 18.606815
v 116.319153 -58.831207 23.677376
v 116.319153 -54.612602 19.956001
v 127.679581 -53.616726 23.677376
v 127.679581 -56.223969 25.977312
v 116.319153 -60.442574 29.698687
v 127.679581 -57.219841 29.698687
v -35.783222 -61.327736 30.345730
v -13.431568 -54.987030 30.345734
v -13.431561 -53.027637 37.667538
v -35.783222 -56.065838 42.192657
v 200.483765 -57.664909 -20.297653
v 262.179504 -58.932545 -12.403563
v 262.179504 -62.936119 -11.807840
v 200.265549 -65.532272 -17.917425
v 138.266296 -57.761902 -20.297653
v 138.266281 -66.046448 -17.917421
v 88.107803 -59.026714 -12.403562
v 88.107788 -63.963844 -11.807840
v 138.266281 -69.689331 -12.403565
v 88.107788 -66.565804 -7.524745
v 138.266266 -72.892151 0.369346
v 88.107788 -68.545258 0.369347
v 200.265549 -69.378738 -12.403565
v 138.266296 -57.761902 21.036354
v 88.107803 -59.026714 13.142261
v 88.107788 -63.963852 12.546535
v 138.266281 -66.046448 18.656118
v 200.483765 -57.664909 21.036354
v 200.265549 -65.532272 18.656118
v 262.179504 -58.932545 13.142262
v 262.179504 -62.936119 12.546535
v 88.107788 -66.565804 8.263441
v 138.266281 -69.689331 13.142257
v 200.265549 -69.378738 13.142259
v -12.595837 23.593651 1.431547
v 37.024685 19.702354 3.694115
v 37.024681 14.337162 -5.430518
v -12.595829 16.742435 -11.355811
v -73.930145 23.735016 1.048961
v -73.930145 16.829807 -12.357739
v -101.109283 16.083664 -9.858277
v -101.109283 22.527882 2.003379
v -123.550690 14.736240 -4.571924
v -123.550690 19.401833 4.021976
v -121.207703 17.031769 0.516566
v -81.189636 19.769783 0.929265
v -81.189636 16.861359 -9.822955
v -121.207703 13.656116 -10.903746
v -170.672729 13.884212 0.371349
v -170.672729 10.721664 -11.284052
v -210.690765 12.771503 0.882917
v -210.690765 10.033886 -9.944345
v -121.207703 17.031021 14.631520
v -170.672729 13.883514 14.776859
v -170.672729 10.719845 26.430065
v -121.207703 13.654179 26.049690
v -170.672729 3.405090 30.879841
v -121.207703 8.191059 30.409706
v -210.690765 3.405235 29.223719
v -210.690765 10.032307 25.090107
v 92.781044 15.201935 20.597837
v 8.969849 14.373669 21.198402
v 9.028862 12.034756 29.501173
v 92.776138 12.833984 30.074467
v 175.976929 12.612453 28.812632
v 175.988739 14.953114 19.612495
v 237.552994 12.251328 18.261230
v 237.534393 10.048824 26.370550
v 281.991028 6.613964 22.743080
v 282.017517 8.603767 15.831722
v 92.806931 8.281223 43.827633
v 9.047123 8.818680 45.450386
v 306.952484 5.517662 14.188074
v 306.922363 3.778770 19.903284
v 175.976868 12.612453 -28.101330
v 175.988724 14.953121 -18.901197
v 237.552948 12.251328 -17.549934
v 237.534393 10.048824 -25.659252
v 281.991028 6.613960 -22.004358
v 282.017517 8.603775 -15.093004
v 306.952484 5.517662 -13.449354
v 306.922363 3.778770 -19.164570
v -78.040390 8.221054 -45.026608
v -78.040390 9.311951 -42.689110
v -64.606689 11.639248 -42.631554
v -64.606689 9.874138 -46.413708
v -78.040390 6.108501 -46.506824
v -64.606689 6.455952 -48.808758
v -44.707821 6.563774 -49.628086
v -44.707829 10.340858 -46.805325
v -24.808949 6.455959 -48.808758
v -44.707829 12.464859 -42.595459
v -24.808956 9.874146 -46.413708
v -14.172314 8.221069 -45.026608
v -14.172314 6.108509 -46.506828
v -24.808956 11.639252 -42.631554
v -14.172314 9.311958 -42.689110
v 92.806923 8.281223 -43.116329
v 9.047123 8.818680 -44.739082
v 9.028862 12.034756 -28.789865
v 92.776131 12.833984 -29.363159
v 92.781044 15.201935 -19.886543
v 8.969849 14.373669 -20.487103
v -106.028381 10.561394 -27.795042
v -106.026474 13.408367 -20.121159
v -203.943497 7.906345 -23.414190
v -203.913147 10.342770 -17.049698
v -249.962982 8.369171 -14.728264
v -249.966980 5.497528 -21.129128
v -292.296814 3.163269 -18.592203
v -291.291840 6.129040 -12.531768
v -325.101135 3.600513 -10.279299
v -106.003967 6.149700 -42.358097
v -203.895294 4.351646 -34.929245
v -249.942474 1.744675 -30.313049
v -293.519073 -1.030136 -26.005472
v -328.286652 -2.917965 -22.188902
v -326.940125 1.218525 -16.052645
v -200.334549 -4.858000 -47.482967
v -249.748474 -7.265368 -42.776966
v -294.940338 -9.527328 -38.306873
v -105.308746 -2.630718 -51.189663
v 9.047123 8.818680 -44.739082
v 5.755001 -0.648232 -55.186897
v -103.238037 -9.228252 -58.538136
v -345.387268 -2.028618 -15.518209
v -338.970306 0.846226 -13.175133
v -351.559845 -0.610352 -8.913724
v -356.272125 -2.661613 -11.684384
v -203.943497 7.906338 25.469652
v -203.913147 10.342770 17.761002
v -249.962982 8.369171 15.439561
v -249.966980 5.497524 22.070219
v -249.942474 1.744671 31.024345
v -203.895294 4.351639 35.640556
v -106.003952 6.149689 43.069408
v -106.047028 10.526352 29.840567
v -200.334549 -4.858009 48.194267
v -105.308716 -2.630722 51.900967
v 9.047123 8.818680 45.450386
v 5.755001 -0.648235 55.898190
v -249.748474 -7.265373 43.488258
v -294.940338 -9.527334 39.018158
v -293.519073 -1.030144 26.716774
v 174.723770 -0.525974 49.289146
v 176.014633 8.013714 40.937672
v 92.806931 8.281223 43.827633
v 91.951576 0.162544 53.258945
v 92.806923 8.281223 -43.116329
v 176.014633 8.013710 -40.226368
v 174.723770 -0.525974 -48.577839
v 91.951576 0.162544 -52.547646
v -361.164764 -5.326595 14.652469
v -356.272125 -2.661613 12.395682
v -366.308014 -3.211380 7.205610
v -370.848022 -5.880112 8.343404
v -366.308014 -3.211380 -6.494316
v -356.272125 -2.661613 -11.684384
v -361.164764 -5.326597 -13.941174
v -370.848022 -5.880112 -7.632113
v -374.936523 -5.955843 0.355647
v -370.529053 -3.635059 0.355647
v 151.041550 -32.689568 104.249977
v 151.041550 -17.536366 90.333260
v 101.660156 -15.775810 96.386810
v 101.660156 -30.939072 111.240021
v 101.660141 -15.775822 -95.638527
v 151.041550 -17.536379 -89.584976
v 151.041550 -32.689575 -103.501678
v 101.660156 -30.939083 -110.491722
v -125.253189 -17.777245 74.576683
v -173.618942 -20.311077 66.032555
v -173.618942 -30.954685 76.189926
v -125.253189 -30.954685 86.055840
v -63.550014 -16.577518 84.156761
v -63.550014 -30.819973 97.117981
v 9.070011 -16.154636 92.736946
v 9.070030 -30.975468 107.025543
v -220.437531 -30.954689 -56.873085
v -220.437531 -23.346691 -49.203407
v -173.618942 -20.311079 -65.284264
v -173.618942 -30.954689 -75.441628
v -125.253189 -17.777246 -73.828400
v -125.253189 -30.954689 -85.307541
v -63.550014 -16.577524 -83.408493
v -63.550014 -30.819981 -96.369698
v 9.070007 -16.154650 -91.988701
v 9.070030 -30.975477 -106.277275
v 9.070042 -47.732185 92.736961
v 9.070030 -30.975468 107.025543
v -63.550014 -30.819973 97.117981
v -63.550014 -45.062431 84.156761
v -125.253189 -30.954685 86.055840
v -125.253189 -44.132130 74.576668
v -173.618942 -30.954685 76.189926
v -173.618942 -41.598293 66.032547
v -63.550014 -30.819981 -96.369698
v 9.070030 -30.975477 -106.277275
v 9.070042 -47.732193 -91.988701
v -63.550014 -45.062435 -83.408463
v -125.253189 -30.954689 -85.307541
v -125.253189 -44.132130 -73.828377
v -173.618942 -30.954689 -75.441628
v -173.618942 -41.598301 -65.284241
v 151.041550 -32.689568 104.249977
v 101.660156 -30.939072 111.240021
v 101.660156 -46.700249 96.386795
v 151.041550 -46.275776 90.333252
v 101.660156 -46.700253 -95.638504
v 101.660156 -30.939083 -110.491722
v 151.041550 -32.689575 -103.501678
v 151.041550 -46.275787 -89.584969
v -372.279449 -34.847813 31.038393
v -372.279449 -38.112457 21.540590
v -303.041595 -42.200134 30.180368
v -302.917847 -38.134624 42.817097
v -249.243835 -40.422787 48.298851
v -249.738800 -44.516823 35.795490
v -190.335434 -46.432468 39.950302
v -189.592941 -42.450081 53.051910
v -303.041595 -42.200142 -29.441673
v -372.279449 -38.112457 -20.801891
v -372.279449 -34.847813 -30.299698
v -302.917847 -38.134624 -42.078407
v -249.243835 -40.422791 -47.560158
v -249.738800 -44.516830 -35.056793
v -190.335434 -46.432480 -39.211609
v -189.592941 -42.450085 -52.313213
v -63.550014 -48.447113 48.746067
v -63.550014 -52.263367 0.384031
v 9.070057 -56.825394 0.384031
v 9.070057 -52.335445 53.699856
v 9.070057 -56.825394 0.384031
v -63.550014 -52.263367 0.384031
v -63.550014 -48.447121 -47.997749
v 9.070057 -52.335449 -52.951530
vn -0.1099 0.8733 0.4747
vn -0.1631 0.8670 0.4709
vn -0.1631 0.8669 0.4710
vn -0.1105 0.7235 0.6814
vn -0.0293 0.8870 0.4608
vn -0.0399 0.6414 0.7661
vn 0.0495 0.8809 0.4708
vn 0.0661 0.6327 0.7715
vn 0.0997 0.8612 0.4984
vn 0.1225 0.6235 0.7721
vn 0.0719 0.2974 0.9520
vn 0.1276 0.2952 0.9469
vn -0.0997 0.2951 0.9503
vn -0.0450 0.3085 0.9502
vn 0.3510 0.9364 0.0001
vn 0.0417 0.7801 -0.6243
vn 0.0705 0.7475 -0.6605
vn 0.1541 0.4006 -0.9032
vn 0.0425 0.4311 -0.9013
vn -0.0571 0.7761 -0.6280
vn -0.0270 0.6160 -0.7873
vn -0.1927 0.5985 -0.7776
vn -0.1285 0.8508 -0.5096
vn 0.1810 0.1762 -0.9676
vn 0.0329 0.0020 -0.9995
vn 0.0393 0.2340 -0.9714
vn 0.2364 0.1613 -0.9582
vn 0.2235 0.1409 -0.9645
vn 0.2213 0.9258 0.3065
vn 0.3303 0.9107 0.2479
vn 0.3666 0.9286 0.0567
vn 0.2242 0.9722 0.0669
vn 0.0832 0.9856 0.1472
vn 0.1150 0.8564 0.5033
vn 0.0391 0.9655 0.2575
vn 0.0548 0.8069 0.5881
vn 0.1241 0.5172 0.8468
vn 0.0625 0.5511 0.8321
vn 0.3791 0.9103 -0.1663
vn 0.2092 0.9619 -0.1757
vn 0.0556 0.9822 -0.1794
vn -0.0045 0.5461 0.8377
vn -0.0390 0.8737 0.4848
vn -0.0550 0.9639 0.2604
vn -0.1327 0.9568 0.2589
vn -0.1240 0.9838 0.1294
vn -0.1406 0.9394 0.3127
vn -0.1183 0.9905 0.0706
vn -0.1217 0.8720 -0.4741
vn -0.2025 0.4406 -0.8746
vn -0.2522 0.1406 -0.9574
vn -0.2714 0.2157 -0.9380
vn 0.1828 0.9501 -0.2529
vn 0.1208 0.2468 0.9615
vn 0.0130 0.6596 0.7515
vn -0.0343 0.7017 0.7117
vn -0.0187 0.3823 0.9238
vn 0.1655 0.0096 0.9862
vn 0.2783 0.0162 0.9604
vn -0.1744 0.6472 0.7420
vn -0.1659 0.3352 0.9274
vn -0.0000 -0.0000 1.0000
vn -0.2502 0.3333 0.9090
vn -0.2236 -0.0130 0.9746
vn -0.1387 -0.0081 0.9903
vn -0.2461 0.6309 0.7358
vn 0.0070 0.9667 0.2557
vn -0.0757 0.9774 0.1974
vn -0.0646 0.8756 0.4786
vn 0.0056 0.8608 0.5088
vn 0.1709 0.9646 0.2008
vn 0.1686 0.8691 0.4650
vn 0.2884 0.8392 0.4610
vn 0.2905 0.9379 0.1894
vn -0.0495 0.7016 0.7108
vn 0.0167 0.5676 0.8232
vn 0.1581 0.4951 0.8543
vn 0.2729 0.4810 0.8332
vn 0.0434 0.2829 0.9582
vn 0.1532 0.2561 0.9544
vn 0.2643 0.2499 0.9315
vn 0.0262 0.6674 -0.7442
vn 0.0291 0.6599 -0.7507
vn -0.0472 0.7009 -0.7117
vn -0.0922 0.6610 -0.7447
vn -0.0894 0.6537 -0.7515
vn -0.2449 0.9352 -0.2556
vn 0.2950 0.7291 0.6176
vn 0.3522 0.6285 0.6935
vn 0.3431 0.6462 0.6817
vn 0.2710 0.7646 0.5847
vn 0.0287 0.9968 0.0742
vn 0.0309 0.9969 0.0722
vn 0.0290 0.9968 0.0740
vn 0.0269 0.9967 0.0760
vn -0.0071 0.5710 0.8209
vn -0.0576 0.5204 0.8520
vn -0.0607 0.5298 0.8459
vn -0.0070 0.5709 0.8210
vn 0.0726 0.5294 0.8452
vn 0.0757 0.5198 0.8510
vn 0.2935 -0.4947 0.8180
vn 0.1778 -0.5142 0.8391
vn 0.1700 -0.5099 0.8432
vn 0.0070 -0.5625 0.8268
vn 0.0073 -0.5626 0.8267
vn -0.1513 -0.5165 0.8428
vn -0.1563 -0.5111 0.8452
vn -0.2362 -0.5028 0.8315
vn -0.2362 -0.5028 -0.8315
vn -0.1491 -0.5166 -0.8432
vn -0.1434 -0.5121 -0.8469
vn -0.0070 -0.5625 -0.8268
vn -0.0073 -0.5626 -0.8267
vn 0.1779 -0.5143 -0.8389
vn 0.1850 -0.5085 -0.8409
vn 0.2935 -0.4947 -0.8180
vn 0.0036 -0.7267 0.6869
vn -0.0514 -0.7064 0.7059
vn -0.1027 -0.9015 0.4204
vn -0.0000 -0.8660 0.5000
vn 0.0432 -0.7110 0.7018
vn 0.1200 -0.8974 0.4246
vn -0.0036 -0.9583 0.2859
vn 0.1532 -0.9544 0.2561
vn 0.2643 -0.9315 0.2499
vn -0.1244 -0.9575 0.2602
vn -0.2120 -0.9439 0.2532
vn -0.5039 -0.7800 -0.3710
vn -0.4947 -0.5251 -0.6925
vn -0.3408 -0.6126 -0.7132
vn -0.3698 -0.7268 -0.5788
vn -0.5345 -0.8452 -0.0065
vn -0.6587 -0.7524 0.0022
vn -0.4846 -0.7748 0.4059
vn -0.4169 -0.9088 -0.0146
vn -0.3298 -0.7301 0.5985
vn -0.4175 -0.5744 0.7041
vn -0.1561 -0.6600 -0.7349
vn -0.1563 -0.6534 -0.7407
vn 0.0114 -0.7301 -0.6832
vn 0.0115 -0.7302 -0.6832
vn 0.1711 -0.6587 -0.7327
vn 0.1728 -0.6516 -0.7386
vn 0.2905 -0.6330 -0.7176
vn -0.2873 -0.6336 0.7183
vn -0.1163 -0.6026 0.7895
vn -0.1226 -0.5946 0.7946
vn -0.0043 -0.6252 0.7805
vn -0.0096 -0.6358 0.7718
vn 0.0207 -0.7099 0.7040
vn 0.0122 -0.7287 0.6847
vn 0.1489 -0.7017 -0.6967
vn 0.2643 -0.6822 -0.6817
vn 0.2729 -0.8332 -0.4810
vn 0.1581 -0.8543 -0.4951
vn -0.0000 -0.8660 -0.5000
vn 0.0036 -0.7267 -0.6869
vn -0.1317 -0.8593 -0.4942
vn -0.1287 -0.7014 -0.7010
vn -0.2120 -0.6912 -0.6908
vn -0.2192 -0.8450 -0.4878
vn 0.2643 -0.9315 -0.2499
vn 0.1532 -0.9544 -0.2561
vn -0.0036 -0.9583 -0.2859
vn -0.1244 -0.9575 -0.2602
vn -0.2120 -0.9439 -0.2532
vn 0.1709 -0.6562 -0.7350
vn 0.1737 -0.6515 -0.7385
vn 0.0071 -0.7048 -0.7093
vn 0.0070 -0.7048 -0.7093
vn -0.1528 -0.6580 -0.7373
vn -0.1520 -0.6538 -0.7412
vn -0.2338 -0.6432 -0.7291
vn -0.1442 -0.6590 0.7382
vn -0.2338 -0.6432 0.7291
vn -0.1453 -0.6545 0.7420
vn -0.0071 -0.7048 0.7093
vn -0.0070 -0.7048 0.7093
vn 0.1812 -0.6549 0.7337
vn 0.1787 -0.6509 0.7378
vn 0.2905 -0.6330 0.7176
vn 0.1695 -0.6564 -0.7351
vn 0.2884 -0.8188 -0.4963
vn 0.1669 -0.8376 -0.5202
vn 0.0209 -0.8211 -0.5704
vn 0.0070 -0.7048 -0.7094
vn -0.1773 -0.7775 -0.6034
vn -0.1506 -0.6540 -0.7414
vn -0.2321 -0.8308 -0.5059
vn 0.2643 -0.9317 -0.2493
vn 0.1490 -0.9552 -0.2556
vn 0.0452 -0.9712 -0.2340
vn -0.2120 -0.9440 -0.2526
vn -0.1428 -0.6591 0.7384
vn -0.2703 -0.8620 0.4288
vn -0.1393 -0.8416 0.5219
vn -0.0268 -0.9126 0.4080
vn -0.0722 -0.7068 0.7037
vn -0.2856 -0.9284 0.2376
vn -0.1234 -0.9586 0.2565
vn -0.0036 -0.9728 0.2315
vn 0.0457 -0.9666 0.2522
vn 0.0477 -0.9649 0.2582
vn -0.3693 -0.9038 0.2165
vn -0.3926 -0.9004 0.1874
vn 0.1709 -0.6562 0.7350
vn 0.1737 -0.6515 0.7385
vn 0.0071 -0.7048 0.7093
vn 0.0070 -0.7048 0.7093
vn -0.1528 -0.6580 0.7373
vn -0.1520 -0.6538 0.7412
vn -0.1442 -0.6590 -0.7382
vn -0.1730 -0.7755 -0.6072
vn -0.0071 -0.7048 -0.7093
vn -0.0070 -0.7048 -0.7093
vn 0.2152 -0.7698 -0.6009
vn 0.1787 -0.6509 -0.7378
vn 0.2157 -0.9048 0.3672
vn 0.2643 -0.9317 0.2493
vn 0.2456 -0.9229 0.2965
vn 0.2021 -0.8950 0.3975
vn 0.0537 -0.2876 -0.9563
vn 0.1226 -0.1461 -0.9816
vn 0.1213 -0.1581 -0.9799
vn 0.0390 -0.4906 -0.8705
vn -0.0689 -0.2761 -0.9587
vn -0.0625 -0.5859 -0.8080
vn -0.1269 -0.1352 -0.9826
vn -0.1262 -0.5435 -0.8298
vn -0.0612 -0.8873 -0.4571
vn -0.0941 -0.9210 -0.3780
vn -0.0838 -0.9666 -0.2424
vn 0.0066 -0.8211 -0.5707
vn -0.0630 -0.2708 0.9606
vn -0.1515 -0.1184 0.9813
vn -0.1363 -0.5516 0.8229
vn -0.0592 -0.5889 0.8060
vn 0.0590 -0.2900 0.9552
vn 0.0419 -0.4898 0.8709
vn 0.1043 -0.1583 0.9819
vn 0.1032 -0.1464 0.9838
vn -0.0988 -0.8488 0.5194
vn -0.0501 -0.8328 0.5513
vn 0.0041 -0.8201 0.5721
vn 0.0514 0.8790 -0.4740
vn 0.0903 0.8585 -0.5048
vn 0.0918 0.8619 -0.4988
vn 0.0507 0.8809 -0.4705
vn -0.0276 0.8866 -0.4616
vn -0.0282 0.8887 -0.4577
vn -0.1071 0.8754 -0.4713
vn -0.1099 0.8734 -0.4745
vn -0.1631 0.8670 -0.4708
vn -0.1631 0.8671 -0.4707
vn -0.0641 0.9576 -0.2810
vn -0.0632 0.9634 -0.2606
vn -0.0643 0.9622 -0.2646
vn -0.0641 0.9575 -0.2812
vn -0.0431 0.9638 -0.2632
vn -0.0422 0.9646 -0.2602
vn -0.0259 0.9684 -0.2482
vn -0.0249 0.9692 -0.2451
vn -0.0555 0.9584 0.2799
vn -0.0605 0.9633 0.2615
vn -0.0421 0.7079 0.7050
vn -0.0549 0.8287 0.5569
vn -0.0312 0.5244 0.8509
vn -0.0529 0.6229 0.7805
vn -0.0372 0.5276 0.8487
vn -0.0375 0.5289 0.8479
vn -0.0022 0.9699 0.2435
vn -0.0076 0.9625 0.2712
vn -0.0001 0.9708 0.2401
vn -0.0053 0.9638 0.2667
vn 0.0267 0.9686 0.2470
vn 0.0270 0.9688 0.2465
vn 0.0731 0.9624 0.2616
vn 0.0724 0.9625 0.2616
vn 0.1143 0.9545 0.2754
vn 0.1152 0.9545 0.2752
vn -0.0086 0.9538 0.3004
vn 0.0101 0.9802 0.1976
vn 0.1398 0.9479 0.2863
vn 0.1406 0.9470 0.2889
vn 0.0481 0.9676 -0.2477
vn 0.0479 0.9680 -0.2463
vn 0.0732 0.9624 -0.2616
vn 0.0725 0.9625 -0.2616
vn 0.1143 0.9545 -0.2754
vn 0.1153 0.9544 -0.2752
vn 0.1398 0.9479 -0.2863
vn 0.1406 0.9470 -0.2889
vn -0.1586 0.7563 -0.6347
vn -0.1533 0.8955 -0.4179
vn -0.0902 0.9015 -0.4233
vn -0.0954 0.7633 -0.6390
vn -0.1533 0.5670 -0.8093
vn -0.0934 0.5713 -0.8154
vn 0.0027 0.5970 -0.8022
vn -0.0000 0.7660 -0.6428
vn 0.1088 0.5723 -0.8128
vn -0.0027 0.8937 -0.4486
vn 0.1152 0.7602 -0.6394
vn 0.1988 0.7508 -0.6300
vn 0.1923 0.5631 -0.8037
vn 0.1120 0.9005 -0.4202
vn 0.1923 0.8893 -0.4150
vn -0.0086 0.9538 -0.3004
vn 0.0101 0.9802 -0.1976
vn -0.0049 0.9681 -0.2504
vn -0.0111 0.9603 -0.2786
vn -0.0107 0.9696 -0.2443
vn -0.0110 0.9620 -0.2730
vn -0.0297 0.9446 -0.3269
vn -0.0250 0.9372 -0.3479
vn -0.0553 0.9424 -0.3298
vn -0.0493 0.9329 -0.3569
vn -0.0707 0.9107 -0.4069
vn -0.0708 0.9169 -0.3929
vn -0.0911 0.8892 -0.4484
vn -0.0827 0.9005 -0.4270
vn -0.0804 0.9271 -0.3661
vn -0.0398 0.8107 -0.5841
vn -0.0749 0.8862 -0.4572
vn -0.0866 0.8710 -0.4836
vn -0.1034 0.8570 -0.5048
vn -0.1251 0.8385 -0.5304
vn -0.1104 0.8653 -0.4890
vn -0.0775 0.7912 -0.6066
vn -0.0964 0.8059 -0.5841
vn -0.1055 0.8200 -0.5626
vn -0.0375 0.7178 -0.6953
vn -0.0367 0.7433 -0.6680
vn -0.0372 0.7460 -0.6650
vn -0.0374 0.7383 -0.6734
vn -0.2118 0.8719 -0.4415
vn -0.1783 0.8294 -0.5294
vn -0.1968 0.9046 -0.3782
vn -0.1820 0.9126 -0.3661
vn -0.0622 0.9435 0.3254
vn -0.0560 0.9521 0.3007
vn -0.0748 0.9196 0.3857
vn -0.0769 0.9171 0.3911
vn -0.0921 0.8516 0.5160
vn -0.0760 0.8776 0.4734
vn -0.0399 0.8059 0.5907
vn -0.0394 0.9486 0.3140
vn -0.0775 0.7912 0.6066
vn -0.0375 0.7088 0.7045
vn -0.0367 0.7433 0.6680
vn -0.0372 0.7463 0.6645
vn -0.0964 0.8059 0.5841
vn -0.1055 0.8200 0.5626
vn -0.1075 0.8238 0.5566
vn 0.0281 0.7022 0.7114
vn 0.0271 0.6968 0.7167
vn 0.0367 0.7508 0.6596
vn 0.0376 0.7556 0.6539
vn 0.0367 0.7508 -0.6596
vn 0.0271 0.6968 -0.7167
vn 0.0281 0.7022 -0.7114
vn 0.0376 0.7556 -0.6539
vn -0.2896 0.8493 0.4413
vn -0.2701 0.8609 0.4311
vn -0.3348 0.8201 0.4641
vn -0.3549 0.8058 0.4740
vn -0.3799 0.8425 -0.3819
vn -0.2701 0.8609 -0.4311
vn -0.2896 0.8493 -0.4413
vn -0.4225 0.8514 -0.3109
vn -0.4530 0.8627 -0.2250
vn -0.4538 0.8619 -0.2263
vn 0.1165 0.6777 0.7260
vn 0.1137 0.6720 0.7317
vn 0.1222 0.6889 0.7145
vn 0.1249 0.6943 0.7088
vn 0.1222 0.6889 -0.7145
vn 0.1137 0.6720 -0.7317
vn 0.1165 0.6777 -0.7260
vn 0.1249 0.6943 -0.7088
vn -0.1419 0.6534 0.7436
vn -0.1618 0.6813 0.7139
vn -0.1598 0.6748 0.7205
vn -0.1399 0.6520 0.7452
vn -0.1127 0.6674 0.7362
vn -0.1110 0.6708 0.7333
vn -0.0954 0.6876 0.7198
vn -0.0963 0.6908 0.7166
vn -0.2766 0.6793 -0.6798
vn -0.2767 0.6822 -0.6768
vn -0.2239 0.6742 -0.7038
vn -0.2106 0.6711 -0.7108
vn -0.1419 0.6534 -0.7436
vn -0.1399 0.6520 -0.7452
vn -0.1127 0.6674 -0.7362
vn -0.1110 0.6708 -0.7333
vn -0.0954 0.6876 -0.7198
vn -0.0963 0.6908 -0.7166
vn -0.1057 -0.6491 0.7533
vn -0.1046 -0.6453 0.7567
vn -0.1195 -0.6660 0.7364
vn -0.1208 -0.6667 0.7354
vn -0.1384 -0.6521 0.7454
vn -0.1406 -0.6535 0.7437
vn -0.1598 -0.6748 0.7205
vn -0.1618 -0.6813 0.7139
vn -0.1195 -0.6660 -0.7364
vn -0.1046 -0.6453 -0.7567
vn -0.1057 -0.6491 -0.7533
vn -0.1208 -0.6667 -0.7354
vn -0.1384 -0.6521 -0.7454
vn -0.1406 -0.6535 -0.7437
vn -0.1598 -0.6748 -0.7205
vn -0.1618 -0.6813 -0.7139
vn 0.0882 -0.7054 0.7033
vn 0.0785 -0.6837 0.7255
vn 0.0815 -0.6905 0.7187
vn 0.0914 -0.7126 0.6956
vn 0.0815 -0.6905 -0.7187
vn 0.0785 -0.6837 -0.7255
vn 0.0882 -0.7054 -0.7033
vn 0.0914 -0.7126 -0.6956
vn -0.0960 -0.9420 0.3216
vn -0.0959 -0.9413 0.3236
vn -0.0852 -0.9478 0.3072
vn -0.0833 -0.9484 0.3059
vn -0.0626 -0.9484 0.3109
vn -0.0640 -0.9476 0.3128
vn -0.0554 -0.9536 0.2958
vn -0.0558 -0.9544 0.2933
vn -0.0852 -0.9478 -0.3072
vn -0.0959 -0.9413 -0.3236
vn -0.0960 -0.9420 -0.3216
vn -0.0833 -0.9484 -0.3059
vn -0.0626 -0.9484 -0.3109
vn -0.0640 -0.9476 -0.3128
vn -0.0554 -0.9536 -0.2958
vn -0.0558 -0.9544 -0.2933
vn -0.0611 -0.9949 0.0806
vn -0.0625 -0.9950 0.0785
vn -0.0603 -0.9948 0.0818
vn -0.0590 -0.9947 0.0838
vn -0.0603 -0.9948 -0.0818
vn -0.0625 -0.9950 -0.0785
vn -0.0611 -0.9949 -0.0806
vn -0.0590 -0.9947 -0.0837
vt 0.601427 -0.775575
vt 0.596964 -0.810993
vt 0.615948 -0.810993
vt 0.627631 -0.775575
vt 0.603538 -0.732680
vt 0.633155 -0.732680
vt 0.602692 -0.635880
vt 0.630941 -0.635880
vt 0.597689 -0.557567
vt 0.617846 -0.557567
vt 0.652463 -0.635880
vt 0.633204 -0.557567
vt 0.647595 -0.775575
vt 0.655720 -0.732680
vt 0.576159 -0.543665
vt 0.572771 -0.557567
vt 0.594297 -0.543665
vt 0.925030 -0.242447
vt 0.922319 -0.206371
vt 0.933367 -0.206371
vt 0.939524 -0.242447
vt 0.924888 -0.302827
vt 0.939110 -0.302827
vt 0.934505 -0.326714
vt 0.922709 -0.326714
vt 0.939617 -0.206371
vt 0.946317 -0.242447
vt 0.946340 -0.302827
vt 0.934599 -0.193599
vt 0.929204 -0.193599
vt 0.893288 -0.193599
vt 0.901454 -0.172719
vt 0.907676 -0.172719
vt 0.908470 -0.193599
vt 0.907086 -0.206371
vt 0.889331 -0.206371
vt 0.905316 -0.242447
vt 0.883756 -0.242447
vt 0.882559 -0.206371
vt 0.875309 -0.242447
vt 0.914549 -0.172719
vt 0.920602 -0.193599
vt 0.875836 -0.302827
vt 0.884196 -0.302827
vt 0.905500 -0.302827
vt 0.888121 -0.326714
vt 0.906579 -0.326714
vt 0.896305 -0.351675
vt 0.909266 -0.351675
vt 0.918873 -0.351675
vt 0.925610 -0.351675
vt 0.930513 -0.351675
vt 0.941068 -0.326714
vt 0.897472 -0.191260
vt 0.892260 -0.216784
vt 0.905905 -0.216784
vt 0.905905 -0.191260
vt 0.931119 -0.216784
vt 0.919551 -0.216784
vt 0.921440 -0.264533
vt 0.934177 -0.264533
vt 0.942616 -0.216784
vt 0.922686 -0.191260
vt 0.934183 -0.191260
vt 0.919551 -0.312281
vt 0.931119 -0.312281
vt 0.945674 -0.264533
vt 0.922686 -0.344517
vt 0.934183 -0.344517
vt 0.942616 -0.312281
vt 0.914339 -0.344517
vt 0.964279 -0.565191
vt 0.964022 -0.599593
vt 0.976518 -0.599593
vt 0.977359 -0.565191
vt 0.964022 -0.530789
vt 0.976518 -0.530789
vt 0.974007 -0.512400
vt 0.966284 -0.512400
vt 0.986503 -0.599593
vt 0.988289 -0.565191
vt 0.986503 -0.530789
vt 0.980178 -0.512400
vt 0.992894 -0.565191
vt 0.990163 -0.530789
vt 0.982440 -0.512400
vt 0.883827 -0.216784
vt 0.880769 -0.264533
vt 0.890370 -0.264533
vt 0.883827 -0.312281
vt 0.892260 -0.312281
vt 0.905905 -0.344517
vt 0.905905 -0.312281
vt 0.897472 -0.344517
vt 0.909915 -0.177279
vt 0.914339 -0.191260
vt 0.915529 -0.177279
vt 0.536924 -0.075709
vt 0.623070 -0.075709
vt 0.623070 -0.132852
vt 0.531127 -0.132852
vt 0.851964 -0.263539
vt 0.850298 -0.298406
vt 0.859891 -0.298406
vt 0.863104 -0.263539
vt 0.850298 -0.228672
vt 0.859891 -0.228672
vt 0.848384 -0.200785
vt 0.854428 -0.200785
vt 0.864207 -0.222463
vt 0.854428 -0.222463
vt 0.856619 -0.263017
vt 0.867007 -0.263134
vt 0.854428 -0.303572
vt 0.864207 -0.303572
vt 0.854428 -0.330950
vt 0.848384 -0.330950
vt 0.828826 -0.330950
vt 0.822782 -0.330950
vt 0.813003 -0.303572
vt 0.822782 -0.303572
vt 0.820591 -0.263017
vt 0.809457 -0.263017
vt 0.822782 -0.222463
vt 0.813003 -0.222463
vt 0.822782 -0.200785
vt 0.828826 -0.200785
vt 0.942640 -0.436671
vt 0.940814 -0.469059
vt 0.933973 -0.469059
vt 0.934679 -0.436671
vt 0.940814 -0.404283
vt 0.933973 -0.404283
vt 0.924217 -0.436671
vt 0.924632 -0.404283
vt 0.925700 -0.386971
vt 0.931473 -0.386971
vt 0.924632 -0.469059
vt 0.931473 -0.490923
vt 0.925700 -0.490923
vt 0.768817 -0.225539
vt 0.758893 -0.225607
vt 0.755481 -0.216672
vt 0.764374 -0.216672
vt 0.779264 -0.225539
vt 0.779916 -0.237203
vt 0.789711 -0.225539
vt 0.778761 -0.216672
vt 0.793149 -0.216672
vt 0.799461 -0.225607
vt 0.755481 -0.177049
vt 0.733373 -0.177049
vt 0.727113 -0.118357
vt 0.752258 -0.118357
vt 0.733373 -0.059665
vt 0.755481 -0.059665
vt 0.764374 -0.028292
vt 0.750638 -0.028292
vt 0.806510 -0.216672
vt 0.823775 -0.177049
vt 0.802041 -0.177049
vt 0.805265 -0.118357
vt 0.830034 -0.118357
vt 0.802041 -0.059665
vt 0.823775 -0.059665
vt 0.940601 -0.404700
vt 0.935488 -0.387388
vt 0.931260 -0.387388
vt 0.933760 -0.404700
vt 0.934466 -0.437088
vt 0.942428 -0.437088
vt 0.933760 -0.469476
vt 0.940601 -0.469476
vt 0.935488 -0.491341
vt 0.931260 -0.491341
vt 0.925487 -0.387388
vt 0.924419 -0.404700
vt 0.924005 -0.437088
vt 0.924419 -0.469476
vt 0.925487 -0.491341
vt 0.812895 -0.222663
vt 0.822674 -0.201147
vt 0.828718 -0.201147
vt 0.822674 -0.222663
vt 0.820483 -0.262914
vt 0.809349 -0.262914
vt 0.822674 -0.303166
vt 0.812895 -0.303166
vt 0.822674 -0.330340
vt 0.828718 -0.330340
vt 0.864099 -0.303166
vt 0.854320 -0.330340
vt 0.848276 -0.330340
vt 0.854320 -0.303166
vt 0.856511 -0.262914
vt 0.866922 -0.263044
vt 0.854320 -0.222663
vt 0.864099 -0.222663
vt 0.854320 -0.201147
vt 0.848276 -0.201147
vt 0.631740 -0.227353
vt 0.618037 -0.197474
vt 0.609569 -0.197474
vt 0.618037 -0.227353
vt 0.621108 -0.283250
vt 0.636708 -0.283250
vt 0.618037 -0.339147
vt 0.631740 -0.339147
vt 0.618037 -0.376883
vt 0.609569 -0.376883
vt 0.595866 -0.197474
vt 0.595866 -0.227353
vt 0.595866 -0.283250
vt 0.595866 -0.339147
vt 0.595866 -0.376883
vt 0.631823 -0.339147
vt 0.618120 -0.376883
vt 0.609652 -0.376883
vt 0.618120 -0.339147
vt 0.621191 -0.283250
vt 0.636791 -0.283250
vt 0.595949 -0.376883
vt 0.595949 -0.339147
vt 0.595949 -0.283250
vt 0.595949 -0.227353
vt 0.618121 -0.227353
vt 0.606377 -0.385393
vt 0.596428 -0.385393
vt 0.849187 -0.200735
vt 0.855231 -0.200735
vt 0.865010 -0.222443
vt 0.855231 -0.222443
vt 0.857422 -0.263054
vt 0.867636 -0.263166
vt 0.855231 -0.303665
vt 0.865010 -0.303665
vt 0.855231 -0.331081
vt 0.849187 -0.331081
vt 0.829628 -0.331081
vt 0.823585 -0.331081
vt 0.813806 -0.303665
vt 0.823585 -0.303665
vt 0.839408 -0.331081
vt 0.839408 -0.303665
vt 0.821394 -0.263054
vt 0.810260 -0.263054
vt 0.823585 -0.222443
vt 0.813806 -0.222443
vt 0.823585 -0.200735
vt 0.829628 -0.200735
vt 0.839408 -0.222443
vt 0.839408 -0.200735
vt 0.778761 -0.059665
vt 0.778761 -0.028292
vt 0.793149 -0.028292
vt 0.639108 -0.115805
vt 0.624334 -0.033332
vt 0.617591 -0.033332
vt 0.629025 -0.116096
vt 0.639108 -0.198975
vt 0.629025 -0.198975
vt 0.624334 -0.266025
vt 0.617591 -0.266025
vt 0.618706 -0.198975
vt 0.609575 -0.266025
vt 0.594802 -0.198975
vt 0.594802 -0.266025
vt 0.618706 -0.116096
vt 0.639155 -0.198975
vt 0.624382 -0.266025
vt 0.617639 -0.266025
vt 0.629073 -0.198975
vt 0.639155 -0.115805
vt 0.629073 -0.116096
vt 0.624382 -0.033332
vt 0.617639 -0.033332
vt 0.609623 -0.266025
vt 0.618753 -0.198975
vt 0.618753 -0.116096
vt 0.567771 -0.635880
vt 0.552609 -0.557567
vt 0.539517 -0.635880
vt 0.566926 -0.732680
vt 0.537303 -0.732680
vt 0.542826 -0.775575
vt 0.569035 -0.775575
vt 0.554506 -0.810993
vt 0.573495 -0.810993
vt 0.565749 -0.821499
vt 0.566661 -0.758341
vt 0.542904 -0.758341
vt 0.540516 -0.821499
vt 0.565429 -0.899566
vt 0.539676 -0.899566
vt 0.566559 -0.962724
vt 0.542636 -0.962724
vt 0.596937 -0.821499
vt 0.597258 -0.899566
vt 0.623006 -0.899566
vt 0.622166 -0.821499
vt 0.632838 -0.899566
vt 0.631799 -0.821499
vt 0.629179 -0.962724
vt 0.620046 -0.962724
vt 0.180028 -0.347226
vt 0.178103 -0.449077
vt 0.151489 -0.449005
vt 0.149652 -0.347232
vt 0.153696 -0.246123
vt 0.183186 -0.246108
vt 0.187517 -0.171293
vt 0.161524 -0.171316
vt 0.173151 -0.117290
vt 0.195304 -0.117258
vt 0.105569 -0.347194
vt 0.100367 -0.448983
vt 0.200573 -0.086956
vt 0.182254 -0.086992
vt 0.153698 -0.246123
vt 0.183188 -0.246108
vt 0.187519 -0.171293
vt 0.161526 -0.171316
vt 0.173241 -0.117290
vt 0.195394 -0.117258
vt 0.200663 -0.086956
vt 0.182344 -0.086992
vt 0.932235 -0.491763
vt 0.926794 -0.491763
vt 0.926660 -0.469430
vt 0.935463 -0.469430
vt 0.935680 -0.491763
vt 0.941037 -0.469430
vt 0.942944 -0.436349
vt 0.936374 -0.436349
vt 0.941037 -0.403268
vt 0.926576 -0.436349
vt 0.935463 -0.403268
vt 0.932235 -0.385585
vt 0.935680 -0.385585
vt 0.926660 -0.403268
vt 0.926794 -0.385585
vt 0.105570 -0.347194
vt 0.100369 -0.448983
vt 0.151491 -0.449005
vt 0.149654 -0.347232
vt 0.180029 -0.347226
vt 0.178104 -0.449077
vt 0.154680 -0.588828
vt 0.179277 -0.588825
vt 0.168722 -0.707818
vt 0.189122 -0.707781
vt 0.196563 -0.763743
vt 0.176046 -0.763748
vt 0.184178 -0.815189
vt 0.203603 -0.813968
vt 0.210823 -0.855054
vt 0.108001 -0.588798
vt 0.131812 -0.707760
vt 0.146609 -0.763718
vt 0.160416 -0.816674
vt 0.172649 -0.858925
vt 0.192318 -0.857289
vt 0.091574 -0.703432
vt 0.106658 -0.763482
vt 0.120986 -0.818401
vt 0.079692 -0.587953
vt 0.066880 -0.452984
vt 0.056138 -0.585437
vt 0.194031 -0.879707
vt 0.201541 -0.871908
vt 0.215200 -0.887208
vt 0.206320 -0.892934
vt 0.164412 -0.707818
vt 0.189121 -0.707781
vt 0.196562 -0.763743
vt 0.175308 -0.763748
vt 0.146607 -0.763718
vt 0.131811 -0.707760
vt 0.107999 -0.588798
vt 0.150402 -0.588850
vt 0.091572 -0.703432
vt 0.079691 -0.587953
vt 0.066878 -0.452984
vt 0.106657 -0.763482
vt 0.120985 -0.818401
vt 0.160415 -0.816674
vt 0.088063 -0.247646
vt 0.114832 -0.246077
vt 0.075338 -0.348234
vt 0.114834 -0.246077
vt 0.088064 -0.247646
vt 0.075340 -0.348234
vt 0.199085 -0.898880
vt 0.206318 -0.892934
vt 0.222954 -0.905130
vt 0.219307 -0.914135
vt 0.222955 -0.905130
vt 0.199086 -0.898880
vt 0.219308 -0.914135
vt 0.244912 -0.919104
vt 0.244912 -0.910260
vt 0.404577 -0.075709
vt 0.442067 -0.075709
vt 0.432026 -0.132852
vt 0.392983 -0.132852
vt 0.432054 -0.132852
vt 0.442095 -0.075709
vt 0.404605 -0.075709
vt 0.393011 -0.132852
vt 0.468201 -0.380497
vt 0.482373 -0.425719
vt 0.451119 -0.425719
vt 0.434754 -0.380497
vt 0.452312 -0.318567
vt 0.416406 -0.318567
vt 0.438080 -0.239995
vt 0.399973 -0.239995
vt 0.481945 -0.479896
vt 0.509073 -0.479896
vt 0.482401 -0.425719
vt 0.451146 -0.425719
vt 0.468229 -0.380497
vt 0.434782 -0.380497
vt 0.452339 -0.318566
vt 0.416434 -0.318566
vt 0.438108 -0.239995
vt 0.400001 -0.239995
vt 0.452340 -0.318566
vt 0.329838 -0.911998
vt 0.310416 -0.911998
vt 0.328083 -0.827721
vt 0.353924 -0.827570
vt 0.365134 -0.762238
vt 0.339566 -0.762840
vt 0.348062 -0.690534
vt 0.374854 -0.689630
vt 0.328062 -0.827721
vt 0.310395 -0.911998
vt 0.329817 -0.911998
vt 0.353903 -0.827570
vt 0.365113 -0.762238
vt 0.339545 -0.762840
vt 0.348041 -0.690534
vt 0.374833 -0.689630
vt 0.542839 -0.318567
vt 0.623070 -0.318567
vt 0.623070 -0.239995
vt 0.534622 -0.239995
vt 0.623099 -0.239995
vt 0.623098 -0.318567
vt 0.542867 -0.318566
vt 0.534650 -0.239995
s 1
usemtl LightsHullMaterial
f 8391/4737/4532 8392/4738/4533 8393/4739/4534
f 8393/4739/4534 8394/4740/4535 8391/4737/4532
f 8395/4741/4536 8391/4737/4532 8394/4740/4535
f 8394/4740/4535 8396/4742/4537 8395/4741/4536
f 8397/4743/4538 8395/4741/4536 8396/4742/4537
f 8396/4742/4537 8398/4744/4539 8397/4743/4538
f 8399/4745/4540 8397/4743/4538 8398/4744/4539
f 8398/4744/4539 8400/4746/4541 8399/4745/4540
f 8400/4746/4541 8398/4744/4539 8401/4747/4542
f 8401/4747/4542 8402/4748/4543 8400/4746/4541
f 8396/4742/4537 8394/4740/4535 8403/4749/4544
f 8403/4749/4544 8404/4750/4545 8396/4742/4537
f 8398/4744/4539 8396/4742/4537 8404/4750/4545
f 8404/4750/4545 8401/4747/4542 8398/4744/4539
f 8405/4751/4546 8406/4752/4546 8407/4745/4546
f 8407/4745/4546 8408/4753/4546 8405/4751/4546
f 8409/4754/4547 8410/4755/4548 8411/4756/4549
f 8411/4756/4549 8412/4757/4550 8409/4754/4547
f 8413/4758/4551 8409/4754/4547 8412/4757/4550
f 8412/4757/4550 8414/4759/4552 8413/4758/4551
f 8413/4758/4551 8414/4759/4552 8415/4760/4553
f 8415/4760/4553 8416/4761/4554 8413/4758/4551
f 8412/4757/4550 8411/4756/4549 8417/4762/4555
f 8417/4762/4555 8418/4763/4556 8412/4757/4550
f 8414/4759/4552 8412/4757/4550 8418/4763/4556
f 8418/4763/4556 8419/4764/4557 8414/4759/4552
f 8420/4765/4558 8417/4762/4555 8411/4756/4549
f 8411/4756/4549 8421/4766/4559 8420/4765/4558
f 8422/4767/4560 8423/4768/4561 8424/4769/4562
f 8424/4769/4562 8425/4770/4563 8422/4767/4560
f 8422/4767/4560 8425/4770/4563 8426/4771/4564
f 8426/4771/4564 8427/4772/4565 8422/4767/4560
f 8427/4772/4565 8426/4771/4564 8428/4773/4566
f 8428/4773/4566 8429/4774/4567 8427/4772/4565
f 8430/4775/4568 8427/4772/4565 8429/4774/4567
f 8429/4774/4567 8431/4776/4569 8430/4775/4568
f 8425/4770/4563 8424/4769/4562 8432/4777/4570
f 8432/4777/4570 8433/4778/4571 8425/4770/4563
f 8425/4770/4563 8433/4778/4571 8434/4755/4572
f 8434/4755/4572 8426/4771/4564 8425/4770/4563
f 8435/4779/4573 8431/4776/4569 8429/4774/4567
f 8429/4774/4567 8436/4780/4574 8435/4779/4573
f 8436/4780/4574 8429/4774/4567 8428/4773/4566
f 8428/4773/4566 8437/4781/4575 8436/4780/4574
f 8438/4782/4576 8436/4780/4574 8437/4781/4575
f 8437/4781/4575 8439/4783/4577 8438/4782/4576
f 8440/4784/4578 8438/4782/4576 8439/4783/4577
f 8439/4783/4577 8441/4785/4579 8440/4784/4578
f 8442/4786/4580 8441/4785/4579 8439/4783/4577
f 8439/4783/4577 8416/4761/4554 8442/4786/4580
f 8443/4787/4581 8442/4786/4580 8416/4761/4554
f 8416/4761/4554 8415/4760/4553 8443/4787/4581
f 8444/4788/4582 8443/4787/4581 8415/4760/4553
f 8415/4760/4553 8445/4789/4583 8444/4788/4582
f 8446/4790/4584 8447/4791/4584 8448/4792/4584
f 8448/4792/4584 8449/4793/4584 8446/4790/4584
f 8450/4794/4585 8451/4795/4586 8452/4796/4587
f 8452/4796/4587 8453/4797/4588 8450/4794/4585
f 8454/4798/4589 8450/4794/4585 8453/4797/4588
f 8455/4799/4590 8450/4794/4585 8454/4798/4589
f 8454/4798/4589 8456/4800/4590 8455/4799/4590
f 8453/4797/4588 8452/4796/4587 8457/4801/4591
f 8457/4801/4591 8458/4802/4592 8453/4797/4588
f 8459/4803/4593 8453/4797/4588 8458/4802/4592
f 8453/4797/4588 8459/4803/4593 8454/4798/4589
f 8460/4804/4594 8458/4802/4592 8457/4801/4591
f 8458/4802/4592 8460/4804/4594 8461/4805/4595
f 8461/4805/4595 8462/4806/4596 8458/4802/4592
f 8458/4802/4592 8462/4806/4596 8459/4803/4593
f 8457/4801/4591 8463/4807/4597 8460/4804/4594
f 8464/4808/4598 8465/4809/4599 8466/4810/4600
f 8466/4810/4600 8467/4811/4601 8464/4808/4598
f 8468/4812/4602 8464/4808/4598 8467/4811/4601
f 8467/4811/4601 8469/4813/4603 8468/4812/4602
f 8468/4812/4602 8469/4813/4603 8470/4814/4604
f 8470/4814/4604 8471/4815/4605 8468/4812/4602
f 8467/4811/4601 8466/4810/4600 8472/4816/4606
f 8472/4816/4606 8473/4817/4607 8467/4811/4601
f 8469/4813/4603 8467/4811/4601 8473/4817/4607
f 8473/4817/4607 8474/4818/4608 8469/4813/4603
f 8469/4813/4603 8474/4818/4608 8475/4819/4609
f 8475/4819/4609 8470/4814/4604 8469/4813/4603
f 8474/4818/4608 8473/4817/4607 8476/4820/4610
f 8476/4820/4610 8477/4821/4611 8474/4818/4608
f 8474/4818/4608 8477/4821/4611 8478/4822/4612
f 8478/4822/4612 8475/4819/4609 8474/4818/4608
f 8479/4791/4613 8480/4823/4614 8481/4824/4615
f 8481/4824/4615 8482/4825/4615 8479/4791/4613
f 8482/4825/4615 8481/4824/4615 8483/4826/4616
f 8483/4826/4616 8484/4827/4617 8482/4825/4615
f 8485/4828/4618 8486/4829/4618 8487/4827/4618
f 8487/4827/4618 8488/4830/4618 8485/4828/4618
f 8489/4831/4619 8490/4832/4620 8491/4799/4621
f 8491/4799/4621 8492/4833/4622 8489/4831/4619
f 8493/4834/4623 8494/4835/4624 8495/4836/4625
f 8495/4836/4625 8496/4837/4626 8493/4834/4623
f 8497/4838/4627 8498/4839/4628 8499/4840/4629
f 8499/4840/4629 8500/4841/4630 8497/4838/4627
f 8501/4842/4631 8497/4838/4627 8500/4841/4630
f 8500/4841/4630 8502/4843/4632 8501/4842/4631
f 8503/4844/4633 8504/4845/4633 8505/4846/4634
f 8505/4846/4634 8506/4847/4635 8503/4844/4633
f 8507/4848/4636 8506/4847/4635 8505/4846/4634
f 8505/4846/4634 8508/4849/4637 8507/4848/4636
f 8509/4850/4638 8507/4848/4636 8508/4849/4637
f 8508/4849/4637 8510/4851/4639 8509/4850/4638
f 8509/4850/4638 8510/4851/4639 8511/4852/4640
f 8511/4852/4640 8512/4853/4640 8509/4850/4638
f 8513/4854/4641 8514/4855/4641 8515/4856/4642
f 8515/4856/4642 8516/4857/4643 8513/4854/4641
f 8517/4858/4644 8516/4857/4643 8515/4856/4642
f 8515/4856/4642 8518/4859/4645 8517/4858/4644
f 8519/4860/4646 8517/4858/4644 8518/4859/4645
f 8518/4859/4645 8520/4861/4647 8519/4860/4646
f 8519/4860/4646 8520/4861/4647 8521/4862/4648
f 8521/4862/4648 8522/4863/4648 8519/4860/4646
f 8523/4864/4649 8524/4865/4650 8525/4866/4651
f 8525/4866/4651 8526/4867/4652 8523/4864/4649
f 8527/4868/4653 8523/4864/4649 8526/4867/4652
f 8526/4867/4652 8528/4869/4654 8527/4868/4653
f 8528/4869/4654 8526/4867/4652 8529/4870/4655
f 8529/4870/4655 8530/4871/4656 8528/4869/4654
f 8528/4869/4654 8530/4871/4656 8531/4872/4657
f 8531/4872/4657 8532/4873/4657 8528/4869/4654
f 8526/4867/4652 8525/4866/4651 8533/4874/4658
f 8533/4874/4658 8529/4870/4655 8526/4867/4652
f 8533/4874/4658 8525/4866/4651 8534/4875/4659
f 8534/4875/4659 8535/4876/4659 8533/4874/4658
f 8536/4877/4660 8537/4878/4661 8538/4879/4662
f 8538/4879/4662 8539/4880/4663 8536/4877/4660
f 8540/4881/4664 8536/4877/4660 8539/4880/4663
f 8536/4877/4660 8540/4881/4664 8541/4882/4665
f 8540/4881/4664 8542/4883/4666 8541/4882/4665
f 8542/4883/4666 8540/4881/4664 8543/4884/4667
f 8543/4884/4667 8544/4885/4668 8542/4883/4666
f 8545/4886/4669 8542/4883/4666 8544/4885/4668
f 8546/4887/4670 8539/4880/4663 8538/4879/4662
f 8538/4879/4662 8547/4888/4671 8546/4887/4670
f 8546/4887/4670 8547/4888/4671 8548/4889/4672
f 8548/4889/4672 8549/4890/4673 8546/4887/4670
f 8549/4890/4673 8548/4889/4672 8550/4891/4674
f 8550/4891/4674 8551/4892/4675 8549/4890/4673
f 8552/4893/4676 8551/4892/4675 8550/4891/4674
f 8550/4891/4674 8553/4894/4676 8552/4893/4676
f 8539/4880/4663 8543/4884/4667 8540/4881/4664
f 8544/4885/4668 8554/4895/4677 8545/4886/4669
f 8555/4896/4678 8554/4895/4677 8544/4885/4668
f 8544/4885/4668 8556/4897/4679 8555/4896/4678
f 8555/4896/4678 8556/4897/4679 8557/4898/4680
f 8557/4898/4680 8558/4899/4681 8555/4896/4678
f 8558/4899/4681 8557/4898/4680 8559/4900/4682
f 8559/4900/4682 8560/4901/4683 8558/4899/4681
f 8561/4902/4684 8562/4903/4685 8563/4904/4686
f 8563/4904/4686 8564/4905/4687 8561/4902/4684
f 8561/4902/4684 8564/4905/4687 8565/4906/4688
f 8565/4906/4688 8566/4907/4689 8561/4902/4684
f 8566/4907/4689 8565/4906/4688 8567/4908/4690
f 8567/4908/4690 8568/4909/4691 8566/4907/4689
f 8569/4910/4692 8568/4909/4691 8567/4908/4690
f 8567/4908/4690 8570/4911/4693 8569/4910/4692
f 8564/4905/4687 8563/4904/4686 8571/4912/4694
f 8571/4912/4694 8572/4913/4695 8564/4905/4687
f 8564/4905/4687 8572/4913/4695 8573/4914/4696
f 8573/4914/4696 8565/4906/4688 8564/4905/4687
f 8565/4906/4688 8573/4914/4696 8574/4915/4697
f 8574/4915/4697 8567/4908/4690 8565/4906/4688
f 8570/4911/4693 8567/4908/4690 8574/4915/4697
f 8574/4915/4697 8575/4916/4698 8570/4911/4693
f 8576/4917/4699 8577/4918/4676 8578/4919/4676
f 8578/4919/4676 8579/4920/4700 8576/4917/4699
f 8576/4917/4699 8579/4920/4700 8580/4921/4701
f 8580/4921/4701 8581/4922/4702 8576/4917/4699
f 8581/4922/4702 8580/4921/4701 8582/4923/4703
f 8582/4923/4703 8583/4924/4704 8581/4922/4702
f 8584/4925/4705 8583/4924/4704 8582/4923/4703
f 8582/4923/4703 8585/4926/4705 8584/4925/4705
f 8586/4927/4706 8587/4928/4707 8588/4929/4707
f 8588/4929/4707 8589/4930/4708 8586/4927/4706
f 8586/4927/4706 8589/4930/4708 8590/4931/4709
f 8590/4931/4709 8591/4932/4710 8586/4927/4706
f 8591/4932/4710 8590/4931/4709 8592/4933/4711
f 8592/4933/4711 8593/4934/4712 8591/4932/4710
f 8594/4935/4713 8593/4934/4712 8592/4933/4711
f 8592/4933/4711 8595/4936/4713 8594/4935/4713
f 8596/4937/4714 8597/4938/4676 8598/4939/4715
f 8598/4939/4715 8599/4940/4716 8596/4937/4714
f 8596/4937/4714 8599/4940/4716 8600/4941/4717
f 8600/4941/4717 8601/4942/4718 8596/4937/4714
f 8601/4942/4718 8600/4941/4717 8602/4943/4719
f 8602/4943/4719 8603/4944/4720 8601/4942/4718
f 8604/4945/4705 8603/4944/4720 8602/4943/4719
f 8602/4943/4719 8605/4946/4721 8604/4945/4705
f 8599/4940/4716 8598/4939/4715 8606/4947/4722
f 8606/4947/4722 8607/4948/4723 8599/4940/4716
f 8599/4940/4716 8607/4948/4723 8608/4949/4724
f 8608/4949/4724 8600/4941/4717 8599/4940/4716
f 8605/4946/4721 8602/4943/4719 8609/4950/4725
f 8609/4950/4725 8610/4951/4725 8605/4946/4721
f 8611/4952/4726 8612/4953/4707 8613/4954/4727
f 8613/4954/4727 8614/4955/4728 8611/4952/4726
f 8611/4952/4726 8614/4955/4728 8615/4956/4729
f 8615/4956/4729 8616/4957/4730 8611/4952/4726
f 8614/4955/4728 8613/4954/4727 8617/4958/4731
f 8617/4958/4731 8618/4959/4732 8614/4955/4728
f 8614/4955/4728 8618/4959/4732 8619/4960/4733
f 8619/4960/4733 8615/4956/4729 8614/4955/4728
f 8615/4956/4729 8619/4960/4733 8620/4961/4734
f 8620/4961/4734 8621/4962/4735 8615/4956/4729
f 8617/4958/4731 8613/4954/4727 8622/4963/4736
f 8622/4963/4736 8623/4964/4737 8617/4958/4731
f 8624/4965/4713 8625/4966/4713 8626/4967/4738
f 8626/4967/4738 8627/4968/4739 8624/4965/4713
f 8628/4969/4740 8627/4968/4739 8626/4967/4738
f 8626/4967/4738 8629/4970/4741 8628/4969/4740
f 8630/4971/4742 8628/4969/4740 8629/4970/4741
f 8629/4970/4741 8631/4972/4743 8630/4971/4742
f 8630/4971/4742 8631/4972/4743 8632/4973/4707
f 8632/4973/4707 8633/4974/4707 8630/4971/4742
f 8634/4975/4721 8635/4976/4705 8636/4977/4744
f 8636/4977/4744 8637/4978/4745 8634/4975/4721
f 8638/4979/4725 8634/4975/4721 8637/4978/4745
f 8637/4978/4745 8639/4980/4725 8638/4979/4725
f 8640/4981/4746 8637/4978/4745 8636/4977/4744
f 8636/4977/4744 8641/4982/4747 8640/4981/4746
f 8642/4983/4748 8640/4981/4746 8641/4982/4747
f 8641/4982/4747 8643/4984/4749 8642/4983/4748
f 8642/4983/4748 8643/4984/4749 8644/4985/4676
f 8644/4985/4676 8645/4986/4715 8642/4983/4748
f 8646/4987/4722 8642/4983/4748 8645/4986/4715
f 8645/4986/4715 8647/4988/4722 8646/4987/4722
f 8648/4989/4750 8649/4990/4751 8650/4991/4752
f 8650/4991/4752 8651/4900/4753 8648/4989/4750
f 8652/4992/4754 8653/4993/4755 8654/4994/4756
f 8654/4994/4756 8655/4995/4757 8652/4992/4754
f 8656/4996/4758 8652/4992/4754 8655/4995/4757
f 8655/4995/4757 8657/4997/4759 8656/4996/4758
f 8658/4998/4760 8656/4996/4758 8657/4997/4759
f 8657/4997/4759 8659/4999/4761 8658/4998/4760
f 8659/4999/4761 8657/4997/4759 8660/5000/4762
f 8660/5000/4762 8661/5001/4763 8659/4999/4761
f 8661/5001/4763 8660/5000/4762 8662/5002/4764
f 8662/5002/4764 8663/5003/4764 8661/5001/4763
f 8657/4997/4759 8655/4995/4757 8664/5004/4765
f 8664/5004/4765 8660/5000/4762 8657/4997/4759
f 8665/5005/4766 8666/5006/4767 8667/5007/4768
f 8667/5007/4768 8668/5008/4769 8665/5005/4766
f 8669/5009/4770 8665/5005/4766 8668/5008/4769
f 8668/5008/4769 8670/5010/4771 8669/5009/4770
f 8671/5011/4772 8669/5009/4770 8670/5010/4771
f 8670/5010/4771 8672/5012/4773 8671/5011/4772
f 8668/5008/4769 8667/5007/4768 8673/5013/4774
f 8673/5013/4774 8674/5014/4775 8668/5008/4769
f 8670/5010/4771 8668/5008/4769 8674/5014/4775
f 8674/5014/4775 8675/5015/4776 8670/5010/4771
f 8676/5016/4777 8677/4752/4778 8678/5017/4779
f 8678/5017/4779 8679/5018/4780 8676/5016/4777
f 8680/5019/4781 8676/5016/4777 8679/5018/4780
f 8679/5018/4780 8681/5020/4782 8680/5019/4781
f 8680/5019/4781 8681/5020/4782 8682/5021/4783
f 8682/5021/4783 8683/5022/4784 8680/5019/4781
f 8683/5022/4784 8682/5021/4783 8684/5023/4785
f 8684/5023/4785 8685/5024/4786 8683/5022/4784
f 8686/5025/4787 8687/5026/4788 8688/5027/4789
f 8688/5027/4789 8689/5028/4790 8686/5025/4787
f 8690/5029/4791 8686/5025/4787 8689/5028/4790
f 8689/5028/4790 8691/5030/4792 8690/5029/4791
f 8692/5031/4793 8690/5029/4791 8691/5030/4792
f 8691/5030/4792 8693/5032/4794 8692/5031/4793
f 8694/5033/4795 8695/5034/4796 8696/5035/4797
f 8696/5035/4797 8697/5036/4798 8694/5033/4795
f 8697/5036/4798 8696/5035/4797 8698/5037/4799
f 8698/5037/4799 8699/5038/4800 8697/5036/4798
f 8700/5039/4801 8698/5037/4799 8696/5035/4797
f 8696/5035/4797 8701/5040/4802 8700/5039/4801
f 8702/5041/4803 8703/5042/4804 8704/5043/4805
f 8704/5043/4805 8705/5044/4806 8702/5041/4803
f 8702/5041/4803 8705/5044/4806 8706/5045/4807
f 8706/5045/4807 8707/5046/4808 8702/5041/4803
f 8708/5047/4809 8707/5046/4808 8706/5045/4807
f 8706/5045/4807 8709/5048/4810 8708/5047/4809
f 8708/5047/4809 8709/5048/4810 8710/5049/4811
f 8710/5049/4811 8711/5050/4812 8708/5047/4809
f 8712/5051/4813 8705/5044/4806 8704/5043/4805
f 8704/5043/4805 8713/5052/4814 8712/5051/4813
f 8714/5053/4815 8711/5050/4812 8710/5049/4811
f 8710/5049/4811 8715/5054/4816 8714/5053/4815
f 8716/5055/4817 8717/5056/4818 8718/5057/4819
f 8718/5057/4819 8719/5058/4820 8716/5055/4817
f 8720/5059/4821 8719/5058/4820 8718/5057/4819
f 8718/5057/4819 8721/5060/4822 8720/5059/4821
f 8720/5059/4821 8721/5060/4822 8722/5061/4823
f 8722/5061/4823 8723/5062/4824 8720/5059/4821
f 8724/5063/4825 8725/5064/4826 8726/5065/4827
f 8726/5065/4827 8727/5066/4828 8724/5063/4825
f 8728/5067/4829 8724/5063/4825 8727/5066/4828
f 8727/5066/4828 8729/5068/4830 8728/5067/4829
f 8730/5069/4831 8729/5068/4830 8727/5066/4828
f 8727/5066/4828 8731/5070/4832 8730/5069/4831
f 8732/5071/4833 8730/5069/4831 8731/5070/4832
f 8731/5070/4832 8727/5066/4828 8726/5065/4827
f 8726/5065/4827 8733/5072/4834 8731/5070/4832
f 8734/5073/4835 8731/5070/4832 8733/5072/4834
f 8731/5070/4832 8734/5073/4835 8732/5071/4833
f 8732/5071/4833 8734/5073/4835 8735/5074/4836
f 8735/5074/4836 8736/5075/4837 8732/5071/4833
f 8733/5072/4834 8737/5076/4838 8734/5073/4835
f 8734/5073/4835 8737/5076/4838 8738/5077/4839
f 8738/5077/4839 8735/5074/4836 8734/5073/4835
f 8739/5078/4840 8740/5079/4841 8741/5080/4842
f 8741/5080/4842 8742/5081/4843 8739/5078/4840
f 8743/5082/4844 8742/5081/4843 8741/5080/4842
f 8741/5080/4842 8744/5083/4845 8743/5082/4844
f 8744/5083/4845 8741/5080/4842 8745/5084/4846
f 8745/5084/4846 8746/5085/4847 8744/5083/4845
f 8746/5085/4847 8745/5084/4846 8747/5086/4848
f 8747/5086/4848 8748/5087/4849 8746/5085/4847
f 8749/5088/4850 8748/5087/4849 8747/5086/4848
f 8747/5086/4848 8750/5089/4851 8749/5088/4850
f 8749/5088/4850 8750/5089/4851 8751/5090/4852
f 8751/5090/4852 8752/5091/4853 8749/5088/4850
f 8753/5092/4854 8752/5091/4853 8751/5090/4852
f 8747/5086/4848 8745/5084/4846 8754/5093/4855
f 8754/5093/4855 8755/5094/4856 8747/5086/4848
f 8747/5086/4848 8755/5094/4856 8756/5095/4857
f 8756/5095/4857 8750/5089/4851 8747/5086/4848
f 8751/5090/4852 8750/5089/4851 8756/5095/4857
f 8756/5095/4857 8757/5096/4858 8751/5090/4852
f 8751/5090/4852 8757/5096/4858 8758/5097/4859
f 8758/5097/4859 8759/5098/4860 8751/5090/4852
f 8751/5090/4852 8759/5098/4860 8753/5092/4854
f 8760/5099/4861 8755/5094/4856 8754/5093/4855
f 8756/5095/4857 8755/5094/4856 8760/5099/4861
f 8760/5099/4861 8761/5100/4862 8756/5095/4857
f 8756/5095/4857 8761/5100/4862 8762/5101/4863
f 8762/5101/4863 8757/5096/4858 8756/5095/4857
f 8754/5093/4855 8763/5102/4864 8760/5099/4861
f 8763/5102/4864 8754/5093/4855 8764/5079/4865
f 8764/5079/4865 8765/5103/4866 8763/5102/4864
f 8763/5102/4864 8765/5103/4866 8766/5104/4867
f 8759/5098/4860 8758/5097/4859 8767/5105/4868
f 8767/5105/4868 8768/5106/4869 8759/5098/4860
f 8769/5107/4870 8768/5106/4869 8767/5105/4868
f 8767/5105/4868 8770/5108/4871 8769/5107/4870
f 8771/5109/4872 8772/5110/4873 8773/5111/4874
f 8773/5111/4874 8774/5112/4875 8771/5109/4872
f 8771/5109/4872 8774/5112/4875 8775/5113/4876
f 8775/5113/4876 8776/5114/4877 8771/5109/4872
f 8771/5109/4872 8776/5114/4877 8777/5115/4878
f 8777/5115/4878 8778/5116/4879 8771/5109/4872
f 8779/5117/4880 8776/5114/4877 8775/5113/4876
f 8777/5115/4878 8776/5114/4877 8779/5117/4880
f 8779/5117/4880 8780/5118/4881 8777/5115/4878
f 8781/5052/4882 8777/5115/4878 8780/5118/4881
f 8780/5118/4881 8782/5119/4883 8781/5052/4882
f 8775/5113/4876 8783/5120/4884 8779/5117/4880
f 8784/5121/4885 8783/5120/4884 8775/5113/4876
f 8775/5113/4876 8785/5122/4886 8784/5121/4885
f 8786/5123/4887 8787/5124/4888 8788/5051/4889
f 8788/5051/4889 8789/5125/4890 8786/5123/4887
f 8790/5078/4891 8791/5126/4892 8792/5127/4893
f 8792/5127/4893 8793/5128/4894 8790/5078/4891
f 8794/5129/4895 8795/5130/4896 8796/5131/4897
f 8796/5131/4897 8797/5132/4898 8794/5129/4895
f 8798/5133/4899 8799/5108/4900 8800/5134/4901
f 8800/5134/4901 8801/5135/4902 8798/5133/4899
f 8798/5133/4899 8801/5135/4902 8802/5136/4903
f 8802/5136/4903 8803/5137/4904 8798/5133/4899
f 8804/5138/4905 8805/5139/4906 8806/5140/4907
f 8806/5140/4907 8807/5141/4908 8804/5138/4905
f 8808/5142/4909 8809/5143/4910 8810/5144/4911
f 8810/5144/4911 8811/5145/4912 8808/5142/4909
f 8812/5146/4913 8813/5147/4914 8814/5148/4915
f 8814/5148/4915 8815/5149/4916 8812/5146/4913
f 8816/5150/4917 8812/5146/4913 8815/5149/4916
f 8815/5149/4916 8817/5151/4918 8816/5150/4917
f 8818/5152/4919 8816/5150/4917 8817/5151/4918
f 8817/5151/4918 8819/5153/4920 8818/5152/4919
f 8820/5154/4921 8821/5155/4922 8822/5156/4923
f 8822/5156/4923 8823/5157/4924 8820/5154/4921
f 8823/5157/4924 8822/5156/4923 8824/5158/4925
f 8824/5158/4925 8825/5159/4926 8823/5157/4924
f 8825/5159/4926 8824/5158/4925 8826/5160/4927
f 8826/5160/4927 8827/5161/4928 8825/5159/4926
f 8827/5161/4928 8826/5160/4927 8828/5162/4929
f 8828/5162/4929 8829/5163/4930 8827/5161/4928
f 8830/5152/4931 8831/5153/4932 8832/5151/4933
f 8832/5151/4933 8833/5150/4934 8830/5152/4931
f 8833/5150/4934 8832/5151/4933 8834/5149/4935
f 8834/5149/4935 8835/5146/4936 8833/5150/4934
f 8835/5146/4936 8834/5149/4935 8836/5148/4937
f 8836/5148/4937 8837/5147/4938 8835/5146/4936
f 8838/5161/4939 8839/5163/4940 8840/5162/4941
f 8840/5162/4941 8841/5164/4942 8838/5161/4939
f 8842/5159/4943 8838/5161/4939 8841/5164/4942
f 8841/5164/4942 8843/5158/4944 8842/5159/4943
f 8844/5157/4945 8842/5159/4943 8843/5158/4944
f 8843/5158/4944 8845/5156/4946 8844/5157/4945
f 8846/5138/4947 8847/5141/4948 8848/5140/4949
f 8848/5140/4949 8849/5139/4950 8846/5138/4947
f 8850/5142/4951 8851/5145/4952 8852/5144/4953
f 8852/5144/4953 8853/5143/4954 8850/5142/4951
f 8854/5165/4955 8855/5166/4956 8856/5167/4957
f 8856/5167/4957 8857/5168/4958 8854/5165/4955
f 8858/5169/4959 8857/5168/4958 8856/5167/4957
f 8856/5167/4957 8859/5170/4960 8858/5169/4959
f 8858/5169/4959 8859/5170/4960 8860/5171/4961
f 8860/5171/4961 8861/5172/4962 8858/5169/4959
f 8862/5173/4963 8863/5174/4964 8864/5175/4965
f 8864/5175/4965 8865/5176/4966 8862/5173/4963
f 8862/5173/4963 8865/5176/4966 8866/5177/4967
f 8866/5177/4967 8867/5178/4968 8862/5173/4963
f 8868/5179/4969 8867/5178/4968 8866/5177/4967
f 8866/5177/4967 8869/5180/4970 8868/5179/4969
f 8870/5181/4971 8871/5182/4972 8872/5183/4973
f 8872/5183/4973 8873/5184/4974 8870/5181/4971
f 8874/5185/4975 8875/5186/4976 8876/5187/4977
f 8876/5187/4977 8877/5188/4978 8874/5185/4975
