# Blender 4.3.2
# www.blender.org
mtllib sketchfablowpolystardestroyer.mtl
o Trench
v -1.220124 -0.332287 1.407860
v -5.169831 -0.470974 0.000014
v 0.531615 -0.490989 2.097500
v 0.566573 -0.466249 -1.966070
v -3.267714 -0.470382 -0.657590
v -3.267714 -0.470023 0.657590
v 0.566573 -0.466249 1.966070
v 0.473601 -0.491069 2.076780
v -2.577214 -0.335480 0.937574
v -1.220124 -0.470683 -1.407860
v -3.221994 -0.470066 0.613212
v -1.220124 -0.469077 1.407860
v -3.267714 -0.331258 0.657590
v -3.221994 -0.316710 0.613212
v -1.220124 -0.336495 -1.407860
v -2.571064 -0.318481 0.851075
v -1.333384 -0.470726 -1.320330
v -1.221934 -0.470666 -1.361060
v 0.536048 -0.333676 2.049600
v -2.571064 -0.319331 -0.851075
v -3.221994 -0.316710 -0.613212
v 0.566572 -0.333367 1.966070
v -1.333384 -0.324284 1.320330
v -1.373204 -0.336418 1.377550
v -3.221994 -0.470526 -0.613212
v -3.267714 -0.329786 -0.657590
v 0.536048 -0.467470 2.049600
v -2.577214 -0.335480 -0.937574
v -2.571064 -0.470275 -0.851075
v -2.577214 -0.468715 -0.937574
v -1.373204 -0.468683 -1.377550
v -1.221934 -0.324103 -1.361060
v 0.566572 -0.345759 -1.966070
v -1.333384 -0.324002 -1.320330
v -1.373204 -0.336418 -1.377550
v -5.169831 -0.326508 0.000014
v -2.571064 -0.469856 0.851075
v 0.536048 -0.333098 -2.049600
v 0.536048 -0.468545 -2.049600
v -2.577214 -0.469695 0.937574
v -1.373204 -0.468994 1.377550
v -1.221934 -0.324385 1.361060
v -1.333384 -0.469696 1.320330
v -1.221934 -0.469636 1.361060
v 0.561139 -0.313411 -1.918850
v 0.911293 -0.290384 -1.922530
v 0.561140 -0.510639 -1.918850
v 0.911255 -0.543019 -1.910860
v 0.911294 -0.283370 -1.910860
v 0.473599 -0.341898 -2.076780
v 0.608750 -0.307471 -1.889220
v 0.608752 -0.525419 -1.889220
v 0.531614 -0.341990 -2.097500
v 0.911256 -0.536719 -1.922530
v 0.561138 -0.307805 -1.907180
v 0.561137 -0.515679 -1.907180
v 0.473600 -0.525649 -1.865650
v 0.473601 -0.307235 -1.865650
v 0.473601 -0.491069 -2.076780
v 0.531615 -0.490989 -2.097500
v 0.561139 -0.313717 1.918850
v 0.911293 -0.290384 1.922530
v 0.561140 -0.510639 1.918850
v 0.911255 -0.543019 1.910860
v 0.911294 -0.283370 1.910860
v 0.473599 -0.342203 2.076780
v 0.608750 -0.307777 1.889220
v 0.608752 -0.525419 1.889220
v 0.531614 -0.342296 2.097500
v 0.911256 -0.536719 1.922530
v 0.561138 -0.308111 1.907180
v 0.561137 -0.515679 1.907180
v 0.473600 -0.525649 1.865650
v 0.473601 -0.307541 1.865650
v 0.297392 0.683864 0.600816
v 0.298590 0.603153 0.004886
v 0.630082 0.854901 0.600816
v 0.705152 0.707532 0.600816
v 0.281795 0.892493 0.004886
v 0.288615 0.835080 0.600816
v 0.288615 0.835080 -0.591044
v 0.630082 0.854901 -0.591044
v 0.297392 0.683864 -0.591044
v 0.705152 0.707532 -0.591044
v 0.736505 0.918887 0.004886
v 0.892369 0.630945 0.004886
v 0.311291 0.892339 -0.014843
v 0.326896 0.837407 -0.601786
v 0.353127 0.843264 -0.556901
v 0.350024 0.896709 -0.001682
v 0.326212 0.828508 -0.596737
v 0.285278 0.826132 -0.596737
v 0.276990 0.890348 -0.014843
v 0.310455 0.906750 -0.014843
v 0.275876 0.892410 -0.001632
v 0.281981 0.882936 -0.006620
v 0.276990 0.890348 0.025657
v 0.276154 0.904759 -0.014843
v 0.276154 0.904759 0.025657
v 0.275039 0.879045 -0.013126
v 0.275877 0.892410 0.010698
v 0.345656 0.886627 0.015736
v 0.348706 0.834080 0.561632
v 0.275039 0.879045 -0.037893
v 0.326212 0.828508 0.605804
v 0.273784 0.900680 -0.013126
v 0.273784 0.900680 -0.037893
v 0.343347 0.883010 -0.013126
v 0.343347 0.883010 -0.037893
v 0.342091 0.904645 -0.013126
v 0.342091 0.904645 -0.037893
v 0.279230 0.834640 0.610853
v 0.326896 0.837406 0.610853
v 0.311291 0.892339 0.025657
v 0.310455 0.906750 0.025657
v 0.275039 0.879045 0.048537
v 0.275039 0.879045 0.023770
v 0.343347 0.883010 0.048537
v 0.343347 0.883010 0.023770
v 0.342091 0.904645 0.048537
v 0.342091 0.904645 0.023770
v 0.273784 0.900680 0.048537
v 0.273784 0.900680 0.023770
v 0.281981 0.882936 0.015687
v 0.285278 0.826132 0.605804
v 0.353127 0.843264 0.565967
v 0.350025 0.896709 0.010749
v 0.348706 0.834080 -0.552566
v 0.345656 0.886627 -0.006670
v 0.279230 0.834640 -0.601786
v 1.045234 0.886444 -0.097250
v 0.447906 0.015485 0.127552
v 1.045260 0.885992 -0.092590
v 1.517386 0.235499 -0.121516
v 0.439036 0.159051 0.132212
v 1.541676 0.080753 0.132212
v 0.439036 0.159051 0.127552
v 0.495802 0.854553 -0.097250
v 1.541676 0.080753 0.127552
v 1.045234 0.886444 0.106759
v 1.533456 0.226798 -0.122703
v 0.504172 0.851694 -0.097897
v 0.439036 0.159050 -0.122703
v 0.504172 0.851694 0.106956
v 0.473701 0.161196 -0.118042
v 1.533456 0.226799 -0.118042
v 0.447977 0.014270 -0.122703
v 1.033045 0.882392 0.106956
v 1.503025 0.110378 -0.117982
v 1.541636 0.083912 -0.118042
v 0.447977 0.014270 -0.118042
v 0.447906 0.015485 0.132212
v 0.449093 0.173490 0.130575
v 1.541636 0.083911 -0.122703
v 1.533456 0.226798 0.127552
v 0.449093 0.173490 -0.121516
v 0.495829 0.854101 0.102099
v 0.495802 0.854553 0.106759
v 1.517386 0.235499 0.130575
v 0.439036 0.159050 -0.118042
v 0.480360 0.053570 0.127552
v 1.033045 0.882392 -0.097897
v 0.458665 0.008584 0.130575
v 0.458665 0.008585 -0.121516
v 1.526236 0.084592 0.130575
v 1.526236 0.084592 -0.121516
v 1.523296 0.117035 -0.000000
v 0.457309 0.031936 -0.000000
v 1.533456 0.226798 0.132212
v 1.024093 0.860610 -0.093478
v 0.495829 0.854101 -0.092589
v 0.517514 0.837139 -0.093260
v 1.497148 0.224551 -0.118042
v 0.483805 0.040492 -0.116269
v 0.471334 0.161051 0.127552
v 1.503383 0.115285 0.127552
v 0.524403 0.831695 0.102985
v 1.045260 0.885992 0.102099
v 1.030915 0.861869 0.102961
v 1.496187 0.224491 0.127552
v -0.965554 -0.120953 -0.691145
v -0.972774 -0.193072 -0.683071
v -0.640294 -0.155383 -0.683088
v -0.923194 -0.237861 -0.891026
v -0.915214 -0.159606 -0.883932
v -0.641034 -0.144588 -0.951566
v -0.649314 -0.086996 -0.691048
v -0.630964 -0.215893 -0.959175
v -0.965554 -0.120953 0.691145
v -0.972774 -0.193072 0.683071
v -0.640294 -0.155383 0.683088
v -0.923194 -0.237861 0.891026
v -0.915214 -0.159606 0.883932
v -0.641034 -0.144588 0.951566
v -0.649314 -0.086996 0.691048
v -0.630964 -0.215893 0.959175
v -0.885244 0.016049 -0.600368
v -1.481144 -0.030797 0.450759
v -1.481144 -0.031078 -0.451203
v -0.877524 -0.169636 -0.639111
v -1.600514 0.045996 -0.000222
v -1.470064 -0.195097 0.489502
v -1.470064 -0.195232 -0.489947
v -1.592644 -0.199029 -0.000222
v -0.885244 0.016487 0.599924
v -0.888904 0.113356 -0.000222
v -0.877524 -0.169423 0.638667
v 1.112345 0.199588 0.755988
v 1.112345 0.198737 -0.756432
v 1.123527 -0.078025 0.756248
v -0.517423 0.111055 -0.738515
v 1.123527 -0.078430 -0.756694
v -0.502652 0.109106 0.755988
v -1.077904 0.223503 -0.000221
v 1.111740 0.210182 -0.758232
v -1.041954 -0.190083 -0.756694
v 1.107460 0.209554 -0.724660
v -1.077284 0.211278 -0.000222
v -0.503257 0.119861 -0.758232
v -1.071334 0.080015 -0.738515
v -1.041954 -0.189862 0.756248
v -1.071334 0.080661 0.738072
v -0.517423 0.111749 0.738072
v 1.101617 0.342311 -0.000222
v -1.056474 0.088668 0.728033
v -1.071944 0.092170 0.739872
v -1.056474 0.088161 -0.724661
v -0.503257 0.120589 0.757788
v -1.062314 0.217112 0.000081
v -1.071944 0.091505 -0.740315
v 1.107460 0.210094 0.730408
v 1.313638 0.349610 -0.000222
v -0.502653 0.108398 -0.756432
v -0.518028 0.123253 0.739871
v -0.518028 0.122540 -0.740315
v 1.313512 0.361851 -0.000222
v 1.111740 0.211053 0.757788
v -1.953434 -0.079016 -0.041390
v -1.580914 -0.118851 -0.067606
v -1.580914 -0.118851 0.067219
v -1.925734 -0.137526 0.067219
v -1.984724 -0.140720 -0.041390
v -1.984724 -0.140720 0.041003
v -1.925734 -0.137526 -0.067606
v -1.584154 -0.059016 0.041002
v -1.584154 -0.059016 -0.041390
v -1.953434 -0.079016 0.041003
v 0.463184 -0.243056 -1.018880
v -0.105727 0.001591 -0.889090
v -0.655274 -0.265428 -0.918478
v -0.648444 -0.028278 -0.889090
v -0.107510 0.043474 -0.657695
v -0.093159 -0.234587 -0.918478
v -0.093159 -0.232163 -0.657695
v -0.647134 -0.053814 -0.901331
v 0.985632 0.076921 -0.667273
v 1.005843 -0.010394 -1.018880
v 0.998128 -0.167150 -0.926201
v 0.998128 -0.162838 -0.665418
v 0.449298 0.026224 -0.681545
v 0.452208 -0.040377 -1.018880
v 1.005287 -0.000122 -1.018880
v 0.451651 -0.030106 -1.018880
v 1.041624 0.059508 -0.681545
v 1.042262 0.047287 -0.681545
v -0.646684 -0.014920 -0.667273
v -0.655704 -0.255996 -0.665418
v 0.449936 0.014001 -0.681545
v 0.987311 0.036013 -0.901331
v 0.450733 -0.008072 -0.889557
v -0.655704 -0.257800 -0.926201
v 0.970823 0.097737 -0.680301
v -0.634294 0.007535 -0.680301
v 0.972440 0.058608 -0.887171
v -0.634564 -0.029851 -0.887172
v 0.988886 -0.000996 -1.018880
v 0.451651 -0.030106 -1.018880
v -0.648094 0.013033 -0.657695
v -0.655264 -0.263852 -0.657695
v 0.987968 0.021507 -0.889557
v 1.000419 -0.213947 -1.018880
v 1.000419 -0.212142 -0.889557
v 0.463184 -0.241734 -0.889557
v 0.463184 -0.243056 1.018880
v -0.105727 0.001591 0.889090
v -0.655274 -0.265428 0.918478
v -0.648444 -0.028278 0.889090
v -0.107510 0.043474 0.657695
v -0.093159 -0.234587 0.918478
v -0.093159 -0.232163 0.657695
v -0.647134 -0.053814 0.901331
v 0.985632 0.076921 0.667273
v 1.005843 -0.010394 1.018880
v 0.998128 -0.167150 0.926201
v 0.998128 -0.162838 0.665418
v 0.449298 0.026224 0.681545
v 0.452208 -0.040377 1.018880
v 1.005287 -0.000122 1.018880
v 0.451651 -0.030106 1.018880
v 1.041624 0.059508 0.681545
v 1.042262 0.047287 0.681545
v -0.646684 -0.014920 0.667273
v -0.655704 -0.255996 0.665418
v 0.449936 0.014001 0.681545
v 0.987311 0.036013 0.901331
v 0.450733 -0.008072 0.889557
v -0.655704 -0.257800 0.926201
v 0.970823 0.097737 0.680301
v -0.634294 0.007535 0.680301
v 0.972440 0.058608 0.887171
v -0.634564 -0.029851 0.887172
v 0.988886 -0.000996 1.018880
v 0.451651 -0.030106 1.018880
v -0.648094 0.013033 0.657695
v -0.655264 -0.263852 0.657695
v 0.987968 0.021507 0.889557
v 1.000419 -0.213947 1.018880
v 1.000419 -0.212142 0.889557
v 0.463184 -0.241734 0.889557
v -3.105004 -0.625728 -0.047809
v -3.166364 -0.645258 0.000000
v -3.114194 -0.616648 -0.100498
v -3.143214 -0.615008 -0.100498
v -3.153604 -0.618198 0.077314
v -3.165304 -0.626328 -0.023221
v -3.105444 -0.633478 0.000000
v -3.166134 -0.641108 -0.025623
v -3.154444 -0.632978 -0.079717
v -3.115034 -0.631428 -0.102900
v -3.144044 -0.629798 -0.102900
v -3.115384 -0.637688 -0.064261
v -3.160704 -0.626238 -0.025328
v -3.114554 -0.622908 -0.061859
v -3.149334 -0.633038 -0.081122
v -3.157264 -0.637838 -0.048806
v -3.160774 -0.636618 -0.055129
v -3.105844 -0.640508 -0.050211
v -3.161534 -0.641028 -0.027731
v -3.159944 -0.621828 -0.052726
v -3.156434 -0.623058 -0.046404
v -3.148504 -0.618248 -0.078720
v -3.153604 -0.618198 -0.077314
v -3.148504 -0.618248 0.078720
v -3.105004 -0.625728 0.047809
v -3.106304 -0.648648 0.000000
v -3.114194 -0.616648 0.100498
v -3.143214 -0.615008 0.100498
v -3.165514 -0.630088 0.000000
v -3.165304 -0.626328 0.023221
v -3.156434 -0.623058 0.046404
v -3.166134 -0.641108 0.025623
v -3.154444 -0.632978 0.079717
v -3.115034 -0.631428 0.102900
v -3.144044 -0.629798 0.102900
v -3.115384 -0.637688 0.064261
v -3.160704 -0.626238 0.025328
v -3.114554 -0.622908 0.061859
v -3.149334 -0.633038 0.081122
v -3.157264 -0.637838 0.048806
v -3.160774 -0.636618 0.055129
v -3.105844 -0.640508 0.050211
v -3.161534 -0.641028 0.027731
v -3.159944 -0.621828 0.052726
v -2.901524 -0.642268 0.111536
v -2.901524 -0.662118 -0.000005
v -3.100384 -0.582848 -0.102612
v -3.100384 -0.631588 -0.102612
v -3.100384 -0.649858 -0.000005
v -3.100384 -0.631588 0.102602
v -2.909824 -0.661608 -0.000005
v -2.909824 -0.643348 0.102602
v -2.909824 -0.593568 -0.102612
v -3.108684 -0.629488 0.111536
v -3.108684 -0.569678 0.111536
v -3.108684 -0.569678 -0.111547
v -2.909824 -0.643348 -0.102612
v -3.108684 -0.629488 -0.111547
v -2.901524 -0.569678 -0.111547
v -2.901524 -0.642268 -0.111547
v -3.108684 -0.649338 -0.000005
v -2.901524 -0.569678 0.111536
v -2.909824 -0.593568 0.102602
v -2.909824 -0.593568 -0.000005
v -3.100384 -0.582848 -0.000005
v -3.100384 -0.582848 0.102602
v -2.893644 -0.639518 0.047809
v -2.894954 -0.662428 0.000000
v -2.883484 -0.631528 0.100498
v -2.854474 -0.633188 0.100498
v -2.844504 -0.637528 -0.077314
v -2.833804 -0.646928 0.023221
v -2.894084 -0.647258 0.000000
v -2.834654 -0.661708 0.025623
v -2.845344 -0.652308 0.079717
v -2.884324 -0.646318 0.102900
v -2.855314 -0.647968 0.102900
v -2.884684 -0.652568 0.064261
v -2.838364 -0.646328 0.025328
v -2.883844 -0.637788 0.061859
v -2.850424 -0.651788 0.081122
v -2.843094 -0.657458 0.048806
v -2.839464 -0.656638 0.055129
v -2.894484 -0.654298 0.050211
v -2.839214 -0.661108 0.027731
v -2.838624 -0.641858 0.052726
v -2.842244 -0.642678 0.046404
v -2.849584 -0.637008 0.078720
v -2.844504 -0.637528 0.077314
v -2.834884 -0.665858 0.000000
v -2.893644 -0.639518 -0.047809
v -2.849584 -0.637008 -0.078720
v -2.883484 -0.631528 -0.100498
v -2.854474 -0.633188 -0.100498
v -2.834024 -0.650688 0.000000
v -2.833804 -0.646928 -0.023221
v -2.842244 -0.642678 -0.046404
v -2.834654 -0.661708 -0.025623
v -2.845344 -0.652308 -0.079717
v -2.884324 -0.646318 -0.102900
v -2.855314 -0.647968 -0.102900
v -2.884684 -0.652568 -0.064261
v -2.838364 -0.646328 -0.025328
v -2.883844 -0.637788 -0.061859
v -2.850424 -0.651788 -0.081122
v -2.843094 -0.657458 -0.048806
v -2.839464 -0.656638 -0.055129
v -2.894484 -0.654298 -0.050211
v -2.839214 -0.661108 -0.027731
v -2.838624 -0.641858 -0.052726
v -3.235724 -0.638206 0.111569
v -2.574104 -0.566848 0.390747
v -2.758414 -0.563848 0.341107
v -2.576814 -0.677396 0.118478
v -3.194254 -0.620556 0.232641
v -2.935324 -0.565428 0.266725
v -3.191544 -0.556658 0.225250
v -3.233014 -0.574318 0.104178
v -2.963864 -0.624396 0.294122
v -2.765024 -0.568358 0.311631
v -2.938034 -0.629316 0.274116
v -2.961154 -0.560508 0.286731
v -2.767744 -0.632246 0.319022
v -2.574104 -0.613498 0.111087
v -2.761124 -0.627736 0.348498
v -2.576814 -0.630736 0.398138
v -3.235724 -0.638206 -0.111569
v -2.574104 -0.566848 -0.390747
v -2.758414 -0.563848 -0.341107
v -2.576814 -0.677396 -0.118478
v -3.194254 -0.620556 -0.232641
v -2.935324 -0.565428 -0.266725
v -3.191544 -0.556658 -0.225250
v -3.233014 -0.574318 -0.104178
v -2.963864 -0.624396 -0.294122
v -2.765024 -0.568358 -0.311631
v -2.938034 -0.629316 -0.274116
v -2.961154 -0.560508 -0.286731
v -2.767744 -0.632246 -0.319022
v -2.574104 -0.613498 -0.111087
v -2.761124 -0.627736 -0.348498
v -2.576814 -0.630736 -0.398138
v -2.475924 -0.506948 -0.308015
v -1.716704 -0.554118 -0.308015
v -2.516314 -0.494648 -0.345010
v -1.676304 -0.729418 -0.000008
v -2.475894 -0.680088 -0.000008
v -2.475924 -0.629138 -0.308014
v -1.676304 -0.494648 0.344990
v -1.716694 -0.554108 0.307998
v -2.475914 -0.629138 0.307997
v -1.716704 -0.675978 -0.308014
v -2.475924 -0.506948 0.307995
v -1.676304 -0.672348 0.344992
v -2.516314 -0.677588 -0.000008
v -1.716694 -0.675978 0.307998
v -1.716694 -0.726928 -0.000008
v -2.516314 -0.620528 0.344991
v -2.516314 -0.494648 0.344990
v -2.516314 -0.620528 -0.345009
v -1.676304 -0.672358 -0.345009
v -1.676304 -0.494648 -0.345010
v -1.581504 -0.689003 0.426974
v -1.603734 -0.689358 -0.000000
v -0.083345 -0.808834 0.342783
v 1.262238 -0.876714 0.465567
v 1.190103 -0.878494 0.432080
v -1.648654 -0.702704 -0.334990
v -1.136824 -0.751444 0.267062
v -1.157824 -0.740984 -0.312347
v -0.730844 -0.795414 0.186508
v -1.627614 -0.654988 0.165509
v -1.602114 -0.662628 0.135791
v -1.003194 -0.759234 0.274138
v 0.038205 -0.771599 0.156024
v -1.630474 -0.736014 -0.173665
v -1.052334 -0.761204 0.247250
v 0.401578 -0.877844 0.164179
v 0.404441 -0.796819 0.156023
v -1.154964 -0.660008 0.304191
v 1.200006 -0.839384 0.629286
v 1.264570 -0.795503 0.462056
v 1.185025 -0.881499 0.000009
v -1.645784 -0.621728 0.326834
v 1.202525 -0.758403 0.627437
v 1.192964 -0.797589 0.423923
v -0.080483 -0.727879 0.334626
v -0.446718 -0.702679 0.334627
v -1.000334 -0.678248 0.265982
v -1.049474 -0.680199 0.239094
v -0.558073 -0.726099 0.178352
v -0.449580 -0.783644 0.342784
v 0.035345 -0.852614 0.164181
v -1.604974 -0.743664 0.143947
v -0.560937 -0.807114 -0.186507
v -1.133964 -0.670448 0.258906
v -1.578634 -0.608078 0.418818
v -1.630474 -0.736014 0.173665
v -1.157824 -0.740984 0.312347
v -1.648654 -0.702704 0.334990
v -0.727974 -0.714399 0.178352
v -0.560937 -0.807114 0.186507
v -1.581504 -0.689003 -0.426974
v -0.727974 -0.714399 -0.178352
v -0.083345 -0.808834 -0.342783
v 1.262238 -0.876714 -0.465567
v 1.190103 -0.878494 -0.432080
v -1.606694 -0.772014 -0.000000
v -1.136824 -0.751444 -0.267062
v -1.133964 -0.670448 -0.258906
v -0.730844 -0.795414 -0.186508
v -1.627614 -0.654988 -0.165509
v -1.602114 -0.662628 -0.135791
v -1.003194 -0.759234 -0.274138
v 0.038205 -0.771599 -0.156024
v 1.185241 -0.964364 -0.000008
v -1.052334 -0.761204 -0.247250
v 0.401578 -0.877844 -0.164179
v 0.404441 -0.796819 -0.156023
v -1.154964 -0.660008 -0.304191
v 1.200006 -0.839384 -0.629286
v 1.264570 -0.795503 -0.462056
v -1.578634 -0.608078 -0.418818
v -1.645784 -0.621728 -0.326834
v 1.202525 -0.758403 -0.627437
v 1.192964 -0.797589 -0.423923
v -0.080483 -0.727879 -0.334626
v -0.446718 -0.702679 -0.334627
v -1.000334 -0.678248 -0.265982
v -1.049474 -0.680199 -0.239094
v -0.558073 -0.726099 -0.178352
v -0.449580 -0.783644 -0.342784
v 0.035345 -0.852614 -0.164181
v -1.604974 -0.743664 -0.143947
v 1.225297 -0.204652 -0.456592
v 1.225297 -0.202391 -0.472320
v 1.225297 -0.208992 -0.486774
v 1.225297 -0.222359 -0.495364
v 1.225297 -0.238249 -0.495364
v 1.225297 -0.251616 -0.486774
v 1.225297 -0.258217 -0.472320
v 1.225297 -0.255956 -0.456592
v 1.225297 -0.245550 -0.444583
v 1.253113 -0.230304 -0.440106
v 1.253113 -0.215058 -0.444583
v 1.253113 -0.204652 -0.456592
v 1.253113 -0.202391 -0.472320
v 1.253113 -0.208992 -0.486774
v 1.253113 -0.222359 -0.495364
v 1.253113 -0.238249 -0.495364
v 1.253113 -0.251616 -0.486774
v 1.253113 -0.258217 -0.472320
v 1.253113 -0.255956 -0.456592
v 1.253113 -0.245550 -0.444583
v 1.253113 -0.230304 -0.420491
v 1.253113 -0.204453 -0.428082
v 1.253113 -0.186810 -0.448443
v 1.253113 -0.182976 -0.475111
v 1.253113 -0.194168 -0.499619
v 1.225297 -0.215058 -0.444583
v 1.225297 -0.230304 -0.468306
v 1.040361 -0.230304 -0.391799
v 1.225297 -0.230304 -0.440106
v 1.040361 -0.271667 -0.403944
v 1.156441 -0.271667 -0.403944
v 1.040361 -0.299898 -0.436524
v 1.156441 -0.299898 -0.436524
v 1.040361 -0.306033 -0.479195
v 1.156441 -0.306033 -0.479195
v 1.040361 -0.288125 -0.518408
v 1.156441 -0.288125 -0.518408
v 1.040361 -0.251859 -0.541715
v 1.156441 -0.251859 -0.541715
v 1.040361 -0.208749 -0.541715
v 1.156441 -0.208749 -0.541715
v 1.040361 -0.172483 -0.518408
v 1.156441 -0.172483 -0.518408
v 1.040361 -0.154575 -0.479195
v 1.156441 -0.154575 -0.479195
v 1.040361 -0.160710 -0.436524
v 1.156441 -0.160710 -0.436524
v 1.040361 -0.188941 -0.403944
v 1.156441 -0.188941 -0.403944
v 1.156441 -0.230304 -0.391799
v 1.288479 -0.295788 -0.366412
v 1.288479 -0.340481 -0.417990
v 1.288479 -0.350194 -0.485544
v 1.288479 -0.321842 -0.547625
v 1.288479 -0.264428 -0.584523
v 1.288479 -0.196180 -0.584523
v 1.288479 -0.138766 -0.547625
v 1.288479 -0.110415 -0.485544
v 1.288479 -0.120127 -0.417990
v 1.288479 -0.164820 -0.366412
v 1.288479 -0.230304 -0.347184
v 1.209919 -0.272840 -0.402120
v 1.209919 -0.301871 -0.435623
v 1.209919 -0.308179 -0.479503
v 1.209919 -0.289764 -0.519828
v 1.209919 -0.252470 -0.543796
v 1.209919 -0.208138 -0.543796
v 1.209919 -0.170845 -0.519828
v 1.209919 -0.152429 -0.479503
v 1.209919 -0.158738 -0.435623
v 1.209919 -0.187769 -0.402120
v 1.209919 -0.230304 -0.389630
v 1.209919 -0.256155 -0.428082
v 1.209919 -0.273798 -0.448443
v 1.209919 -0.277632 -0.475111
v 1.209919 -0.266440 -0.499619
v 1.209919 -0.243775 -0.514185
v 1.209919 -0.216833 -0.514185
v 1.209919 -0.194168 -0.499619
v 1.209919 -0.182976 -0.475111
v 1.209919 -0.186810 -0.448443
v 1.209919 -0.204453 -0.428082
v 1.209919 -0.230304 -0.420491
v 1.253113 -0.256155 -0.428082
v 1.253113 -0.273798 -0.448443
v 1.253113 -0.277632 -0.475111
v 1.253113 -0.266440 -0.499619
v 1.253113 -0.243775 -0.514185
v 1.253113 -0.216833 -0.514185
v -0.937574 0.278428 0.102715
v -0.981424 0.276034 0.102717
v -0.981414 0.276034 -0.103159
v -0.932354 0.181249 0.102715
v -1.031004 0.175863 0.102720
v -1.030994 0.175864 -0.103157
v -0.932344 0.181249 -0.103162
v -0.937574 0.278428 -0.103162
v -1.032874 0.210646 0.102720
v -1.032864 0.210647 -0.103157
v -0.930764 0.242761 -0.468748
v -0.515480 0.267067 0.468092
v -0.927854 0.256249 -0.458207
v -0.923834 0.107809 -0.468748
v -0.506691 0.131649 -0.468748
v -0.927854 0.256766 0.459075
v -0.923834 0.108243 0.468092
v -0.508126 0.358792 0.000707
v -0.930764 0.243328 0.468092
v -0.484408 0.139176 0.000086
v -0.525134 0.266493 -0.458207
v -0.930884 0.243308 -0.458207
v -0.495370 0.355458 0.000086
v -0.507464 0.345728 0.000707
v -0.527081 0.266908 0.459075
v -0.927194 0.243847 0.459075
v -0.953324 0.319939 -0.001191
v -0.527744 0.279827 0.459075
v -0.513619 0.266584 -0.468748
v -0.508552 0.132000 0.468092
v -0.956084 0.328812 -0.001728
v -0.945124 0.112492 -0.001728
v -0.525797 0.279400 -0.458207
v 0.912659 0.238297 -0.542631
v -0.551161 0.305200 -0.511087
v 0.904036 0.406003 -0.507323
v -0.551378 0.308898 -0.521161
v 0.906937 0.391886 -0.521029
v 0.899608 0.485985 -0.000003
v -0.543457 0.155337 0.542631
v -0.552080 0.323082 0.507323
v -0.552080 0.323082 -0.507323
v -0.543457 0.155337 -0.542631
v -0.572921 0.416405 -0.000000
v 0.907365 0.390565 -0.512486
v 0.907365 0.390565 0.512486
v 0.911707 0.247461 -0.000000
v 1.041446 0.509693 -0.000003
v 0.912659 0.238297 0.542631
v -0.551161 0.305200 0.511087
v 0.904036 0.406003 0.507323
v -0.551378 0.308898 0.521161
v 0.906937 0.391886 0.521029
v 1.042188 0.495072 0.000006
v -0.560036 0.162264 -0.000000
v 0.395812 0.456480 0.148972
v -0.317055 0.432194 0.027364
v 0.513944 0.418016 0.387886
v -0.437419 0.407328 -0.053461
v 0.020000 0.441977 -0.101324
v 0.374007 0.475435 0.005975
v 0.905662 0.506149 0.005975
v 0.206676 0.471380 -0.000010
v 0.371770 0.424416 0.152507
v 0.468996 0.424148 0.187297
v 0.816869 0.435381 0.387886
v 0.836612 0.402748 0.408649
v 0.395821 0.456075 -0.149115
v 0.487102 0.455650 -0.181758
v 0.371778 0.424004 -0.152547
v 0.498891 0.381727 -0.408543
v 0.348489 0.445603 -0.000712
v 0.931138 0.479269 -0.000712
v 0.816921 0.433769 -0.387893
v 0.221939 0.411746 -0.350715
v 0.019710 0.448104 0.060675
v 0.397163 0.460750 -0.142981
v -0.204669 0.412196 0.058851
v -0.432052 0.422299 0.052600
v 0.291581 0.427996 -0.096940
v 0.209389 0.437692 -0.000009
v -0.141580 0.414932 0.223695
v 0.479071 0.441811 -0.077363
v 0.522272 0.446880 0.060924
v 0.299368 0.425430 -0.116518
v -0.511626 0.415632 -0.075376
v -0.141601 0.415036 -0.222167
v 0.291581 0.428142 0.096922
v -0.332982 0.431232 -0.027382
v 0.513996 0.416417 -0.387892
v -0.198277 0.436157 -0.056268
v 0.931156 0.478909 0.000600
v 0.478951 0.444377 0.060924
v -0.532183 0.421260 -0.030897
v 0.152927 0.388258 -0.376979
v 0.338602 0.424276 -0.138460
v 0.398398 0.437269 0.077344
v 0.207056 0.463803 0.052183
v 0.373989 0.475767 -0.006185
v 0.479071 0.441931 0.077344
v -0.140491 0.389854 -0.356387
v 0.338239 0.431957 -0.088659
v -0.132129 0.374135 0.365108
v 0.905644 0.506480 -0.006185
v -0.311147 0.414704 0.053443
v -0.514514 0.402907 -0.062736
v 0.520592 0.479841 -0.065464
v -0.484619 0.401587 0.082428
v -0.438372 0.390986 0.260482
v -0.403498 0.399831 0.223695
v -0.316919 0.428953 0.052600
v 0.218458 0.457062 0.101443
v 0.314677 0.459428 -0.121040
v -0.370419 0.429231 0.026415
v -0.501390 0.424369 -0.019568
v -0.432219 0.425659 0.026415
v 0.297619 0.460090 0.111548
v 0.478951 0.444283 -0.060942
v -0.432219 0.425619 -0.026434
v 0.025299 0.424564 -0.064709
v 0.025617 0.417955 -0.107270
v -0.493548 0.422990 -0.034216
v 0.522272 0.446785 -0.060942
v 0.207056 0.463721 -0.052201
v 0.158902 0.433936 0.214595
v 0.206700 0.471381 -0.000009
v 0.152971 0.387893 0.378412
v 0.498835 0.383399 0.408649
v 0.221021 0.433100 0.238410
v 0.221980 0.411437 0.352192
v 0.338239 0.432092 0.088641
v -0.493240 0.416694 -0.075376
v 0.336922 0.457274 -0.142981
v 0.398843 0.427754 -0.138460
v 0.160174 0.404607 -0.369245
v 0.289901 0.461029 -0.101462
v 0.487088 0.456223 0.181632
v 0.220137 0.423869 -0.096940
v -0.198472 0.444597 -0.000222
v -0.311147 0.414625 -0.053461
v 0.477271 0.477338 -0.065464
v 0.520592 0.479947 0.065445
v -0.530151 0.417430 0.056788
v 0.836668 0.401060 -0.408543
v 0.104001 0.452974 0.060675
v 0.229718 0.420992 0.228187
v -0.497409 0.427737 0.015021
v -0.445502 0.363769 0.325554
v 0.336922 0.457498 0.142962
v -0.204669 0.412107 -0.059295
v 0.299300 0.427051 0.107027
v -0.389886 0.414022 -0.023097
v 0.398843 0.427964 0.138441
v -0.140450 0.389522 0.357862
v -0.409406 0.387247 -0.210341
v -0.328928 0.420495 -0.000009
v -0.496024 0.423349 -0.030897
v -0.370418 0.429191 -0.026434
v -0.446131 0.377442 -0.252382
v -0.493240 0.416694 0.075376
v -0.498736 0.415964 -0.078031
v -0.317055 0.432152 -0.027382
v 0.314677 0.459618 0.121021
v 0.396718 0.470197 -0.081884
v -0.437878 0.379411 -0.321750
v -0.390033 0.416963 -0.000009
v -0.515413 0.417669 -0.060771
v 0.158882 0.434018 -0.213065
v -0.521240 0.400252 0.027307
v -0.511626 0.415632 0.075376
v -0.509409 0.400154 0.082428
v 0.230765 0.396803 -0.355939
v 0.316357 0.426587 0.116500
v -0.501390 0.424398 0.019549
v 0.229697 0.421101 -0.226696
v -0.496024 0.423349 0.030897
v -0.488373 0.410551 0.022458
v -0.532183 0.421260 0.030897
v -0.537126 0.407733 0.022458
v 0.111317 0.439307 -0.000222
v 0.289975 0.459648 0.111548
v 0.151460 0.421525 -0.199645
v -0.534386 0.402584 0.057366
v 0.316154 0.430816 0.088641
v -0.396994 0.375137 -0.356387
v -0.535218 0.420481 0.034880
v -0.541218 0.406687 0.027828
v -0.437843 0.379127 0.323239
v 0.291655 0.426609 0.107027
v -0.437419 0.407406 0.053443
v -0.446106 0.377272 0.253864
v -0.409388 0.387151 0.211838
v -0.133420 0.403068 0.211838
v 0.297619 0.459915 -0.111566
v -0.396954 0.374794 0.357862
v -0.316919 0.428873 -0.052618
v -0.432052 0.422221 -0.052618
v 0.151478 0.421460 0.201147
v -0.437613 0.411298 0.023079
v -0.492029 0.400601 -0.086008
v -0.535218 0.420481 -0.034880
v 0.477271 0.477444 0.065445
v -0.515413 0.417669 0.060771
v 0.297688 0.458637 0.121021
v 0.220998 0.433221 -0.236889
v -0.402394 0.358621 0.365108
v -0.205095 0.421007 -0.000222
v -0.395443 0.430522 0.019549
v 0.219779 0.431291 -0.047680
v -0.373267 0.408806 0.027307
v 0.220138 0.424014 0.096922
v -0.534386 0.402584 -0.057366
v -0.437613 0.411264 -0.023098
v 0.218099 0.464441 0.052183
v 0.396718 0.470327 0.081865
v -0.399738 0.433382 0.015021
v -0.399738 0.433359 -0.015039
v 0.025617 0.418118 0.106826
v 0.477391 0.474988 0.081865
v -0.498736 0.415964 0.078031
v -0.445538 0.364065 -0.324101
v 0.160217 0.404264 0.370715
v -0.402435 0.358985 -0.363669
v -0.370587 0.432561 -0.000010
v 0.218099 0.464359 -0.052201
v 0.477391 0.474856 -0.081884
v 0.219779 0.431363 0.047661
v 0.336559 0.465144 0.093162
v 0.299369 0.425605 0.116500
v -0.484619 0.401587 -0.082428
v 0.316154 0.430682 -0.088659
v 0.103415 0.462043 -0.000222
v -0.509409 0.400154 -0.082428
v 0.208389 0.437634 -0.000010
v 0.398398 0.437151 -0.077363
v -0.485034 0.410070 -0.026933
v -0.488373 0.410551 -0.022458
v -0.537126 0.407733 -0.022458
v -0.541218 0.406687 -0.027828
v -0.373267 0.408766 -0.027326
v -0.328774 0.417456 0.024120
v 0.020000 0.442136 0.100881
v -0.389886 0.414056 0.023079
v -0.395443 0.430492 -0.019568
v 0.291654 0.426448 -0.107045
v 0.314474 0.463868 0.093162
v -0.485034 0.410070 0.026933
v -0.403517 0.399942 -0.222168
v -0.530151 0.417430 -0.056788
v 0.289975 0.459473 -0.111566
v -0.133439 0.403158 -0.210341
v -0.521240 0.400213 -0.027326
v -0.132170 0.374488 -0.363669
v 0.208736 0.430653 -0.047680
v 0.397163 0.460976 0.142963
v 0.469012 0.423560 -0.187318
v -0.333157 0.434724 -0.000009
v 0.521738 0.455744 -0.000009
v -0.332982 0.431274 0.027364
v 0.025299 0.424663 0.064265
v -0.328774 0.417420 -0.024138
v 0.208736 0.430724 0.047661
v 0.316357 0.426411 -0.116518
v 0.299300 0.426889 -0.107045
v -0.497409 0.427714 -0.015039
v 0.314474 0.463721 -0.093181
v 0.297688 0.458447 -0.121040
v 0.520018 0.489484 -0.000010
v -0.311307 0.418466 0.024120
v 0.348508 0.445242 0.000600
v -0.438397 0.391161 -0.258970
v 0.230807 0.396477 0.357381
v -0.514514 0.402907 0.062736
v -0.493548 0.422990 0.034216
v -0.311307 0.418430 -0.024138
v 0.336559 0.464996 -0.093181
v 0.218458 0.456904 -0.101462
v -0.198277 0.436245 0.055824
v 0.019710 0.448007 -0.061119
v -0.492029 0.400601 0.086008
v 0.111807 0.429563 -0.064709
v 0.104001 0.452877 -0.061119
v 0.111807 0.429663 0.064265
v 0.338602 0.424485 0.138441
v 0.289901 0.461189 0.101443
v -0.757624 0.344136 0.046167
v -0.714174 0.353012 0.020547
v -0.695664 0.333127 -0.000139
v -0.731134 0.335099 -0.019871
v -0.727834 0.349312 0.021586
v -0.723564 0.355603 -0.009846
v -0.711344 0.351364 -0.012950
v -0.574570 0.408361 0.000234
v -0.733704 0.327705 0.028576
v -0.724234 0.350625 -0.012950
v -0.724463 0.352747 0.016596
v -0.760404 0.343976 0.046167
v -0.559071 0.325915 0.233294
v -0.695494 0.329905 -0.024441
v -0.570437 0.325265 0.233294
v -0.573204 0.380150 0.186301
v -0.558305 0.311045 0.231092
v -0.628064 0.342449 -0.000109
v -0.617664 0.330050 -0.056401
v -0.841634 0.341693 -0.027170
v -0.727274 0.338303 -0.000101
v -0.676324 0.346113 0.027720
v -0.796564 0.343643 0.033876
v -0.773924 0.330057 -0.036866
v -0.765904 0.330517 -0.036866
v -0.623594 0.349016 0.028718
v -0.722594 0.318629 0.014479
v -0.587472 0.336093 0.028577
v -0.626764 0.315715 0.177253
v -0.623454 0.345744 0.055243
v -0.737404 0.342610 0.027720
v -0.825854 0.341559 -0.033980
v -0.626654 0.313621 -0.177773
v -0.569534 0.307667 -0.231709
v -0.569672 0.310395 0.231092
v -0.795844 0.329515 -0.032181
v -0.731834 0.348825 -0.021669
v -0.840934 0.327967 -0.025372
v -0.723124 0.326494 -0.014129
v -0.774654 0.344238 0.038554
v -0.759694 0.330232 0.044218
v -0.613724 0.362022 0.015803
v -0.627524 0.330611 0.179455
v -0.724452 0.352569 -0.013987
v -0.760374 0.343427 -0.046290
v -0.709714 0.319368 0.014480
v -0.737384 0.342282 -0.027870
v -0.759674 0.329676 0.048141
v -0.613714 0.361834 -0.015816
v -0.742664 0.327199 -0.024441
v -0.757654 0.344728 0.041983
v -0.759674 0.329706 -0.044491
v -0.757634 0.344228 -0.042099
v -0.795864 0.329895 0.031928
v -0.760374 0.343420 0.050090
v -0.710254 0.356487 0.015802
v -0.765814 0.328751 -0.048420
v -0.825214 0.329168 0.025128
v -0.773804 0.327571 0.057226
v -0.825144 0.327836 -0.032181
v -0.695514 0.330191 0.024130
v -0.825164 0.328214 0.031927
v -0.742674 0.327486 0.024130
v -0.635114 0.333522 0.025224
v -0.639504 0.351598 -0.000055
v -0.841814 0.345785 -0.000025
v -0.617854 0.334512 0.025225
v -0.676494 0.349476 -0.000055
v -0.561847 0.380800 0.186301
v -0.796354 0.339357 -0.059318
v -0.639334 0.348113 0.028718
v -0.825914 0.342917 0.027077
v -0.825874 0.341962 0.033876
v -0.765844 0.329322 0.048141
v -0.825194 0.328869 -0.025372
v -0.742444 0.322894 -0.056402
v -0.609474 0.359017 0.020548
v -0.766624 0.344698 0.038554
v -0.825904 0.342595 -0.027170
v -0.730974 0.331995 -0.040300
v -0.765924 0.330952 0.036606
v -0.711354 0.351526 0.014655
v -0.635274 0.336591 -0.000138
v -0.840954 0.328265 0.025128
v -0.796384 0.340059 0.059174
v -0.733694 0.327365 -0.028891
v -0.773944 0.330492 0.036605
v -0.774464 0.340610 -0.059318
v -0.774504 0.341313 0.059174
v -0.623424 0.345088 -0.055430
v -0.558166 0.308317 -0.231709
v -0.774624 0.343780 -0.038665
v -0.756954 0.330982 0.040035
v -0.731144 0.335333 0.019638
v -0.573092 0.377929 -0.186153
v -0.561735 0.378579 -0.186152
v -0.841094 0.331775 -0.000102
v -0.766514 0.342471 -0.050219
v -0.635104 0.333222 -0.025535
v -0.627414 0.328487 -0.179812
v -0.563220 0.409009 0.000235
v -0.795644 0.325638 -0.057520
v -0.712524 0.356237 -0.009846
v -0.714164 0.352768 -0.020598
v -0.728504 0.326363 0.016456
v -0.756924 0.330506 -0.040300
v -0.729841 0.352260 -0.013987
v -0.756894 0.329866 -0.044491
v -0.570298 0.322505 -0.233747
v -0.757594 0.343587 -0.046289
v -0.724244 0.350788 0.014655
v -0.731674 0.345717 -0.042098
v -0.623574 0.348675 -0.028867
v -0.766604 0.344240 -0.038665
v -0.727124 0.335329 -0.019871
v -0.795684 0.326317 0.057226
v -0.729851 0.352439 0.016596
v -0.709704 0.319207 -0.013125
v -0.710244 0.356299 -0.015817
v -0.760344 0.342825 -0.050218
v -0.712524 0.356363 0.011605
v -0.766544 0.343066 0.050089
v -0.676314 0.345784 -0.027869
v -0.723574 0.355729 0.011605
v -0.617694 0.330715 0.056047
v -0.727824 0.349055 -0.021669
v -0.731844 0.349082 0.021586
v -0.731704 0.346216 0.041983
v -0.609464 0.358772 -0.020597
v -0.587455 0.335753 -0.028889
v -0.841654 0.342014 0.027077
v -0.617844 0.334212 -0.025535
v -0.737234 0.339219 0.055242
v -0.728504 0.326185 -0.014129
v -0.727994 0.352313 -0.000024
v -0.742484 0.323558 0.056045
v -0.731004 0.332471 0.040035
v -0.759644 0.329105 -0.048420
v -0.639314 0.347772 -0.028868
v -0.796544 0.343239 -0.033980
v -0.773764 0.326892 -0.057520
v -0.558930 0.323155 -0.233747
v -0.737204 0.338564 -0.055431
v -0.723134 0.326672 0.016456
v -0.727134 0.335564 0.019638
v -0.756924 0.330391 0.044219
v -0.628854 0.357697 -0.000025
v -0.722584 0.318468 -0.013125
v -1.246394 -0.349655 -1.518160
v -3.329984 -0.348401 0.761660
v 0.805492 -0.351699 -2.262630
v -1.246714 -0.333306 -1.427990
v -1.419224 -0.349519 -1.455410
v -5.311873 -0.347981 -0.042090
v -2.597884 -0.330013 -0.925382
v -3.330874 -0.354948 0.762512
v -5.311873 -0.354578 -0.043265
v -1.246714 -0.339522 -1.427990
v -2.597594 -0.355258 -1.028750
v -1.420034 -0.355938 -1.456290
v -1.356284 -0.332963 1.387230
v -3.249914 -0.335318 -0.685015
v -3.249914 -0.328977 -0.685015
v 0.810173 -0.357889 -2.265510
v -1.246394 -0.356068 1.519330
v -1.355934 -0.339158 -1.386850
v -2.597884 -0.336324 -0.925382
v -2.597594 -0.348747 -1.027570
v -1.356284 -0.332963 -1.387230
v -1.246394 -0.356068 -1.519330
v -3.330874 -0.354948 -0.762512
v -3.329984 -0.348401 -0.761660
v -1.246394 -0.349655 1.518160
v -5.311873 -0.346614 -0.000015
v 0.805492 -0.351699 2.262630
v -1.246714 -0.333306 1.427990
v -1.419224 -0.349519 1.455410
v -5.311873 -0.347981 0.042090
v -2.597884 -0.330013 0.925382
v -5.311873 -0.340236 -0.000015
v -5.311873 -0.354578 0.043265
v -1.246714 -0.339522 1.427990
v -2.597594 -0.355258 1.028750
v -1.420034 -0.355938 1.456290
v 1.598506 0.105964 -0.000014
v -3.249914 -0.335318 0.685015
v -3.249914 -0.328977 0.685015
v 0.810173 -0.357889 2.265510
v 1.592696 0.111953 -0.000014
v -1.355934 -0.339158 1.386850
v -2.597884 -0.336324 0.925382
v -2.597594 -0.348747 1.027570
v -3.315812 -0.209511 -0.000015
v -1.347671 -0.080615 -0.000014
v -2.597884 -0.336324 0.925382
v -1.355934 -0.339158 1.386850
v -0.855863 -0.287601 1.282978
v -3.249914 -0.335318 0.685015
v 1.598506 0.105964 -0.000014
v -1.420034 -0.355938 1.456290
v -2.597594 -0.355258 1.028750
v -3.330874 -0.354948 0.762512
v -5.311873 -0.354578 -0.043265
v -1.246714 -0.339522 -1.427990
v -2.597594 -0.355258 -1.028750
v -1.420034 -0.355938 -1.456290
v -1.246714 -0.339522 1.427990
v -3.249914 -0.335318 -0.685015
v -5.311873 -0.354578 0.043265
v 0.810173 -0.357889 -2.265510
v -1.246394 -0.356068 1.519330
v -1.355934 -0.339158 -1.386850
v -2.597884 -0.336324 -0.925382
v -5.311873 -0.346614 -0.000015
v -3.330874 -0.354948 -0.762512
v -1.246394 -0.356068 -1.519330
v -2.404228 -0.296612 0.776014
v -3.256977 -0.276147 0.354900
v -1.364846 -0.286571 1.093793
v 1.264065 0.084061 -0.000014
v 0.810173 -0.357889 2.265510
v 0.788592 -0.279381 -1.826478
v -0.858051 -0.287985 -1.284307
v -2.253965 -0.265798 -0.660123
v -1.367609 -0.270265 -1.002936
v 0.727840 -0.276429 1.788512
v -3.256913 -0.276684 -0.357909
v -4.345284 -0.283309 -0.000015
v 0.456602 -0.286448 -1.741880
v 0.456359 -0.264962 -1.742710
v 0.624199 -0.259571 -1.096780
v 0.577329 -0.267164 -1.279170
v -0.639324 -0.281054 -1.283350
v 0.576230 -0.169809 -1.282940
v -0.707154 -0.193583 -1.104500
v -0.639684 -0.249429 -1.284570
v -0.614284 -0.283411 -1.351470
v -0.614474 -0.261854 -1.352450
v -0.772594 -0.179909 -0.927040
v -0.706244 -0.274760 -1.101350
v -0.771594 -0.268613 -0.923604
v 0.664231 -0.087718 -0.925035
v 0.666087 -0.252200 -0.918665
v 0.622494 -0.108465 -1.102630
v 0.456602 -0.286448 1.741880
v 0.456359 -0.264962 1.742710
v 0.624199 -0.259571 1.096780
v 0.577329 -0.267164 1.279170
v -0.639324 -0.281054 1.283350
v 0.576230 -0.169809 1.282940
v -0.707154 -0.193583 1.104500
v -0.639684 -0.249429 1.284570
v -0.614284 -0.283411 1.351470
v -0.614474 -0.261854 1.352450
v -0.772594 -0.179909 0.927040
v -0.706244 -0.274760 1.101350
v -0.771594 -0.268613 0.923604
v 0.664231 -0.087718 0.925035
v 0.666087 -0.252200 0.918665
v 0.622494 -0.108465 1.102630
v -0.933744 -0.311854 -1.272640
v -0.947444 -0.266645 -1.264880
v -0.945884 -0.077969 -0.078583
v -2.246904 -0.311192 -0.801501
v -2.246034 -0.126987 -0.094476
v -2.238854 -0.265452 -0.801541
v -2.254274 -0.169549 -0.076270
v -0.959314 -0.036927 -0.096751
v -0.947444 -0.266645 1.264880
v -0.959314 -0.036927 0.096751
v -0.933744 -0.311854 1.272640
v -0.945884 -0.077969 0.078583
v -2.238854 -0.265452 0.801541
v -2.246904 -0.311192 0.801501
v -2.246034 -0.126987 0.094476
v -2.254274 -0.169549 0.076270
v -1.538614 -0.187374 0.495935
v -1.538354 -0.204285 0.585866
v -1.385734 -0.194246 0.586624
v -1.384564 -0.269008 0.984599
v -1.842964 -0.207418 0.494422
v -1.841934 -0.273218 0.845191
v -1.405694 -0.216268 0.966454
v -1.825504 -0.220007 0.838496
v -1.826454 -0.159147 0.515357
v -1.559634 -0.141580 0.516683
v -1.559374 -0.158545 0.606614
v -1.406754 -0.148510 0.607372
v -1.331094 -0.190833 -0.568324
v -1.482254 -0.254560 -0.852695
v -1.915034 -0.229382 -0.812025
v -1.482114 -0.271207 -0.939944
v -1.915324 -0.191820 -0.616122
v -1.936264 -0.276456 -0.822235
v -1.356544 -0.153335 -0.594072
v -1.936604 -0.232535 -0.592219
v -1.507634 -0.224772 -0.917616
v -1.356144 -0.205350 -0.864547
v -1.507774 -0.208273 -0.831601
v -1.330614 -0.251608 -0.885641
v -2.783304 -0.216833 0.368595
v -2.655294 -0.206483 0.357195
v -3.024474 -0.260518 0.348040
v -3.017974 -0.225643 0.342141
v -2.655024 -0.211888 0.382432
v -2.774354 -0.245488 0.349960
v -2.561814 -0.243120 0.400082
v -2.571044 -0.208838 0.392362
v -2.661534 -0.246745 0.388291
v -3.218754 -0.233311 0.320090
v -3.225264 -0.268211 0.326085
v -2.783584 -0.211196 0.342255
v -2.774074 -0.251112 0.376269
v -2.661804 -0.241351 0.363067
v -3.120894 -0.229355 0.329821
v -3.111664 -0.263617 0.337381
v -3.121134 -0.224401 0.306646
v -3.024734 -0.255316 0.323691
v -3.018224 -0.220428 0.317758
v -3.111904 -0.258681 0.314278
v -2.655024 -0.211888 -0.382432
v -2.561814 -0.243120 -0.400082
v -4.501863 -0.289884 -0.003847
v -3.017974 -0.225643 -0.342141
v -2.566034 -0.162622 -0.000208
v -3.111904 -0.258681 -0.314278
v -5.306474 -0.322155 0.004633
v -2.774354 -0.245488 -0.349960
v -4.503034 -0.269474 0.004616
v -3.120894 -0.229355 -0.329821
v -4.483374 -0.255185 0.000402
v -4.482834 -0.264587 0.044800
v -4.491163 -0.296932 0.048330
v -4.018873 -0.310349 0.202989
v -3.234064 -0.280701 0.325300
v -3.238094 -0.210844 -0.002612
v -3.251754 -0.177181 -0.000208
v -4.011734 -0.231279 -0.000208
v -5.169003 -0.320243 0.025144
v -4.601294 -0.286035 0.039275
v -4.684053 -0.289575 0.030436
v -5.167734 -0.328063 0.062176
v -4.515834 -0.280431 0.039275
v -5.164694 -0.347009 0.063238
v -4.025274 -0.259496 0.000402
v -4.034284 -0.255986 0.156333
v -4.036163 -0.223351 0.000402
v -4.023284 -0.287956 0.164669
v -3.247854 -0.244948 0.317701
v -4.021234 -0.266591 -0.000208
v -4.516284 -0.272035 0.000209
v -4.685294 -0.315487 0.062825
v -5.298194 -0.348109 0.027378
v -5.296584 -0.329125 0.027562
v -4.618314 -0.311096 0.062825
v -4.840414 -0.303149 0.046002
v -4.896594 -0.302381 0.025144
v -4.896354 -0.306817 0.046002
v -4.840584 -0.299838 0.030436
v -4.512864 -0.299227 -0.039612
v -5.296584 -0.329125 -0.027562
v -5.167734 -0.328063 -0.062176
v -5.169003 -0.320243 -0.025144
v -4.896594 -0.302381 -0.025144
v -4.896354 -0.306817 -0.046002
v -4.840414 -0.303149 -0.046002
v -4.840584 -0.299838 -0.030436
v -4.684053 -0.289575 -0.030436
v -4.685654 -0.308669 0.030773
v -2.655294 -0.206483 -0.357195
v -3.222134 -0.164985 -0.000208
v -4.683694 -0.296393 -0.062488
v -3.018224 -0.220428 -0.317758
v -4.620184 -0.292229 -0.062489
v -2.575184 -0.124984 -0.000208
v -3.121134 -0.224401 -0.306646
v -4.601294 -0.286035 -0.039275
v -4.515834 -0.280431 -0.039275
v -5.298194 -0.348109 -0.027378
v -5.164694 -0.347009 -0.063238
v -5.165984 -0.339035 -0.025481
v -4.898184 -0.321476 -0.025481
v -4.897954 -0.325912 -0.046339
v -4.837444 -0.321945 -0.046339
v -4.512864 -0.299227 0.039612
v -4.837624 -0.318634 -0.030773
v -5.298504 -0.342243 -0.000209
v -4.513313 -0.290759 -0.000209
v -4.685654 -0.308669 -0.030773
v -3.218754 -0.233311 -0.320090
v -4.502954 -0.269466 -0.003843
v -3.024474 -0.260518 -0.348040
v -2.774074 -0.251112 -0.376269
v -4.501954 -0.289892 0.004612
v -2.783584 -0.211196 -0.342255
v -3.225264 -0.268211 -0.326085
v -5.305394 -0.342573 0.004629
v -5.305334 -0.342566 -0.003830
v -2.783304 -0.216833 -0.368595
v -2.661534 -0.246745 -0.388291
v -2.571044 -0.208838 -0.392362
v -2.661804 -0.241351 -0.363067
v -5.306414 -0.322148 -0.003826
v -3.228704 -0.207468 -0.000208
v -3.024734 -0.255316 -0.323691
v -4.599434 -0.304903 -0.039612
v -5.296904 -0.323220 -0.000209
v -4.618314 -0.311096 -0.062825
v -3.111664 -0.263617 -0.337381
v -4.685294 -0.315487 -0.062825
v -4.599434 -0.304903 0.039612
v -4.837624 -0.318634 0.030773
v -4.837444 -0.321945 0.046339
v -4.897954 -0.325912 0.046339
v -4.898184 -0.321476 0.025481
v -5.165984 -0.339035 0.025481
v -4.683694 -0.296393 0.062488
v -4.620184 -0.292229 0.062489
v -4.491754 -0.288431 0.000402
v -4.034284 -0.255986 -0.156333
v -4.482834 -0.264587 -0.044800
v -4.023284 -0.287956 -0.164669
v -4.491163 -0.296932 -0.048330
v -4.009284 -0.273689 0.199033
v -3.247854 -0.244948 -0.317701
v -4.009284 -0.273689 -0.199033
v -3.234064 -0.280701 -0.325300
v -4.018873 -0.310349 -0.202989
v 0.810171 -0.467799 -2.265510
v -3.249914 -0.490218 -0.685012
v -2.597594 -0.470298 1.028750
v -1.246514 -0.481388 -1.483420
v 0.782373 -0.491049 -2.215990
v -1.675934 -0.671798 -0.345488
v -2.597884 -0.489228 -0.925379
v -3.249914 -0.496568 -0.685012
v -1.246714 -0.486068 1.427980
v -1.419224 -0.476068 -1.455410
v -5.311873 -0.477548 -0.042086
v -2.597704 -0.494658 -0.989285
v -1.355934 -0.503368 1.386850
v 1.556836 -0.934219 -0.000016
v -5.311873 -0.483068 0.007391
v 1.551276 -0.945689 -0.000015
v -3.330874 -0.470598 -0.762509
v -3.303514 -0.483558 0.736316
v -2.597884 -0.495538 -0.925379
v -3.301024 -0.495068 -0.733930
v -1.246394 -0.469538 1.519330
v -1.355934 -0.486428 1.386850
v -2.597594 -0.476808 1.027570
v -5.311873 -0.495618 0.003496
v -2.597694 -0.483218 0.992580
v -5.311873 -0.470948 0.043261
v -1.246714 -0.502978 -1.427980
v -1.246534 -0.493548 -1.479860
v -3.100394 -0.622588 -0.102612
v -1.356284 -0.492618 -1.387230
v 0.805490 -0.473979 2.262630
v -1.355934 -0.503368 -1.386850
v -1.420034 -0.469648 -1.456290
v -1.246714 -0.492278 -1.427980
v -1.675904 -0.734358 -0.000013
v -1.392784 -0.493688 -1.426760
v -3.249914 -0.507478 -0.685012
v -1.395054 -0.482398 -1.429230
v -2.515954 -0.616898 -0.345308
v -3.329984 -0.477138 0.761658
v 0.805490 -0.473979 -2.262630
v 0.786015 -0.479299 2.220870
v -2.909824 -0.635058 0.102612
v -1.246714 -0.486068 -1.427980
v -1.246394 -0.469538 -1.519330
v -1.355934 -0.486428 -1.386850
v -3.329984 -0.477138 -0.761658
v -2.597884 -0.506398 0.925379
v -2.597884 -0.506398 -0.925379
v 0.786015 -0.479299 -2.220870
v -2.909824 -0.635058 -0.102612
v -2.597594 -0.470298 -1.028750
v -2.597594 -0.476808 -1.027570
v -3.303514 -0.483558 -0.736316
v -2.597694 -0.483218 -0.992580
v -5.311873 -0.470948 -0.043261
v -2.909824 -0.653558 -0.000012
v -5.311873 -0.483068 -0.007391
v 0.810171 -0.467799 2.265510
v -3.249914 -0.490218 0.685012
v 1.592696 -0.937479 -0.000015
v -1.246514 -0.481388 1.483420
v 0.782373 -0.491049 2.215990
v -1.675934 -0.671798 0.345488
v -2.597884 -0.489228 0.925379
v -3.249914 -0.496568 0.685012
v -2.515954 -0.616898 0.345308
v -1.419224 -0.476068 1.455410
v -5.311873 -0.477548 0.042086
v -2.597704 -0.494658 0.989285
v -1.395054 -0.482398 1.429230
v -3.249914 -0.507478 0.685012
v -5.311873 -0.478908 -0.000010
v -1.392784 -0.493688 1.426760
v -3.330874 -0.470598 0.762509
v -2.515924 -0.679348 -0.000012
v -2.597884 -0.495538 0.925379
v -3.301024 -0.495068 0.733930
v -5.311873 -0.495558 -0.003840
v -3.100384 -0.641078 -0.000012
v 1.598506 -0.931489 -0.000016
v -5.311873 -0.496268 -0.000010
v -1.246714 -0.492278 1.427980
v -1.420034 -0.469648 1.456290
v -1.246714 -0.502978 1.427980
v -1.246534 -0.493548 1.479860
v -3.100394 -0.622588 0.102612
v -1.356284 -0.492618 1.387230
v 0.810171 -0.467799 -2.265510
v -3.249914 -0.490218 -0.685012
v -2.597594 -0.470298 1.028750
v -1.246714 -0.486068 1.427980
v -1.420034 -0.469648 1.456290
v -1.675934 -0.654488 0.345431
v -2.597884 -0.489228 -0.925379
v -2.909824 -0.636228 -0.000012
v -3.100384 -0.605258 -0.102612
v -2.515934 -0.662028 -0.000012
v 1.598506 -0.931489 -0.000016
v -3.100384 -0.623748 -0.000012
v -3.330874 -0.470598 0.762509
v -2.909824 -0.617738 -0.102612
v -2.515964 -0.599568 0.345252
v -2.515964 -0.599568 -0.345252
v -3.330874 -0.470598 -0.762509
v -2.909824 -0.617738 0.102612
v -5.311873 -0.478908 -0.000010
v -3.100384 -0.605258 0.102612
v -1.246394 -0.469538 1.519330
v -1.355934 -0.486428 1.386850
v -2.597884 -0.489228 0.925379
v -3.249914 -0.490218 0.685012
v 0.810171 -0.467799 2.265510
v -5.311873 -0.470948 0.043261
v -1.675904 -0.717038 0.000013
v -5.311873 -0.470948 -0.043261
v -2.597594 -0.470298 -1.028750
v -1.355934 -0.486428 -1.386850
v -1.675934 -0.654488 -0.345431
v -1.246394 -0.469538 -1.519330
v -1.420034 -0.469648 -1.456290
v -1.246714 -0.486068 -1.427980
v -1.243624 -0.480698 1.472180
v 0.536147 -0.479189 2.049531
v -2.592464 -0.481628 0.979282
v -1.388444 -0.480819 1.419260
v -2.594574 -0.495251 0.915394
v -1.245434 -0.488583 1.425380
v -3.291224 -0.467398 0.721908
v -3.245494 -0.467438 0.677531
v 0.536048 -0.466049 2.049600
v -3.221994 -0.468358 0.613212
v -2.594574 -0.467218 0.915393
v 0.512544 -0.465069 2.113920
v -1.373204 -0.467438 1.377550
v -5.266104 -0.467708 -0.000014
v -1.220124 -0.467388 1.407860
v 0.512544 -0.465069 -2.113920
v -1.245434 -0.466509 -1.425380
v -1.356894 -0.466578 -1.384650
v -3.221994 -0.468358 -0.613212
v -2.571064 -0.468148 -0.851075
v -2.577214 -0.468048 -0.937574
v -1.373204 -0.467438 -1.377550
v -3.267714 -0.468318 0.657590
v -1.333384 -0.467528 -1.320330
v -1.221934 -0.467469 -1.361060
v -1.243624 -0.466428 -1.472180
v -2.592464 -0.467148 0.979283
v -1.245434 -0.466509 1.425380
v -3.291224 -0.481968 0.721908
v 0.512544 -0.478919 -2.113920
v 0.512544 -0.478919 2.113920
v -3.291224 -0.481968 -0.721908
v -2.571064 -0.468148 0.851075
v -2.577214 -0.468048 0.937574
v -1.388444 -0.466519 1.419260
v -3.245494 -0.495551 0.677531
v -2.594574 -0.467218 -0.915393
v -1.333384 -0.467528 1.320330
v 0.536048 -0.466049 -2.049600
v -3.245494 -0.467438 -0.677531
v -3.291224 -0.467398 -0.721908
v -1.245434 -0.488397 -1.425380
v -2.594574 -0.494087 -0.915394
v -1.388444 -0.480819 -1.419260
v -2.592464 -0.481628 -0.979282
v -1.221934 -0.467469 1.361060
v -1.243624 -0.480698 -1.472180
v -1.356894 -0.488487 -1.384650
v -1.388444 -0.466519 -1.419260
v -1.356894 -0.488673 1.384650
v -3.245494 -0.494387 -0.677531
v 0.536147 -0.479189 -2.049531
v -5.266104 -0.482368 0.000014
v -1.356894 -0.466578 1.384650
v -1.220124 -0.467388 -1.407860
v -3.267714 -0.468318 -0.657590
v -1.243624 -0.466428 1.472180
v -2.592464 -0.467148 -0.979283
v -5.069964 -0.468578 0.000014
v -1.081768 -0.704752 0.282748
v -1.101381 -0.703093 -0.284822
v -1.083802 -0.755817 0.000008
v -0.990242 -0.729993 -0.272085
v -0.989130 -0.730087 0.271959
v -0.949039 -0.781957 -0.000013
v 1.225297 -0.204652 0.478508
v 1.225297 -0.202391 0.462780
v 1.225297 -0.208992 0.448326
v 1.225297 -0.222359 0.439735
v 1.225297 -0.238249 0.439735
v 1.225297 -0.251616 0.448326
v 1.225297 -0.258217 0.462780
v 1.225297 -0.255956 0.478508
v 1.225297 -0.245550 0.490517
v 1.253113 -0.230304 0.494993
v 1.253113 -0.215058 0.490517
v 1.253113 -0.204652 0.478508
v 1.253113 -0.202391 0.462780
v 1.253113 -0.208992 0.448326
v 1.253113 -0.222359 0.439735
v 1.253113 -0.238249 0.439735
v 1.253113 -0.251616 0.448326
v 1.253113 -0.258217 0.462780
v 1.253113 -0.255956 0.478508
v 1.253113 -0.245550 0.490517
v 1.253113 -0.230304 0.514608
v 1.253113 -0.204453 0.507018
v 1.253113 -0.186810 0.486656
v 1.253113 -0.182976 0.459988
v 1.253113 -0.194168 0.435481
v 1.225297 -0.215058 0.490517
v 1.225297 -0.230304 0.466793
v 1.040361 -0.230304 0.543301
v 1.225297 -0.230304 0.494993
v 1.040361 -0.271667 0.531155
v 1.156441 -0.271667 0.531155
v 1.040361 -0.299898 0.498575
v 1.156441 -0.299898 0.498575
v 1.040361 -0.306033 0.455905
v 1.156441 -0.306033 0.455905
v 1.040361 -0.288125 0.416691
v 1.156441 -0.288125 0.416691
v 1.040361 -0.251859 0.393384
v 1.156441 -0.251859 0.393384
v 1.040361 -0.208749 0.393384
v 1.156441 -0.208749 0.393384
v 1.040361 -0.172483 0.416691
v 1.156441 -0.172483 0.416691
v 1.040361 -0.154575 0.455905
v 1.156441 -0.154575 0.455905
v 1.040361 -0.160710 0.498575
v 1.156441 -0.160710 0.498575
v 1.040361 -0.188941 0.531155
v 1.156441 -0.188941 0.531155
v 1.156441 -0.230304 0.543301
v 1.288479 -0.295788 0.568688
v 1.288479 -0.340481 0.517109
v 1.288479 -0.350194 0.449555
v 1.288479 -0.321842 0.387475
v 1.288479 -0.264428 0.350577
v 1.288479 -0.196180 0.350577
v 1.288479 -0.138766 0.387475
v 1.288479 -0.110415 0.449555
v 1.288479 -0.120127 0.517109
v 1.288479 -0.164820 0.568688
v 1.288479 -0.230304 0.587915
v 1.209919 -0.272840 0.532980
v 1.209919 -0.301871 0.499476
v 1.209919 -0.308179 0.455596
v 1.209919 -0.289764 0.415271
v 1.209919 -0.252470 0.391304
v 1.209919 -0.208138 0.391304
v 1.209919 -0.170845 0.415271
v 1.209919 -0.152429 0.455596
v 1.209919 -0.158738 0.499476
v 1.209919 -0.187769 0.532980
v 1.209919 -0.230304 0.545469
v 1.209919 -0.256155 0.507018
v 1.209919 -0.273798 0.486656
v 1.209919 -0.277632 0.459988
v 1.209919 -0.266440 0.435481
v 1.209919 -0.243775 0.420915
v 1.209919 -0.216833 0.420915
v 1.209919 -0.194168 0.435481
v 1.209919 -0.182976 0.459988
v 1.209919 -0.186810 0.486656
v 1.209919 -0.204453 0.507018
v 1.209919 -0.230304 0.514608
v 1.253113 -0.256155 0.507018
v 1.253113 -0.273798 0.486656
v 1.253113 -0.277632 0.459988
v 1.253113 -0.266440 0.435481
v 1.253113 -0.243775 0.420915
v 1.253113 -0.216833 0.420915
v 1.225296 -0.562783 0.478508
v 1.225296 -0.560522 0.462780
v 1.225296 -0.567123 0.448326
v 1.225296 -0.580490 0.439735
v 1.225296 -0.596380 0.439735
v 1.225296 -0.609748 0.448326
v 1.225296 -0.616349 0.462780
v 1.225296 -0.614087 0.478508
v 1.225296 -0.603681 0.490517
v 1.253113 -0.588435 0.494993
v 1.253113 -0.573189 0.490517
v 1.253113 -0.562783 0.478508
v 1.253113 -0.560522 0.462780
v 1.253113 -0.567123 0.448326
v 1.253113 -0.580490 0.439735
v 1.253113 -0.596380 0.439735
v 1.253113 -0.609748 0.448326
v 1.253113 -0.616349 0.462780
v 1.253113 -0.614087 0.478508
v 1.253113 -0.603681 0.490517
v 1.253113 -0.588435 0.514608
v 1.253113 -0.562584 0.507018
v 1.253113 -0.544941 0.486656
v 1.253113 -0.541107 0.459988
v 1.253113 -0.552299 0.435481
v 1.225296 -0.573189 0.490517
v 1.225296 -0.588435 0.466793
v 1.040361 -0.588435 0.543301
v 1.225296 -0.588435 0.494993
v 1.040361 -0.629798 0.531155
v 1.156441 -0.629798 0.531155
v 1.040361 -0.658029 0.498575
v 1.156441 -0.658029 0.498575
v 1.040361 -0.664164 0.455905
v 1.156441 -0.664164 0.455905
v 1.040361 -0.646256 0.416691
v 1.156441 -0.646256 0.416691
v 1.040361 -0.609990 0.393384
v 1.156441 -0.609990 0.393384
v 1.040361 -0.566880 0.393384
v 1.156441 -0.566880 0.393384
v 1.040361 -0.530614 0.416691
v 1.156441 -0.530614 0.416691
v 1.040361 -0.512706 0.455905
v 1.156441 -0.512706 0.455905
v 1.040361 -0.518841 0.498575
v 1.156441 -0.518841 0.498575
v 1.040361 -0.547072 0.531155
v 1.156441 -0.547072 0.531155
v 1.156441 -0.588435 0.543301
v 1.288479 -0.653919 0.568688
v 1.288479 -0.698612 0.517109
v 1.288479 -0.708325 0.449555
v 1.288479 -0.679973 0.387475
v 1.288479 -0.622559 0.350577
v 1.288479 -0.554311 0.350577
v 1.288479 -0.496897 0.387475
v 1.288479 -0.468546 0.449555
v 1.288479 -0.478258 0.517109
v 1.288479 -0.522951 0.568688
v 1.288479 -0.588435 0.587915
v 1.209919 -0.630971 0.532980
v 1.209919 -0.660002 0.499476
v 1.209919 -0.666310 0.455596
v 1.209919 -0.647895 0.415271
v 1.209919 -0.610601 0.391304
v 1.209919 -0.566270 0.391304
v 1.209919 -0.528976 0.415271
v 1.209919 -0.510560 0.455596
v 1.209919 -0.516869 0.499476
v 1.209919 -0.545900 0.532980
v 1.209919 -0.588435 0.545469
v 1.209919 -0.614286 0.507018
v 1.209919 -0.631929 0.486656
v 1.209919 -0.635764 0.459988
v 1.209919 -0.624571 0.435481
v 1.209919 -0.601906 0.420915
v 1.209919 -0.574964 0.420915
v 1.209919 -0.552299 0.435481
v 1.209919 -0.541107 0.459988
v 1.209919 -0.544941 0.486656
v 1.209919 -0.562584 0.507018
v 1.209919 -0.588435 0.514608
v 1.253113 -0.614286 0.507018
v 1.253113 -0.631929 0.486656
v 1.253113 -0.635764 0.459988
v 1.253113 -0.624571 0.435481
v 1.253113 -0.601906 0.420915
v 1.253113 -0.574964 0.420915
v 1.225296 -0.562783 -0.457792
v 1.225296 -0.560522 -0.473520
v 1.225296 -0.567123 -0.487974
v 1.225296 -0.580490 -0.496565
v 1.225296 -0.596380 -0.496565
v 1.225296 -0.609748 -0.487974
v 1.225296 -0.616349 -0.473520
v 1.225296 -0.614087 -0.457792
v 1.225296 -0.603681 -0.445783
v 1.253113 -0.588435 -0.441306
v 1.253113 -0.573189 -0.445783
v 1.253113 -0.562783 -0.457792
v 1.253113 -0.560522 -0.473520
v 1.253113 -0.567123 -0.487974
v 1.253113 -0.580490 -0.496565
v 1.253113 -0.596380 -0.496565
v 1.253113 -0.609748 -0.487974
v 1.253113 -0.616349 -0.473520
v 1.253113 -0.614087 -0.457792
v 1.253113 -0.603681 -0.445783
v 1.253113 -0.588435 -0.421692
v 1.253113 -0.562584 -0.429282
v 1.253113 -0.544941 -0.449644
v 1.253113 -0.541107 -0.476312
v 1.253113 -0.552299 -0.500819
v 1.225296 -0.573189 -0.445783
v 1.225296 -0.588435 -0.469507
v 1.040361 -0.588435 -0.392999
v 1.225296 -0.588435 -0.441306
v 1.040361 -0.629798 -0.405144
v 1.156441 -0.629798 -0.405144
v 1.040361 -0.658029 -0.437724
v 1.156441 -0.658029 -0.437724
v 1.040361 -0.664164 -0.480395
v 1.156441 -0.664164 -0.480395
v 1.040361 -0.646256 -0.519609
v 1.156441 -0.646256 -0.519609
v 1.040361 -0.609990 -0.542915
v 1.156441 -0.609990 -0.542915
v 1.040361 -0.566880 -0.542915
v 1.156441 -0.566880 -0.542915
v 1.040361 -0.530614 -0.519609
v 1.156441 -0.530614 -0.519609
v 1.040361 -0.512706 -0.480395
v 1.156441 -0.512706 -0.480395
v 1.040361 -0.518841 -0.437724
v 1.156441 -0.518841 -0.437724
v 1.040361 -0.547072 -0.405144
v 1.156441 -0.547072 -0.405144
v 1.156441 -0.588435 -0.392999
v 1.288479 -0.653919 -0.367612
v 1.288479 -0.698612 -0.419191
v 1.288479 -0.708325 -0.486744
v 1.288479 -0.679973 -0.548825
v 1.288479 -0.622559 -0.585723
v 1.288479 -0.554311 -0.585723
v 1.288479 -0.496897 -0.548825
v 1.288479 -0.468546 -0.486744
v 1.288479 -0.478258 -0.419191
v 1.288479 -0.522951 -0.367612
v 1.288479 -0.588435 -0.348384
v 1.209919 -0.630971 -0.403320
v 1.209919 -0.660002 -0.436823
v 1.209919 -0.666310 -0.480704
v 1.209919 -0.647895 -0.521029
v 1.209919 -0.610601 -0.544996
v 1.209919 -0.566270 -0.544996
v 1.209919 -0.528976 -0.521029
v 1.209919 -0.510560 -0.480704
v 1.209919 -0.516869 -0.436823
v 1.209919 -0.545900 -0.403320
v 1.209919 -0.588435 -0.390831
v 1.209919 -0.614286 -0.429282
v 1.209919 -0.631929 -0.449644
v 1.209919 -0.635764 -0.476312
v 1.209919 -0.624571 -0.500819
v 1.209919 -0.601906 -0.515385
v 1.209919 -0.574964 -0.515385
v 1.209919 -0.552299 -0.500819
v 1.209919 -0.541107 -0.476312
v 1.209919 -0.544941 -0.449644
v 1.209919 -0.562584 -0.429282
v 1.209919 -0.588435 -0.421692
v 1.253113 -0.614286 -0.429282
v 1.253113 -0.631929 -0.449644
v 1.253113 -0.635764 -0.476312
v 1.253113 -0.624571 -0.500819
v 1.253113 -0.601906 -0.515385
v 1.253113 -0.574964 -0.515385
v 0.342025 0.908634 0.060333
v 0.343832 0.940938 -0.082312
v 0.334020 1.039875 0.034768
v 0.303066 0.990064 -0.019884
v 0.561052 0.808165 0.175327
v 0.335802 1.019765 0.073204
v 0.342351 0.964933 0.014376
v 0.327536 0.976796 0.034769
v 0.302121 1.024673 -0.023770
v 0.342351 0.964933 -0.011148
v 0.336512 1.076435 0.197379
v 0.330646 1.090426 -0.173251
v 0.301677 1.019665 -0.005498
v 0.326067 0.907708 0.179303
v 0.329267 0.939916 0.093311
v 0.317157 0.844016 -0.091939
v 0.337697 0.957467 0.014376
v 0.321628 0.980652 0.073204
v 0.329442 0.794721 -0.051878
v 0.556115 0.893224 -0.051878
v 0.456073 0.921880 -0.051878
v 0.329267 0.939916 -0.082312
v 0.334020 1.039875 -0.023770
v 0.329442 0.794721 0.062601
v 0.322511 0.914127 -0.164603
v 0.348097 0.985855 -0.068020
v 0.322511 0.914127 0.062601
v 0.328747 0.950993 -0.082312
v 0.337734 0.960750 0.034769
v 0.337734 0.960750 -0.023770
v 0.471814 0.852993 -0.063254
v 0.338681 0.940577 0.093311
v 0.337697 0.957467 -0.006691
v 0.306945 0.955307 -0.006691
v 0.325390 1.022508 0.034768
v 0.316455 0.908158 -0.050497
v 0.326067 0.907708 -0.049610
v 0.338161 0.951654 0.093312
v 0.345335 0.928472 0.202990
v 0.342025 0.908635 -0.168579
v 0.302510 1.049810 -0.011148
v 0.336841 0.985088 -0.028689
v 0.296361 1.038671 -0.006691
v 0.333261 1.051969 0.014376
v 0.310320 1.066218 -0.195582
v 0.337741 0.939271 -0.173251
v 0.343832 0.940938 0.093311
v 0.316125 0.913839 0.170454
v 0.316125 0.913839 0.061219
v 0.316455 0.908158 0.170454
v 0.316455 0.908158 0.061219
v 0.310095 1.071003 -0.195582
v 0.339112 0.910056 0.180658
v 0.326722 1.012575 -0.090040
v 0.346627 1.017180 -0.116768
v 0.335521 1.013193 -0.028689
v 0.328041 0.984470 -0.090040
v 0.303996 1.014089 -0.029432
v 0.315188 1.014875 -0.090040
v 0.332682 1.068370 -0.097015
v 0.310095 1.071003 0.202990
v 0.303642 0.977803 -0.005498
v 0.323269 1.067709 0.108015
v 0.332682 1.068370 -0.082312
v 0.332682 1.068370 0.093311
v 0.323269 1.067709 -0.082312
v 0.323269 1.067709 0.093311
v 0.333593 1.048973 -0.097015
v 0.333593 1.048973 0.108015
v 0.556115 0.893224 0.062601
v 0.332682 1.068370 0.108015
v 0.324179 1.048312 -0.097015
v 0.324179 1.048312 0.108015
v 0.323269 1.067709 -0.097015
v 0.337585 0.981772 0.073204
v 0.338161 0.951654 -0.082312
v 0.334804 1.023168 -0.023770
v 0.334804 1.023169 0.034768
v 0.338681 0.940577 -0.082312
v 0.348097 0.985855 -0.116768
v 0.318918 0.923040 0.197379
v 0.345335 0.928472 -0.195582
v 0.333593 1.048973 -0.082312
v 0.333073 1.060044 -0.082312
v 0.317678 1.060203 0.180658
v 0.342279 0.974032 -0.023770
v 0.343630 0.924774 0.197379
v 0.308672 0.974947 -0.007052
v 0.324606 1.039214 -0.023770
v 0.324606 1.039214 0.034768
v 0.323660 1.059383 -0.082312
v 0.342025 0.908635 -0.049610
v 0.335376 1.016292 -0.013833
v 0.308009 0.989082 -0.023635
v 0.333073 1.060044 0.093311
v 0.304190 1.014102 0.024204
v 0.300703 1.054883 0.093311
v 0.309167 1.007889 -0.019884
v 0.331765 0.981363 0.131452
v 0.302510 1.049810 0.018833
v 0.316653 0.983670 -0.090040
v 0.323402 0.938264 -0.173251
v 0.325522 0.917095 0.060333
v 0.338583 1.045205 0.014376
v 0.305461 0.982884 -0.029432
v 0.336841 0.985088 -0.013833
v 0.327896 0.987566 -0.090040
v 0.299795 0.965514 -0.006691
v 0.336696 0.988184 -0.028689
v 0.305654 0.982898 -0.013833
v 0.305509 0.985994 -0.013833
v 0.342351 0.964933 -0.006691
v 0.305509 0.985994 0.024204
v 0.323660 1.059383 0.093311
v 0.471814 0.852993 0.102662
v 0.331765 0.981363 0.113935
v 0.302510 1.049810 0.014376
v 0.456073 0.921880 -0.164603
v 0.304869 0.966128 0.034769
v 0.310320 1.066218 0.202990
v 0.302510 1.049810 -0.006691
v 0.341480 0.918022 0.179303
v 0.316653 0.983670 0.100412
v 0.338583 1.045205 -0.011148
v 0.302121 1.024673 0.034768
v 0.329442 0.794721 0.175327
v 0.341480 0.918022 -0.168579
v 0.556115 0.893224 0.175327
v 0.302252 1.007403 -0.019884
v 0.318700 0.927690 0.197379
v 0.456073 0.921880 0.175327
v 0.322511 0.914127 0.175327
v 0.328747 0.950993 0.093312
v 0.330646 1.090426 0.180658
v 0.301873 1.029933 -0.023770
v 0.322194 0.990565 -0.031050
v 0.323032 0.972728 -0.010124
v 0.323032 0.972728 0.019469
v 0.322194 0.990565 0.040395
v 0.321011 1.015789 0.040395
v 0.320173 1.033626 0.019469
v 0.320173 1.033626 -0.010124
v 0.321011 1.015789 -0.031050
v 0.296361 1.038671 -0.011148
v 0.326067 0.907708 -0.168579
v 0.306945 0.955307 -0.011148
v 0.303066 0.990064 0.029229
v 0.328747 0.950993 -0.097015
v 0.328747 0.950993 0.108015
v 0.465806 0.956493 -0.063254
v 0.329658 0.931589 0.108015
v 0.299795 0.965514 0.018833
v 0.296361 1.038671 0.018833
v 0.342351 0.964933 0.018833
v 0.465806 0.956493 0.102662
v 0.326067 0.907708 0.060333
v 0.346627 1.017180 -0.068020
v 0.338776 1.068216 -0.195582
v 0.325522 0.917095 0.179303
v 0.306945 0.955307 0.014376
v 0.336696 0.988184 0.039060
v 0.304335 1.011004 0.024204
v 0.463003 0.802473 0.175327
v 0.312018 1.070050 -0.189972
v 0.317157 0.844016 0.073977
v 0.328320 0.960089 0.034769
v 0.311149 0.947516 -0.091939
v 0.328320 0.960089 -0.023770
v 0.341480 0.918022 0.060333
v 0.331765 0.981363 -0.121082
v 0.316307 1.089420 0.180658
v 0.321340 0.980631 0.111435
v 0.302252 1.007403 0.029229
v 0.327896 0.987566 0.100412
v 0.342526 0.968772 0.034769
v 0.325390 1.022508 -0.023770
v 0.304622 0.971388 -0.023770
v 0.339778 1.027317 0.034768
v 0.343697 0.943817 -0.082312
v 0.306175 0.938294 0.093311
v 0.304622 0.971388 0.034769
v 0.556116 0.893224 -0.164603
v 0.304190 1.014102 -0.013833
v 0.327536 0.976796 -0.023770
v 0.336841 0.985088 0.024204
v 0.306040 0.941173 0.093311
v 0.336512 1.076435 -0.189972
v 0.338681 0.940577 0.108015
v 0.339071 0.932250 -0.097015
v 0.338161 0.951654 0.108015
v 0.338161 0.951654 -0.097015
v 0.329658 0.931589 0.093311
v 0.329658 0.931589 -0.082312
v 0.339071 0.932250 0.093311
v 0.339071 0.932250 -0.082312
v 0.311149 0.947516 0.102662
v 0.329658 0.931589 -0.097015
v 0.339071 0.932250 0.108015
v 0.471814 0.852993 -0.091939
v 0.342025 0.908634 0.179303
v 0.322511 0.914127 -0.051878
v 0.319557 1.018624 -0.101063
v 0.338551 1.073001 0.202990
v 0.301677 1.019665 0.014844
v 0.346627 1.017180 0.127138
v 0.324773 0.909049 -0.173251
v 0.299795 0.965514 0.014376
v 0.321340 0.980631 -0.101063
v 0.329083 1.052439 0.173121
v 0.329083 1.052439 -0.165714
v 0.321415 1.051901 0.173121
v 0.321415 1.051901 -0.165714
v 0.331765 0.981363 -0.103563
v 0.308672 0.974947 0.016398
v 0.315188 1.014875 0.100412
v 0.335521 1.013193 0.039060
v 0.326722 1.012576 0.100412
v 0.329442 0.794721 -0.164603
v 0.311800 1.074700 0.197379
v 0.561052 0.808165 0.062601
v 0.324179 1.048312 0.093311
v 0.463004 0.802473 -0.051878
v 0.316126 0.913839 -0.159731
v 0.306945 0.955307 0.018833
v 0.336730 1.071785 0.197379
v 0.336949 0.977457 0.034769
v 0.335376 1.016292 -0.028689
v 0.326577 1.015674 -0.090040
v 0.308009 0.989082 0.032981
v 0.335521 1.013193 -0.013833
v 0.336949 0.977457 -0.023770
v 0.346627 1.017180 0.078392
v 0.337585 0.981772 -0.062832
v 0.333261 1.051969 0.018833
v 0.307071 1.009071 0.032981
v 0.309167 1.007889 0.029229
v 0.300703 1.054883 -0.082312
v 0.300567 1.057761 -0.082312
v 0.337697 0.957467 -0.011148
v 0.326336 0.947034 0.173121
v 0.329982 1.019356 -0.103563
v 0.325523 0.917095 -0.168579
v 0.305315 0.985981 -0.029432
v 0.304869 0.966128 -0.023770
v 0.343412 0.929425 0.197379
v 0.306175 0.938294 -0.082312
v 0.316508 0.986767 -0.090040
v 0.339532 1.032577 -0.023770
v 0.315334 1.011776 -0.090040
v 0.304142 1.010990 -0.029432
v 0.337741 0.939271 0.180658
v 0.339532 1.032577 0.034768
v 0.321628 0.980652 -0.062832
v 0.335802 1.019765 -0.062832
v 0.338225 1.060405 -0.082312
v 0.343697 0.943817 0.093311
v 0.324179 1.048312 -0.082312
v 0.336696 0.988184 -0.013833
v 0.317157 0.844016 -0.063254
v 0.338361 1.057527 -0.082312
v 0.300567 1.057761 0.093311
v 0.332017 1.061210 0.180658
v 0.456073 0.921880 0.062601
v 0.306407 1.023205 -0.007052
v 0.465806 0.956493 0.073977
v 0.338225 1.060405 0.093311
v 0.342526 0.968772 -0.023770
v 0.343412 0.929425 -0.189972
v 0.301873 1.029933 0.034768
v 0.316307 1.089420 -0.173251
v 0.336730 1.071785 -0.189972
v 0.311149 0.947516 0.073977
v 0.316126 0.913839 -0.050497
v 0.339778 1.027317 -0.023770
v 0.465806 0.956493 -0.091939
v 0.319845 1.018644 -0.062832
v 0.329982 1.019356 -0.121082
v 0.304335 1.011004 -0.013833
v 0.309981 0.990549 -0.019883
v 0.338361 1.057527 0.093311
v 0.471814 0.852993 0.073977
v 0.305461 0.982884 0.039803
v 0.310556 0.978288 -0.005498
v 0.338551 1.073001 -0.195582
v 0.338583 1.045205 0.018833
v 0.310556 0.978288 0.014844
v 0.326336 0.947034 -0.165714
v 0.316455 0.908158 -0.159731
v 0.304142 1.010990 0.039803
v 0.317157 0.844016 0.102662
v 0.309981 0.990549 0.029229
v 0.334004 0.947572 -0.165714
v 0.312018 1.070050 0.197379
v 0.335376 1.016292 0.024204
v 0.333593 1.048973 0.093311
v 0.335376 1.016292 0.039060
v 0.299795 0.965514 -0.011148
v 0.317962 1.017509 -0.036509
v 0.316997 1.038070 -0.012384
v 0.333261 1.051969 -0.011148
v 0.316879 0.926474 0.202990
v 0.310952 1.015083 -0.031050
v 0.328041 0.984470 0.100412
v 0.311149 0.947516 -0.063254
v 0.316997 1.038070 0.021729
v 0.336841 0.985088 0.039060
v 0.316879 0.926474 -0.195582
v 0.310115 1.032920 -0.010124
v 0.316508 0.986767 0.100412
v 0.334004 0.947572 0.173121
v 0.317962 1.017509 0.045855
v 0.305315 0.985981 0.039803
v 0.332017 1.061210 -0.173251
v 0.310115 1.032920 0.019469
v 0.336696 0.988184 0.024204
v 0.306407 1.023205 0.016398
v 0.319327 0.988430 0.045855
v 0.305654 0.982898 0.024204
v 0.323402 0.938264 0.180658
v 0.310952 1.015083 0.040395
v 0.333261 1.051969 -0.006691
v 0.463004 0.802473 -0.164603
v 0.320292 0.967869 0.021729
v 0.317678 1.060203 -0.173251
v 0.296361 1.038671 0.014376
v 0.312136 0.989859 0.040395
v 0.311800 1.074700 -0.189972
v 0.345110 0.933257 0.202990
v 0.320292 0.967869 -0.012384
v 0.342279 0.974032 0.034769
v 0.343630 0.924774 -0.189972
v 0.312973 0.972022 0.019469
v 0.319557 1.018624 0.111435
v 0.303996 1.014089 0.039803
v 0.319327 0.988430 -0.036509
v 0.308591 1.020150 -0.005498
v 0.316654 0.931259 -0.195582
v 0.312973 0.972022 -0.010124
v 0.337697 0.957467 0.018833
v 0.345110 0.933257 -0.195582
v 0.316654 0.931259 0.202990
v 0.325523 0.917095 -0.049610
v 0.348097 0.985855 0.127139
v 0.312136 0.989859 -0.031050
v 0.339112 0.910056 -0.173251
v 0.338776 1.068216 0.202990
v 0.329982 1.019356 0.113935
v 0.338583 1.045205 -0.006691
v 0.303642 0.977803 0.014844
v 0.318918 0.923040 -0.189972
v 0.315334 1.011776 0.100412
v 0.329982 1.019356 0.131452
v 0.318700 0.927690 -0.189972
v 0.306040 0.941173 -0.082312
v 0.307071 1.009071 -0.023635
v 0.335521 1.013193 0.024204
v 0.341480 0.918022 -0.049610
v 0.319845 1.018644 0.073204
v 0.561053 0.808165 -0.051878
v 0.463003 0.802473 0.062601
v 0.324773 0.909049 0.180658
v 0.348097 0.985855 0.078392
v 0.561053 0.808165 -0.164603
v 0.308591 1.020150 0.014844
v 0.326577 1.015674 0.100412
v -0.293050 -0.899959 0.065137
v -0.506442 -0.839149 0.042470
v -0.542530 -0.800739 0.049562
v -0.219539 -0.905008 0.036874
v -0.046286 -0.834448 0.140893
v -0.318884 -0.898198 0.055230
v -0.081233 -0.868089 0.120711
v -0.206357 -0.903819 0.013378
v -0.293049 -0.899959 -0.065152
v -0.320095 -0.896019 0.057092
v -0.265100 -0.901869 -0.065138
v -0.005481 -0.837319 0.049463
v -0.239288 -0.903649 -0.055212
v -0.338662 -0.896849 -0.036922
v -0.265100 -0.901869 0.065124
v -0.219538 -0.905008 -0.036889
v -0.046277 -0.870539 0.042376
v -0.208854 -0.905748 -0.012957
v -0.217402 -0.903059 0.038116
v -0.145854 -0.863579 -0.180731
v -0.237817 -0.901649 0.057057
v -0.108485 -0.782579 0.225133
v -0.338662 -0.896849 0.036907
v -0.101088 -0.888679 -0.032546
v -0.433191 -0.760479 0.225389
v -0.349368 -0.896119 0.012956
v -0.501574 -0.803439 -0.141145
v -0.145854 -0.863579 0.180717
v -0.121715 -0.829188 -0.210937
v -0.425928 -0.808478 0.211163
v -0.340540 -0.894629 0.038151
v -0.177536 -0.883348 0.138734
v -0.351607 -0.893869 0.013393
v -0.327769 -0.767569 0.265767
v -0.242403 -0.878868 -0.163726
v -0.230348 -0.857749 -0.213272
v -0.264498 -0.899819 0.067318
v -0.170081 -0.900699 0.020004
v -0.321880 -0.851509 -0.213366
v -0.186591 -0.899549 0.056986
v -0.427395 -0.866339 0.092832
v -0.217107 -0.897439 0.085307
v -0.557648 -0.752199 -0.052915
v -0.256995 -0.894688 0.100656
v -0.046277 -0.870539 -0.042390
v -0.300195 -0.891739 0.100686
v -0.454337 -0.864539 -0.032613
v -0.340131 -0.889019 0.085380
v -0.471342 -0.841478 -0.120951
v -0.370711 -0.886948 0.057058
v -0.433191 -0.760479 -0.225402
v -0.127925 -0.886799 -0.092684
v -0.387265 -0.885828 0.020034
v -0.108485 -0.782579 -0.225147
v -0.239287 -0.903649 0.055197
v -0.351607 -0.893869 -0.013408
v -0.557648 -0.752199 0.052901
v -0.340540 -0.894629 -0.038165
v -0.349368 -0.896119 -0.012971
v -0.320095 -0.896019 -0.057106
v -0.208853 -0.905748 0.012942
v -0.293390 -0.897839 -0.067347
v -0.406516 -0.845799 -0.180957
v -0.264498 -0.899819 -0.067333
v -0.213746 -0.775329 -0.265675
v -0.237817 -0.901649 -0.057072
v -0.220333 -0.822389 0.248894
v -0.217402 -0.903059 -0.038131
v -0.206357 -0.903819 -0.013393
v -0.318883 -0.898198 -0.055245
v -0.101088 -0.888679 0.032531
v -0.327769 -0.767569 -0.265781
v 0.015578 -0.791249 -0.052809
v -0.501574 -0.803439 0.141132
v -0.005482 -0.837319 -0.049477
v -0.312669 -0.874068 0.163778
v -0.293391 -0.897839 0.067332
v -0.242403 -0.878868 0.163711
v -0.425928 -0.808478 -0.211177
v -0.406516 -0.845799 0.180943
v -0.327159 -0.815119 0.248994
v -0.377637 -0.869679 0.138896
v -0.127925 -0.886799 0.092669
v -0.321880 -0.851509 0.213352
v -0.177537 -0.883348 -0.138748
v -0.220333 -0.822389 -0.248908
v -0.312668 -0.874068 -0.163793
v -0.027974 -0.788189 0.150384
v -0.387265 -0.885828 -0.020048
v -0.370711 -0.886948 -0.057073
v -0.542529 -0.800739 -0.049576
v -0.340131 -0.889019 -0.085394
v -0.513933 -0.755089 0.150640
v -0.300195 -0.891739 -0.100700
v -0.427395 -0.866339 -0.092847
v -0.256995 -0.894688 -0.100670
v -0.506442 -0.839149 -0.042484
v -0.217106 -0.897439 -0.085322
v -0.327159 -0.815119 -0.249007
v -0.186590 -0.899549 -0.057001
v -0.230348 -0.857749 0.213258
v -0.170081 -0.900699 -0.020019
v -0.213746 -0.775329 0.265661
v -0.046286 -0.834448 -0.140906
v -0.513932 -0.755089 -0.150653
v -0.081234 -0.868089 -0.120725
v -0.279360 -0.905529 -0.000007
v -0.471342 -0.841478 0.120937
v -0.377636 -0.869679 -0.138911
v 0.015577 -0.791249 0.052796
v -0.454337 -0.864539 0.032599
v -0.027975 -0.788189 -0.150398
v -0.121716 -0.829188 0.210924
v 1.049956 -0.417875 -0.001107
v 0.600135 -0.417875 0.133947
v 1.099928 -0.417875 0.149805
v 0.600135 -0.469558 0.123667
v 1.023180 -0.469558 0.123667
v 0.600135 -0.513372 0.094391
v 1.023180 -0.513372 0.094391
v 0.600135 -0.542648 0.050576
v 1.023180 -0.542649 0.050576
v 0.600135 -0.552929 -0.001107
v 1.023180 -0.552929 -0.001107
v 0.600135 -0.542648 -0.052790
v 1.023180 -0.542649 -0.052790
v 0.600135 -0.513372 -0.096605
v 1.023180 -0.513372 -0.096605
v 0.600135 -0.469558 -0.125881
v 1.023180 -0.469558 -0.125881
v 0.600135 -0.417875 -0.136161
v 1.023180 -0.417875 -0.136161
v 0.600135 -0.366192 -0.125881
v 1.023180 -0.366192 -0.125881
v 0.600135 -0.322377 -0.096605
v 1.023180 -0.322377 -0.096605
v 0.600135 -0.293101 -0.052790
v 1.023180 -0.293101 -0.052790
v 0.600135 -0.282820 -0.001107
v 1.023180 -0.282820 -0.001107
v 0.600135 -0.293101 0.050576
v 1.023180 -0.293101 0.050576
v 0.600135 -0.322377 0.094391
v 1.023180 -0.322377 0.094391
v 0.600135 -0.366192 0.123667
v 1.023180 -0.366192 0.123667
v 1.023180 -0.417875 0.133947
v 1.023180 -0.457656 0.094932
v 1.023180 -0.491380 0.072398
v 1.023180 -0.513914 0.038674
v 1.023180 -0.521827 -0.001107
v 1.023180 -0.513914 -0.040888
v 1.023180 -0.491380 -0.074613
v 1.023180 -0.457656 -0.097147
v 1.023180 -0.417875 -0.105059
v 1.023180 -0.378094 -0.097147
v 1.023180 -0.344369 -0.074613
v 1.023180 -0.321835 -0.040888
v 1.023180 -0.313922 -0.001107
v 1.023180 -0.321835 0.038674
v 1.023180 -0.344369 0.072398
v 1.023180 -0.378094 0.094932
v 1.023180 -0.417875 0.102845
v 1.048244 -0.457656 0.094932
v 1.048244 -0.491380 0.072398
v 1.048244 -0.513914 0.038674
v 1.048244 -0.521827 -0.001107
v 1.048244 -0.513914 -0.040888
v 1.048244 -0.491380 -0.074613
v 1.048244 -0.457656 -0.097147
v 1.048244 -0.417875 -0.105059
v 1.048244 -0.378094 -0.097147
v 1.048244 -0.344369 -0.074613
v 1.048244 -0.321835 -0.040888
v 1.048244 -0.313922 -0.001107
v 1.048244 -0.321835 0.038674
v 1.048244 -0.344369 0.072398
v 1.048244 -0.378094 0.094932
v 1.048244 -0.417875 0.102845
v 1.105323 -0.482465 0.154828
v 1.105323 -0.537222 0.118240
v 1.105323 -0.573809 0.063483
v 1.105323 -0.586657 -0.001107
v 1.105323 -0.573809 -0.065697
v 1.105323 -0.537222 -0.120454
v 1.105323 -0.482465 -0.157042
v 1.105323 -0.417875 -0.169890
v 1.105323 -0.353284 -0.157042
v 1.105323 -0.298527 -0.120454
v 1.105323 -0.261940 -0.065697
v 1.105323 -0.249092 -0.001107
v 1.105323 -0.261940 0.063483
v 1.105323 -0.298527 0.118240
v 1.105323 -0.353284 0.154828
v 1.105323 -0.417875 0.167675
v 1.242879 -0.505226 0.209777
v 1.242879 -0.579278 0.160297
v 1.242879 -0.628759 0.086244
v 1.242879 -0.646134 -0.001107
v 1.242879 -0.628759 -0.088458
v 1.242879 -0.579278 -0.162511
v 1.242879 -0.505226 -0.211991
v 1.242879 -0.417875 -0.229367
v 1.242879 -0.330524 -0.211991
v 1.242879 -0.256471 -0.162511
v 1.242879 -0.206990 -0.088458
v 1.242879 -0.189615 -0.001107
v 1.242879 -0.206990 0.086244
v 1.242879 -0.256471 0.160297
v 1.242879 -0.330524 0.209777
v 1.242879 -0.417875 0.227152
v 1.319914 -0.507709 0.215771
v 1.319914 -0.583866 0.164884
v 1.319914 -0.634753 0.088727
v 1.319914 -0.652622 -0.001107
v 1.319914 -0.634753 -0.090941
v 1.319914 -0.583866 -0.167098
v 1.319914 -0.507709 -0.217985
v 1.319914 -0.417875 -0.235854
v 1.319914 -0.328041 -0.217985
v 1.319914 -0.251883 -0.167098
v 1.319914 -0.200997 -0.090941
v 1.319914 -0.183128 -0.001107
v 1.319914 -0.200997 0.088727
v 1.319914 -0.251883 0.164884
v 1.319914 -0.328041 0.215771
v 1.319914 -0.417875 0.233640
v 1.227960 -0.501823 0.201562
v 1.227960 -0.572991 0.154009
v 1.227960 -0.620544 0.082841
v 1.227960 -0.637242 -0.001107
v 1.227960 -0.620544 -0.085055
v 1.227960 -0.572991 -0.156223
v 1.227960 -0.501823 -0.203776
v 1.227960 -0.417875 -0.220474
v 1.227960 -0.333927 -0.203776
v 1.227960 -0.262759 -0.156223
v 1.227960 -0.215206 -0.085055
v 1.227960 -0.198508 -0.001107
v 1.227960 -0.215206 0.082841
v 1.227960 -0.262759 0.154009
v 1.227960 -0.333927 0.201562
v 1.227960 -0.417875 0.218260
v 1.099928 -0.475626 0.138318
v 1.099928 -0.524586 0.105604
v 1.099928 -0.557300 0.056645
v 1.099928 -0.568787 -0.001107
v 1.099928 -0.557300 -0.058859
v 1.099928 -0.524586 -0.107818
v 1.099928 -0.475626 -0.140532
v 1.099928 -0.417875 -0.152020
v 1.099928 -0.360123 -0.140532
v 1.099928 -0.311164 -0.107818
v 1.099928 -0.278450 -0.058859
v 1.099928 -0.266962 -0.001107
v 1.099928 -0.278450 0.056645
v 1.099928 -0.311164 0.105604
v 1.099928 -0.360123 0.138318
v 1.049956 -0.417875 -0.930730
v 0.600135 -0.417875 -0.795676
v 1.099928 -0.417875 -0.779817
v 0.600135 -0.469558 -0.805956
v 1.023180 -0.469558 -0.805956
v 0.600135 -0.513372 -0.835232
v 1.023180 -0.513372 -0.835232
v 0.600135 -0.542648 -0.879047
v 1.023180 -0.542649 -0.879047
v 0.600135 -0.552929 -0.930730
v 1.023180 -0.552929 -0.930730
v 0.600135 -0.542648 -0.982413
v 1.023180 -0.542649 -0.982413
v 0.600135 -0.513372 -1.026227
v 1.023180 -0.513372 -1.026227
v 0.600135 -0.469558 -1.055503
v 1.023180 -0.469558 -1.055503
v 0.600135 -0.417875 -1.065784
v 1.023180 -0.417875 -1.065784
v 0.600135 -0.366192 -1.055503
v 1.023180 -0.366192 -1.055503
v 0.600135 -0.322377 -1.026227
v 1.023180 -0.322377 -1.026227
v 0.600135 -0.293101 -0.982413
v 1.023180 -0.293101 -0.982413
v 0.600135 -0.282820 -0.930730
v 1.023180 -0.282820 -0.930730
v 0.600135 -0.293101 -0.879047
v 1.023180 -0.293101 -0.879047
v 0.600135 -0.322377 -0.835232
v 1.023180 -0.322377 -0.835232
v 0.600135 -0.366192 -0.805956
v 1.023180 -0.366192 -0.805956
v 1.023180 -0.417875 -0.795676
v 1.023180 -0.457656 -0.834690
v 1.023180 -0.491380 -0.857224
v 1.023180 -0.513914 -0.890949
v 1.023180 -0.521827 -0.930730
v 1.023180 -0.513914 -0.970511
v 1.023180 -0.491380 -1.004235
v 1.023180 -0.457656 -1.026769
v 1.023180 -0.417875 -1.034682
v 1.023180 -0.378094 -1.026769
v 1.023180 -0.344369 -1.004235
v 1.023180 -0.321835 -0.970511
v 1.023180 -0.313922 -0.930730
v 1.023180 -0.321835 -0.890949
v 1.023180 -0.344369 -0.857224
v 1.023180 -0.378094 -0.834690
v 1.023180 -0.417875 -0.826777
v 1.048244 -0.457656 -0.834690
v 1.048244 -0.491380 -0.857224
v 1.048244 -0.513914 -0.890949
v 1.048244 -0.521827 -0.930730
v 1.048244 -0.513914 -0.970511
v 1.048244 -0.491380 -1.004235
v 1.048244 -0.457656 -1.026769
v 1.048244 -0.417875 -1.034682
v 1.048244 -0.378094 -1.026769
v 1.048244 -0.344369 -1.004235
v 1.048244 -0.321835 -0.970511
v 1.048244 -0.313922 -0.930730
v 1.048244 -0.321835 -0.890949
v 1.048244 -0.344369 -0.857224
v 1.048244 -0.378094 -0.834690
v 1.048244 -0.417875 -0.826777
v 1.105323 -0.482465 -0.774795
v 1.105323 -0.537222 -0.811382
v 1.105323 -0.573809 -0.866139
v 1.105323 -0.586657 -0.930730
v 1.105323 -0.573809 -0.995320
v 1.105323 -0.537222 -1.050077
v 1.105323 -0.482465 -1.086664
v 1.105323 -0.417875 -1.099512
v 1.105323 -0.353284 -1.086664
v 1.105323 -0.298527 -1.050077
v 1.105323 -0.261940 -0.995320
v 1.105323 -0.249092 -0.930730
v 1.105323 -0.261940 -0.866139
v 1.105323 -0.298527 -0.811382
v 1.105323 -0.353284 -0.774795
v 1.105323 -0.417875 -0.761947
v 1.242879 -0.505226 -0.719845
v 1.242879 -0.579278 -0.769326
v 1.242879 -0.628759 -0.843379
v 1.242879 -0.646134 -0.930730
v 1.242879 -0.628759 -1.018081
v 1.242879 -0.579278 -1.092133
v 1.242879 -0.505226 -1.141614
v 1.242879 -0.417875 -1.158989
v 1.242879 -0.330524 -1.141614
v 1.242879 -0.256471 -1.092133
v 1.242879 -0.206990 -1.018081
v 1.242879 -0.189615 -0.930730
v 1.242879 -0.206990 -0.843379
v 1.242879 -0.256471 -0.769326
v 1.242879 -0.330524 -0.719845
v 1.242879 -0.417875 -0.702470
v 1.319914 -0.507709 -0.713852
v 1.319914 -0.583866 -0.764738
v 1.319914 -0.634753 -0.840896
v 1.319914 -0.652622 -0.930730
v 1.319914 -0.634753 -1.020564
v 1.319914 -0.583866 -1.096721
v 1.319914 -0.507709 -1.147608
v 1.319914 -0.417875 -1.165477
v 1.319914 -0.328041 -1.147608
v 1.319914 -0.251883 -1.096721
v 1.319914 -0.200997 -1.020564
v 1.319914 -0.183128 -0.930730
v 1.319914 -0.200997 -0.840896
v 1.319914 -0.251883 -0.764738
v 1.319914 -0.328041 -0.713852
v 1.319914 -0.417875 -0.695983
v 1.227960 -0.501823 -0.728061
v 1.227960 -0.572991 -0.775614
v 1.227960 -0.620544 -0.846781
v 1.227960 -0.637242 -0.930730
v 1.227960 -0.620544 -1.014678
v 1.227960 -0.572991 -1.085846
v 1.227960 -0.501823 -1.133399
v 1.227960 -0.417875 -1.150097
v 1.227960 -0.333927 -1.133399
v 1.227960 -0.262759 -1.085846
v 1.227960 -0.215206 -1.014678
v 1.227960 -0.198508 -0.930730
v 1.227960 -0.215206 -0.846781
v 1.227960 -0.262759 -0.775614
v 1.227960 -0.333927 -0.728061
v 1.227960 -0.417875 -0.711363
v 1.099928 -0.475626 -0.791305
v 1.099928 -0.524586 -0.824019
v 1.099928 -0.557300 -0.872978
v 1.099928 -0.568787 -0.930730
v 1.099928 -0.557300 -0.988481
v 1.099928 -0.524586 -1.037441
v 1.099928 -0.475626 -1.070155
v 1.099928 -0.417875 -1.081642
v 1.099928 -0.360123 -1.070155
v 1.099928 -0.311164 -1.037441
v 1.099928 -0.278450 -0.988481
v 1.099928 -0.266962 -0.930730
v 1.099928 -0.278450 -0.872978
v 1.099928 -0.311164 -0.824019
v 1.099928 -0.360123 -0.791305
v 1.049956 -0.417875 0.928516
v 0.600135 -0.417875 1.063570
v 1.099928 -0.417875 1.079428
v 0.600135 -0.469558 1.053290
v 1.023180 -0.469558 1.053290
v 0.600135 -0.513372 1.024014
v 1.023180 -0.513372 1.024014
v 0.600135 -0.542648 0.980199
v 1.023180 -0.542649 0.980199
v 0.600135 -0.552929 0.928516
v 1.023180 -0.552929 0.928516
v 0.600135 -0.542648 0.876833
v 1.023180 -0.542649 0.876833
v 0.600135 -0.513372 0.833018
v 1.023180 -0.513372 0.833018
v 0.600135 -0.469558 0.803742
v 1.023180 -0.469558 0.803742
v 0.600135 -0.417875 0.793462
v 1.023180 -0.417875 0.793462
v 0.600135 -0.366192 0.803742
v 1.023180 -0.366192 0.803742
v 0.600135 -0.322377 0.833018
v 1.023180 -0.322377 0.833018
v 0.600135 -0.293101 0.876833
v 1.023180 -0.293101 0.876833
v 0.600135 -0.282820 0.928516
v 1.023180 -0.282820 0.928516
v 0.600135 -0.293101 0.980199
v 1.023180 -0.293101 0.980199
v 0.600135 -0.322377 1.024014
v 1.023180 -0.322377 1.024014
v 0.600135 -0.366192 1.053290
v 1.023180 -0.366192 1.053290
v 1.023180 -0.417875 1.063570
v 1.023180 -0.457656 1.024555
v 1.023180 -0.491380 1.002021
v 1.023180 -0.513914 0.968297
v 1.023180 -0.521827 0.928516
v 1.023180 -0.513914 0.888735
v 1.023180 -0.491380 0.855011
v 1.023180 -0.457656 0.832476
v 1.023180 -0.417875 0.824564
v 1.023180 -0.378094 0.832476
v 1.023180 -0.344369 0.855011
v 1.023180 -0.321835 0.888735
v 1.023180 -0.313922 0.928516
v 1.023180 -0.321835 0.968297
v 1.023180 -0.344369 1.002021
v 1.023180 -0.378094 1.024555
v 1.023180 -0.417875 1.032468
v 1.048244 -0.457656 1.024555
v 1.048244 -0.491380 1.002021
v 1.048244 -0.513914 0.968297
v 1.048244 -0.521827 0.928516
v 1.048244 -0.513914 0.888735
v 1.048244 -0.491380 0.855011
v 1.048244 -0.457656 0.832476
v 1.048244 -0.417875 0.824564
v 1.048244 -0.378094 0.832476
v 1.048244 -0.344369 0.855011
v 1.048244 -0.321835 0.888735
v 1.048244 -0.313922 0.928516
v 1.048244 -0.321835 0.968297
v 1.048244 -0.344369 1.002021
v 1.048244 -0.378094 1.024555
v 1.048244 -0.417875 1.032468
v 1.105323 -0.482465 1.084451
v 1.105323 -0.537222 1.047863
v 1.105323 -0.573809 0.993106
v 1.105323 -0.586657 0.928516
v 1.105323 -0.573809 0.863926
v 1.105323 -0.537222 0.809169
v 1.105323 -0.482465 0.772581
v 1.105323 -0.417875 0.759733
v 1.105323 -0.353284 0.772581
v 1.105323 -0.298527 0.809169
v 1.105323 -0.261940 0.863926
v 1.105323 -0.249092 0.928516
v 1.105323 -0.261940 0.993106
v 1.105323 -0.298527 1.047863
v 1.105323 -0.353284 1.084451
v 1.105323 -0.417875 1.097298
v 1.242879 -0.505226 1.139400
v 1.242879 -0.579278 1.089920
v 1.242879 -0.628759 1.015867
v 1.242879 -0.646134 0.928516
v 1.242879 -0.628759 0.841165
v 1.242879 -0.579278 0.767112
v 1.242879 -0.505226 0.717632
v 1.242879 -0.417875 0.700256
v 1.242879 -0.330524 0.717632
v 1.242879 -0.256471 0.767112
v 1.242879 -0.206990 0.841165
v 1.242879 -0.189615 0.928516
v 1.242879 -0.206990 1.015867
v 1.242879 -0.256471 1.089920
v 1.242879 -0.330524 1.139400
v 1.242879 -0.417875 1.156775
v 1.319914 -0.507709 1.145394
v 1.319914 -0.583866 1.094507
v 1.319914 -0.634753 1.018350
v 1.319914 -0.652622 0.928516
v 1.319914 -0.634753 0.838682
v 1.319914 -0.583866 0.762525
v 1.319914 -0.507709 0.711638
v 1.319914 -0.417875 0.693769
v 1.319914 -0.328041 0.711638
v 1.319914 -0.251883 0.762525
v 1.319914 -0.200997 0.838682
v 1.319914 -0.183128 0.928516
v 1.319914 -0.200997 1.018350
v 1.319914 -0.251883 1.094507
v 1.319914 -0.328041 1.145394
v 1.319914 -0.417875 1.163263
v 1.227960 -0.501823 1.131185
v 1.227960 -0.572991 1.083632
v 1.227960 -0.620544 1.012464
v 1.227960 -0.637242 0.928516
v 1.227960 -0.620544 0.844568
v 1.227960 -0.572991 0.773400
v 1.227960 -0.501823 0.725847
v 1.227960 -0.417875 0.709149
v 1.227960 -0.333927 0.725847
v 1.227960 -0.262759 0.773400
v 1.227960 -0.215206 0.844568
v 1.227960 -0.198508 0.928516
v 1.227960 -0.215206 1.012464
v 1.227960 -0.262759 1.083632
v 1.227960 -0.333927 1.131185
v 1.227960 -0.417875 1.147883
v 1.099928 -0.475626 1.067941
v 1.099928 -0.524586 1.035227
v 1.099928 -0.557300 0.986268
v 1.099928 -0.568787 0.928516
v 1.099928 -0.557300 0.870764
v 1.099928 -0.524586 0.821805
v 1.099928 -0.475626 0.789091
v 1.099928 -0.417875 0.777603
v 1.099928 -0.360123 0.789091
v 1.099928 -0.311164 0.821805
v 1.099928 -0.278450 0.870764
v 1.099928 -0.266962 0.928516
v 1.099928 -0.278450 0.986268
v 1.099928 -0.311164 1.035227
v 1.099928 -0.360123 1.067941
v 0.456266 0.873205 0.511626
v 0.455958 1.038031 0.503783
v 0.453262 1.038031 0.499795
v 0.451156 1.038031 0.504124
v 0.458784 1.038031 0.505158
v 0.453039 1.038031 0.496659
v 0.448552 1.038031 0.505884
v 0.458784 1.042907 0.505158
v 0.453039 1.042907 0.496659
v 0.448552 1.042907 0.505884
v 0.456882 1.042907 0.504232
v 0.453189 1.042907 0.498769
v 0.450305 1.042907 0.504699
v 0.454856 1.057402 0.502542
v 0.452258 1.057402 0.498700
v 0.454054 1.057402 0.502152
v 0.450230 1.057402 0.502871
v 0.451892 1.071684 0.498950
v 0.452322 1.057402 0.499590
v 0.453625 1.071684 0.501513
v 0.461068 0.873205 0.511285
v 0.450539 1.071684 0.501732
v 0.450969 1.057402 0.502371
v 0.452019 1.071684 0.500731
v 0.438178 0.879232 0.419315
v 0.467323 0.879232 0.473743
v 0.467494 0.879232 0.478555
v 0.463543 1.038031 0.471772
v 0.459292 1.038031 0.469514
v 0.459462 1.038031 0.474325
v 0.466684 1.038031 0.471660
v 0.457625 1.038031 0.466849
v 0.457988 1.038031 0.477101
v 0.466684 1.042907 0.471660
v 0.457625 1.042907 0.466849
v 0.457988 1.042907 0.477101
v 0.464570 1.042907 0.471735
v 0.458746 1.042907 0.468643
v 0.458980 1.042907 0.475232
v 0.461988 1.057402 0.471193
v 0.457892 1.057402 0.469018
v 0.461097 1.057402 0.471225
v 0.458056 1.057402 0.473653
v 0.457686 1.071684 0.469410
v 0.458365 1.057402 0.469774
v 0.460418 1.071684 0.470861
v 0.471575 0.879232 0.476001
v 0.457796 1.071684 0.472501
v 0.458475 1.057402 0.472865
v 0.458633 1.071684 0.470924
v 0.442090 0.879232 0.422121
v 0.459492 0.879232 0.439911
v 0.461899 0.879232 0.444080
v 0.455229 1.038031 0.439942
v 0.450415 1.038031 0.439942
v 0.452822 1.038031 0.444111
v 0.457951 1.038031 0.438371
v 0.447693 1.038031 0.438371
v 0.452822 1.038031 0.447254
v 0.457951 1.042907 0.438371
v 0.447693 1.042907 0.438371
v 0.452822 1.042907 0.447254
v 0.456119 1.042907 0.439429
v 0.449525 1.042907 0.439429
v 0.452822 1.042907 0.445139
v 0.453584 1.057402 0.440161
v 0.448946 1.057402 0.440161
v 0.452811 1.057402 0.440607
v 0.451265 1.057402 0.444177
v 0.448948 1.071684 0.440604
v 0.449718 1.057402 0.440607
v 0.452041 1.071684 0.440604
v 0.464306 0.879232 0.439911
v 0.450495 1.071684 0.443283
v 0.451265 1.057402 0.443285
v 0.450495 1.071684 0.441497
v 0.434136 0.966095 0.528730
v 0.366814 0.951408 0.514914
v 0.348429 0.951013 0.482642
v 0.355112 0.951481 0.445957
v 0.383737 0.952592 0.422023
v 0.420909 0.953827 0.422040
v 0.449235 0.954607 0.446001
v 0.455462 0.954568 0.482692
v 0.436675 0.953728 0.514947
v 0.404250 0.921383 0.514568
v 0.377784 0.920310 0.504880
v 0.363823 0.919916 0.480373
v 0.368898 0.920384 0.452514
v 0.390635 0.921495 0.434339
v 0.418863 0.922729 0.434352
v 0.440374 0.923510 0.452547
v 0.445102 0.923471 0.480411
v 0.430836 0.922631 0.504904
v 0.409385 0.869826 0.532560
v 0.371109 0.868495 0.518647
v 0.350632 0.871370 0.483473
v 0.357536 0.877104 0.443497
v 0.388591 0.883015 0.417424
v 0.429265 0.886337 0.417453
v 0.460527 0.885515 0.443572
v 0.467749 0.880934 0.483559
v 0.447551 0.874738 0.518703
v 0.409436 0.869826 0.545271
v 0.362962 0.868495 0.528378
v 0.338100 0.871370 0.485672
v 0.346483 0.877104 0.437134
v 0.384188 0.883015 0.405476
v 0.433573 0.886337 0.405512
v 0.471530 0.885515 0.437225
v 0.480299 0.880934 0.485775
v 0.455776 0.874738 0.528446
v 0.409668 0.851230 0.545053
v 0.363160 0.850044 0.528245
v 0.338170 0.853846 0.485685
v 0.346393 0.860857 0.437288
v 0.383980 0.867797 0.405699
v 0.433344 0.871418 0.405699
v 0.471387 0.870026 0.437288
v 0.480309 0.864272 0.485685
v 0.455934 0.856849 0.528245
v 0.409750 0.851230 0.556371
v 0.355915 0.850044 0.536915
v 0.357984 0.777660 0.537329
v 0.326989 0.853846 0.487651
v 0.329414 0.775849 0.487744
v 0.336507 0.860857 0.431629
v 0.339336 0.776478 0.431359
v 0.380015 0.867797 0.395064
v 0.383109 0.779252 0.394556
v 0.437156 0.871418 0.395064
v 0.440249 0.782872 0.394556
v 0.481192 0.870026 0.431629
v 0.484022 0.785646 0.431359
v 0.491519 0.864272 0.487651
v 0.493944 0.786275 0.487744
v 0.463304 0.856849 0.536915
v 0.465374 0.784465 0.537329
v 0.401665 0.952480 0.527672
v 0.411679 0.781062 0.556911
v 0.402004 0.952856 0.473210
v 0.413062 0.937957 0.437556
v 0.458372 0.873205 0.507297
v 0.451677 1.003776 0.524659
v 0.432197 1.071684 0.523955
v 0.430501 1.057402 0.524910
v 0.430422 1.071684 0.524144
v 0.434304 0.868154 0.531768
v 0.433249 1.071684 0.525398
v 0.433000 1.057402 0.523088
v 0.432921 1.071684 0.522322
v 0.429614 1.057402 0.525005
v 0.433328 1.057402 0.526164
v 0.433362 1.057402 0.522273
v 0.433853 1.057402 0.526885
v 0.428822 1.042907 0.526655
v 0.434151 1.042907 0.522771
v 0.434851 1.042907 0.529328
v 0.426719 1.042907 0.526879
v 0.435009 1.042907 0.520837
v 0.436097 1.042907 0.531037
v 0.426719 1.038031 0.526879
v 0.435009 1.038031 0.520837
v 0.436097 1.038031 0.531037
v 0.429844 1.038031 0.526546
v 0.433735 1.038031 0.523710
v 0.434245 1.038031 0.528497
v 0.429903 0.868154 0.529817
v 0.433794 0.868154 0.526981
v 0.434353 0.966108 0.528605
v 0.403799 1.071684 0.535168
v 0.401852 1.057402 0.535217
v 0.402142 1.071684 0.534503
v 0.402802 0.867201 0.538345
v 0.404051 1.071684 0.536936
v 0.404914 1.057402 0.534780
v 0.405204 1.071684 0.534066
v 0.401025 1.057402 0.534884
v 0.403762 1.057402 0.537650
v 0.405616 1.057402 0.534229
v 0.403888 1.057402 0.538533
v 0.399552 1.042907 0.535970
v 0.406080 1.042907 0.535039
v 0.403622 1.042907 0.541158
v 0.397589 1.042907 0.535182
v 0.407744 1.042907 0.533733
v 0.403921 1.042907 0.543252
v 0.397589 1.038031 0.535182
v 0.407744 1.038031 0.533733
v 0.403921 1.038031 0.543252
v 0.400506 1.038031 0.536353
v 0.405271 1.038031 0.535673
v 0.403477 1.038031 0.540141
v 0.399831 0.867201 0.534557
v 0.404597 0.867201 0.533877
v 0.436466 1.038031 0.418207
v 0.373459 1.071684 0.531753
v 0.371717 1.057402 0.530882
v 0.372307 1.071684 0.530388
v 0.377840 0.862968 0.530313
v 0.372852 1.071684 0.533433
v 0.374626 1.057402 0.531933
v 0.375216 1.071684 0.531438
v 0.371142 1.057402 0.530201
v 0.372262 1.057402 0.533927
v 0.375504 1.057402 0.531776
v 0.371959 1.057402 0.534766
v 0.369331 1.042907 0.530469
v 0.375534 1.042907 0.532709
v 0.370493 1.042907 0.536960
v 0.367968 1.042907 0.528852
v 0.377616 1.042907 0.532336
v 0.369775 1.042907 0.538950
v 0.367968 1.038031 0.528852
v 0.377616 1.038031 0.532336
v 0.369775 1.038031 0.538950
v 0.369994 1.038031 0.531255
v 0.374522 1.038031 0.532890
v 0.370842 1.038031 0.535994
v 0.376992 0.862968 0.525575
v 0.381520 0.862968 0.527210
v 0.381011 0.999675 0.543626
v 0.348264 1.071684 0.514506
v 0.347134 1.057402 0.512920
v 0.347887 1.071684 0.512761
v 0.356743 0.864496 0.510181
v 0.346941 1.071684 0.515705
v 0.349211 1.057402 0.515213
v 0.349964 1.071684 0.515053
v 0.346946 1.057402 0.512049
v 0.346187 1.057402 0.515865
v 0.350060 1.057402 0.515486
v 0.345526 1.057402 0.516464
v 0.345221 1.042907 0.511437
v 0.349648 1.042907 0.516324
v 0.343203 1.042907 0.517715
v 0.344775 1.042907 0.509369
v 0.351662 1.042907 0.516971
v 0.341635 1.042907 0.519135
v 0.344775 1.038031 0.509369
v 0.351662 1.038031 0.516971
v 0.341635 1.038031 0.519135
v 0.345438 1.038031 0.512441
v 0.348670 1.038031 0.516009
v 0.343964 1.038031 0.517024
v 0.358217 0.864496 0.505598
v 0.361449 0.864496 0.509166
v 0.470606 1.004981 0.453873
v 0.334101 1.071684 0.487458
v 0.333847 1.057402 0.485527
v 0.334587 1.071684 0.485739
v 0.342583 0.869385 0.486177
v 0.332370 1.071684 0.487896
v 0.334606 1.057402 0.488525
v 0.335347 1.071684 0.488738
v 0.334090 1.057402 0.484669
v 0.331630 1.057402 0.487684
v 0.335228 1.057402 0.489165
v 0.330765 1.057402 0.487902
v 0.332854 1.042907 0.483320
v 0.334472 1.042907 0.489712
v 0.328127 1.042907 0.487917
v 0.333429 1.042907 0.481284
v 0.335947 1.042907 0.491228
v 0.326076 1.042907 0.488436
v 0.333429 1.038031 0.481284
v 0.335947 1.038031 0.491228
v 0.326076 1.038031 0.488436
v 0.332574 1.038031 0.484309
v 0.333755 1.038031 0.488975
v 0.329123 1.038031 0.487665
v 0.346034 0.869385 0.482821
v 0.347216 0.869385 0.487488
v 0.432080 1.038031 0.420192
v 0.334279 1.071684 0.456926
v 0.334960 1.057402 0.455102
v 0.335515 1.071684 0.455636
v 0.345604 0.872135 0.455561
v 0.332545 1.071684 0.456501
v 0.334224 1.057402 0.458106
v 0.334779 1.071684 0.458641
v 0.335577 1.057402 0.454458
v 0.331991 1.057402 0.455966
v 0.334474 1.057402 0.458962
v 0.331124 1.057402 0.455754
v 0.335118 1.042907 0.452686
v 0.333549 1.042907 0.459091
v 0.328787 1.042907 0.454530
v 0.336581 1.042907 0.451158
v 0.334141 1.042907 0.461122
v 0.326732 1.042907 0.454026
v 0.336581 1.038031 0.451158
v 0.334141 1.038031 0.461122
v 0.326732 1.038031 0.454026
v 0.334407 1.038031 0.453428
v 0.333262 1.038031 0.458104
v 0.329785 1.038031 0.454774
v 0.350226 0.872135 0.454215
v 0.349081 0.872135 0.458891
v 0.451677 1.003776 0.421021
v 0.348757 1.071684 0.430044
v 0.350214 1.057402 0.428752
v 0.350452 1.071684 0.429485
v 0.362250 0.870303 0.429002
v 0.347424 1.071684 0.428856
v 0.348155 1.057402 0.431061
v 0.348393 1.071684 0.431793
v 0.351060 1.057402 0.428473
v 0.347185 1.057402 0.428123
v 0.347973 1.057402 0.431934
v 0.346520 1.057402 0.427530
v 0.351486 1.042907 0.426693
v 0.347096 1.042907 0.431614
v 0.345030 1.042907 0.425352
v 0.353495 1.042907 0.426030
v 0.346666 1.042907 0.433685
v 0.343451 1.042907 0.423944
v 0.353495 1.038031 0.426030
v 0.346666 1.038031 0.433685
v 0.343451 1.038031 0.423944
v 0.350510 1.038031 0.427015
v 0.347305 1.038031 0.430608
v 0.345797 1.038031 0.426036
v 0.366964 0.870303 0.429981
v 0.363759 0.870303 0.433574
v 0.457862 0.967472 0.440717
v 0.374150 1.071684 0.413093
v 0.376043 1.057402 0.412635
v 0.375911 1.071684 0.413394
v 0.385059 0.876767 0.409748
v 0.373531 1.071684 0.411418
v 0.373142 1.057402 0.413708
v 0.361037 1.062199 0.482294
v 0.373010 1.071684 0.414467
v 0.376922 1.057402 0.412785
v 0.373664 1.057402 0.410659
v 0.372573 1.057402 0.414394
v 0.373354 1.057402 0.409823
v 0.378133 1.042907 0.411413
v 0.371948 1.042907 0.413700
v 0.373060 1.042907 0.407201
v 0.380218 1.042907 0.411770
v 0.346729 0.961174 0.440842
v 0.370597 1.042907 0.415328
v 0.372326 1.042907 0.405216
v 0.380218 1.038031 0.411770
v 0.370597 1.038031 0.415328
v 0.372326 1.038031 0.405216
v 0.377120 1.038031 0.411240
v 0.372605 1.038031 0.412910
v 0.373416 1.038031 0.408164
v 0.388762 0.876767 0.412823
v 0.384247 0.876767 0.414493
v 0.381010 0.999674 0.402054
v 0.404529 1.071684 0.410031
v 0.406415 1.057402 0.410515
v 0.405942 1.071684 0.411123
v 0.412827 0.879232 0.408559
v 0.404767 1.071684 0.408262
v 0.403350 1.057402 0.410102
v 0.401825 0.964067 0.537771
v 0.434197 0.965881 0.528563
v 0.370476 1.062747 0.498669
v 0.402877 1.071684 0.410710
v 0.405700 1.064791 0.508124
v 0.402057 0.964385 0.408844
v 0.407121 1.057402 0.411060
v 0.405240 1.057402 0.407654
v 0.402525 1.057402 0.410441
v 0.405359 1.057402 0.406770
v 0.408834 1.042907 0.410416
v 0.402299 1.042907 0.409535
v 0.406329 1.042907 0.404316
v 0.410508 1.042907 0.411709
v 0.400342 1.042907 0.410339
v 0.406612 1.042907 0.402220
v 0.410508 1.038031 0.411709
v 0.400342 1.038031 0.410339
v 0.406612 1.038031 0.402220
v 0.408020 1.038031 0.409788
v 0.403249 1.038031 0.409145
v 0.406192 1.038031 0.405334
v 0.414656 0.879232 0.413012
v 0.409885 0.879232 0.412369
v 0.394033 0.936482 0.508425
v 0.432794 1.071684 0.421576
v 0.434234 1.057402 0.422887
v 0.433531 1.071684 0.423203
v 0.442564 0.879232 0.417330
v 0.433835 1.071684 0.420124
v 0.431720 1.057402 0.421085
v 0.361037 1.062199 0.463386
v 0.429410 0.938906 0.498669
v 0.431017 1.071684 0.421400
v 0.434601 1.057402 0.423700
v 0.434538 1.057402 0.419809
v 0.386628 1.064054 0.508425
v 0.430833 1.057402 0.420997
v 0.438848 0.939454 0.482294
v 0.435058 1.057402 0.419085
v 0.434002 0.966239 0.528262
v 0.436416 1.042907 0.423934
v 0.338170 0.960677 0.472840
v 0.370475 1.062747 0.447010
v 0.333939 1.033559 0.472840
v 0.431058 1.042907 0.420091
v 0.437065 1.042907 0.417372
v 0.368399 0.935365 0.482294
v 0.429771 1.039122 0.417418
v 0.437289 1.042907 0.425861
v 0.348213 0.997771 0.421021
v 0.395735 1.073132 0.472851
v 0.428953 1.042907 0.419883
v 0.438298 1.042907 0.415653
v 0.437289 1.038031 0.425861
v 0.348214 0.997771 0.524659
v 0.461715 1.040976 0.472840
v 0.429409 0.938906 0.447010
v 0.365883 1.035413 0.417418
v 0.465946 0.968094 0.472840
v 0.431486 1.066288 0.463386
v 0.438848 0.939454 0.463386
v 0.457386 0.967597 0.504838
v 0.429888 1.039281 0.528730
v 0.418874 1.001978 0.402054
v 0.386823 1.063695 0.437556
v 0.370114 0.962531 0.528262
v 0.405700 1.064791 0.437556
v 0.397827 1.037267 0.408844
v 0.422047 1.065740 0.498669
v 0.394185 0.936861 0.437556
v 0.418875 1.001978 0.543626
v 0.453156 1.040479 0.504838
v 0.397828 1.037268 0.536836
v 0.428953 1.038031 0.419883
v 0.365884 1.035413 0.528262
v 0.370113 0.962531 0.417418
v 0.438298 1.038031 0.415653
v 0.435992 1.038031 0.422998
v 0.434001 0.966239 0.417418
v 0.342499 1.034056 0.440842
v 0.422047 1.065740 0.447010
v 0.470606 1.004981 0.491807
v 0.413096 0.937591 0.508474
v 0.453156 1.040479 0.440842
v 0.377838 0.935913 0.498669
v 0.368120 0.934978 0.463212
v 0.431486 1.066288 0.482294
v 0.439170 0.939102 0.463212
v 0.377837 0.935912 0.447010
v 0.329279 0.996672 0.491807
v 0.342499 1.034056 0.504838
v 0.346729 0.961174 0.504838
v 0.329279 0.996672 0.453873
v 0.438178 0.879232 -0.419315
v 0.442090 0.879232 -0.422121
v 0.434136 0.966095 -0.528730
v 0.451677 1.003776 -0.524659
v 0.434353 0.966108 -0.528605
v 0.436466 1.038031 -0.418207
v 0.381011 0.999675 -0.543626
v 0.470606 1.004981 -0.453873
v 0.432080 1.038031 -0.420192
v 0.451677 1.003776 -0.421021
v 0.457862 0.967472 -0.440717
v 0.381010 0.999674 -0.402054
v 0.394033 0.936482 -0.508425
v 0.329279 0.996672 -0.453873
v 0.346729 0.961174 -0.504838
v 0.342499 1.034056 -0.504838
v 0.329279 0.996672 -0.491807
v 0.377837 0.935912 -0.447010
v 0.439170 0.939102 -0.463212
v 0.431486 1.066288 -0.482294
v 0.368120 0.934978 -0.463212
v 0.377838 0.935913 -0.498669
v 0.453156 1.040479 -0.440842
v 0.413096 0.937591 -0.508474
v 0.470606 1.004981 -0.491807
v 0.422047 1.065740 -0.447010
v 0.342499 1.034056 -0.440842
v 0.434001 0.966239 -0.417418
v 0.435992 1.038031 -0.422998
v 0.438298 1.038031 -0.415653
v 0.370113 0.962531 -0.417418
v 0.365884 1.035413 -0.528262
v 0.428953 1.038031 -0.419883
v 0.397828 1.037268 -0.536836
v 0.453156 1.040479 -0.504838
v 0.418875 1.001978 -0.543626
v 0.394185 0.936861 -0.437556
v 0.422047 1.065740 -0.498669
v 0.397827 1.037267 -0.408844
v 0.405700 1.064791 -0.437556
v 0.370114 0.962531 -0.528262
v 0.386823 1.063695 -0.437556
v 0.418874 1.001978 -0.402054
v 0.429888 1.039281 -0.528730
v 0.457386 0.967597 -0.504838
v 0.438848 0.939454 -0.463386
v 0.431486 1.066288 -0.463386
v 0.465946 0.968094 -0.472840
v 0.365883 1.035413 -0.417418
v 0.429409 0.938906 -0.447010
v 0.461715 1.040976 -0.472840
v 0.348214 0.997771 -0.524659
v 0.437289 1.038031 -0.425861
v 0.438298 1.042907 -0.415653
v 0.428953 1.042907 -0.419883
v 0.395735 1.073132 -0.472851
v 0.348213 0.997771 -0.421021
v 0.437289 1.042907 -0.425861
v 0.429771 1.039122 -0.417418
v 0.368399 0.935365 -0.482294
v 0.437065 1.042907 -0.417372
v 0.431058 1.042907 -0.420091
v 0.333939 1.033559 -0.472840
v 0.370475 1.062747 -0.447010
v 0.338170 0.960677 -0.472840
v 0.436416 1.042907 -0.423934
v 0.434002 0.966239 -0.528262
v 0.435058 1.057402 -0.419085
v 0.438848 0.939454 -0.482294
v 0.430833 1.057402 -0.420997
v 0.386628 1.064054 -0.508425
v 0.434538 1.057402 -0.419809
v 0.434601 1.057402 -0.423700
v 0.431017 1.071684 -0.421400
v 0.429410 0.938906 -0.498669
v 0.361037 1.062199 -0.463386
v 0.431720 1.057402 -0.421085
v 0.433835 1.071684 -0.420124
v 0.442564 0.879232 -0.417330
v 0.433531 1.071684 -0.423203
v 0.434234 1.057402 -0.422887
v 0.432794 1.071684 -0.421576
v 0.409885 0.879232 -0.412369
v 0.414656 0.879232 -0.413012
v 0.406192 1.038031 -0.405334
v 0.403249 1.038031 -0.409145
v 0.408020 1.038031 -0.409788
v 0.406612 1.038031 -0.402220
v 0.400342 1.038031 -0.410339
v 0.410508 1.038031 -0.411709
v 0.406612 1.042907 -0.402220
v 0.400342 1.042907 -0.410339
v 0.410508 1.042907 -0.411709
v 0.406329 1.042907 -0.404316
v 0.402299 1.042907 -0.409535
v 0.408834 1.042907 -0.410416
v 0.405359 1.057402 -0.406770
v 0.402525 1.057402 -0.410441
v 0.405240 1.057402 -0.407654
v 0.407121 1.057402 -0.411060
v 0.402057 0.964385 -0.408844
v 0.405700 1.064791 -0.508124
v 0.402877 1.071684 -0.410710
v 0.370476 1.062747 -0.498669
v 0.434197 0.965881 -0.528563
v 0.401825 0.964067 -0.537771
v 0.403350 1.057402 -0.410102
v 0.404767 1.071684 -0.408262
v 0.412827 0.879232 -0.408559
v 0.405942 1.071684 -0.411123
v 0.406415 1.057402 -0.410515
v 0.404529 1.071684 -0.410031
v 0.384247 0.876767 -0.414493
v 0.388762 0.876767 -0.412823
v 0.373416 1.038031 -0.408164
v 0.372605 1.038031 -0.412910
v 0.377120 1.038031 -0.411240
v 0.372326 1.038031 -0.405216
v 0.370597 1.038031 -0.415328
v 0.380218 1.038031 -0.411770
v 0.372326 1.042907 -0.405216
v 0.370597 1.042907 -0.415328
v 0.346729 0.961174 -0.440842
v 0.380218 1.042907 -0.411770
v 0.373060 1.042907 -0.407201
v 0.371948 1.042907 -0.413700
v 0.378133 1.042907 -0.411413
v 0.373354 1.057402 -0.409823
v 0.372573 1.057402 -0.414394
v 0.373664 1.057402 -0.410659
v 0.376922 1.057402 -0.412785
v 0.373010 1.071684 -0.414467
v 0.361037 1.062199 -0.482294
v 0.373142 1.057402 -0.413708
v 0.373531 1.071684 -0.411418
v 0.385059 0.876767 -0.409748
v 0.375911 1.071684 -0.413394
v 0.376043 1.057402 -0.412635
v 0.374150 1.071684 -0.413093
v 0.363759 0.870303 -0.433574
v 0.366964 0.870303 -0.429981
v 0.345797 1.038031 -0.426036
v 0.347305 1.038031 -0.430608
v 0.350510 1.038031 -0.427015
v 0.343451 1.038031 -0.423944
v 0.346666 1.038031 -0.433685
v 0.353495 1.038031 -0.426030
v 0.343451 1.042907 -0.423944
v 0.346666 1.042907 -0.433685
v 0.353495 1.042907 -0.426030
v 0.345030 1.042907 -0.425352
v 0.347096 1.042907 -0.431614
v 0.351486 1.042907 -0.426693
v 0.346520 1.057402 -0.427530
v 0.347973 1.057402 -0.431934
v 0.347185 1.057402 -0.428123
v 0.351060 1.057402 -0.428473
v 0.348393 1.071684 -0.431793
v 0.348155 1.057402 -0.431061
v 0.347424 1.071684 -0.428856
v 0.362250 0.870303 -0.429002
v 0.350452 1.071684 -0.429485
v 0.350214 1.057402 -0.428752
v 0.348757 1.071684 -0.430044
v 0.349081 0.872135 -0.458891
v 0.350226 0.872135 -0.454215
v 0.329785 1.038031 -0.454774
v 0.333262 1.038031 -0.458104
v 0.334407 1.038031 -0.453428
v 0.326732 1.038031 -0.454026
v 0.334141 1.038031 -0.461122
v 0.336581 1.038031 -0.451158
v 0.326732 1.042907 -0.454026
v 0.334141 1.042907 -0.461122
v 0.336581 1.042907 -0.451158
v 0.328787 1.042907 -0.454530
v 0.333549 1.042907 -0.459091
v 0.335118 1.042907 -0.452686
v 0.331124 1.057402 -0.455754
v 0.334474 1.057402 -0.458962
v 0.331991 1.057402 -0.455966
v 0.335577 1.057402 -0.454458
v 0.334779 1.071684 -0.458641
v 0.334224 1.057402 -0.458106
v 0.332545 1.071684 -0.456501
v 0.345604 0.872135 -0.455561
v 0.335515 1.071684 -0.455636
v 0.334960 1.057402 -0.455102
v 0.334279 1.071684 -0.456926
v 0.347216 0.869385 -0.487488
v 0.346034 0.869385 -0.482821
v 0.329123 1.038031 -0.487665
v 0.333755 1.038031 -0.488975
v 0.332574 1.038031 -0.484309
v 0.326076 1.038031 -0.488436
v 0.335947 1.038031 -0.491228
v 0.333429 1.038031 -0.481284
v 0.326076 1.042907 -0.488436
v 0.335947 1.042907 -0.491228
v 0.333429 1.042907 -0.481284
v 0.328127 1.042907 -0.487917
v 0.334472 1.042907 -0.489712
v 0.332854 1.042907 -0.483320
v 0.330765 1.057402 -0.487902
v 0.335228 1.057402 -0.489165
v 0.331630 1.057402 -0.487684
v 0.334090 1.057402 -0.484669
v 0.335347 1.071684 -0.488738
v 0.334606 1.057402 -0.488525
v 0.332370 1.071684 -0.487896
v 0.342583 0.869385 -0.486177
v 0.334587 1.071684 -0.485739
v 0.333847 1.057402 -0.485527
v 0.334101 1.071684 -0.487458
v 0.361449 0.864496 -0.509166
v 0.358217 0.864496 -0.505598
v 0.343964 1.038031 -0.517024
v 0.348670 1.038031 -0.516009
v 0.345438 1.038031 -0.512441
v 0.341635 1.038031 -0.519135
v 0.351662 1.038031 -0.516971
v 0.344775 1.038031 -0.509369
v 0.341635 1.042907 -0.519135
v 0.351662 1.042907 -0.516971
v 0.344775 1.042907 -0.509369
v 0.343203 1.042907 -0.517715
v 0.349648 1.042907 -0.516324
v 0.345221 1.042907 -0.511437
v 0.345526 1.057402 -0.516464
v 0.350060 1.057402 -0.515486
v 0.346187 1.057402 -0.515865
v 0.346946 1.057402 -0.512049
v 0.349964 1.071684 -0.515053
v 0.349211 1.057402 -0.515213
v 0.346941 1.071684 -0.515705
v 0.356743 0.864496 -0.510181
v 0.347887 1.071684 -0.512761
v 0.347134 1.057402 -0.512920
v 0.348264 1.071684 -0.514506
v 0.381520 0.862968 -0.527210
v 0.376992 0.862968 -0.525575
v 0.370842 1.038031 -0.535994
v 0.374522 1.038031 -0.532890
v 0.369994 1.038031 -0.531255
v 0.369775 1.038031 -0.538950
v 0.377616 1.038031 -0.532336
v 0.367968 1.038031 -0.528852
v 0.369775 1.042907 -0.538950
v 0.377616 1.042907 -0.532336
v 0.367968 1.042907 -0.528852
v 0.370493 1.042907 -0.536960
v 0.375534 1.042907 -0.532709
v 0.369331 1.042907 -0.530469
v 0.371959 1.057402 -0.534766
v 0.375504 1.057402 -0.531776
v 0.372262 1.057402 -0.533927
v 0.371142 1.057402 -0.530201
v 0.375216 1.071684 -0.531438
v 0.374626 1.057402 -0.531933
v 0.372852 1.071684 -0.533433
v 0.377840 0.862968 -0.530313
v 0.372307 1.071684 -0.530388
v 0.371717 1.057402 -0.530882
v 0.373459 1.071684 -0.531753
v 0.404597 0.867201 -0.533877
v 0.399831 0.867201 -0.534557
v 0.403477 1.038031 -0.540141
v 0.405271 1.038031 -0.535673
v 0.400506 1.038031 -0.536353
v 0.403921 1.038031 -0.543252
v 0.407744 1.038031 -0.533733
v 0.397589 1.038031 -0.535182
v 0.403921 1.042907 -0.543252
v 0.407744 1.042907 -0.533733
v 0.397589 1.042907 -0.535182
v 0.403622 1.042907 -0.541158
v 0.406080 1.042907 -0.535039
v 0.399552 1.042907 -0.535970
v 0.403888 1.057402 -0.538533
v 0.405616 1.057402 -0.534229
v 0.403762 1.057402 -0.537650
v 0.401025 1.057402 -0.534884
v 0.405204 1.071684 -0.534066
v 0.404914 1.057402 -0.534780
v 0.404051 1.071684 -0.536936
v 0.402802 0.867201 -0.538345
v 0.402142 1.071684 -0.534503
v 0.401852 1.057402 -0.535217
v 0.403799 1.071684 -0.535168
v 0.433794 0.868154 -0.526981
v 0.429903 0.868154 -0.529817
v 0.434245 1.038031 -0.528497
v 0.433735 1.038031 -0.523710
v 0.429844 1.038031 -0.526546
v 0.436097 1.038031 -0.531037
v 0.435009 1.038031 -0.520837
v 0.426719 1.038031 -0.526879
v 0.436097 1.042907 -0.531037
v 0.435009 1.042907 -0.520837
v 0.426719 1.042907 -0.526879
v 0.434851 1.042907 -0.529328
v 0.434151 1.042907 -0.522771
v 0.428822 1.042907 -0.526655
v 0.433853 1.057402 -0.526885
v 0.433362 1.057402 -0.522273
v 0.433328 1.057402 -0.526164
v 0.429614 1.057402 -0.525005
v 0.432921 1.071684 -0.522322
v 0.433000 1.057402 -0.523088
v 0.433249 1.071684 -0.525398
v 0.434304 0.868154 -0.531768
v 0.430422 1.071684 -0.524144
v 0.430501 1.057402 -0.524910
v 0.432197 1.071684 -0.523955
v 0.458372 0.873205 -0.507297
v 0.413062 0.937957 -0.437556
v 0.402004 0.952856 -0.473210
v 0.411679 0.781062 -0.556911
v 0.401665 0.952480 -0.527672
v 0.465374 0.784465 -0.537329
v 0.463304 0.856849 -0.536915
v 0.493944 0.786275 -0.487744
v 0.491519 0.864272 -0.487651
v 0.484022 0.785646 -0.431359
v 0.481192 0.870026 -0.431629
v 0.440249 0.782872 -0.394556
v 0.437156 0.871418 -0.395064
v 0.383109 0.779252 -0.394556
v 0.380015 0.867797 -0.395064
v 0.339336 0.776478 -0.431359
v 0.336507 0.860857 -0.431629
v 0.329414 0.775849 -0.487744
v 0.326989 0.853846 -0.487651
v 0.357984 0.777660 -0.537329
v 0.355915 0.850044 -0.536915
v 0.409750 0.851230 -0.556371
v 0.455934 0.856849 -0.528245
v 0.480309 0.864272 -0.485685
v 0.471387 0.870026 -0.437288
v 0.433344 0.871418 -0.405699
v 0.383980 0.867797 -0.405699
v 0.346393 0.860857 -0.437288
v 0.338170 0.853846 -0.485685
v 0.363160 0.850044 -0.528245
v 0.409668 0.851230 -0.545053
v 0.455776 0.874738 -0.528446
v 0.480299 0.880934 -0.485775
v 0.471530 0.885515 -0.437225
v 0.433573 0.886337 -0.405512
v 0.384188 0.883015 -0.405476
v 0.346483 0.877104 -0.437134
v 0.338100 0.871370 -0.485672
v 0.362962 0.868495 -0.528378
v 0.409436 0.869826 -0.545271
v 0.447551 0.874738 -0.518703
v 0.467749 0.880934 -0.483559
v 0.460527 0.885515 -0.443572
v 0.429265 0.886337 -0.417453
v 0.388591 0.883015 -0.417424
v 0.357536 0.877104 -0.443497
v 0.350632 0.871370 -0.483473
v 0.371109 0.868495 -0.518647
v 0.409385 0.869826 -0.532560
v 0.430836 0.922631 -0.504904
v 0.445102 0.923471 -0.480411
v 0.440374 0.923510 -0.452547
v 0.418863 0.922729 -0.434352
v 0.390635 0.921495 -0.434339
v 0.368898 0.920384 -0.452514
v 0.363823 0.919916 -0.480373
v 0.377784 0.920310 -0.504880
v 0.404250 0.921383 -0.514568
v 0.436675 0.953728 -0.514947
v 0.455462 0.954568 -0.482692
v 0.449235 0.954607 -0.446001
v 0.420909 0.953827 -0.422040
v 0.383737 0.952592 -0.422023
v 0.355112 0.951481 -0.445957
v 0.348429 0.951013 -0.482642
v 0.366814 0.951408 -0.514914
v 0.450495 1.071684 -0.441497
v 0.451265 1.057402 -0.443285
v 0.450495 1.071684 -0.443283
v 0.464306 0.879232 -0.439911
v 0.452041 1.071684 -0.440604
v 0.449718 1.057402 -0.440607
v 0.448948 1.071684 -0.440604
v 0.451265 1.057402 -0.444177
v 0.452811 1.057402 -0.440607
v 0.448946 1.057402 -0.440161
v 0.453584 1.057402 -0.440161
v 0.452822 1.042907 -0.445139
v 0.449525 1.042907 -0.439429
v 0.456119 1.042907 -0.439429
v 0.452822 1.042907 -0.447254
v 0.447693 1.042907 -0.438371
v 0.457951 1.042907 -0.438371
v 0.452822 1.038031 -0.447254
v 0.447693 1.038031 -0.438371
v 0.457951 1.038031 -0.438371
v 0.452822 1.038031 -0.444111
v 0.450415 1.038031 -0.439942
v 0.455229 1.038031 -0.439942
v 0.461899 0.879232 -0.444080
v 0.459492 0.879232 -0.439911
v 0.458633 1.071684 -0.470924
v 0.458475 1.057402 -0.472865
v 0.457796 1.071684 -0.472501
v 0.471575 0.879232 -0.476001
v 0.460418 1.071684 -0.470861
v 0.458365 1.057402 -0.469774
v 0.457686 1.071684 -0.469410
v 0.458056 1.057402 -0.473653
v 0.461097 1.057402 -0.471225
v 0.457892 1.057402 -0.469018
v 0.461988 1.057402 -0.471193
v 0.458980 1.042907 -0.475232
v 0.458746 1.042907 -0.468643
v 0.464570 1.042907 -0.471735
v 0.457988 1.042907 -0.477101
v 0.457625 1.042907 -0.466849
v 0.466684 1.042907 -0.471660
v 0.457988 1.038031 -0.477101
v 0.457625 1.038031 -0.466849
v 0.466684 1.038031 -0.471660
v 0.459462 1.038031 -0.474325
v 0.459292 1.038031 -0.469514
v 0.463543 1.038031 -0.471772
v 0.467494 0.879232 -0.478555
v 0.467323 0.879232 -0.473743
v 0.452019 1.071684 -0.500731
v 0.450969 1.057402 -0.502371
v 0.450539 1.071684 -0.501732
v 0.461068 0.873205 -0.511285
v 0.453625 1.071684 -0.501513
v 0.452322 1.057402 -0.499590
v 0.451892 1.071684 -0.498950
v 0.450230 1.057402 -0.502871
v 0.454054 1.057402 -0.502152
v 0.452258 1.057402 -0.498700
v 0.454856 1.057402 -0.502542
v 0.450305 1.042907 -0.504699
v 0.453189 1.042907 -0.498769
v 0.456882 1.042907 -0.504232
v 0.448552 1.042907 -0.505884
v 0.453039 1.042907 -0.496659
v 0.458784 1.042907 -0.505158
v 0.448552 1.038031 -0.505884
v 0.453039 1.038031 -0.496659
v 0.458784 1.038031 -0.505158
v 0.451156 1.038031 -0.504124
v 0.453262 1.038031 -0.499795
v 0.455958 1.038031 -0.503783
v 0.456266 0.873205 -0.511626
v 0.731813 -0.419919 -1.915010
v 0.904621 -0.282161 1.915010
v 0.888528 -0.538269 -1.915010
v 1.381082 -0.923409 0.000001
v 0.904621 -0.282161 -1.915010
v 1.402760 0.094343 0.000001
v 0.731813 -0.419919 1.915010
v 0.732696 -0.421629 0.000000
v 0.888528 -0.538269 1.915010
v 0.728522 -0.533729 -0.268792
v 0.790556 -0.509609 -1.842460
v 0.918291 -0.533729 -0.268792
v 0.728523 -0.230485 -0.268792
v 0.790556 -0.276232 -1.842460
v 0.728524 -0.276232 -1.842460
v 0.728524 -0.509609 -1.842460
v 0.918291 -0.230485 -0.268792
v 0.728522 -0.533729 0.268792
v 0.790556 -0.509609 1.842460
v 0.918291 -0.533729 0.268792
v 0.728523 -0.230485 0.268792
v 0.790556 -0.276232 1.842460
v 0.728524 -0.276232 1.842460
v 0.728524 -0.509609 1.842460
v 0.918291 -0.230485 0.268792
v 0.747872 -0.402139 1.874430
v 0.745121 -0.427779 1.874260
v 1.013246 -0.220877 1.294570
v 0.891546 -0.556099 1.871600
v 0.848194 -0.432649 1.808690
v 0.886245 -0.280681 -1.913120
v 0.762369 -0.318146 -1.799960
v 0.891079 -0.555559 -1.911280
v 0.744649 -0.427339 -1.913930
v 0.870332 -0.502099 -1.818230
v 0.943763 -0.471919 -1.295650
v 0.834011 -0.439319 -1.276820
v 0.743202 -0.508659 -1.798280
v 0.862008 -0.385479 -1.809240
v 0.903062 -0.282598 -1.912060
v 0.747399 -0.401719 -1.914110
v 0.759342 -0.426299 -1.793080
v 0.855739 -0.227967 -1.268070
v 0.886801 -0.278860 -1.873460
v 0.829449 -0.609179 -1.264870
v 0.847620 -0.397619 -1.277330
v 0.748249 -0.400619 -1.793120
v 0.986939 -0.602539 -1.291370
v 0.960170 -0.355319 -1.296750
v 0.903600 -0.280768 -1.874000
v 0.889422 -0.313668 -1.819900
v 0.903539 -0.555769 -1.872230
v 0.903088 -0.555279 -1.910310
v 0.747872 -0.402139 -1.874430
v 0.745121 -0.427779 -1.874260
v 1.013246 -0.220877 -1.294570
v 0.891546 -0.556099 -1.871600
v 0.848194 -0.432649 -1.808690
v 0.903088 -0.555279 1.910310
v 0.903539 -0.555769 1.872230
v 0.889422 -0.313668 1.819900
v 0.903600 -0.280768 1.874000
v 0.960170 -0.355319 1.296750
v 0.986939 -0.602539 1.291370
v 0.748249 -0.400619 1.793120
v 0.847620 -0.397619 1.277330
v 0.829449 -0.609179 1.264870
v 0.886801 -0.278860 1.873460
v 0.855739 -0.227967 1.268070
v 0.759342 -0.426299 1.793080
v 0.747399 -0.401719 1.914110
v 0.903062 -0.282598 1.912060
v 0.862008 -0.385479 1.809240
v 0.743202 -0.508659 1.798280
v 0.834011 -0.439319 1.276820
v 0.943763 -0.471919 1.295650
v 0.870332 -0.502099 1.818230
v 0.744649 -0.427339 1.913930
v 0.891079 -0.555559 1.911280
v 0.762369 -0.318146 1.799960
v 0.886245 -0.280681 1.913120
v 0.962818 -0.478209 -0.714819
v 1.160265 -0.445219 -0.626378
v 1.043693 -0.478209 -0.285833
v 0.852983 -0.478209 -0.714819
v 0.841587 -0.445219 -0.626378
v 1.151226 -0.469659 -0.271861
v 1.130627 -0.733909 -0.715092
v 1.270767 -0.835309 -0.211232
v 1.147087 -0.645799 -0.306925
v 0.852983 -0.835309 -0.211232
v 1.155967 -0.723829 -0.677415
v 0.841588 -0.723829 -0.677415
v 0.852983 -0.733909 -0.715092
v 0.852983 -0.478209 -0.285833
v 0.841588 -0.469659 -0.271861
v 0.841588 -0.645799 -0.306925
v 0.962818 -0.478209 0.714819
v 1.160265 -0.445219 0.626378
v 1.043693 -0.478209 0.285833
v 0.852983 -0.478209 0.714819
v 0.841587 -0.445219 0.626378
v 1.151226 -0.469659 0.271861
v 1.130627 -0.733909 0.715092
v 1.270767 -0.835309 0.211232
v 1.147087 -0.645799 0.306925
v 0.852983 -0.835309 0.211232
v 1.155967 -0.723829 0.677415
v 0.841588 -0.723829 0.677415
v 0.852983 -0.733909 0.715092
v 0.852983 -0.478209 0.285833
v 0.841588 -0.469659 0.271861
v 0.841588 -0.645799 0.306925
v 0.841598 -0.386389 -0.626378
v 1.038916 -0.363379 0.271861
v 1.161537 -0.075500 0.716004
v 0.841598 -0.185808 0.306925
v 1.273862 0.006099 0.194673
v 0.841598 -0.363379 0.715721
v 1.147092 -0.185808 0.306925
v 1.155972 -0.107777 0.677415
v 0.841598 -0.075499 0.716004
v 1.160271 -0.386389 0.626378
v 0.841598 0.006099 0.194673
v 0.841598 -0.363379 0.271861
v 1.147092 -0.185808 0.306925
v 0.987910 -0.363379 0.715721
v 1.151232 -0.361949 0.271861
v 0.841598 -0.361939 0.271860
v 0.841598 -0.107776 0.677414
v 0.841598 -0.386389 0.626378
v 1.038916 -0.363379 -0.271861
v 1.161537 -0.075500 -0.716004
v 0.841598 -0.185808 -0.306925
v 1.273862 0.006099 -0.194673
v 0.841598 -0.363379 -0.715721
v 1.147092 -0.185808 -0.306925
v 1.155972 -0.107777 -0.677415
v 0.841598 -0.075499 -0.716004
v 1.160271 -0.386389 -0.626378
v 0.841598 0.006099 -0.194673
v 0.841598 -0.363379 -0.271861
v 1.147092 -0.185808 -0.306925
v 0.987910 -0.363379 -0.715721
v 1.151232 -0.361949 -0.271861
v 0.841598 -0.361939 -0.271860
v 0.841598 -0.107776 -0.677414
vn 0.8208 -0.0000 0.5712
vn -0.9993 -0.0000 0.0386
vn -0.3432 -0.0000 -0.9393
vn -0.9993 -0.0000 -0.0386
vn -0.3432 -0.0000 0.9393
vn -0.9975 -0.0000 -0.0709
vn 0.6965 -0.0000 0.7176
vn -0.3433 -0.0000 0.9392
vn -0.3267 -0.0000 -0.9451
vn 0.9393 -0.0000 -0.3432
vn 0.9392 -0.0000 -0.3432
vn -0.3267 -0.0000 0.9451
vn 0.9393 -0.0000 0.3432
vn 0.9392 -0.0000 0.3432
vn 0.8208 -0.0000 -0.5712
vn -0.3433 -0.0000 -0.9392
vn -0.9975 -0.0000 0.0709
vn 0.6965 -0.0000 -0.7176
vn -0.0384 0.9874 -0.1536
vn -0.0503 0.9881 -0.1451
vn -0.0265 0.9864 -0.1620
vn -0.0105 -0.0000 -0.9999
vn 0.0105 -0.0000 0.9999
vn -0.0384 -0.9875 -0.1531
vn -0.0384 -0.9875 -0.1532
vn -0.0503 -0.9882 -0.1447
vn -0.0265 -0.9865 -0.1616
vn -0.0731 -0.8975 -0.4350
vn -0.0756 -0.9154 -0.3954
vn -0.0731 -0.8974 -0.4350
vn -0.0645 0.8784 -0.4736
vn -0.0637 0.8996 -0.4321
vn -0.0651 0.8553 -0.5140
vn 0.1718 -0.0000 0.9851
vn -0.0704 -0.8778 -0.4739
vn 0.9378 -0.0000 -0.3473
vn -0.3363 -0.0000 -0.9417
vn -1.0000 -0.0000 -0.0000
vn 1.0000 -0.0002 -0.0000
vn -1.0000 -0.0000 -0.0001
vn -1.0000 -0.0000 -0.0003
vn -1.0000 -0.0000 -0.0002
vn -0.0503 0.9881 0.1451
vn -0.0384 0.9874 0.1536
vn -0.0265 0.9864 0.1620
vn -0.0105 -0.0000 0.9999
vn 0.0105 -0.0000 -0.9999
vn -0.0503 -0.9882 0.1447
vn -0.0384 -0.9875 0.1532
vn -0.0265 -0.9865 0.1616
vn -0.0731 -0.8975 0.4350
vn -0.0756 -0.9154 0.3954
vn -0.0652 0.8783 0.4736
vn -0.0645 0.8995 0.4321
vn -0.0657 0.8783 0.4736
vn -0.0658 0.8552 0.5140
vn 0.1718 -0.0000 -0.9851
vn -0.0704 -0.8778 0.4739
vn 0.9378 -0.0000 0.3473
vn -0.3363 -0.0000 0.9417
vn -1.0000 -0.0000 0.0002
vn -1.0000 -0.0000 0.0003
vn -1.0000 -0.0000 0.0001
vn -0.9983 -0.0579 0.0019
vn -0.9983 -0.0579 0.0058
vn -0.9983 -0.0579 -0.0019
vn -0.9983 -0.0579 -0.0058
vn 0.8811 0.4675 0.0713
vn 0.8662 0.4549 0.2069
vn 0.8811 0.4675 -0.0714
vn 0.8724 0.4444 0.2035
vn 0.8655 0.4547 -0.2101
vn 0.8699 0.4432 -0.2163
vn 0.0518 -0.9889 0.1395
vn 0.0519 -0.9888 0.1396
vn 0.0463 -0.9899 0.1342
vn 0.0573 -0.9878 0.1450
vn 0.0517 -0.9891 -0.1380
vn 0.0518 -0.9891 -0.1379
vn 0.0574 -0.9893 -0.1341
vn 0.0463 -0.9888 -0.1416
vn -0.0000 -0.0000 -1.0000
vn -0.0577 0.9937 -0.0964
vn -0.0577 0.9937 0.0964
vn -0.0000 -0.0000 1.0000
vn -0.9983 -0.0579 -0.0000
vn -0.0577 0.9937 -0.0960
vn -0.0579 0.9983 -0.0000
vn 0.0579 -0.9983 -0.0000
vn 0.6291 -0.7772 -0.0111
vn -0.1810 -0.9791 0.0932
vn 0.5189 -0.7125 -0.4723
vn 0.9983 0.0579 -0.0000
vn -0.1810 -0.9791 -0.0932
vn 0.6291 -0.7772 0.0111
vn 0.5189 -0.7126 0.4723
vn -0.0577 0.9937 0.0960
vn 0.9083 -0.4159 0.0451
vn 0.8654 -0.4337 -0.2510
vn 0.3312 -0.4848 -0.8095
vn 0.0287 -0.4950 -0.8684
vn -0.8276 -0.5592 0.0492
vn -0.8276 -0.5591 0.0492
vn -0.4913 -0.8020 0.3396
vn 0.0482 -0.8249 0.5633
vn 0.0268 -0.4526 0.8913
vn 0.0268 -0.4527 0.8913
vn -0.8276 -0.5591 -0.0492
vn -0.4913 -0.8020 -0.3397
vn 0.3312 -0.4848 0.8095
vn 0.0287 -0.4950 0.8684
vn 0.8654 -0.4338 0.2510
vn 0.9083 -0.4159 -0.0451
vn 0.0483 -0.8249 -0.5633
vn 0.0269 -0.4522 -0.8915
vn 0.0268 -0.4526 -0.8913
vn -0.0022 0.0368 -0.9993
vn -0.0015 0.0245 -0.9997
vn -0.0021 0.0367 -0.9993
vn -0.0008 0.0123 -0.9999
vn 0.0022 -0.0368 0.9993
vn 0.0015 -0.0244 0.9997
vn 0.0013 -0.0121 0.9999
vn 0.0015 0.0002 1.0000
vn 0.0027 -0.0245 0.9997
vn 0.5747 0.8183 0.0001
vn 0.9399 0.3415 -0.0021
vn 0.9695 0.2452 0.0030
vn 0.0022 -0.0370 -0.9993
vn 0.0021 -0.0368 -0.9993
vn 0.5782 0.8140 0.0558
vn 0.9404 0.3398 0.0138
vn 0.2567 0.9621 0.0919
vn 0.9403 0.3404 -0.0001
vn -0.0577 0.9936 0.0967
vn -0.9967 0.0811 0.0067
vn -0.9967 0.0813 -0.0000
vn -0.9966 0.0809 0.0135
vn 0.0021 -0.0368 0.9993
vn 0.0012 -0.0197 0.9998
vn -0.0022 0.0368 0.9993
vn -0.0015 0.0245 0.9997
vn -0.0008 0.0123 0.9999
vn 0.2550 0.9669 -0.0000
vn -0.0577 0.9936 -0.0967
vn 0.2567 0.9621 -0.0919
vn 0.5782 0.8140 -0.0559
vn 0.9406 0.3393 -0.0138
vn 0.9404 0.3399 -0.0000
vn 0.0015 -0.0246 -0.9997
vn -0.9994 0.0347 -0.0000
vn -0.9997 -0.0233 -0.0000
vn 0.9985 0.0556 0.0002
vn 0.9984 0.0562 -0.0000
vn 0.9406 0.3394 -0.0138
vn 0.9983 0.0585 -0.0079
vn -0.9967 0.0811 -0.0067
vn -0.0153 -0.0084 0.9998
vn -0.0105 -0.0155 0.9998
vn 0.0011 -0.0184 -0.9998
vn -0.0213 -0.0384 0.9990
vn -0.0021 0.0367 0.9993
vn 0.0012 -0.0186 -0.9998
vn 0.9984 0.0572 -0.0000
vn -0.9967 0.0809 -0.0000
vn 0.0008 -0.0123 -0.9999
vn -0.9966 0.0809 -0.0135
vn 0.9982 0.0585 0.0085
vn -0.1055 0.9698 -0.2197
vn -0.1040 0.9696 -0.2216
vn -0.1069 0.9701 -0.2179
vn -0.9611 0.0938 -0.2598
vn -0.9594 0.1209 -0.2548
vn -0.9621 0.0667 -0.2646
vn -0.2377 0.0915 -0.9670
vn -0.2316 0.0708 -0.9702
vn -0.2438 0.1122 -0.9633
vn 0.9908 0.1356 0.0026
vn 0.9902 0.1398 0.0006
vn 0.9908 0.1355 0.0026
vn 0.9913 0.1313 0.0047
vn -0.1055 0.9698 0.2197
vn -0.1040 0.9696 0.2216
vn -0.1069 0.9701 0.2179
vn -0.9594 0.1209 0.2548
vn -0.9611 0.0938 0.2598
vn -0.9621 0.0667 0.2646
vn -0.2316 0.0708 0.9702
vn -0.2377 0.0915 0.9670
vn -0.2377 0.0916 0.9670
vn -0.2438 0.1122 0.9633
vn 0.9908 0.1356 -0.0026
vn 0.9902 0.1398 -0.0006
vn 0.9913 0.1313 -0.0047
vn 0.9908 0.1355 -0.0027
vn -0.1118 0.9937 -0.0003
vn -0.1100 0.9775 -0.1798
vn -0.1268 0.9716 -0.1996
vn -0.0942 0.9955 -0.0004
vn -0.1100 0.9776 0.1792
vn -0.1269 0.9717 0.1991
vn -0.2473 0.2066 0.9467
vn -0.2499 0.1970 0.9480
vn -0.2525 0.1873 0.9493
vn -0.9669 -0.0051 0.2551
vn -0.9998 -0.0187 -0.0000
vn -0.9683 -0.0181 0.2490
vn -0.9995 -0.0321 -0.0000
vn -0.9683 -0.0181 -0.2490
vn -0.9669 -0.0051 -0.2551
vn -0.2499 0.1971 -0.9480
vn -0.2499 0.1972 -0.9480
vn -0.2525 0.1876 -0.9493
vn -0.2472 0.2067 -0.9466
vn -0.9987 -0.0516 -0.0000
vn -0.9986 -0.0528 0.0014
vn -0.9987 -0.0517 0.0012
vn -0.9987 -0.0506 -0.0000
vn 0.0086 -0.1543 -0.9880
vn -0.2764 -0.1630 -0.9471
vn -0.5622 -0.1575 -0.8119
vn -0.5623 -0.1571 -0.8119
vn -0.2764 -0.1634 -0.9471
vn 0.0087 -0.1549 -0.9879
vn 0.9658 0.0103 -0.2591
vn 0.9999 0.0103 0.0001
vn 0.9999 0.0103 -0.0001
vn -0.0554 0.9818 -0.1816
vn -0.0551 0.9829 -0.1757
vn -0.0570 0.9984 -0.0005
vn -0.9986 -0.0522 -0.0012
vn -0.9987 -0.0515 -0.0000
vn -0.9987 -0.0511 -0.0006
vn 0.9985 0.0546 -0.0000
vn 0.9984 0.0559 0.0021
vn 0.9985 0.0540 0.0011
vn -0.0053 -1.0000 0.0007
vn 0.0551 -0.9830 0.1752
vn -0.0665 -0.9942 0.0845
vn -0.0666 -0.9942 0.0846
vn 0.0559 -0.9824 0.1782
vn 0.0578 -0.9983 0.0005
vn -0.0548 0.9809 -0.1868
vn -0.0548 0.9799 -0.1917
vn -0.0567 0.9984 -0.0005
vn -0.9987 -0.0514 -0.0000
vn -0.9987 -0.0512 0.0007
vn -0.9987 -0.0510 -0.0006
vn -0.9986 -0.0523 0.0013
vn -0.0060 0.1121 -0.9937
vn -0.0057 0.1102 -0.9939
vn -0.0064 0.1140 -0.9935
vn -0.0060 0.1122 -0.9937
vn -0.9986 -0.0527 -0.0013
vn -0.9987 -0.0517 -0.0011
vn 0.0086 -0.1541 0.9880
vn -0.2764 -0.1627 0.9472
vn -0.5622 -0.1567 0.8120
vn -0.5622 -0.1568 0.8120
vn -0.2764 -0.1625 0.9472
vn 0.0086 -0.1542 0.9880
vn 0.0087 -0.1546 0.9879
vn 0.9658 0.0100 0.2591
vn 0.9658 0.0103 0.2591
vn -0.0552 0.9830 0.1749
vn -0.0554 0.9820 0.1807
vn 0.9984 0.0559 -0.0022
vn 0.9985 0.0539 -0.0011
vn 0.9985 0.0540 -0.0011
vn 0.0552 -0.9831 -0.1744
vn -0.0676 -0.9943 -0.0828
vn -0.0676 -0.9943 -0.0829
vn 0.0560 -0.9826 -0.1772
vn -0.0549 0.9801 0.1910
vn -0.0549 0.9810 0.1859
vn -0.0061 0.0890 0.9960
vn -0.0056 0.0947 0.9955
vn -0.0056 0.0948 0.9955
vn -0.0052 0.1005 0.9949
vn -0.1532 0.3427 0.9268
vn -0.4067 0.2062 0.8900
vn -0.2194 0.3106 0.9249
vn -0.0217 0.4002 0.9162
vn 0.9985 0.0541 -0.0000
vn -0.1532 0.3427 -0.9268
vn -0.2194 0.3106 -0.9249
vn -0.0217 0.4002 -0.9162
vn -0.4067 0.2062 -0.8900
vn -0.8919 0.4523 -0.0000
vn -0.0541 0.9985 -0.0000
vn 0.9986 0.0532 -0.0005
vn 0.9986 0.0526 -0.0011
vn 0.9986 0.0520 -0.0017
vn -0.0180 0.3272 -0.9448
vn -0.4555 0.8260 -0.3320
vn 0.2047 0.7768 -0.5956
vn -0.0179 0.3265 -0.9450
vn 0.9986 0.0536 -0.0015
vn 0.9985 0.0541 -0.0023
vn 0.9986 0.0532 -0.0007
vn -0.0537 0.9840 -0.1698
vn -0.0538 0.9840 -0.1698
vn -0.0533 0.9843 -0.1681
vn -0.0542 0.9837 -0.1716
vn -0.9986 -0.0538 0.0010
vn -0.9986 -0.0535 0.0015
vn -0.9985 -0.0541 0.0006
vn -0.9986 -0.0532 0.0020
vn 0.0543 -0.9854 0.1611
vn 0.0545 -0.9855 0.1608
vn 0.0534 -0.9852 0.1627
vn 0.0554 -0.9857 0.1593
vn 0.9918 0.0527 -0.1161
vn 0.9918 0.0529 -0.1162
vn 0.9918 0.0537 -0.1163
vn 0.9919 0.0518 -0.1159
vn -0.0543 0.9846 -0.1664
vn -0.0543 0.9846 -0.1663
vn -0.0533 0.9849 -0.1648
vn -0.0553 0.9842 -0.1680
vn -0.9986 -0.0531 0.0019
vn -0.9986 -0.0532 0.0019
vn -0.9985 -0.0541 0.0020
vn -0.9986 -0.0521 0.0017
vn 0.9454 0.3220 -0.0512
vn 0.9507 0.3067 -0.0468
vn 0.9986 0.0526 -0.0015
vn 0.9986 0.0533 -0.0009
vn -0.5464 0.8244 -0.1476
vn 0.4366 0.8854 -0.1595
vn -0.9992 0.0399 -0.0026
vn -0.9993 0.0374 -0.0003
vn -0.9637 0.2635 -0.0427
vn -0.9590 0.2798 -0.0446
vn -0.0068 0.1231 -0.9924
vn -0.0068 0.1232 -0.9924
vn -0.9996 0.0292 -0.0037
vn -0.9996 0.0276 -0.0020
vn -0.9996 0.0276 -0.0019
vn -0.9997 0.0259 -0.0001
vn -0.0067 0.1212 -0.9926
vn -0.0066 0.1213 -0.9926
vn -0.0541 0.9825 -0.1783
vn -0.0547 0.9827 -0.1769
vn -0.0554 0.9829 -0.1754
vn 0.9986 0.0526 0.0011
vn 0.9986 0.0532 0.0005
vn 0.9986 0.0520 0.0017
vn 0.2047 0.7768 0.5956
vn -0.4555 0.8260 0.3320
vn -0.0180 0.3272 0.9448
vn -0.0179 0.3265 0.9450
vn 0.9985 0.0541 0.0023
vn 0.9986 0.0536 0.0015
vn 0.9986 0.0532 0.0007
vn -0.0533 0.9843 0.1681
vn -0.0538 0.9840 0.1698
vn -0.0542 0.9837 0.1716
vn -0.0538 0.9840 0.1699
vn -0.9985 -0.0541 -0.0006
vn -0.9986 -0.0535 -0.0015
vn -0.9986 -0.0538 -0.0010
vn -0.9986 -0.0532 -0.0020
vn 0.0534 -0.9852 -0.1627
vn 0.0545 -0.9855 -0.1608
vn 0.0543 -0.9854 -0.1611
vn 0.0554 -0.9857 -0.1593
vn 0.9918 0.0537 0.1163
vn 0.9918 0.0529 0.1162
vn 0.9918 0.0527 0.1161
vn 0.9919 0.0518 0.1159
vn -0.0533 0.9849 0.1648
vn -0.0543 0.9846 0.1663
vn -0.0543 0.9846 0.1664
vn -0.0553 0.9842 0.1680
vn -0.9985 -0.0541 -0.0020
vn -0.9986 -0.0532 -0.0019
vn -0.9986 -0.0531 -0.0019
vn -0.9986 -0.0521 -0.0017
vn 0.9986 0.0526 0.0015
vn 0.9507 0.3067 0.0468
vn 0.9454 0.3220 0.0513
vn 0.9986 0.0533 0.0009
vn 0.4366 0.8854 0.1594
vn -0.5464 0.8243 0.1483
vn -0.9637 0.2636 0.0427
vn -0.9993 0.0374 0.0003
vn -0.9992 0.0400 0.0027
vn -0.9590 0.2798 0.0446
vn -0.0068 0.1231 0.9924
vn -0.0068 0.1232 0.9924
vn -0.9996 0.0276 0.0020
vn -0.9996 0.0292 0.0037
vn -0.9996 0.0276 0.0019
vn -0.9997 0.0259 0.0001
vn -0.0066 0.1213 0.9926
vn -0.0067 0.1212 0.9926
vn -0.0547 0.9827 0.1768
vn -0.0541 0.9825 0.1783
vn -0.0554 0.9829 0.1754
vn 0.9810 -0.0243 -0.1927
vn 0.9227 0.0104 -0.3854
vn 0.9984 -0.0566 -0.0000
vn 0.9227 0.0107 -0.3855
vn 0.9810 -0.0238 -0.1927
vn 0.9984 -0.0563 -0.0000
vn 0.9984 -0.0568 0.0001
vn 0.0090 0.1599 -0.9871
vn 0.0090 0.1598 -0.9871
vn -0.9708 0.0906 -0.2223
vn -0.2600 0.1692 -0.9507
vn -0.2595 0.1690 -0.9508
vn -0.2598 0.1691 -0.9507
vn -0.2602 0.1693 -0.9506
vn -0.9674 0.0930 -0.2355
vn -0.9675 0.0932 -0.2353
vn -0.9984 0.0557 0.0035
vn -0.9661 0.0123 0.2579
vn -0.9674 0.0930 -0.2354
vn -0.9619 0.0096 0.2733
vn -0.9980 0.0498 0.0387
vn -0.8752 0.1252 -0.4673
vn -0.6664 0.1558 -0.7291
vn -0.4130 0.1686 -0.8950
vn -0.4133 0.1687 -0.8948
vn -0.9984 0.0560 0.0001
vn -0.9984 0.0560 -0.0000
vn -0.9984 0.0561 -0.0000
vn -0.0564 -0.9984 -0.0000
vn -0.0556 -0.9855 0.1602
vn -0.0563 -0.9984 -0.0000
vn -0.0555 -0.9855 0.1601
vn -0.0550 -0.9856 0.1600
vn -0.0554 -0.9855 0.1602
vn -0.0554 -0.9855 0.1601
vn -0.0554 -0.9855 -0.1602
vn -0.0555 -0.9855 -0.1601
vn -0.0556 -0.9855 -0.1602
vn -0.0556 -0.9855 -0.1601
vn -0.0556 -0.9855 0.1601
vn -0.0563 -0.9855 0.1601
vn -0.0554 -0.9855 -0.1601
vn -0.0551 -0.9856 -0.1600
vn -0.0562 -0.9855 -0.1601
vn 0.9227 0.0103 0.3855
vn 0.9810 -0.0244 0.1927
vn 0.9227 0.0107 0.3855
vn 0.9810 -0.0239 0.1928
vn 0.9984 -0.0561 -0.0000
vn 0.9984 -0.0568 -0.0001
vn 0.0090 0.1598 0.9871
vn 0.0090 0.1599 0.9871
vn -0.9708 0.0906 0.2223
vn -0.9707 0.0906 0.2224
vn -0.2599 0.1692 0.9507
vn -0.2595 0.1690 0.9508
vn -0.2601 0.1692 0.9507
vn -0.2602 0.1693 0.9506
vn -0.9984 0.0556 -0.0035
vn -0.9674 0.0932 0.2353
vn -0.9674 0.0930 0.2354
vn -0.9661 0.0122 -0.2578
vn -0.9619 0.0096 -0.2733
vn -0.9980 0.0497 -0.0387
vn -0.8752 0.1250 0.4673
vn -0.6664 0.1558 0.7292
vn -0.4130 0.1686 0.8950
vn -0.4133 0.1687 0.8948
vn -0.9984 0.0560 -0.0001
vn 1.0000 -0.0000 -0.0000
vn -0.0605 -0.9827 0.1748
vn -0.0620 -0.9963 -0.0591
vn -0.0620 -0.9963 0.0591
vn -0.0605 -0.9827 0.1750
vn -0.0619 -0.9963 -0.0591
vn -0.0619 -0.9963 0.0591
vn -0.0605 -0.9827 -0.1748
vn -0.0605 -0.9827 -0.1750
vn -0.0562 -0.9984 -0.0000
vn -0.9774 0.0870 0.1927
vn -0.9156 0.1146 0.3853
vn -0.9984 0.0572 -0.0000
vn -0.9156 0.1147 0.3854
vn -0.9774 0.0869 0.1928
vn -0.9984 0.0567 0.0001
vn 0.0091 0.1598 0.9871
vn 0.0092 0.1599 0.9871
vn 0.9748 -0.0193 0.2222
vn 0.9748 -0.0193 0.2223
vn 0.2772 0.1388 0.9508
vn 0.2772 0.1388 0.9507
vn 0.9718 -0.0170 0.2354
vn 0.9983 -0.0573 -0.0038
vn 0.9983 -0.0574 -0.0038
vn 0.9613 -0.0968 -0.2579
vn 0.9568 -0.0993 -0.2733
vn 0.9972 -0.0636 -0.0385
vn 0.8838 0.0253 0.4672
vn 0.6797 0.0794 0.7291
vn 0.4295 0.1208 0.8949
vn 0.4295 0.1207 0.8950
vn 0.9984 -0.0571 -0.0000
vn 0.9984 -0.0569 -0.0000
vn 0.9983 -0.0574 -0.0002
vn -0.0563 -0.9855 0.1603
vn -0.0564 -0.9855 0.1601
vn -0.0562 -0.9855 0.1603
vn -0.0567 -0.9855 0.1600
vn -0.0562 -0.9855 0.1601
vn -0.0560 -0.9855 0.1599
vn -0.0570 -0.9984 -0.0000
vn -0.0557 -0.9855 0.1601
vn -0.9156 0.1147 -0.3853
vn -0.9774 0.0869 -0.1927
vn -0.9156 0.1147 -0.3854
vn -0.9774 0.0868 -0.1928
vn -0.9984 0.0567 -0.0001
vn 0.0091 0.1599 -0.9871
vn 0.0091 0.1598 -0.9871
vn 0.0092 0.1599 -0.9871
vn 0.9748 -0.0193 -0.2223
vn 0.9748 -0.0193 -0.2222
vn 0.2772 0.1388 -0.9507
vn 0.9983 -0.0574 0.0038
vn 0.9718 -0.0170 -0.2354
vn 0.9613 -0.0968 0.2579
vn 0.9568 -0.0992 0.2733
vn 0.9972 -0.0635 0.0385
vn 0.8838 0.0251 -0.4672
vn 0.6797 0.0794 -0.7291
vn 0.4295 0.1208 -0.8949
vn 0.4295 0.1207 -0.8950
vn 0.9983 -0.0574 0.0002
vn -0.0564 -0.9855 -0.1601
vn -0.0563 -0.9855 -0.1601
vn -0.0563 -0.9855 -0.1603
vn -0.0562 -0.9855 -0.1603
vn -0.0567 -0.9855 -0.1600
vn -0.0560 -0.9855 -0.1599
vn -0.0557 -0.9855 -0.1601
vn 0.9991 -0.0416 0.0069
vn -0.2563 0.1218 0.9589
vn -0.9757 0.0657 0.2089
vn -0.9758 0.0657 0.2088
vn -0.9757 0.0656 0.2090
vn -0.9757 0.0656 0.2091
vn -0.2511 0.1218 0.9603
vn 0.3621 0.0919 0.9276
vn 0.0428 0.1130 0.9927
vn 0.0407 0.1140 0.9926
vn 0.3613 0.0920 0.9279
vn -0.8002 0.1023 0.5909
vn -0.5421 0.1182 0.8319
vn -0.9466 0.0764 0.3131
vn 0.0036 -0.1151 -0.9934
vn -0.0603 -0.9846 0.1643
vn -0.0603 -0.9846 0.1642
vn 0.9991 -0.0416 -0.0069
vn -0.2563 0.1218 -0.9589
vn -0.9758 0.0657 -0.2088
vn -0.9757 0.0656 -0.2091
vn 0.0428 0.1130 -0.9927
vn 0.3621 0.0911 -0.9277
vn -0.2511 0.1217 -0.9603
vn -0.2511 0.1218 -0.9603
vn 0.0428 0.1131 -0.9927
vn 0.3613 0.0920 -0.9279
vn 0.0407 0.1131 -0.9927
vn -0.5421 0.1192 -0.8318
vn -0.8002 0.1023 -0.5909
vn -0.9466 0.0764 -0.3131
vn 0.0036 -0.1151 0.9934
vn -0.0603 -0.9846 -0.1643
vn -0.0603 -0.9846 -0.1642
vn 1.0000 0.0001 -0.0000
vn 1.0000 0.0001 -0.0001
vn 1.0000 -0.0000 -0.0001
vn -0.0620 -0.9981 -0.0000
vn -0.0608 -0.9848 -0.1629
vn -0.0622 -0.9965 -0.0550
vn -0.0608 -0.9848 -0.1628
vn -0.0620 -0.9966 -0.0549
vn -0.0620 -0.9966 0.0550
vn -0.0622 -0.9966 0.0549
vn -0.0607 -0.9848 0.1629
vn -0.9399 -0.0012 -0.3414
vn -0.8730 -0.0183 -0.4875
vn -0.9525 0.0030 -0.3044
vn -0.0673 -0.9786 0.1946
vn -0.0680 -0.9779 0.1977
vn -0.0678 -0.9781 0.1967
vn 0.9998 -0.0170 -0.0116
vn 0.9999 -0.0170 -0.0000
vn 0.9993 -0.0365 -0.0115
vn -0.0621 -0.9790 0.1942
vn -0.0657 -0.9788 0.1940
vn -0.0624 -0.9790 0.1941
vn -0.9994 0.0358 -0.0000
vn -0.9913 0.0474 0.1225
vn -0.0674 -0.9787 0.1942
vn -0.9268 0.0700 0.3691
vn -0.8107 0.0871 0.5789
vn -0.2568 0.1058 0.9607
vn -0.2324 0.1056 0.9669
vn -0.0022 0.1003 0.9950
vn -0.0675 -0.9786 0.1942
vn -0.0674 -0.9787 0.1938
vn 0.3161 0.0840 -0.9450
vn 0.6245 0.0564 -0.7790
vn -0.6034 0.1010 -0.7910
vn -0.2979 0.1061 -0.9487
vn -0.1708 0.1047 -0.9797
vn -0.5043 0.0354 -0.8628
vn -0.3469 0.0824 -0.9343
vn -0.5072 0.0697 -0.8590
vn -0.2979 0.1060 -0.9487
vn -0.0674 -0.9785 0.1950
vn -0.0673 -0.9785 0.1951
vn -0.0674 -0.9787 0.1941
vn -0.0683 -0.9777 0.1986
vn -0.0678 -0.9780 0.1972
vn -0.0673 -0.9785 0.1947
vn 0.2148 0.0903 0.9725
vn 0.0540 0.0982 0.9937
vn 0.1109 0.0957 0.9892
vn -0.2979 0.1060 0.9487
vn -0.6034 0.1010 0.7910
vn 0.5052 0.0688 0.8602
vn 0.5257 0.0669 0.8481
vn 0.2701 0.0871 0.9589
vn 0.7572 0.0389 0.6520
vn 0.7505 0.0399 0.6597
vn 0.9342 -0.0161 0.3564
vn 0.9342 -0.0162 0.3564
vn 0.9338 -0.0114 0.3576
vn 1.0000 0.0026 -0.0000
vn 0.4461 -0.0787 -0.8915
vn 0.4460 -0.0788 -0.8916
vn 0.4209 -0.1057 -0.9009
vn 0.4706 -0.0516 -0.8808
vn 0.9345 -0.0210 0.3553
vn -0.5072 0.0697 0.8590
vn -0.3469 0.0824 0.9343
vn -0.5043 0.0354 0.8628
vn -0.1708 0.1047 0.9797
vn 0.3161 0.0840 0.9450
vn 0.6245 0.0564 0.7790
vn -0.2979 0.1061 0.9487
vn -0.9399 -0.0012 0.3414
vn -0.8730 -0.0183 0.4875
vn -0.9525 0.0030 0.3044
vn -0.0678 -0.9781 -0.1966
vn -0.0680 -0.9779 -0.1977
vn -0.0673 -0.9786 -0.1946
vn 0.9993 -0.0365 0.0115
vn 0.9998 -0.0169 0.0116
vn -0.0668 -0.9786 0.1945
vn -0.9913 0.0474 -0.1225
vn -0.0672 -0.9787 -0.1938
vn -0.0674 -0.9786 -0.1942
vn -0.9268 0.0700 -0.3691
vn -0.8107 0.0870 -0.5789
vn -0.0022 0.1003 -0.9950
vn -0.2324 0.1056 -0.9669
vn -0.2568 0.1058 -0.9607
vn -0.8107 0.0871 -0.5789
vn -0.9268 0.0701 -0.3691
vn -0.0674 -0.9787 -0.1941
vn -0.0676 -0.9786 0.1943
vn -0.0677 -0.9786 0.1945
vn 0.4209 -0.1057 0.9009
vn 0.4460 -0.0787 0.8915
vn 0.9345 -0.0210 -0.3553
vn 0.9342 -0.0162 -0.3564
vn 0.4706 -0.0516 0.8808
vn -0.0673 -0.9785 -0.1951
vn -0.0674 -0.9785 -0.1950
vn -0.0678 -0.9780 -0.1972
vn -0.0683 -0.9777 -0.1987
vn -0.0673 -0.9785 -0.1947
vn -0.0674 -0.9787 -0.1938
vn -0.0675 -0.9786 -0.1942
vn 0.1109 0.0957 -0.9892
vn 0.0540 0.0982 -0.9937
vn 0.2148 0.0903 -0.9725
vn 0.5052 0.0688 -0.8602
vn 0.7572 0.0389 -0.6520
vn 0.2701 0.0870 -0.9589
vn 0.5257 0.0669 -0.8481
vn 0.7505 0.0399 -0.6597
vn 0.2701 0.0871 -0.9589
vn 0.9338 -0.0114 -0.3576
vn 0.9998 -0.0170 0.0116
vn -0.0669 -0.9786 -0.1945
vn -0.0671 -0.9787 -0.1941
vn -0.0676 -0.9786 -0.1945
vn -0.0676 -0.9786 -0.1943
vn -0.0669 -0.9786 0.1945
vn -0.0668 -0.9786 -0.1945
vn -0.0000 0.0974 -0.9952
vn -0.0000 -0.0974 -0.9952
vn -0.0000 -0.4561 -0.8899
vn -0.0000 -0.6200 0.7846
vn -0.1626 -0.5314 0.8314
vn -0.0000 -0.0974 0.9952
vn -0.0000 -0.6200 -0.7846
vn -0.0000 -0.8648 -0.5020
vn -0.0000 -0.9458 0.3249
vn -0.1626 -0.8965 0.4121
vn -0.0000 -0.9458 -0.3248
vn -0.0000 -0.9990 0.0452
vn -0.0000 -0.9713 -0.2380
vn -0.1626 -0.9770 -0.1380
vn -0.0000 -0.9713 0.2380
vn -0.0000 -0.8159 0.5781
vn -0.0000 -0.6884 -0.7253
vn -0.1626 -0.7473 -0.6443
vn -0.0000 -0.6884 0.7254
vn -0.0000 -0.3739 0.9275
vn -0.0000 -0.1869 -0.9824
vn -0.1626 -0.2803 -0.9461
vn -0.0000 -0.1869 0.9824
vn -0.0000 0.1869 0.9824
vn -0.0000 0.3738 -0.9275
vn -0.1626 0.2757 -0.9474
vn -0.0000 0.3739 0.9275
vn -0.0000 0.6884 0.7254
vn -0.0000 0.8159 -0.5781
vn -0.1626 0.7441 -0.6480
vn -0.0000 0.8159 0.5781
vn -0.0000 0.9713 0.2381
vn -0.0000 0.9990 -0.0452
vn -0.1626 0.9763 -0.1428
vn 0.0001 0.9990 0.0452
vn -0.0000 0.9458 -0.3248
vn -0.0000 0.8649 0.5020
vn -0.1626 0.8985 0.4077
vn -0.0000 0.8648 -0.5020
vn -0.0000 0.6200 -0.7846
vn -0.0000 0.4561 0.8899
vn -0.1626 0.5355 0.8288
vn -0.0000 0.4561 -0.8899
vn -0.1626 0.0024 0.9867
vn -0.3188 -0.4324 0.8435
vn -0.3188 -0.8197 0.4758
vn -0.3187 -0.9469 -0.0429
vn -0.3188 -0.7734 -0.5480
vn -0.3188 -0.3543 -0.8791
vn -0.3188 0.1772 -0.9311
vn -0.3188 0.6525 -0.6875
vn -0.3187 0.9206 -0.2256
vn -0.3188 0.8964 0.3079
vn -0.3188 0.5877 0.7437
vn -0.3188 0.0923 0.9433
vn 0.4736 0.0858 -0.8765
vn 0.4736 0.4017 -0.7838
vn 0.4736 -0.0858 -0.8765
vn 0.4736 0.5461 -0.6910
vn 0.4736 0.7617 -0.4422
vn 0.4736 0.8330 -0.2861
vn 0.4736 0.8798 0.0398
vn 0.4736 0.8554 0.2097
vn 0.4736 0.7186 0.5092
vn 0.4736 0.6063 0.6388
vn 0.4736 0.3293 0.8169
vn 0.4736 0.1646 0.8652
vn 0.4736 -0.1646 0.8652
vn 0.4736 -0.3293 0.8169
vn 0.4736 -0.6063 0.6389
vn 0.4736 -0.7186 0.5092
vn 0.4736 -0.8554 0.2097
vn 0.4736 -0.8798 0.0398
vn 0.4736 -0.8330 -0.2861
vn 0.4736 -0.7617 -0.4422
vn 0.4736 -0.5461 -0.6910
vn 0.4736 -0.4017 -0.7838
vn -0.0000 -0.4561 0.8899
vn -0.0000 0.0974 0.9952
vn -0.0000 -0.8648 0.5021
vn -0.0000 -0.9458 0.3248
vn -0.0000 -0.9990 -0.0452
vn -0.0000 -0.9712 -0.2381
vn -0.0000 -0.8160 -0.5781
vn -0.0000 -0.6884 -0.7254
vn -0.0000 -0.3739 -0.9275
vn -0.0000 0.1869 -0.9824
vn -0.0000 0.3739 -0.9275
vn -0.0000 0.6884 -0.7254
vn -0.0000 0.8160 -0.5781
vn -0.0000 0.9712 -0.2381
vn -0.0000 0.9458 0.3248
vn -0.0000 0.8648 0.5021
vn -0.0000 0.6200 0.7846
vn -0.3237 0.9461 -0.0000
vn -0.0545 0.9985 -0.0000
vn -0.5883 0.8086 -0.0000
vn 0.0545 -0.9985 -0.0000
vn -0.0001 -0.0000 -1.0000
vn -0.9986 -0.0537 -0.0000
vn -0.9836 0.1806 -0.0000
vn 0.0001 -0.0000 1.0000
vn -0.9084 0.4181 -0.0001
vn -0.9986 -0.0508 0.0148
vn -0.9986 -0.0508 -0.0150
vn -0.9977 -0.0507 0.0447
vn -0.9977 -0.0512 0.0445
vn -0.9977 -0.0511 -0.0449
vn -0.9977 -0.0512 -0.0450
vn 0.9986 0.0508 -0.0148
vn 0.9985 0.0508 0.0188
vn 0.9975 0.0510 -0.0484
vn 0.9975 0.0512 -0.0485
vn -0.0636 0.9966 0.0532
vn -0.0608 0.9846 -0.1638
vn -0.0636 0.9963 -0.0572
vn -0.0616 0.9847 0.1627
vn 0.9973 0.0507 0.0524
vn 0.9973 0.0512 0.0522
vn 0.0571 -0.9983 0.0126
vn 0.0574 -0.9983 0.0129
vn 0.0576 -0.9983 0.0047
vn 0.0576 -0.9983 -0.0036
vn 0.0575 -0.9983 -0.0120
vn 0.0571 -0.9983 -0.0124
vn 0.9986 0.0508 -0.0143
vn 0.9974 0.0512 0.0515
vn 0.9985 0.0508 0.0186
vn -0.0560 0.9814 -0.1839
vn -0.0574 0.9965 0.0612
vn -0.0575 0.9817 0.1817
vn -0.0568 0.9816 0.1824
vn -0.0561 0.9815 0.1830
vn -0.0567 0.9843 0.1671
vn -0.9548 -0.2972 -0.0037
vn -0.9915 -0.1265 -0.0318
vn -0.9841 -0.1753 0.0294
vn -0.9973 -0.0509 0.0531
vn -0.9841 -0.1752 0.0294
vn -0.9981 -0.0366 -0.0505
vn -0.9701 0.2272 -0.0857
vn 0.9976 0.0506 -0.0471
vn 0.9976 0.0512 -0.0473
vn 0.9986 0.0508 -0.0144
vn 0.9976 0.0509 -0.0472
vn -0.0567 0.9855 -0.1602
vn 0.8562 -0.0886 -0.5089
vn 0.7941 -0.6077 -0.0000
vn 0.2860 -0.9504 -0.1220
vn 0.0569 -0.9983 0.0145
vn 0.0574 -0.9982 0.0160
vn 0.0574 -0.9984 -0.0000
vn 0.0556 -0.9663 -0.2515
vn 0.0545 -0.9370 -0.3451
vn 0.9991 0.0418 -0.0000
vn 0.9991 0.0418 0.0049
vn 0.9994 0.0330 0.0090
vn -0.0529 0.9247 -0.3771
vn -0.0577 0.9983 -0.0000
vn -0.0571 0.9984 -0.0000
vn 0.1944 0.8105 -0.5526
vn -0.0395 0.6943 -0.7186
vn 0.9589 0.2836 -0.0000
vn -0.9989 -0.0469 -0.0000
vn -0.9986 -0.0492 0.0197
vn 0.0578 -0.9983 -0.0000
vn -0.0120 0.1996 -0.9798
vn -0.0123 0.1938 -0.9810
vn -0.9987 -0.0519 0.0025
vn -0.9987 -0.0473 -0.0191
vn -0.9986 -0.0492 -0.0197
vn -0.9985 -0.0450 -0.0299
vn 0.2860 -0.9504 0.1220
vn 0.8562 -0.0885 0.5090
vn 0.0574 -0.9982 -0.0160
vn 0.0569 -0.9983 -0.0145
vn 0.0545 -0.9370 0.3451
vn 0.0562 -0.9662 0.2515
vn 0.9994 0.0330 -0.0090
vn 0.9991 0.0418 -0.0049
vn -0.0529 0.9247 0.3771
vn 0.1944 0.8105 0.5526
vn -0.0395 0.6943 0.7186
vn -0.9987 -0.0473 0.0192
vn -0.9985 -0.0450 0.0299
vn -0.0123 0.1938 0.9810
vn -0.0120 0.1996 0.9798
vn -0.9987 -0.0519 -0.0025
vn 0.9987 0.0509 -0.0000
vn 0.9987 0.0509 0.0013
vn -0.0570 0.9869 0.1512
vn -0.0558 0.9869 0.1514
vn -0.0558 0.9869 0.1516
vn -0.0580 0.9868 0.1513
vn -0.0572 0.9904 0.1258
vn -0.0572 0.9903 0.1267
vn -0.0572 0.9905 0.1252
vn -0.0569 0.9870 -0.1504
vn -0.0571 0.9873 -0.1484
vn -0.0570 0.9873 -0.1480
vn -0.0567 0.9866 -0.1532
vn -0.0569 0.9865 -0.1534
vn -0.0569 0.9868 -0.1514
vn 0.0078 -0.1351 0.9908
vn -0.0567 0.9870 0.1505
vn -0.0560 0.9870 0.1504
vn -0.0568 0.9870 0.1506
vn -0.0558 0.9869 -0.1514
vn -0.0568 0.9870 -0.1506
vn -0.0568 0.9869 -0.1512
vn -0.0130 0.2248 -0.9743
vn -0.0571 0.9874 0.1476
vn -0.0570 0.9874 0.1474
vn -0.0570 0.9874 0.1476
vn 0.0078 -0.1353 0.9908
vn 0.6402 0.6513 0.4072
vn 0.6403 0.6513 0.4072
vn 0.6400 0.6514 0.4074
vn -0.9987 -0.0507 0.0004
vn -0.0572 0.9903 -0.1267
vn -0.0572 0.9902 -0.1276
vn -0.0577 0.9983 -0.0008
vn -0.9685 -0.0260 -0.2475
vn -0.9686 -0.0260 -0.2474
vn -0.1958 0.3832 -0.9027
vn 0.9251 0.3771 -0.0440
vn 0.9251 0.3772 -0.0440
vn 0.9251 0.3773 -0.0439
vn 0.9250 0.3773 -0.0439
vn -0.0579 0.9868 0.1514
vn -0.0588 0.9867 0.1513
vn -0.0572 0.9901 -0.1282
vn -0.0572 0.9900 -0.1288
vn -0.0572 0.9900 -0.1289
vn -0.0033 0.0577 0.9983
vn -0.7725 0.6350 -0.0005
vn -0.2609 0.1118 0.9589
vn -0.2610 0.1118 0.9589
vn 0.9987 0.0508 0.0005
vn 0.9987 0.0507 0.0005
vn -0.7177 0.5381 -0.4420
vn -0.7178 0.5381 -0.4418
vn -0.7177 0.5380 -0.4421
vn -0.0570 0.9875 0.1470
vn -0.0570 0.9875 0.1468
vn -0.0561 0.9869 -0.1515
vn -0.9987 -0.0503 -0.0000
vn -0.9987 -0.0500 -0.0000
vn -0.9987 -0.0504 0.0003
vn 0.0078 -0.1352 0.9908
vn -0.0531 0.9815 -0.1840
vn -0.0542 0.9814 -0.1841
vn -0.0534 0.9815 -0.1841
vn -0.0552 0.9813 -0.1841
vn -0.0565 0.9812 -0.1844
vn -0.0565 0.9812 -0.1846
vn -0.0567 0.9866 -0.1527
vn -0.0570 0.9865 -0.1533
vn -0.0568 0.9867 -0.1525
vn 0.7281 0.6234 0.2849
vn 0.7290 0.6224 0.2851
vn 0.7273 0.6245 0.2848
vn -0.0572 0.9900 -0.1290
vn -0.7179 0.5381 -0.4417
vn -0.0185 0.3196 0.9474
vn 0.8511 0.5198 -0.0731
vn 0.8512 0.5197 -0.0731
vn -0.9278 0.2745 0.2528
vn -0.9278 0.2744 0.2527
vn -0.9987 -0.0507 -0.0005
vn 0.0078 -0.1352 -0.9908
vn -0.0476 0.8235 0.5653
vn 0.5547 0.8320 -0.0006
vn -0.0570 0.9871 -0.1496
vn -0.0406 0.9867 0.1576
vn -0.0568 0.9840 0.1691
vn -0.0374 0.9894 0.1406
vn -0.0310 0.5372 -0.8429
vn -0.0311 0.5372 -0.8429
vn 0.6400 0.6514 -0.4074
vn 0.6402 0.6513 -0.4072
vn 0.6400 0.6514 -0.4075
vn -0.0569 0.9869 -0.1509
vn -0.0588 0.9867 -0.1513
vn -0.0579 0.9868 -0.1514
vn -0.0581 0.9868 -0.1513
vn -0.0300 0.5237 0.8514
vn -0.0300 0.5236 0.8514
vn 0.3066 0.5406 -0.7834
vn 0.3066 0.5407 -0.7834
vn 0.3067 0.5407 -0.7833
vn -0.0372 0.9884 0.1472
vn -0.9987 -0.0507 0.0005
vn -0.0568 0.9831 -0.1741
vn -0.0406 0.9859 -0.1625
vn -0.0374 0.9886 -0.1457
vn -0.0561 0.9794 -0.1937
vn -0.0372 0.9876 -0.1522
vn -0.0086 0.1494 -0.9887
vn -0.9628 0.2703 -0.0002
vn -0.9630 0.2658 0.0448
vn -0.9639 0.2661 -0.0002
vn -0.9642 0.2616 0.0423
vn 0.9457 0.3227 0.0390
vn 0.9447 0.3253 0.0404
vn 0.9455 0.3257 -0.0003
vn 0.9446 0.3283 -0.0003
vn 0.3066 0.5406 0.7834
vn 0.3066 0.5407 0.7834
vn 0.3067 0.5407 0.7833
vn -0.7737 0.6019 0.1978
vn -0.7697 0.6065 0.1994
vn -0.7698 0.6064 0.1994
vn -0.7658 0.6109 0.2010
vn -0.3166 0.3353 0.8873
vn -0.3166 0.3352 0.8874
vn 0.8435 0.5290 -0.0927
vn 0.8442 0.5280 -0.0926
vn 0.8435 0.5291 -0.0927
vn -0.6257 0.7801 -0.0006
vn -0.6224 0.7761 0.1017
vn -0.6224 0.7760 0.1017
vn -0.0572 0.9903 0.1268
vn -0.0572 0.9902 0.1274
vn 0.8428 0.5302 -0.0927
vn -0.9387 0.3411 0.0497
vn -0.9387 0.3411 0.0498
vn -0.9278 0.2744 -0.2527
vn -0.9278 0.2745 -0.2528
vn -0.7177 0.5380 0.4421
vn -0.7178 0.5381 0.4418
vn -0.7177 0.5381 0.4420
vn 0.9581 0.2848 0.0298
vn 0.9581 0.2848 0.0297
vn 0.9586 0.2849 -0.0002
vn 0.2605 0.6698 -0.6954
vn 0.2308 0.7192 -0.6554
vn 0.2889 0.6171 -0.7320
vn 0.8436 0.5288 0.0934
vn 0.8430 0.5298 0.0934
vn 0.8438 0.5285 0.0934
vn 0.8443 0.5277 0.0933
vn 0.2121 0.3845 0.8984
vn 0.2106 0.3381 0.9173
vn 0.2132 0.4301 0.8773
vn -0.8948 0.4372 0.0905
vn -0.8955 0.4358 0.0901
vn -0.8948 0.4371 0.0905
vn -0.8941 0.4385 0.0909
vn -0.7179 0.5381 0.4418
vn -0.3163 0.3322 -0.8886
vn -0.3162 0.3322 -0.8886
vn -0.0583 0.9806 0.1869
vn -0.0584 0.9806 0.1869
vn -0.0577 0.9806 0.1872
vn 0.0078 -0.1351 -0.9908
vn -0.0086 0.1494 0.9887
vn -0.8477 0.4907 0.2013
vn -0.8420 0.4995 0.2038
vn -0.8420 0.4994 0.2038
vn -0.2036 0.1753 0.9632
vn -0.2042 0.1826 0.9617
vn -0.2610 0.1118 -0.9589
vn -0.2609 0.1118 -0.9589
vn -0.9987 -0.0508 -0.0005
vn 0.6400 0.6514 0.4075
vn 0.2606 0.6685 0.6965
vn 0.2891 0.6157 0.7330
vn 0.2606 0.6685 0.6966
vn -0.9987 -0.0507 -0.0003
vn -0.9987 -0.0507 -0.0004
vn -0.2049 0.1898 0.9602
vn -0.0571 0.9867 -0.1524
vn -0.0572 0.9869 -0.1511
vn -0.0569 0.9877 -0.1453
vn -0.0571 0.9873 -0.1485
vn -0.0571 0.9877 -0.1454
vn 0.0421 -0.9991 -0.0023
vn 0.0425 -0.9991 -0.0019
vn 0.0417 -0.9958 0.0819
vn -0.0570 0.9871 -0.1498
vn -0.6430 0.7659 -0.0006
vn -0.6429 0.7659 -0.0006
vn -0.0572 0.9902 0.1275
vn -0.0130 0.2249 0.9743
vn 0.9581 0.2848 -0.0302
vn -0.6223 0.7760 -0.1028
vn -0.6223 0.7760 -0.1029
vn -0.0134 0.2311 0.9728
vn -0.9387 0.3411 -0.0502
vn -0.0033 0.0577 -0.9983
vn 0.9251 0.3772 0.0434
vn 0.9252 0.3771 0.0434
vn 0.7278 0.6224 -0.2879
vn 0.7271 0.6233 -0.2877
vn 0.7277 0.6226 -0.2878
vn 0.7285 0.6216 -0.2880
vn -0.0185 0.3195 -0.9474
vn -0.0570 0.9872 -0.1489
vn -0.0570 0.9872 -0.1488
vn -0.0570 0.9872 -0.1491
vn 0.9447 0.3253 -0.0409
vn 0.9457 0.3227 -0.0395
vn 0.8580 0.5061 -0.0875
vn 0.8588 0.5049 -0.0875
vn 0.8588 0.5048 -0.0875
vn 0.0001 -0.0000 -1.0000
vn -0.0583 0.9810 -0.1853
vn -0.0577 0.9809 -0.1855
vn -0.0580 0.9809 -0.1854
vn -0.0585 0.9810 -0.1852
vn -0.8362 0.5081 0.2063
vn -0.0311 0.5373 0.8429
vn -0.0311 0.5372 0.8429
vn -0.0310 0.5372 0.8429
vn -0.8948 0.4375 -0.0896
vn -0.8940 0.4389 -0.0900
vn -0.8947 0.4375 -0.0896
vn -0.8954 0.4361 -0.0892
vn -0.0476 0.8230 -0.5661
vn -0.0476 0.8229 -0.5661
vn 0.9987 0.0507 0.0003
vn 0.9987 0.0507 0.0004
vn -0.9387 0.3410 0.0497
vn -0.0134 0.2310 -0.9729
vn -0.0133 0.2310 -0.9729
vn -0.9685 -0.0260 0.2475
vn -0.9686 -0.0260 0.2474
vn -0.1958 0.3832 0.9027
vn -0.0567 0.9870 -0.1505
vn -0.0560 0.9870 -0.1504
vn 0.9715 0.2354 -0.0290
vn 0.9713 0.2361 -0.0294
vn 0.9715 0.2351 -0.0288
vn 0.9718 0.2342 -0.0281
vn -0.2042 0.1825 -0.9618
vn -0.2049 0.1898 -0.9602
vn -0.2042 0.1826 -0.9618
vn -0.0298 0.5208 -0.8531
vn -0.0298 0.5207 -0.8532
vn -0.8360 0.5075 -0.2089
vn -0.8417 0.4989 -0.2064
vn -0.8474 0.4903 -0.2039
vn -0.0562 0.9804 0.1889
vn -0.0238 0.4154 0.9093
vn -0.0238 0.4153 0.9094
vn -0.5638 0.4455 0.6955
vn -0.5929 0.4009 0.6984
vn -0.5330 0.4887 0.6907
vn -0.8855 0.4551 0.0933
vn -0.8858 0.4546 0.0931
vn -0.8853 0.4556 0.0936
vn -0.6423 0.6307 -0.4355
vn -0.6329 0.6649 -0.3967
vn -0.6499 0.5948 -0.4731
vn -0.0399 0.6925 -0.7204
vn -0.0399 0.6923 -0.7205
vn 0.8589 0.5044 0.0881
vn 0.8582 0.5057 0.0882
vn 0.8596 0.5032 0.0881
vn 0.9987 0.0507 -0.0004
vn -0.0565 0.9809 0.1861
vn -0.0566 0.9809 0.1862
vn -0.0552 0.9810 0.1859
vn -0.0544 0.9811 0.1858
vn -0.0531 0.9812 0.1857
vn -0.0534 0.9811 0.1859
vn 0.0430 -0.9954 -0.0857
vn -0.0570 0.9873 0.1483
vn -0.0572 0.9871 0.1496
vn -0.0571 0.9875 0.1469
vn -0.0570 0.9871 0.1494
vn -0.0571 0.9879 0.1444
vn -0.9987 -0.0507 0.0006
vn -0.9987 -0.0507 0.0002
vn 0.8595 0.5036 -0.0874
vn 0.8512 0.5197 0.0731
vn 0.8511 0.5198 0.0731
vn 0.6403 0.6513 -0.4072
vn 0.9251 0.3773 0.0434
vn 0.2119 0.3867 -0.8975
vn 0.2130 0.4321 -0.8763
vn 0.2104 0.3403 -0.9165
vn -0.7655 0.6101 -0.2042
vn -0.7695 0.6057 -0.2026
vn -0.7734 0.6013 -0.2010
vn -0.0311 0.5373 -0.8429
vn 0.2309 0.7180 0.6566
vn -0.0398 0.6911 0.7217
vn -0.0398 0.6909 0.7218
vn -0.0398 0.6911 0.7216
vn -0.0571 0.9876 -0.1460
vn 0.0078 -0.1350 0.9908
vn 0.9987 0.0509 -0.0013
vn -0.9987 -0.0504 -0.0002
vn -0.9987 -0.0507 -0.0001
vn -0.2035 0.1753 -0.9632
vn 0.9987 0.0508 -0.0005
vn 0.9987 0.0507 -0.0006
vn -0.9642 0.2616 -0.0428
vn -0.9630 0.2658 -0.0452
vn 0.6997 0.7144 -0.0005
vn 0.6998 0.7144 -0.0005
vn -0.0467 0.9893 0.1383
vn -0.0570 0.9873 -0.1485
vn -0.0240 0.4176 -0.9083
vn -0.0240 0.4175 -0.9084
vn -0.5928 0.4027 -0.6974
vn -0.5637 0.4472 -0.6945
vn -0.5636 0.4472 -0.6945
vn -0.5329 0.4904 -0.6896
vn -0.8857 0.4550 -0.0922
vn -0.8856 0.4552 -0.0923
vn -0.8852 0.4558 -0.0926
vn -0.8851 0.4560 -0.0927
vn -0.6328 0.6642 0.3979
vn -0.6422 0.6300 0.4366
vn -0.6498 0.5940 0.4742
vn -0.0570 0.9868 0.1518
vn -0.0567 0.9869 0.1512
vn -0.0568 0.9869 0.1511
vn -0.0570 0.9873 0.1481
vn -0.0570 0.9875 0.1467
vn -0.0570 0.9872 0.1489
vn -0.0570 0.9868 0.1519
vn -0.0568 0.9868 0.1517
vn -0.0570 0.9871 0.1496
vn -0.0571 0.9869 0.1509
vn -0.0569 0.9880 0.1438
vn -0.0571 0.9880 0.1438
vn 0.9713 0.2360 0.0290
vn 0.9716 0.2349 0.0283
vn 0.9716 0.2351 0.0284
vn -0.0467 0.9886 -0.1433
vn 0.9718 0.2341 0.0277
vn 0.0078 -0.1353 -0.9908
vn 0.0078 -0.1354 -0.9908
vn -0.9987 -0.0508 0.0006
vn 0.9987 0.0507 -0.0005
vn -0.0573 0.9983 -0.0057
vn -0.0567 0.9888 0.1380
vn -0.0567 0.9888 0.1384
vn -0.8507 -0.1196 0.5119
vn -0.9102 0.2338 0.3417
vn -0.9987 -0.0517 -0.0000
vn -0.9987 -0.0509 -0.0001
vn -0.9987 -0.0508 -0.0001
vn 0.0080 -0.1400 0.9901
vn 0.9987 0.0513 0.0003
vn 0.9987 0.0509 -0.0001
vn 0.9987 0.0511 0.0002
vn 0.9987 0.0515 0.0005
vn -0.9987 -0.0508 -0.0002
vn -0.0572 0.9983 -0.0057
vn -0.3730 0.9278 -0.0054
vn -0.3078 0.9443 0.1165
vn -0.0126 0.2198 0.9755
vn 0.0080 -0.1399 0.9901
vn -0.9987 -0.0509 -0.0008
vn -0.9987 -0.0507 -0.0012
vn -0.9987 -0.0513 -0.0003
vn -0.9987 -0.0516 0.0001
vn -0.0130 0.2260 0.9740
vn 0.2354 0.7598 0.6060
vn 0.2897 0.9452 0.1504
vn -0.1898 0.9518 0.2411
vn -0.0568 0.9885 0.1404
vn -0.0567 0.9884 0.1405
vn -0.0569 0.9885 0.1403
vn -0.0567 0.9886 0.1396
vn -0.0567 0.9886 0.1392
vn -0.0567 0.9886 0.1395
vn -0.0567 0.9887 0.1387
vn -0.0568 0.9884 0.1405
vn -0.0567 0.9884 0.1406
vn -0.0567 0.9886 0.1398
vn -0.0566 0.9869 -0.1508
vn -0.0566 0.9871 -0.1500
vn -0.0566 0.9869 -0.1511
vn -0.0566 0.9870 -0.1506
vn -0.0003 0.0054 -1.0000
vn -0.0566 0.9872 -0.1490
vn 0.0003 -0.0054 1.0000
vn 0.9987 0.0513 -0.0001
vn 0.9987 0.0512 -0.0001
vn 0.9987 0.0511 -0.0000
vn -0.0566 0.9871 -0.1496
vn -0.0567 0.9868 -0.1516
vn -0.9987 -0.0509 0.0003
vn -0.9987 -0.0512 0.0002
vn -0.0568 0.9909 0.1218
vn -0.0568 0.9910 0.1215
vn -0.0568 0.9908 0.1224
vn 0.0075 -0.1296 -0.9915
vn 0.0075 -0.1295 -0.9915
vn 0.9987 0.0509 0.0001
vn -0.0036 0.0630 -0.9980
vn 0.9624 0.2716 -0.0012
vn 0.9625 0.2713 -0.0014
vn 0.9621 0.2715 0.0269
vn -0.0181 0.3150 0.9489
vn -0.5853 0.7558 0.2937
vn 0.9987 0.0510 0.0001
vn -0.0566 0.9870 -0.1504
vn -0.7922 0.6102 -0.0038
vn -0.3849 0.2686 0.8830
vn -0.2385 -0.1534 0.9590
vn -0.0074 0.1292 0.9916
vn 0.0084 -0.1461 0.9892
vn -0.0462 0.8065 0.5895
vn -0.0570 0.9984 -0.0057
vn -0.3822 0.8518 0.3582
vn -0.3939 0.9191 -0.0054
vn 0.9620 0.2718 0.0268
vn -0.0567 0.9886 0.1397
vn -0.0567 0.9886 0.1393
vn -0.9987 -0.0510 -0.0000
vn -0.0567 0.9888 0.1377
vn -0.8592 0.5116 -0.0032
vn 0.0074 -0.1296 -0.9915
vn -0.3177 0.7285 -0.6069
vn -0.9987 -0.0508 0.0013
vn -0.9987 -0.0511 -0.0001
vn -0.9987 -0.0513 0.0011
vn 0.4975 0.8140 -0.2999
vn 0.0807 0.9649 -0.2498
vn 0.9987 0.0511 0.0010
vn 0.9987 0.0513 0.0022
vn 0.9987 0.0511 0.0007
vn -0.6489 0.7608 -0.0050
vn -0.6461 0.7572 0.0956
vn -0.3073 0.9431 -0.1274
vn -0.9463 0.3195 -0.0493
vn -0.9462 0.3196 -0.0494
vn -0.9462 0.3198 -0.0495
vn -0.9461 0.3199 -0.0496
vn 0.0081 -0.1399 0.9901
vn -0.9987 -0.0509 -0.0014
vn -0.9987 -0.0513 -0.0001
vn -0.9987 -0.0506 -0.0015
vn 0.9987 0.0508 0.0003
vn -0.0566 0.9869 -0.1510
vn -0.0567 0.9868 -0.1518
vn -0.0568 0.9868 -0.1515
vn -0.0567 0.9894 -0.1338
vn -0.0567 0.9895 -0.1332
vn -0.0567 0.9894 -0.1339
vn 0.9987 0.0510 -0.0001
vn -0.0567 0.9894 -0.1335
vn -0.3930 0.9056 -0.1595
vn -0.0501 0.8725 -0.4860
vn -0.0502 0.8743 0.4828
vn 0.9987 0.0509 -0.0004
vn -0.0568 0.9908 0.1225
vn 0.7221 0.6918 -0.0039
vn -0.9987 -0.0514 0.0001
vn -0.9987 -0.0512 -0.0001
vn 0.9987 0.0516 -0.0008
vn 0.9987 0.0514 0.0005
vn -0.0568 0.9894 -0.1339
vn 0.9987 0.0512 0.0017
vn 0.9987 0.0514 0.0004
vn -0.6452 0.7567 -0.1048
vn 0.9620 0.2716 -0.0296
vn 0.9620 0.2715 -0.0296
vn 0.9322 0.3594 -0.0433
vn 0.9321 0.3595 -0.0432
vn 0.9321 0.3597 -0.0431
vn -0.0566 0.9868 -0.1516
vn 0.9987 0.0509 -0.0002
vn -0.0572 0.9983 -0.0058
vn -0.0566 0.9872 -0.1492
vn -0.9987 -0.0516 0.0005
vn -0.9089 0.2361 -0.3439
vn -0.8516 -0.1139 -0.5117
vn -0.3842 0.2740 -0.8817
vn -0.2395 -0.1442 -0.9601
vn -0.0087 0.1368 -0.9906
vn 0.0078 -0.1357 -0.9907
vn -0.0131 0.2292 -0.9733
vn 0.9323 0.3594 0.0394
vn -0.0502 0.8742 0.4829
vn -0.3801 0.8500 -0.3649
vn -0.0467 0.8049 -0.5916
vn -0.0185 0.3231 -0.9462
vn 0.9323 0.3595 0.0394
vn -0.9987 -0.0516 0.0003
vn 0.9320 0.3598 -0.0431
vn -0.0030 0.0522 0.9986
vn -0.9465 0.3196 0.0452
vn -0.9466 0.3192 0.0449
vn -0.0135 0.2354 -0.9718
vn -0.9991 0.0415 -0.0006
vn -0.9991 0.0416 -0.0006
vn -0.0160 0.2793 -0.9601
vn -0.0156 0.2719 0.9622
vn -0.0156 0.2720 0.9622
vn 0.9719 0.2354 -0.0012
vn 0.9717 0.2362 -0.0014
vn 0.9719 0.2353 -0.0012
vn 0.9721 0.2345 -0.0010
vn -0.9910 0.1336 -0.0012
vn -0.9910 0.1340 -0.0012
vn -0.0565 0.9868 -0.1519
vn -0.9987 -0.0509 -0.0000
vn 0.0636 -0.9980 -0.0000
vn 0.9987 0.0507 -0.0000
vn -0.0117 0.2054 -0.9786
vn -0.0117 0.2054 0.9786
vn -0.3504 -0.0386 -0.9358
vn -0.3487 -0.0000 -0.9372
vn -0.3504 -0.0385 -0.9358
vn 0.6915 -0.0000 -0.7224
vn 0.7099 0.7044 -0.0000
vn 0.1314 0.9913 -0.0000
vn 0.3271 0.8970 0.2974
vn -0.3517 -0.0771 -0.9329
vn -0.3358 0.1729 -0.9259
vn -0.3360 0.1691 -0.9266
vn -0.3356 0.1768 -0.9253
vn 0.7347 0.0003 -0.6783
vn -0.3365 0.1656 -0.9270
vn -0.3365 0.1664 -0.9269
vn -0.3365 0.1658 -0.9270
vn -0.3366 0.1652 -0.9271
vn -0.0645 0.9819 -0.1783
vn -0.0653 0.9814 -0.1805
vn -0.0646 0.9816 -0.1796
vn 0.7348 -0.0001 -0.6783
vn -1.0000 0.0005 0.0029
vn -1.0000 -0.0000 0.0028
vn -1.0000 -0.0000 -0.0036
vn -1.0000 0.0003 -0.0036
vn -0.0642 0.9818 -0.1787
vn -0.0652 0.9979 -0.0000
vn -0.0641 0.9818 -0.1787
vn -0.0645 0.9819 0.1783
vn -0.0642 0.9818 0.1787
vn -0.3363 0.1687 0.9265
vn -0.3362 0.1694 0.9264
vn -0.0641 0.9818 0.1787
vn -0.0637 0.9818 0.1790
vn -0.0637 0.9819 0.1783
vn -1.0000 0.0007 -0.0036
vn -0.3363 0.1687 -0.9265
vn -0.3363 0.1679 -0.9266
vn -0.0645 0.9816 -0.1796
vn -0.0648 0.9815 -0.1801
vn -0.0654 0.9979 -0.0001
vn -0.0646 0.9816 0.1796
vn -0.0654 0.9979 -0.0000
vn -0.0637 0.9818 -0.1790
vn 0.3272 0.8970 -0.2971
vn -0.0637 0.9819 -0.1783
vn -0.3362 0.1694 -0.9264
vn -1.0000 -0.0000 -0.0028
vn -1.0000 0.0003 -0.0029
vn -1.0000 0.0002 -0.0029
vn -1.0000 0.0005 -0.0029
vn 0.6539 0.6636 -0.3634
vn -0.3459 -0.0000 -0.9383
vn -0.3459 -0.0000 0.9383
vn -0.3504 -0.0386 0.9358
vn -0.3487 -0.0000 0.9372
vn 0.6915 -0.0000 0.7224
vn -1.0000 0.0002 0.0029
vn -0.3517 -0.0771 0.9329
vn -0.3358 0.1729 0.9259
vn -0.3360 0.1691 0.9266
vn -0.3356 0.1768 0.9253
vn 0.7348 -0.0001 0.6783
vn 0.7347 0.0003 0.6783
vn 0.6539 0.6636 0.3634
vn -0.3365 0.1658 0.9270
vn -0.3365 0.1664 0.9269
vn -0.3365 0.1657 0.9270
vn -0.3366 0.1652 0.9271
vn -0.0653 0.9814 0.1805
vn -1.0000 -0.0000 0.0036
vn -1.0000 0.0006 0.0036
vn -0.0648 0.9815 0.1801
vn -0.0645 0.9816 0.1796
vn -0.3363 0.1688 0.9265
vn -0.3364 0.1679 0.9266
vn -1.0000 0.0007 0.0036
vn 0.0654 -0.9814 -0.1806
vn 0.0645 -0.9818 -0.1785
vn 0.0653 -0.9814 -0.1804
vn 0.0642 -0.9818 -0.1786
vn 0.0641 -0.9819 -0.1781
vn 0.0644 -0.9817 -0.1791
vn 0.0642 -0.9820 -0.1774
vn 0.0640 -0.9819 -0.1780
vn 0.0651 -0.9960 -0.0604
vn 0.0640 -0.9818 -0.1787
vn 0.0651 -0.9960 0.0605
vn 0.0642 -0.9819 -0.1784
vn 0.0642 -0.9818 -0.1785
vn 0.0643 -0.9819 -0.1783
vn 0.0645 -0.9819 0.1782
vn 0.0652 -0.9961 0.0600
vn 0.0658 -0.9972 -0.0360
vn 0.0654 -0.9814 0.1807
vn 0.0653 -0.9814 0.1804
vn 0.0644 -0.9817 0.1790
vn 0.0641 -0.9819 0.1781
vn 0.0641 -0.9819 0.1783
vn 0.0641 -0.9820 0.1776
vn 0.0642 -0.9818 0.1786
vn 0.0642 -0.9818 0.1785
vn 0.0641 -0.9818 0.1786
vn 0.0642 -0.9819 0.1784
vn 0.0640 -0.9818 0.1787
vn 0.0642 -0.9820 0.1774
vn 0.0640 -0.9819 0.1782
vn -0.9386 -0.0240 -0.3442
vn -0.9386 -0.0239 -0.3442
vn -0.9386 -0.0239 -0.3443
vn -0.3423 -0.0429 -0.9386
vn -0.3422 -0.0401 -0.9388
vn -0.3423 -0.0457 -0.9385
vn -0.0636 0.9928 -0.1010
vn -0.0636 0.9929 -0.1010
vn -0.0635 0.9929 -0.1004
vn -0.0634 0.9930 -0.0999
vn -0.0610 0.9482 -0.3117
vn -0.0602 0.9468 -0.3162
vn -0.0618 0.9496 -0.3072
vn 0.9676 0.0012 -0.2525
vn 0.9681 0.0012 -0.2505
vn 0.9680 0.0012 -0.2510
vn 0.9734 0.0021 -0.2290
vn 0.9702 0.0016 -0.2423
vn 0.9718 0.0018 -0.2357
vn -0.0643 0.9788 -0.1942
vn -0.0649 0.9804 -0.1860
vn -0.0643 0.9788 -0.1943
vn -0.0637 0.9772 -0.2025
vn -0.9386 -0.0239 0.3442
vn -0.9386 -0.0240 0.3442
vn -0.9386 -0.0239 0.3443
vn -0.3423 -0.0429 0.9386
vn -0.3422 -0.0401 0.9388
vn -0.3423 -0.0457 0.9385
vn -0.0635 0.9929 0.1004
vn -0.0636 0.9929 0.1010
vn -0.0636 0.9928 0.1010
vn -0.0634 0.9930 0.0999
vn -0.0610 0.9482 0.3117
vn -0.0602 0.9468 0.3162
vn -0.0618 0.9496 0.3072
vn 0.9680 0.0012 0.2510
vn 0.9681 0.0012 0.2505
vn 0.9676 0.0012 0.2525
vn 0.9718 0.0018 0.2357
vn 0.9702 0.0016 0.2423
vn 0.9734 0.0021 0.2290
vn -0.0643 0.9788 0.1943
vn -0.0649 0.9804 0.1860
vn -0.0643 0.9788 0.1942
vn -0.0637 0.9772 0.2025
vn 0.9535 0.2973 -0.0488
vn 0.9544 0.2945 -0.0481
vn 0.9554 0.2916 -0.0474
vn -0.3371 0.0585 -0.9397
vn -0.3371 0.0591 -0.9396
vn -0.3371 0.0589 -0.9396
vn -0.9842 0.1719 -0.0436
vn -0.9841 0.1724 -0.0437
vn -0.9840 0.1726 -0.0437
vn -0.9839 0.1731 -0.0438
vn -0.0262 0.3975 0.9172
vn -0.0262 0.3974 0.9173
vn -0.0686 0.9788 -0.1929
vn -0.0687 0.9788 -0.1927
vn -0.0689 0.9789 -0.1924
vn -0.0684 0.9788 -0.1932
vn 0.9544 0.2945 0.0481
vn 0.9545 0.2945 0.0481
vn 0.9535 0.2973 0.0488
vn 0.9554 0.2916 0.0474
vn -0.3371 0.0589 0.9396
vn -0.3371 0.0591 0.9396
vn -0.3371 0.0585 0.9397
vn -0.9840 0.1726 0.0437
vn -0.9841 0.1724 0.0437
vn -0.9842 0.1719 0.0436
vn -0.9839 0.1731 0.0438
vn -0.0262 0.3975 -0.9172
vn -0.0262 0.3974 -0.9173
vn -0.0689 0.9789 0.1924
vn -0.0687 0.9788 0.1927
vn -0.0686 0.9788 0.1929
vn -0.0684 0.9788 0.1932
vn -0.0653 0.9806 0.1850
vn -0.0652 0.9805 0.1852
vn -0.0653 0.9806 0.1851
vn -0.0654 0.9806 0.1849
vn -0.0655 0.9805 0.1852
vn -0.2870 0.2064 0.9354
vn -0.2870 0.2063 0.9354
vn -0.2869 0.2068 0.9354
vn -0.9520 0.3004 0.0592
vn -0.9521 0.3000 0.0591
vn -0.9518 0.3009 0.0594
vn -0.9517 0.3013 0.0596
vn -0.0221 0.4042 -0.9144
vn -0.0221 0.4041 -0.9144
vn 0.9182 0.3897 0.0707
vn 0.9181 0.3899 0.0707
vn 0.9183 0.3896 0.0708
vn 0.9183 0.3894 0.0708
vn -0.0221 0.4046 -0.9142
vn 0.9177 0.3909 0.0709
vn 0.9173 0.3919 0.0709
vn 0.9178 0.3908 0.0709
vn 0.9182 0.3898 0.0709
vn -0.0599 0.9803 -0.1884
vn -0.0599 0.9803 -0.1881
vn -0.0600 0.9802 -0.1885
vn -0.0599 0.9802 -0.1886
vn -0.0599 0.9803 -0.1882
vn -0.0699 0.5320 0.8439
vn -0.9020 0.4238 -0.0824
vn -0.9017 0.4245 -0.0824
vn -0.9020 0.4237 -0.0824
vn -0.9023 0.4232 -0.0825
vn -0.2419 0.3092 -0.9197
vn -0.2419 0.3093 -0.9197
vn -0.2419 0.3090 -0.9198
vn -0.2419 0.3086 -0.9199
vn 0.8521 0.5143 -0.0970
vn 0.8523 0.5140 -0.0967
vn 0.8519 0.5146 -0.0971
vn 0.8517 0.5149 -0.0974
vn -0.2077 0.3086 -0.9282
vn -0.2077 0.3087 -0.9282
vn -0.2076 0.3086 -0.9283
vn -0.2076 0.3085 -0.9283
vn 0.8525 0.5136 -0.0973
vn 0.8532 0.5125 -0.0969
vn 0.8524 0.5137 -0.0973
vn 0.8518 0.5147 -0.0977
vn -0.1170 0.1869 0.9754
vn -0.1170 0.1868 0.9754
vn -0.9802 0.1916 0.0510
vn -0.9802 0.1914 0.0512
vn -0.9802 0.1915 0.0511
vn -0.1220 0.1866 0.9748
vn -0.1220 0.1867 0.9748
vn -0.0602 0.9759 0.2097
vn -0.0601 0.9760 0.2092
vn -0.9801 0.1917 0.0515
vn -0.1204 0.1867 0.9750
vn 0.9618 0.2695 0.0474
vn 0.9618 0.2696 0.0474
vn -0.0605 0.9765 0.2067
vn -0.0599 0.9768 0.2057
vn -0.0601 0.9763 0.2080
vn 0.9618 0.2696 0.0475
vn -0.0603 0.9761 0.2090
vn -0.0603 0.9759 0.2095
vn -0.0603 0.9760 0.2094
vn -0.0603 0.9761 0.2089
vn -0.9802 0.1914 0.0513
vn -0.9883 0.1528 -0.0000
vn -0.9851 0.1719 -0.0000
vn -0.9841 0.1718 0.0444
vn -0.9806 0.1908 0.0459
vn 0.9622 0.2689 0.0439
vn 0.9675 0.2527 -0.0000
vn 0.9667 0.2525 0.0421
vn 0.9717 0.2362 -0.0000
vn -0.1047 0.1873 0.9767
vn -0.0610 0.9760 0.2091
vn -0.0602 0.9761 0.2089
vn 0.9618 0.2696 0.0476
vn 0.9618 0.2696 0.0477
vn -0.1126 0.1870 0.9759
vn -0.0000 -0.0002 1.0000
vn -0.1170 0.1868 -0.9754
vn -0.1170 0.1869 -0.9754
vn -0.9802 0.1915 -0.0511
vn -0.9802 0.1914 -0.0512
vn -0.9802 0.1916 -0.0510
vn 0.9985 0.0532 0.0104
vn 0.9985 0.0533 0.0107
vn 0.9985 0.0529 0.0098
vn 0.9986 0.0528 0.0096
vn -0.1220 0.1867 -0.9748
vn -0.1220 0.1866 -0.9748
vn -0.0602 0.9760 -0.2094
vn -0.0601 0.9760 -0.2094
vn -0.0602 0.9759 -0.2097
vn -0.9801 0.1917 -0.0515
vn -0.1204 0.1867 -0.9750
vn 0.9618 0.2696 -0.0474
vn 0.9618 0.2695 -0.0474
vn 0.0654 -0.9979 -0.0002
vn 0.0654 -0.9979 -0.0004
vn -0.0602 0.9762 -0.2082
vn -0.0599 0.9768 -0.2057
vn -0.0602 0.9765 -0.2068
vn 0.9618 0.2696 -0.0475
vn -0.0603 0.9760 -0.2093
vn -0.0603 0.9760 -0.2094
vn -0.0603 0.9759 -0.2095
vn -0.9986 -0.0528 -0.0072
vn -0.9986 -0.0528 -0.0071
vn -0.0603 0.9760 -0.2092
vn -0.9802 0.1914 -0.0513
vn -0.0000 0.0002 -1.0000
vn -0.9841 0.1718 -0.0445
vn 0.9266 0.3761 -0.0009
vn 0.9261 0.3712 0.0677
vn 0.9273 0.3743 -0.0008
vn -0.1577 0.1467 0.9765
vn -0.1577 0.1466 0.9765
vn 0.9259 0.3715 0.0678
vn -0.9635 0.2593 0.0670
vn -0.9657 0.2598 -0.0001
vn -0.0694 0.9756 0.2085
vn -0.0694 0.9755 0.2086
vn -0.0694 0.9755 0.2087
vn -0.2595 0.0127 0.9657
vn -0.2595 0.0126 0.9657
vn -0.2595 0.0125 0.9657
vn -0.0640 0.9755 0.2103
vn -0.0640 0.9757 0.2097
vn -0.0641 0.9757 0.2096
vn -0.0640 0.9760 0.2083
vn -0.0641 0.9757 0.2094
vn -0.0640 0.9759 0.2088
vn -0.9965 0.0838 -0.0002
vn -0.9965 0.0840 -0.0002
vn -0.9960 0.0840 0.0292
vn -0.9960 0.0842 0.0291
vn -0.0641 0.9758 0.2092
vn -0.9960 0.0840 -0.0290
vn -0.0012 0.0177 -0.9998
vn -0.0012 0.0178 -0.9998
vn 0.7614 0.0867 -0.6425
vn 0.7613 0.0868 -0.6425
vn 0.7612 0.0869 -0.6426
vn 0.7615 0.0865 -0.6424
vn 0.9877 0.1566 -0.0003
vn 0.9874 0.1566 -0.0223
vn 0.9877 0.1567 0.0004
vn 0.9874 0.1564 -0.0223
vn 0.9875 0.1561 -0.0221
vn 0.9875 0.1562 -0.0222
vn 0.9875 0.1559 -0.0217
vn 0.9874 0.1564 -0.0225
vn -0.9961 0.0837 -0.0291
vn -0.9961 0.0840 -0.0289
vn -0.9961 0.0835 -0.0292
vn 0.9874 0.1585 0.0004
vn 0.9873 0.1586 0.0003
vn 0.9873 0.1587 0.0002
vn -0.0639 0.9757 -0.2098
vn -0.0640 0.9755 -0.2105
vn -0.0640 0.9760 -0.2083
vn -0.0639 0.9754 -0.2108
vn 0.9874 0.1584 0.0005
vn -0.2595 0.0126 -0.9657
vn -0.2595 0.0125 -0.9657
vn -0.0639 0.9758 -0.2093
vn -0.2595 0.0127 -0.9657
vn -0.1126 0.1870 -0.9759
vn -0.9960 0.0840 -0.0296
vn 0.9618 0.2696 -0.0477
vn 0.9618 0.2696 -0.0476
vn -0.9960 0.0842 -0.0295
vn -0.9960 0.0840 0.0290
vn -0.0012 0.0178 0.9998
vn -0.0012 0.0177 0.9998
vn 0.7612 0.0869 0.6426
vn 0.7613 0.0868 0.6425
vn 0.7614 0.0867 0.6425
vn 0.7615 0.0865 0.6424
vn 0.9875 0.1564 0.0221
vn 0.9874 0.1564 0.0221
vn 0.9875 0.1559 0.0217
vn 0.9875 0.1562 0.0222
vn 0.9875 0.1561 0.0221
vn 0.9874 0.1564 0.0226
vn 0.9499 0.3125 0.0001
vn 0.9489 0.3121 -0.0476
vn 0.9575 0.2885 0.0001
vn 0.9408 0.3358 -0.0466
vn -0.2409 0.1664 -0.9562
vn -0.9666 0.2494 -0.0592
vn -0.9683 0.2498 0.0005
vn -0.9697 0.2444 0.0005
vn -0.9654 0.2547 -0.0561
vn -0.0695 0.9765 -0.2041
vn -0.0695 0.9765 -0.2040
vn -0.0695 0.9765 -0.2039
vn -0.0695 0.9765 -0.2042
vn -0.0694 0.9755 0.2088
vn -0.9635 0.2593 -0.0672
vn 0.9258 0.3717 -0.0689
vn 0.9242 0.3755 -0.0693
vn -0.1577 0.1466 -0.9765
vn -0.1577 0.1467 -0.9765
vn -0.0694 0.9754 -0.2090
vn -0.0694 0.9755 -0.2090
vn -0.0694 0.9755 -0.2089
vn -0.0694 0.9754 -0.2091
vn -0.0640 0.9755 0.2104
vn -0.0697 0.9762 0.2052
vn -0.0696 0.9760 0.2064
vn -0.0695 0.9758 0.2075
vn -0.9653 0.2548 0.0571
vn -0.9665 0.2494 0.0603
vn -0.2409 0.1664 0.9562
vn 0.9407 0.3359 0.0468
vn 0.9488 0.3121 0.0478
vn -0.9961 0.0840 0.0289
vn -0.9961 0.0837 0.0291
vn -0.9961 0.0835 0.0292
vn 0.9873 0.1587 -0.0002
vn 0.9873 0.1586 -0.0003
vn 0.9874 0.1585 -0.0004
vn 0.9874 0.1584 -0.0005
vn -0.0603 0.9760 -0.2091
vn -0.1047 0.1873 -0.9767
vn -0.0654 0.9979 0.0004
vn -0.0654 0.9979 0.0003
vn 0.9667 0.2525 -0.0421
vn 0.9621 0.2690 -0.0440
vn -0.9806 0.1908 -0.0459
vn 0.3348 -0.9423 -0.0000
vn 0.1761 -0.9444 0.2775
vn -0.0926 -0.9957 -0.0000
vn -0.0847 -0.9690 0.2321
vn -0.0737 -0.9844 0.1598
vn -0.0651 -0.9979 -0.0001
vn -0.0643 -0.9818 -0.1785
vn -0.0653 -0.9979 -0.0000
vn -0.0641 -0.9819 0.1782
vn -0.0644 -0.9817 0.1791
vn -0.3355 -0.1770 -0.9252
vn -0.1149 -0.9432 -0.3116
vn 0.1760 -0.9445 -0.2775
vn -0.0847 -0.9690 -0.2321
vn -0.3282 -0.2694 -0.9054
vn -0.3277 -0.2739 -0.9042
vn -0.3286 -0.2649 -0.9065
vn -0.3365 -0.1657 -0.9270
vn -0.3366 -0.1651 -0.9271
vn -0.3365 -0.1659 -0.9269
vn -0.3365 -0.1664 -0.9269
vn -0.0572 -0.9860 0.1569
vn -0.0613 -0.9838 0.1687
vn -0.0612 -0.9838 0.1687
vn -0.0643 -0.9818 -0.1790
vn -0.0639 -0.9818 -0.1787
vn -0.0641 -0.9820 -0.1778
vn -0.0647 -0.9815 -0.1801
vn -0.0654 -0.9814 -0.1807
vn -0.0645 -0.9819 -0.1781
vn -0.3296 -0.2589 -0.9079
vn -0.3296 -0.2587 -0.9080
vn -0.3297 -0.2582 -0.9081
vn -0.3295 -0.2595 -0.9078
vn -1.0000 0.0001 0.0036
vn -1.0000 0.0001 0.0035
vn -1.0000 0.0007 0.0034
vn 0.7346 -0.0008 0.6785
vn -0.0642 -0.9820 -0.1775
vn -0.0642 -0.9820 -0.1776
vn -0.0652 -0.9979 -0.0000
vn -0.0659 -0.9960 -0.0601
vn -0.0653 -0.9972 0.0361
vn 0.7348 -0.0000 0.6783
vn -0.0644 -0.9816 -0.1796
vn -0.0647 -0.9814 -0.1805
vn -0.3363 -0.1686 -0.9265
vn -0.3363 -0.1680 -0.9266
vn -0.3363 -0.1688 -0.9265
vn -0.3362 -0.1694 -0.9264
vn -0.3291 -0.2627 -0.9070
vn -0.3291 -0.2628 -0.9070
vn -0.3293 -0.2611 -0.9074
vn -0.3289 -0.2645 -0.9066
vn 0.7096 -0.7046 -0.0000
vn 0.6534 -0.6642 -0.3633
vn 0.8978 -0.4404 -0.0000
vn 0.8331 -0.4086 -0.3729
vn 0.8311 -0.4125 -0.3730
vn 0.8998 -0.4362 -0.0000
vn -0.3503 -0.0222 0.9364
vn -0.3505 0.0082 0.9365
vn -0.3519 -0.0445 0.9350
vn 0.6915 -0.0000 -0.7223
vn 0.6916 0.0001 -0.7223
vn 0.6914 -0.0005 -0.7225
vn 0.7348 -0.0000 -0.6783
vn 0.7347 -0.0002 -0.6784
vn 0.7348 0.0001 -0.6783
vn 0.7347 -0.0003 -0.6784
vn -0.3505 0.0082 -0.9365
vn -0.3503 0.0386 -0.9358
vn -0.3486 -0.0000 -0.9373
vn -0.3516 0.0772 -0.9330
vn -1.0000 -0.0005 -0.0030
vn -1.0000 -0.0002 -0.0029
vn -0.0643 -0.9821 -0.1773
vn -1.0000 -0.0005 -0.0037
vn -1.0000 -0.0001 -0.0036
vn -1.0000 -0.0011 -0.0037
vn -0.3486 -0.0000 0.9373
vn 0.6914 -0.0005 0.7225
vn 0.6914 -0.0002 0.7225
vn -0.0650 -0.9979 -0.0000
vn -0.0638 -0.9818 -0.1788
vn -0.0638 -0.9817 -0.1793
vn -0.0636 -0.9818 -0.1787
vn -1.0000 -0.0002 0.0029
vn -1.0000 0.0001 0.0028
vn -1.0000 0.0001 -0.0028
vn 0.6914 -0.0002 -0.7225
vn -0.3503 -0.0222 -0.9364
vn -0.3519 -0.0445 -0.9350
vn 0.7346 -0.0008 -0.6785
vn -1.0000 0.0001 -0.0036
vn -1.0000 0.0007 -0.0033
vn -0.0638 -0.9817 0.1793
vn -0.0638 -0.9818 0.1788
vn -0.0636 -0.9818 0.1787
vn -0.0612 -0.9838 -0.1687
vn -0.0613 -0.9838 -0.1687
vn -0.0572 -0.9860 -0.1569
vn -0.0644 -0.9817 -0.1791
vn -0.0641 -0.9819 -0.1782
vn -0.0733 -0.9845 -0.1596
vn -0.0642 -0.9819 0.1782
vn -0.0643 -0.9818 0.1790
vn -0.0645 -0.9818 0.1785
vn -0.0644 -0.9818 0.1786
vn -0.0642 -0.9820 0.1775
vn -0.3355 -0.1770 0.9252
vn -0.1149 -0.9432 0.3116
vn -0.3277 -0.2740 0.9042
vn -0.3282 -0.2694 0.9054
vn -0.3286 -0.2649 0.9066
vn -0.3366 -0.1651 0.9271
vn -0.3365 -0.1657 0.9270
vn -0.3365 -0.1659 0.9269
vn -0.3365 -0.1664 0.9269
vn -0.0643 -0.9820 0.1774
vn -0.0639 -0.9818 0.1787
vn -0.0654 -0.9814 0.1807
vn -0.0647 -0.9815 0.1801
vn -0.3276 -0.2801 0.9024
vn -0.3286 -0.2698 0.9051
vn -0.3297 -0.2595 0.9077
vn -1.0000 -0.0001 0.0036
vn -1.0000 -0.0011 0.0037
vn -1.0000 -0.0008 0.0037
vn -1.0000 -0.0005 0.0036
vn -0.0642 -0.9820 0.1776
vn -1.0000 -0.0005 0.0030
vn -0.0647 -0.9814 0.1805
vn -0.0644 -0.9816 0.1796
vn -0.3363 -0.1680 0.9266
vn -0.3363 -0.1687 0.9265
vn -0.3363 -0.1688 0.9265
vn -0.3362 -0.1694 0.9264
vn -0.3293 -0.2611 0.9074
vn -0.3291 -0.2628 0.9070
vn -0.3289 -0.2645 0.9066
vn 0.6534 -0.6642 0.3633
vn 0.8311 -0.4125 0.3730
vn 0.8331 -0.4086 0.3729
vn 0.6914 -0.0004 0.7225
vn 0.6916 0.0001 0.7223
vn 0.7348 0.0001 0.6783
vn 0.7347 -0.0003 0.6784
vn -0.3504 0.0386 0.9358
vn -0.3516 0.0772 0.9330
vn -0.0647 -0.9815 0.1800
vn -0.0653 -0.9814 0.1804
vn -0.0653 -0.9814 -0.1804
vn -0.0647 -0.9815 -0.1800
vn 0.0647 0.9819 0.1780
vn 0.0655 0.9820 0.1772
vn 0.0642 0.9820 0.1774
vn 0.0643 0.9821 0.1773
vn 0.0642 0.9819 0.1780
vn 0.0641 0.9819 -0.1781
vn 0.0641 0.9818 -0.1786
vn 0.0644 0.9817 -0.1790
vn 0.0659 0.9978 -0.0000
vn 0.0653 0.9814 0.1803
vn 0.0643 0.9818 -0.1786
vn 0.0648 0.9819 -0.1779
vn 0.0654 0.9814 -0.1805
vn 0.0653 0.9814 -0.1803
vn 0.0652 0.9979 -0.0000
vn 0.0642 0.9820 -0.1774
vn 0.0652 0.9961 -0.0601
vn 0.0642 0.9819 -0.1780
vn 0.0653 0.9972 0.0361
vn 0.0656 0.9820 -0.1771
vn 0.0664 0.9978 -0.0000
vn 0.0654 0.9979 -0.0000
vn 0.0642 0.9819 -0.1781
vn 0.0644 0.9822 -0.1767
vn 0.0642 0.9819 0.1783
vn 0.0640 0.9818 0.1787
vn 0.0642 0.9819 0.1781
vn 0.0640 0.9819 0.1783
vn 0.0643 0.9818 0.1786
vn 0.0642 0.9819 -0.1783
vn 0.0640 0.9818 -0.1787
vn 0.0644 0.9817 0.1790
vn 0.0641 0.9819 0.1781
vn 0.6964 -0.0000 0.7176
vn 0.0025 0.9996 -0.0274
vn 0.0032 0.9989 -0.0476
vn 0.0188 0.9996 -0.0216
vn 0.0017 1.0000 -0.0074
vn 0.0025 0.9985 -0.0549
vn -0.0153 0.9995 -0.0276
vn 0.0056 0.9954 -0.0952
vn 0.0220 0.9996 -0.0184
vn 0.0137 0.9999 -0.0100
vn 0.0152 0.9989 -0.0449
vn -0.9995 -0.0000 0.0330
vn 0.0042 0.9999 -0.0137
vn 0.0044 1.0000 -0.0000
vn -0.0037 0.9999 -0.0156
vn 0.0188 0.9996 0.0216
vn 0.0017 1.0000 0.0074
vn 0.0248 0.9997 0.0054
vn 0.0451 0.9990 -0.0021
vn 0.0152 0.9989 0.0449
vn 0.0025 0.9985 0.0549
vn -0.0000 1.0000 0.0016
vn 0.0006 1.0000 -0.0011
vn 0.0036 0.9999 -0.0104
vn -0.0153 0.9995 0.0276
vn 0.0036 0.9999 0.0104
vn -0.3433 0.0010 0.9392
vn -0.3433 0.0009 0.9392
vn -0.3432 -0.0001 -0.9393
vn 0.7390 -0.0000 -0.6737
vn 0.9391 0.0026 -0.3437
vn 0.9389 0.0053 -0.3442
vn 0.0001 1.0000 0.0017
vn 0.0198 -0.9984 0.0529
vn -0.3433 0.0018 0.9392
vn 0.6964 -0.0000 -0.7176
vn -0.3433 -0.0018 -0.9392
vn -0.3433 -0.0010 -0.9392
vn 0.0056 0.9954 0.0952
vn -0.3433 -0.0008 -0.9392
vn -0.3432 -0.0001 0.9393
vn 0.0006 1.0000 0.0011
vn 0.0032 0.9989 0.0476
vn 0.0025 0.9996 0.0274
vn -0.0037 0.9999 0.0157
vn 0.0198 -0.9984 -0.0529
vn 0.0042 0.9999 0.0137
vn 0.0137 0.9999 0.0100
vn -0.9995 -0.0000 -0.0330
vn 0.0220 0.9996 0.0184
vn 0.0248 0.9997 -0.0054
vn 0.0451 0.9990 0.0021
vn -0.0000 1.0000 -0.0016
vn 0.7390 -0.0000 0.6737
vn 0.9391 0.0026 0.3437
vn 0.9389 0.0053 0.3442
vn 0.0001 1.0000 -0.0017
vn -0.0001 -0.9990 0.0452
vn -0.1625 -0.9770 -0.1380
vn -0.0000 -0.9713 0.2381
vn -0.1625 0.0024 0.9867
vn -0.3187 0.6525 -0.6875
vn -0.3187 -0.7734 -0.5480
vn -0.3188 0.9206 -0.2256
vn -0.1625 0.2757 -0.9474
vn 0.8346 0.5393 -0.1127
vn 0.8432 0.4880 -0.2255
vn 0.8346 0.5392 0.1128
vn 0.8432 0.4880 0.2255
vn 0.0622 -0.8863 0.4589
vn 0.0665 -0.9472 0.3138
vn 0.0692 -0.9852 0.1569
vn 0.8689 0.3065 0.3887
vn 0.8820 0.1743 0.4378
vn 0.8956 -0.0888 0.4359
vn 0.8963 -0.2195 0.3852
vn -0.0700 0.9975 -0.0000
vn 0.8899 -0.3986 0.2219
vn 0.8869 -0.4485 0.1109
vn 0.0700 -0.9975 -0.0000
vn 0.8869 -0.4485 -0.1109
vn 0.8899 -0.3986 -0.2219
vn 0.9989 0.0469 -0.0000
vn 0.8963 -0.2195 -0.3852
vn 0.8956 -0.0888 -0.4359
vn 0.8820 0.1742 -0.4378
vn 0.8689 0.3065 -0.3887
vn -0.7559 -0.3898 -0.5259
vn -0.6164 -0.2498 -0.7467
vn -0.5424 -0.7538 -0.3708
vn 0.2237 0.0105 0.9746
vn 0.9885 -0.1511 -0.0000
vn 0.9370 0.3492 -0.0000
vn 0.5578 0.8299 0.0001
vn 0.2399 0.9708 -0.0000
vn -0.3791 0.9253 -0.0001
vn -0.6799 0.7333 -0.0001
vn -0.9740 0.2267 -0.0000
vn -0.9740 0.2268 -0.0000
vn -0.9988 -0.0468 -0.0124
vn -0.9920 -0.0466 0.1177
vn -0.9975 -0.0469 0.0526
vn -0.9983 -0.0580 -0.0000
vn -0.9147 -0.0531 0.4007
vn 0.2237 0.0105 -0.9746
vn 0.4361 0.0205 -0.8997
vn 0.0325 0.9994 0.0103
vn 0.1837 0.9829 0.0102
vn 0.0572 0.9983 0.0052
vn 0.2323 0.9727 -0.0000
vn 0.2523 0.0118 0.9676
vn 0.2523 0.0119 0.9676
vn 0.1648 -0.9863 0.0095
vn 0.3078 -0.9514 0.0142
vn 0.2300 -0.9731 0.0095
vn 0.9944 0.0465 0.0951
vn 0.9978 0.0467 0.0475
vn 0.9989 0.0468 -0.0000
vn 0.9887 0.0465 0.1423
vn 0.0696 -0.9915 -0.1100
vn 0.0696 -0.9915 0.1100
vn 0.0683 -0.9731 -0.2200
vn 0.0662 -0.9430 0.3260
vn 0.0683 -0.9731 0.2201
vn -0.9920 -0.0465 0.1177
vn -0.9822 -0.0462 0.1820
vn 0.0665 -0.9472 -0.3138
vn 0.0622 -0.8863 -0.4589
vn 0.0692 -0.9852 -0.1569
vn 0.0687 -0.9882 0.1372
vn 0.0673 -0.9593 0.2743
vn 0.0687 -0.9882 -0.1372
vn 0.0674 -0.9593 -0.2743
vn 0.0674 -0.9593 0.2743
vn 0.0694 -0.9881 0.1372
vn 0.0694 -0.9881 -0.1371
vn 0.0673 -0.9593 -0.2743
vn -0.0662 0.9431 0.3260
vn -0.0683 0.9731 0.2200
vn -0.0692 0.9915 0.1100
vn -0.0692 0.9915 -0.1100
vn -0.0683 0.9731 -0.2200
vn -0.0662 0.9431 -0.3260
vn -0.9731 -0.2306 -0.0000
vn -0.9109 -0.4126 -0.0000
vn 0.9978 0.0467 -0.0475
vn 0.9944 0.0466 -0.0951
vn 0.9978 0.0468 -0.0476
vn 0.9887 0.0463 -0.1423
vn -0.0674 0.9593 -0.2743
vn -0.0694 0.9881 -0.1372
vn -0.0632 0.9008 0.4296
vn -0.0670 0.9538 0.2928
vn -0.0685 0.9868 0.1464
vn -0.9920 -0.0467 -0.1177
vn -0.9988 -0.0468 0.0124
vn -0.9975 -0.0469 -0.0526
vn -0.2324 -0.0109 -0.9726
vn 0.0057 -1.0000 -0.0000
vn -0.0468 -0.9989 -0.0000
vn 0.0056 -1.0000 -0.0000
vn -0.3639 -0.0211 -0.9312
vn -0.9147 -0.0531 -0.4007
vn -0.1946 0.9809 -0.0000
vn -0.3274 0.9449 -0.0000
vn -0.1945 0.9809 -0.0000
vn -0.0461 -0.0027 0.9989
vn -0.0921 -0.0053 0.9957
vn -0.0460 -0.0027 0.9989
vn -0.0580 0.9983 -0.0000
vn -0.0674 0.9602 -0.2712
vn -0.0674 0.9602 0.2712
vn -0.0588 0.8381 -0.5424
vn -0.0588 0.8381 0.5424
vn 0.9725 0.2327 -0.0000
vn 0.9725 0.2328 -0.0000
vn -0.0248 0.3528 -0.9354
vn -0.0248 0.3527 -0.9354
vn -0.9905 0.1375 -0.0000
vn -0.0248 0.3528 0.9354
vn -0.0248 0.3527 0.9354
vn 0.9119 0.4104 -0.0000
vn -0.9483 0.3173 -0.0000
vn -0.0692 0.9852 0.1569
vn -0.0692 0.9852 -0.1569
vn -0.0674 0.9471 0.3138
vn -0.0674 0.9471 -0.3138
vn -0.9989 -0.0468 -0.0000
vn 0.0580 -0.9983 -0.0000
vn 0.9983 0.0580 -0.0000
vn -0.8744 0.2407 0.4212
vn -0.6430 0.1869 0.7428
vn -0.6318 0.6843 0.3642
vn -0.8555 -0.1834 0.4842
vn -0.5911 -0.4696 0.6558
vn 0.8820 0.1743 -0.4378
vn 0.9820 0.1359 -0.1314
vn 0.9416 -0.0555 -0.3323
vn 0.8964 -0.2195 -0.3851
vn -0.8698 0.4786 0.1201
vn -0.6269 0.7576 -0.1821
vn -0.7891 0.5394 -0.2940
vn 0.9644 -0.2263 -0.1369
vn -0.6449 0.4038 -0.6488
vn -0.9649 0.0309 -0.2607
vn 0.9640 -0.2571 0.0685
vn 0.8899 -0.3985 0.2219
vn -0.6799 0.7333 -0.0000
vn 0.5578 0.8299 -0.0000
vn 0.9650 -0.1149 0.2359
vn 0.8957 -0.0887 0.4358
vn 0.8947 0.4467 -0.0000
vn 0.9688 0.2478 -0.0000
vn 0.9552 0.1261 0.2678
vn 0.9676 -0.2525 -0.0000
vn 0.9676 -0.2524 -0.0000
vn 0.9368 0.3209 0.1392
vn 0.8346 0.5391 0.1127
vn -0.8176 -0.5208 0.2456
vn -0.5278 -0.8289 0.1854
vn 0.9005 0.4262 -0.0866
vn -0.8698 0.4786 0.1202
vn -0.8745 0.2407 0.4211
vn -0.8556 -0.1834 0.4841
vn -0.8107 -0.5724 -0.1232
vn -0.7559 -0.3899 -0.5259
vn -0.5277 -0.8289 0.1854
vn -0.6431 0.1868 0.7427
vn -0.6318 0.6843 0.3641
vn -0.6268 0.7576 -0.1821
vn -0.3639 -0.0211 0.9312
vn -0.0461 -0.0027 -0.9989
vn -0.0921 -0.0053 -0.9957
vn 0.9887 0.0463 0.1423
vn 0.9978 0.0468 0.0476
vn 0.1663 0.9861 -0.0000
vn 0.0538 0.9986 -0.0000
vn 0.2754 0.9613 -0.0000
vn -0.0674 0.9593 0.2743
vn -0.0694 0.9881 0.1372
vn -0.9822 -0.0460 0.1820
vn -0.0685 0.9869 -0.1464
vn -0.0670 0.9538 -0.2928
vn -0.9822 -0.0462 -0.1820
vn -0.0622 0.8863 -0.4589
vn -0.0632 0.9008 -0.4296
vn -0.2325 -0.0109 0.9725
vn -0.0694 0.9881 0.1371
vn -0.0680 0.9592 -0.2743
vn 0.0662 -0.9430 -0.3260
vn 0.0325 0.9994 -0.0103
vn -0.0701 0.9975 -0.0000
vn 0.0572 0.9983 -0.0051
vn -0.0680 0.9592 0.2743
vn 0.0674 -0.9602 0.2712
vn 0.0674 -0.9602 -0.2712
vn 0.0589 -0.8381 -0.5424
vn 0.0589 -0.8380 0.5424
vn 0.9905 -0.1375 -0.0000
vn 0.0248 -0.3528 -0.9354
vn 0.0248 -0.3527 -0.9354
vn -0.9725 -0.2327 -0.0000
vn 0.0248 -0.3528 0.9354
vn 0.0248 -0.3527 0.9354
vn 0.9483 -0.3173 -0.0000
vn -0.9119 -0.4104 -0.0000
vn -0.9989 -0.0469 -0.0076
vn 0.9363 -0.3511 -0.0000
vn 0.3078 -0.9514 -0.0142
vn 0.1648 -0.9863 -0.0095
vn 0.2300 -0.9731 -0.0095
vn 0.2523 0.0118 -0.9676
vn 0.1837 0.9829 -0.0102
vn 0.4361 0.0205 0.8997
vn 0.0670 -0.9538 0.2928
vn 0.0632 -0.9008 0.4297
vn 0.0692 -0.9868 0.1464
vn -0.9989 -0.0469 0.0076
vn 0.2652 -0.9642 -0.0000
vn 0.0693 -0.9868 -0.1464
vn 0.0670 -0.9538 -0.2928
vn 0.0632 -0.9008 -0.4297
vn 0.9887 0.0465 -0.1423
vn 0.3648 -0.9311 -0.0000
vn 0.6520 -0.7582 -0.0000
vn -0.0622 0.8863 0.4589
vn -0.5901 -0.8073 -0.0000
vn -0.2555 -0.9668 -0.0000
vn -0.9822 -0.0460 -0.1820
vn -0.9920 -0.0466 -0.1177
vn -0.9822 -0.0464 -0.1820
vn -0.8547 -0.4713 -0.2176
vn -0.8152 -0.3052 -0.4923
vn -0.7036 -0.5132 -0.4915
vn -0.1619 -0.5570 -0.8145
vn -0.1378 -0.8422 -0.5213
vn -0.3156 -0.8135 -0.4884
vn 0.4622 -0.7775 0.4263
vn 0.5121 -0.7840 0.3508
vn 0.3407 -0.7625 0.5500
vn -0.4726 -0.8102 -0.3468
vn -0.4694 -0.5180 -0.7151
vn -0.4391 -0.7122 0.5476
vn -0.3677 -0.7135 0.5964
vn -0.5607 -0.7113 0.4239
vn -0.6787 -0.7114 0.1824
vn -0.6970 -0.7113 0.0913
vn -0.6105 -0.7112 0.3486
vn 0.7696 -0.4058 0.4930
vn 0.7680 -0.6166 0.1731
vn 0.8866 -0.4194 0.1953
vn -0.3382 -0.9392 -0.0591
vn -0.3171 -0.9316 -0.1777
vn -0.2272 -0.9673 -0.1131
vn 0.5989 -0.7955 -0.0919
vn 0.5990 -0.7955 0.0919
vn 0.5806 -0.7932 0.1837
vn -0.2491 -0.3250 -0.9123
vn -0.5660 -0.3118 -0.7631
vn -0.3119 -0.9318 0.1858
vn -0.3819 -0.9216 0.0688
vn -0.2675 -0.9626 0.0435
vn 0.1671 -0.5518 -0.8171
vn 0.0356 -0.8335 -0.5513
vn 0.1890 -0.9656 0.1784
vn 0.2090 -0.9761 0.0594
vn 0.4091 -0.9069 0.1011
vn 0.1119 -0.9927 0.0454
vn 0.0942 -0.9891 0.1136
vn 0.0630 -0.9946 0.0819
vn 0.0818 -0.9964 0.0212
vn -0.7397 -0.5114 0.4375
vn -0.7419 -0.3069 0.5961
vn -0.9169 -0.3034 0.2593
vn 0.0911 -0.9888 -0.1185
vn 0.0374 -0.9839 -0.1750
vn 0.0990 -0.9564 -0.2746
vn 0.4623 -0.7775 -0.4263
vn 0.5122 -0.7840 -0.3507
vn 0.3406 -0.7625 -0.5500
vn 0.2551 -0.9645 -0.0691
vn 0.1838 -0.9651 -0.1865
vn 0.3745 -0.8683 -0.3254
vn 0.0419 -0.9843 0.1717
vn 0.0243 -0.9912 0.1299
vn -0.1316 -0.7234 0.6777
vn -0.2137 -0.7190 0.6613
vn 0.0325 -0.7345 0.6779
vn -0.0100 -0.9471 -0.3207
vn 0.2688 -0.7551 -0.5980
vn 0.8866 -0.4194 -0.1952
vn 0.7680 -0.6166 -0.1731
vn 0.6666 -0.6029 -0.4383
vn 0.2689 -0.7550 0.5980
vn 0.1148 -0.7408 0.6618
vn 0.2246 -0.8510 -0.4746
vn 0.4482 -0.5781 -0.6818
vn -0.4871 -0.8107 0.3247
vn -0.5978 -0.7880 0.1469
vn -0.8519 -0.5109 0.1149
vn 0.0865 -0.5733 0.8148
vn 0.0232 -0.8529 0.5215
vn 0.2036 -0.8482 0.4890
vn -0.2272 -0.9345 0.2740
vn -0.1182 -0.9398 0.3205
vn -0.1473 -0.8214 0.5511
vn -0.2242 -0.9674 0.1180
vn -0.1065 -0.9733 -0.2034
vn -0.1750 -0.9696 -0.1713
vn -0.2346 -0.9342 -0.2688
vn -0.1705 -0.9698 0.1746
vn -0.5753 -0.8103 -0.1118
vn 0.0914 -0.3455 -0.9339
vn -0.4645 -0.3155 0.8274
vn -0.5205 -0.5151 0.6810
vn -0.2387 -0.5255 0.8166
vn -0.1356 -0.3311 0.9338
vn 0.5139 -0.8491 -0.1226
vn 0.1064 -0.9571 0.2694
vn 0.0520 -0.9936 -0.0999
vn 0.0078 -0.9898 -0.1419
vn 0.3971 -0.5744 0.7158
vn 0.3930 -0.8547 0.3391
vn 0.4199 -0.3716 -0.8280
vn -0.9441 -0.3030 -0.1297
vn 0.2048 -0.3538 0.9126
vn -0.0013 -0.9478 0.3190
vn 0.0326 -0.7345 -0.6778
vn 0.1148 -0.7409 -0.6617
vn -0.1316 -0.7235 -0.6777
vn 0.6965 -0.3982 -0.5969
vn -0.0319 -0.9783 -0.2048
vn -0.5607 -0.7113 -0.4240
vn -0.6105 -0.7112 -0.3486
vn -0.4392 -0.7122 -0.5476
vn -0.1308 -0.9913 0.0133
vn -0.1307 -0.9913 -0.0137
vn -0.0683 -0.9977 -0.0000
vn 0.5211 -0.3808 0.7638
vn -0.1212 -0.9919 0.0386
vn -0.1034 -0.9930 0.0578
vn -0.3367 -0.8136 0.4740
vn -0.2410 -0.9698 -0.0376
vn -0.1974 -0.9769 -0.0815
vn -0.2142 -0.9763 -0.0318
vn -0.0807 -0.9944 0.0681
vn -0.0555 -0.9961 0.0681
vn -0.0329 -0.9978 0.0579
vn -0.0151 -0.9991 0.0386
vn 0.6357 -0.5596 0.5317
vn -0.0056 -0.9999 0.0134
vn -0.0056 -0.9999 -0.0134
vn -0.0267 -0.9787 0.2037
vn -0.1012 -0.9736 0.2046
vn -0.0867 -0.9829 0.1622
vn -0.0283 -0.9870 0.1581
vn -0.0477 -0.9856 -0.1623
vn -0.1062 -0.9817 -0.1578
vn -0.0152 -0.9991 -0.0387
vn -0.0329 -0.9978 -0.0579
vn -0.0558 -0.9961 -0.0682
vn -0.0807 -0.9944 -0.0681
vn -0.1268 -0.9393 -0.3187
vn -0.1035 -0.9930 -0.0577
vn -0.3677 -0.7136 -0.5963
vn -0.2138 -0.7190 -0.6613
vn -0.1423 -0.9796 0.1417
vn -0.6970 -0.7113 -0.0912
vn -0.6787 -0.7114 -0.1824
vn 0.1281 -0.9910 -0.0375
vn 0.0780 -0.9960 -0.0426
vn 0.5806 -0.7932 -0.1836
vn -0.1588 -0.9788 -0.1296
vn -0.1865 -0.9774 0.0996
vn -0.2143 -0.9762 0.0319
vn -0.1212 -0.9919 -0.0385
vn -0.0000 -0.0662 0.9978
vn -0.0000 -0.3207 0.9472
vn -0.0000 0.0662 0.9978
vn 0.7125 -0.0374 -0.7006
vn 0.7125 0.2335 -0.6616
vn -0.0000 -0.4430 0.8965
vn -0.0000 -0.6588 0.7523
vn 0.7125 0.4690 -0.5219
vn -0.0000 -0.7523 0.6588
vn -0.0000 -0.8965 0.4430
vn 0.7125 0.6330 -0.3027
vn -0.0000 -0.9472 0.3207
vn -0.0000 -0.9978 0.0662
vn 0.7125 0.7006 -0.0374
vn -0.0000 -0.9978 -0.0662
vn -0.0000 -0.9472 -0.3207
vn 0.7125 0.6616 0.2335
vn -0.0000 -0.8965 -0.4430
vn -0.0000 -0.7523 -0.6588
vn 0.7125 0.5219 0.4690
vn -0.0000 -0.6588 -0.7523
vn -0.0000 -0.4430 -0.8965
vn 0.7125 0.3027 0.6330
vn -0.0000 -0.3207 -0.9472
vn -0.0000 -0.0661 -0.9978
vn 0.7125 0.0374 0.7006
vn -0.0000 0.0661 -0.9978
vn -0.0000 0.3207 -0.9472
vn 0.7125 -0.2335 0.6616
vn -0.0000 0.4430 -0.8965
vn -0.0000 0.6588 -0.7523
vn 0.7125 -0.4690 0.5219
vn -0.0000 0.7523 -0.6588
vn -0.0000 0.8965 -0.4430
vn 0.7125 -0.6330 0.3027
vn -0.0000 0.9472 -0.3207
vn -0.0000 0.9978 -0.0662
vn 0.7125 -0.7006 0.0374
vn -0.0000 0.9978 0.0662
vn -0.0000 0.9472 0.3207
vn 0.7125 -0.6616 -0.2335
vn -0.0000 0.8965 0.4430
vn -0.0000 0.7523 0.6588
vn 0.7125 -0.5219 -0.4690
vn -0.0000 0.6588 0.7523
vn -0.0000 0.4430 0.8965
vn 0.7125 -0.3027 -0.6330
vn -0.0000 0.3207 0.9472
vn -0.0000 -0.0661 0.9978
vn -0.4140 -0.3372 0.8455
vn -0.4140 0.0120 0.9102
vn -0.4140 -0.6351 0.6521
vn -0.4140 -0.8363 0.3594
vn -0.4140 -0.9102 0.0120
vn -0.0000 -0.9978 -0.0661
vn -0.4140 -0.8455 -0.3372
vn -0.4140 -0.6521 -0.6351
vn -0.4140 -0.3594 -0.8363
vn -0.4140 -0.0120 -0.9102
vn -0.4140 0.3372 -0.8455
vn -0.4140 0.6351 -0.6521
vn -0.4140 0.8363 -0.3594
vn -0.4140 0.9102 -0.0120
vn -0.0000 0.9978 0.0661
vn -0.4140 0.8455 0.3372
vn -0.4140 0.6521 0.6351
vn -0.4140 0.3594 0.8363
vn -0.5886 -0.3172 0.7436
vn -0.5886 -0.0085 0.8084
vn -0.5886 -0.5776 0.5656
vn -0.5886 -0.7501 0.3015
vn -0.5886 -0.8084 -0.0085
vn -0.5886 -0.7436 -0.3172
vn -0.5886 -0.5656 -0.5776
vn -0.5886 -0.3015 -0.7501
vn -0.5886 0.0085 -0.8084
vn -0.5886 0.3172 -0.7436
vn -0.5886 0.5776 -0.5656
vn -0.5886 0.7501 -0.3015
vn -0.5886 0.8084 0.0085
vn -0.5886 0.7436 0.3172
vn -0.5886 0.5656 0.5776
vn -0.5886 0.3015 0.7501
vn -0.2438 -0.3735 0.8950
vn -0.2438 -0.0026 0.9698
vn -0.2438 -0.6876 0.6840
vn -0.2438 -0.8970 0.3688
vn -0.2438 -0.9698 -0.0026
vn -0.2438 -0.8950 -0.3735
vn -0.2438 -0.6840 -0.6876
vn -0.2438 -0.3688 -0.8970
vn -0.2438 0.0026 -0.9698
vn -0.2438 0.3735 -0.8950
vn -0.2438 0.6876 -0.6840
vn -0.2438 0.8970 -0.3688
vn -0.2438 0.9698 0.0025
vn -0.2438 0.8950 0.3735
vn -0.2438 0.6840 0.6876
vn -0.2438 0.3688 0.8970
vn -0.0837 -0.3196 0.9439
vn -0.0837 0.0659 0.9943
vn -0.0837 -0.6565 0.7497
vn -0.0837 -0.8934 0.4414
vn -0.0837 -0.9943 0.0659
vn -0.0837 -0.9439 -0.3196
vn -0.0837 -0.7497 -0.6565
vn -0.0837 -0.4414 -0.8934
vn -0.0837 -0.0659 -0.9943
vn -0.0837 0.3196 -0.9439
vn -0.0837 0.6565 -0.7497
vn -0.0837 0.8934 -0.4414
vn -0.0837 0.9943 -0.0659
vn -0.0837 0.9439 0.3196
vn -0.0837 0.7497 0.6565
vn -0.0837 0.4414 0.8934
vn 0.1646 0.0653 -0.9842
vn 0.3228 0.3591 -0.8757
vn 0.3228 -0.0034 -0.9465
vn 0.1646 0.4369 -0.8843
vn 0.3228 0.6669 -0.6717
vn 0.1646 0.7421 -0.6498
vn 0.3228 0.8731 -0.3653
vn 0.1646 0.9343 -0.3163
vn 0.3228 0.9465 -0.0034
vn 0.1646 0.9842 0.0653
vn 0.3228 0.8757 0.3591
vn 0.1646 0.8843 0.4369
vn 0.3227 0.6717 0.6669
vn 0.1646 0.6498 0.7421
vn 0.3228 0.3653 0.8731
vn 0.1646 0.3163 0.9343
vn 0.3228 0.0034 0.9465
vn 0.1646 -0.0653 0.9842
vn 0.3228 -0.3591 0.8757
vn 0.1646 -0.4369 0.8843
vn 0.3227 -0.6669 0.6717
vn 0.1646 -0.7421 0.6498
vn 0.3228 -0.8731 0.3653
vn 0.1646 -0.9343 0.3163
vn 0.3228 -0.9465 0.0034
vn 0.1646 -0.9842 -0.0653
vn 0.3228 -0.8757 -0.3591
vn 0.1646 -0.8843 -0.4369
vn 0.3227 -0.6717 -0.6669
vn 0.1646 -0.6498 -0.7421
vn 0.3228 -0.3653 -0.8731
vn 0.1646 -0.3163 -0.9343
vn -0.0000 0.0661 0.9978
vn -0.0000 -0.9978 0.0661
vn -0.0000 -0.0662 -0.9978
vn -0.0000 0.0662 -0.9978
vn -0.0111 0.1825 -0.9831
vn -0.2639 0.2845 -0.9216
vn -0.5013 0.1538 -0.8515
vn -0.6909 0.2597 -0.6747
vn -0.8606 0.1330 -0.4916
vn -0.9374 0.2454 -0.2469
vn -0.9921 0.1254 -0.0000
vn -0.9374 0.2454 0.2469
vn -0.8606 0.1330 0.4916
vn -0.6909 0.2597 0.6747
vn -0.5014 0.1538 0.8515
vn -0.2639 0.2845 0.9216
vn -0.0111 0.1825 0.9831
vn 0.2152 0.3067 0.9272
vn 0.4825 0.1983 0.8532
vn 0.6671 0.3330 0.6664
vn 0.8391 0.2319 0.4920
vn 0.9025 0.3530 -0.2469
vn 0.8391 0.2319 -0.4920
vn 0.9025 0.3530 0.2469
vn 0.9708 0.2398 -0.0000
vn -0.1956 0.9611 0.1952
vn -0.5868 0.3466 0.7319
vn 0.6347 -0.6926 0.3427
vn 0.5009 -0.1541 -0.8517
vn -0.6645 -0.7230 0.1890
vn -0.6739 -0.7137 -0.1913
vn 0.0659 0.9751 -0.2118
vn 0.3843 -0.7071 -0.5935
vn 0.2752 -0.2664 0.9237
vn 0.2639 -0.2845 -0.9216
vn -0.0813 0.3810 -0.9210
vn 0.7025 -0.2535 0.6650
vn 0.9374 -0.2454 0.2469
vn -0.1783 0.9609 -0.2119
vn -0.2678 0.9557 0.1224
vn 0.6562 0.3379 -0.6747
vn 0.8938 0.4312 -0.1231
vn -0.3256 -0.7437 0.5839
vn -0.6464 -0.7626 0.0249
vn -0.7633 0.1182 0.6351
vn -0.4124 -0.0108 -0.9110
vn -0.5826 -0.0269 0.8123
vn 0.9944 0.0376 0.0983
vn -0.0000 -1.0000 -0.0000
vn -0.4124 -0.0000 -0.9110
vn -0.5828 -0.0000 0.8126
vn 0.9951 -0.0000 0.0984
vn -0.0000 1.0000 -0.0000
vn -0.4119 0.0505 -0.9099
vn -0.4118 0.0505 -0.9099
vn -0.5817 -0.0597 0.8112
vn 0.9873 0.1252 0.0976
vn -0.0001 1.0000 -0.0000
vn 0.0001 1.0000 -0.0000
vn -0.5821 -0.0466 0.8118
vn -0.6347 0.6926 0.3427
vn -0.4124 -0.0002 -0.9110
vn -0.7437 0.6413 0.1890
vn 0.9941 0.0468 0.0983
vn -0.7264 0.6873 -0.0000
vn -0.7907 -0.0454 -0.6106
vn -0.1335 0.0145 0.9909
vn 0.9246 0.0309 -0.3797
vn -0.7915 -0.0000 -0.6112
vn -0.1336 -0.0000 0.9910
vn 0.9250 -0.0000 -0.3799
vn -0.7905 0.0505 -0.6104
vn -0.1333 -0.0597 0.9893
vn 0.9178 0.1252 -0.3769
vn -0.1334 -0.0466 0.9900
vn -0.7437 0.6413 -0.1890
vn -0.7915 -0.0002 -0.6112
vn -0.6347 0.6926 -0.3427
vn 0.9240 0.0468 -0.3794
vn -0.5550 0.6522 -0.5163
vn -0.9831 -0.0726 -0.1681
vn 0.3467 0.0342 0.9374
vn 0.6384 0.0385 -0.7688
vn -0.9857 -0.0000 -0.1686
vn 0.3469 -0.0000 0.9379
vn 0.6388 -0.0000 -0.7693
vn -0.9844 0.0505 -0.1684
vn 0.3462 -0.0597 0.9362
vn 0.6338 0.1252 -0.7633
vn 0.3465 -0.0466 0.9369
vn -0.3843 0.7071 -0.5935
vn -0.9857 -0.0002 -0.1686
vn -0.2283 0.6712 -0.7053
vn 0.6381 0.0468 -0.7685
vn -0.0422 0.7270 -0.6853
vn -0.9460 -0.0873 0.3122
vn 0.7436 0.0847 0.6633
vn 0.2034 0.0026 -0.9791
vn -0.9496 -0.0000 0.3134
vn 0.7462 -0.0000 0.6657
vn 0.2034 -0.0000 -0.9791
vn -0.9484 0.0505 0.3130
vn 0.7449 -0.0597 0.6645
vn 0.2018 0.1252 -0.9714
vn 0.7454 -0.0466 0.6650
vn 0.1491 0.6931 -0.7053
vn -0.9496 -0.0002 0.3134
vn 0.2999 0.7469 -0.5935
vn 0.2032 0.0468 -0.9780
vn 0.5009 -0.1541 0.8517
vn -0.6903 -0.0624 0.7208
vn 0.9670 0.0933 0.2369
vn -0.2795 -0.0312 -0.9597
vn -0.6917 -0.0000 0.7222
vn 0.9713 -0.0000 0.2379
vn -0.2796 -0.0000 -0.9601
vn -0.6908 0.0505 0.7213
vn 0.9696 -0.0597 0.2375
vn -0.2774 0.1252 -0.9526
vn 0.9702 -0.0466 0.2377
vn 0.5503 0.7614 -0.3427
vn -0.6917 -0.0002 0.7222
vn 0.7303 -0.6827 0.0249
vn -0.2793 0.0468 -0.9591
vn -0.5550 0.6522 0.5163
vn -0.2720 -0.0302 0.9618
vn 0.9664 0.0793 -0.2446
vn -0.6964 -0.0493 -0.7160
vn -0.2722 -0.0000 0.9622
vn 0.9694 -0.0000 -0.2454
vn -0.6972 -0.0000 -0.7168
vn -0.2718 0.0505 0.9610
vn 0.9677 -0.0597 -0.2450
vn -0.6918 0.1252 -0.7112
vn 0.9684 -0.0466 -0.2451
vn 0.9684 -0.0466 -0.2452
vn -0.4094 0.7010 0.5839
vn -0.2722 -0.0002 0.9622
vn -0.2722 -0.0002 0.9623
vn 0.0111 -0.1825 -0.9831
vn -0.6965 0.0468 -0.7160
vn -0.6965 0.0467 -0.7160
vn -0.2291 -0.3139 -0.9214
vn 0.2109 -0.0230 0.9772
vn 0.7387 0.0808 -0.6692
vn -0.9504 -0.0579 -0.3056
vn 0.2109 -0.0000 0.9775
vn 0.7411 -0.0000 -0.6714
vn -0.9520 -0.0000 -0.3061
vn 0.2107 0.0505 0.9763
vn 0.7398 -0.0597 -0.6702
vn -0.9445 0.1252 -0.3037
vn 0.7403 -0.0466 -0.6707
vn -0.4801 -0.2113 -0.8514
vn 0.2109 -0.0002 0.9775
vn -0.6560 -0.3387 -0.6745
vn -0.9510 0.0468 -0.3057
vn -0.8393 -0.2322 -0.4915
vn 0.6448 0.0010 0.7644
vn 0.3393 0.0441 -0.9397
vn -0.9834 -0.0450 0.1760
vn 0.6448 -0.0000 0.7644
vn 0.3396 -0.0000 -0.9406
vn -0.9844 -0.0000 0.1762
vn 0.6439 0.0505 0.7634
vn 0.3390 -0.0597 -0.9389
vn -0.9766 0.1252 0.1748
vn 0.3392 -0.0466 -0.9395
vn 0.3392 -0.0466 -0.9396
vn -0.9025 -0.3530 -0.2469
vn 0.6448 -0.0002 0.7644
vn -0.9708 -0.2398 -0.0000
vn -0.9833 0.0468 0.1760
vn -0.9025 -0.3530 0.2469
vn 0.9279 -0.0076 0.3727
vn -0.1412 0.0110 -0.9899
vn -0.7867 -0.0034 0.6173
vn 0.9280 -0.0000 0.3727
vn -0.1412 -0.0000 -0.9900
vn -0.7867 -0.0000 0.6173
vn 0.9268 0.0505 0.3722
vn -0.1410 -0.0597 -0.9882
vn -0.7806 0.1252 0.6124
vn -0.1411 -0.0466 -0.9889
vn -0.8393 -0.2322 0.4916
vn 0.9280 -0.0002 0.3727
vn -0.6560 -0.3387 0.6745
vn -0.7859 0.0468 0.6166
vn 0.8621 -0.1202 -0.4923
vn 0.9944 -0.0017 -0.1061
vn -0.5890 -0.0158 -0.8080
vn -0.4053 0.0175 0.9140
vn 0.9944 -0.0000 -0.1061
vn -0.5890 -0.0000 -0.8081
vn -0.4053 -0.0000 0.9142
vn 0.9931 0.0505 -0.1059
vn -0.5880 -0.0597 -0.8067
vn -0.4021 0.1252 0.9070
vn -0.5884 -0.0466 -0.8072
vn 0.7437 -0.6413 0.1890
vn 0.9944 -0.0002 -0.1061
vn 0.6213 0.1929 0.7595
vn -0.4049 0.0468 0.9132
vn 0.4037 -0.7105 0.5764
vn 0.8285 0.0002 -0.5600
vn -0.8982 -0.0477 -0.4369
vn 0.0707 0.0475 0.9964
vn 0.8285 -0.0000 -0.5600
vn -0.8992 -0.0000 -0.4374
vn 0.0708 -0.0000 0.9975
vn 0.8274 0.0505 -0.5593
vn -0.8976 -0.0597 -0.4367
vn 0.0702 0.1252 0.9896
vn -0.6973 -0.0000 -0.7168
vn -0.7805 0.1252 0.6124
vn -0.8983 -0.0466 -0.4370
vn 0.8285 -0.0002 -0.5600
vn 0.0707 0.0468 0.9964
vn 0.0707 0.0467 0.9964
vn 0.4690 0.0002 -0.8832
vn -0.9981 -0.0495 0.0354
vn 0.5297 0.0493 0.8467
vn 0.4690 -0.0000 -0.8832
vn -0.9994 -0.0000 0.0354
vn 0.5304 -0.0000 0.8478
vn 0.4684 0.0505 -0.8821
vn -0.9976 -0.0597 0.0354
vn 0.5262 0.1252 0.8411
vn -0.9983 -0.0466 0.0354
vn 0.4690 -0.0002 -0.8832
vn 0.5298 0.0468 0.8468
vn 0.5298 0.0468 0.8469
vn -0.8650 -0.0495 0.4994
vn 0.8650 0.0493 0.4994
vn -0.8660 -0.0000 0.5000
vn 0.8660 -0.0000 0.5000
vn -0.0000 0.0505 -0.9987
vn -0.8645 -0.0597 0.4991
vn 0.8592 0.1252 0.4961
vn -0.8651 -0.0466 0.4995
vn -0.0000 -0.0002 -1.0000
vn 0.8651 0.0468 0.4995
vn -0.0010 -0.0333 0.9994
vn -0.0967 -0.3924 0.9147
vn -0.6398 -0.0793 0.7644
vn -0.6554 -0.4309 0.6203
vn -0.9809 -0.0902 0.1726
vn -0.8941 -0.4461 0.0407
vn -0.8648 -0.0605 -0.4984
vn -0.7112 -0.4332 -0.5537
vn -0.3452 -0.0024 -0.9385
vn -0.1910 -0.3988 -0.8969
vn 0.3418 0.0570 -0.9380
vn 0.4358 -0.3566 -0.8264
vn 0.8677 0.0870 -0.4895
vn 0.8733 -0.3252 -0.3628
vn 0.9795 0.0740 0.1873
vn 0.9064 -0.3214 0.2741
vn 0.6357 0.0266 0.7715
vn 0.5216 -0.3483 0.7789
vn 0.0869 0.3406 0.9362
vn -0.5261 0.2804 0.8029
vn -0.9183 0.2625 0.2963
vn -0.8896 0.2974 -0.3467
vn -0.4507 0.3716 -0.8117
vn 0.1826 0.4532 -0.8725
vn 0.7018 0.4972 -0.5101
vn 0.8720 0.4813 0.0894
vn 0.6315 0.4185 0.6527
vn -0.0790 0.9966 0.0229
vn -0.0610 0.9981 -0.0072
vn -0.0027 1.0000 0.0058
vn 0.0112 0.9995 0.0304
vn 0.0272 0.9966 0.0782
vn -0.0134 0.9941 0.1081
vn -0.0388 0.9920 0.1200
vn -0.0938 0.9908 0.0974
vn -0.0915 0.9938 0.0626
vn -0.0975 0.9951 0.0161
vn -0.0440 0.9990 0.0005
vn -0.0180 0.9998 -0.0016
vn 0.0255 0.9990 0.0366
vn 0.0130 0.9972 0.0738
vn 0.0017 0.9938 0.1111
vn -0.0555 0.9915 0.1174
vn -0.0756 0.9920 0.1009
vn -0.1104 0.9922 0.0575
vn 0.1213 -0.0104 0.9926
vn -0.1193 -0.0114 0.9928
vn -0.5432 -0.0136 0.8395
vn -0.7279 -0.0093 0.6856
vn -0.9552 -0.0071 0.2959
vn -0.9983 -0.0012 0.0581
vn -0.9213 -0.0014 -0.3890
vn -0.8003 -0.0008 -0.5996
vn -0.4525 -0.0073 -0.8917
vn -0.2255 -0.0104 -0.9742
vn 0.2254 -0.0164 -0.9741
vn 0.4507 -0.0144 -0.8926
vn 0.7961 -0.0135 -0.6050
vn 0.9179 -0.0061 -0.3968
vn 0.9988 -0.0037 0.0482
vn 0.9576 0.0005 0.2880
vn 0.7317 -0.0027 0.6816
vn 0.5463 -0.0043 0.8376
vn -0.0741 0.9970 0.0230
vn -0.0540 0.9985 -0.0051
vn 0.0041 0.9999 0.0097
vn 0.0163 0.9992 0.0366
vn 0.0303 0.9959 0.0847
vn -0.0127 0.9935 0.1132
vn -0.0388 0.9916 0.1236
vn -0.0927 0.9908 0.0982
vn -0.0889 0.9941 0.0625
vn -0.0919 0.9956 0.0164
vn -0.0374 0.9993 0.0020
vn -0.0113 0.9999 0.0029
vn 0.0309 0.9986 0.0424
vn 0.0156 0.9967 0.0802
vn 0.0027 0.9932 0.1167
vn -0.0554 0.9912 0.1203
vn -0.0749 0.9919 0.1022
vn -0.1071 0.9926 0.0572
vn 0.1194 0.0104 0.9928
vn -0.1206 0.0047 0.9927
vn -0.5453 -0.0100 0.8382
vn -0.7284 -0.0185 0.6849
vn -0.9558 -0.0278 0.2927
vn -0.9979 -0.0315 0.0563
vn -0.9198 -0.0293 -0.3912
vn -0.7994 -0.0245 -0.6003
vn -0.4524 -0.0111 -0.8918
vn -0.2261 -0.0023 -0.9741
vn 0.2259 0.0135 -0.9740
vn 0.4510 0.0199 -0.8923
vn 0.7981 0.0297 -0.6018
vn 0.9183 0.0309 -0.3947
vn 0.9981 0.0316 0.0521
vn 0.9567 0.0301 0.2895
vn 0.7300 0.0247 0.6830
vn 0.5449 0.0209 0.8382
vn -0.2301 0.6612 0.7141
vn -0.0171 0.7241 0.6895
vn 0.1344 0.6967 0.7047
vn 0.2955 0.7540 0.5866
vn -0.5503 -0.7614 0.3427
vn 0.7434 -0.6457 -0.1746
vn -0.4801 -0.2113 0.8514
vn -0.2602 -0.3029 0.9168
vn -0.1759 -0.6935 0.6986
vn -0.0332 0.9994 0.0067
vn 0.8608 -0.1332 0.4911
vn 0.1553 0.9803 0.1223
vn 0.1880 0.9822 -0.0000
vn 0.0422 -0.7270 -0.6853
vn 0.0409 -0.7334 0.6785
vn 0.2521 -0.6677 0.7004
vn 0.5439 -0.6568 -0.5223
vn -0.5411 -0.7561 -0.3681
vn 0.6822 -0.2555 -0.6851
vn 0.2291 0.3139 -0.9214
vn 0.4806 0.2111 -0.8512
vn 0.0095 -0.1568 0.9876
vn 0.6645 0.7230 0.1890
vn 0.5503 0.7614 0.3427
vn 0.6645 0.7230 -0.1890
vn 0.9921 -0.1254 -0.0000
vn -0.2678 0.9557 -0.1223
vn -0.3005 0.9538 -0.0000
vn 0.5550 -0.6522 0.5163
vn -0.1491 -0.6931 -0.7053
vn -0.4758 -0.7121 0.5163
vn 0.9428 -0.2387 -0.2326
vn 0.0660 0.9751 0.2119
vn 0.4758 0.7120 -0.5163
vn -0.0562 0.9680 -0.2446
vn 0.9161 0.2136 -0.3394
vn 0.2283 -0.6712 -0.7053
vn 0.6420 0.7667 -0.0000
vn 0.4816 0.7163 0.5049
vn 0.1553 0.9803 -0.1223
vn 0.6185 -0.6963 -0.3642
vn -0.0337 0.9704 0.2390
vn -0.4759 -0.7120 -0.5163
vn -0.2999 -0.7468 -0.5935
vn -0.3843 0.7071 0.5935
vn -0.2283 0.6712 0.7053
vn -0.0422 0.7270 0.6853
vn 0.1491 0.6931 0.7053
vn 0.2999 0.7469 0.5935
vn 0.7303 -0.6827 -0.0249
vn -0.4094 0.7010 -0.5839
vn 0.0111 -0.1825 0.9831
vn -0.2291 -0.3139 0.9214
vn -0.8393 -0.2322 0.4915
vn 0.8621 -0.1202 0.4923
vn 0.7437 -0.6413 -0.1890
vn 0.6213 0.1929 -0.7595
vn 0.4037 -0.7105 -0.5764
vn -0.2301 0.6612 -0.7141
vn -0.0171 0.7241 -0.6895
vn 0.1344 0.6967 -0.7047
vn 0.2955 0.7540 -0.5866
vn -0.5503 -0.7614 -0.3427
vn 0.7434 -0.6457 0.1746
vn -0.2602 -0.3029 -0.9168
vn -0.1759 -0.6935 -0.6986
vn -0.2999 -0.7468 0.5935
vn -0.4759 -0.7120 0.5163
vn -0.0337 0.9704 -0.2390
vn 0.6185 -0.6963 0.3642
vn 0.4816 0.7163 -0.5049
vn 0.2283 -0.6712 0.7053
vn 0.9161 0.2136 0.3394
vn -0.0562 0.9680 0.2446
vn 0.4758 0.7120 0.5163
vn 0.0660 0.9751 -0.2119
vn 0.9428 -0.2387 0.2326
vn -0.4758 -0.7121 -0.5163
vn -0.1491 -0.6931 0.7053
vn 0.5550 -0.6522 -0.5163
vn -0.2678 0.9557 0.1223
vn 0.0095 -0.1568 -0.9876
vn 0.4806 0.2111 0.8512
vn 0.2291 0.3139 0.9214
vn 0.6822 -0.2555 0.6851
vn -0.1206 0.0035 -0.9927
vn 0.5449 0.0209 -0.8382
vn 0.1194 0.0104 -0.9928
vn -0.0332 0.9994 -0.0067
vn -0.5411 -0.7561 0.3681
vn 0.9567 0.0301 -0.2895
vn 0.7300 0.0247 -0.6830
vn 0.5439 -0.6568 0.5223
vn 0.9183 0.0309 0.3947
vn 0.9981 0.0322 -0.0521
vn 0.2521 -0.6677 -0.7004
vn 0.4510 0.0199 0.8923
vn 0.7981 0.0297 0.6018
vn 0.0409 -0.7334 -0.6785
vn -0.2261 -0.0023 0.9741
vn 0.2259 0.0135 0.9740
vn 0.0422 -0.7270 0.6853
vn -0.7994 -0.0245 0.6003
vn -0.4524 -0.0111 0.8918
vn -0.9979 -0.0315 -0.0563
vn -0.9198 -0.0290 0.3912
vn -0.7284 -0.0185 -0.6849
vn -0.9558 -0.0278 -0.2927
vn 0.8608 -0.1332 -0.4911
vn -0.5453 -0.0100 -0.8382
vn -0.0540 0.9985 0.0051
vn -0.1071 0.9926 -0.0572
vn -0.0741 0.9970 -0.0230
vn -0.0554 0.9912 -0.1203
vn -0.0749 0.9919 -0.1022
vn 0.0156 0.9967 -0.0802
vn 0.0027 0.9932 -0.1167
vn -0.0113 0.9999 -0.0029
vn 0.0309 0.9986 -0.0424
vn -0.0919 0.9956 -0.0164
vn -0.0374 0.9993 -0.0020
vn -0.0927 0.9908 -0.0982
vn -0.0889 0.9941 -0.0625
vn -0.0127 0.9935 -0.1132
vn -0.0388 0.9916 -0.1236
vn 0.0163 0.9992 -0.0366
vn 0.0303 0.9959 -0.0847
vn 0.0041 0.9999 -0.0097
vn -0.1193 -0.0114 -0.9928
vn 0.5463 -0.0043 -0.8376
vn 0.1213 -0.0104 -0.9926
vn 0.9576 0.0005 -0.2880
vn 0.7317 -0.0027 -0.6816
vn 0.9179 -0.0061 0.3968
vn 0.9988 -0.0037 -0.0482
vn 0.4507 -0.0144 0.8926
vn 0.7961 -0.0135 0.6050
vn -0.2255 -0.0104 0.9742
vn 0.2254 -0.0164 0.9741
vn -0.8003 -0.0008 0.5996
vn -0.4525 -0.0073 0.8917
vn -0.9983 -0.0012 -0.0581
vn -0.9213 -0.0014 0.3890
vn -0.7279 -0.0093 -0.6856
vn -0.9552 -0.0071 -0.2959
vn -0.5432 -0.0136 -0.8395
vn -0.0610 0.9981 0.0073
vn -0.1104 0.9922 -0.0575
vn -0.0790 0.9966 -0.0229
vn -0.0555 0.9915 -0.1174
vn -0.0756 0.9920 -0.1009
vn 0.0130 0.9972 -0.0738
vn 0.0017 0.9938 -0.1111
vn -0.0180 0.9998 0.0016
vn 0.0255 0.9990 -0.0366
vn -0.0975 0.9951 -0.0161
vn -0.0440 0.9990 -0.0005
vn -0.0938 0.9908 -0.0974
vn -0.0915 0.9938 -0.0626
vn -0.0134 0.9941 -0.1081
vn -0.0388 0.9920 -0.1200
vn 0.0112 0.9995 -0.0304
vn 0.0272 0.9966 -0.0782
vn -0.0027 1.0000 -0.0058
vn -0.0010 -0.0333 -0.9994
vn 0.6357 0.0267 -0.7715
vn 0.0870 0.3406 -0.9362
vn 0.9795 0.0740 -0.1873
vn 0.6315 0.4185 -0.6527
vn 0.8677 0.0870 0.4895
vn 0.8720 0.4813 -0.0894
vn 0.3418 0.0570 0.9380
vn 0.7018 0.4972 0.5101
vn -0.3452 -0.0024 0.9385
vn 0.1826 0.4532 0.8725
vn -0.8648 -0.0605 0.4984
vn -0.4507 0.3716 0.8117
vn -0.9809 -0.0902 -0.1726
vn -0.8898 0.2966 0.3469
vn -0.6398 -0.0792 -0.7644
vn -0.9183 0.2625 -0.2963
vn -0.5261 0.2804 -0.8029
vn -0.0967 -0.3924 -0.9147
vn 0.5216 -0.3483 -0.7789
vn 0.9064 -0.3214 -0.2741
vn 0.8733 -0.3252 0.3628
vn 0.4358 -0.3565 0.8264
vn -0.1910 -0.3988 0.8969
vn -0.7112 -0.4332 0.5537
vn -0.8941 -0.4461 -0.0407
vn -0.6554 -0.4309 -0.6203
vn 0.8651 0.0468 -0.4995
vn -0.8651 -0.0466 -0.4995
vn 0.8592 0.1252 -0.4961
vn -0.8645 -0.0597 -0.4991
vn -0.0000 0.0505 0.9987
vn 0.8660 -0.0000 -0.5000
vn -0.8660 -0.0000 -0.5000
vn 0.8650 0.0493 -0.4994
vn -0.8650 -0.0495 -0.4994
vn -0.0000 0.0002 1.0000
vn 0.5298 0.0468 -0.8469
vn 0.5298 0.0468 -0.8468
vn 0.4690 -0.0002 0.8832
vn -0.9983 -0.0466 -0.0354
vn 0.5262 0.1252 -0.8411
vn -0.9976 -0.0597 -0.0354
vn 0.4684 0.0505 0.8821
vn 0.5304 -0.0000 -0.8478
vn -0.9994 -0.0000 -0.0354
vn 0.4690 -0.0000 0.8832
vn 0.5297 0.0493 -0.8467
vn -0.9981 -0.0495 -0.0354
vn 0.4690 0.0002 0.8832
vn 0.0707 0.0467 -0.9964
vn 0.0707 0.0468 -0.9964
vn 0.8285 -0.0002 0.5600
vn -0.8983 -0.0466 0.4370
vn 0.0702 0.1252 -0.9896
vn -0.8976 -0.0597 0.4367
vn 0.8274 0.0505 0.5593
vn 0.0708 -0.0000 -0.9975
vn -0.8992 -0.0000 0.4374
vn 0.8285 -0.0000 0.5600
vn 0.0707 0.0475 -0.9964
vn -0.8982 -0.0477 0.4369
vn 0.8285 0.0002 0.5600
vn -0.4049 0.0468 -0.9132
vn -0.4049 0.0467 -0.9132
vn 0.9944 -0.0002 0.1061
vn -0.5884 -0.0466 0.8072
vn -0.4021 0.1252 -0.9070
vn -0.5880 -0.0597 0.8067
vn 0.9931 0.0505 0.1059
vn -0.4053 -0.0000 -0.9142
vn -0.5890 -0.0000 0.8081
vn 0.9944 -0.0000 0.1061
vn -0.4053 0.0175 -0.9140
vn -0.5890 -0.0158 0.8080
vn 0.9944 -0.0017 0.1061
vn -0.7859 0.0468 -0.6166
vn 0.9280 -0.0002 -0.3727
vn -0.1411 -0.0466 0.9889
vn -0.7806 0.1252 -0.6124
vn -0.7805 0.1252 -0.6124
vn -0.1410 -0.0597 0.9882
vn 0.9268 0.0505 -0.3722
vn -0.7867 -0.0000 -0.6173
vn -0.1412 -0.0000 0.9900
vn 0.9280 -0.0000 -0.3727
vn -0.7867 -0.0034 -0.6173
vn -0.1412 0.0110 0.9899
vn 0.9279 -0.0076 -0.3727
vn -0.9833 0.0468 -0.1760
vn 0.6448 -0.0002 -0.7644
vn 0.3392 -0.0466 0.9395
vn 0.3392 -0.0466 0.9396
vn -0.9766 0.1252 -0.1748
vn 0.3390 -0.0597 0.9389
vn 0.6439 0.0505 -0.7634
vn -0.9844 -0.0000 -0.1762
vn 0.3396 -0.0000 0.9406
vn 0.6448 -0.0000 -0.7644
vn -0.9834 -0.0450 -0.1760
vn 0.3393 0.0441 0.9397
vn 0.6448 0.0010 -0.7644
vn -0.9510 0.0468 0.3057
vn 0.2109 -0.0002 -0.9775
vn 0.7403 -0.0466 0.6707
vn -0.9445 0.1252 0.3037
vn 0.7398 -0.0597 0.6702
vn 0.2107 0.0505 -0.9763
vn -0.9520 -0.0000 0.3061
vn 0.7411 -0.0000 0.6714
vn 0.2109 -0.0000 -0.9775
vn -0.9504 -0.0579 0.3056
vn 0.7387 0.0808 0.6692
vn 0.2109 -0.0230 -0.9772
vn -0.6965 0.0468 0.7160
vn -0.2722 -0.0002 -0.9622
vn -0.2722 -0.0002 -0.9623
vn 0.9684 -0.0466 0.2452
vn 0.9684 -0.0466 0.2451
vn -0.6918 0.1252 0.7112
vn 0.9677 -0.0597 0.2450
vn -0.2718 0.0505 -0.9610
vn -0.6972 -0.0000 0.7168
vn -0.6973 -0.0000 0.7168
vn 0.9694 -0.0000 0.2454
vn -0.2722 -0.0000 -0.9622
vn -0.6964 -0.0493 0.7160
vn 0.9664 0.0793 0.2446
vn -0.2720 -0.0302 -0.9618
vn -0.2793 0.0468 0.9591
vn -0.6917 -0.0002 -0.7222
vn 0.9702 -0.0466 -0.2377
vn -0.2774 0.1252 0.9526
vn 0.9696 -0.0597 -0.2375
vn -0.6908 0.0505 -0.7213
vn -0.2796 -0.0000 0.9601
vn 0.9713 -0.0000 -0.2379
vn -0.6917 -0.0000 -0.7222
vn -0.2795 -0.0312 0.9597
vn 0.9670 0.0933 -0.2369
vn -0.6903 -0.0624 -0.7208
vn 0.2032 0.0468 0.9780
vn -0.9496 -0.0002 -0.3134
vn 0.7454 -0.0466 -0.6650
vn 0.2018 0.1252 0.9714
vn 0.7449 -0.0597 -0.6645
vn -0.9484 0.0505 -0.3130
vn 0.2034 -0.0000 0.9791
vn 0.7462 -0.0000 -0.6657
vn -0.9496 -0.0000 -0.3134
vn 0.2034 0.0026 0.9791
vn 0.7436 0.0847 -0.6633
vn -0.9460 -0.0873 -0.3122
vn 0.6381 0.0468 0.7685
vn -0.9857 -0.0002 0.1686
vn 0.3465 -0.0466 -0.9369
vn 0.6338 0.1252 0.7633
vn 0.3462 -0.0597 -0.9362
vn -0.9844 0.0505 0.1684
vn 0.6388 -0.0000 0.7693
vn 0.3469 -0.0000 -0.9379
vn -0.9857 -0.0000 0.1686
vn 0.6384 0.0385 0.7688
vn 0.3467 0.0342 -0.9374
vn -0.9831 -0.0726 0.1681
vn 0.9240 0.0468 0.3794
vn -0.7915 -0.0002 0.6112
vn -0.1334 -0.0466 -0.9900
vn 0.9178 0.1252 0.3769
vn -0.1333 -0.0597 -0.9893
vn -0.7905 0.0505 0.6104
vn 0.9250 -0.0000 0.3799
vn -0.1336 -0.0000 -0.9910
vn -0.7915 -0.0000 0.6112
vn 0.9246 0.0309 0.3797
vn -0.1335 0.0145 -0.9909
vn -0.7907 -0.0454 0.6106
vn 0.9941 0.0468 -0.0983
vn -0.4124 -0.0002 0.9110
vn -0.5821 -0.0466 -0.8118
vn 0.9873 0.1252 -0.0976
vn -0.5817 -0.0597 -0.8112
vn -0.4119 0.0505 0.9099
vn -0.4118 0.0505 0.9099
vn 0.9951 -0.0000 -0.0984
vn -0.5828 -0.0000 -0.8126
vn -0.4124 -0.0000 0.9110
vn 0.9944 0.0376 -0.0983
vn -0.5826 -0.0269 -0.8123
vn -0.4124 -0.0108 0.9110
vn -0.6965 0.0467 0.7160
vn -0.7633 0.1182 -0.6351
vn -0.6464 -0.7626 -0.0249
vn -0.3256 -0.7437 -0.5839
vn 0.8938 0.4312 0.1231
vn 0.6562 0.3379 0.6747
vn -0.2678 0.9557 -0.1224
vn -0.1783 0.9609 0.2119
vn 0.9374 -0.2454 -0.2469
vn 0.7025 -0.2535 -0.6650
vn -0.0813 0.3810 0.9210
vn 0.2639 -0.2845 0.9216
vn 0.2752 -0.2664 -0.9237
vn 0.3843 -0.7071 0.5935
vn 0.0659 0.9751 0.2118
vn -0.6739 -0.7137 0.1913
vn -0.6645 -0.7230 -0.1890
vn 0.6347 -0.6926 -0.3427
vn -0.5868 0.3465 -0.7319
vn -0.1956 0.9611 -0.1952
vn 0.6671 0.3330 -0.6664
vn 0.4825 0.1983 -0.8532
vn 0.2152 0.3067 -0.9272
vn -0.5013 0.1538 0.8515
vn 0.6026 0.7980 0.0055
vn 0.6073 0.7944 0.0030
vn 0.6073 0.7944 -0.0000
vn 0.6120 0.7908 -0.0000
vn 0.6074 0.7944 -0.0000
vn 0.6233 -0.7819 -0.0084
vn 0.6168 -0.7872 -0.0000
vn 0.6168 -0.7871 -0.0047
vn 0.6101 -0.7923 -0.0000
vn 0.6073 0.7944 -0.0030
vn 0.6026 0.7980 -0.0055
vn 0.6168 -0.7871 0.0047
vn 0.6233 -0.7819 0.0084
vn 0.9967 -0.0000 -0.0809
vn 0.8507 -0.5162 -0.0997
vn 0.4885 -0.8707 -0.0573
vn 0.4897 -0.8701 -0.0563
vn 0.8490 -0.5186 -0.1017
vn -0.0000 -0.9999 -0.0153
vn -0.0000 0.9996 -0.0291
vn 0.9967 -0.0000 0.0809
vn 0.4884 -0.8707 -0.0574
vn -0.0000 -0.9999 0.0153
vn -0.0000 0.9996 0.0291
vn 0.9994 0.0245 -0.0259
vn 0.9994 0.0243 -0.0260
vn 0.9993 0.0282 -0.0235
vn -0.0000 -0.1802 0.9836
vn -0.0000 -0.9976 -0.0688
vn 0.9994 0.0206 -0.0283
vn -0.0000 0.9785 -0.2061
vn -0.0000 -0.0000 -0.0000
vn 0.5702 -0.4937 -0.6566
vn -0.0000 0.1952 -0.9808
vn -0.0000 0.1953 -0.9808
vn 0.8490 -0.5186 0.1017
vn 0.8504 -0.5165 0.1000
vn 0.4884 -0.8707 0.0573
vn 0.4897 -0.8701 0.0563
vn -0.0000 -0.0010 1.0000
vn -0.0000 0.9880 0.1546
vn -0.0000 -0.2045 -0.9789
vn 0.5702 -0.4937 0.6566
vn -0.0000 0.9785 0.2061
vn 0.9994 0.0243 0.0260
vn 0.9994 0.0206 0.0283
vn 0.9994 0.0245 0.0259
vn -0.0000 -0.9976 0.0688
vn -0.4583 -0.8888 -0.0060
vn -0.9799 -0.1993 0.0094
vn -0.8558 -0.5173 0.0037
vn -0.8212 0.5706 0.0013
vn -0.9391 0.3433 0.0148
vn 0.0351 0.0127 -0.9993
vn 0.0522 0.0133 -0.9985
vn 0.0451 0.0237 -0.9987
vn -0.1403 0.0755 -0.9872
vn -0.1230 0.0965 -0.9877
vn -0.4349 0.9003 -0.0204
vn -0.1575 0.9865 -0.0439
vn 0.8028 0.5871 -0.1039
vn 0.9381 0.3124 -0.1499
vn 0.5661 0.8233 -0.0407
vn 0.2979 0.9544 0.0199
vn 0.3080 0.9512 0.0201
vn 0.0109 -0.0082 -0.9999
vn 0.0153 -0.9819 -0.1889
vn 0.0211 -0.9819 -0.1884
vn 0.0112 0.0051 0.9999
vn 0.0244 0.0252 0.9994
vn 0.0329 0.0064 0.9994
vn 0.0096 0.0257 0.9996
vn 0.0196 0.0367 0.9991
vn 0.0387 -0.0078 -0.9992
vn 0.7893 -0.6031 -0.1150
vn 0.5882 -0.8062 -0.0636
vn 0.9177 -0.3665 -0.1533
vn -0.2156 -0.9764 -0.0105
vn -0.0651 0.9854 -0.1570
vn -0.0593 0.9859 -0.1567
vn 0.9402 0.3059 -0.1498
vn 0.0622 -0.0064 -0.9980
vn 0.1808 -0.0727 0.9808
vn 0.1690 -0.0826 0.9822
vn 0.1808 -0.0726 0.9808
vn 0.1746 0.0747 0.9818
vn 0.1745 0.0749 0.9818
vn 0.1618 0.0857 0.9831
vn 0.9200 -0.3607 -0.1531
vn 0.1137 0.9923 -0.0482
vn -0.0708 0.9850 -0.1573
vn -0.1338 -0.0807 -0.9877
vn -0.1528 -0.0585 -0.9865
vn -0.1337 -0.0807 -0.9877
vn -0.0113 0.0079 0.9999
vn 0.9999 -0.0001 -0.0130
vn 0.9999 -0.0002 -0.0129
vn 0.9999 -0.0000 -0.0141
vn -0.1575 0.0544 -0.9860
vn 0.1111 0.9926 -0.0493
vn 0.1925 -0.0627 0.9793
vn 0.3589 -0.9333 -0.0116
vn 0.3679 -0.9298 -0.0113
vn -0.1146 -0.1029 -0.9881
vn 0.1872 0.0639 0.9802
vn 0.0256 -0.9996 -0.0135
vn 0.0095 -0.9819 -0.1893
vn 0.9999 -0.0003 -0.0118
vn 0.0244 -0.9996 -0.0132
vn -0.9853 0.0381 0.1665
vn -0.9853 0.0382 0.1665
vn -0.8558 -0.5173 -0.0037
vn -0.9799 -0.1993 -0.0094
vn -0.4583 -0.8888 0.0060
vn -0.9391 0.3433 -0.0148
vn -0.8212 0.5706 -0.0013
vn 0.0451 0.0237 0.9987
vn 0.0522 0.0133 0.9985
vn 0.0351 0.0127 0.9993
vn -0.1230 0.0965 0.9877
vn -0.1403 0.0755 0.9872
vn -0.4348 0.9003 0.0204
vn -0.1575 0.9865 0.0439
vn 0.5661 0.8233 0.0407
vn 0.9381 0.3124 0.1499
vn 0.8028 0.5871 0.1039
vn 0.2979 0.9544 -0.0199
vn 0.3080 0.9512 -0.0201
vn 0.0109 -0.0082 0.9999
vn 0.0211 -0.9819 0.1884
vn 0.0153 -0.9819 0.1889
vn 0.0329 0.0064 -0.9994
vn 0.0244 0.0253 -0.9994
vn 0.0112 0.0051 -0.9999
vn 0.0196 0.0367 -0.9991
vn 0.0096 0.0257 -0.9996
vn 0.0387 -0.0078 0.9992
vn 0.9177 -0.3665 0.1533
vn 0.5882 -0.8062 0.0636
vn 0.7893 -0.6031 0.1150
vn -0.2156 -0.9764 0.0105
vn -0.0651 0.9854 0.1570
vn -0.0593 0.9859 0.1567
vn -0.0000 -0.0010 -1.0000
vn -0.0000 0.9880 -0.1546
vn -0.0000 -0.2045 0.9789
vn -0.0000 0.9976 -0.0688
vn -0.0000 -0.9803 0.1973
vn -0.0000 0.0011 1.0000
vn 0.4791 0.8739 0.0826
vn 0.4702 0.8781 0.0886
vn 0.4792 0.8738 0.0826
vn -0.0000 0.1953 0.9808
vn -0.0000 0.2045 -0.9789
vn -0.0000 -0.1952 -0.9808
vn 0.8374 0.5271 0.1444
vn 0.8487 0.5119 0.1330
vn -0.0000 0.1802 0.9836
vn 0.9994 -0.0245 -0.0259
vn 0.9994 -0.0244 -0.0259
vn 0.9994 -0.0206 -0.0283
vn -0.0000 -0.9785 -0.2061
vn 0.9993 -0.0282 -0.0235
vn -0.0000 0.1952 0.9808
vn -0.0000 0.9976 0.0688
vn -0.0000 -0.9803 -0.1973
vn -0.0000 0.0011 -1.0000
vn 0.4791 0.8739 -0.0826
vn 0.4702 0.8781 -0.0886
vn -0.0000 0.2045 0.9789
vn 0.9993 0.0282 0.0235
vn -0.0000 -0.1952 0.9808
vn 0.9402 0.3059 0.1498
vn 0.0622 -0.0064 0.9980
vn 0.1807 -0.0727 -0.9808
vn 0.1690 -0.0826 -0.9822
vn 0.1808 -0.0727 -0.9808
vn 0.1618 0.0857 -0.9831
vn 0.1744 0.0749 -0.9818
vn 0.1746 0.0747 -0.9818
vn 0.9200 -0.3607 0.1531
vn 0.1137 0.9923 0.0482
vn -0.0708 0.9850 0.1573
vn -0.1337 -0.0807 0.9877
vn -0.1528 -0.0585 0.9865
vn -0.1337 -0.0808 0.9877
vn -0.0113 0.0079 -0.9999
vn 0.9999 -0.0000 0.0141
vn 0.9999 -0.0002 0.0129
vn 0.9999 -0.0001 0.0131
vn -0.1575 0.0544 0.9860
vn 0.1111 0.9926 0.0493
vn 0.1925 -0.0627 -0.9793
vn 0.3589 -0.9333 0.0116
vn 0.8374 0.5272 -0.1444
vn 0.8487 0.5119 -0.1330
vn -0.0000 -0.1802 -0.9836
vn -0.0000 0.1802 -0.9836
vn 0.9994 -0.0206 0.0283
vn 0.9994 -0.0244 0.0259
vn 0.9994 -0.0245 0.0259
vn -0.0000 -0.9785 0.2061
vn 0.9993 -0.0282 0.0235
vn -0.9853 0.0382 -0.1665
vn -0.9853 0.0381 -0.1665
vn 0.0244 -0.9996 0.0132
vn 0.0256 -0.9996 0.0135
vn 0.9999 -0.0003 0.0118
vn 0.0095 -0.9819 0.1893
vn 0.1872 0.0639 -0.9802
vn -0.1146 -0.1029 0.9881
vn 0.3679 -0.9298 0.0113
vt 0.525789 0.849209
vt 0.523163 0.843491
vt 0.525789 0.843473
vt 0.373659 0.859018
vt 0.371837 0.858991
vt 0.371837 0.853596
vt 0.604973 0.668285
vt 0.604973 0.629225
vt 0.610315 0.629130
vt 0.246969 0.859004
vt 0.246969 0.853223
vt 0.248809 0.853715
vt 0.012507 0.656509
vt 0.007220 0.656527
vt 0.007285 0.606121
vt 0.012507 0.606102
vt 0.711511 0.310061
vt 0.711511 0.337312
vt 0.705471 0.337322
vt 0.705549 0.310071
vt 0.249673 0.687945
vt 0.253088 0.687277
vt 0.253088 0.693247
vt 0.249673 0.693238
vt 0.403919 0.843383
vt 0.406417 0.843385
vt 0.406417 0.849434
vt 0.403919 0.848857
vt 0.712024 0.536297
vt 0.707358 0.536281
vt 0.707358 0.530553
vt 0.712024 0.530576
vt 0.634387 0.138605
vt 0.628690 0.138706
vt 0.628940 0.095487
vt 0.634484 0.095389
vt 0.605395 0.626241
vt 0.610146 0.626156
vt 0.563811 0.228855
vt 0.564036 0.149619
vt 0.569502 0.149613
vt 0.569502 0.228849
vt 0.317501 0.849388
vt 0.314526 0.849354
vt 0.314526 0.844076
vt 0.317501 0.844146
vt 0.605091 0.486808
vt 0.610361 0.560312
vt 0.604973 0.560331
vt 0.523163 0.848721
vt 0.652368 0.662090
vt 0.652352 0.664718
vt 0.646583 0.662208
vt 0.248809 0.859007
vt 0.646589 0.659729
vt 0.652368 0.659612
vt 0.652328 0.691499
vt 0.647074 0.691605
vt 0.647136 0.664824
vt 0.649935 0.835399
vt 0.649935 0.840654
vt 0.646583 0.840705
vt 0.646583 0.834752
vt 0.628532 0.078517
vt 0.634484 0.078412
vt 0.634442 0.092891
vt 0.628376 0.092998
vt 0.610265 0.668190
vt 0.373659 0.853289
vt 0.610361 0.486789
vt 0.352878 0.813956
vt 0.356907 0.805795
vt 0.355271 0.814368
vt 0.351498 0.805795
vt 0.199641 0.762431
vt 0.198499 0.773232
vt 0.190720 0.773233
vt 0.230355 0.737468
vt 0.229599 0.750737
vt 0.221411 0.750736
vt 0.565779 0.802485
vt 0.569765 0.810721
vt 0.567370 0.811132
vt 0.571190 0.802485
vt 0.826898 0.802404
vt 0.826898 0.816224
vt 0.826433 0.816222
vt 0.828524 0.264366
vt 0.828525 0.278198
vt 0.828073 0.278198
vt 0.220128 0.737468
vt 0.828073 0.264364
vt 0.813883 0.621384
vt 0.808995 0.621519
vt 0.813883 0.612799
vt 0.808995 0.612916
vt 0.189925 0.762431
vt 0.826432 0.802402
vt 0.540785 0.157056
vt 0.539363 0.149604
vt 0.546662 0.157056
vt 0.547959 0.149604
vt 0.540755 0.158358
vt 0.546638 0.158358
vt 0.189643 0.787673
vt 0.197901 0.789056
vt 0.189643 0.796288
vt 0.197901 0.794940
vt 0.199884 0.762148
vt 0.189643 0.762148
vt 0.853839 0.190184
vt 0.853839 0.197963
vt 0.853383 0.198161
vt 0.853383 0.189962
vt 0.619221 0.809299
vt 0.617616 0.800636
vt 0.621616 0.808887
vt 0.623027 0.800636
vt 0.761697 0.636465
vt 0.753941 0.636464
vt 0.752723 0.623118
vt 0.758985 0.392235
vt 0.750798 0.392236
vt 0.749932 0.381256
vt 0.548666 0.812557
vt 0.546272 0.812145
vt 0.550273 0.803972
vt 0.544862 0.803972
vt 0.829016 0.236269
vt 0.828561 0.236273
vt 0.828562 0.222452
vt 0.826075 0.692593
vt 0.825607 0.692594
vt 0.825606 0.678763
vt 0.760173 0.381256
vt 0.826075 0.678760
vt 0.267529 0.811019
vt 0.272304 0.819646
vt 0.267529 0.819603
vt 0.272304 0.811043
vt 0.762425 0.623118
vt 0.829016 0.222449
vt 0.090340 0.794902
vt 0.097792 0.802183
vt 0.090340 0.800767
vt 0.097792 0.793598
vt 0.849090 0.101046
vt 0.851514 0.106915
vt 0.849090 0.106909
vt 0.851514 0.101058
vt 0.654841 0.799153
vt 0.646583 0.791902
vt 0.654841 0.790551
vt 0.646583 0.797774
vt 0.750204 0.380973
vt 0.759920 0.380973
vt 0.853776 0.490959
vt 0.853320 0.490760
vt 0.853320 0.482993
vt 0.853776 0.482772
vt 0.618883 0.030547
vt 0.626884 0.053838
vt 0.620925 0.053838
vt 0.630286 0.030547
vt 0.621363 0.007220
vt 0.627322 0.007220
vt 0.533777 0.681388
vt 0.523163 0.695475
vt 0.523163 0.674996
vt 0.528614 0.698601
vt 0.058345 0.634548
vt 0.065609 0.611442
vt 0.064027 0.631858
vt 0.054522 0.616983
vt 0.078010 0.573544
vt 0.054522 0.597001
vt 0.054599 0.573575
vt 0.070597 0.596976
vt 0.070597 0.549975
vt 0.054522 0.550000
vt 0.065609 0.644467
vt 0.059670 0.645107
vt 0.238085 0.575251
vt 0.220365 0.598666
vt 0.220128 0.575251
vt 0.233850 0.598666
vt 0.233798 0.551680
vt 0.220313 0.551680
vt 0.220128 0.765178
vt 0.226098 0.780755
vt 0.220128 0.780691
vt 0.226098 0.767765
vt 0.161408 0.928939
vt 0.162260 0.928931
vt 0.162260 0.929900
vt 0.922240 0.892387
vt 0.922240 0.890803
vt 0.922808 0.890797
vt 0.922808 0.892382
vt 0.764748 0.299952
vt 0.761820 0.301703
vt 0.762865 0.299944
vt 0.761820 0.323519
vt 0.809465 0.926889
vt 0.808897 0.926883
vt 0.808897 0.925578
vt 0.809465 0.925585
vt 0.844025 0.911048
vt 0.844025 0.909451
vt 0.845380 0.909453
vt 0.845380 0.911049
vt 0.773458 0.918275
vt 0.772888 0.918277
vt 0.772865 0.917208
vt 0.773434 0.917206
vt 0.189643 0.912571
vt 0.189643 0.910974
vt 0.190995 0.910972
vt 0.771815 0.488520
vt 0.769305 0.486802
vt 0.770918 0.486789
vt 0.764748 0.323533
vt 0.190995 0.912569
vt 0.773458 0.916223
vt 0.772888 0.916226
vt 0.051909 0.904939
vt 0.051931 0.904338
vt 0.052785 0.904344
vt 0.052764 0.904945
vt 0.903773 0.802402
vt 0.904750 0.802403
vt 0.904750 0.805096
vt 0.161408 0.929908
vt 0.903773 0.805095
vt 0.052785 0.907074
vt 0.771131 0.443304
vt 0.768620 0.445038
vt 0.769517 0.443296
vt 0.586707 0.706736
vt 0.586707 0.682998
vt 0.589635 0.706728
vt 0.589635 0.684767
vt 0.588589 0.682994
vt 0.678975 0.140214
vt 0.678582 0.140174
vt 0.678582 0.126706
vt 0.678975 0.126516
vt 0.904269 0.264364
vt 0.904623 0.264432
vt 0.904678 0.266217
vt 0.904321 0.266284
vt 0.904269 0.267768
vt 0.904633 0.267492
vt 0.781160 0.078174
vt 0.781160 0.054567
vt 0.781507 0.077912
vt 0.781507 0.054701
vt 0.771815 0.510000
vt 0.769305 0.510022
vt 0.912190 0.101046
vt 0.912190 0.103866
vt 0.911796 0.101282
vt 0.911796 0.103704
vt 0.781726 0.175325
vt 0.781373 0.175521
vt 0.781726 0.152155
vt 0.781373 0.151957
vt 0.922922 0.612895
vt 0.923278 0.612799
vt 0.922922 0.614452
vt 0.923278 0.614613
vt 0.921101 0.725591
vt 0.921454 0.725513
vt 0.921095 0.727376
vt 0.921454 0.727433
vt 0.810819 0.692422
vt 0.810425 0.692451
vt 0.811165 0.678960
vt 0.810777 0.678760
vt 0.771131 0.466628
vt 0.768620 0.466614
vt 0.905300 0.057266
vt 0.905300 0.054568
vt 0.906277 0.054567
vt 0.906277 0.057265
vt 0.810828 0.694728
vt 0.811165 0.694377
vt 0.906635 0.078729
vt 0.907489 0.078738
vt 0.907489 0.081336
vt 0.753627 0.902812
vt 0.753605 0.903412
vt 0.752751 0.903406
vt 0.752773 0.902806
vt 0.247822 0.929803
vt 0.246969 0.929811
vt 0.246969 0.928842
vt 0.247822 0.928834
vt 0.906635 0.081327
vt 0.906487 0.538292
vt 0.905633 0.538283
vt 0.905633 0.535684
vt 0.906487 0.535694
vt 0.753627 0.905541
vt 0.752773 0.905535
vt 0.730772 0.905082
vt 0.729795 0.905081
vt 0.729795 0.902388
vt 0.730772 0.902389
vt 0.905218 0.407425
vt 0.905218 0.410122
vt 0.904241 0.410123
vt 0.904241 0.407426
vt 0.051931 0.907067
vt 0.092450 0.562973
vt 0.119670 0.584206
vt 0.092450 0.580096
vt 0.119503 0.550088
vt 0.493034 0.534536
vt 0.465845 0.518994
vt 0.465842 0.517612
vt 0.461339 0.518999
vt 0.460201 0.517588
vt 0.277427 0.617760
vt 0.267529 0.599311
vt 0.277467 0.599311
vt 0.139830 0.564207
vt 0.140778 0.580478
vt 0.139830 0.581330
vt 0.712279 0.605862
vt 0.712503 0.587273
vt 0.712463 0.605862
vt 0.712319 0.587273
vt 0.712318 0.627560
vt 0.712503 0.627560
vt 0.778919 0.249919
vt 0.779102 0.222449
vt 0.779102 0.249924
vt 0.778919 0.222462
vt 0.493156 0.555439
vt 0.465916 0.557937
vt 0.492434 0.554657
vt 0.172690 0.550196
vt 0.171335 0.583187
vt 0.171243 0.551298
vt 0.040046 0.567596
vt 0.012890 0.591662
vt 0.012986 0.550018
vt 0.269351 0.617760
vt 0.704900 0.195292
vt 0.705757 0.173611
vt 0.705939 0.173619
vt 0.704717 0.154953
vt 0.704900 0.154961
vt 0.166922 0.550088
vt 0.140748 0.564691
vt 0.277404 0.638645
vt 0.269328 0.638645
vt 0.371837 0.652524
vt 0.371837 0.646025
vt 0.381698 0.646118
vt 0.432017 0.813803
vt 0.436694 0.816867
vt 0.432017 0.819920
vt 0.376945 0.651652
vt 0.172695 0.550084
vt 0.166927 0.549975
vt 0.437975 0.813629
vt 0.777961 0.679607
vt 0.778143 0.707091
vt 0.777961 0.707099
vt 0.125389 0.584289
vt 0.125146 0.550190
vt 0.465919 0.559256
vt 0.461146 0.557777
vt 0.492088 0.535399
vt 0.167088 0.584206
vt 0.172760 0.584289
vt 0.460201 0.559207
vt 0.040081 0.588499
vt 0.167083 0.583199
vt 0.007220 0.591589
vt 0.704717 0.195284
vt 0.381698 0.652617
vt 0.119508 0.549975
vt 0.125152 0.550077
vt 0.381255 0.619331
vt 0.373243 0.619256
vt 0.166928 0.551250
vt 0.778144 0.679617
vt 0.846692 0.536650
vt 0.846692 0.542611
vt 0.843714 0.538025
vt 0.007220 0.549975
vt 0.607678 0.759939
vt 0.600136 0.761904
vt 0.600136 0.749400
vt 0.610328 0.749106
vt 0.826415 0.520933
vt 0.823552 0.513186
vt 0.826542 0.512366
vt 0.823552 0.521129
vt 0.811947 0.836016
vt 0.808896 0.828481
vt 0.811717 0.828547
vt 0.808896 0.835384
vt 0.833071 0.443296
vt 0.835584 0.444653
vt 0.835584 0.451582
vt 0.833046 0.450649
vt 0.343002 0.745395
vt 0.343002 0.757900
vt 0.335342 0.755977
vt 0.332653 0.745159
vt 0.835625 0.160318
vt 0.832660 0.159391
vt 0.835508 0.152252
vt 0.832660 0.151957
vt 0.600136 0.800636
vt 0.602961 0.800900
vt 0.600136 0.812492
vt 0.603176 0.812048
vt 0.833697 0.308222
vt 0.833697 0.301297
vt 0.836212 0.299944
vt 0.836237 0.307293
vt 0.523163 0.551204
vt 0.551338 0.574798
vt 0.527793 0.568874
vt 0.551291 0.551270
vt 0.551338 0.527480
vt 0.527793 0.533317
vt 0.707381 0.467397
vt 0.706544 0.443296
vt 0.713823 0.467743
vt 0.713823 0.443451
vt 0.030115 0.643043
vt 0.026948 0.626054
vt 0.036606 0.644411
vt 0.036606 0.625878
vt 0.036144 0.606102
vt 0.029696 0.607765
vt 0.762011 0.268139
vt 0.755556 0.282043
vt 0.754715 0.267065
vt 0.762011 0.282969
vt 0.646726 0.616264
vt 0.651916 0.587273
vt 0.652368 0.587339
vt 0.647207 0.616260
vt 0.809499 0.362600
vt 0.809043 0.362635
vt 0.809043 0.345374
vt 0.809499 0.345339
vt 0.942887 0.032272
vt 0.942429 0.032262
vt 0.942429 0.031480
vt 0.942886 0.031490
vt 0.627982 0.396108
vt 0.627526 0.396114
vt 0.630678 0.345889
vt 0.631133 0.345883
vt 0.627526 0.320646
vt 0.628006 0.320701
vt 0.430900 0.472716
vt 0.430900 0.494589
vt 0.401902 0.494722
vt 0.194710 0.609852
vt 0.189643 0.581418
vt 0.205687 0.610859
vt 0.604973 0.682725
vt 0.613117 0.699200
vt 0.604973 0.707148
vt 0.489898 0.503148
vt 0.460905 0.502821
vt 0.460905 0.480984
vt 0.460201 0.480399
vt 0.460201 0.416730
vt 0.489894 0.408891
vt 0.431602 0.408360
vt 0.431602 0.472135
vt 0.401909 0.400282
vt 0.205687 0.551680
vt 0.194722 0.553029
vt 0.539090 0.444838
vt 0.550445 0.445590
vt 0.551338 0.513039
vt 0.540369 0.512255
vt 0.651915 0.645171
vt 0.652368 0.645096
vt 0.411095 0.658074
vt 0.410638 0.658089
vt 0.411134 0.637003
vt 0.410677 0.637018
vt 0.411027 0.636256
vt 0.410571 0.636271
vt 0.411134 0.574821
vt 0.410679 0.574836
vt 0.780635 0.101067
vt 0.780635 0.126489
vt 0.780165 0.101181
vt 0.780181 0.126538
vt 0.372548 0.494649
vt 0.372548 0.472776
vt 0.534284 0.427228
vt 0.551338 0.408891
vt 0.519133 0.502909
vt 0.519133 0.481072
vt 0.519843 0.480490
vt 0.519843 0.416821
vt 0.371837 0.472197
vt 0.371838 0.408422
vt 0.443349 0.509558
vt 0.443349 0.591901
vt 0.432017 0.509163
vt 0.432401 0.591523
vt 0.798217 0.278710
vt 0.795859 0.280003
vt 0.795895 0.277480
vt 0.795859 0.264364
vt 0.798179 0.264663
vt 0.806024 0.010490
vt 0.803681 0.009840
vt 0.803745 0.007842
vt 0.806128 0.007220
vt 0.806128 0.021233
vt 0.803792 0.021345
vt 0.857195 0.803573
vt 0.859487 0.802402
vt 0.859647 0.803728
vt 0.859647 0.806950
vt 0.857195 0.806796
vt 0.795948 0.069152
vt 0.795948 0.054570
vt 0.799196 0.054567
vt 0.799196 0.069149
vt 0.460969 0.701389
vt 0.469428 0.718234
vt 0.461018 0.718127
vt 0.469379 0.701496
vt 0.103209 0.675372
vt 0.093907 0.674565
vt 0.103335 0.669043
vt 0.092450 0.668924
vt 0.336591 0.608321
vt 0.335688 0.607533
vt 0.335589 0.557462
vt 0.336497 0.557395
vt 0.460201 0.698233
vt 0.469428 0.698357
vt 0.133613 0.749107
vt 0.138682 0.727874
vt 0.138682 0.749088
vt 0.133614 0.727892
vt 0.403919 0.807703
vt 0.408976 0.799407
vt 0.408977 0.807800
vt 0.403919 0.798494
vt 0.075064 0.740414
vt 0.074223 0.757653
vt 0.073819 0.757618
vt 0.075468 0.740449
vt 0.786054 0.443300
vt 0.785571 0.465829
vt 0.785571 0.443296
vt 0.786054 0.465832
vt 0.680504 0.254472
vt 0.667252 0.277693
vt 0.667253 0.255867
vt 0.680504 0.277823
vt 0.073819 0.730856
vt 0.074299 0.730899
vt 0.460201 0.683793
vt 0.473422 0.661881
vt 0.473423 0.683742
vt 0.460201 0.660402
vt 0.830051 0.067950
vt 0.829577 0.054638
vt 0.829975 0.054567
vt 0.829577 0.068034
vt 0.335112 0.551680
vt 0.344581 0.551790
vt 0.344495 0.558122
vt 0.613078 0.472348
vt 0.604973 0.472308
vt 0.604976 0.408923
vt 0.613078 0.408891
vt 0.656784 0.776110
vt 0.646583 0.776110
vt 0.646617 0.766596
vt 0.655783 0.768066
vt 0.094032 0.691475
vt 0.103335 0.692886
vt 0.142668 0.765164
vt 0.143814 0.774520
vt 0.133613 0.763548
vt 0.133613 0.774473
vt 0.344581 0.609651
vt 0.334248 0.552408
vt 0.063588 0.694984
vt 0.063588 0.716415
vt 0.054523 0.695022
vt 0.054522 0.716369
vt 0.655285 0.767117
vt 0.647182 0.765699
vt 0.718050 0.287593
vt 0.709645 0.287500
vt 0.718050 0.267158
vt 0.709645 0.267065
vt 0.167736 0.785548
vt 0.162112 0.794926
vt 0.161408 0.785617
vt 0.167736 0.796434
vt 0.613753 0.244315
vt 0.613739 0.305443
vt 0.612846 0.305809
vt 0.612855 0.243637
vt 0.490130 0.825070
vt 0.490136 0.816659
vt 0.493275 0.825873
vt 0.493275 0.816646
vt 0.026948 0.749134
vt 0.026948 0.727920
vt 0.032076 0.749143
vt 0.032076 0.727929
vt 0.804051 0.521582
vt 0.804051 0.513190
vt 0.809110 0.521575
vt 0.809111 0.512366
vt 0.074224 0.793158
vt 0.073819 0.793153
vt 0.074224 0.772099
vt 0.073819 0.772094
vt 0.798439 0.536659
vt 0.798439 0.555116
vt 0.797956 0.536650
vt 0.797956 0.555107
vt 0.146967 0.657475
vt 0.146966 0.679302
vt 0.133613 0.656039
vt 0.133613 0.679391
vt 0.844963 0.064201
vt 0.844567 0.064288
vt 0.844963 0.054567
vt 0.844492 0.054671
vt 0.294179 0.677010
vt 0.294177 0.655149
vt 0.307553 0.677033
vt 0.307553 0.653642
vt 0.829197 0.550078
vt 0.828797 0.550014
vt 0.829273 0.536726
vt 0.828797 0.536650
vt 0.801468 0.299944
vt 0.801431 0.309413
vt 0.795740 0.307951
vt 0.795137 0.299944
vt 0.613085 0.320661
vt 0.613085 0.384047
vt 0.604879 0.384103
vt 0.604877 0.320646
vt 0.470424 0.764737
vt 0.470402 0.774250
vt 0.460201 0.774250
vt 0.461259 0.766207
vt 0.714745 0.352164
vt 0.714741 0.372808
vt 0.705471 0.351763
vt 0.705471 0.373145
vt 0.037148 0.763584
vt 0.026948 0.774586
vt 0.028101 0.765227
vt 0.037148 0.774509
vt 0.604877 0.306205
vt 0.604877 0.243296
vt 0.800689 0.310266
vt 0.795658 0.308856
vt 0.715723 0.407444
vt 0.706544 0.428856
vt 0.706544 0.407425
vt 0.715722 0.428791
vt 0.461881 0.765259
vt 0.469982 0.763841
vt 0.334464 0.906035
vt 0.333876 0.906079
vt 0.333907 0.904898
vt 0.334496 0.904794
vt 0.334496 0.906681
vt 0.333908 0.906725
vt 0.334472 0.907635
vt 0.220128 0.934367
vt 0.220698 0.934244
vt 0.220698 0.935227
vt 0.702958 0.934359
vt 0.703546 0.934396
vt 0.703547 0.935301
vt 0.702958 0.935265
vt 0.403919 0.935749
vt 0.404510 0.935745
vt 0.404510 0.936633
vt 0.403919 0.936637
vt 0.937287 0.962603
vt 0.937287 0.963193
vt 0.937162 0.963206
vt 0.937163 0.962617
vt 0.890774 0.709211
vt 0.891363 0.709169
vt 0.891428 0.710171
vt 0.890839 0.710214
vt 0.891455 0.710403
vt 0.890866 0.710446
vt 0.891514 0.711257
vt 0.890925 0.711300
vt 0.891511 0.711363
vt 0.890922 0.711406
vt 0.891592 0.712376
vt 0.890996 0.712324
vt 0.837563 0.035555
vt 0.837578 0.037528
vt 0.835193 0.035552
vt 0.835860 0.038740
vt 0.835658 0.038685
vt 0.835410 0.037718
vt 0.837201 0.038079
vt 0.837212 0.039597
vt 0.836068 0.039596
vt 0.835549 0.033621
vt 0.837201 0.033011
vt 0.837578 0.033567
vt 0.835382 0.034455
vt 0.835549 0.037470
vt 0.835382 0.036642
vt 0.835200 0.036559
vt 0.835860 0.032342
vt 0.836068 0.031480
vt 0.837212 0.031481
vt 0.835410 0.033370
vt 0.835658 0.032397
vt 0.835200 0.034538
vt 0.906623 0.709273
vt 0.906654 0.710454
vt 0.906066 0.710409
vt 0.906033 0.709169
vt 0.906033 0.711055
vt 0.906621 0.711101
vt 0.906058 0.712010
vt 0.772865 0.933702
vt 0.772865 0.932718
vt 0.773434 0.932842
vt 0.931075 0.465354
vt 0.931075 0.464249
vt 0.931651 0.464284
vt 0.931651 0.465390
vt 0.753343 0.935541
vt 0.753343 0.936376
vt 0.752751 0.936372
vt 0.752751 0.935536
vt 0.962477 0.773018
vt 0.962686 0.773018
vt 0.962686 0.773595
vt 0.962477 0.773594
vt 0.919858 0.221870
vt 0.919862 0.222812
vt 0.919270 0.222809
vt 0.919267 0.221868
vt 0.919862 0.221601
vt 0.919270 0.221599
vt 0.919860 0.220788
vt 0.919268 0.220786
vt 0.962477 0.818072
vt 0.962674 0.818079
vt 0.962674 0.818656
vt 0.962477 0.818648
vt 0.891347 0.713361
vt 0.890774 0.713216
vt 0.846447 0.078872
vt 0.846447 0.086134
vt 0.844533 0.085993
vt 0.821995 0.200892
vt 0.820073 0.200859
vt 0.820073 0.198370
vt 0.820073 0.195880
vt 0.821995 0.195913
vt 0.822715 0.198414
vt 0.317389 0.796638
vt 0.318212 0.799346
vt 0.314526 0.796632
vt 0.314606 0.802044
vt 0.317469 0.802051
vt 0.314526 0.808488
vt 0.316885 0.808493
vt 0.114010 0.827033
vt 0.114010 0.818307
vt 0.116369 0.818302
vt 0.117152 0.822664
vt 0.844492 0.078729
vt 0.116369 0.827028
vt 0.602995 0.826976
vt 0.602995 0.834850
vt 0.600640 0.834815
vt 0.600136 0.826933
vt 0.786377 0.621597
vt 0.786379 0.617216
vt 0.786706 0.617216
vt 0.794225 0.621246
vt 0.794227 0.617216
vt 0.794555 0.617216
vt 0.794553 0.621597
vt 0.786704 0.621246
vt 0.786695 0.613153
vt 0.794542 0.612799
vt 0.794215 0.613153
vt 0.786366 0.612799
vt 0.752751 0.799559
vt 0.760271 0.799567
vt 0.760271 0.803614
vt 0.752751 0.803605
vt 0.752751 0.795513
vt 0.760271 0.795521
vt 0.353461 0.828808
vt 0.354182 0.832820
vt 0.351498 0.832826
vt 0.351498 0.828812
vt 0.353461 0.836835
vt 0.351498 0.836839
vt 0.820657 0.189962
vt 0.822621 0.189995
vt 0.432594 0.862876
vt 0.432017 0.862747
vt 0.432424 0.860898
vt 0.433022 0.860934
vt 0.826090 0.941059
vt 0.826090 0.940483
vt 0.826609 0.940580
vt 0.826609 0.941157
vt 0.544862 0.923605
vt 0.545453 0.923607
vt 0.545454 0.925137
vt 0.544862 0.925135
vt 0.931145 0.638988
vt 0.930569 0.638952
vt 0.930569 0.637846
vt 0.931145 0.637882
vt 0.921531 0.537395
vt 0.920942 0.537368
vt 0.920928 0.536673
vt 0.921517 0.536699
vt 0.920942 0.536480
vt 0.921532 0.536507
vt 0.920928 0.535684
vt 0.921517 0.535711
vt 0.944978 0.772843
vt 0.944978 0.772260
vt 0.945246 0.772241
vt 0.945246 0.772824
vt 0.730397 0.936067
vt 0.729808 0.936038
vt 0.729795 0.935392
vt 0.730384 0.935421
vt 0.729808 0.935198
vt 0.730397 0.935227
vt 0.793669 0.249900
vt 0.793542 0.249280
vt 0.794141 0.249280
vt 0.352076 0.942452
vt 0.351498 0.942578
vt 0.351498 0.941996
vt 0.793762 0.834863
vt 0.793905 0.835111
vt 0.793471 0.836132
vt 0.792120 0.835468
vt 0.793672 0.836077
vt 0.791734 0.834916
vt 0.793917 0.834035
vt 0.793277 0.836987
vt 0.792132 0.836986
vt 0.794089 0.832946
vt 0.791718 0.832943
vt 0.794097 0.833952
vt 0.432222 0.859012
vt 0.432809 0.858954
vt 0.432768 0.858351
vt 0.432181 0.858410
vt 0.432605 0.856827
vt 0.432017 0.856886
vt 0.911668 0.378863
vt 0.911734 0.379766
vt 0.911144 0.379774
vt 0.911078 0.378871
vt 0.911704 0.378169
vt 0.911114 0.378176
vt 0.911695 0.377976
vt 0.911105 0.377983
vt 0.911734 0.377181
vt 0.911145 0.377188
vt 0.944978 0.787284
vt 0.945246 0.787303
vt 0.945246 0.787885
vt 0.944979 0.787866
vt 0.523765 0.935887
vt 0.523752 0.936534
vt 0.523163 0.936562
vt 0.523176 0.935916
vt 0.523752 0.935693
vt 0.523163 0.935722
vt 0.942077 0.170857
vt 0.942553 0.171220
vt 0.942077 0.171638
vt 0.890233 0.940651
vt 0.890803 0.940528
vt 0.890803 0.941119
vt 0.793471 0.829734
vt 0.793905 0.830763
vt 0.793762 0.831014
vt 0.792120 0.830400
vt 0.793672 0.829790
vt 0.791734 0.830956
vt 0.793917 0.831848
vt 0.792132 0.828870
vt 0.793277 0.828872
vt 0.794097 0.831932
vt 0.163917 0.834548
vt 0.163917 0.841551
vt 0.161408 0.841180
vt 0.161408 0.834178
vt 0.838379 0.323036
vt 0.838379 0.330566
vt 0.835879 0.330551
vt 0.835879 0.323020
vt 0.772865 0.899195
vt 0.773998 0.899244
vt 0.773998 0.901783
vt 0.772865 0.901734
vt 0.843971 0.407443
vt 0.843971 0.414390
vt 0.841471 0.414372
vt 0.841471 0.407425
vt 0.090340 0.899135
vt 0.091642 0.899076
vt 0.091642 0.901612
vt 0.090340 0.901671
vt 0.830824 0.612816
vt 0.830824 0.622223
vt 0.828324 0.622206
vt 0.828324 0.612799
vt 0.133613 0.860042
vt 0.133614 0.855459
vt 0.136150 0.855358
vt 0.136150 0.859940
vt 0.778919 0.285408
vt 0.778919 0.264672
vt 0.781418 0.264364
vt 0.781418 0.285101
vt 0.034006 0.674168
vt 0.031686 0.683284
vt 0.033210 0.673156
vt 0.026948 0.658963
vt 0.037933 0.658852
vt 0.036059 0.666145
vt 0.034904 0.666418
vt 0.026948 0.684969
vt 0.811427 0.809380
vt 0.808897 0.809542
vt 0.809460 0.802565
vt 0.811991 0.802402
vt 0.811991 0.813877
vt 0.809460 0.814040
vt 0.488866 0.902037
vt 0.488866 0.899500
vt 0.490065 0.899451
vt 0.490065 0.901988
vt 0.794364 0.807452
vt 0.791830 0.807350
vt 0.791750 0.803139
vt 0.794284 0.803242
vt 0.794252 0.808751
vt 0.791718 0.808649
vt 0.794364 0.814430
vt 0.791830 0.814327
vt 0.794254 0.856512
vt 0.791719 0.856426
vt 0.791718 0.851428
vt 0.794254 0.851514
vt 0.627558 0.726553
vt 0.630094 0.726568
vt 0.630094 0.751612
vt 0.627558 0.751597
vt 0.272289 0.667380
vt 0.273824 0.677504
vt 0.271486 0.668393
vt 0.269417 0.660375
vt 0.267529 0.653086
vt 0.278600 0.653172
vt 0.270582 0.660646
vt 0.278600 0.679178
vt 0.712156 0.516113
vt 0.707358 0.515734
vt 0.707358 0.486789
vt 0.712143 0.487167
vt 0.709645 0.228528
vt 0.714451 0.228519
vt 0.716461 0.240563
vt 0.709645 0.252624
vt 0.334248 0.647704
vt 0.339068 0.647710
vt 0.341193 0.655185
vt 0.137568 0.641597
vt 0.137847 0.615470
vt 0.144856 0.615472
vt 0.334480 0.662648
vt 0.339300 0.662655
vt 0.137568 0.598730
vt 0.146967 0.607103
vt 0.714451 0.252615
vt 0.336386 0.624092
vt 0.341193 0.624099
vt 0.396130 0.574821
vt 0.396130 0.604786
vt 0.371837 0.604815
vt 0.371837 0.574851
vt 0.144577 0.598733
vt 0.142533 0.641598
vt 0.252526 0.584870
vt 0.253990 0.583272
vt 0.266183 0.584832
vt 0.253990 0.553308
vt 0.252526 0.551717
vt 0.266183 0.553274
vt 0.266183 0.551680
vt 0.266183 0.583237
vt 0.278283 0.583242
vt 0.279736 0.584837
vt 0.278283 0.553278
vt 0.279736 0.551684
vt 0.683559 0.683456
vt 0.681518 0.651497
vt 0.688517 0.651602
vt 0.688517 0.683531
vt 0.411134 0.686021
vt 0.408884 0.699520
vt 0.403919 0.699529
vt 0.403919 0.672539
vt 0.408884 0.672530
vt 0.251101 0.759494
vt 0.247713 0.760756
vt 0.247887 0.759444
vt 0.250926 0.760807
vt 0.485132 0.282574
vt 0.502092 0.282414
vt 0.491534 0.313516
vt 0.793879 0.349116
vt 0.791441 0.359477
vt 0.790771 0.348406
vt 0.490630 0.392712
vt 0.484979 0.392769
vt 0.501741 0.391806
vt 0.248480 0.754067
vt 0.251730 0.753794
vt 0.246969 0.767250
vt 0.491514 0.327971
vt 0.250181 0.767301
vt 0.189643 0.858257
vt 0.192751 0.854036
vt 0.192751 0.857626
vt 0.813637 0.082860
vt 0.815787 0.086152
vt 0.813637 0.086033
vt 0.189645 0.854666
vt 0.494715 0.370907
vt 0.492348 0.358214
vt 0.708322 0.074357
vt 0.708847 0.066173
vt 0.711525 0.074184
vt 0.708848 0.085790
vt 0.712052 0.085617
vt 0.708322 0.054740
vt 0.712053 0.066001
vt 0.765551 0.536864
vt 0.765574 0.559209
vt 0.762362 0.536650
vt 0.762362 0.559238
vt 0.711528 0.054567
vt 0.246969 0.838622
vt 0.246969 0.831871
vt 0.250177 0.838782
vt 0.498498 0.347124
vt 0.498518 0.332669
vt 0.492357 0.351508
vt 0.503411 0.279569
vt 0.509833 0.282037
vt 0.495773 0.368970
vt 0.818715 0.101201
vt 0.815509 0.111745
vt 0.815508 0.101046
vt 0.722195 0.671298
vt 0.719574 0.677776
vt 0.719022 0.671318
vt 0.818715 0.111900
vt 0.722747 0.677756
vt 0.815787 0.082981
vt 0.776223 0.345508
vt 0.772975 0.348474
vt 0.773017 0.345339
vt 0.776330 0.350433
vt 0.772975 0.366365
vt 0.773125 0.350265
vt 0.776180 0.348642
vt 0.776178 0.366532
vt 0.829584 0.831257
vt 0.826449 0.836743
vt 0.826432 0.830665
vt 0.794603 0.360308
vt 0.794603 0.346146
vt 0.791505 0.345339
vt 0.829584 0.837366
vt 0.224736 0.613107
vt 0.220128 0.648522
vt 0.221553 0.613236
vt 0.223300 0.648446
vt 0.221564 0.662419
vt 0.224736 0.662343
vt 0.010408 0.819364
vt 0.007223 0.827186
vt 0.007220 0.818985
vt 0.010408 0.827565
vt 0.722193 0.651497
vt 0.720211 0.665436
vt 0.719022 0.651516
vt 0.723381 0.665417
vt 0.294177 0.889906
vt 0.295473 0.889730
vt 0.294177 0.893119
vt 0.295473 0.892943
vt 0.478585 0.313516
vt 0.468014 0.282414
vt 0.795565 0.410492
vt 0.794899 0.421557
vt 0.792455 0.411199
vt 0.498126 0.394450
vt 0.250128 0.748275
vt 0.816056 0.310270
vt 0.815909 0.303922
vt 0.819256 0.310548
vt 0.478565 0.327971
vt 0.819107 0.304199
vt 0.816059 0.299944
vt 0.895331 0.377181
vt 0.896637 0.377202
vt 0.895331 0.380392
vt 0.819256 0.300221
vt 0.246969 0.748860
vt 0.477648 0.351508
vt 0.495488 0.374243
vt 0.497264 0.375076
vt 0.791737 0.408228
vt 0.675203 0.838270
vt 0.675203 0.832162
vt 0.678338 0.837650
vt 0.794836 0.407425
vt 0.250175 0.832031
vt 0.471482 0.332669
vt 0.471462 0.347124
vt 0.460201 0.282037
vt 0.466691 0.279569
vt 0.474152 0.368970
vt 0.477638 0.358214
vt 0.475214 0.370907
vt 0.789610 0.492097
vt 0.789463 0.502796
vt 0.786402 0.492210
vt 0.789464 0.486789
vt 0.786256 0.486903
vt 0.786256 0.502909
vt 0.896637 0.380413
vt 0.777254 0.407425
vt 0.777296 0.410559
vt 0.774049 0.407595
vt 0.777148 0.412350
vt 0.777296 0.428451
vt 0.773943 0.412520
vt 0.774090 0.410729
vt 0.774093 0.428620
vt 0.678356 0.831573
vt 0.791737 0.422382
vt 0.478098 0.393721
vt 0.468065 0.391806
vt 0.479277 0.392712
vt 0.472630 0.375076
vt 0.474425 0.374243
vt 0.491795 0.393721
vt 0.471706 0.394450
vt 0.706889 0.797528
vt 0.706064 0.797786
vt 0.706601 0.796991
vt 0.270410 0.796578
vt 0.270344 0.792166
vt 0.272064 0.796450
vt 0.161408 0.912820
vt 0.162505 0.912821
vt 0.161411 0.913303
vt 0.138544 0.799241
vt 0.138971 0.794683
vt 0.139796 0.799369
vt 0.162508 0.913304
vt 0.161411 0.913925
vt 0.136874 0.799082
vt 0.137302 0.794523
vt 0.162508 0.913926
vt 0.161408 0.914489
vt 0.135318 0.798942
vt 0.135745 0.794384
vt 0.372985 0.913383
vt 0.371928 0.913399
vt 0.372895 0.912839
vt 0.407065 0.828925
vt 0.407065 0.825314
vt 0.408480 0.828345
vt 0.371837 0.912855
vt 0.372895 0.912213
vt 0.405365 0.828943
vt 0.405365 0.825332
vt 0.371837 0.912229
vt 0.372985 0.911704
vt 0.403919 0.828392
vt 0.403919 0.824781
vt 0.028053 0.917375
vt 0.026956 0.917380
vt 0.028044 0.916797
vt 0.604569 0.786172
vt 0.604582 0.781595
vt 0.606091 0.786196
vt 0.026948 0.916802
vt 0.028044 0.916180
vt 0.602879 0.786172
vt 0.602891 0.781595
vt 0.026948 0.916185
vt 0.028053 0.915720
vt 0.601556 0.786196
vt 0.601569 0.781618
vt 0.706972 0.798135
vt 0.706146 0.798393
vt 0.271998 0.792038
vt 0.273669 0.796578
vt 0.269395 0.786752
vt 0.269165 0.792510
vt 0.267529 0.787296
vt 0.137581 0.789302
vt 0.135116 0.789081
vt 0.134796 0.794308
vt 0.133613 0.788961
vt 0.404897 0.822268
vt 0.606103 0.781618
vt 0.607315 0.776382
vt 0.606973 0.781658
vt 0.604906 0.776345
vt 0.602230 0.776345
vt 0.600136 0.776382
vt 0.705776 0.797249
vt 0.705416 0.798007
vt 0.140224 0.794811
vt 0.705997 0.798878
vt 0.705663 0.799086
vt 0.162505 0.914490
vt 0.705251 0.798952
vt 0.408480 0.824734
vt 0.704892 0.798518
vt 0.704699 0.797922
vt 0.371928 0.911720
vt 0.704733 0.797353
vt 0.704985 0.796991
vt 0.705374 0.796953
vt 0.026956 0.915725
vt 0.273602 0.792166
vt 0.272014 0.786548
vt 0.140224 0.789554
vt 0.407589 0.822241
vt 0.608692 0.776445
vt 0.274554 0.786752
vt 0.710072 0.796469
vt 0.706996 0.799226
vt 0.706766 0.797531
vt 0.710426 0.799078
vt 0.706579 0.800578
vt 0.333876 0.851016
vt 0.336950 0.848556
vt 0.336938 0.850277
vt 0.333895 0.848366
vt 0.336938 0.846941
vt 0.568897 0.825573
vt 0.566360 0.828330
vt 0.565779 0.826850
vt 0.569792 0.827851
vt 0.566360 0.830079
vt 0.569792 0.830543
vt 0.565779 0.831541
vt 0.568869 0.847235
vt 0.565779 0.849939
vt 0.565784 0.848365
vt 0.568862 0.849657
vt 0.565784 0.851675
vt 0.707109 0.792891
vt 0.705962 0.796033
vt 0.704841 0.795207
vt 0.708836 0.794163
vt 0.706197 0.798804
vt 0.706057 0.797774
vt 0.705944 0.799626
vt 0.705378 0.799979
vt 0.705648 0.801160
vt 0.704680 0.799752
vt 0.704499 0.800786
vt 0.704070 0.799016
vt 0.703496 0.799575
vt 0.703743 0.798005
vt 0.702958 0.797912
vt 0.703802 0.797040
vt 0.703055 0.796324
vt 0.704229 0.796427
vt 0.703757 0.795316
vt 0.704887 0.796362
vt 0.705569 0.796863
vt 0.889026 0.284452
vt 0.890603 0.283417
vt 0.890668 0.284452
vt 0.808897 0.895001
vt 0.810606 0.894211
vt 0.810600 0.894998
vt 0.808902 0.894214
vt 0.810606 0.893163
vt 0.808902 0.893166
vt 0.810600 0.892186
vt 0.705353 0.798616
vt 0.705962 0.799352
vt 0.705025 0.797605
vt 0.705084 0.796640
vt 0.793436 0.891916
vt 0.791719 0.892862
vt 0.791733 0.891911
vt 0.793422 0.892867
vt 0.791719 0.893919
vt 0.793422 0.893923
vt 0.791733 0.894745
vt 0.888931 0.285453
vt 0.890573 0.285453
vt 0.707340 0.797373
vt 0.707479 0.798403
vt 0.706823 0.798620
vt 0.707226 0.799225
vt 0.706489 0.798828
vt 0.706661 0.799579
vt 0.706077 0.798694
vt 0.705717 0.798260
vt 0.705524 0.797664
vt 0.705559 0.797095
vt 0.705811 0.796733
vt 0.705511 0.796027
vt 0.706199 0.796695
vt 0.706170 0.795961
vt 0.706851 0.796463
vt 0.709785 0.801160
vt 0.333876 0.845880
vt 0.568897 0.832794
vt 0.568869 0.852330
vt 0.888962 0.283417
vt 0.808897 0.892189
vt 0.793436 0.894750
vt 0.267529 0.842203
vt 0.269260 0.834089
vt 0.269260 0.842205
vt 0.267529 0.834087
vt 0.224017 0.817906
vt 0.224017 0.826025
vt 0.220128 0.826031
vt 0.268894 0.860512
vt 0.267529 0.860534
vt 0.267529 0.856696
vt 0.094320 0.816869
vt 0.094320 0.824921
vt 0.092949 0.824934
vt 0.852125 0.175329
vt 0.850080 0.171493
vt 0.853832 0.171493
vt 0.850066 0.172866
vt 0.270602 0.856645
vt 0.092949 0.816881
vt 0.090340 0.824676
vt 0.270602 0.858019
vt 0.853793 0.175329
vt 0.090340 0.816623
vt 0.220128 0.817912
vt 0.059378 0.782330
vt 0.054047 0.782302
vt 0.054047 0.766504
vt 0.059377 0.766531
vt 0.644121 0.272924
vt 0.652647 0.272848
vt 0.652811 0.291116
vt 0.647487 0.291164
vt 0.647492 0.254519
vt 0.652811 0.254472
vt 0.335727 0.689212
vt 0.341055 0.689270
vt 0.341193 0.702269
vt 0.335864 0.702211
vt 0.332653 0.677096
vt 0.341193 0.677195
vt 0.540857 0.607414
vt 0.540100 0.625399
vt 0.523163 0.607504
vt 0.524184 0.589239
vt 0.095711 0.779157
vt 0.090377 0.779155
vt 0.090340 0.767043
vt 0.098881 0.767043
vt 0.622266 0.611716
vt 0.605821 0.611715
vt 0.623136 0.593304
vt 0.604973 0.593233
vt 0.622323 0.574772
vt 0.605951 0.574772
vt 0.831708 0.709169
vt 0.831708 0.721346
vt 0.831206 0.709288
vt 0.603653 0.044152
vt 0.587180 0.044152
vt 0.586248 0.025859
vt 0.604442 0.025788
vt 0.587141 0.007220
vt 0.603540 0.007220
vt 0.539984 0.589239
vt 0.690965 0.391237
vt 0.690455 0.391234
vt 0.690455 0.376013
vt 0.690965 0.376015
vt 0.007220 0.688975
vt 0.007569 0.688981
vt 0.010567 0.706843
vt 0.010057 0.706848
vt 0.010054 0.670968
vt 0.010567 0.670982
vt 0.772227 0.019293
vt 0.772733 0.019358
vt 0.771397 0.031931
vt 0.770911 0.031753
vt 0.770911 0.007220
vt 0.771423 0.007286
vt 0.524223 0.625399
vt 0.831211 0.721464
vt 0.777083 0.801179
vt 0.777185 0.783807
vt 0.777185 0.800978
vt 0.427580 0.257520
vt 0.427580 0.200115
vt 0.448971 0.258209
vt 0.678582 0.112076
vt 0.678920 0.054567
vt 0.678983 0.112066
vt 0.762157 0.755606
vt 0.752751 0.741920
vt 0.758736 0.742891
vt 0.412613 0.263117
vt 0.392741 0.263868
vt 0.392737 0.200115
vt 0.412608 0.205614
vt 0.413129 0.205514
vt 0.413139 0.263103
vt 0.776621 0.783685
vt 0.776598 0.800804
vt 0.112847 0.620125
vt 0.122863 0.620040
vt 0.116516 0.639856
vt 0.448970 0.200189
vt 0.437988 0.607291
vt 0.432017 0.651765
vt 0.432017 0.606342
vt 0.117075 0.599622
vt 0.117221 0.600015
vt 0.116516 0.600168
vt 0.123127 0.598730
vt 0.802894 0.597454
vt 0.802894 0.580289
vt 0.802996 0.597655
vt 0.470377 0.200181
vt 0.470377 0.257586
vt 0.355634 0.681591
vt 0.355692 0.624092
vt 0.356028 0.681601
vt 0.757104 0.652456
vt 0.763090 0.651497
vt 0.753682 0.665166
vt 0.372613 0.263163
vt 0.372608 0.205661
vt 0.372048 0.263151
vt 0.372048 0.205562
vt 0.803458 0.580168
vt 0.803481 0.597280
vt 0.117221 0.639997
vt 0.123127 0.641181
vt 0.098406 0.598979
vt 0.098406 0.654483
vt 0.092450 0.598730
vt 0.117075 0.640393
vt 0.826090 0.910223
vt 0.826090 0.908693
vt 0.827377 0.908919
vt 0.827378 0.910564
vt 0.749143 0.040123
vt 0.748369 0.038941
vt 0.748514 0.038362
vt 0.749022 0.038255
vt 0.703994 0.844362
vt 0.703957 0.842884
vt 0.705041 0.842886
vt 0.705041 0.844365
vt 0.805421 0.489887
vt 0.805938 0.497014
vt 0.804051 0.486943
vt 0.807748 0.489316
vt 0.808305 0.491629
vt 0.806408 0.492094
vt 0.922150 0.907140
vt 0.922989 0.907168
vt 0.922150 0.908453
vt 0.922989 0.908480
vt 0.747715 0.040126
vt 0.747594 0.039969
vt 0.747788 0.039100
vt 0.351498 0.911942
vt 0.351498 0.910294
vt 0.352810 0.911899
vt 0.352810 0.910251
vt 0.801366 0.471061
vt 0.801947 0.471219
vt 0.800591 0.472228
vt 0.860004 0.942521
vt 0.859956 0.941970
vt 0.860501 0.941987
vt 0.778624 0.380987
vt 0.776207 0.384302
vt 0.776211 0.380973
vt 0.315836 0.903225
vt 0.315836 0.905516
vt 0.314526 0.903267
vt 0.314526 0.905559
vt 0.864240 0.963122
vt 0.864084 0.963146
vt 0.864084 0.962635
vt 0.544862 0.909165
vt 0.544863 0.907213
vt 0.546175 0.907182
vt 0.706078 0.844360
vt 0.859829 0.223468
vt 0.858640 0.227325
vt 0.858644 0.223468
vt 0.936013 0.283923
vt 0.936013 0.283327
vt 0.936579 0.282961
vt 0.936579 0.283764
vt 0.388100 0.913936
vt 0.388156 0.913604
vt 0.388759 0.913706
vt 0.388683 0.914153
vt 0.890530 0.535894
vt 0.891092 0.535684
vt 0.890616 0.536512
vt 0.891192 0.536402
vt 0.749240 0.038360
vt 0.749240 0.039991
vt 0.706115 0.842882
vt 0.706078 0.846801
vt 0.707105 0.846796
vt 0.889228 0.407425
vt 0.889801 0.407627
vt 0.889801 0.412007
vt 0.889228 0.412228
vt 0.911128 0.445031
vt 0.912092 0.443296
vt 0.912092 0.445433
vt 0.911128 0.443501
vt 0.599449 0.937928
vt 0.600028 0.937974
vt 0.600028 0.938577
vt 0.808896 0.911138
vt 0.808896 0.909619
vt 0.810195 0.910961
vt 0.926806 0.596999
vt 0.926221 0.596988
vt 0.926797 0.596765
vt 0.810197 0.909441
vt 0.774614 0.384297
vt 0.776390 0.392910
vt 0.801221 0.470487
vt 0.869547 0.466281
vt 0.868217 0.466293
vt 0.868518 0.464249
vt 0.896043 0.104157
vt 0.896043 0.101088
vt 0.897355 0.104115
vt 0.897355 0.101046
vt 0.090631 0.933714
vt 0.090340 0.933704
vt 0.090631 0.932402
vt 0.090340 0.932392
vt 0.546786 0.789212
vt 0.550602 0.787591
vt 0.549245 0.789201
vt 0.545345 0.787829
vt 0.550602 0.777462
vt 0.545345 0.777486
vt 0.807673 0.492682
vt 0.807830 0.493335
vt 0.807469 0.493423
vt 0.075108 0.820612
vt 0.073819 0.820812
vt 0.073819 0.807598
vt 0.075086 0.808240
vt 0.706115 0.842253
vt 0.707105 0.842250
vt 0.926228 0.597162
vt 0.600341 0.868903
vt 0.599449 0.873647
vt 0.599449 0.868018
vt 0.860501 0.942537
vt 0.388782 0.913387
vt 0.388173 0.913368
vt 0.388683 0.912010
vt 0.388100 0.912347
vt 0.926796 0.598131
vt 0.926221 0.598001
vt 0.908481 0.612812
vt 0.908481 0.614781
vt 0.907165 0.612799
vt 0.403919 0.905531
vt 0.403919 0.903305
vt 0.405228 0.903225
vt 0.600342 0.872934
vt 0.858457 0.227485
vt 0.858461 0.223301
vt 0.860003 0.223301
vt 0.804677 0.486789
vt 0.054522 0.663137
vt 0.069666 0.659548
vt 0.069666 0.680544
vt 0.405228 0.905451
vt 0.920733 0.873505
vt 0.920214 0.873123
vt 0.920194 0.871996
vt 0.920705 0.871986
vt 0.920214 0.871839
vt 0.920733 0.871774
vt 0.806612 0.492942
vt 0.800494 0.472098
vt 0.800494 0.470484
vt 0.800712 0.470381
vt 0.931961 0.660473
vt 0.931586 0.660477
vt 0.931961 0.659157
vt 0.825235 0.357777
vt 0.823940 0.358189
vt 0.823940 0.345339
vt 0.062707 0.676112
vt 0.931352 0.512366
vt 0.931753 0.512377
vt 0.931753 0.513689
vt 0.189643 0.666808
vt 0.204600 0.670363
vt 0.189643 0.687803
vt 0.204600 0.682325
vt 0.196529 0.683355
vt 0.052166 0.821133
vt 0.053100 0.821060
vt 0.053032 0.823755
vt 0.883152 0.173171
vt 0.883501 0.175479
vt 0.882218 0.173140
vt 0.882549 0.175330
vt 0.920804 0.558570
vt 0.919872 0.558652
vt 0.920804 0.557062
vt 0.919872 0.557051
vt 0.778611 0.392909
vt 0.921930 0.080108
vt 0.922564 0.080298
vt 0.921966 0.080425
vt 0.922537 0.080063
vt 0.026948 0.862792
vt 0.026973 0.857262
vt 0.028178 0.863224
vt 0.028178 0.857346
vt 0.008461 0.881142
vt 0.008461 0.884956
vt 0.007220 0.881771
vt 0.007220 0.885834
vt 0.861806 0.833295
vt 0.861542 0.830432
vt 0.862122 0.830033
vt 0.705021 0.845147
vt 0.704107 0.845145
vt 0.703994 0.846803
vt 0.702958 0.846801
vt 0.859825 0.227325
vt 0.862419 0.833283
vt 0.134191 0.930416
vt 0.133613 0.930281
vt 0.133613 0.929250
vt 0.926788 0.581369
vt 0.926205 0.581138
vt 0.926788 0.580168
vt 0.926205 0.580247
vt 0.926769 0.581562
vt 0.926191 0.581281
vt 0.916745 0.362653
vt 0.916167 0.362566
vt 0.916167 0.361971
vt 0.546175 0.909133
vt 0.904957 0.557237
vt 0.905431 0.557051
vt 0.905431 0.560316
vt 0.905263 0.853130
vt 0.905672 0.850653
vt 0.905672 0.853753
vt 0.862763 0.616060
vt 0.862151 0.616047
vt 0.862447 0.612799
vt 0.863027 0.613198
vt 0.863027 0.618431
vt 0.862489 0.618977
vt 0.858125 0.242313
vt 0.858705 0.241926
vt 0.858705 0.248975
vt 0.858130 0.248522
vt 0.899258 0.325863
vt 0.897976 0.325069
vt 0.899258 0.323681
vt 0.847710 0.618043
vt 0.845265 0.618994
vt 0.845265 0.612799
vt 0.847710 0.613528
vt 0.933340 0.243260
vt 0.932997 0.243239
vt 0.932997 0.241926
vt 0.860175 0.892196
vt 0.861104 0.892489
vt 0.860175 0.895487
vt 0.839465 0.780308
vt 0.839465 0.772241
vt 0.840651 0.781434
vt 0.841915 0.521396
vt 0.840983 0.521627
vt 0.841925 0.512622
vt 0.460201 0.943652
vt 0.460327 0.943063
vt 0.460689 0.943632
vt 0.460689 0.943048
vt 0.907166 0.614768
vt 0.864295 0.962603
vt 0.905344 0.871774
vt 0.905753 0.874251
vt 0.905344 0.874874
vt 0.935483 0.558377
vt 0.935245 0.558363
vt 0.935245 0.557052
vt 0.906393 0.909087
vt 0.906392 0.907140
vt 0.907709 0.909095
vt 0.027347 0.933137
vt 0.026948 0.933141
vt 0.027347 0.931821
vt 0.026948 0.931825
vt 0.840983 0.512366
vt 0.433328 0.898019
vt 0.433328 0.900737
vt 0.432017 0.898061
vt 0.807539 0.493717
vt 0.807155 0.493811
vt 0.804051 0.497925
vt 0.806040 0.497438
vt 0.116599 0.803861
vt 0.116599 0.803862
vt 0.114010 0.793190
vt 0.807814 0.496554
vt 0.052100 0.823760
vt 0.702958 0.842254
vt 0.703957 0.842255
vt 0.565779 0.938059
vt 0.566327 0.938288
vt 0.565779 0.938724
vt 0.566327 0.938894
vt 0.906392 0.939386
vt 0.906970 0.939382
vt 0.906392 0.940061
vt 0.906969 0.939977
vt 0.705927 0.845143
vt 0.675203 0.910169
vt 0.675750 0.909440
vt 0.675203 0.911985
vt 0.675750 0.911791
vt 0.647167 0.929123
vt 0.646583 0.929041
vt 0.647167 0.927924
vt 0.646583 0.928007
vt 0.891097 0.540336
vt 0.890530 0.540099
vt 0.812880 0.564943
vt 0.813465 0.565075
vt 0.813465 0.565698
vt 0.770620 0.593252
vt 0.769645 0.580903
vt 0.770862 0.580168
vt 0.771925 0.593356
vt 0.889828 0.264364
vt 0.888931 0.268112
vt 0.888931 0.264810
vt 0.781008 0.384302
vt 0.780809 0.392910
vt 0.052826 0.819480
vt 0.051909 0.819646
vt 0.704173 0.819410
vt 0.703556 0.819408
vt 0.703493 0.815601
vt 0.940979 0.301276
vt 0.940979 0.299944
vt 0.941010 0.299944
vt 0.752751 0.847770
vt 0.752751 0.843312
vt 0.755196 0.842598
vt 0.755196 0.848715
vt 0.840661 0.772783
vt 0.920113 0.850653
vt 0.920621 0.851010
vt 0.920113 0.852508
vt 0.747318 0.206582
vt 0.747323 0.200355
vt 0.747911 0.199973
vt 0.747911 0.207042
vt 0.859999 0.227485
vt 0.267933 0.930606
vt 0.267529 0.930552
vt 0.267933 0.929293
vt 0.907078 0.924941
vt 0.906392 0.924847
vt 0.907078 0.923629
vt 0.927179 0.444629
vt 0.926533 0.444608
vt 0.927179 0.443317
vt 0.926533 0.443296
vt 0.906392 0.923536
vt 0.134191 0.929219
vt 0.916912 0.514576
vt 0.916362 0.514292
vt 0.916362 0.512366
vt 0.916912 0.513088
vt 0.599449 0.938740
vt 0.936539 0.536588
vt 0.935972 0.536242
vt 0.935972 0.535684
vt 0.936538 0.535836
vt 0.051909 0.937172
vt 0.052509 0.937498
vt 0.052509 0.938016
vt 0.051909 0.937871
vt 0.802019 0.472235
vt 0.802140 0.472080
vt 0.053220 0.824798
vt 0.931586 0.659161
vt 0.052269 0.824745
vt 0.052829 0.830785
vt 0.770838 0.603826
vt 0.769645 0.602642
vt 0.840907 0.354298
vt 0.839676 0.354658
vt 0.840895 0.345339
vt 0.839676 0.346313
vt 0.054522 0.675100
vt 0.935483 0.557066
vt 0.843827 0.558399
vt 0.843917 0.557051
vt 0.845229 0.557059
vt 0.845140 0.558406
vt 0.508331 0.826779
vt 0.507716 0.826926
vt 0.507899 0.816646
vt 0.508505 0.817023
vt 0.508505 0.828695
vt 0.507917 0.828977
vt 0.888753 0.804383
vt 0.889332 0.804277
vt 0.889289 0.807127
vt 0.888717 0.806878
vt 0.888717 0.802726
vt 0.889298 0.802402
vt 0.252293 0.782052
vt 0.252744 0.781741
vt 0.252744 0.792640
vt 0.252293 0.792395
vt 0.896684 0.447053
vt 0.896077 0.447164
vt 0.896077 0.443296
vt 0.896687 0.443667
vt 0.843880 0.558803
vt 0.845192 0.558811
vt 0.843714 0.561312
vt 0.845026 0.561319
vt 0.246969 0.782039
vt 0.246969 0.792168
vt 0.250833 0.793781
vt 0.248343 0.793775
vt 0.119172 0.793190
vt 0.333149 0.806389
vt 0.333815 0.803648
vt 0.335045 0.806855
vt 0.334364 0.802781
vt 0.796136 0.222465
vt 0.796136 0.234839
vt 0.793542 0.224165
vt 0.931803 0.681569
vt 0.931428 0.681558
vt 0.931428 0.680246
vt 0.793542 0.222454
vt 0.869821 0.464413
vt 0.702958 0.816073
vt 0.921966 0.078729
vt 0.267529 0.929240
vt 0.812880 0.565667
vt 0.861542 0.835666
vt 0.862080 0.836212
vt 0.931352 0.513678
vt 0.897977 0.323020
vt 0.356899 0.702159
vt 0.355659 0.701986
vt 0.356899 0.696042
vt 0.355634 0.696232
vt 0.922564 0.079040
vt 0.644985 0.469076
vt 0.645489 0.469252
vt 0.644985 0.472338
vt 0.544862 0.788075
vt 0.544862 0.777177
vt 0.798703 0.224160
vt 0.931803 0.680257
vt 0.798703 0.222449
vt 0.933340 0.241947
vt 0.875231 0.927872
vt 0.875651 0.927885
vt 0.875231 0.929185
vt 0.581878 0.911301
vt 0.581879 0.909658
vt 0.583168 0.910967
vt 0.868517 0.468332
vt 0.583168 0.909437
vt 0.869821 0.468143
vt 0.432017 0.900779
vt 0.875651 0.929199
vt 0.051909 0.830431
vt 0.843919 0.562819
vt 0.845229 0.562826
vt 0.825235 0.346253
vt 0.882549 0.170946
vt 0.883501 0.170857
vt 0.889828 0.268976
vt 0.858125 0.222449
vt 0.781012 0.380973
vt 0.860279 0.222449
vt 0.064002 0.679709
vt 0.782585 0.384297
vt 0.703543 0.827809
vt 0.702958 0.827379
vt 0.890517 0.558826
vt 0.889922 0.558970
vt 0.890426 0.557051
vt 0.889832 0.557403
vt 0.890415 0.561682
vt 0.889832 0.561471
vt 0.546509 0.789531
vt 0.333133 0.803169
vt 0.333291 0.802517
vt 0.333498 0.803259
vt 0.336318 0.796632
vt 0.336950 0.796787
vt 0.335566 0.799728
vt 0.332653 0.801463
vt 0.333214 0.799151
vt 0.334570 0.801933
vt 0.333426 0.803552
vt 0.336950 0.807771
vt 0.334942 0.807278
vt 0.920621 0.852386
vt 0.294186 0.923950
vt 0.295105 0.923802
vt 0.294177 0.925009
vt 0.861104 0.895696
vt 0.195249 0.686956
vt 0.916745 0.361978
vt 0.907709 0.907149
vt 0.295105 0.924800
vt 0.843795 0.564693
vt 0.845105 0.564700
vt 0.565779 0.907675
vt 0.565781 0.905701
vt 0.567091 0.905665
vt 0.567091 0.907639
vt 0.906392 0.891484
vt 0.906434 0.890797
vt 0.907746 0.890797
vt 0.907704 0.891484
vt 0.906489 0.892171
vt 0.907800 0.892171
vt 0.906456 0.892699
vt 0.907767 0.892699
vt 0.090340 0.841717
vt 0.090343 0.840644
vt 0.090964 0.840644
vt 0.794456 0.788597
vt 0.793870 0.788698
vt 0.793281 0.781687
vt 0.936270 0.055569
vt 0.936270 0.054571
vt 0.936817 0.054567
vt 0.936817 0.055566
vt 0.334421 0.938020
vt 0.334421 0.938852
vt 0.333876 0.938870
vt 0.333876 0.938038
vt 0.844368 0.941870
vt 0.844025 0.941484
vt 0.844368 0.941062
vt 0.189994 0.943402
vt 0.189643 0.943031
vt 0.189994 0.942613
vt 0.946331 0.361336
vt 0.946026 0.361326
vt 0.946026 0.360780
vt 0.946331 0.360790
vt 0.647038 0.944114
vt 0.646583 0.944112
vt 0.646583 0.943564
vt 0.647038 0.943567
vt 0.962712 0.758577
vt 0.962477 0.758569
vt 0.962477 0.758023
vt 0.962712 0.758031
vt 0.724199 0.036123
vt 0.724199 0.037583
vt 0.723100 0.037581
vt 0.505813 0.937453
vt 0.506389 0.937681
vt 0.505813 0.938110
vt 0.942669 0.205433
vt 0.942669 0.206032
vt 0.942123 0.206050
vt 0.942123 0.205451
vt 0.962746 0.473265
vt 0.962477 0.473264
vt 0.962477 0.472716
vt 0.962745 0.472718
vt 0.432562 0.931456
vt 0.432562 0.932571
vt 0.432017 0.932588
vt 0.432017 0.931474
vt 0.912295 0.032199
vt 0.912871 0.031480
vt 0.912295 0.033994
vt 0.912871 0.033803
vt 0.857983 0.265209
vt 0.858174 0.265374
vt 0.858169 0.269186
vt 0.093306 0.839736
vt 0.093549 0.839736
vt 0.093549 0.839891
vt 0.093304 0.840193
vt 0.090965 0.840375
vt 0.092122 0.840376
vt 0.094680 0.840866
vt 0.092126 0.839374
vt 0.092990 0.839375
vt 0.092987 0.840192
vt 0.093304 0.843236
vt 0.094680 0.842571
vt 0.093658 0.843371
vt 0.094683 0.843372
vt 0.826832 0.925012
vt 0.826999 0.926037
vt 0.826831 0.926042
vt 0.094838 0.842571
vt 0.094835 0.841722
vt 0.942328 0.190991
vt 0.942124 0.189963
vt 0.942328 0.189962
vt 0.371837 0.943968
vt 0.371837 0.943414
vt 0.372362 0.943824
vt 0.090964 0.842783
vt 0.093549 0.843535
vt 0.906033 0.727472
vt 0.906034 0.726468
vt 0.906578 0.727455
vt 0.723060 0.036121
vt 0.723100 0.039993
vt 0.722010 0.039991
vt 0.506389 0.938280
vt 0.919673 0.264852
vt 0.919664 0.264977
vt 0.919129 0.264842
vt 0.919119 0.264967
vt 0.826090 0.925004
vt 0.826090 0.926034
vt 0.889388 0.221644
vt 0.889995 0.221542
vt 0.889293 0.225188
vt 0.832660 0.174759
vt 0.833268 0.174766
vt 0.833268 0.175474
vt 0.919726 0.265481
vt 0.294177 0.875289
vt 0.295116 0.870606
vt 0.295116 0.874590
vt 0.919181 0.265471
vt 0.294177 0.869726
vt 0.919664 0.266287
vt 0.090965 0.843050
vt 0.092123 0.843051
vt 0.890233 0.909919
vt 0.891245 0.908077
vt 0.891245 0.910325
vt 0.875231 0.943648
vt 0.875317 0.943653
vt 0.875231 0.944193
vt 0.685292 0.292696
vt 0.684701 0.292696
vt 0.685307 0.292264
vt 0.684716 0.292264
vt 0.687379 0.292846
vt 0.792221 0.654328
vt 0.792273 0.646954
vt 0.792670 0.654330
vt 0.792721 0.646956
vt 0.832660 0.175383
vt 0.093658 0.840057
vt 0.094683 0.840058
vt 0.161865 0.944908
vt 0.161408 0.944894
vt 0.161865 0.944363
vt 0.094838 0.840867
vt 0.792681 0.781706
vt 0.315070 0.935913
vt 0.315070 0.936826
vt 0.314526 0.935944
vt 0.314526 0.936858
vt 0.890233 0.908310
vt 0.919615 0.264364
vt 0.134310 0.912719
vt 0.134165 0.913709
vt 0.133768 0.912656
vt 0.857978 0.269344
vt 0.687364 0.293278
vt 0.685450 0.295433
vt 0.942123 0.190992
vt 0.859604 0.265209
vt 0.859420 0.265374
vt 0.138152 0.978213
vt 0.138059 0.978185
vt 0.138152 0.977647
vt 0.724182 0.038356
vt 0.723221 0.038354
vt 0.919119 0.266277
vt 0.725291 0.037579
vt 0.791719 0.926030
vt 0.792332 0.925934
vt 0.791718 0.927119
vt 0.792332 0.927198
vt 0.977188 0.022240
vt 0.977340 0.022245
vt 0.977340 0.022791
vt 0.977188 0.022786
vt 0.152699 0.978196
vt 0.152593 0.978193
vt 0.152593 0.977647
vt 0.152698 0.977651
vt 0.007324 0.978208
vt 0.007220 0.978191
vt 0.007220 0.977647
vt 0.007324 0.977664
vt 0.133768 0.914779
vt 0.133613 0.913720
vt 0.134310 0.914695
vt 0.070877 0.943965
vt 0.071378 0.944022
vt 0.071378 0.944568
vt 0.070877 0.944511
vt 0.934414 0.408430
vt 0.934415 0.407443
vt 0.934960 0.407425
vt 0.934960 0.408412
vt 0.092987 0.843236
vt 0.092126 0.844045
vt 0.093659 0.843536
vt 0.875317 0.944198
vt 0.889891 0.225429
vt 0.726372 0.039986
vt 0.725330 0.036118
vt 0.726372 0.035493
vt 0.942154 0.443381
vt 0.942154 0.443925
vt 0.941666 0.443848
vt 0.941620 0.443296
vt 0.725291 0.039991
vt 0.859416 0.269186
vt 0.684859 0.295433
vt 0.922586 0.939714
vt 0.922150 0.939713
vt 0.922150 0.938868
vt 0.065470 0.978215
vt 0.065377 0.978183
vt 0.065470 0.977647
vt 0.722010 0.035498
vt 0.875414 0.943639
vt 0.857635 0.264364
vt 0.926804 0.008659
vt 0.926863 0.007980
vt 0.927348 0.008674
vt 0.052937 0.921514
vt 0.051909 0.922731
vt 0.051909 0.921535
vt 0.919677 0.266391
vt 0.725330 0.035496
vt 0.794912 0.647020
vt 0.723060 0.035499
vt 0.794862 0.654132
vt 0.977286 0.892850
vt 0.977188 0.892888
vt 0.977188 0.892316
vt 0.725135 0.038351
vt 0.937805 0.939428
vt 0.937198 0.939503
vt 0.937805 0.938801
vt 0.937198 0.938791
vt 0.889293 0.220993
vt 0.889885 0.220786
vt 0.093306 0.843689
vt 0.093550 0.843689
vt 0.875414 0.944184
vt 0.937430 0.907140
vt 0.937643 0.908346
vt 0.937430 0.908346
vt 0.093658 0.839891
vt 0.090343 0.842782
vt 0.962747 0.338108
vt 0.962477 0.338100
vt 0.962747 0.337563
vt 0.962477 0.337555
vt 0.205069 0.944096
vt 0.205558 0.944124
vt 0.205069 0.944641
vt 0.205558 0.944669
vt 0.906578 0.726451
vt 0.927349 0.007485
vt 0.927407 0.007995
vt 0.926804 0.007469
vt 0.793709 0.774645
vt 0.794296 0.774710
vt 0.793870 0.772241
vt 0.794456 0.772306
vt 0.133967 0.944879
vt 0.133967 0.945468
vt 0.133613 0.945446
vt 0.133613 0.944857
vt 0.809434 0.941340
vt 0.809434 0.941920
vt 0.808944 0.941911
vt 0.808897 0.941330
vt 0.618232 0.937379
vt 0.617617 0.937349
vt 0.617616 0.936589
vt 0.859900 0.264364
vt 0.922586 0.938868
vt 0.792718 0.639650
vt 0.792270 0.639648
vt 0.791718 0.774159
vt 0.792670 0.637848
vt 0.792221 0.637846
vt 0.794909 0.639972
vt 0.315473 0.884226
vt 0.314526 0.887915
vt 0.314526 0.884652
vt 0.315473 0.888784
vt 0.875606 0.944195
vt 0.875606 0.943651
vt 0.859599 0.269344
vt 0.826999 0.925008
vt 0.618232 0.936725
vt 0.052937 0.922711
vt 0.890256 0.054567
vt 0.890859 0.054768
vt 0.890859 0.059097
vt 0.890256 0.059315
vt 0.860566 0.927529
vt 0.859957 0.927396
vt 0.859956 0.926312
vt 0.860566 0.926272
vt 0.916747 0.347531
vt 0.916167 0.347243
vt 0.916167 0.345339
vt 0.916747 0.346061
vt 0.926826 0.007220
vt 0.920270 0.803884
vt 0.919190 0.803863
vt 0.919190 0.802595
vt 0.920270 0.802617
vt 0.315196 0.920010
vt 0.315597 0.920000
vt 0.315597 0.921270
vt 0.315195 0.921280
vt 0.927370 0.007236
vt 0.927193 0.189964
vt 0.927683 0.189962
vt 0.927683 0.191231
vt 0.927192 0.191233
vt 0.927615 0.191420
vt 0.927194 0.191421
vt 0.315150 0.921472
vt 0.314629 0.921466
vt 0.314526 0.921273
vt 0.315494 0.921463
vt 0.919315 0.802402
vt 0.920154 0.802418
vt 0.937643 0.907141
vt 0.092991 0.844046
vt 0.161408 0.944349
vt 0.624755 0.646282
vt 0.624755 0.626156
vt 0.630375 0.646177
vt 0.678582 0.054584
vt 0.752751 0.755113
vt 0.437897 0.652668
vt 0.625440 0.666570
vt 0.356028 0.624110
vt 0.763090 0.664692
vt 0.092542 0.654124
vt 0.745882 0.103486
vt 0.745954 0.101067
vt 0.746199 0.101068
vt 0.674968 0.324511
vt 0.675218 0.324510
vt 0.676014 0.328906
vt 0.663868 0.054567
vt 0.664141 0.054688
vt 0.664125 0.136275
vt 0.746126 0.103467
vt 0.564058 0.369916
vt 0.563811 0.369852
vt 0.571335 0.324704
vt 0.571590 0.324664
vt 0.746787 0.107147
vt 0.746534 0.107099
vt 0.675756 0.328858
vt 0.901727 0.348724
vt 0.901161 0.347032
vt 0.901412 0.347032
vt 0.901466 0.345386
vt 0.674968 0.373048
vt 0.675229 0.373075
vt 0.353476 0.451026
vt 0.357376 0.452993
vt 0.357356 0.536110
vt 0.897680 0.486926
vt 0.897435 0.482772
vt 0.897680 0.482817
vt 0.902977 0.245605
vt 0.902977 0.242017
vt 0.903218 0.245561
vt 0.353617 0.423633
vt 0.302730 0.389352
vt 0.354036 0.371418
vt 0.302689 0.469402
vt 0.285008 0.448458
vt 0.697587 0.587295
vt 0.697838 0.587273
vt 0.697838 0.636576
vt 0.251186 0.408633
vt 0.248201 0.405118
vt 0.263364 0.280086
vt 0.244839 0.406339
vt 0.189643 0.340267
vt 0.903218 0.241926
vt 0.746139 0.133399
vt 0.745882 0.133369
vt 0.357395 0.372860
vt 0.357383 0.422278
vt 0.355804 0.536663
vt 0.354236 0.537239
vt 0.329080 0.462489
vt 0.354073 0.366811
vt 0.357397 0.279569
vt 0.357397 0.365612
vt 0.875792 0.896718
vt 0.875547 0.896763
vt 0.875792 0.892603
vt 0.875547 0.892696
vt 0.563811 0.243441
vt 0.564073 0.243296
vt 0.675513 0.310060
vt 0.777532 0.637847
vt 0.777780 0.637846
vt 0.777780 0.665166
vt 0.675264 0.310061
vt 0.826090 0.889657
vt 0.826335 0.889657
vt 0.826335 0.894252
vt 0.895747 0.130851
vt 0.895746 0.126385
vt 0.895993 0.126341
vt 0.897435 0.486834
vt 0.826090 0.894243
vt 0.645815 0.310268
vt 0.645824 0.396114
vt 0.645574 0.396103
vt 0.645574 0.310061
vt 0.901921 0.512366
vt 0.901921 0.516037
vt 0.901680 0.516129
vt 0.895993 0.130759
vt 0.777530 0.665166
vt 0.663868 0.136258
vt 0.661414 0.486815
vt 0.661670 0.486789
vt 0.661670 0.569712
vt 0.661412 0.569701
vt 0.300906 0.473426
vt 0.901677 0.512390
vt 0.220369 0.900283
vt 0.220128 0.903822
vt 0.220128 0.900239
vt 0.281198 0.449844
vt 0.249489 0.411903
vt 0.697584 0.636565
vt 0.220369 0.903912
vt 0.901466 0.348679
vt 0.901727 0.345339
vt 0.175167 0.264093
vt 0.171207 0.179024
vt 0.175184 0.180971
vt 0.171752 0.099360
vt 0.175201 0.100793
vt 0.175190 0.150203
vt 0.159020 0.183761
vt 0.163176 0.146469
vt 0.171348 0.151615
vt 0.160968 0.103664
vt 0.080264 0.008745
vt 0.158566 0.016738
vt 0.084779 0.021132
vt 0.175202 0.093507
vt 0.171808 0.094757
vt 0.161136 0.082248
vt 0.120415 0.197438
vt 0.160507 0.228881
vt 0.173556 0.264680
vt 0.171959 0.265256
vt 0.118646 0.201469
vt 0.098911 0.177858
vt 0.067221 0.139941
vt 0.068920 0.136642
vt 0.107889 0.160220
vt 0.102733 0.176491
vt 0.065926 0.133145
vt 0.065987 0.116836
vt 0.062548 0.134349
vt 0.023729 0.063073
vt 0.132593 0.193340
vt 0.083260 0.131960
vt 0.175202 0.007220
vt 0.007220 0.068122
vt 0.783413 0.539449
vt 0.782165 0.539449
vt 0.782542 0.536650
vt 0.783393 0.536655
vt 0.783465 0.546912
vt 0.780261 0.546912
vt 0.783515 0.554201
vt 0.780015 0.554201
vt 0.161408 0.649308
vt 0.165157 0.625758
vt 0.166000 0.625841
vt 0.162254 0.649390
vt 0.539363 0.078412
vt 0.546337 0.080079
vt 0.539363 0.135163
vt 0.546338 0.132597
vt 0.553359 0.129993
vt 0.553364 0.081966
vt 0.163238 0.610492
vt 0.167060 0.610871
vt 0.167865 0.599370
vt 0.167475 0.604992
vt 0.161543 0.604404
vt 0.161408 0.598730
vt 0.571365 0.086789
vt 0.556018 0.129011
vt 0.788155 0.205908
vt 0.787785 0.203364
vt 0.789033 0.203364
vt 0.789006 0.205902
vt 0.789107 0.196584
vt 0.785903 0.196584
vt 0.785677 0.189962
vt 0.789178 0.189962
vt 0.118324 0.656040
vt 0.119172 0.656039
vt 0.119172 0.700859
vt 0.118321 0.700863
vt 0.571807 0.063971
vt 0.564784 0.008906
vt 0.571807 0.007220
vt 0.564784 0.061424
vt 0.557600 0.058839
vt 0.557600 0.010812
vt 0.565786 0.694704
vt 0.569625 0.694595
vt 0.566654 0.709686
vt 0.565807 0.709710
vt 0.571738 0.688643
vt 0.565779 0.688812
vt 0.565779 0.683178
vt 0.572266 0.682994
vt 0.554904 0.057865
vt 0.539363 0.015684
vt 0.504803 0.603404
vt 0.499691 0.574296
vt 0.506609 0.603446
vt 0.501420 0.573697
vt 0.499691 0.631883
vt 0.501433 0.632407
vt 0.746125 0.565196
vt 0.746139 0.536960
vt 0.747921 0.565608
vt 0.747921 0.536650
vt 0.683143 0.587883
vt 0.683143 0.636842
vt 0.681518 0.587273
vt 0.681518 0.637056
vt 0.371837 0.509551
vt 0.399524 0.560145
vt 0.371837 0.560380
vt 0.417576 0.509163
vt 0.730902 0.252624
vt 0.732707 0.222744
vt 0.732673 0.252276
vt 0.730902 0.222449
vt 0.676110 0.541673
vt 0.677885 0.487386
vt 0.677906 0.541360
vt 0.676110 0.486789
vt 0.748930 0.222449
vt 0.747163 0.250928
vt 0.747148 0.222784
vt 0.748930 0.251313
vt 0.704581 0.651647
vt 0.702958 0.691696
vt 0.702958 0.651497
vt 0.704581 0.692523
vt 0.545007 0.223904
vt 0.516946 0.223753
vt 0.545007 0.173074
vt 0.498646 0.172826
vt 0.388405 0.679879
vt 0.371837 0.684902
vt 0.371837 0.670655
vt 0.377866 0.670644
vt 0.388405 0.667058
vt 0.377866 0.667076
vt 0.789241 0.025502
vt 0.787174 0.026076
vt 0.787174 0.007220
vt 0.789236 0.008194
vt 0.810006 0.407794
vt 0.812023 0.407425
vt 0.812023 0.421378
vt 0.810015 0.420651
vt 0.832552 0.580185
vt 0.834379 0.580168
vt 0.834379 0.589696
vt 0.832551 0.588538
vt 0.507886 0.890377
vt 0.505815 0.889830
vt 0.505813 0.887546
vt 0.507886 0.888093
vt 0.488866 0.859520
vt 0.490692 0.859502
vt 0.490692 0.864280
vt 0.488866 0.864298
vt 0.754810 0.827723
vt 0.752751 0.828157
vt 0.752751 0.818054
vt 0.754821 0.818604
vt 0.441077 0.673475
vt 0.444443 0.673614
vt 0.439682 0.689514
vt 0.432017 0.667109
vt 0.442600 0.667546
vt 0.432017 0.689197
vt 0.780696 0.322603
vt 0.779188 0.323248
vt 0.779188 0.299944
vt 0.780696 0.301098
vt 0.837162 0.190605
vt 0.838942 0.189962
vt 0.838942 0.199129
vt 0.837156 0.198413
vt 0.008501 0.735322
vt 0.010367 0.735307
vt 0.008944 0.746487
vt 0.007220 0.745350
vt 0.008085 0.733169
vt 0.009949 0.733124
vt 0.008532 0.729277
vt 0.010394 0.729232
vt 0.007220 0.722506
vt 0.008865 0.721289
vt 0.835193 0.007220
vt 0.836544 0.007613
vt 0.835193 0.017039
vt 0.918556 0.241926
vt 0.918555 0.243331
vt 0.917659 0.242305
vt 0.053260 0.889674
vt 0.051909 0.889897
vt 0.053260 0.886376
vt 0.316493 0.552070
vt 0.319807 0.551680
vt 0.316487 0.553072
vt 0.432946 0.915220
vt 0.432945 0.916624
vt 0.432017 0.915612
vt 0.432017 0.917015
vt 0.826090 0.870404
vt 0.827442 0.870181
vt 0.826090 0.874822
vt 0.922399 0.829821
vt 0.922400 0.831183
vt 0.921754 0.829637
vt 0.298100 0.555057
vt 0.302162 0.554621
vt 0.311424 0.553659
vt 0.921754 0.830998
vt 0.836545 0.016815
vt 0.827442 0.875216
vt 0.319728 0.567270
vt 0.311429 0.552613
vt 0.302167 0.553652
vt 0.294177 0.567238
vt 0.917659 0.243709
vt 0.246969 0.721063
vt 0.248649 0.721093
vt 0.249662 0.733569
vt 0.251042 0.733834
vt 0.833341 0.111428
vt 0.833155 0.101291
vt 0.834649 0.111053
vt 0.834649 0.101046
vt 0.051909 0.885981
vt 0.114010 0.881158
vt 0.115362 0.881546
vt 0.114010 0.885597
vt 0.298105 0.554137
vt 0.294242 0.554518
vt 0.115362 0.885370
vt 0.926537 0.300104
vt 0.926538 0.301466
vt 0.925970 0.299944
vt 0.925970 0.301305
vt 0.754103 0.888365
vt 0.752751 0.887974
vt 0.754103 0.884335
vt 0.752751 0.884560
vt 0.747318 0.185532
vt 0.747318 0.154954
vt 0.748124 0.154953
vt 0.748124 0.185530
vt 0.776982 0.826991
vt 0.775823 0.819893
vt 0.777185 0.819885
vt 0.488866 0.917872
vt 0.489781 0.916818
vt 0.489782 0.918213
vt 0.246969 0.944257
vt 0.247177 0.944251
vt 0.247177 0.945058
vt 0.246969 0.945063
vt 0.814317 0.387169
vt 0.814931 0.390192
vt 0.813715 0.389464
vt 0.316487 0.581235
vt 0.319807 0.582616
vt 0.316493 0.582223
vt 0.007220 0.918144
vt 0.008168 0.917103
vt 0.008169 0.918496
vt 0.007220 0.916751
vt 0.776995 0.819241
vt 0.775741 0.815620
vt 0.777090 0.816057
vt 0.775633 0.819249
vt 0.747928 0.054571
vt 0.747594 0.086240
vt 0.747594 0.054567
vt 0.311424 0.580644
vt 0.302162 0.579674
vt 0.298100 0.579234
vt 0.775633 0.826553
vt 0.747928 0.086243
vt 0.302167 0.580629
vt 0.311429 0.581675
vt 0.582209 0.942498
vt 0.581878 0.942496
vt 0.581878 0.941691
vt 0.488866 0.916478
vt 0.318095 0.753057
vt 0.318095 0.778113
vt 0.317289 0.778088
vt 0.317289 0.753033
vt 0.249662 0.708528
vt 0.842754 0.802402
vt 0.842753 0.810488
vt 0.841338 0.802407
vt 0.737822 0.651497
vt 0.739241 0.652057
vt 0.737822 0.682631
vt 0.841338 0.810747
vt 0.794841 0.757800
vt 0.793390 0.757600
vt 0.793117 0.749868
vt 0.791718 0.749822
vt 0.472779 0.603805
vt 0.464867 0.603751
vt 0.472826 0.573783
vt 0.675714 0.392900
vt 0.674968 0.392969
vt 0.675714 0.387637
vt 0.705116 0.007232
vt 0.703915 0.013867
vt 0.703564 0.010600
vt 0.704125 0.033020
vt 0.704125 0.022260
vt 0.705132 0.038065
vt 0.910768 0.581240
vt 0.911519 0.581246
vt 0.911000 0.582324
vt 0.911750 0.582324
vt 0.703297 0.020047
vt 0.703915 0.020049
vt 0.703297 0.022257
vt 0.600185 0.923323
vt 0.599449 0.922203
vt 0.600185 0.922039
vt 0.856265 0.683576
vt 0.856874 0.685713
vt 0.856136 0.685552
vt 0.857010 0.683629
vt 0.856178 0.682402
vt 0.856923 0.682455
vt 0.856351 0.679743
vt 0.857098 0.679761
vt 0.856880 0.678780
vt 0.856136 0.678760
vt 0.599449 0.923487
vt 0.857113 0.517233
vt 0.856471 0.512366
vt 0.857215 0.512494
vt 0.856366 0.517246
vt 0.857215 0.517616
vt 0.856468 0.517630
vt 0.857174 0.519502
vt 0.856430 0.519374
vt 0.931924 0.346175
vt 0.931188 0.345503
vt 0.931924 0.345339
vt 0.931188 0.346339
vt 0.846895 0.717632
vt 0.846149 0.709169
vt 0.846895 0.709281
vt 0.846149 0.717664
vt 0.927312 0.031480
vt 0.927989 0.032803
vt 0.927312 0.032482
vt 0.706202 0.038057
vt 0.706107 0.033018
vt 0.707557 0.032973
vt 0.927989 0.031819
vt 0.707569 0.011346
vt 0.706315 0.013863
vt 0.706661 0.010596
vt 0.707569 0.013854
vt 0.901102 0.467531
vt 0.900354 0.464321
vt 0.901102 0.464249
vt 0.706315 0.020046
vt 0.706108 0.022258
vt 0.706661 0.007220
vt 0.900354 0.467489
vt 0.854181 0.325979
vt 0.852984 0.323020
vt 0.854320 0.323498
vt 0.852820 0.325950
vt 0.911000 0.580168
vt 0.854331 0.326549
vt 0.852970 0.326521
vt 0.911750 0.580182
vt 0.706924 0.022252
vt 0.706924 0.020042
vt 0.506546 0.923012
vt 0.505813 0.922835
vt 0.506546 0.921733
vt 0.911180 0.128793
vt 0.910433 0.128890
vt 0.911180 0.126376
vt 0.910433 0.126341
vt 0.927275 0.151316
vt 0.926537 0.151424
vt 0.927275 0.150139
vt 0.926537 0.150247
vt 0.899817 0.775571
vt 0.899071 0.775536
vt 0.899817 0.772318
vt 0.899071 0.772241
vt 0.352227 0.926383
vt 0.352224 0.927378
vt 0.351498 0.926541
vt 0.351498 0.927555
vt 0.505813 0.921555
vt 0.314526 0.863925
vt 0.315272 0.863828
vt 0.314526 0.869709
vt 0.315272 0.869786
vt 0.941613 0.580261
vt 0.941614 0.581008
vt 0.941229 0.580168
vt 0.941229 0.580915
vt 0.798482 0.377181
vt 0.797998 0.381235
vt 0.797026 0.377375
vt 0.799274 0.381222
vt 0.798260 0.392910
vt 0.797026 0.392440
vt 0.884632 0.464347
vt 0.885578 0.466158
vt 0.884262 0.466118
vt 0.885913 0.464249
vt 0.698539 0.551681
vt 0.700280 0.569336
vt 0.698511 0.569348
vt 0.704673 0.551640
vt 0.791718 0.909191
vt 0.792465 0.909268
vt 0.791718 0.911494
vt 0.792465 0.911397
vt 0.702642 0.011353
vt 0.702642 0.013861
vt 0.674968 0.387516
vt 0.460201 0.573697
vt 0.793390 0.742029
vt 0.794841 0.741920
vt 0.630812 0.690734
vt 0.629374 0.690796
vt 0.628927 0.682725
vt 0.739242 0.682264
vt 0.627558 0.682919
vt 0.628940 0.712112
vt 0.627558 0.711537
vt 0.480559 0.603751
vt 0.485250 0.573697
vt 0.703564 0.007225
vt 0.692347 0.551640
vt 0.696748 0.569336
vt 0.885913 0.468029
vt 0.884632 0.467851
vt 0.356907 0.791053
vt 0.355650 0.791354
vt 0.356906 0.772825
vt 0.355650 0.772341
vt 0.772865 0.884754
vt 0.772865 0.880657
vt 0.774118 0.884522
vt 0.774330 0.880569
vt 0.930538 0.773252
vt 0.929805 0.773074
vt 0.930538 0.772419
vt 0.929805 0.772241
vt 0.584233 0.825670
vt 0.584979 0.825573
vt 0.584233 0.835862
vt 0.584979 0.835941
vt 0.890911 0.925768
vt 0.890233 0.926087
vt 0.890911 0.924766
vt 0.702654 0.032980
vt 0.704029 0.038060
vt 0.890233 0.925104
vt 0.582209 0.941694
vt 0.298105 0.580141
vt 0.854157 0.329807
vt 0.852820 0.329328
vt 0.294242 0.579756
vt 0.747045 0.331682
vt 0.747045 0.299947
vt 0.747379 0.331680
vt 0.815646 0.387467
vt 0.815221 0.377339
vt 0.813715 0.377181
vt 0.251042 0.708324
vt 0.747379 0.299944
vt 0.484205 0.096865
vt 0.452985 0.185674
vt 0.482790 0.096862
vt 0.372048 0.154970
vt 0.452218 0.184032
vt 0.007398 0.535487
vt 0.033465 0.452101
vt 0.037287 0.453480
vt 0.690276 0.155501
vt 0.690276 0.204944
vt 0.688985 0.154953
vt 0.566029 0.490142
vt 0.571681 0.535594
vt 0.565779 0.490103
vt 0.372049 0.036546
vt 0.452985 0.007220
vt 0.372048 0.037973
vt 0.592012 0.202768
vt 0.585806 0.157953
vt 0.586260 0.157881
vt 0.591551 0.202923
vt 0.660265 0.426314
vt 0.660915 0.470452
vt 0.660657 0.470488
vt 0.660521 0.426258
vt 0.565779 0.634301
vt 0.565779 0.550035
vt 0.567061 0.633838
vt 0.009611 0.422401
vt 0.009206 0.370140
vt 0.055671 0.371573
vt 0.007256 0.535435
vt 0.007239 0.451050
vt 0.009752 0.449812
vt 0.247283 0.895963
vt 0.247230 0.897610
vt 0.246969 0.897656
vt 0.660729 0.424813
vt 0.661582 0.469504
vt 0.661094 0.469605
vt 0.661179 0.424665
vt 0.897439 0.031557
vt 0.897854 0.031480
vt 0.897405 0.033767
vt 0.897852 0.033543
vt 0.895879 0.302092
vt 0.895879 0.299944
vt 0.896294 0.302298
vt 0.036041 0.445034
vt 0.032324 0.427165
vt 0.045186 0.431808
vt 0.056539 0.400658
vt 0.066362 0.373704
vt 0.896293 0.300038
vt 0.007222 0.370970
vt 0.007233 0.421535
vt 0.550132 0.689111
vt 0.550679 0.715332
vt 0.550424 0.715368
vt 0.550383 0.689056
vt 0.550587 0.687662
vt 0.551338 0.714385
vt 0.550891 0.714479
vt 0.551027 0.687518
vt 0.571422 0.408891
vt 0.571681 0.409035
vt 0.591541 0.078412
vt 0.592012 0.078518
vt 0.890157 0.850658
vt 0.890580 0.855249
vt 0.890155 0.855244
vt 0.661152 0.421888
vt 0.660902 0.421895
vt 0.550915 0.685426
vt 0.550670 0.685414
vt 0.660742 0.407445
vt 0.660991 0.407437
vt 0.550633 0.683015
vt 0.550878 0.683007
vt 0.892303 0.616956
vt 0.892060 0.612799
vt 0.892304 0.614283
vt 0.892058 0.616911
vt 0.043670 0.396013
vt 0.897524 0.193595
vt 0.897733 0.191428
vt 0.897765 0.193638
vt 0.897527 0.189962
vt 0.890578 0.850655
vt 0.890657 0.874805
vt 0.890233 0.871774
vt 0.890657 0.871849
vt 0.890233 0.874593
vt 0.777027 0.769242
vt 0.776598 0.741925
vt 0.777025 0.741922
vt 0.776598 0.769244
vt 0.039862 0.446414
vt 0.100154 0.280988
vt 0.009150 0.365537
vt 0.007220 0.279696
vt 0.007220 0.364833
vt 0.545107 0.891257
vt 0.545527 0.888505
vt 0.545527 0.891047
vt 0.545106 0.888584
vt 0.892724 0.617033
vt 0.892724 0.614491
vt 0.661419 0.407425
vt 0.661582 0.421875
vt 0.551300 0.682994
vt 0.551338 0.685393
vt 0.898180 0.193714
vt 0.898180 0.191650
vt 0.171507 0.339330
vt 0.115017 0.403965
vt 0.116933 0.404657
vt 0.628389 0.238764
vt 0.629680 0.154953
vt 0.629680 0.239230
vt 0.629496 0.255736
vt 0.628194 0.305730
vt 0.628194 0.256280
vt 0.452218 0.008872
vt 0.075853 0.378852
vt 0.078215 0.447304
vt 0.060536 0.468247
vt 0.041072 0.454862
vt 0.043648 0.447796
vt 0.646971 0.486789
vt 0.646971 0.572832
vt 0.646726 0.486999
vt 0.372049 0.156376
vt 0.644121 0.155145
vt 0.644591 0.154953
vt 0.644121 0.240031
vt 0.644607 0.239990
vt 0.660527 0.392970
vt 0.660265 0.392984
vt 0.660527 0.310084
vt 0.660267 0.310061
vt 0.069284 0.405310
vt 0.112023 0.407462
vt 0.061650 0.470800
vt 0.007528 0.535534
vt 0.246969 0.894272
vt 0.247447 0.895674
vt 0.649427 0.138663
vt 0.648925 0.138706
vt 0.649385 0.054635
vt 0.648925 0.054567
vt 0.897198 0.035233
vt 0.897198 0.031601
vt 0.057924 0.436457
vt 0.544864 0.892741
vt 0.544862 0.888629
vt 0.080575 0.448157
vt 0.112997 0.409365
vt 0.695204 0.277809
vt 0.694945 0.277823
vt 0.695204 0.228540
vt 0.694949 0.228519
vt 0.693881 0.104944
vt 0.693424 0.104982
vt 0.693875 0.054625
vt 0.693424 0.054567
vt 0.667078 0.668692
vt 0.666826 0.668714
vt 0.667078 0.587273
vt 0.666809 0.587398
vt 0.674544 0.234711
vt 0.674095 0.234606
vt 0.674544 0.154953
vt 0.674066 0.155024
vt 0.890904 0.871892
vt 0.890902 0.876357
vt 0.890656 0.876265
vt 0.896537 0.300061
vt 0.896534 0.303797
vt 0.896293 0.303707
vt 0.777274 0.741920
vt 0.777278 0.769240
vt 0.890823 0.850653
vt 0.890823 0.855238
vt 0.688985 0.205414
vt 0.567070 0.550680
vt 0.247968 0.895962
vt 0.247942 0.896099
vt 0.247447 0.896252
vt 0.892304 0.612891
vt 0.628379 0.155593
vt 0.629496 0.306205
vt 0.247230 0.894317
vt 0.247940 0.895812
vt 0.545108 0.892648
vt 0.353609 0.178953
vt 0.329901 0.181385
vt 0.327326 0.174338
vt 0.319697 0.125395
vt 0.309677 0.104979
vt 0.249637 0.139819
vt 0.251333 0.136535
vt 0.281324 0.177735
vt 0.355962 0.264559
vt 0.357572 0.263967
vt 0.285143 0.176385
vt 0.302822 0.197332
vt 0.354365 0.265128
vt 0.301057 0.201345
vt 0.318184 0.161176
vt 0.319719 0.177092
vt 0.305443 0.165721
vt 0.306833 0.130116
vt 0.288372 0.111868
vt 0.298833 0.108222
vt 0.322294 0.184138
vt 0.326081 0.182787
vt 0.323506 0.175741
vt 0.248340 0.133038
vt 0.294087 0.134663
vt 0.262591 0.009041
vt 0.357607 0.093465
vt 0.357607 0.007220
vt 0.354210 0.094726
vt 0.354154 0.099327
vt 0.353750 0.151558
vt 0.244965 0.134228
vt 0.189643 0.068003
vt 0.331040 0.156458
vt 0.357596 0.150134
vt 0.357606 0.100748
vt 0.357589 0.180887
vt 0.114881 0.916514
vt 0.114010 0.918339
vt 0.114010 0.916518
vt 0.523695 0.905515
vt 0.524272 0.903016
vt 0.524270 0.905515
vt 0.382898 0.307040
vt 0.382113 0.306163
vt 0.372714 0.280495
vt 0.384646 0.305237
vt 0.252526 0.672836
vt 0.253088 0.599311
vt 0.253088 0.672833
vt 0.252542 0.599313
vt 0.763371 0.249705
vt 0.763374 0.222454
vt 0.764478 0.222449
vt 0.764478 0.249700
vt 0.587779 0.323127
vt 0.586031 0.323126
vt 0.587738 0.322426
vt 0.587738 0.317746
vt 0.586031 0.317044
vt 0.588728 0.317046
vt 0.906214 0.282961
vt 0.905680 0.285451
vt 0.905109 0.285453
vt 0.905109 0.282965
vt 0.586031 0.243296
vt 0.588728 0.243297
vt 0.408883 0.378108
vt 0.380365 0.307966
vt 0.444888 0.280495
vt 0.432995 0.305237
vt 0.442350 0.279569
vt 0.445760 0.279811
vt 0.587831 0.482599
vt 0.588780 0.488678
vt 0.586122 0.487976
vt 0.588367 0.374632
vt 0.586031 0.373687
vt 0.590532 0.488678
vt 0.590532 0.539212
vt 0.659048 0.237637
vt 0.659052 0.154955
vt 0.659625 0.154953
vt 0.118333 0.746401
vt 0.118346 0.719621
vt 0.118904 0.746390
vt 0.118308 0.717800
vt 0.119172 0.717783
vt 0.118910 0.719609
vt 0.507597 0.517603
vt 0.508115 0.517588
vt 0.508168 0.519884
vt 0.507621 0.519895
vt 0.118309 0.715321
vt 0.119172 0.715304
vt 0.586122 0.483298
vt 0.114573 0.918337
vt 0.691030 0.361572
vt 0.690455 0.360622
vt 0.691030 0.310061
vt 0.659625 0.237635
vt 0.676023 0.421924
vt 0.677086 0.421903
vt 0.676651 0.424411
vt 0.676052 0.468344
vt 0.676076 0.424423
vt 0.676630 0.468331
vt 0.588823 0.487977
vt 0.523163 0.903016
vt 0.692347 0.537199
vt 0.692354 0.486792
vt 0.692917 0.486789
vt 0.588194 0.540153
vt 0.435533 0.306163
vt 0.434746 0.307040
vt 0.437284 0.307966
vt 0.408893 0.385842
vt 0.691527 0.407425
vt 0.692103 0.457979
vt 0.691527 0.458929
vt 0.587831 0.408891
vt 0.590532 0.482600
vt 0.590532 0.408892
vt 0.905406 0.428705
vt 0.905407 0.426196
vt 0.906466 0.428705
vt 0.905978 0.426196
vt 0.588823 0.483299
vt 0.676026 0.407446
vt 0.677086 0.407425
vt 0.508160 0.558945
vt 0.507597 0.558956
vt 0.375247 0.279569
vt 0.371837 0.279811
vt 0.090340 0.917951
vt 0.090340 0.916112
vt 0.091203 0.917952
vt 0.090903 0.916112
vt 0.590436 0.322428
vt 0.692917 0.537196
vt 0.916580 0.660978
vt 0.916274 0.659157
vt 0.917146 0.659157
vt 0.246969 0.914393
vt 0.246975 0.912097
vt 0.247494 0.912102
vt 0.247515 0.914393
vt 0.917144 0.660978
vt 0.729795 0.887947
vt 0.729796 0.883280
vt 0.730665 0.883276
vt 0.730665 0.887942
vt 0.590436 0.317748
vt 0.494062 0.798573
vt 0.493236 0.798831
vt 0.493774 0.798036
vt 0.566693 0.394387
vt 0.566626 0.389975
vt 0.568347 0.394258
vt 0.646583 0.911813
vt 0.647680 0.911814
vt 0.646586 0.912296
vt 0.031878 0.799307
vt 0.032306 0.794748
vt 0.033130 0.799435
vt 0.647683 0.912297
vt 0.646586 0.912918
vt 0.030209 0.799148
vt 0.030636 0.794589
vt 0.647683 0.912919
vt 0.646583 0.913482
vt 0.028652 0.799008
vt 0.029080 0.794449
vt 0.861104 0.911816
vt 0.860047 0.911832
vt 0.861014 0.911271
vt 0.317672 0.829618
vt 0.317672 0.826007
vt 0.319087 0.829038
vt 0.859956 0.911287
vt 0.861014 0.910646
vt 0.315972 0.829636
vt 0.315972 0.826025
vt 0.859956 0.910661
vt 0.861104 0.910137
vt 0.314526 0.829085
vt 0.314526 0.825474
vt 0.916128 0.639501
vt 0.915031 0.639506
vt 0.916119 0.638923
vt 0.627566 0.786172
vt 0.627579 0.781595
vt 0.629087 0.786196
vt 0.915022 0.638928
vt 0.916119 0.638305
vt 0.625875 0.786172
vt 0.625888 0.781595
vt 0.915022 0.638310
vt 0.916128 0.637846
vt 0.624553 0.786196
vt 0.624565 0.781618
vt 0.494145 0.799180
vt 0.493319 0.799438
vt 0.568281 0.389847
vt 0.569951 0.394387
vt 0.565678 0.384560
vt 0.565447 0.390319
vt 0.563811 0.385105
vt 0.030915 0.789368
vt 0.028451 0.789147
vt 0.028130 0.794374
vt 0.026948 0.789027
vt 0.315504 0.822961
vt 0.629100 0.781618
vt 0.630312 0.776382
vt 0.629970 0.781658
vt 0.627903 0.776345
vt 0.625227 0.776345
vt 0.623133 0.776382
vt 0.492948 0.798294
vt 0.492589 0.799052
vt 0.033558 0.794876
vt 0.493169 0.799923
vt 0.492836 0.800131
vt 0.647680 0.913483
vt 0.492424 0.799997
vt 0.319087 0.825427
vt 0.492064 0.799563
vt 0.491871 0.798967
vt 0.860047 0.910153
vt 0.491906 0.798398
vt 0.492158 0.798036
vt 0.492546 0.797998
vt 0.915031 0.637851
vt 0.569885 0.389975
vt 0.568297 0.384357
vt 0.033558 0.789620
vt 0.318196 0.822934
vt 0.631689 0.776445
vt 0.570836 0.384560
vt 0.497245 0.797514
vt 0.494168 0.800271
vt 0.493938 0.798576
vt 0.497599 0.800122
vt 0.493752 0.801623
vt 0.848977 0.131477
vt 0.852052 0.129017
vt 0.852039 0.130738
vt 0.848997 0.128827
vt 0.852039 0.127402
vt 0.833204 0.377181
vt 0.830668 0.379938
vt 0.830086 0.378458
vt 0.834099 0.379459
vt 0.830668 0.381686
vt 0.834099 0.382151
vt 0.830086 0.383149
vt 0.851910 0.580168
vt 0.848820 0.582871
vt 0.848825 0.581298
vt 0.851903 0.582590
vt 0.848825 0.584608
vt 0.494282 0.793936
vt 0.493135 0.797078
vt 0.492013 0.796252
vt 0.496008 0.795208
vt 0.493370 0.799849
vt 0.493230 0.798819
vt 0.493117 0.800671
vt 0.492551 0.801024
vt 0.492821 0.802205
vt 0.491853 0.800797
vt 0.491672 0.801831
vt 0.491243 0.800061
vt 0.490669 0.800620
vt 0.490916 0.799050
vt 0.490130 0.798957
vt 0.490975 0.798085
vt 0.490228 0.797369
vt 0.491401 0.797472
vt 0.490929 0.796361
vt 0.492060 0.797407
vt 0.492742 0.797909
vt 0.889323 0.427704
vt 0.890901 0.426669
vt 0.890965 0.427704
vt 0.351498 0.895811
vt 0.353207 0.895021
vt 0.353202 0.895808
vt 0.351503 0.895024
vt 0.353207 0.893973
vt 0.351503 0.893976
vt 0.353202 0.892996
vt 0.492525 0.799661
vt 0.493135 0.800397
vt 0.492198 0.798650
vt 0.492257 0.797685
vt 0.676921 0.892165
vt 0.675203 0.893111
vt 0.675217 0.892160
vt 0.676906 0.893116
vt 0.675203 0.894167
vt 0.676906 0.894172
vt 0.675217 0.894994
vt 0.889228 0.428705
vt 0.890870 0.428705
vt 0.494512 0.798418
vt 0.494652 0.799448
vt 0.493995 0.799665
vt 0.494399 0.800270
vt 0.493662 0.799873
vt 0.493834 0.800624
vt 0.493250 0.799739
vt 0.492890 0.799305
vt 0.492697 0.798709
vt 0.492732 0.798140
vt 0.492984 0.797778
vt 0.492684 0.797072
vt 0.493372 0.797740
vt 0.493342 0.797006
vt 0.494024 0.797508
vt 0.496958 0.802205
vt 0.848977 0.126341
vt 0.833204 0.384402
vt 0.851910 0.585263
vt 0.889259 0.426669
vt 0.351498 0.892999
vt 0.676921 0.894999
vt 0.224060 0.799832
vt 0.223234 0.800090
vt 0.223772 0.799296
vt 0.678084 0.796212
vt 0.678018 0.791800
vt 0.679738 0.796084
vt 0.913699 0.323020
vt 0.914797 0.323022
vt 0.913703 0.323504
vt 0.436947 0.799060
vt 0.437375 0.794501
vt 0.438200 0.799188
vt 0.914800 0.323505
vt 0.913703 0.324126
vt 0.435278 0.798901
vt 0.435705 0.794342
vt 0.914800 0.324127
vt 0.913699 0.324690
vt 0.433721 0.798761
vt 0.434149 0.794203
vt 0.072025 0.913979
vt 0.070967 0.913995
vt 0.071934 0.913434
vt 0.732941 0.828868
vt 0.732941 0.825257
vt 0.734356 0.828288
vt 0.070877 0.913450
vt 0.071934 0.912809
vt 0.731241 0.828885
vt 0.731241 0.825275
vt 0.070877 0.912825
vt 0.072025 0.912300
vt 0.729795 0.828335
vt 0.729795 0.824724
vt 0.914840 0.743576
vt 0.913743 0.743581
vt 0.914831 0.742997
vt 0.570212 0.788021
vt 0.570225 0.783444
vt 0.571733 0.788044
vt 0.913734 0.743002
vt 0.914831 0.742380
vt 0.568521 0.788021
vt 0.568534 0.783444
vt 0.913734 0.742385
vt 0.914840 0.741920
vt 0.567199 0.788044
vt 0.567211 0.783467
vt 0.224142 0.800440
vt 0.223316 0.800698
vt 0.679672 0.791672
vt 0.681342 0.796212
vt 0.677069 0.786386
vt 0.676839 0.792144
vt 0.675203 0.786931
vt 0.435984 0.789121
vt 0.433520 0.788900
vt 0.433199 0.794127
vt 0.432017 0.788780
vt 0.730773 0.822211
vt 0.571746 0.783467
vt 0.572958 0.778231
vt 0.572616 0.783507
vt 0.570549 0.778194
vt 0.567873 0.778194
vt 0.565779 0.778231
vt 0.222946 0.799554
vt 0.222587 0.800312
vt 0.438627 0.794630
vt 0.223167 0.801183
vt 0.222834 0.801391
vt 0.914797 0.324691
vt 0.222422 0.801257
vt 0.734356 0.824677
vt 0.222062 0.800823
vt 0.221869 0.800227
vt 0.070967 0.912316
vt 0.221904 0.799658
vt 0.222156 0.799296
vt 0.222544 0.799257
vt 0.913743 0.741925
vt 0.681276 0.791800
vt 0.679688 0.786183
vt 0.438627 0.789373
vt 0.733465 0.822183
vt 0.574335 0.778294
vt 0.682228 0.786386
vt 0.227243 0.798774
vt 0.224166 0.801530
vt 0.223936 0.799836
vt 0.227597 0.801382
vt 0.223750 0.802883
vt 0.051909 0.850362
vt 0.054983 0.847902
vt 0.054971 0.849623
vt 0.051928 0.847712
vt 0.054971 0.846287
vt 0.620734 0.823739
vt 0.618198 0.826497
vt 0.617616 0.825017
vt 0.621629 0.826017
vt 0.618198 0.828245
vt 0.621629 0.828709
vt 0.617616 0.829707
vt 0.853156 0.151957
vt 0.850066 0.154661
vt 0.850070 0.153088
vt 0.853149 0.154379
vt 0.850070 0.156397
vt 0.224279 0.795196
vt 0.223133 0.798338
vt 0.222011 0.797512
vt 0.226006 0.796468
vt 0.223367 0.801109
vt 0.223228 0.800079
vt 0.223114 0.801931
vt 0.222549 0.802284
vt 0.222819 0.803465
vt 0.221850 0.802057
vt 0.221670 0.803091
vt 0.221241 0.801321
vt 0.220667 0.801880
vt 0.220913 0.800310
vt 0.220128 0.800217
vt 0.220972 0.799345
vt 0.220225 0.798629
vt 0.221399 0.798732
vt 0.220927 0.797620
vt 0.222058 0.798666
vt 0.222739 0.799168
vt 0.007316 0.901309
vt 0.008893 0.900275
vt 0.008957 0.901309
vt 0.189643 0.896531
vt 0.191352 0.895742
vt 0.191347 0.896529
vt 0.189648 0.895744
vt 0.191352 0.894694
vt 0.189648 0.894696
vt 0.191347 0.893717
vt 0.222523 0.800920
vt 0.223133 0.801656
vt 0.222196 0.799909
vt 0.222255 0.798944
vt 0.891951 0.890802
vt 0.890233 0.891748
vt 0.890248 0.890797
vt 0.891936 0.891753
vt 0.890233 0.892805
vt 0.891936 0.892810
vt 0.890248 0.893631
vt 0.007220 0.902311
vt 0.008862 0.902311
vt 0.224510 0.799678
vt 0.224650 0.800708
vt 0.223993 0.800925
vt 0.224397 0.801530
vt 0.223660 0.801133
vt 0.223831 0.801884
vt 0.223248 0.800999
vt 0.222888 0.800565
vt 0.222695 0.799969
vt 0.222730 0.799400
vt 0.222981 0.799038
vt 0.222682 0.798332
vt 0.223370 0.799000
vt 0.223340 0.798266
vt 0.224022 0.798768
vt 0.226956 0.803465
vt 0.051909 0.845226
vt 0.620734 0.830961
vt 0.853156 0.157052
vt 0.007251 0.900275
vt 0.189643 0.893720
vt 0.891951 0.893636
vt 0.055841 0.801407
vt 0.055015 0.801665
vt 0.055553 0.800870
vt 0.374719 0.797215
vt 0.374652 0.792803
vt 0.376373 0.797087
vt 0.267529 0.913128
vt 0.268626 0.913130
vt 0.267532 0.913612
vt 0.465132 0.798971
vt 0.465559 0.794413
vt 0.466384 0.799100
vt 0.268629 0.913613
vt 0.267532 0.914234
vt 0.463462 0.798812
vt 0.463890 0.794254
vt 0.268629 0.914235
vt 0.267529 0.914798
vt 0.461906 0.798672
vt 0.462333 0.794114
vt 0.461349 0.913056
vt 0.460292 0.913072
vt 0.461258 0.912512
vt 0.526309 0.829015
vt 0.526309 0.825404
vt 0.527724 0.828435
vt 0.460201 0.912528
vt 0.461258 0.911886
vt 0.524609 0.829033
vt 0.524609 0.825422
vt 0.460201 0.911902
vt 0.461349 0.911378
vt 0.523163 0.828482
vt 0.523163 0.824871
vt 0.915364 0.773896
vt 0.914267 0.773901
vt 0.915355 0.773318
vt 0.337086 0.782168
vt 0.337099 0.777591
vt 0.338607 0.782192
vt 0.914258 0.773323
vt 0.915355 0.772701
vt 0.335395 0.782168
vt 0.335408 0.777591
vt 0.914258 0.772706
vt 0.915364 0.772241
vt 0.334073 0.782192
vt 0.334085 0.777614
vt 0.055923 0.802014
vt 0.055097 0.802272
vt 0.376307 0.792675
vt 0.377977 0.797215
vt 0.373704 0.787389
vt 0.373473 0.793147
vt 0.371837 0.787933
vt 0.464169 0.789032
vt 0.461704 0.788811
vt 0.461384 0.794038
vt 0.460201 0.788691
vt 0.524141 0.822358
vt 0.338620 0.777614
vt 0.339832 0.772378
vt 0.339490 0.777654
vt 0.337423 0.772341
vt 0.334747 0.772341
vt 0.332653 0.772378
vt 0.054727 0.801128
vt 0.054368 0.801886
vt 0.466812 0.794541
vt 0.054948 0.802757
vt 0.054615 0.802966
vt 0.268626 0.914799
vt 0.054203 0.802831
vt 0.527724 0.824824
vt 0.053843 0.802397
vt 0.053650 0.801801
vt 0.460292 0.911394
vt 0.053685 0.801232
vt 0.053936 0.800871
vt 0.054325 0.800832
vt 0.914267 0.772246
vt 0.377911 0.792803
vt 0.376323 0.787186
vt 0.466812 0.789284
vt 0.526833 0.822331
vt 0.341209 0.772441
vt 0.378863 0.787389
vt 0.059024 0.800348
vt 0.055947 0.803105
vt 0.055717 0.801410
vt 0.059378 0.802957
vt 0.055531 0.804458
vt 0.617616 0.850537
vt 0.620691 0.848077
vt 0.620678 0.849798
vt 0.617636 0.847887
vt 0.620678 0.846462
vt 0.547980 0.826998
vt 0.545443 0.829755
vt 0.544862 0.828276
vt 0.548875 0.829276
vt 0.545443 0.831504
vt 0.548875 0.831968
vt 0.544862 0.832966
vt 0.851630 0.377181
vt 0.848540 0.379884
vt 0.848545 0.378311
vt 0.851623 0.379603
vt 0.848545 0.381621
vt 0.056060 0.796771
vt 0.054914 0.799913
vt 0.053792 0.799087
vt 0.057787 0.798042
vt 0.055148 0.802683
vt 0.055009 0.801653
vt 0.054895 0.803505
vt 0.054330 0.803859
vt 0.054600 0.805039
vt 0.053631 0.803631
vt 0.053451 0.804665
vt 0.053022 0.802895
vt 0.052448 0.803454
vt 0.052694 0.801884
vt 0.051909 0.801791
vt 0.052753 0.800919
vt 0.052006 0.800203
vt 0.053180 0.800307
vt 0.052708 0.799195
vt 0.053839 0.800241
vt 0.054520 0.800743
vt 0.114105 0.901073
vt 0.115682 0.900038
vt 0.115747 0.901073
vt 0.844025 0.895010
vt 0.845734 0.894221
vt 0.845729 0.895008
vt 0.844031 0.894224
vt 0.845734 0.893173
vt 0.844031 0.893175
vt 0.845729 0.892196
vt 0.054304 0.802495
vt 0.054914 0.803231
vt 0.053977 0.801484
vt 0.054036 0.800519
vt 0.583596 0.892162
vt 0.581878 0.893108
vt 0.581893 0.892157
vt 0.583581 0.893113
vt 0.581878 0.894165
vt 0.583581 0.894169
vt 0.581893 0.894991
vt 0.114010 0.902074
vt 0.115652 0.902074
vt 0.056291 0.801253
vt 0.056431 0.802282
vt 0.055774 0.802499
vt 0.056178 0.803105
vt 0.055440 0.802708
vt 0.055612 0.803458
vt 0.055028 0.802574
vt 0.054669 0.802140
vt 0.054476 0.801543
vt 0.054511 0.800974
vt 0.054762 0.800613
vt 0.054462 0.799906
vt 0.055151 0.800574
vt 0.055121 0.799840
vt 0.055803 0.800342
vt 0.058737 0.805039
vt 0.617616 0.845401
vt 0.547980 0.834219
vt 0.851630 0.382276
vt 0.114041 0.900038
vt 0.844025 0.892199
vt 0.583596 0.894996
vt 0.941520 0.597624
vt 0.941437 0.597689
vt 0.941437 0.596765
vt 0.941520 0.596822
vt 0.851509 0.450222
vt 0.850092 0.447944
vt 0.851576 0.447941
vt 0.850025 0.450225
vt 0.912949 0.484625
vt 0.912887 0.484773
vt 0.912346 0.484361
vt 0.912479 0.484267
vt 0.935964 0.426196
vt 0.935851 0.427631
vt 0.935851 0.426197
vt 0.935964 0.427629
vt 0.912121 0.483604
vt 0.912284 0.483611
vt 0.809353 0.653559
vt 0.810477 0.637848
vt 0.810477 0.653561
vt 0.809353 0.637846
vt 0.912346 0.482946
vt 0.912479 0.483040
vt 0.676110 0.556116
vt 0.677232 0.571831
vt 0.676110 0.571833
vt 0.677232 0.556114
vt 0.912887 0.482772
vt 0.912949 0.482889
vt 0.840114 0.647517
vt 0.839975 0.637849
vt 0.840164 0.637846
vt 0.839925 0.647520
vt 0.920907 0.426324
vt 0.921008 0.426196
vt 0.921410 0.426762
vt 0.921256 0.426815
vt 0.840164 0.648403
vt 0.839975 0.648406
vt 0.921410 0.427551
vt 0.921256 0.427500
vt 0.941351 0.378264
vt 0.941162 0.377183
vt 0.941351 0.377181
vt 0.818416 0.443298
vt 0.818605 0.458887
vt 0.818416 0.458888
vt 0.388316 0.930043
vt 0.388118 0.930186
vt 0.388100 0.929518
vt 0.028729 0.834796
vt 0.028401 0.835373
vt 0.027965 0.835377
vt 0.922757 0.922928
vt 0.922757 0.924427
vt 0.922150 0.924420
vt 0.922150 0.922921
vt 0.134850 0.895209
vt 0.134850 0.895795
vt 0.133621 0.895211
vt 0.133613 0.895826
vt 0.935914 0.709529
vt 0.936037 0.709532
vt 0.935931 0.710502
vt 0.617725 0.886395
vt 0.617725 0.889564
vt 0.617616 0.889562
vt 0.840109 0.663051
vt 0.839933 0.663050
vt 0.839925 0.662847
vt 0.840101 0.662848
vt 0.840101 0.664266
vt 0.839925 0.664265
vt 0.901799 0.659601
vt 0.901625 0.659600
vt 0.901659 0.659157
vt 0.901833 0.659159
vt 0.072116 0.897273
vt 0.072116 0.897859
vt 0.070884 0.897857
vt 0.912743 0.189962
vt 0.912751 0.190573
vt 0.912629 0.190576
vt 0.859430 0.407797
vt 0.859430 0.407440
vt 0.859868 0.407431
vt 0.070877 0.897242
vt 0.859868 0.407788
vt 0.028401 0.842243
vt 0.028729 0.842816
vt 0.027965 0.842246
vt 0.898166 0.170857
vt 0.897942 0.175132
vt 0.897942 0.170859
vt 0.898166 0.175130
vt 0.702958 0.903421
vt 0.703078 0.902962
vt 0.704458 0.903421
vt 0.704315 0.902962
vt 0.506224 0.904817
vt 0.506879 0.904984
vt 0.506454 0.907114
vt 0.506879 0.906906
vt 0.925620 0.126341
vt 0.926239 0.126492
vt 0.925620 0.127841
vt 0.926239 0.127729
vt 0.906900 0.829637
vt 0.907313 0.829838
vt 0.906671 0.831934
vt 0.026948 0.837675
vt 0.027606 0.839959
vt 0.026948 0.839965
vt 0.935931 0.709169
vt 0.936053 0.709172
vt 0.929363 0.324784
vt 0.929240 0.324783
vt 0.929363 0.323022
vt 0.861133 0.540284
vt 0.861504 0.537974
vt 0.861504 0.540283
vt 0.929240 0.323020
vt 0.646583 0.894952
vt 0.647813 0.894367
vt 0.647819 0.894982
vt 0.992079 0.037264
vt 0.991957 0.037265
vt 0.992079 0.036830
vt 0.861549 0.535684
vt 0.861133 0.537975
vt 0.861178 0.535685
vt 0.991957 0.036832
vt 0.646584 0.894367
vt 0.912615 0.171471
vt 0.912737 0.171468
vt 0.912607 0.173785
vt 0.912729 0.173782
vt 0.859404 0.059201
vt 0.859733 0.059194
vt 0.859404 0.059557
vt 0.851576 0.445633
vt 0.850025 0.443299
vt 0.851509 0.443296
vt 0.647374 0.897372
vt 0.859733 0.054933
vt 0.859404 0.054939
vt 0.859404 0.054583
vt 0.220242 0.863921
vt 0.220200 0.865096
vt 0.220128 0.863923
vt 0.432345 0.834939
vt 0.432017 0.834942
vt 0.432017 0.834367
vt 0.432017 0.841811
vt 0.432345 0.841809
vt 0.432017 0.842386
vt 0.859868 0.412049
vt 0.860196 0.412043
vt 0.860196 0.412399
vt 0.850092 0.445635
vt 0.860170 0.059185
vt 0.220314 0.865094
vt 0.977516 0.052393
vt 0.977188 0.052397
vt 0.977516 0.052035
vt 0.977188 0.052039
vt 0.859422 0.055233
vt 0.859751 0.055226
vt 0.854533 0.750007
vt 0.854533 0.749427
vt 0.854904 0.750006
vt 0.854904 0.749426
vt 0.854904 0.741921
vt 0.854904 0.742500
vt 0.854533 0.741921
vt 0.854533 0.742501
vt 0.943986 0.742500
vt 0.943986 0.741921
vt 0.944358 0.742501
vt 0.944358 0.741921
vt 0.388471 0.944627
vt 0.388471 0.945207
vt 0.388100 0.944627
vt 0.388100 0.945206
vt 0.432781 0.841805
vt 0.860170 0.059542
vt 0.860170 0.054567
vt 0.860170 0.054924
vt 0.432781 0.834361
vt 0.432781 0.834936
vt 0.646925 0.897372
vt 0.432781 0.842380
vt 0.792077 0.942408
vt 0.791718 0.941638
vt 0.792077 0.941643
vt 0.791718 0.942404
vt 0.854590 0.747142
vt 0.854961 0.747141
vt 0.854590 0.744833
vt 0.854961 0.744833
vt 0.859422 0.059851
vt 0.860188 0.059835
vt 0.861708 0.716093
vt 0.861353 0.713757
vt 0.861725 0.713758
vt 0.861336 0.716092
vt 0.861353 0.711449
vt 0.861725 0.711450
vt 0.861336 0.709169
vt 0.861708 0.709169
vt 0.860529 0.057758
vt 0.861188 0.057745
vt 0.860529 0.056337
vt 0.861188 0.056324
vt 0.433140 0.837223
vt 0.433798 0.837217
vt 0.433140 0.839512
vt 0.433798 0.839507
vt 0.333984 0.890079
vt 0.335098 0.890314
vt 0.334139 0.890354
vt 0.901605 0.683572
vt 0.901779 0.680690
vt 0.901779 0.683574
vt 0.843590 0.247421
vt 0.843468 0.247422
vt 0.843474 0.247061
vt 0.205569 0.911332
vt 0.205558 0.913095
vt 0.205447 0.911333
vt 0.943986 0.757522
vt 0.943986 0.756942
vt 0.944357 0.756941
vt 0.371844 0.894259
vt 0.373077 0.894845
vt 0.371837 0.894874
vt 0.856652 0.347620
vt 0.856445 0.349911
vt 0.856445 0.347621
vt 0.941618 0.102234
vt 0.941618 0.101047
vt 0.941740 0.102233
vt 0.855124 0.780324
vt 0.855124 0.779744
vt 0.855495 0.779745
vt 0.373076 0.894259
vt 0.853507 0.038406
vt 0.852043 0.036058
vt 0.853530 0.036060
vt 0.941740 0.101046
vt 0.855495 0.780325
vt 0.912363 0.009649
vt 0.912355 0.010258
vt 0.912241 0.009648
vt 0.929281 0.741935
vt 0.929545 0.741920
vt 0.929281 0.743435
vt 0.929545 0.743421
vt 0.886607 0.517059
vt 0.886228 0.517023
vt 0.886228 0.512716
vt 0.886607 0.512367
vt 0.891819 0.829637
vt 0.891803 0.830032
vt 0.891579 0.830032
vt 0.891449 0.829637
vt 0.886534 0.684936
vt 0.886160 0.684583
vt 0.886160 0.680277
vt 0.886534 0.680246
vt 0.545232 0.940189
vt 0.545124 0.940561
vt 0.544900 0.940558
vt 0.544862 0.940185
vt 0.544862 0.939578
vt 0.545232 0.939582
vt 0.887164 0.680247
vt 0.887164 0.684937
vt 0.904826 0.224169
vt 0.904435 0.223680
vt 0.904806 0.223672
vt 0.904455 0.224177
vt 0.824459 0.772242
vt 0.825024 0.786198
vt 0.824459 0.786199
vt 0.825024 0.772241
vt 0.826588 0.420782
vt 0.826871 0.407425
vt 0.826891 0.420782
vt 0.826568 0.407425
vt 0.837700 0.491379
vt 0.838879 0.482772
vt 0.838853 0.491360
vt 0.837726 0.482792
vt 0.837726 0.491826
vt 0.838879 0.491806
vt 0.813984 0.068420
vt 0.815136 0.054567
vt 0.815136 0.068411
vt 0.813984 0.054576
vt 0.926721 0.378340
vt 0.926175 0.377181
vt 0.926721 0.377187
vt 0.926175 0.378333
vt 0.837394 0.483084
vt 0.837369 0.491306
vt 0.827031 0.421068
vt 0.826464 0.421068
vt 0.813637 0.054857
vt 0.813637 0.068111
vt 0.926222 0.378660
vt 0.926514 0.378663
vt 0.812658 0.264366
vt 0.813632 0.279640
vt 0.812658 0.279641
vt 0.813632 0.264364
vt 0.852166 0.302295
vt 0.850678 0.304600
vt 0.850678 0.302293
vt 0.852166 0.304603
vt 0.843457 0.231850
vt 0.843685 0.222449
vt 0.843641 0.231847
vt 0.843501 0.222452
vt 0.843501 0.232620
vt 0.843685 0.232617
vt 0.822745 0.497925
vt 0.822928 0.482772
vt 0.822928 0.497924
vt 0.822745 0.482774
vt 0.675386 0.942014
vt 0.675203 0.942957
vt 0.675203 0.942016
vt 0.675386 0.942955
vt 0.887237 0.512366
vt 0.887237 0.517058
vt 0.904826 0.220786
vt 0.904455 0.220794
vt 0.891763 0.834304
vt 0.891539 0.834304
vt 0.921248 0.710481
vt 0.921474 0.710541
vt 0.921297 0.711073
vt 0.921248 0.709797
vt 0.921474 0.709753
vt 0.601407 0.890059
vt 0.601182 0.889984
vt 0.601182 0.888989
vt 0.601407 0.888911
vt 0.941247 0.596821
vt 0.941247 0.597623
vt 0.600674 0.888274
vt 0.600822 0.888088
vt 0.833187 0.466757
vt 0.833046 0.466671
vt 0.833608 0.466023
vt 0.833675 0.466194
vt 0.028062 0.898369
vt 0.028152 0.898540
vt 0.027468 0.898759
vt 0.027274 0.898622
vt 0.007396 0.934356
vt 0.007220 0.934355
vt 0.007229 0.933140
vt 0.007404 0.933141
vt 0.027185 0.899589
vt 0.026948 0.899579
vt 0.007220 0.932937
vt 0.007396 0.932938
vt 0.027468 0.900544
vt 0.027274 0.900680
vt 0.941162 0.378266
vt 0.333984 0.886910
vt 0.333876 0.886907
vt 0.028152 0.901064
vt 0.028062 0.901279
vt 0.921095 0.709290
vt 0.921297 0.709169
vt 0.931464 0.360780
vt 0.931585 0.360863
vt 0.931585 0.362030
vt 0.931464 0.362125
vt 0.921095 0.710942
vt 0.600821 0.890860
vt 0.600674 0.890679
vt 0.814552 0.037332
vt 0.813833 0.039308
vt 0.813843 0.038150
vt 0.814530 0.040126
vt 0.815524 0.040126
vt 0.816234 0.039308
vt 0.816243 0.038150
vt 0.815547 0.037332
vt 0.599957 0.890664
vt 0.599449 0.889950
vt 0.599449 0.888954
vt 0.599957 0.888260
vt 0.815601 0.037082
vt 0.814455 0.037082
vt 0.919951 0.408690
vt 0.919974 0.409532
vt 0.919659 0.408770
vt 0.919685 0.409741
vt 0.919974 0.407523
vt 0.919685 0.407425
vt 0.911200 0.300857
vt 0.910978 0.300120
vt 0.911529 0.300793
vt 0.911272 0.299944
vt 0.911200 0.301852
vt 0.911529 0.301941
vt 0.910978 0.302523
vt 0.911272 0.302714
vt 0.931188 0.362029
vt 0.931188 0.360863
vt 0.813637 0.038026
vt 0.900562 0.640733
vt 0.900211 0.637854
vt 0.900582 0.637846
vt 0.900191 0.640741
vt 0.886091 0.345340
vt 0.886720 0.350031
vt 0.886091 0.350032
vt 0.886720 0.345339
vt 0.828797 0.565126
vt 0.829168 0.564523
vt 0.829168 0.565130
vt 0.828797 0.564519
vt 0.886554 0.659157
vt 0.887184 0.663848
vt 0.886554 0.663848
vt 0.887184 0.659158
vt 0.900211 0.641238
vt 0.900582 0.641230
vt 0.900554 0.641507
vt 0.900330 0.641511
vt 0.886180 0.663809
vt 0.886180 0.659502
vt 0.829047 0.565586
vt 0.828823 0.565584
vt 0.885712 0.349683
vt 0.885712 0.345375
vt 0.524481 0.800656
vt 0.524572 0.797922
vt 0.527841 0.800672
vt 0.527932 0.797938
vt 0.267529 0.896268
vt 0.267530 0.895682
vt 0.268759 0.895682
vt 0.935061 0.850654
vt 0.935175 0.852086
vt 0.935061 0.852088
vt 0.205558 0.929655
vt 0.205436 0.929654
vt 0.205558 0.927893
vt 0.205436 0.927891
vt 0.161408 0.814605
vt 0.166122 0.814656
vt 0.161408 0.819686
vt 0.166122 0.819737
vt 0.161408 0.810874
vt 0.164766 0.810911
vt 0.294204 0.810944
vt 0.298648 0.810961
vt 0.294177 0.816218
vt 0.298621 0.816236
vt 0.294177 0.807027
vt 0.298621 0.807045
vt 0.523163 0.803705
vt 0.527880 0.803728
vt 0.523216 0.807867
vt 0.527932 0.807890
vt 0.221434 0.862477
vt 0.221227 0.861060
vt 0.221434 0.861056
vt 0.992079 0.052140
vt 0.991957 0.052141
vt 0.992079 0.051706
vt 0.991957 0.051708
vt 0.855495 0.772242
vt 0.855495 0.772821
vt 0.855124 0.772821
vt 0.860196 0.407781
vt 0.912233 0.010257
vt 0.221227 0.862481
vt 0.912621 0.192890
vt 0.220128 0.845177
vt 0.220128 0.840472
vt 0.224537 0.845219
vt 0.224537 0.840513
vt 0.852043 0.033750
vt 0.853530 0.033753
vt 0.268766 0.896298
vt 0.912355 0.007221
vt 0.912233 0.007220
vt 0.850704 0.306867
vt 0.852191 0.306870
vt 0.852019 0.031480
vt 0.853507 0.031482
vt 0.566464 0.922121
vt 0.566464 0.923619
vt 0.565779 0.922116
vt 0.565779 0.923613
vt 0.581878 0.927241
vt 0.581878 0.925742
vt 0.582301 0.927250
vt 0.389339 0.895150
vt 0.388995 0.897569
vt 0.388545 0.897569
vt 0.582301 0.925751
vt 0.388100 0.895180
vt 0.859071 0.410645
vt 0.859430 0.412058
vt 0.858412 0.410658
vt 0.855102 0.777471
vt 0.855474 0.775164
vt 0.855474 0.777472
vt 0.861178 0.542611
vt 0.618028 0.906576
vt 0.618028 0.905886
vt 0.618258 0.904280
vt 0.861549 0.542610
vt 0.855102 0.775164
vt 0.388316 0.928662
vt 0.388300 0.929464
vt 0.388118 0.928594
vt 0.825484 0.637847
vt 0.824918 0.651798
vt 0.824918 0.637846
vt 0.825484 0.651799
vt 0.824985 0.741920
vt 0.825262 0.755282
vt 0.824960 0.755282
vt 0.825287 0.741920
vt 0.840542 0.678779
vt 0.841669 0.687347
vt 0.840516 0.687367
vt 0.841695 0.678760
vt 0.841695 0.687794
vt 0.840542 0.687813
vt 0.812880 0.536659
vt 0.814031 0.550493
vt 0.812880 0.550502
vt 0.814031 0.536650
vt 0.926631 0.102546
vt 0.927177 0.101400
vt 0.927177 0.102552
vt 0.926631 0.101393
vt 0.508060 0.852004
vt 0.507716 0.851917
vt 0.508060 0.843418
vt 0.507716 0.843697
vt 0.824847 0.755588
vt 0.825412 0.755588
vt 0.814357 0.536925
vt 0.704717 0.209733
vt 0.705839 0.209743
vt 0.704717 0.213812
vt 0.705839 0.213822
vt 0.814357 0.550178
vt 0.926678 0.101046
vt 0.926970 0.101049
vt 0.814120 0.222450
vt 0.813144 0.237719
vt 0.813144 0.222449
vt 0.814120 0.237721
vt 0.859430 0.412415
vt 0.936053 0.710505
vt 0.843010 0.264367
vt 0.843150 0.273763
vt 0.842966 0.273766
vt 0.935894 0.725874
vt 0.936017 0.725877
vt 0.935911 0.726847
vt 0.936033 0.726850
vt 0.778144 0.727468
vt 0.774058 0.727424
vt 0.774058 0.721540
vt 0.778144 0.721584
vt 0.389230 0.859397
vt 0.388100 0.859398
vt 0.388100 0.853290
vt 0.389230 0.853289
vt 0.375954 0.838848
vt 0.371866 0.838801
vt 0.371837 0.833981
vt 0.375926 0.834028
vt 0.862019 0.084827
vt 0.860888 0.084826
vt 0.860888 0.078729
vt 0.862019 0.078730
vt 0.333876 0.890077
vt 0.388106 0.894565
vt 0.220128 0.859662
vt 0.220242 0.859660
vt 0.855461 0.345339
vt 0.855348 0.345340
vt 0.859131 0.283796
vt 0.859131 0.285293
vt 0.857635 0.283785
vt 0.857635 0.285282
vt 0.389338 0.894565
vt 0.268320 0.898688
vt 0.852019 0.038404
vt 0.506224 0.905508
vt 0.505824 0.907113
vt 0.505813 0.905606
vt 0.617616 0.886392
vt 0.205452 0.910972
vt 0.371866 0.833285
vt 0.375954 0.833333
vt 0.901605 0.680689
vt 0.618839 0.889799
vt 0.617880 0.889839
vt 0.619046 0.889369
vt 0.027965 0.834802
vt 0.843194 0.264364
vt 0.843194 0.274533
vt 0.843010 0.274536
vt 0.834396 0.466023
vt 0.091684 0.863921
vt 0.091514 0.862748
vt 0.091628 0.862747
vt 0.027606 0.837670
vt 0.858412 0.409238
vt 0.859071 0.409224
vt 0.935911 0.725514
vt 0.936033 0.725517
vt 0.818111 0.580168
vt 0.817922 0.595759
vt 0.817922 0.580169
vt 0.600502 0.907389
vt 0.600089 0.907597
vt 0.599860 0.905300
vt 0.617628 0.904279
vt 0.617616 0.905787
vt 0.294177 0.909361
vt 0.294289 0.908742
vt 0.295526 0.908742
vt 0.295677 0.909361
vt 0.618682 0.904481
vt 0.618682 0.906403
vt 0.818111 0.595758
vt 0.840042 0.751591
vt 0.839903 0.752480
vt 0.839853 0.751594
vt 0.927178 0.170857
vt 0.927636 0.171000
vt 0.927636 0.172237
vt 0.927178 0.172357
vt 0.840092 0.752478
vt 0.189643 0.834727
vt 0.189671 0.834032
vt 0.193731 0.834775
vt 0.193759 0.834080
vt 0.840092 0.741920
vt 0.839903 0.741923
vt 0.856652 0.349910
vt 0.855348 0.352210
vt 0.599860 0.905991
vt 0.599460 0.907598
vt 0.599449 0.906091
vt 0.091571 0.863922
vt 0.850985 0.009506
vt 0.852532 0.007220
vt 0.852470 0.009503
vt 0.193759 0.839595
vt 0.189671 0.839547
vt 0.859670 0.557053
vt 0.860801 0.557052
vt 0.860801 0.563159
vt 0.859670 0.563160
vt 0.294177 0.830677
vt 0.298263 0.830721
vt 0.298263 0.836605
vt 0.294177 0.836560
vt 0.860031 0.850653
vt 0.861162 0.850655
vt 0.861162 0.856752
vt 0.860031 0.856750
vt 0.090567 0.859914
vt 0.090340 0.861336
vt 0.090359 0.859916
vt 0.090548 0.861334
vt 0.810406 0.741922
vt 0.809282 0.757633
vt 0.809282 0.741920
vt 0.810406 0.757635
vt 0.810018 0.787959
vt 0.808897 0.772243
vt 0.810018 0.772241
vt 0.808897 0.787961
vt 0.091684 0.858487
vt 0.091571 0.858487
vt 0.935175 0.850653
vt 0.942933 0.482777
vt 0.942933 0.483105
vt 0.942574 0.482772
vt 0.858412 0.428646
vt 0.858412 0.427149
vt 0.859906 0.427161
vt 0.600502 0.905466
vt 0.859906 0.428659
vt 0.834359 0.466194
vt 0.907313 0.831760
vt 0.891072 0.078729
vt 0.892194 0.078739
vt 0.892194 0.082818
vt 0.891072 0.082807
vt 0.851047 0.007223
vt 0.941716 0.151225
vt 0.941905 0.150139
vt 0.941905 0.151223
vt 0.941716 0.150142
vt 0.850985 0.011815
vt 0.852470 0.011812
vt 0.851047 0.014149
vt 0.852532 0.014146
vt 0.731113 0.800509
vt 0.731205 0.797775
vt 0.734565 0.797791
vt 0.734473 0.800525
vt 0.843580 0.249184
vt 0.843596 0.249539
vt 0.843457 0.249184
vt 0.855124 0.772241
vt 0.860196 0.407425
vt 0.860215 0.408074
vt 0.859886 0.408081
vt 0.729795 0.803558
vt 0.734512 0.803580
vt 0.734565 0.807742
vt 0.729848 0.807720
vt 0.246996 0.812138
vt 0.251440 0.812156
vt 0.251413 0.817430
vt 0.246969 0.817412
vt 0.246969 0.808222
vt 0.251413 0.808239
vt 0.189643 0.814459
vt 0.194357 0.814510
vt 0.194357 0.819591
vt 0.189643 0.819540
vt 0.189643 0.810729
vt 0.193001 0.810765
vt 0.372283 0.897263
vt 0.488866 0.845020
vt 0.488866 0.840314
vt 0.493275 0.840356
vt 0.493275 0.845061
vt 0.334561 0.923579
vt 0.333876 0.923573
vt 0.334561 0.922081
vt 0.843474 0.249539
vt 0.977188 0.037236
vt 0.977516 0.037231
vt 0.977516 0.037590
vt 0.489048 0.932835
vt 0.488872 0.932834
vt 0.489042 0.932655
vt 0.852191 0.299946
vt 0.850704 0.299944
vt 0.977188 0.037594
vt 0.333876 0.922076
vt 0.488866 0.932653
vt 0.855461 0.352209
vt 0.912743 0.192887
vt 0.027965 0.842822
vt 0.912621 0.189964
vt 0.834837 0.466757
vt 0.854605 0.642436
vt 0.855909 0.644716
vt 0.855796 0.644717
vt 0.834343 0.468115
vt 0.833660 0.468115
vt 0.833181 0.467553
vt 0.854812 0.642434
vt 0.818605 0.443296
vt 0.912729 0.170857
vt 0.489042 0.934048
vt 0.488866 0.934046
vt 0.461441 0.896351
vt 0.461441 0.896937
vt 0.460209 0.896935
vt 0.912607 0.170860
vt 0.901639 0.680246
vt 0.460201 0.896320
vt 0.460643 0.893931
vt 0.854605 0.640146
vt 0.854812 0.640145
vt 0.704338 0.901780
vt 0.461093 0.893932
vt 0.162645 0.895372
vt 0.162645 0.895958
vt 0.161415 0.895374
vt 0.372733 0.897263
vt 0.161408 0.895990
vt 0.901813 0.680248
vt 0.921008 0.428101
vt 0.920907 0.427977
vt 0.834831 0.467553
vt 0.161849 0.898379
vt 0.901639 0.683971
vt 0.912088 0.150140
vt 0.912096 0.152568
vt 0.911966 0.150139
vt 0.906671 0.831244
vt 0.901813 0.683972
vt 0.906271 0.829638
vt 0.855796 0.637847
vt 0.906260 0.831146
vt 0.860215 0.412693
vt 0.859449 0.412708
vt 0.820569 0.007222
vt 0.820752 0.022372
vt 0.820569 0.022373
vt 0.820752 0.007220
vt 0.943987 0.323961
vt 0.943804 0.323023
vt 0.943987 0.323020
vt 0.162298 0.898378
vt 0.855909 0.637846
vt 0.912088 0.153177
vt 0.911974 0.152567
vt 0.405532 0.885339
vt 0.405532 0.888506
vt 0.403919 0.885459
vt 0.523416 0.888561
vt 0.524776 0.888297
vt 0.524587 0.888575
vt 0.403919 0.888345
vt 0.703102 0.901780
vt 0.704478 0.903918
vt 0.702978 0.903918
vt 0.404172 0.888770
vt 0.405342 0.888784
vt 0.335305 0.889884
vt 0.911966 0.153176
vt 0.941848 0.007222
vt 0.941970 0.007220
vt 0.941970 0.008408
vt 0.205575 0.910972
vt 0.943804 0.323963
vt 0.618839 0.886067
vt 0.617880 0.886107
vt 0.619046 0.886480
vt 0.267871 0.898688
vt 0.942574 0.483538
vt 0.942933 0.483542
vt 0.267529 0.945627
vt 0.267529 0.945047
vt 0.267900 0.945047
vt 0.524776 0.885130
vt 0.523416 0.884832
vt 0.524587 0.884847
vt 0.523163 0.885250
vt 0.523163 0.888136
vt 0.028729 0.842240
vt 0.901799 0.662485
vt 0.901833 0.662884
vt 0.901659 0.662882
vt 0.901625 0.662484
vt 0.934302 0.222179
vt 0.934308 0.220966
vt 0.934484 0.220968
vt 0.934478 0.222180
vt 0.934302 0.220786
vt 0.934478 0.220787
vt 0.134503 0.898215
vt 0.134054 0.898216
vt 0.071319 0.894854
vt 0.071769 0.894854
vt 0.294313 0.907560
vt 0.295550 0.907560
vt 0.335098 0.886582
vt 0.334139 0.886622
vt 0.335305 0.886995
vt 0.941848 0.008409
vt 0.205575 0.913450
vt 0.205452 0.913450
vt 0.205436 0.913096
vt 0.944357 0.757521
vt 0.404172 0.885041
vt 0.405342 0.885055
vt 0.267900 0.945627
vt 0.843596 0.247061
vt 0.028729 0.835371
vt 0.794491 0.687039
vt 0.792674 0.682943
vt 0.794573 0.683248
vt 0.491285 0.257922
vt 0.492660 0.257443
vt 0.494519 0.260496
vt 0.501674 0.251653
vt 0.501706 0.251562
vt 0.502585 0.252219
vt 0.497307 0.262583
vt 0.496709 0.263920
vt 0.493455 0.261485
vt 0.503093 0.255378
vt 0.503172 0.255413
vt 0.502583 0.256342
vt 0.501702 0.256949
vt 0.501671 0.256864
vt 0.502523 0.256277
vt 0.805447 0.196243
vt 0.803663 0.193024
vt 0.805494 0.192520
vt 0.500630 0.261279
vt 0.498103 0.260664
vt 0.499101 0.258198
vt 0.499666 0.251595
vt 0.500668 0.251310
vt 0.500670 0.251409
vt 0.786533 0.596042
vt 0.788211 0.597655
vt 0.786366 0.598359
vt 0.505303 0.259334
vt 0.503159 0.260811
vt 0.502208 0.258289
vt 0.490529 0.253774
vt 0.492012 0.253889
vt 0.503166 0.247709
vt 0.500643 0.247098
vt 0.500616 0.244911
vt 0.500662 0.249857
vt 0.502213 0.250233
vt 0.794573 0.694290
vt 0.792674 0.694728
vt 0.792585 0.691128
vt 0.497793 0.251050
vt 0.496912 0.252438
vt 0.494545 0.251293
vt 0.498749 0.252108
vt 0.498814 0.252181
vt 0.498244 0.253079
vt 0.498119 0.247564
vt 0.495978 0.249037
vt 0.494540 0.247437
vt 0.503529 0.251215
vt 0.875651 0.912306
vt 0.875562 0.912310
vt 0.875548 0.911244
vt 0.792840 0.679607
vt 0.794729 0.680123
vt 0.494037 0.253990
vt 0.498160 0.253036
vt 0.786366 0.580168
vt 0.788211 0.580613
vt 0.788369 0.584097
vt 0.502525 0.252288
vt 0.503173 0.253181
vt 0.492673 0.250375
vt 0.491299 0.249673
vt 0.506687 0.260850
vt 0.503894 0.262775
vt 0.794491 0.690917
vt 0.788367 0.595485
vt 0.509833 0.250208
vt 0.508552 0.250833
vt 0.506689 0.247786
vt 0.506735 0.257072
vt 0.507238 0.254372
vt 0.509207 0.254386
vt 0.503526 0.257381
vt 0.496907 0.255773
vt 0.497785 0.257214
vt 0.495962 0.259062
vt 0.504407 0.255991
vt 0.500600 0.263384
vt 0.786624 0.592477
vt 0.788452 0.592145
vt 0.803914 0.452084
vt 0.802004 0.451821
vt 0.802062 0.447661
vt 0.803976 0.447644
vt 0.493479 0.246243
vt 0.496734 0.244004
vt 0.497329 0.245518
vt 0.505305 0.249305
vt 0.507659 0.246652
vt 0.503903 0.245707
vt 0.786625 0.588209
vt 0.788453 0.588147
vt 0.792585 0.686989
vt 0.802005 0.443588
vt 0.803915 0.443296
vt 0.506735 0.251645
vt 0.497951 0.254146
vt 0.498043 0.254152
vt 0.498241 0.255237
vt 0.805632 0.189962
vt 0.786535 0.583887
vt 0.496601 0.254096
vt 0.803742 0.455940
vt 0.499660 0.256806
vt 0.499624 0.256889
vt 0.498744 0.256231
vt 0.500665 0.257050
vt 0.500674 0.254237
vt 0.805632 0.204831
vt 0.803666 0.200562
vt 0.805496 0.200566
vt 0.508553 0.257904
vt 0.509833 0.258460
vt 0.500654 0.258576
vt 0.500663 0.257141
vt 0.503293 0.254304
vt 0.503094 0.253219
vt 0.504406 0.244225
vt 0.795985 0.687129
vt 0.795985 0.690452
vt 0.500571 0.243296
vt 0.875636 0.913431
vt 0.504408 0.252654
vt 0.504716 0.254331
vt 0.503379 0.254303
vt 0.498157 0.255267
vt 0.875636 0.911204
vt 0.504396 0.264144
vt 0.507656 0.261898
vt 0.494535 0.256718
vt 0.803793 0.204558
vt 0.498809 0.256169
vt 0.875548 0.913398
vt 0.803619 0.196512
vt 0.499110 0.250144
vt 0.499629 0.251502
vt 0.800494 0.451293
vt 0.803792 0.190627
vt 0.801842 0.455433
vt 0.800543 0.447728
vt 0.800494 0.444238
vt 0.500552 0.264854
vt 0.751531 0.603353
vt 0.749473 0.587350
vt 0.751531 0.587273
vt 0.438885 0.712820
vt 0.441179 0.712973
vt 0.439217 0.718025
vt 0.749473 0.603430
vt 0.747682 0.587633
vt 0.443164 0.713659
vt 0.097872 0.752603
vt 0.096171 0.735905
vt 0.097872 0.735916
vt 0.444538 0.714773
vt 0.096171 0.752591
vt 0.094142 0.735901
vt 0.445091 0.716146
vt 0.094142 0.752587
vt 0.092095 0.735904
vt 0.722010 0.019173
vt 0.722560 0.017800
vt 0.727882 0.021052
vt 0.092095 0.752591
vt 0.090340 0.735914
vt 0.723931 0.016686
vt 0.144206 0.712080
vt 0.141310 0.699871
vt 0.142941 0.698982
vt 0.725915 0.016000
vt 0.142576 0.712969
vt 0.139314 0.700335
vt 0.728209 0.015847
vt 0.140579 0.713433
vt 0.137256 0.700305
vt 0.730464 0.016250
vt 0.138522 0.713403
vt 0.135450 0.699784
vt 0.732337 0.017147
vt 0.197173 0.747707
vt 0.195485 0.730994
vt 0.197173 0.731025
vt 0.733542 0.018403
vt 0.195485 0.747676
vt 0.193461 0.730982
vt 0.733897 0.019825
vt 0.193461 0.747664
vt 0.191410 0.730991
vt 0.433204 0.716798
vt 0.433556 0.715376
vt 0.191410 0.747673
vt 0.189643 0.731019
vt 0.434759 0.714120
vt 0.755204 0.603826
vt 0.753544 0.587412
vt 0.755204 0.587746
vt 0.436630 0.713223
vt 0.753544 0.603491
vt 0.138506 0.693832
vt 0.140182 0.694604
vt 0.138599 0.694580
vt 0.140563 0.693862
vt 0.141573 0.695005
vt 0.142369 0.694383
vt 0.142557 0.695722
vt 0.143648 0.695315
vt 0.142987 0.696647
vt 0.144206 0.696516
vt 0.142795 0.697638
vt 0.143958 0.697804
vt 0.142012 0.698545
vt 0.140757 0.699229
vt 0.139221 0.699586
vt 0.137637 0.699563
vt 0.136247 0.699162
vt 0.135262 0.698445
vt 0.134171 0.698852
vt 0.134833 0.697520
vt 0.133613 0.697651
vt 0.135024 0.696529
vt 0.133862 0.696363
vt 0.135807 0.695622
vt 0.134879 0.695185
vt 0.137062 0.694938
vt 0.136509 0.694296
vt 0.566101 0.730731
vt 0.566970 0.729133
vt 0.567053 0.730716
vt 0.566017 0.729148
vt 0.566732 0.727759
vt 0.772865 0.866128
vt 0.773862 0.864819
vt 0.773853 0.866128
vt 0.772873 0.864819
vt 0.773864 0.863257
vt 0.772876 0.863257
vt 0.773862 0.861681
vt 0.772873 0.861681
vt 0.773853 0.860330
vt 0.140682 0.698453
vt 0.141937 0.697769
vt 0.139146 0.698810
vt 0.137562 0.698787
vt 0.136172 0.698386
vt 0.007220 0.866701
vt 0.008231 0.865401
vt 0.008209 0.866700
vt 0.007243 0.865402
vt 0.008239 0.863844
vt 0.007251 0.863844
vt 0.008231 0.862265
vt 0.007243 0.862265
vt 0.008209 0.860905
vt 0.565779 0.733563
vt 0.566970 0.732267
vt 0.566732 0.733549
vt 0.566017 0.732281
vt 0.569771 0.728247
vt 0.569907 0.730817
vt 0.569385 0.726015
vt 0.684786 0.710767
vt 0.688005 0.710127
vt 0.686558 0.712269
vt 0.685677 0.709448
vt 0.688517 0.707601
vt 0.685992 0.707892
vt 0.688015 0.705074
vt 0.685683 0.706336
vt 0.686576 0.702933
vt 0.684797 0.705017
vt 0.684419 0.701501
vt 0.683468 0.704135
vt 0.681872 0.700999
vt 0.681900 0.703826
vt 0.679324 0.701501
vt 0.680330 0.704135
vt 0.677161 0.702933
vt 0.678998 0.705017
vt 0.675714 0.705074
vt 0.678107 0.706336
vt 0.675203 0.707601
vt 0.677792 0.707892
vt 0.675705 0.710127
vt 0.678101 0.709448
vt 0.677144 0.712269
vt 0.569771 0.733335
vt 0.569385 0.735416
vt 0.575580 0.727385
vt 0.575763 0.730861
vt 0.575057 0.724366
vt 0.738310 0.743816
vt 0.732849 0.744985
vt 0.732872 0.742111
vt 0.738293 0.745942
vt 0.732836 0.748414
vt 0.738283 0.748478
vt 0.732836 0.751875
vt 0.738283 0.751036
vt 0.732849 0.754840
vt 0.738293 0.753229
vt 0.732872 0.756860
vt 0.681799 0.697972
vt 0.685243 0.698651
vt 0.678352 0.698651
vt 0.749932 0.364368
vt 0.755455 0.364682
vt 0.755390 0.366532
vt 0.749980 0.362999
vt 0.755490 0.361829
vt 0.750006 0.360890
vt 0.755490 0.358409
vt 0.750006 0.358361
vt 0.755455 0.354942
vt 0.749980 0.355797
vt 0.755390 0.351956
vt 0.575580 0.734266
vt 0.575057 0.737081
vt 0.578571 0.727255
vt 0.578759 0.730830
vt 0.578033 0.724151
vt 0.729808 0.744877
vt 0.729832 0.741920
vt 0.729795 0.748403
vt 0.729795 0.751962
vt 0.729808 0.755012
vt 0.728779 0.090671
vt 0.727729 0.093446
vt 0.726494 0.090463
vt 0.729979 0.093571
vt 0.728162 0.096982
vt 0.730401 0.097009
vt 0.727729 0.100533
vt 0.729979 0.100462
vt 0.726494 0.103557
vt 0.758534 0.361917
vt 0.758498 0.364850
vt 0.758534 0.358399
vt 0.758498 0.354834
vt 0.758432 0.351763
vt 0.578571 0.734332
vt 0.578033 0.737227
vt 0.438434 0.703955
vt 0.441923 0.707407
vt 0.438588 0.707185
vt 0.442003 0.704193
vt 0.444809 0.708404
vt 0.380497 0.759657
vt 0.376834 0.762845
vt 0.376882 0.760104
vt 0.380446 0.762591
vt 0.376817 0.766132
vt 0.380428 0.766108
vt 0.376834 0.769464
vt 0.380446 0.769674
vt 0.376882 0.772334
vt 0.722010 0.008287
vt 0.725173 0.010434
vt 0.722289 0.011431
vt 0.813060 0.719364
vt 0.816765 0.715969
vt 0.816416 0.719227
vt 0.813433 0.715877
vt 0.816765 0.712623
vt 0.813433 0.712297
vt 0.816416 0.709700
vt 0.771237 0.189962
vt 0.767596 0.193165
vt 0.767614 0.190402
vt 0.771218 0.192919
vt 0.767590 0.196460
vt 0.771211 0.196445
vt 0.767596 0.199786
vt 0.771218 0.200004
vt 0.767614 0.202636
vt 0.432017 0.705978
vt 0.435311 0.707770
vt 0.432591 0.709075
vt 0.434927 0.704582
vt 0.371849 0.763968
vt 0.371882 0.762082
vt 0.371837 0.766229
vt 0.371849 0.768521
vt 0.371882 0.770496
vt 0.728507 0.010212
vt 0.731785 0.010798
vt 0.762569 0.194257
vt 0.762581 0.192356
vt 0.762565 0.196524
vt 0.762569 0.198812
vt 0.762581 0.200772
vt 0.747682 0.603712
vt 0.090340 0.752601
vt 0.136716 0.712882
vt 0.189643 0.747701
vt 0.565779 0.727773
vt 0.772865 0.860331
vt 0.007220 0.860906
vt 0.678988 0.710767
vt 0.738310 0.754722
vt 0.749932 0.353590
vt 0.728779 0.103403
vt 0.445091 0.705260
vt 0.380497 0.772745
vt 0.725095 0.007220
vt 0.813060 0.709169
vt 0.771237 0.203054
vt 0.734507 0.012102
vt 0.751191 0.502869
vt 0.749132 0.486867
vt 0.751191 0.486789
vt 0.653451 0.714911
vt 0.655745 0.715064
vt 0.653783 0.720116
vt 0.749132 0.502947
vt 0.747342 0.487149
vt 0.657730 0.715749
vt 0.710490 0.752873
vt 0.708789 0.736176
vt 0.710490 0.736187
vt 0.659104 0.716864
vt 0.708789 0.752862
vt 0.706760 0.736171
vt 0.659657 0.718236
vt 0.706760 0.752858
vt 0.704712 0.736175
vt 0.720380 0.166905
vt 0.720931 0.165532
vt 0.726253 0.168784
vt 0.704712 0.752861
vt 0.702958 0.736185
vt 0.722302 0.164418
vt 0.304770 0.709721
vt 0.301874 0.697513
vt 0.303505 0.696624
vt 0.724285 0.163733
vt 0.303139 0.710610
vt 0.299878 0.697977
vt 0.726579 0.163579
vt 0.301143 0.711075
vt 0.297820 0.697947
vt 0.728834 0.163982
vt 0.299086 0.711044
vt 0.296014 0.697426
vt 0.730707 0.164880
vt 0.439546 0.749191
vt 0.437859 0.732478
vt 0.439546 0.732509
vt 0.731913 0.166135
vt 0.437859 0.749160
vt 0.435835 0.732466
vt 0.732267 0.167558
vt 0.435835 0.749148
vt 0.433784 0.732474
vt 0.647770 0.718889
vt 0.648122 0.717467
vt 0.433784 0.749156
vt 0.432017 0.732502
vt 0.649325 0.716211
vt 0.754864 0.503342
vt 0.753203 0.486928
vt 0.754864 0.487262
vt 0.651196 0.715314
vt 0.753203 0.503008
vt 0.299069 0.691473
vt 0.300746 0.692246
vt 0.299162 0.692222
vt 0.301127 0.691504
vt 0.302136 0.692647
vt 0.302933 0.692025
vt 0.303121 0.693364
vt 0.304212 0.692957
vt 0.303550 0.694289
vt 0.304770 0.694158
vt 0.303359 0.695280
vt 0.304522 0.695446
vt 0.302576 0.696186
vt 0.301321 0.696871
vt 0.299785 0.697228
vt 0.298201 0.697205
vt 0.296811 0.696804
vt 0.295826 0.696086
vt 0.294735 0.696494
vt 0.295397 0.695162
vt 0.294177 0.695292
vt 0.295588 0.694171
vt 0.294425 0.694005
vt 0.296371 0.693264
vt 0.295443 0.692827
vt 0.297626 0.692580
vt 0.297073 0.691938
vt 0.294499 0.732096
vt 0.295368 0.730498
vt 0.295451 0.732081
vt 0.294415 0.730513
vt 0.295130 0.729124
vt 0.866972 0.013018
vt 0.867969 0.011709
vt 0.867961 0.013018
vt 0.866981 0.011709
vt 0.867972 0.010147
vt 0.866984 0.010147
vt 0.867969 0.008571
vt 0.866981 0.008571
vt 0.867961 0.007220
vt 0.301246 0.696095
vt 0.302501 0.695410
vt 0.299710 0.696452
vt 0.298126 0.696429
vt 0.296736 0.696028
vt 0.114010 0.866717
vt 0.115021 0.865417
vt 0.114998 0.866716
vt 0.114033 0.865418
vt 0.115029 0.863860
vt 0.114041 0.863860
vt 0.115021 0.862281
vt 0.114033 0.862281
vt 0.114998 0.860921
vt 0.294177 0.734928
vt 0.295368 0.733632
vt 0.295130 0.734914
vt 0.294415 0.733646
vt 0.298169 0.729612
vt 0.298305 0.732182
vt 0.297783 0.727380
vt 0.199226 0.715039
vt 0.202446 0.714400
vt 0.200999 0.716541
vt 0.200117 0.713720
vt 0.202957 0.711873
vt 0.200433 0.712164
vt 0.202455 0.709347
vt 0.200123 0.710608
vt 0.201016 0.707205
vt 0.199237 0.709289
vt 0.198859 0.705774
vt 0.197909 0.708407
vt 0.196313 0.705271
vt 0.196340 0.708098
vt 0.193764 0.705774
vt 0.194771 0.708407
vt 0.191602 0.707205
vt 0.193439 0.709289
vt 0.190155 0.709347
vt 0.192547 0.710608
vt 0.189643 0.711873
vt 0.192232 0.712164
vt 0.190145 0.714400
vt 0.192542 0.713720
vt 0.191584 0.716541
vt 0.298169 0.734700
vt 0.297783 0.736781
vt 0.303978 0.728750
vt 0.304161 0.732226
vt 0.303455 0.725731
vt 0.531678 0.743945
vt 0.526217 0.745114
vt 0.526240 0.742239
vt 0.531661 0.746071
vt 0.526204 0.748542
vt 0.531651 0.748606
vt 0.526204 0.752003
vt 0.531651 0.751165
vt 0.526217 0.754969
vt 0.531661 0.753358
vt 0.526240 0.756988
vt 0.196239 0.702244
vt 0.199683 0.702924
vt 0.192792 0.702924
vt 0.750900 0.420029
vt 0.756423 0.420343
vt 0.756358 0.422194
vt 0.750948 0.418661
vt 0.756458 0.417490
vt 0.750974 0.416552
vt 0.756458 0.414070
vt 0.750974 0.414023
vt 0.756423 0.410603
vt 0.750948 0.411459
vt 0.756358 0.407617
vt 0.303978 0.735631
vt 0.303455 0.738446
vt 0.306969 0.728620
vt 0.307157 0.732195
vt 0.306431 0.725516
vt 0.523176 0.745005
vt 0.523200 0.742049
vt 0.523163 0.748532
vt 0.523163 0.752091
vt 0.523176 0.755141
vt 0.798451 0.152165
vt 0.797401 0.154940
vt 0.796166 0.151957
vt 0.799652 0.155065
vt 0.797834 0.158476
vt 0.800073 0.158503
vt 0.797401 0.162026
vt 0.799652 0.161956
vt 0.796166 0.165051
vt 0.759503 0.417578
vt 0.759466 0.420512
vt 0.759503 0.414061
vt 0.759466 0.410495
vt 0.759400 0.407425
vt 0.306969 0.735697
vt 0.306431 0.738592
vt 0.653000 0.706046
vt 0.656489 0.709498
vt 0.653154 0.709275
vt 0.656569 0.706284
vt 0.659375 0.710495
vt 0.276188 0.759020
vt 0.272525 0.762208
vt 0.272573 0.759467
vt 0.276137 0.761954
vt 0.272509 0.765495
vt 0.276119 0.765471
vt 0.272525 0.768827
vt 0.276137 0.769037
vt 0.272573 0.771697
vt 0.720380 0.156020
vt 0.723543 0.158167
vt 0.720659 0.159164
vt 0.815450 0.136536
vt 0.819156 0.133141
vt 0.818807 0.136399
vt 0.815823 0.133050
vt 0.819156 0.129796
vt 0.815823 0.129470
vt 0.818807 0.126872
vt 0.302849 0.753033
vt 0.299208 0.756235
vt 0.299226 0.753472
vt 0.302830 0.755989
vt 0.299202 0.759530
vt 0.302823 0.759515
vt 0.299208 0.762856
vt 0.302830 0.763074
vt 0.299226 0.765706
vt 0.646583 0.708069
vt 0.649877 0.709861
vt 0.647157 0.711166
vt 0.649493 0.706673
vt 0.267540 0.763331
vt 0.267573 0.761445
vt 0.267529 0.765592
vt 0.267540 0.767884
vt 0.267573 0.769858
vt 0.726877 0.157944
vt 0.730155 0.158530
vt 0.294181 0.757327
vt 0.294193 0.755427
vt 0.294177 0.759594
vt 0.294181 0.761882
vt 0.294193 0.763843
vt 0.747342 0.503229
vt 0.702958 0.752872
vt 0.297280 0.710523
vt 0.432017 0.749184
vt 0.294177 0.729138
vt 0.866972 0.007221
vt 0.114010 0.860922
vt 0.193428 0.715039
vt 0.531678 0.754851
vt 0.750900 0.409251
vt 0.798451 0.164897
vt 0.659657 0.707351
vt 0.276188 0.772108
vt 0.723466 0.154953
vt 0.815450 0.126341
vt 0.302849 0.766124
vt 0.732878 0.159835
vt 0.752797 0.023300
vt 0.750739 0.007298
vt 0.752797 0.007220
vt 0.033816 0.708274
vt 0.036110 0.708428
vt 0.034148 0.713480
vt 0.750739 0.023378
vt 0.748948 0.007580
vt 0.038095 0.709113
vt 0.654114 0.751258
vt 0.652413 0.734561
vt 0.654114 0.734572
vt 0.039469 0.710227
vt 0.652413 0.751247
vt 0.650385 0.734556
vt 0.040022 0.711600
vt 0.650385 0.751243
vt 0.648337 0.734560
vt 0.720380 0.195178
vt 0.720931 0.193805
vt 0.726253 0.197057
vt 0.648337 0.751246
vt 0.646583 0.734570
vt 0.722302 0.192691
vt 0.278122 0.711867
vt 0.275226 0.699658
vt 0.276856 0.698769
vt 0.724285 0.192005
vt 0.276491 0.712756
vt 0.273230 0.700123
vt 0.726579 0.191852
vt 0.274495 0.713220
vt 0.271172 0.700092
vt 0.728834 0.192255
vt 0.272437 0.713190
vt 0.269366 0.699571
vt 0.730707 0.193152
vt 0.467731 0.749400
vt 0.466043 0.732687
vt 0.467731 0.732718
vt 0.731913 0.194408
vt 0.466043 0.749369
vt 0.464020 0.732675
vt 0.732267 0.195830
vt 0.464020 0.749357
vt 0.461968 0.732684
vt 0.028135 0.712253
vt 0.028487 0.710831
vt 0.461968 0.749366
vt 0.460201 0.732711
vt 0.029690 0.709575
vt 0.756470 0.023773
vt 0.754809 0.007359
vt 0.756470 0.007694
vt 0.031561 0.708677
vt 0.754809 0.023439
vt 0.272421 0.693619
vt 0.274098 0.694391
vt 0.272514 0.694368
vt 0.274479 0.693649
vt 0.275488 0.694792
vt 0.276285 0.694170
vt 0.276473 0.695509
vt 0.277564 0.695102
vt 0.276902 0.696434
vt 0.278122 0.696304
vt 0.276711 0.697425
vt 0.277873 0.697591
vt 0.275928 0.698332
vt 0.274673 0.699016
vt 0.273136 0.699374
vt 0.271553 0.699350
vt 0.270163 0.698949
vt 0.269178 0.698232
vt 0.268087 0.698639
vt 0.268749 0.697307
vt 0.267529 0.697438
vt 0.268940 0.696316
vt 0.267777 0.696150
vt 0.269723 0.695409
vt 0.268794 0.694972
vt 0.270978 0.694725
vt 0.270425 0.694083
vt 0.600458 0.728169
vt 0.601327 0.726571
vt 0.601410 0.728154
vt 0.600374 0.726586
vt 0.601089 0.725197
vt 0.866017 0.449094
vt 0.867014 0.447784
vt 0.867006 0.449094
vt 0.866025 0.447785
vt 0.867017 0.446223
vt 0.866028 0.446223
vt 0.867014 0.444647
vt 0.866025 0.444647
vt 0.867006 0.443296
vt 0.274598 0.698240
vt 0.275853 0.697556
vt 0.273062 0.698598
vt 0.271478 0.698574
vt 0.270088 0.698173
vt 0.865955 0.106842
vt 0.866966 0.105542
vt 0.866943 0.106841
vt 0.865977 0.105543
vt 0.866974 0.103985
vt 0.865985 0.103985
vt 0.866966 0.102406
vt 0.865977 0.102406
vt 0.866943 0.101046
vt 0.600136 0.731001
vt 0.601327 0.729705
vt 0.601089 0.730987
vt 0.600374 0.729719
vt 0.604129 0.725685
vt 0.604264 0.728255
vt 0.603742 0.723453
vt 0.170991 0.714980
vt 0.174210 0.714340
vt 0.172763 0.716482
vt 0.171882 0.713661
vt 0.174722 0.711814
vt 0.172197 0.712105
vt 0.174220 0.709287
vt 0.171888 0.710549
vt 0.172781 0.707145
vt 0.171002 0.709229
vt 0.170624 0.705714
vt 0.169673 0.708348
vt 0.168077 0.705212
vt 0.168105 0.708038
vt 0.165529 0.705714
vt 0.166535 0.708348
vt 0.163366 0.707145
vt 0.165203 0.709229
vt 0.161919 0.709287
vt 0.164312 0.710549
vt 0.161408 0.711814
vt 0.163997 0.712105
vt 0.161910 0.714340
vt 0.164306 0.713661
vt 0.163349 0.716482
vt 0.604129 0.730773
vt 0.603742 0.732854
vt 0.609937 0.724823
vt 0.610120 0.728299
vt 0.609414 0.721804
vt 0.412434 0.744326
vt 0.406972 0.745495
vt 0.406996 0.742621
vt 0.412417 0.746452
vt 0.406960 0.748924
vt 0.412407 0.748988
vt 0.406960 0.752385
vt 0.412407 0.751546
vt 0.406972 0.755350
vt 0.412417 0.753739
vt 0.406996 0.757370
vt 0.168004 0.702184
vt 0.171448 0.702864
vt 0.164557 0.702864
vt 0.750900 0.719569
vt 0.756423 0.719883
vt 0.756358 0.721733
vt 0.750948 0.718200
vt 0.756458 0.717030
vt 0.750974 0.716091
vt 0.756458 0.713610
vt 0.750974 0.713562
vt 0.756423 0.710143
vt 0.750948 0.710998
vt 0.756358 0.707157
vt 0.609937 0.731704
vt 0.609414 0.734519
vt 0.612928 0.724693
vt 0.613117 0.728268
vt 0.612391 0.721589
vt 0.403932 0.745387
vt 0.403956 0.742431
vt 0.403919 0.748913
vt 0.403919 0.752472
vt 0.403932 0.755522
vt 0.728882 0.522930
vt 0.727831 0.525706
vt 0.726597 0.522723
vt 0.730082 0.525831
vt 0.728265 0.529241
vt 0.730504 0.529269
vt 0.727831 0.532792
vt 0.730082 0.532721
vt 0.726597 0.535817
vt 0.759502 0.717118
vt 0.759466 0.720051
vt 0.759502 0.713600
vt 0.759466 0.710035
vt 0.759399 0.706964
vt 0.612928 0.731770
vt 0.612391 0.734665
vt 0.033365 0.699410
vt 0.036854 0.702862
vt 0.033519 0.702639
vt 0.036934 0.699648
vt 0.039740 0.703859
vt 0.683862 0.758654
vt 0.680199 0.761842
vt 0.680247 0.759101
vt 0.683811 0.761588
vt 0.680183 0.765129
vt 0.683793 0.765105
vt 0.680199 0.768461
vt 0.683811 0.768671
vt 0.680247 0.771331
vt 0.720380 0.184292
vt 0.723543 0.186439
vt 0.720659 0.187436
vt 0.814514 0.162152
vt 0.818219 0.158757
vt 0.817870 0.162015
vt 0.814887 0.158666
vt 0.818219 0.155412
vt 0.814887 0.155086
vt 0.817870 0.152488
vt 0.170079 0.758016
vt 0.166439 0.761218
vt 0.166456 0.758455
vt 0.170061 0.760972
vt 0.166433 0.764513
vt 0.170054 0.764499
vt 0.166439 0.767839
vt 0.170061 0.768058
vt 0.166456 0.770689
vt 0.026948 0.701433
vt 0.030242 0.703225
vt 0.027522 0.704530
vt 0.029858 0.700037
vt 0.675214 0.762965
vt 0.675247 0.761079
vt 0.675203 0.765226
vt 0.675214 0.767518
vt 0.675247 0.769493
vt 0.726877 0.186217
vt 0.730155 0.186802
vt 0.161412 0.762310
vt 0.161424 0.760410
vt 0.161408 0.764577
vt 0.161412 0.766865
vt 0.161424 0.768826
vt 0.748948 0.023660
vt 0.646583 0.751257
vt 0.270631 0.712669
vt 0.460201 0.749393
vt 0.600136 0.725211
vt 0.866017 0.443296
vt 0.865955 0.101046
vt 0.165193 0.714980
vt 0.412434 0.755232
vt 0.750900 0.708791
vt 0.728882 0.535663
vt 0.040022 0.700715
vt 0.683862 0.771742
vt 0.723466 0.183225
vt 0.814514 0.151957
vt 0.170079 0.771108
vt 0.732877 0.188107
vt 0.587041 0.392689
vt 0.586599 0.393784
vt 0.585566 0.392521
vt 0.585277 0.393254
vt 0.008240 0.842105
vt 0.008743 0.842868
vt 0.007312 0.843356
vt 0.007850 0.844243
vt 0.009430 0.844068
vt 0.008470 0.845381
vt 0.010115 0.845384
vt 0.009006 0.846464
vt 0.010616 0.846464
vt 0.710934 0.101452
vt 0.711897 0.102062
vt 0.710868 0.103092
vt 0.709634 0.102330
vt 0.709816 0.100777
vt 0.708395 0.101594
vt 0.164299 0.859020
vt 0.164271 0.860216
vt 0.162853 0.859780
vt 0.162865 0.858298
vt 0.164298 0.857716
vt 0.162866 0.856912
vt 0.586542 0.390219
vt 0.586968 0.389268
vt 0.588176 0.390055
vt 0.587623 0.391327
vt 0.164287 0.856673
vt 0.588562 0.389219
vt 0.708672 0.391245
vt 0.707956 0.391450
vt 0.707965 0.389989
vt 0.934184 0.264364
vt 0.934184 0.265957
vt 0.934166 0.265954
vt 0.920905 0.055296
vt 0.921829 0.055937
vt 0.920718 0.056018
vt 0.588675 0.392542
vt 0.070878 0.857835
vt 0.072141 0.857906
vt 0.071531 0.858966
vt 0.070877 0.856528
vt 0.071936 0.857182
vt 0.707230 0.388750
vt 0.707949 0.388557
vt 0.927390 0.483890
vt 0.927686 0.482772
vt 0.928134 0.483890
vt 0.916635 0.464249
vt 0.916635 0.465891
vt 0.915543 0.464808
vt 0.588213 0.393653
vt 0.934725 0.802402
vt 0.934725 0.803962
vt 0.934711 0.803956
vt 0.161419 0.857695
vt 0.161408 0.858989
vt 0.161408 0.856652
vt 0.709197 0.389277
vt 0.708669 0.388750
vt 0.709198 0.390717
vt 0.586028 0.391410
vt 0.937249 0.892228
vt 0.937249 0.890797
vt 0.937264 0.890804
vt 0.073384 0.858638
vt 0.072660 0.859618
vt 0.072668 0.858433
vt 0.937022 0.080260
vt 0.937005 0.078732
vt 0.937022 0.078729
vt 0.884530 0.772243
vt 0.884630 0.778501
vt 0.884530 0.778503
vt 0.881636 0.449560
vt 0.881458 0.443299
vt 0.881636 0.443296
vt 0.884145 0.748189
vt 0.884014 0.741923
vt 0.884145 0.741920
vt 0.094945 0.963008
vt 0.095007 0.962710
vt 0.095007 0.962900
vt 0.095295 0.962805
vt 0.095171 0.962805
vt 0.094945 0.962603
vt 0.991957 0.509502
vt 0.992149 0.509293
vt 0.992149 0.509506
vt 0.853723 0.977647
vt 0.853531 0.978031
vt 0.853531 0.977651
vt 0.992149 0.450482
vt 0.991957 0.450763
vt 0.991957 0.450484
vt 0.479557 0.962935
vt 0.479865 0.962805
vt 0.479515 0.963008
vt 0.479557 0.962675
vt 0.479515 0.962603
vt 0.479782 0.962805
vt 0.977188 0.007220
vt 0.977325 0.007799
vt 0.977188 0.007793
vt 0.962661 0.518304
vt 0.962477 0.517731
vt 0.962721 0.517731
vt 0.007346 0.963182
vt 0.007220 0.962617
vt 0.007399 0.962603
vt 0.992080 0.743426
vt 0.991957 0.743335
vt 0.992115 0.743426
vt 0.991975 0.743487
vt 0.991957 0.743518
vt 0.991975 0.743365
vt 0.196429 0.992779
vt 0.196324 0.992718
vt 0.196394 0.992719
vt 0.977188 0.607161
vt 0.977302 0.607722
vt 0.977188 0.607725
vt 0.709693 0.391808
vt 0.196429 0.992658
vt 0.326934 0.978211
vt 0.326870 0.977647
vt 0.326934 0.977647
vt 0.007562 0.846117
vt 0.196190 0.977651
vt 0.196274 0.978211
vt 0.196190 0.978215
vt 0.007220 0.845461
vt 0.026948 0.877669
vt 0.027112 0.883925
vt 0.026948 0.883929
vt 0.881602 0.107304
vt 0.881414 0.101056
vt 0.881602 0.101046
vt 0.882757 0.037757
vt 0.882592 0.031480
vt 0.882757 0.031486
vt 0.450283 0.962805
vt 0.449995 0.962900
vt 0.450159 0.962805
vt 0.449933 0.962603
vt 0.449995 0.962710
vt 0.449933 0.963007
vt 0.991957 0.140916
vt 0.992149 0.140568
vt 0.992149 0.140917
vt 0.517163 0.977649
vt 0.516971 0.978048
vt 0.516971 0.977647
vt 0.991957 0.096538
vt 0.992149 0.096188
vt 0.992149 0.096540
vt 0.568344 0.962805
vt 0.568611 0.963008
vt 0.568261 0.962806
vt 0.568569 0.962675
vt 0.568611 0.962603
vt 0.568569 0.962935
vt 0.962477 0.622867
vt 0.962702 0.623451
vt 0.962477 0.623440
vt 0.962672 0.157968
vt 0.962477 0.157396
vt 0.962735 0.157396
vt 0.962669 0.698538
vt 0.962477 0.697966
vt 0.962703 0.697966
vt 0.992098 0.816605
vt 0.992116 0.816453
vt 0.992116 0.816636
vt 0.991992 0.816544
vt 0.991957 0.816544
vt 0.992098 0.816483
vt 0.021767 0.992780
vt 0.021767 0.992658
vt 0.021802 0.992719
vt 0.977188 0.261975
vt 0.977309 0.262536
vt 0.977188 0.262539
vt 0.021872 0.992719
vt 0.977293 0.817845
vt 0.977188 0.817278
vt 0.977293 0.817282
vt 0.709391 0.389997
vt 0.710344 0.389370
vt 0.977188 0.862307
vt 0.977294 0.862870
vt 0.977188 0.862870
vt 0.709690 0.388239
vt 0.070877 0.874059
vt 0.071066 0.880413
vt 0.070877 0.880413
vt 0.460382 0.879481
vt 0.460201 0.873118
vt 0.460382 0.873108
vt 0.844214 0.877755
vt 0.844025 0.871367
vt 0.844214 0.871379
vt 0.316812 0.963007
vt 0.316874 0.962710
vt 0.316874 0.962900
vt 0.317162 0.962805
vt 0.317038 0.962805
vt 0.316812 0.962603
vt 0.414540 0.978051
vt 0.414733 0.977647
vt 0.414733 0.978052
vt 0.751292 0.977648
vt 0.751100 0.978033
vt 0.751100 0.977647
vt 0.341375 0.978051
vt 0.341567 0.977647
vt 0.341567 0.978052
vt 0.672107 0.962935
vt 0.672149 0.962603
vt 0.672149 0.963007
vt 0.671882 0.962805
vt 0.671798 0.962805
vt 0.672107 0.962675
vt 0.945586 0.637846
vt 0.945845 0.638430
vt 0.945586 0.638419
vt 0.962652 0.398199
vt 0.962477 0.397628
vt 0.962725 0.397628
vt 0.962664 0.037833
vt 0.962477 0.037260
vt 0.962737 0.037260
vt 0.991975 0.758111
vt 0.992115 0.758050
vt 0.991957 0.758141
vt 0.991975 0.757989
vt 0.991957 0.757958
vt 0.992080 0.758050
vt 0.138138 0.992779
vt 0.138138 0.992657
vt 0.138173 0.992719
vt 0.977188 0.487096
vt 0.977304 0.487654
vt 0.977188 0.487659
vt 0.138244 0.992719
vt 0.977309 0.097432
vt 0.977188 0.096861
vt 0.977309 0.096868
vt 0.708558 0.387586
vt 0.977310 0.202500
vt 0.977188 0.201939
vt 0.977310 0.201936
vt 0.876460 0.078729
vt 0.876631 0.085335
vt 0.876460 0.085334
vt 0.871739 0.665793
vt 0.871553 0.659169
vt 0.871739 0.659157
vt 0.873315 0.248588
vt 0.873146 0.241926
vt 0.873315 0.241942
vt 0.243207 0.963008
vt 0.242980 0.962805
vt 0.243145 0.962900
vt 0.243207 0.962603
vt 0.243145 0.962710
vt 0.242856 0.962805
vt 0.941329 0.978013
vt 0.941521 0.977647
vt 0.941521 0.978012
vt 0.648861 0.977647
vt 0.648668 0.978046
vt 0.648668 0.977647
vt 0.991957 0.007585
vt 0.992149 0.007220
vt 0.992149 0.007583
vt 0.583094 0.962675
vt 0.583052 0.963008
vt 0.583052 0.962603
vt 0.583319 0.962805
vt 0.583402 0.962805
vt 0.583094 0.962935
vt 0.962477 0.592837
vt 0.962712 0.593414
vt 0.962477 0.593409
vt 0.962678 0.263064
vt 0.962477 0.262492
vt 0.962733 0.262492
vt 0.962546 0.547777
vt 0.962710 0.548343
vt 0.962477 0.548353
vt 0.991992 0.567942
vt 0.992115 0.568033
vt 0.991957 0.567942
vt 0.992098 0.567881
vt 0.992115 0.567850
vt 0.992098 0.568003
vt 0.050860 0.992657
vt 0.050965 0.992718
vt 0.050895 0.992718
vt 0.977188 0.442072
vt 0.977308 0.442633
vt 0.977188 0.442635
vt 0.707253 0.387586
vt 0.050860 0.992779
vt 0.977297 0.622736
vt 0.977188 0.622166
vt 0.977297 0.622172
vt 0.977297 0.727791
vt 0.977188 0.727231
vt 0.977297 0.727227
vt 0.161413 0.858992
vt 0.876333 0.715739
vt 0.876166 0.709179
vt 0.876333 0.709169
vt 0.877617 0.619365
vt 0.877468 0.612809
vt 0.877617 0.612799
vt 0.189754 0.879276
vt 0.189643 0.872697
vt 0.189754 0.872708
vt 0.346745 0.962603
vt 0.346683 0.962900
vt 0.346683 0.962710
vt 0.346394 0.962805
vt 0.346518 0.962805
vt 0.346745 0.963007
vt 0.992149 0.066582
vt 0.991957 0.066944
vt 0.991957 0.066588
vt 0.992149 0.332618
vt 0.991957 0.332938
vt 0.991957 0.332620
vt 0.991957 0.494848
vt 0.992149 0.494608
vt 0.992149 0.494844
vt 0.494348 0.962675
vt 0.494306 0.963008
vt 0.494306 0.962603
vt 0.494573 0.962805
vt 0.494656 0.962805
vt 0.494348 0.962935
vt 0.962477 0.382596
vt 0.962706 0.383187
vt 0.962477 0.383167
vt 0.962658 0.923742
vt 0.962477 0.923170
vt 0.962682 0.923170
vt 0.908020 0.962612
vt 0.908127 0.963178
vt 0.907975 0.963190
vt 0.991992 0.714179
vt 0.992115 0.714270
vt 0.991957 0.714179
vt 0.992098 0.714118
vt 0.992115 0.714088
vt 0.992098 0.714240
vt 0.079952 0.992718
vt 0.080058 0.992658
vt 0.080023 0.992718
vt 0.094447 0.977647
vt 0.094543 0.978212
vt 0.094447 0.978210
vt 0.706703 0.389277
vt 0.706123 0.388239
vt 0.080058 0.992779
vt 0.977295 0.667758
vt 0.977188 0.667186
vt 0.977295 0.667194
vt 0.920718 0.054567
vt 0.921819 0.054630
vt 0.283412 0.978211
vt 0.283341 0.977650
vt 0.283412 0.977647
vt 0.708563 0.392461
vt 0.870539 0.644518
vt 0.870350 0.637860
vt 0.870539 0.637846
vt 0.874490 0.271039
vt 0.874340 0.264364
vt 0.874490 0.264372
vt 0.875242 0.557051
vt 0.875391 0.563698
vt 0.875242 0.563697
vt 0.405559 0.962603
vt 0.405786 0.962805
vt 0.405621 0.962710
vt 0.405559 0.963007
vt 0.405621 0.962900
vt 0.405910 0.962805
vt 0.429365 0.977647
vt 0.429173 0.978052
vt 0.429173 0.977647
vt 0.991957 0.259131
vt 0.992149 0.258813
vt 0.992149 0.259133
vt 0.991957 0.318175
vt 0.992149 0.317860
vt 0.992149 0.318177
vt 0.553512 0.962675
vt 0.553470 0.963008
vt 0.553470 0.962603
vt 0.553737 0.962806
vt 0.553820 0.962806
vt 0.553512 0.962935
vt 0.946193 0.512366
vt 0.946453 0.512946
vt 0.946193 0.512936
vt 0.962538 0.788040
vt 0.962683 0.788607
vt 0.962477 0.788613
vt 0.962498 0.908157
vt 0.962681 0.908729
vt 0.962477 0.908729
vt 0.991975 0.611752
vt 0.991957 0.611905
vt 0.991957 0.611722
vt 0.992080 0.611813
vt 0.992115 0.611813
vt 0.991975 0.611874
vt 0.991957 0.962507
vt 0.992063 0.962568
vt 0.991992 0.962568
vt 0.977284 0.907893
vt 0.977188 0.907334
vt 0.977284 0.907329
vt 0.991957 0.962629
vt 0.977310 0.112443
vt 0.977188 0.111873
vt 0.977310 0.111879
vt 0.123618 0.978211
vt 0.123522 0.977647
vt 0.123618 0.977647
vt 0.587924 0.394387
vt 0.703128 0.868113
vt 0.702958 0.861259
vt 0.703128 0.861244
vt 0.868467 0.196823
vt 0.868280 0.189962
vt 0.868467 0.189968
vt 0.729795 0.861981
vt 0.729982 0.868835
vt 0.729795 0.868827
vt 0.302371 0.962805
vt 0.302083 0.962900
vt 0.302247 0.962805
vt 0.302021 0.962603
vt 0.302083 0.962710
vt 0.302021 0.963008
vt 0.970788 0.977648
vt 0.970595 0.978012
vt 0.970595 0.977647
vt 0.575503 0.978046
vt 0.575695 0.977647
vt 0.575695 0.978046
vt 0.663302 0.978045
vt 0.663494 0.977648
vt 0.663494 0.978046
vt 0.657049 0.962675
vt 0.657007 0.963007
vt 0.657007 0.962603
vt 0.657274 0.962805
vt 0.657357 0.962806
vt 0.657049 0.962935
vt 0.962477 0.427652
vt 0.962711 0.428237
vt 0.962477 0.428225
vt 0.962664 0.248052
vt 0.962477 0.247480
vt 0.962734 0.247480
vt 0.962539 0.187421
vt 0.962733 0.187994
vt 0.962477 0.187994
vt 0.991992 0.831168
vt 0.992115 0.831259
vt 0.991957 0.831168
vt 0.992098 0.831107
vt 0.992115 0.831077
vt 0.992098 0.831229
vt 0.992063 0.977069
vt 0.992063 0.977191
vt 0.992027 0.977130
vt 0.977308 0.337575
vt 0.977188 0.337016
vt 0.977308 0.337012
vt 0.009847 0.842006
vt 0.991957 0.977130
vt 0.977298 0.682767
vt 0.977188 0.682199
vt 0.977298 0.682204
vt 0.010385 0.842893
vt 0.977308 0.367590
vt 0.977188 0.367028
vt 0.977308 0.367026
vt 0.866682 0.133255
vt 0.866493 0.126351
vt 0.866682 0.126341
vt 0.867777 0.157052
vt 0.867597 0.150139
vt 0.867777 0.150142
vt 0.866351 0.580168
vt 0.866532 0.587081
vt 0.866351 0.587074
vt 0.198833 0.962603
vt 0.198771 0.962900
vt 0.198771 0.962710
vt 0.198483 0.962805
vt 0.198607 0.962805
vt 0.198833 0.963008
vt 0.400099 0.977647
vt 0.399907 0.978052
vt 0.399907 0.977647
vt 0.794999 0.978032
vt 0.795191 0.977647
vt 0.795191 0.978032
vt 0.721834 0.978034
vt 0.722026 0.977647
vt 0.722026 0.978033
vt 0.790169 0.962675
vt 0.790128 0.963007
vt 0.790128 0.962603
vt 0.790395 0.962805
vt 0.790478 0.962805
vt 0.790169 0.962935
vt 0.946092 0.464249
vt 0.946352 0.464831
vt 0.946092 0.464821
vt 0.962677 0.488278
vt 0.962477 0.487706
vt 0.962725 0.487706
vt 0.962551 0.202440
vt 0.962725 0.203008
vt 0.962477 0.203015
vt 0.992080 0.684932
vt 0.991957 0.684840
vt 0.992115 0.684932
vt 0.991975 0.684993
vt 0.991957 0.685023
vt 0.991975 0.684871
vt 0.094604 0.992718
vt 0.094499 0.992779
vt 0.094534 0.992719
vt 0.977304 0.652744
vt 0.977188 0.652182
vt 0.977304 0.652181
vt 0.011005 0.844030
vt 0.094499 0.992658
vt 0.977310 0.082420
vt 0.977188 0.081850
vt 0.977310 0.081856
vt 0.977304 0.502664
vt 0.977188 0.502104
vt 0.977304 0.502100
vt 0.011541 0.845113
vt 0.752915 0.869894
vt 0.752751 0.863156
vt 0.752915 0.863156
vt 0.871787 0.519105
vt 0.871656 0.512366
vt 0.871787 0.512367
vt 0.870089 0.778980
vt 0.869936 0.772241
vt 0.870089 0.772248
vt 0.420350 0.962805
vt 0.420639 0.962710
vt 0.420474 0.962805
vt 0.420701 0.963007
vt 0.420639 0.962900
vt 0.420701 0.962603
vt 0.992149 0.155358
vt 0.991957 0.155709
vt 0.991957 0.155359
vt 0.991957 0.406596
vt 0.992149 0.406312
vt 0.992149 0.406593
vt 0.992149 0.214499
vt 0.991957 0.214833
vt 0.991957 0.214507
vt 0.627733 0.962675
vt 0.627425 0.962805
vt 0.627775 0.962603
vt 0.627733 0.962935
vt 0.627775 0.963007
vt 0.627508 0.962805
vt 0.962702 0.683525
vt 0.962477 0.682949
vt 0.962702 0.682953
vt 0.878747 0.962603
vt 0.878916 0.963174
vt 0.878736 0.963174
vt 0.962687 0.863691
vt 0.962477 0.863124
vt 0.962687 0.863125
vt 0.991975 0.889601
vt 0.991957 0.889754
vt 0.991957 0.889571
vt 0.992080 0.889662
vt 0.992115 0.889662
vt 0.991975 0.889723
vt 0.992063 0.918879
vt 0.991957 0.918940
vt 0.991992 0.918879
vt 0.254291 0.977647
vt 0.254376 0.978213
vt 0.254291 0.978210
vt 0.991957 0.918818
vt 0.977293 0.802837
vt 0.977188 0.802267
vt 0.977293 0.802273
vt 0.709446 0.103915
vt 0.710408 0.104525
vt 0.036300 0.977647
vt 0.036399 0.978213
vt 0.036300 0.978208
vt 0.589198 0.391343
vt 0.874788 0.414124
vt 0.874655 0.407425
vt 0.874788 0.407425
vt 0.565779 0.866775
vt 0.565910 0.873472
vt 0.565779 0.873477
vt 0.334064 0.872141
vt 0.333876 0.865456
vt 0.334064 0.865457
vt 0.124527 0.962603
vt 0.124754 0.962805
vt 0.124589 0.962710
vt 0.124527 0.963008
vt 0.124589 0.962900
vt 0.124877 0.962805
vt 0.991957 0.377145
vt 0.992149 0.376866
vt 0.992149 0.377147
vt 0.991957 0.436038
vt 0.992149 0.435762
vt 0.992149 0.436041
vt 0.531796 0.977647
vt 0.531604 0.978049
vt 0.531604 0.977649
vt 0.746063 0.962675
vt 0.745754 0.962805
vt 0.746104 0.962603
vt 0.746063 0.962935
vt 0.746104 0.963007
vt 0.745838 0.962805
vt 0.051262 0.963185
vt 0.051081 0.962603
vt 0.051262 0.962612
vt 0.080378 0.962608
vt 0.080504 0.963174
vt 0.080325 0.963182
vt 0.962675 0.323114
vt 0.962477 0.322547
vt 0.962735 0.322547
vt 0.992098 0.845731
vt 0.991957 0.845791
vt 0.992115 0.845700
vt 0.992098 0.845852
vt 0.992115 0.845883
vt 0.991992 0.845791
vt 0.152790 0.992658
vt 0.152790 0.992779
vt 0.152755 0.992719
vt 0.181749 0.978211
vt 0.181666 0.977653
vt 0.181749 0.977647
vt 0.152685 0.992719
vt 0.239765 0.977647
vt 0.239850 0.978213
vt 0.239765 0.978211
vt 0.114030 0.932780
vt 0.114030 0.934371
vt 0.114010 0.934371
vt 0.977188 0.547130
vt 0.977308 0.547689
vt 0.977188 0.547691
vt 0.071624 0.928435
vt 0.071120 0.929524
vt 0.070877 0.928435
vt 0.791899 0.877470
vt 0.791718 0.870953
vt 0.791899 0.870962
vt 0.675203 0.871216
vt 0.675383 0.877711
vt 0.675203 0.877719
vt 0.351677 0.878545
vt 0.351498 0.872070
vt 0.351677 0.872059
vt 0.361186 0.963007
vt 0.361248 0.962710
vt 0.361248 0.962900
vt 0.361536 0.962805
vt 0.361412 0.962805
vt 0.361186 0.962603
vt 0.765733 0.978032
vt 0.765925 0.977648
vt 0.765925 0.978033
vt 0.838898 0.978031
vt 0.839090 0.977648
vt 0.839090 0.978032
vt 0.824457 0.977651
vt 0.824265 0.978028
vt 0.824265 0.977647
vt 0.805228 0.962675
vt 0.804919 0.962805
vt 0.805269 0.962603
vt 0.805228 0.962935
vt 0.805269 0.963007
vt 0.805002 0.962805
vt 0.962724 0.097914
vt 0.962477 0.097329
vt 0.962724 0.097341
vt 0.962550 0.502719
vt 0.962724 0.503290
vt 0.962477 0.503290
vt 0.962649 0.308096
vt 0.962477 0.307539
vt 0.962722 0.307524
vt 0.992098 0.626498
vt 0.992115 0.626345
vt 0.992115 0.626528
vt 0.884630 0.772241
vt 0.881458 0.449563
vt 0.884014 0.748192
vt 0.991957 0.509289
vt 0.853723 0.978027
vt 0.992149 0.450761
vt 0.977284 0.007224
vt 0.962490 0.518304
vt 0.007220 0.963191
vt 0.977302 0.607158
vt 0.326870 0.978210
vt 0.196274 0.977647
vt 0.027112 0.877665
vt 0.881414 0.107314
vt 0.882592 0.037751
vt 0.991957 0.140566
vt 0.517163 0.978049
vt 0.991957 0.096187
vt 0.962635 0.622875
vt 0.962491 0.157968
vt 0.962511 0.698538
vt 0.977309 0.261972
vt 0.977188 0.817841
vt 0.977294 0.862306
vt 0.071066 0.874059
vt 0.460201 0.879490
vt 0.844025 0.877743
vt 0.414540 0.977647
vt 0.751292 0.978033
vt 0.341375 0.977647
vt 0.945768 0.637854
vt 0.962478 0.398199
vt 0.962481 0.037833
vt 0.977304 0.487091
vt 0.977188 0.097425
vt 0.977188 0.202503
vt 0.876631 0.078729
vt 0.871553 0.665805
vt 0.873146 0.248571
vt 0.941329 0.977648
vt 0.648861 0.978045
vt 0.991957 0.007222
vt 0.962642 0.592840
vt 0.962498 0.263064
vt 0.962710 0.547769
vt 0.977308 0.442070
vt 0.977188 0.622730
vt 0.977188 0.727795
vt 0.876166 0.715749
vt 0.877468 0.619374
vt 0.189643 0.879265
vt 0.992149 0.066939
vt 0.992149 0.332936
vt 0.991957 0.494611
vt 0.962638 0.382610
vt 0.962515 0.923742
vt 0.908127 0.962603
vt 0.094543 0.977649
vt 0.977188 0.667750
vt 0.283341 0.978214
vt 0.870350 0.644532
vt 0.874340 0.271032
vt 0.875391 0.557053
vt 0.429365 0.978052
vt 0.991957 0.258811
vt 0.991957 0.317858
vt 0.946376 0.512373
vt 0.962683 0.788036
vt 0.962641 0.908157
vt 0.977188 0.907898
vt 0.977188 0.112436
vt 0.123522 0.978211
vt 0.702958 0.868128
vt 0.868280 0.196817
vt 0.729982 0.861990
vt 0.970788 0.978013
vt 0.575503 0.977647
vt 0.663302 0.977647
vt 0.962642 0.427661
vt 0.962483 0.248052
vt 0.962719 0.187421
vt 0.977188 0.337580
vt 0.977188 0.682763
vt 0.977188 0.367592
vt 0.866493 0.133265
vt 0.867597 0.157049
vt 0.866532 0.580175
vt 0.400099 0.978051
vt 0.794999 0.977648
vt 0.721834 0.977648
vt 0.946275 0.464256
vt 0.962503 0.488278
vt 0.962725 0.202435
vt 0.977188 0.652745
vt 0.977188 0.082414
vt 0.977188 0.502668
vt 0.752751 0.869893
vt 0.871656 0.519105
vt 0.869936 0.778973
vt 0.992149 0.155708
vt 0.991957 0.406315
vt 0.992149 0.214826
vt 0.962544 0.683522
vt 0.878874 0.962603
vt 0.962539 0.863690
vt 0.254376 0.977650
vt 0.977188 0.802831
vt 0.036399 0.977652
vt 0.874655 0.414124
vt 0.565910 0.866771
vt 0.333876 0.872141
vt 0.991957 0.376863
vt 0.991957 0.435759
vt 0.531796 0.978047
vt 0.051135 0.963179
vt 0.080504 0.962603
vt 0.962494 0.323114
vt 0.181666 0.978217
vt 0.239850 0.977649
vt 0.977308 0.547128
vt 0.791718 0.877462
vt 0.675383 0.871208
vt 0.351498 0.878555
vt 0.765733 0.977647
vt 0.838898 0.977647
vt 0.824457 0.978032
vt 0.962551 0.097906
vt 0.962724 0.502718
vt 0.962477 0.308106
vt 0.992098 0.626376
vt 0.991992 0.626437
vt 0.991957 0.626437
vt 0.977188 0.517678
vt 0.977188 0.517114
vt 0.977303 0.517673
vt 0.977304 0.427065
vt 0.977304 0.427629
vt 0.977188 0.427059
vt 0.977303 0.532119
vt 0.977303 0.532681
vt 0.977188 0.532126
vt 0.388100 0.880113
vt 0.388100 0.873839
vt 0.388286 0.880124
vt 0.882600 0.007220
vt 0.882600 0.013480
vt 0.882413 0.007224
vt 0.646583 0.879926
vt 0.646583 0.873657
vt 0.646771 0.879921
vt 0.169251 0.962603
vt 0.169189 0.962710
vt 0.168900 0.962805
vt 0.169024 0.962805
vt 0.169251 0.963008
vt 0.169189 0.962900
vt 0.604769 0.977647
vt 0.604961 0.977647
vt 0.604769 0.978046
vt 0.560870 0.977648
vt 0.561062 0.977647
vt 0.560870 0.978047
vt 0.487898 0.978050
vt 0.487705 0.978050
vt 0.487898 0.977647
vt 0.524197 0.962675
vt 0.524238 0.962603
vt 0.524197 0.962935
vt 0.524238 0.963008
vt 0.523971 0.962805
vt 0.523888 0.962805
vt 0.027024 0.948156
vt 0.026948 0.947581
vt 0.027204 0.948162
vt 0.962713 0.217456
vt 0.962734 0.218027
vt 0.962533 0.217456
vt 0.962486 0.127941
vt 0.962477 0.127369
vt 0.962668 0.127941
vt 0.992080 0.728802
vt 0.992115 0.728802
vt 0.991975 0.728864
vt 0.991957 0.728894
vt 0.991975 0.728742
vt 0.991957 0.728711
vt 0.977188 0.397608
vt 0.977188 0.397045
vt 0.977308 0.397606
vt 0.977308 0.126890
vt 0.977308 0.127454
vt 0.977188 0.126883
vt 0.977309 0.306996
vt 0.977309 0.307560
vt 0.977188 0.306999
vt 0.882845 0.489045
vt 0.882845 0.482772
vt 0.882995 0.489053
vt 0.432168 0.877319
vt 0.432168 0.883578
vt 0.432017 0.877317
vt 0.880973 0.586447
vt 0.880973 0.580175
vt 0.881148 0.586440
vt 0.213274 0.962603
vt 0.213336 0.962710
vt 0.213274 0.963008
vt 0.213336 0.962900
vt 0.213624 0.962805
vt 0.213500 0.962805
vt 0.991957 0.288338
vt 0.992149 0.288336
vt 0.991957 0.288657
vt 0.991957 0.244049
vt 0.992149 0.244047
vt 0.991957 0.244370
vt 0.897622 0.978022
vt 0.897430 0.978023
vt 0.897622 0.977647
vt 0.598151 0.962675
vt 0.598193 0.962603
vt 0.598151 0.962935
vt 0.598193 0.963007
vt 0.597926 0.962805
vt 0.597843 0.962805
vt 0.962538 0.833669
vt 0.962477 0.833096
vt 0.962682 0.833671
vt 0.962646 0.848112
vt 0.962684 0.848683
vt 0.962501 0.848112
vt 0.962477 0.353131
vt 0.962477 0.352558
vt 0.962647 0.353125
vt 0.991975 0.860354
vt 0.991957 0.860324
vt 0.992080 0.860415
vt 0.992115 0.860415
vt 0.991975 0.860476
vt 0.991957 0.860506
vt 0.050839 0.978210
vt 0.050839 0.977647
vt 0.050936 0.978212
vt 0.977284 0.952360
vt 0.977284 0.952924
vt 0.977188 0.952355
vt 0.977301 0.577140
vt 0.977301 0.577704
vt 0.977188 0.577144
vt 0.567121 0.889934
vt 0.567238 0.891182
vt 0.566012 0.889956
vt 0.676430 0.856167
vt 0.675203 0.856599
vt 0.676467 0.855280
vt 0.675247 0.855431
vt 0.676462 0.854164
vt 0.675247 0.853962
vt 0.676418 0.853342
vt 0.647844 0.858715
vt 0.646613 0.859211
vt 0.647817 0.857837
vt 0.646593 0.858054
vt 0.647802 0.856726
vt 0.646583 0.856592
vt 0.647805 0.855903
vt 0.629979 0.471111
vt 0.630292 0.472323
vt 0.628941 0.471111
vt 0.628924 0.472334
vt 0.627878 0.471106
vt 0.567381 0.887917
vt 0.565779 0.887958
vt 0.678468 0.856767
vt 0.678386 0.855494
vt 0.678180 0.853892
vt 0.677947 0.852711
vt 0.649361 0.859211
vt 0.649262 0.857944
vt 0.649316 0.856338
vt 0.649500 0.855146
vt 0.630544 0.469403
vt 0.629055 0.469207
vt 0.627526 0.469076
vt 0.795137 0.327514
vt 0.795638 0.327515
vt 0.795804 0.329347
vt 0.796187 0.329026
vt 0.797493 0.330323
vt 0.797579 0.329829
vt 0.799414 0.329986
vt 0.799162 0.329550
vt 0.800667 0.328492
vt 0.800196 0.328319
vt 0.800667 0.326541
vt 0.800197 0.326712
vt 0.799414 0.325046
vt 0.799164 0.325480
vt 0.797493 0.324707
vt 0.797581 0.325201
vt 0.795804 0.325681
vt 0.796189 0.326005
vt 0.916254 0.680260
vt 0.916987 0.680246
vt 0.916254 0.682206
vt 0.885703 0.642874
vt 0.884980 0.642795
vt 0.885751 0.641331
vt 0.885064 0.641251
vt 0.885700 0.639377
vt 0.885064 0.639296
vt 0.885575 0.637926
vt 0.888536 0.246865
vt 0.887936 0.246880
vt 0.888367 0.245333
vt 0.887779 0.245347
vt 0.888367 0.243383
vt 0.887756 0.243397
vt 0.888536 0.241926
vt 0.895674 0.580244
vt 0.896327 0.580168
vt 0.895589 0.582058
vt 0.896291 0.581983
vt 0.895597 0.583917
vt 0.677930 0.817133
vt 0.678009 0.816694
vt 0.680154 0.816738
vt 0.679930 0.816352
vt 0.681605 0.815011
vt 0.681184 0.814860
vt 0.681605 0.812760
vt 0.681183 0.812914
vt 0.680154 0.811039
vt 0.679928 0.811426
vt 0.677930 0.810653
vt 0.678007 0.811092
vt 0.675975 0.811782
vt 0.676318 0.812067
vt 0.675203 0.813898
vt 0.675652 0.813897
vt 0.675975 0.816011
vt 0.676319 0.815724
vt 0.852275 0.464744
vt 0.852277 0.467509
vt 0.850025 0.464666
vt 0.137104 0.840917
vt 0.134251 0.840878
vt 0.137216 0.839124
vt 0.134141 0.839097
vt 0.137216 0.836868
vt 0.133890 0.836854
vt 0.137104 0.835204
vt 0.463775 0.840355
vt 0.460281 0.840351
vt 0.463696 0.838575
vt 0.460201 0.838571
vt 0.463642 0.836319
vt 0.460312 0.836317
vt 0.463640 0.834642
vt 0.786256 0.517427
vt 0.789333 0.517350
vt 0.786277 0.519520
vt 0.789132 0.519435
vt 0.786256 0.521669
vt 0.210976 0.992658
vt 0.210976 0.992779
vt 0.210941 0.992719
vt 0.977303 0.517109
vt 0.710927 0.100231
vt 0.210870 0.992719
vt 0.977188 0.427623
vt 0.707232 0.391245
vt 0.707257 0.392461
vt 0.977188 0.532687
vt 0.706117 0.391824
vt 0.388286 0.873850
vt 0.882413 0.013483
vt 0.646771 0.873652
vt 0.604961 0.978046
vt 0.561062 0.978046
vt 0.487705 0.977647
vt 0.027204 0.947590
vt 0.962477 0.218027
vt 0.962736 0.127369
vt 0.225417 0.992779
vt 0.225417 0.992657
vt 0.225452 0.992718
vt 0.977308 0.397043
vt 0.706705 0.390717
vt 0.225522 0.992718
vt 0.977188 0.127448
vt 0.977188 0.307562
vt 0.753855 0.919982
vt 0.753855 0.921096
vt 0.752751 0.920679
vt 0.882995 0.482781
vt 0.432017 0.883575
vt 0.881148 0.580168
vt 0.992149 0.288655
vt 0.992149 0.244368
vt 0.897430 0.977648
vt 0.962682 0.833099
vt 0.962477 0.848683
vt 0.962718 0.352549
vt 0.283708 0.992719
vt 0.283603 0.992779
vt 0.283638 0.992719
vt 0.050936 0.977649
vt 0.283603 0.992658
vt 0.977188 0.952919
vt 0.708322 0.103248
vt 0.977188 0.577708
vt 0.708322 0.104541
vt 0.565779 0.891224
vt 0.675203 0.852879
vt 0.646587 0.855508
vt 0.627526 0.472342
vt 0.916981 0.682192
vt 0.884980 0.637846
vt 0.887879 0.241943
vt 0.896327 0.583841
vt 0.747844 0.518509
vt 0.749116 0.517783
vt 0.749489 0.519898
vt 0.850025 0.467518
vt 0.747342 0.519884
vt 0.706511 0.389997
vt 0.747844 0.521267
vt 0.749116 0.522008
vt 0.133613 0.835199
vt 0.072665 0.855937
vt 0.072656 0.854741
vt 0.073384 0.855743
vt 0.750562 0.521763
vt 0.844777 0.925490
vt 0.844323 0.926622
vt 0.844025 0.925490
vt 0.751506 0.520644
vt 0.730898 0.920757
vt 0.729795 0.919765
vt 0.730898 0.919523
vt 0.751506 0.519177
vt 0.460562 0.834642
vt 0.589884 0.392487
vt 0.750562 0.518047
vt 0.072140 0.856465
vt 0.789023 0.521581
vt 0.705472 0.390677
vt 0.705471 0.389370
vt 0.162844 0.855992
vt 0.524252 0.921252
vt 0.523163 0.920724
vt 0.524252 0.919956
vt 0.071527 0.855396
vt 0.589615 0.390400
vt 0.585277 0.390517
vt 0.940680 0.127729
vt 0.940680 0.126341
vt 0.940699 0.126344
vt 0.589595 0.393168
vt 0.460201 0.928607
vt 0.460540 0.927513
vt 0.460947 0.928607
vt 0.586248 0.062375
vt 0.587008 0.061524
vt 0.587380 0.062170
vt 0.772865 0.844887
vt 0.773494 0.843669
vt 0.774114 0.844807
vt 0.773206 0.845543
vt 0.774650 0.845890
vt 0.586248 0.059852
vt 0.587380 0.060133
vt 0.587008 0.060778
vt 0.587172 0.058930
vt 0.588026 0.059761
vt 0.547447 0.848660
vt 0.547467 0.849870
vt 0.546347 0.849196
vt 0.588433 0.058593
vt 0.588771 0.059762
vt 0.589695 0.058932
vt 0.589417 0.060135
vt 0.116486 0.843780
vt 0.117929 0.844489
vt 0.116481 0.845262
vt 0.590618 0.059857
vt 0.589790 0.060781
vt 0.221066 0.919082
vt 0.220138 0.918467
vt 0.221253 0.918353
vt 0.587172 0.063299
vt 0.588019 0.062555
vt 0.546167 0.850749
vt 0.544862 0.851660
vt 0.544928 0.850015
vt 0.545981 0.852335
vt 0.547402 0.851510
vt 0.546944 0.852944
vt 0.775759 0.844810
vt 0.777185 0.844539
vt 0.776260 0.845890
vt 0.776649 0.843456
vt 0.775074 0.843494
vt 0.776029 0.842319
vt 0.774388 0.842294
vt 0.775492 0.841432
vt 0.732335 0.845633
vt 0.730879 0.845028
vt 0.732325 0.844246
vt 0.220128 0.919773
vt 0.585651 0.804076
vt 0.585631 0.804076
vt 0.585631 0.802485
vt 0.189643 0.928172
vt 0.189643 0.927012
vt 0.190370 0.927988
vt 0.588433 0.063639
vt 0.588771 0.062544
vt 0.589699 0.063321
vt 0.589417 0.062172
vt 0.855676 0.661634
vt 0.854605 0.660975
vt 0.855869 0.660914
vt 0.618690 0.921763
vt 0.617616 0.922148
vt 0.617616 0.921017
vt 0.773885 0.841531
vt 0.117958 0.846480
vt 0.116502 0.846442
vt 0.117948 0.845723
vt 0.856369 0.659157
vt 0.856386 0.660377
vt 0.855258 0.659843
vt 0.857112 0.663075
vt 0.856384 0.664067
vt 0.856393 0.662882
vt 0.855255 0.663413
vt 0.588387 0.061165
vt 0.371837 0.928721
vt 0.372540 0.927840
vt 0.372540 0.928973
vt 0.114010 0.843951
vt 0.115058 0.843183
vt 0.115044 0.844487
vt 0.590956 0.061119
vt 0.589790 0.061527
vt 0.730876 0.847540
vt 0.729795 0.846550
vt 0.730889 0.846337
vt 0.294177 0.939452
vt 0.294196 0.939450
vt 0.294196 0.940837
vt 0.730866 0.843997
vt 0.544862 0.852949
vt 0.404978 0.919972
vt 0.404978 0.921304
vt 0.403919 0.920720
vt 0.732297 0.843326
vt 0.590618 0.062380
vt 0.733768 0.846337
vt 0.732334 0.847115
vt 0.733755 0.847540
vt 0.844296 0.834898
vt 0.844208 0.832752
vt 0.847062 0.835013
vt 0.763370 0.138231
vt 0.765383 0.137506
vt 0.765383 0.138976
vt 0.855859 0.662364
vt 0.844025 0.830665
vt 0.847062 0.832864
vt 0.764441 0.136375
vt 0.729797 0.845811
vt 0.829226 0.851811
vt 0.829476 0.853485
vt 0.826148 0.851807
vt 0.762998 0.136113
vt 0.920655 0.283618
vt 0.921572 0.282961
vt 0.921572 0.284444
vt 0.829584 0.855740
vt 0.826146 0.853484
vt 0.761729 0.136842
vt 0.857112 0.660180
vt 0.602995 0.849291
vt 0.602995 0.851465
vt 0.599505 0.849344
vt 0.761228 0.138220
vt 0.675203 0.927379
vt 0.675921 0.926426
vt 0.675921 0.927573
vt 0.602775 0.853519
vt 0.599505 0.851519
vt 0.761729 0.139604
vt 0.294177 0.855285
vt 0.294466 0.853143
vt 0.297503 0.855285
vt 0.762998 0.140345
vt 0.294605 0.851069
vt 0.297540 0.853131
vt 0.764441 0.140097
vt 0.116498 0.842394
vt 0.117937 0.843192
vt 0.844247 0.836100
vt 0.847101 0.836212
vt 0.032880 0.818053
vt 0.032881 0.816109
vt 0.033301 0.818201
vt 0.031639 0.814633
vt 0.033301 0.815951
vt 0.029734 0.814315
vt 0.031861 0.814243
vt 0.028058 0.815306
vt 0.029654 0.813876
vt 0.027395 0.817140
vt 0.027714 0.815022
vt 0.028055 0.818960
vt 0.026948 0.817145
vt 0.029730 0.819914
vt 0.027714 0.819251
vt 0.031635 0.819556
vt 0.029654 0.820355
vt 0.031861 0.819940
vt 0.703031 0.886242
vt 0.703031 0.884383
vt 0.703762 0.886303
vt 0.702958 0.882569
vt 0.703734 0.884444
vt 0.899242 0.741970
vt 0.899293 0.743429
vt 0.898586 0.741921
vt 0.899173 0.745375
vt 0.898684 0.743384
vt 0.897406 0.150139
vt 0.897525 0.152015
vt 0.896823 0.150219
vt 0.897459 0.153803
vt 0.896931 0.152096
vt 0.897041 0.010952
vt 0.897104 0.009082
vt 0.897679 0.010887
vt 0.897041 0.007283
vt 0.897792 0.009018
vt 0.702958 0.887275
vt 0.703683 0.887339
vt 0.819931 0.329788
vt 0.820965 0.328562
vt 0.820185 0.330220
vt 0.820967 0.326967
vt 0.821438 0.328731
vt 0.819936 0.325751
vt 0.821438 0.326794
vt 0.818354 0.325481
vt 0.820185 0.325316
vt 0.816962 0.326285
vt 0.818265 0.324989
vt 0.816412 0.327786
vt 0.816576 0.325965
vt 0.816959 0.329282
vt 0.815909 0.327789
vt 0.818349 0.330073
vt 0.816576 0.329605
vt 0.818265 0.330566
vt 0.461436 0.857468
vt 0.461427 0.856406
vt 0.463468 0.857813
vt 0.461423 0.855368
vt 0.463332 0.856284
vt 0.798047 0.085317
vt 0.797225 0.085356
vt 0.798733 0.083593
vt 0.796114 0.085386
vt 0.797549 0.083828
vt 0.584512 0.631467
vt 0.584613 0.632536
vt 0.583047 0.631073
vt 0.584672 0.633554
vt 0.583133 0.632619
vt 0.667661 0.293483
vt 0.668725 0.293506
vt 0.667252 0.295196
vt 0.669755 0.293484
vt 0.668780 0.295428
vt 0.461446 0.858057
vt 0.463474 0.858667
vt 0.460201 0.857826
vt 0.460205 0.856428
vt 0.460210 0.855060
vt 0.798492 0.086519
vt 0.797410 0.086569
vt 0.795948 0.086619
vt 0.585726 0.631106
vt 0.585874 0.632511
vt 0.585965 0.633850
vt 0.667334 0.292264
vt 0.668735 0.292288
vt 0.670091 0.292264
vt 0.460201 0.858601
vt 0.977301 0.592717
vt 0.977188 0.592713
vt 0.977301 0.592153
vt 0.007291 0.992719
vt 0.007326 0.992658
vt 0.007326 0.992780
vt 0.977305 0.232515
vt 0.977188 0.232523
vt 0.977305 0.231951
vt 0.007220 0.992719
vt 0.977188 0.757247
vt 0.977300 0.757247
vt 0.977188 0.757810
vt 0.991957 0.640969
vt 0.992115 0.641061
vt 0.991975 0.641000
vt 0.991957 0.641152
vt 0.992080 0.641061
vt 0.991975 0.641122
vt 0.962477 0.367572
vt 0.962718 0.367582
vt 0.962549 0.368148
vt 0.962718 0.608426
vt 0.962477 0.608426
vt 0.962675 0.607855
vt 0.946244 0.680263
vt 0.946494 0.680246
vt 0.946244 0.680834
vt 0.819710 0.962805
vt 0.820061 0.962603
vt 0.819794 0.962805
vt 0.820061 0.963007
vt 0.820019 0.962675
vt 0.820019 0.962935
vt 0.882989 0.977648
vt 0.882989 0.978023
vt 0.882797 0.977647
vt 0.912255 0.977648
vt 0.912255 0.978022
vt 0.912063 0.977647
vt 0.692568 0.978037
vt 0.692568 0.977647
vt 0.692760 0.978040
vt 0.257874 0.962805
vt 0.257709 0.962710
vt 0.257998 0.962805
vt 0.257709 0.962900
vt 0.257647 0.962603
vt 0.257647 0.963008
vt 0.881262 0.299944
vt 0.881438 0.299951
vt 0.881262 0.306217
vt 0.883083 0.196220
vt 0.882908 0.196220
vt 0.883083 0.189962
vt 0.881123 0.126354
vt 0.881306 0.126341
vt 0.881123 0.132623
vt 0.977309 0.292555
vt 0.977188 0.292552
vt 0.977309 0.291991
vt 0.239998 0.992718
vt 0.239963 0.992657
vt 0.240069 0.992719
vt 0.977308 0.142459
vt 0.977188 0.142466
vt 0.977308 0.141895
vt 0.239963 0.992779
vt 0.977188 0.246964
vt 0.977309 0.246968
vt 0.977188 0.247527
vt 0.992115 0.582474
vt 0.992115 0.582657
vt 0.992098 0.582505
vt 0.991957 0.582566
vt 0.992098 0.582627
vt 0.991992 0.582566
vt 0.962477 0.112355
vt 0.962736 0.112355
vt 0.962545 0.112928
vt 0.962736 0.172980
vt 0.962477 0.172980
vt 0.962669 0.172409
vt 0.946401 0.659166
vt 0.946657 0.659157
vt 0.946401 0.659738
vt 0.716172 0.962603
vt 0.716522 0.962805
vt 0.716213 0.962675
vt 0.716172 0.963007
vt 0.716439 0.962805
vt 0.716213 0.962935
vt 0.473265 0.977647
vt 0.473265 0.978050
vt 0.473072 0.977647
vt 0.458632 0.977647
vt 0.458632 0.978050
vt 0.458439 0.977647
vt 0.619402 0.978046
vt 0.619402 0.977647
vt 0.619595 0.978046
vt 0.183980 0.962710
vt 0.183816 0.962805
vt 0.184042 0.962603
vt 0.183980 0.962900
vt 0.183692 0.962805
vt 0.184042 0.963008
vt 0.161408 0.874657
vt 0.161597 0.874662
vt 0.161408 0.880927
vt 0.880890 0.383450
vt 0.880701 0.383443
vt 0.880890 0.377187
vt 0.133613 0.874494
vt 0.133800 0.874483
vt 0.133613 0.880768
vt 0.977289 0.937914
vt 0.977188 0.937913
vt 0.977289 0.937350
vt 0.298184 0.992719
vt 0.298149 0.992658
vt 0.298255 0.992719
vt 0.977304 0.412613
vt 0.977188 0.412619
vt 0.977304 0.412049
vt 0.298149 0.992779
vt 0.977188 0.847295
vt 0.977289 0.847301
vt 0.977188 0.847859
vt 0.991957 0.904195
vt 0.992116 0.904286
vt 0.991975 0.904225
vt 0.991957 0.904377
vt 0.992080 0.904286
vt 0.847101 0.830771
vt 0.826090 0.855740
vt 0.599449 0.853577
vt 0.297459 0.851045
vt 0.703612 0.882632
vt 0.898586 0.745332
vt 0.896823 0.153883
vt 0.897766 0.007220
vt 0.463129 0.854796
vt 0.795948 0.083949
vt 0.583047 0.634097
vt 0.670260 0.295532
vt 0.977188 0.592149
vt 0.977188 0.231959
vt 0.977300 0.757810
vt 0.962718 0.368155
vt 0.962506 0.607855
vt 0.946420 0.680822
vt 0.882797 0.978022
vt 0.912063 0.978021
vt 0.692760 0.977650
vt 0.881438 0.306224
vt 0.882908 0.189962
vt 0.881306 0.132610
vt 0.977188 0.291988
vt 0.977188 0.141902
vt 0.977309 0.247531
vt 0.962727 0.112928
vt 0.962487 0.172409
vt 0.946582 0.659732
vt 0.473072 0.978050
vt 0.458439 0.978050
vt 0.619595 0.977647
vt 0.161597 0.880931
vt 0.880701 0.377181
vt 0.133800 0.880757
vt 0.977188 0.937349
vt 0.977188 0.412055
vt 0.977289 0.847865
vt 0.991975 0.904347
vt 0.962504 0.743582
vt 0.962693 0.743010
vt 0.962656 0.743582
vt 0.962630 0.727996
vt 0.962477 0.728564
vt 0.962477 0.727993
vt 0.962477 0.082888
vt 0.962724 0.082303
vt 0.962651 0.082880
vt 0.834543 0.962675
vt 0.834852 0.962805
vt 0.834768 0.962805
vt 0.834501 0.963007
vt 0.834543 0.962935
vt 0.834501 0.962603
vt 0.991957 0.199723
vt 0.992149 0.200057
vt 0.991957 0.200059
vt 0.991957 0.184942
vt 0.992149 0.185278
vt 0.991957 0.185280
vt 0.780558 0.978032
vt 0.780366 0.977648
vt 0.780558 0.977647
vt 0.435142 0.962805
vt 0.435430 0.962900
vt 0.435492 0.963007
vt 0.435430 0.962710
vt 0.435492 0.962603
vt 0.435266 0.962805
vt 0.204194 0.879203
vt 0.204352 0.872698
vt 0.204352 0.879204
vt 0.860189 0.871202
vt 0.860031 0.877699
vt 0.860031 0.871192
vt 0.583416 0.877716
vt 0.583596 0.871199
vt 0.583596 0.877708
vt 0.312366 0.978211
vt 0.312429 0.977649
vt 0.312429 0.978213
vt 0.225325 0.977647
vt 0.225240 0.978213
vt 0.225240 0.977649
vt 0.977302 0.562135
vt 0.977188 0.562696
vt 0.977188 0.562132
vt 0.991975 0.772613
vt 0.992115 0.772673
vt 0.992080 0.772673
vt 0.991957 0.772765
vt 0.991975 0.772734
vt 0.991957 0.772582
vt 0.951822 0.962611
vt 0.951727 0.963178
vt 0.951727 0.962603
vt 0.962536 0.563367
vt 0.962721 0.562794
vt 0.962708 0.563367
vt 0.036460 0.963185
vt 0.036640 0.962603
vt 0.036587 0.963179
vt 0.509364 0.962805
vt 0.509097 0.963008
vt 0.509139 0.962935
vt 0.509097 0.962603
vt 0.509139 0.962675
vt 0.509447 0.962805
vt 0.991957 0.523947
vt 0.992149 0.524162
vt 0.991957 0.524158
vt 0.868356 0.978026
vt 0.868164 0.977651
vt 0.868356 0.977647
vt 0.992149 0.391869
vt 0.991957 0.391590
vt 0.992149 0.391588
vt 0.331603 0.962805
vt 0.331892 0.962900
vt 0.331954 0.963008
vt 0.331892 0.962710
vt 0.331954 0.962603
vt 0.331727 0.962805
vt 0.876089 0.535684
vt 0.875990 0.542386
vt 0.875990 0.535685
vt 0.871093 0.352037
vt 0.871271 0.345344
vt 0.871271 0.352042
vt 0.874720 0.227485
vt 0.874852 0.220786
vt 0.874852 0.227485
vt 0.977188 0.832850
vt 0.977293 0.832290
vt 0.977293 0.832854
vt 0.977188 0.787826
vt 0.977293 0.787257
vt 0.977293 0.787821
vt 0.977188 0.277544
vt 0.977309 0.276983
vt 0.977309 0.277548
vt 0.992098 0.655745
vt 0.991957 0.655684
vt 0.991992 0.655684
vt 0.992115 0.655593
vt 0.992098 0.655623
vt 0.992115 0.655776
vt 0.962634 0.637900
vt 0.962477 0.638466
vt 0.962477 0.637892
vt 0.962541 0.142955
vt 0.962735 0.142382
vt 0.962722 0.142955
vt 0.962477 0.668508
vt 0.962702 0.667932
vt 0.962635 0.668505
vt 0.849601 0.962675
vt 0.849643 0.963007
vt 0.849601 0.962935
vt 0.849293 0.962805
vt 0.849376 0.962805
vt 0.849643 0.962603
vt 0.991957 0.170150
vt 0.992149 0.170500
vt 0.991957 0.170498
vt 0.502531 0.978050
vt 0.502339 0.977647
vt 0.502531 0.977648
vt 0.991957 0.125774
vt 0.992149 0.126125
vt 0.991957 0.126124
vt 0.272439 0.962805
vt 0.272727 0.962900
vt 0.272789 0.963008
vt 0.272727 0.962710
vt 0.272789 0.962603
vt 0.272562 0.962805
vt 0.523326 0.863650
vt 0.523163 0.870391
vt 0.523163 0.863653
vt 0.403919 0.870600
vt 0.404107 0.863874
vt 0.404107 0.870599
vt 0.051909 0.871541
vt 0.052073 0.864803
vt 0.052073 0.871540
vt 0.977188 0.172482
vt 0.977309 0.171922
vt 0.977309 0.172486
vt 0.977188 0.067409
vt 0.977310 0.066838
vt 0.977310 0.067402
vt 0.977188 0.637740
vt 0.977304 0.637177
vt 0.977304 0.637740
vt 0.992080 0.787297
vt 0.991957 0.787388
vt 0.991975 0.787358
vt 0.991957 0.787206
vt 0.991975 0.787236
vt 0.992115 0.787297
vt 0.962660 0.007221
vt 0.962477 0.007793
vt 0.962477 0.007220
vt 0.962525 0.443249
vt 0.962725 0.442678
vt 0.962699 0.443249
vt 0.946624 0.345339
vt 0.946364 0.345922
vt 0.946442 0.345346
vt 0.686898 0.962675
vt 0.686940 0.963007
vt 0.686898 0.962935
vt 0.686589 0.962805
vt 0.686673 0.962805
vt 0.686940 0.962603
vt 0.443806 0.977647
vt 0.443998 0.978051
vt 0.443806 0.978051
vt 0.809824 0.978033
vt 0.809632 0.977647
vt 0.809824 0.977648
vt 0.385274 0.977647
vt 0.385466 0.978051
vt 0.385274 0.978051
vt 0.139318 0.962805
vt 0.139607 0.962900
vt 0.139669 0.963008
vt 0.139607 0.962710
vt 0.139669 0.962603
vt 0.139442 0.962805
vt 0.866822 0.299944
vt 0.866632 0.306852
vt 0.866632 0.299949
vt 0.867971 0.038392
vt 0.868151 0.031480
vt 0.868151 0.038390
vt 0.866071 0.384095
vt 0.866261 0.377190
vt 0.866260 0.384104
vt 0.977188 0.772814
vt 0.977298 0.772252
vt 0.977298 0.772816
vt 0.977188 0.697777
vt 0.977298 0.697208
vt 0.977298 0.697772
vt 0.977188 0.322567
vt 0.977308 0.322008
vt 0.977308 0.322571
vt 0.991975 0.670369
vt 0.991957 0.670217
vt 0.991975 0.670247
vt 0.992115 0.670308
vt 0.992080 0.670308
vt 0.991957 0.670399
vt 0.962672 0.652918
vt 0.962477 0.653491
vt 0.962506 0.652918
vt 0.962547 0.233039
vt 0.962733 0.232468
vt 0.962727 0.233039
vt 0.962711 0.457690
vt 0.962477 0.458275
vt 0.962547 0.457698
vt 0.612676 0.962935
vt 0.612634 0.962603
vt 0.612676 0.962675
vt 0.612984 0.962805
vt 0.612901 0.962805
vt 0.612634 0.963008
vt 0.926696 0.977648
vt 0.926888 0.978013
vt 0.926696 0.978014
vt 0.590328 0.978046
vt 0.590136 0.977648
vt 0.590328 0.977647
vt 0.955962 0.977648
vt 0.956154 0.978011
vt 0.955962 0.978013
vt 0.465075 0.963008
vt 0.465013 0.962710
vt 0.465075 0.962603
vt 0.464848 0.962805
vt 0.464724 0.962805
vt 0.465013 0.962900
vt 0.869573 0.741920
vt 0.869402 0.748764
vt 0.869402 0.741924
vt 0.868217 0.489633
vt 0.868404 0.482772
vt 0.868404 0.489627
vt 0.868772 0.329890
vt 0.868942 0.323036
vt 0.868942 0.329905
vt 0.977188 0.742798
vt 0.977295 0.742244
vt 0.977295 0.742806
vt 0.297853 0.978211
vt 0.297925 0.977647
vt 0.297925 0.978210
vt 0.977188 0.922903
vt 0.977284 0.922345
vt 0.977284 0.922909
vt 0.992080 0.875039
vt 0.991957 0.875130
vt 0.991975 0.875100
vt 0.991957 0.874947
vt 0.991975 0.874978
vt 0.992116 0.875039
vt 0.962637 0.577822
vt 0.962477 0.578376
vt 0.962477 0.577808
vt 0.962622 0.803058
vt 0.962477 0.803625
vt 0.962477 0.803054
vt 0.922721 0.962603
vt 0.922568 0.963183
vt 0.922613 0.962608
vt 0.701647 0.962805
vt 0.701380 0.963007
vt 0.701422 0.962935
vt 0.701380 0.962603
vt 0.701422 0.962675
vt 0.701731 0.962805
vt 0.992149 0.081740
vt 0.991957 0.081391
vt 0.992149 0.081385
vt 0.992149 0.273893
vt 0.991957 0.273575
vt 0.992149 0.273574
vt 0.991957 0.479927
vt 0.992149 0.480163
vt 0.991957 0.480167
vt 0.109736 0.963008
vt 0.109962 0.962805
vt 0.110086 0.962805
vt 0.109798 0.962710
vt 0.109736 0.962603
vt 0.109798 0.962900
vt 0.871553 0.686923
vt 0.871719 0.680246
vt 0.871719 0.686914
vt 0.544862 0.874064
vt 0.545011 0.867389
vt 0.545011 0.874057
vt 0.875603 0.857324
vt 0.875715 0.850662
vt 0.875715 0.857333
vt 0.977188 0.352582
vt 0.977310 0.352024
vt 0.977310 0.352585
vt 0.021765 0.978216
vt 0.021859 0.977647
vt 0.021859 0.978211
vt 0.080006 0.977647
vt 0.079911 0.978212
vt 0.079911 0.977649
vt 0.992098 0.801982
vt 0.991957 0.801921
vt 0.991992 0.801921
vt 0.992115 0.801829
vt 0.992098 0.801860
vt 0.992115 0.802012
vt 0.962554 0.278072
vt 0.962737 0.277505
vt 0.962736 0.278072
vt 0.962500 0.938753
vt 0.962682 0.938182
vt 0.962644 0.938753
vt 0.962680 0.878132
vt 0.962477 0.878706
vt 0.962537 0.878133
vt 0.538721 0.962935
vt 0.538679 0.962603
vt 0.538721 0.962675
vt 0.539029 0.962805
vt 0.538946 0.962805
vt 0.538679 0.963008
vt 0.370833 0.978052
vt 0.370641 0.977647
vt 0.370833 0.977647
vt 0.991957 0.303098
vt 0.992149 0.303417
vt 0.991957 0.303415
vt 0.991957 0.347378
vt 0.992149 0.347696
vt 0.991957 0.347694
vt 0.228065 0.963008
vt 0.228291 0.962805
vt 0.228415 0.962805
vt 0.228127 0.962710
vt 0.228065 0.962603
vt 0.228127 0.962900
vt 0.874088 0.808991
vt 0.874277 0.802402
vt 0.874277 0.808974
vt 0.876860 0.836203
vt 0.877008 0.829646
vt 0.877008 0.836212
vt 0.809044 0.871210
vt 0.808896 0.877745
vt 0.808896 0.871209
vt 0.977188 0.712782
vt 0.977297 0.712222
vt 0.977297 0.712786
vt 0.977188 0.157478
vt 0.977307 0.156907
vt 0.977307 0.157471
vt 0.977308 0.457077
vt 0.977188 0.457638
vt 0.977188 0.457075
vt 0.991992 0.538695
vt 0.992115 0.538603
vt 0.992098 0.538633
vt 0.992115 0.538786
vt 0.992098 0.538755
vt 0.991957 0.538695
vt 0.962641 0.532752
vt 0.962477 0.533318
vt 0.962477 0.532744
vt 0.962532 0.293084
vt 0.962733 0.292512
vt 0.962712 0.293084
vt 0.948036 0.241926
vt 0.947781 0.242507
vt 0.947857 0.241932
vt 0.760854 0.962935
vt 0.760545 0.962805
vt 0.760629 0.962805
vt 0.760896 0.962603
vt 0.760854 0.962675
vt 0.760896 0.963007
vt 0.992149 0.022390
vt 0.991957 0.022025
vt 0.992149 0.022027
vt 0.634035 0.977647
vt 0.634228 0.978046
vt 0.634035 0.978045
vt 0.677935 0.977647
vt 0.678127 0.978045
vt 0.677935 0.978045
vt 0.376327 0.962805
vt 0.376039 0.962710
vt 0.375977 0.962603
vt 0.376039 0.962900
vt 0.375977 0.963007
vt 0.376203 0.962805
vt 0.507716 0.873105
vt 0.507886 0.866445
vt 0.507886 0.873090
vt 0.617616 0.871615
vt 0.617803 0.864990
vt 0.617803 0.871626
vt 0.875816 0.054572
vt 0.875629 0.061177
vt 0.875629 0.054567
vt 0.977188 0.217507
vt 0.977310 0.216947
vt 0.977310 0.217511
vt 0.977188 0.382603
vt 0.977304 0.382033
vt 0.977304 0.382597
vt 0.977304 0.472086
vt 0.977188 0.472645
vt 0.977188 0.472081
vt 0.991975 0.699494
vt 0.992115 0.699555
vt 0.992080 0.699555
vt 0.991957 0.699647
vt 0.991975 0.699616
vt 0.991957 0.699464
vt 0.962550 0.052846
vt 0.962737 0.052274
vt 0.962733 0.052846
vt 0.962551 0.413211
vt 0.962725 0.412640
vt 0.962725 0.413211
vt 0.962726 0.022234
vt 0.962477 0.022819
vt 0.962551 0.022243
vt 0.775378 0.962935
vt 0.775337 0.962603
vt 0.775378 0.962675
vt 0.775687 0.962805
vt 0.775604 0.962805
vt 0.775337 0.963007
vt 0.356200 0.978052
vt 0.356008 0.977647
vt 0.356200 0.977647
vt 0.736467 0.977648
vt 0.736659 0.978033
vt 0.736467 0.978033
vt 0.707201 0.977648
vt 0.707393 0.978034
vt 0.707201 0.978035
vt 0.154460 0.963008
vt 0.154398 0.962710
vt 0.154460 0.962603
vt 0.154233 0.962805
vt 0.154109 0.962805
vt 0.154398 0.962900
vt 0.875603 0.878162
vt 0.875792 0.871774
vt 0.875792 0.878150
vt 0.246969 0.879821
vt 0.247150 0.873458
vt 0.247150 0.879831
vt 0.372019 0.873463
vt 0.371837 0.879814
vt 0.371837 0.873459
vt 0.977294 0.877312
vt 0.977188 0.877875
vt 0.977188 0.877311
vt 0.109082 0.977647
vt 0.108984 0.978209
vt 0.108984 0.977647
vt 0.167225 0.977653
vt 0.167140 0.978211
vt 0.167140 0.977647
vt 0.991975 0.553257
vt 0.992115 0.553318
vt 0.992080 0.553318
vt 0.991957 0.553410
vt 0.991975 0.553379
vt 0.991957 0.553227
vt 0.962510 0.713552
vt 0.962703 0.712979
vt 0.962669 0.713552
vt 0.065756 0.963177
vt 0.065884 0.962610
vt 0.065884 0.963182
vt 0.962499 0.893716
vt 0.962686 0.893147
vt 0.962646 0.893716
vt 0.731005 0.962935
vt 0.730963 0.962603
vt 0.731005 0.962675
vt 0.731313 0.962805
vt 0.731230 0.962805
vt 0.730963 0.963007
vt 0.992149 0.111332
vt 0.991957 0.110982
vt 0.992149 0.110980
vt 0.991957 0.362139
vt 0.992149 0.362420
vt 0.991957 0.362422
vt 0.992149 0.229598
vt 0.991957 0.229282
vt 0.992149 0.229274
vt 0.287580 0.963007
vt 0.287518 0.962710
vt 0.287580 0.962603
vt 0.287354 0.962805
vt 0.287230 0.962805
vt 0.287518 0.962900
vt 0.882218 0.156416
vt 0.882383 0.150139
vt 0.882383 0.156410
vt 0.090340 0.884631
vt 0.090473 0.878367
vt 0.090473 0.884635
vt 0.883383 0.329289
vt 0.883535 0.323021
vt 0.883535 0.329290
vt 0.210799 0.977650
vt 0.210715 0.978211
vt 0.210715 0.977647
vt 0.977308 0.186926
vt 0.977188 0.187495
vt 0.977188 0.186932
vt 0.268817 0.978213
vt 0.268900 0.977647
vt 0.268900 0.978210
vt 0.991975 0.597128
vt 0.992115 0.597189
vt 0.992080 0.597189
vt 0.991957 0.597281
vt 0.991975 0.597250
vt 0.991957 0.597098
vt 0.021893 0.963182
vt 0.022019 0.962616
vt 0.022019 0.963191
vt 0.893525 0.962603
vt 0.893357 0.963174
vt 0.893400 0.962603
vt 0.962477 0.067863
vt 0.962734 0.067287
vt 0.962658 0.067858
vt 0.642525 0.962675
vt 0.642566 0.963007
vt 0.642525 0.962935
vt 0.642216 0.962806
vt 0.642299 0.962805
vt 0.642566 0.962603
vt 0.991957 0.421037
vt 0.992149 0.421318
vt 0.991957 0.421316
vt 0.991957 0.465204
vt 0.992149 0.465483
vt 0.991957 0.465480
vt 0.546429 0.978047
vt 0.546237 0.977649
vt 0.546429 0.977647
vt 0.390768 0.962603
vt 0.390830 0.962900
vt 0.390768 0.963007
vt 0.390994 0.962805
vt 0.391118 0.962805
vt 0.390830 0.962710
vt 0.488866 0.885007
vt 0.488997 0.878741
vt 0.488997 0.885010
vt 0.220258 0.879537
vt 0.220128 0.885799
vt 0.220128 0.879539
vt 0.267529 0.881242
vt 0.267716 0.874975
vt 0.267716 0.881236
vt 0.962477 0.743010
vt 0.962694 0.728569
vt 0.962477 0.082316
vt 0.992149 0.199721
vt 0.992149 0.184940
vt 0.780366 0.978033
vt 0.204194 0.872697
vt 0.860189 0.877708
vt 0.583416 0.871207
vt 0.312366 0.977647
vt 0.167301 0.992719
vt 0.167337 0.992658
vt 0.167337 0.992780
vt 0.225325 0.978211
vt 0.167231 0.992719
vt 0.977302 0.562699
vt 0.951862 0.963189
vt 0.962477 0.562794
vt 0.036460 0.962612
vt 0.992149 0.523952
vt 0.868164 0.978030
vt 0.991957 0.391872
vt 0.876089 0.542386
vt 0.871093 0.345339
vt 0.874720 0.220786
vt 0.977188 0.832286
vt 0.036384 0.992719
vt 0.036419 0.992779
vt 0.036313 0.992719
vt 0.977188 0.787262
vt 0.036419 0.992657
vt 0.977188 0.276980
vt 0.962701 0.638478
vt 0.962477 0.142382
vt 0.962477 0.667936
vt 0.992149 0.170152
vt 0.502339 0.978048
vt 0.992149 0.125775
vt 0.523326 0.870388
vt 0.403919 0.863876
vt 0.051909 0.864804
vt 0.977188 0.171918
vt 0.992028 0.933442
vt 0.992063 0.933503
vt 0.991957 0.933442
vt 0.977188 0.066845
vt 0.992063 0.933381
vt 0.977188 0.637177
vt 0.962737 0.007794
vt 0.962477 0.442678
vt 0.946624 0.345912
vt 0.443998 0.977647
vt 0.809632 0.978032
vt 0.385466 0.977647
vt 0.866822 0.306847
vt 0.867971 0.031483
vt 0.866071 0.377181
vt 0.977188 0.772251
vt 0.065441 0.992718
vt 0.065406 0.992779
vt 0.065406 0.992657
vt 0.977188 0.697213
vt 0.065512 0.992718
vt 0.977188 0.322003
vt 0.962713 0.653491
vt 0.962477 0.232468
vt 0.962711 0.458263
vt 0.926888 0.977647
vt 0.590136 0.978046
vt 0.956154 0.977647
vt 0.869573 0.748760
vt 0.868217 0.482778
vt 0.868772 0.323020
vt 0.977188 0.742236
vt 0.123662 0.992718
vt 0.123697 0.992779
vt 0.123592 0.992718
vt 0.297853 0.977648
vt 0.123697 0.992658
vt 0.977188 0.922339
vt 0.962705 0.578396
vt 0.962683 0.803631
vt 0.922721 0.963176
vt 0.991957 0.081746
vt 0.991957 0.273895
vt 0.992149 0.479924
vt 0.871553 0.680255
vt 0.544862 0.867397
vt 0.875603 0.850653
vt 0.977188 0.352020
vt 0.181848 0.992719
vt 0.181883 0.992779
vt 0.181777 0.992718
vt 0.021765 0.977652
vt 0.181883 0.992658
vt 0.080006 0.978210
vt 0.962477 0.277505
vt 0.962477 0.938182
vt 0.962680 0.878704
vt 0.370641 0.978052
vt 0.992149 0.303100
vt 0.992149 0.347381
vt 0.874088 0.802419
vt 0.876860 0.829637
vt 0.809044 0.877745
vt 0.977188 0.712218
vt 0.992027 0.948005
vt 0.991957 0.948005
vt 0.992063 0.947944
vt 0.977188 0.156913
vt 0.992063 0.948066
vt 0.977308 0.457640
vt 0.962710 0.533328
vt 0.962477 0.292512
vt 0.948036 0.242499
vt 0.991957 0.022389
vt 0.634228 0.977647
vt 0.678127 0.977648
vt 0.507716 0.866461
vt 0.617616 0.864978
vt 0.875816 0.061182
vt 0.977188 0.216944
vt 0.269091 0.992719
vt 0.269056 0.992779
vt 0.269056 0.992658
vt 0.977188 0.382039
vt 0.269162 0.992719
vt 0.977304 0.472650
vt 0.962477 0.052274
vt 0.962477 0.412640
vt 0.962726 0.022807
vt 0.356008 0.978052
vt 0.736659 0.977647
vt 0.707393 0.977647
vt 0.875603 0.871786
vt 0.246969 0.873448
vt 0.372019 0.879818
vt 0.977294 0.877875
vt 0.109116 0.992719
vt 0.109045 0.992718
vt 0.109151 0.992658
vt 0.109082 0.978209
vt 0.109151 0.992779
vt 0.167225 0.978217
vt 0.962477 0.712979
vt 0.065703 0.962603
vt 0.962477 0.893147
vt 0.991957 0.111333
vt 0.992149 0.362137
vt 0.991957 0.229606
vt 0.882218 0.150146
vt 0.090340 0.878362
vt 0.883383 0.323020
vt 0.210799 0.978215
vt 0.254580 0.992718
vt 0.254510 0.992718
vt 0.254615 0.992657
vt 0.977308 0.187490
vt 0.254615 0.992779
vt 0.268817 0.977650
vt 0.021840 0.962603
vt 0.893534 0.963174
vt 0.962477 0.067293
vt 0.992149 0.421039
vt 0.992149 0.465207
vt 0.546237 0.978049
vt 0.488866 0.878739
vt 0.220258 0.885796
vt 0.267529 0.874981
vt 0.936841 0.829637
vt 0.936859 0.829640
vt 0.936841 0.831078
vt 0.854605 0.662281
vt 0.937198 0.922927
vt 0.937213 0.922921
vt 0.937213 0.924350
vt 0.733764 0.845040
vt 0.117958 0.842149
vt 0.117935 0.844486
vt 0.937739 0.614234
vt 0.937719 0.614236
vt 0.937719 0.612799
vt 0.117935 0.844496
vt 0.221253 0.919803
vt 0.935189 0.873272
vt 0.935174 0.873266
vt 0.935189 0.871774
vt 0.115079 0.842140
vt 0.116528 0.841474
vt 0.733745 0.843997
vt 0.115058 0.845683
vt 0.115079 0.846471
vt 0.772956 0.842782
vt 0.548430 0.850480
vt 0.530335 0.394285
vt 0.524274 0.394450
vt 0.549371 0.318252
vt 0.524307 0.318953
vt 0.505412 0.007220
vt 0.524922 0.082389
vt 0.498646 0.007348
vt 0.498681 0.082868
vt 0.524274 0.243461
vt 0.530335 0.243296
vt 0.498646 0.158385
vt 0.505412 0.158257
vt 0.639486 0.410555
vt 0.629938 0.452705
vt 0.627526 0.410555
vt 0.639143 0.452705
vt 0.461550 0.634686
vt 0.473466 0.629174
vt 0.472084 0.641452
vt 0.460201 0.618246
vt 0.639123 0.454635
vt 0.629918 0.454635
vt 0.606453 0.217033
vt 0.608904 0.154953
vt 0.613938 0.217033
vt 0.606457 0.154953
vt 0.523163 0.783482
vt 0.530375 0.771429
vt 0.530375 0.783373
vt 0.523163 0.771537
vt 0.624802 0.548777
vt 0.632285 0.486789
vt 0.627248 0.548773
vt 0.624802 0.486801
vt 0.306138 0.597057
vt 0.303796 0.639201
vt 0.294177 0.597057
vt 0.294591 0.639201
vt 0.682986 0.744214
vt 0.675206 0.726710
vt 0.680978 0.726710
vt 0.675203 0.744214
vt 0.336950 0.822212
vt 0.336950 0.831404
vt 0.334593 0.822247
vt 0.334593 0.831439
vt 0.590532 0.554594
vt 0.585494 0.616631
vt 0.583047 0.554596
vt 0.583047 0.616632
vt 0.294177 0.792526
vt 0.294177 0.780565
vt 0.300079 0.792587
vt 0.300079 0.780626
vt 0.608907 0.078412
vt 0.613936 0.140512
vt 0.606461 0.078412
vt 0.606453 0.140512
vt 0.702981 0.771450
vt 0.711877 0.778381
vt 0.702958 0.778450
vt 0.490130 0.741824
vt 0.501216 0.753565
vt 0.490130 0.753937
vt 0.501216 0.741616
vt 0.345223 0.716715
vt 0.333009 0.730713
vt 0.332653 0.716710
vt 0.711877 0.767314
vt 0.502527 0.712597
vt 0.502177 0.727099
vt 0.490130 0.712675
vt 0.312696 0.992658
vt 0.345223 0.730718
vt 0.590913 0.228855
vt 0.583942 0.218574
vt 0.590913 0.219224
vt 0.490130 0.727175
vt 0.583943 0.228076
vt 0.161408 0.663831
vt 0.173250 0.675305
vt 0.161408 0.681022
vt 0.171773 0.687744
vt 0.738262 0.284569
vt 0.732491 0.284570
vt 0.740274 0.267065
vt 0.732491 0.267066
vt 0.738282 0.623118
vt 0.738282 0.635279
vt 0.726944 0.629550
vt 0.726944 0.635111
vt 0.523163 0.639840
vt 0.540208 0.639893
vt 0.527592 0.660517
vt 0.540208 0.660555
vt 0.379998 0.713864
vt 0.373860 0.713864
vt 0.385283 0.699343
vt 0.371837 0.699343
vt 0.327136 0.992658
vt 0.715354 0.707019
vt 0.703308 0.721677
vt 0.702958 0.706964
vt 0.490130 0.779442
vt 0.490130 0.768378
vt 0.499027 0.772497
vt 0.731684 0.551640
vt 0.731327 0.565598
vt 0.719114 0.551650
vt 0.584979 0.850853
vt 0.584979 0.856680
vt 0.583416 0.856758
vt 0.911780 0.598344
vt 0.910768 0.598314
vt 0.910768 0.596765
vt 0.800925 0.132472
vt 0.796013 0.126348
vt 0.796410 0.126342
vt 0.753359 0.460115
vt 0.749935 0.463970
vt 0.750733 0.461051
vt 0.844025 0.856926
vt 0.845590 0.851313
vt 0.845590 0.856911
vt 0.844029 0.851323
vt 0.911780 0.596794
vt 0.749353 0.445634
vt 0.766318 0.075185
vt 0.762369 0.054576
vt 0.766720 0.054567
vt 0.762369 0.075257
vt 0.801010 0.131463
vt 0.728167 0.608656
vt 0.733242 0.587273
vt 0.733242 0.608677
vt 0.797987 0.720088
vt 0.798619 0.709173
vt 0.798619 0.720001
vt 0.792689 0.715317
vt 0.798170 0.709169
vt 0.796564 0.137186
vt 0.059378 0.733552
vt 0.057719 0.749010
vt 0.055069 0.747881
vt 0.583416 0.850931
vt 0.734260 0.372909
vt 0.729186 0.373026
vt 0.729186 0.351838
vt 0.754179 0.443296
vt 0.796016 0.137103
vt 0.373555 0.817039
vt 0.371837 0.811656
vt 0.377525 0.812136
vt 0.464328 0.818735
vt 0.460201 0.813540
vt 0.465908 0.813540
vt 0.054522 0.730856
vt 0.845531 0.850653
vt 0.735491 0.351763
vt 0.058717 0.752063
vt 0.054522 0.751308
vt 0.792585 0.714310
vt 0.795075 0.137187
vt 0.754179 0.463493
vt 0.844033 0.850662
vt 0.377525 0.818845
vt 0.761410 0.121614
vt 0.761228 0.101067
vt 0.765724 0.101067
vt 0.765501 0.121672
vt 0.460385 0.820201
vt 0.584936 0.850381
vt 0.726944 0.587314
vt 0.795075 0.126341
vt 0.583436 0.850456
vt 0.729795 0.727480
vt 0.732183 0.706964
vt 0.736459 0.726746
vt 0.728264 0.463107
vt 0.732530 0.443431
vt 0.734912 0.464083
vt 0.728264 0.443296
vt 0.736459 0.706985
vt 0.810461 0.856769
vt 0.808897 0.856753
vt 0.808897 0.850930
vt 0.702958 0.919919
vt 0.702958 0.918364
vt 0.703970 0.918359
vt 0.800621 0.101067
vt 0.801067 0.101070
vt 0.795180 0.107206
vt 0.073645 0.836072
vt 0.075108 0.839973
vt 0.070877 0.835253
vt 0.351498 0.857618
vt 0.351498 0.852018
vt 0.353060 0.857545
vt 0.353062 0.851939
vt 0.703970 0.919913
vt 0.117044 0.778750
vt 0.114470 0.777684
vt 0.119172 0.763417
vt 0.762565 0.154953
vt 0.766932 0.154953
vt 0.762583 0.175464
vt 0.766547 0.175521
vt 0.795075 0.106198
vt 0.730163 0.428649
vt 0.730163 0.407425
vt 0.735236 0.428606
vt 0.007220 0.804466
vt 0.007220 0.793618
vt 0.007756 0.804544
vt 0.007609 0.793607
vt 0.012034 0.799709
vt 0.800439 0.111900
vt 0.011992 0.777955
vt 0.009377 0.779166
vt 0.007220 0.763773
vt 0.810461 0.850946
vt 0.732901 0.486860
vt 0.732901 0.508282
vt 0.727827 0.508171
vt 0.460201 0.644546
vt 0.471467 0.645961
vt 0.657343 0.027684
vt 0.644727 0.007304
vt 0.661772 0.007220
vt 0.644727 0.027746
vt 0.234851 0.676860
vt 0.220128 0.693883
vt 0.220128 0.686383
vt 0.234851 0.693290
vt 0.718875 0.119456
vt 0.731441 0.119423
vt 0.731085 0.133367
vt 0.582258 0.648742
vt 0.576730 0.668530
vt 0.565779 0.648776
vt 0.442086 0.774339
vt 0.432017 0.774184
vt 0.442086 0.770164
vt 0.432017 0.763631
vt 0.371837 0.745217
vt 0.371852 0.728305
vt 0.379358 0.745217
vt 0.376183 0.728305
vt 0.410778 0.784053
vt 0.403919 0.783580
vt 0.410778 0.772442
vt 0.090340 0.721460
vt 0.092004 0.707326
vt 0.103335 0.721460
vt 0.718875 0.133399
vt 0.693424 0.138469
vt 0.694046 0.128858
vt 0.701007 0.128514
vt 0.700392 0.137997
vt 0.677189 0.030660
vt 0.676213 0.019306
vt 0.688201 0.023899
vt 0.688201 0.007220
vt 0.715354 0.721731
vt 0.097936 0.707326
vt 0.161408 0.742872
vt 0.161408 0.730923
vt 0.172267 0.731462
vt 0.693424 0.119930
vt 0.704434 0.119423
vt 0.232528 0.723028
vt 0.220478 0.723007
vt 0.220128 0.708324
vt 0.565779 0.668553
vt 0.232528 0.708346
vt 0.172267 0.743575
vt 0.403919 0.771811
vt 0.404275 0.727979
vt 0.403919 0.713970
vt 0.416485 0.713981
vt 0.506609 0.646875
vt 0.495658 0.666820
vt 0.490130 0.646848
vt 0.191780 0.648986
vt 0.202237 0.650822
vt 0.192271 0.652367
vt 0.200997 0.642275
vt 0.275049 0.727661
vt 0.267529 0.744579
vt 0.267529 0.727668
vt 0.271860 0.744576
vt 0.719114 0.565608
vt 0.490130 0.681279
vt 0.504029 0.698156
vt 0.490130 0.697159
vt 0.499050 0.779495
vt 0.416485 0.727990
vt 0.729795 0.771722
vt 0.736810 0.771300
vt 0.736810 0.783070
vt 0.729795 0.783334
vt 0.114470 0.760842
vt 0.801067 0.111814
vt 0.139154 0.820495
vt 0.133613 0.820758
vt 0.135189 0.815467
vt 0.652098 0.819733
vt 0.646583 0.820311
vt 0.650529 0.814656
vt 0.011992 0.760928
vt 0.351513 0.851356
vt 0.726597 0.486789
vt 0.729050 0.387586
vt 0.729050 0.392627
vt 0.724784 0.392938
vt 0.012119 0.798698
vt 0.833596 0.137105
vt 0.833599 0.126350
vt 0.834537 0.137187
vt 0.070877 0.840300
vt 0.353014 0.851280
vt 0.139154 0.813810
vt 0.546119 0.742076
vt 0.550602 0.742049
vt 0.550197 0.762648
vt 0.189643 0.636240
vt 0.202237 0.625300
vt 0.763520 0.680821
vt 0.763520 0.691859
vt 0.753682 0.679607
vt 0.504029 0.690907
vt 0.575640 0.751668
vt 0.575507 0.762761
vt 0.565779 0.763753
vt 0.761696 0.770047
vt 0.761696 0.781072
vt 0.752775 0.773905
vt 0.535563 0.713042
vt 0.535213 0.727582
vt 0.523163 0.727608
vt 0.506609 0.666838
vt 0.523163 0.713069
vt 0.565779 0.752673
vt 0.752751 0.780876
vt 0.753815 0.690661
vt 0.728796 0.076022
vt 0.733154 0.055367
vt 0.733071 0.076022
vt 0.725952 0.310995
vt 0.730221 0.331597
vt 0.725952 0.331682
vt 0.732604 0.310061
vt 0.726494 0.054567
vt 0.810421 0.850472
vt 0.808920 0.850457
vt 0.834537 0.126341
vt 0.736459 0.407442
vt 0.646583 0.813594
vt 0.726249 0.388821
vt 0.546119 0.762736
s 1
usemtl Mat_Trench_Side
f 23/1/1 41/2/1 43/3/1
f 44/4/2 12/5/2 1/6/2
f 15/7/3 38/8/3 39/9/3
f 18/10/4 32/11/4 15/12/4
f 9/13/5 40/14/5 41/15/5
f 41/15/5 24/16/5 9/13/5
f 16/17/5 14/18/5 11/19/5
f 11/19/5 37/20/5 16/17/5
f 9/21/6 16/22/6 37/23/6
f 37/23/6 40/24/6 9/21/6
f 6/25/7 11/26/7 14/27/7
f 14/27/7 13/28/7 6/25/7
f 42/29/8 23/30/8 43/31/8
f 43/31/8 44/32/8 42/29/8
f 2/33/9 36/34/9 26/35/9
f 26/35/9 5/36/9 2/33/9
f 39/9/10 38/8/10 33/37/10
f 33/37/11 4/38/11 39/9/11
f 2/39/12 6/40/12 13/41/12
f 13/41/12 36/42/12 2/39/12
f 22/43/13 19/44/13 27/45/13
f 27/45/13 7/46/14 22/43/13
f 27/47/5 1/48/5 12/49/5
f 24/50/1 41/2/1 23/1/1
f 17/51/15 31/52/15 34/53/15
f 15/12/4 10/54/4 18/10/4
f 32/55/16 18/56/16 17/51/16
f 17/51/16 34/53/16 32/55/16
f 31/52/3 30/57/3 28/58/3
f 34/53/15 31/52/15 35/59/15
f 28/60/17 30/61/17 29/62/17
f 29/62/17 20/63/17 28/60/17
f 20/64/3 29/65/3 25/66/3
f 25/66/3 21/67/3 20/64/3
f 28/58/3 35/59/3 31/52/3
f 10/68/3 15/7/3 39/9/3
f 21/67/18 25/66/18 5/36/18
f 5/36/18 26/35/18 21/67/18
f 1/6/2 42/69/2 44/4/2
f 27/47/5 19/70/5 1/48/5
f 50/71/19 51/72/19 53/73/20
f 50/71/19 58/74/21 51/72/19
f 54/75/22 47/76/22 45/77/22
f 49/78/23 55/79/23 56/80/23
f 52/81/24 59/82/25 60/83/26
f 57/84/27 59/82/25 52/81/24
f 48/85/28 56/86/29 47/87/30
f 46/88/31 45/89/32 55/90/31
f 48/91/23 49/78/23 56/80/23
f 49/92/33 46/88/31 55/90/31
f 51/93/34 58/94/34 52/95/34
f 58/94/34 57/96/34 52/95/34
f 46/97/22 54/75/22 45/77/22
f 54/98/35 48/85/28 47/87/30
f 53/99/36 51/100/36 60/101/36
f 51/100/36 52/102/36 60/101/36
f 50/103/37 53/99/37 59/104/37
f 53/99/37 60/101/37 59/104/37
f 58/105/38 50/106/38 57/107/38
f 50/106/38 59/108/38 57/107/38
f 54/75/39 46/97/39 48/109/39
f 46/97/39 49/110/39 48/109/39
f 45/111/40 47/112/41 56/113/42
f 55/114/40 45/111/40 56/113/42
f 69/115/43 67/116/44 66/117/44
f 67/116/44 74/118/45 66/117/44
f 61/119/46 63/120/46 70/121/46
f 72/122/47 71/123/47 65/124/47
f 3/125/48 8/126/49 68/127/49
f 68/127/49 8/126/49 73/128/50
f 63/129/51 72/130/52 64/131/51
f 71/132/53 61/133/54 62/134/55
f 72/122/47 65/124/47 64/135/47
f 71/132/53 62/134/55 65/136/56
f 68/137/57 74/138/57 67/139/57
f 68/137/57 73/140/57 74/138/57
f 61/119/46 70/121/46 62/141/46
f 63/129/51 64/131/51 70/142/58
f 3/143/59 67/144/59 69/145/59
f 3/143/59 68/146/59 67/144/59
f 8/147/60 69/148/60 66/149/60
f 8/147/60 3/150/60 69/148/60
f 73/151/38 66/152/38 74/153/38
f 73/151/38 8/154/38 66/152/38
f 64/135/39 62/155/39 70/156/39
f 64/135/39 65/124/39 62/155/39
f 72/157/61 63/158/62 61/159/63
f 72/157/61 61/159/63 71/160/63
usemtl Mat_Head_Neck_Final
f 79/161/64 75/162/65 80/163/65
f 75/162/65 79/161/64 76/164/66
f 81/165/67 76/164/66 79/161/64
f 76/164/66 81/165/67 83/166/67
f 85/167/68 78/168/69 86/169/70
f 78/168/69 85/167/68 77/170/71
f 82/171/72 86/172/70 84/173/73
f 86/172/70 82/171/72 85/174/68
f 86/175/74 75/176/75 76/177/76
f 75/176/75 86/175/74 78/178/77
f 84/179/78 76/177/79 83/180/80
f 76/177/79 84/179/78 86/175/81
f 82/171/82 83/181/82 81/182/82
f 83/181/82 82/171/82 84/173/82
f 85/183/83 81/184/83 79/185/83
f 81/184/83 85/183/83 82/186/83
f 77/187/84 79/185/84 80/188/84
f 79/185/84 77/187/84 85/183/84
f 78/189/85 80/190/85 75/191/85
f 80/190/85 78/189/85 77/192/85
f 123/193/86 117/194/86 116/195/86
f 99/196/86 98/197/86 93/198/86
f 97/199/86 99/196/86 93/198/86
f 130/200/87 89/201/87 88/202/87
f 130/200/87 90/203/87 89/201/87
f 99/204/85 97/205/85 114/206/85
f 114/206/85 115/207/85 99/204/85
f 98/208/88 99/209/88 115/210/88
f 115/210/88 94/211/88 98/208/88
f 93/212/82 98/213/82 94/214/82
f 94/214/82 87/215/82 93/212/82
f 97/216/89 93/217/89 87/218/89
f 128/219/90 92/220/91 91/221/92
f 130/200/87 95/222/87 90/203/87
f 87/218/89 114/223/89 97/216/89
f 114/224/93 87/215/93 94/214/93
f 94/214/93 115/225/93 114/224/93
f 121/226/93 120/227/93 118/228/93
f 118/228/93 119/229/93 121/226/93
f 119/230/89 118/231/89 116/232/89
f 116/195/86 122/233/86 123/193/86
f 116/232/89 117/234/89 119/230/89
f 121/226/82 119/229/82 117/235/82
f 125/236/94 103/237/95 105/238/96
f 101/239/97 112/240/97 127/241/97
f 127/241/97 112/240/97 126/242/97
f 126/242/97 112/240/97 113/243/97
f 90/244/98 129/245/98 128/246/90
f 89/247/99 90/244/98 128/246/90
f 89/248/99 128/249/90 91/250/92
f 88/251/100 89/248/99 91/250/92
f 130/252/101 88/251/100 92/253/101
f 88/251/100 91/250/92 92/253/101
f 95/254/102 130/255/103 96/256/104
f 130/255/103 92/257/91 96/256/104
f 129/258/105 92/220/91 128/219/90
f 96/259/104 92/220/91 129/258/105
f 90/260/106 95/261/107 129/262/105
f 95/261/107 96/263/104 129/262/105
f 125/264/94 112/265/108 124/266/109
f 112/265/108 101/267/108 124/266/109
f 105/268/96 113/269/110 125/270/111
f 113/269/110 112/271/111 125/270/111
f 103/272/95 126/273/112 105/274/96
f 126/273/112 113/275/110 105/274/96
f 102/276/113 127/277/113 103/278/95
f 127/277/113 126/279/112 103/278/95
f 125/236/94 124/280/109 102/281/114
f 106/282/88 110/283/88 111/284/88
f 111/284/88 107/285/88 106/282/88
f 101/286/115 127/277/116 102/276/114
f 124/287/109 101/286/115 102/276/114
f 118/288/85 120/289/85 122/290/85
f 108/291/93 109/292/93 111/293/93
f 111/293/93 110/294/93 108/291/93
f 100/295/86 106/296/86 107/297/86
f 107/297/86 104/298/86 100/295/86
f 122/290/85 116/299/85 118/288/85
f 125/236/94 102/281/114 103/237/95
f 106/300/85 100/301/85 108/302/85
f 108/302/85 110/303/85 106/300/85
f 104/304/82 107/305/82 111/293/82
f 111/293/82 109/292/82 104/304/82
f 100/306/89 104/307/89 109/308/89
f 109/308/89 108/309/89 100/306/89
f 121/310/88 123/311/88 122/312/88
f 122/312/88 120/313/88 121/310/88
f 117/235/82 123/314/82 121/226/82
f 131/315/117 143/316/118 138/317/119
f 143/316/118 131/315/117 141/318/120
f 133/319/121 173/320/122 146/321/123
f 146/321/123 149/322/124 150/323/125
f 162/324/126 159/325/127 134/326/128
f 178/327/129 177/328/130 157/329/130
f 133/330/131 141/331/132 131/332/133
f 141/331/132 133/330/131 146/333/134
f 171/334/135 131/332/133 138/335/135
f 131/332/133 171/334/135 133/330/131
f 160/336/136 138/337/136 143/338/137
f 138/337/136 160/336/136 171/339/138
f 171/340/139 145/341/140 172/342/139
f 139/343/82 161/344/82 176/345/82
f 140/346/141 135/347/142 169/348/143
f 162/324/126 148/349/144 159/325/127
f 157/350/145 140/351/146 178/352/147
f 169/353/148 155/354/149 178/352/147
f 169/353/148 178/352/147 140/351/146
f 155/355/150 179/356/129 178/327/129
f 142/357/88 144/358/88 148/349/144
f 163/359/86 153/360/151 156/361/152
f 159/362/127 167/363/153 134/364/128
f 156/361/152 168/365/86 163/359/86
f 136/366/154 139/343/154 169/367/155
f 155/355/149 169/367/148 139/343/154
f 159/362/127 165/368/156 167/363/153
f 158/369/157 137/370/157 135/371/137
f 147/372/82 143/316/118 141/318/120
f 141/318/120 154/373/82 147/372/82
f 160/374/158 174/375/159 145/341/140
f 133/319/121 172/342/139 170/376/121
f 137/377/160 161/344/82 132/378/82
f 150/323/125 174/375/159 151/379/161
f 135/347/142 140/346/141 158/380/162
f 137/377/160 177/328/130 175/381/163
f 148/349/144 162/324/126 142/357/88
f 135/347/142 152/382/85 169/348/143
f 140/351/146 157/350/145 158/383/145
f 156/361/152 164/384/86 168/365/86
f 141/318/132 146/385/134 150/386/164
f 150/386/164 154/373/164 141/318/132
f 142/387/165 156/361/152 153/360/151
f 153/360/151 144/388/165 142/387/165
f 139/343/82 180/389/166 155/355/150
f 137/370/157 158/369/157 157/390/167
f 166/391/168 134/392/128 167/393/153
f 136/394/85 169/348/143 152/382/85
f 170/376/121 173/320/122 133/319/121
f 173/320/122 149/322/124 146/321/123
f 179/356/129 177/328/130 178/327/129
f 160/374/158 145/341/140 171/340/139
f 132/378/82 161/344/82 139/343/82
f 180/389/166 179/356/129 155/355/150
f 151/379/161 174/375/159 160/374/158
f 171/340/139 172/342/139 133/319/121
f 175/381/163 161/344/82 137/377/160
f 149/322/124 174/375/159 150/323/125
f 157/329/130 177/328/130 137/377/160
f 176/345/82 180/389/166 139/343/82
usemtl Mat_Lower_Deck
f 185/395/169 181/396/170 187/397/169
f 185/395/169 187/397/169 186/398/171
f 182/399/172 185/400/172 184/401/173
f 182/399/172 181/402/174 185/400/172
f 184/403/175 186/404/175 188/405/176
f 184/403/175 185/406/177 186/404/175
f 188/407/178 186/408/179 187/409/178
f 188/407/180 187/409/180 183/410/181
f 195/411/182 189/412/183 193/413/182
f 194/414/184 195/411/182 193/413/182
f 192/415/185 193/416/186 190/417/186
f 193/416/186 189/418/187 190/417/186
f 196/419/188 194/420/189 192/421/190
f 194/420/189 193/422/191 192/421/190
f 195/423/192 194/424/193 196/425/192
f 191/426/194 195/423/195 196/425/195
f 201/427/196 197/428/197 199/429/198
f 197/428/197 201/427/196 206/430/199
f 206/430/199 201/427/196 205/431/200
f 198/432/201 205/431/200 201/427/196
f 202/433/202 207/434/203 198/435/203
f 205/436/204 198/435/203 207/434/203
f 198/437/205 201/438/206 202/439/207
f 204/440/208 202/439/207 201/438/206
f 203/441/209 201/438/206 199/442/210
f 201/438/206 203/441/209 204/440/208
f 200/443/211 199/444/212 197/445/213
f 199/444/212 200/443/211 203/446/214
f 214/447/215 230/448/216 220/449/217
f 220/449/217 218/450/218 214/447/215
f 220/451/219 230/452/219 235/453/220
f 235/453/220 211/454/221 220/451/219
f 211/455/221 235/456/220 219/457/222
f 219/457/222 233/458/223 211/455/221
f 233/459/223 219/460/222 215/461/224
f 215/461/224 209/462/224 233/459/223
f 215/461/225 236/463/226 232/464/227
f 232/464/227 209/462/225 215/461/225
f 235/465/228 230/466/229 214/467/230
f 225/468/231 229/469/232 221/470/233
f 224/471/234 231/472/235 210/473/236
f 218/474/237 220/475/238 211/476/239
f 218/474/237 211/476/239 233/477/240
f 218/474/237 233/477/240 209/478/241
f 218/474/237 209/478/241 232/479/242
f 215/480/243 219/481/244 235/465/228
f 236/482/245 215/480/243 235/465/228
f 236/482/245 235/465/228 214/467/230
f 229/469/246 216/483/247 221/470/248
f 229/469/246 227/484/249 216/483/247
f 217/485/250 212/486/251 216/487/250
f 227/488/252 217/485/253 216/487/253
f 226/489/254 214/447/215 222/490/255
f 218/450/218 222/490/255 214/447/215
f 226/491/256 222/492/256 234/493/257
f 223/494/258 234/493/257 222/492/256
f 234/493/257 223/494/258 228/495/259
f 213/496/260 228/495/259 223/494/258
f 228/495/259 213/496/260 237/497/261
f 208/498/262 237/497/261 213/496/260
f 236/499/226 237/500/263 232/501/227
f 208/502/264 232/501/227 237/500/263
f 226/503/265 234/504/266 214/467/230
f 217/485/267 224/505/234 212/486/268
f 224/505/234 210/506/236 212/486/269
f 222/507/270 218/474/237 223/508/271
f 223/508/271 218/474/237 213/509/272
f 213/509/272 218/474/237 208/510/273
f 208/510/273 218/474/237 232/479/242
f 228/511/274 237/512/275 234/504/266
f 237/512/275 236/482/245 234/504/266
f 234/504/266 236/482/245 214/467/230
f 231/513/276 225/514/277 210/515/277
f 225/514/278 221/516/279 210/515/278
f 247/517/280 243/518/281 241/519/282
f 240/520/283 245/521/283 247/517/280
f 247/517/280 241/519/282 240/520/283
f 239/522/284 246/523/284 245/524/284
f 245/524/284 240/525/284 239/522/284
f 244/526/285 238/527/286 246/523/287
f 246/523/287 239/522/287 244/526/285
f 238/528/286 244/529/285 242/530/288
f 243/531/289 247/532/289 238/528/289
f 238/528/289 242/530/289 243/531/289
f 247/533/290 245/534/290 246/535/290
f 246/535/290 238/536/290 247/533/290
f 276/537/82 248/538/82 277/539/82
f 248/538/82 276/537/82 281/540/82
f 253/541/291 249/542/292 254/543/292
f 249/542/292 252/544/293 254/543/292
f 255/545/294 275/546/295 274/547/296
f 274/547/296 269/548/297 255/545/294
f 280/549/298 281/540/298 276/537/299
f 281/540/298 280/549/298 282/550/300
f 270/551/301 276/552/302 277/553/303
f 276/552/302 270/551/301 280/554/304
f 283/555/305 277/556/306 248/557/307
f 277/556/306 283/555/305 270/558/308
f 262/559/82 261/560/82 263/561/82
f 261/560/82 262/559/82 257/562/82
f 264/563/85 268/564/85 265/565/85
f 268/564/85 264/563/85 260/566/85
f 265/567/309 261/568/310 257/569/311
f 261/568/310 265/567/309 268/570/312
f 264/571/313 257/562/314 262/559/315
f 257/562/314 264/571/313 265/572/316
f 260/573/317 262/574/318 263/575/319
f 262/574/318 260/573/317 264/576/320
f 268/577/321 263/578/322 261/579/323
f 263/578/322 268/577/321 260/580/324
f 269/548/325 256/581/326 259/582/327
f 258/583/328 269/548/325 259/582/327
f 275/584/295 273/585/329 272/586/330
f 274/587/296 275/584/295 272/586/330
f 271/588/331 267/589/332 266/590/333
f 255/591/334 271/588/331 266/590/333
f 253/541/335 251/592/336 249/542/335
f 253/541/335 250/593/336 251/592/336
f 251/594/337 250/595/338 278/596/338
f 250/595/339 279/597/340 278/596/339
f 258/583/341 271/598/342 255/545/294
f 258/583/341 255/545/294 269/548/297
f 272/599/330 256/581/326 269/548/325
f 269/548/325 274/547/296 272/599/330
f 249/600/343 251/601/344 252/602/344
f 251/601/344 278/603/345 252/602/344
f 275/604/295 255/591/334 266/590/333
f 266/590/333 273/605/329 275/604/295
f 313/606/85 284/607/85 312/608/85
f 317/609/85 312/608/85 284/607/85
f 290/610/346 285/611/346 289/612/347
f 290/610/346 288/613/348 285/611/346
f 310/614/349 311/615/350 291/616/351
f 291/616/351 305/617/352 310/614/349
f 312/618/353 317/619/354 316/620/354
f 318/621/355 316/620/354 317/619/354
f 313/622/356 312/623/357 306/624/357
f 316/625/358 306/624/359 312/623/359
f 284/626/360 313/627/361 319/628/362
f 306/629/363 319/628/362 313/627/361
f 299/630/85 297/631/85 298/632/85
f 293/633/85 298/632/85 297/631/85
f 301/634/82 304/635/82 300/636/82
f 296/637/82 300/636/82 304/635/82
f 293/638/364 297/639/365 301/640/366
f 304/641/367 301/640/366 297/639/365
f 298/642/368 293/643/369 300/644/370
f 301/645/371 300/644/370 293/643/369
f 299/646/372 298/647/373 296/648/374
f 300/649/375 296/648/374 298/647/373
f 297/650/376 299/651/377 304/652/378
f 296/653/379 304/652/378 299/651/377
f 295/654/380 292/655/381 305/656/382
f 295/654/380 305/656/382 294/657/383
f 308/658/384 309/659/385 311/660/350
f 308/658/384 311/660/350 310/661/349
f 302/662/386 303/663/387 307/664/388
f 302/662/386 307/664/388 291/665/389
f 285/666/390 287/667/390 289/668/390
f 287/667/391 286/669/391 289/668/391
f 314/670/392 286/671/392 287/672/393
f 314/670/394 315/673/395 286/671/394
f 291/616/351 307/674/396 294/675/396
f 305/617/352 291/616/351 294/675/397
f 305/656/382 292/655/381 308/676/384
f 308/676/384 310/677/349 305/656/382
f 288/678/398 287/679/398 285/680/399
f 288/678/398 314/681/400 287/679/398
f 302/662/386 291/665/389 311/682/350
f 311/682/350 309/683/385 302/662/386
usemtl Mat_Bottom_Hull_Detail
f 337/684/401 320/685/402 326/686/403
f 326/686/403 345/687/403 337/684/401
f 320/685/402 337/684/401 331/688/404
f 331/688/404 333/689/405 320/685/402
f 333/689/405 331/688/404 329/690/406
f 329/691/406 322/692/407 333/693/405
f 322/694/408 329/695/408 330/696/408
f 330/696/409 323/697/409 322/694/409
f 323/698/410 330/699/410 334/700/410
f 334/700/410 341/701/410 323/698/410
f 341/702/411 334/703/412 328/704/411
f 328/704/413 342/705/414 341/702/413
f 342/706/415 328/707/416 336/708/417
f 336/708/417 339/709/418 342/706/419
f 339/709/418 336/708/417 335/710/420
f 335/710/420 340/711/421 339/709/418
f 340/711/421 335/710/420 338/712/422
f 338/712/422 332/713/423 340/711/421
f 332/713/423 338/712/422 327/714/424
f 327/714/424 325/715/425 332/713/423
f 327/714/426 321/716/427 348/717/427
f 348/717/427 325/715/428 327/714/426
f 345/718/429 361/719/430 321/720/431
f 358/721/432 352/722/430 360/723/433
f 355/724/432 353/725/434 354/726/435
f 335/727/436 331/728/437 337/729/438
f 337/729/438 338/730/439 335/727/436
f 354/726/435 358/721/432 355/724/432
f 358/721/432 360/723/433 359/731/434
f 358/721/432 359/731/434 355/724/432
f 362/732/440 351/733/441 321/720/431
f 331/728/437 334/734/437 330/735/442
f 330/735/442 329/736/436 331/728/437
f 336/737/443 328/738/438 334/734/437
f 335/727/436 336/737/443 334/734/437
f 331/728/437 335/727/436 334/734/437
f 321/720/431 327/739/444 338/730/439
f 321/720/431 338/730/439 337/729/438
f 321/720/431 337/729/438 345/718/429
f 361/719/430 362/732/440 321/720/431
f 359/731/434 362/732/440 361/719/430
f 361/719/430 355/724/432 359/731/434
f 326/740/403 344/741/445 361/742/446
f 361/742/446 345/743/403 326/740/403
f 355/744/447 361/742/446 344/741/445
f 344/741/445 357/745/448 355/744/447
f 353/746/449 355/744/447 357/745/448
f 357/747/448 346/748/450 353/749/449
f 354/750/451 353/751/452 346/752/452
f 346/752/452 347/753/451 354/750/451
f 358/754/453 354/755/453 347/756/453
f 347/756/453 343/757/454 358/754/453
f 352/758/455 358/759/456 343/760/457
f 343/760/457 324/761/458 352/758/455
f 360/762/459 352/763/460 324/764/461
f 324/764/461 363/765/462 360/762/459
f 359/766/463 360/762/459 363/765/462
f 363/765/462 350/767/464 359/766/463
f 362/768/465 359/766/463 350/767/464
f 350/767/464 356/769/466 362/768/465
f 351/770/467 362/771/465 356/772/466
f 356/772/466 349/773/468 351/770/467
f 348/717/427 321/716/427 351/774/469
f 351/774/469 349/775/428 348/717/427
f 372/776/85 366/777/85 367/778/85
f 367/779/470 366/780/470 384/781/470
f 384/781/470 385/782/470 369/783/470
f 369/783/470 368/784/470 384/781/470
f 384/781/470 368/784/470 367/779/470
f 364/785/470 365/786/470 381/787/470
f 378/788/470 381/787/470 365/786/470
f 365/786/470 379/789/470 378/788/470
f 375/790/82 378/788/82 379/789/82
f 379/789/82 377/791/82 375/790/82
f 374/792/38 375/793/38 377/794/38
f 377/794/38 380/795/38 374/792/38
f 367/778/85 376/796/85 372/776/85
f 380/795/38 373/797/38 374/792/38
f 381/798/85 374/799/85 373/800/85
f 373/800/85 364/801/85 381/798/85
f 373/802/471 380/803/472 368/804/473
f 371/805/474 370/806/475 365/807/476
f 371/805/474 365/807/476 364/808/474
f 371/805/474 364/808/474 373/802/471
f 369/809/471 371/805/474 373/802/471
f 369/809/471 373/802/471 368/804/473
f 367/810/477 368/804/473 380/803/472
f 379/811/478 365/807/476 370/806/475
f 379/811/478 370/806/475 376/812/478
f 377/813/477 379/811/478 376/812/478
f 377/813/477 376/812/478 367/810/477
f 377/813/477 367/810/477 380/803/472
f 384/814/479 383/815/479 382/816/479
f 382/816/479 385/817/479 384/814/479
f 366/818/479 372/819/479 383/815/479
f 383/815/479 384/814/479 366/818/479
f 376/820/38 370/821/38 383/822/38
f 383/822/38 372/823/38 376/820/38
f 383/822/38 370/821/38 371/824/38
f 371/824/38 382/825/38 383/822/38
f 382/826/82 371/827/82 369/783/82
f 369/783/82 385/782/82 382/826/82
f 403/828/480 386/829/481 392/830/482
f 392/830/482 387/831/482 403/828/480
f 386/832/481 403/833/480 397/834/483
f 397/834/483 399/835/484 386/832/481
f 399/836/484 397/837/483 395/838/485
f 395/838/485 388/839/485 399/836/484
f 388/840/486 395/841/486 396/842/486
f 396/842/487 389/843/487 388/840/487
f 389/844/488 396/845/488 400/846/488
f 400/846/489 407/847/489 389/844/489
f 407/847/490 400/846/490 394/848/490
f 394/848/491 408/849/491 407/847/491
f 408/849/492 394/848/492 402/850/493
f 402/850/494 405/851/495 408/849/492
f 405/852/495 402/853/494 401/854/496
f 401/854/496 406/855/497 405/852/495
f 406/856/497 401/857/496 404/858/498
f 404/858/498 398/859/499 406/856/497
f 398/859/499 404/858/498 393/860/500
f 393/860/500 391/861/501 398/859/499
f 393/862/502 409/863/403 414/864/503
f 414/865/503 391/866/504 393/867/502
f 401/868/505 402/869/441 400/870/506
f 397/871/507 401/868/505 400/870/506
f 402/869/441 394/872/508 400/870/506
f 401/868/505 397/871/507 403/873/507
f 403/873/507 404/874/509 401/868/505
f 396/875/509 395/876/510 397/871/507
f 409/877/511 403/873/507 387/878/511
f 409/877/511 404/874/509 403/873/507
f 409/877/511 393/879/512 404/874/509
f 397/871/507 400/870/506 396/875/509
f 392/830/482 410/880/513 427/881/514
f 427/881/514 387/831/482 392/830/482
f 421/882/515 427/881/514 410/880/513
f 410/880/513 423/883/516 421/882/515
f 419/884/517 421/882/515 423/883/516
f 423/883/516 412/885/517 419/884/517
f 420/886/518 419/887/519 412/888/519
f 412/888/519 413/889/520 420/886/518
f 424/890/521 420/886/522 413/889/521
f 413/889/521 411/891/521 424/890/521
f 418/892/523 424/890/523 411/891/523
f 411/891/523 390/893/523 418/892/523
f 426/894/524 418/892/525 390/893/525
f 390/893/525 429/895/526 426/894/524
f 425/896/527 426/897/524 429/898/526
f 429/898/526 416/899/528 425/896/527
f 428/900/529 425/901/527 416/902/528
f 416/902/528 422/903/530 428/900/529
f 417/904/531 428/900/529 422/903/530
f 422/903/530 415/905/532 417/904/531
f 414/906/503 409/907/403 417/908/502
f 417/909/502 415/910/533 414/911/503
f 424/912/534 426/913/535 425/914/536
f 424/912/534 425/914/536 421/915/537
f 424/912/534 418/916/538 426/913/535
f 427/917/537 421/915/537 425/914/536
f 425/914/536 428/918/444 427/917/537
f 421/915/537 419/919/539 420/920/444
f 387/878/511 427/917/537 409/877/511
f 427/917/537 428/918/444 409/877/511
f 428/918/444 417/921/540 409/877/511
f 420/920/444 424/912/534 421/915/537
f 443/922/541 431/923/541 445/924/541
f 443/922/541 445/924/541 433/925/541
f 431/926/542 432/927/542 444/928/542
f 431/926/542 444/928/542 445/929/542
f 432/930/543 439/931/544 442/932/545
f 432/930/543 442/932/545 444/933/546
f 439/934/547 435/935/548 440/936/549
f 439/934/547 440/936/549 442/937/547
f 435/938/548 441/939/550 438/940/551
f 435/938/548 438/940/551 440/941/549
f 441/942/550 436/943/552 434/944/553
f 441/942/550 434/944/553 438/945/551
f 436/946/552 437/947/554 430/948/554
f 436/946/552 430/948/554 434/949/553
f 437/950/555 443/951/555 433/952/555
f 437/950/555 433/952/555 430/953/555
f 438/954/556 434/955/557 440/956/556
f 433/957/556 445/958/556 444/959/557
f 433/957/556 444/959/557 442/960/557
f 433/957/556 442/960/557 440/956/556
f 434/955/557 433/957/556 440/956/556
f 434/955/557 430/961/557 433/957/556
f 461/962/558 447/963/558 459/964/558
f 449/965/558 461/962/558 459/964/558
f 460/966/559 448/967/559 447/963/559
f 461/962/559 460/966/559 447/963/559
f 458/968/560 455/969/560 448/970/560
f 460/971/561 458/968/560 448/970/560
f 456/972/562 451/973/563 455/974/564
f 458/975/565 456/972/566 455/974/565
f 454/976/567 457/977/568 451/973/563
f 456/972/562 454/976/567 451/973/563
f 450/978/569 452/979/570 457/977/568
f 454/976/567 450/978/569 457/977/568
f 446/980/571 453/981/571 452/982/570
f 450/983/569 446/980/571 452/982/570
f 449/984/572 459/985/572 453/986/572
f 446/987/572 449/984/572 453/986/572
f 456/988/573 450/989/574 454/990/573
f 460/991/574 461/992/573 449/993/573
f 458/994/574 460/991/574 449/993/573
f 456/988/573 458/994/574 449/993/573
f 456/988/573 449/993/573 450/989/574
f 449/993/573 446/995/574 450/989/574
f 462/996/85 467/997/85 471/998/85
f 471/998/85 463/999/85 462/996/85
f 463/1000/38 471/1001/38 476/1002/38
f 476/1002/38 469/1003/38 463/1000/38
f 472/1004/575 470/1005/575 466/1006/575
f 464/1007/82 481/1008/82 480/1009/82
f 462/1010/576 472/1004/575 466/1006/575
f 466/1006/575 467/1011/577 462/1010/576
f 481/1008/470 468/1012/470 465/1013/470
f 469/1003/38 476/1002/38 475/1014/38
f 472/1004/82 469/1015/82 475/1016/82
f 475/1016/82 470/1005/82 472/1004/82
f 469/1017/578 472/1018/578 462/1019/578
f 462/1019/578 463/1020/578 469/1017/578
f 473/1021/470 465/1013/470 468/1012/470
f 480/1009/82 479/1022/82 464/1007/82
f 479/1023/579 467/1024/579 474/1025/580
f 479/1023/579 471/1026/581 467/1024/579
f 479/1023/579 480/1027/581 471/1026/581
f 480/1027/581 476/1028/582 471/1026/581
f 480/1027/581 465/1029/583 476/1028/582
f 467/1024/579 466/1030/584 474/1025/580
f 470/1031/585 477/1032/585 466/1030/584
f 470/1031/585 475/1033/585 477/1032/585
f 475/1033/585 473/1034/585 477/1032/585
f 475/1033/585 465/1029/583 473/1034/585
f 475/1033/585 476/1028/582 465/1029/583
f 477/1032/585 474/1025/580 466/1030/584
f 477/1035/85 473/1036/85 468/1037/85
f 468/1037/85 478/1038/85 477/1035/85
f 474/1039/38 477/1040/38 478/1041/38
f 478/1041/38 464/1042/38 474/1039/38
f 479/1043/38 474/1039/38 464/1042/38
f 465/1013/470 480/1009/470 481/1008/470
f 513/1044/586 491/1045/587 492/1046/586
f 491/1045/587 513/1044/586 517/1047/588
f 535/1048/589 486/1049/590 497/1050/591
f 486/1051/592 502/1052/593 505/1053/594
f 513/1054/595 527/1055/596 482/1056/597
f 513/1044/586 483/1057/598 527/1058/598
f 517/1047/588 503/1059/599 491/1045/587
f 535/1048/589 512/1060/600 527/1055/596
f 512/1060/600 535/1048/589 497/1050/591
f 503/1059/599 517/1047/588 519/1061/601
f 519/1062/601 516/1063/602 503/1064/599
f 496/1065/603 508/1066/604 509/1067/605
f 516/1063/602 519/1062/601 482/1068/602
f 483/1057/598 513/1044/586 492/1046/586
f 496/1069/606 527/1055/596 490/1070/607
f 546/1071/608 534/1072/609 524/1073/609
f 547/1074/610 546/1071/608 551/1075/611
f 524/1073/609 551/1075/611 546/1071/608
f 534/1072/609 538/1076/612 552/1077/608
f 552/1077/608 524/1073/609 534/1072/609
f 540/1078/613 537/1079/614 544/1080/615
f 538/1081/612 544/1080/615 537/1079/614
f 537/1082/614 552/1077/608 538/1076/612
f 550/1083/616 547/1084/610 514/1085/610
f 511/1086/617 512/1060/600 484/1087/618
f 512/1060/600 511/1086/617 521/1088/619
f 497/1050/591 485/1089/620 500/1090/621
f 485/1089/620 497/1050/591 486/1049/590
f 496/1069/606 490/1070/607 493/1091/622
f 520/1092/623 493/1093/624 490/1094/625
f 510/1095/626 490/1096/625 521/1097/627
f 493/1093/624 520/1092/623 508/1098/604
f 490/1096/625 510/1095/626 520/1099/623
f 508/1066/604 496/1065/603 493/1100/624
f 509/1101/605 488/1102/628 496/1103/603
f 499/1104/629 482/1105/630 518/1106/631
f 488/1102/628 509/1101/605 515/1107/632
f 482/1105/630 499/1104/629 516/1108/630
f 518/1106/631 515/1107/632 499/1104/629
f 515/1107/632 518/1106/631 488/1102/628
f 501/1109/633 500/1110/634 485/1111/635
f 502/1052/593 486/1051/592 535/1112/636
f 505/1053/637 485/1113/638 486/1051/639
f 485/1113/638 505/1053/637 501/1114/640
f 500/1110/634 501/1109/633 504/1115/641
f 504/1116/642 497/1117/643 500/1118/644
f 497/1117/643 504/1116/642 498/1119/645
f 498/1119/645 512/1120/646 497/1117/643
f 512/1120/646 498/1119/645 494/1121/647
f 494/1122/647 484/1123/647 512/1124/646
f 484/1123/647 494/1122/647 506/1125/646
f 506/1126/646 511/1127/648 484/1128/647
f 511/1127/648 506/1126/646 507/1129/627
f 507/1129/627 521/1097/627 511/1127/648
f 521/1097/627 507/1129/627 510/1095/626
f 532/1130/649 531/1131/650 553/1132/649
f 495/1133/651 553/1132/649 531/1131/650
f 537/1134/652 526/1135/653 535/1048/654
f 545/1136/655 502/1137/593 526/1138/656
f 519/1139/657 513/1054/595 482/1056/597
f 527/1058/598 483/1057/598 553/1140/649
f 531/1141/650 543/1142/658 495/1143/651
f 527/1055/659 552/1144/660 535/1048/654
f 537/1134/652 535/1048/654 552/1144/660
f 487/1145/661 495/1143/651 543/1142/658
f 543/1142/658 542/1146/662 487/1145/661
f 549/1147/663 548/1148/664 536/1149/665
f 522/1150/666 487/1145/667 542/1146/666
f 532/1151/649 553/1140/649 483/1057/598
f 527/1055/659 514/1152/668 552/1144/660
f 488/1153/669 527/1055/596 496/1069/606
f 512/1060/600 521/1088/619 527/1055/596
f 490/1070/607 527/1055/596 521/1088/619
f 482/1056/597 527/1055/596 518/1154/670
f 518/1154/670 527/1055/596 488/1153/669
f 526/1138/671 525/1155/672 545/1136/672
f 544/1156/673 541/1157/674 540/1158/674
f 541/1159/675 545/1136/672 525/1155/672
f 551/1160/611 514/1085/610 547/1084/610
f 524/1161/676 552/1144/660 551/1162/677
f 514/1152/668 551/1162/677 552/1144/660
f 540/1163/678 525/1164/679 537/1134/652
f 526/1135/653 537/1134/652 525/1164/679
f 533/1165/680 530/1166/681 536/1167/682
f 530/1168/683 533/1169/684 523/1170/685
f 514/1171/610 530/1168/683 550/1172/616
f 548/1173/664 523/1170/685 533/1169/684
f 523/1170/685 550/1172/616 530/1168/683
f 533/1174/684 536/1149/665 548/1148/664
f 536/1175/665 528/1176/686 549/1177/663
f 489/1178/687 522/1179/688 539/1180/689
f 529/1181/690 549/1177/663 528/1176/686
f 542/1182/691 539/1180/689 522/1179/691
f 539/1180/689 529/1181/690 489/1178/687
f 528/1176/686 489/1178/687 529/1181/690
f 525/1183/692 540/1158/674 541/1157/674
f 535/1184/636 526/1138/693 502/1137/593
f 495/1185/694 522/1186/694 553/1187/695
f 553/1187/695 489/1188/696 527/1055/659
f 489/1188/696 528/1189/697 527/1055/659
f 528/1189/697 536/1167/682 527/1055/659
f 536/1167/682 530/1166/681 527/1055/659
f 517/1190/698 513/1054/595 519/1139/657
f 530/1166/681 514/1152/668 527/1055/659
f 487/1191/699 522/1186/694 495/1185/694
f 522/1186/694 489/1188/696 553/1187/695
usemtl Mat_Engine_Block
f 563/1192/700 582/1193/701 564/1194/702
f 583/1195/703 584/1196/704 581/1197/705
f 564/1198/702 579/1199/706 565/1200/707
f 585/1201/708 586/1202/709 583/1203/703
f 565/1200/707 554/1204/710 566/1205/711
f 587/1206/712 588/1207/713 585/1201/708
f 566/1205/711 555/1208/714 567/1209/715
f 589/1210/716 590/1211/717 587/1206/712
f 567/1212/715 556/1213/718 568/1214/719
f 591/1215/720 592/1216/721 589/1217/716
f 568/1214/719 557/1218/722 569/1219/723
f 593/1220/724 594/1221/725 591/1215/720
f 569/1219/723 558/1222/726 570/1223/727
f 595/1224/728 596/1225/729 593/1220/724
f 570/1226/727 559/1227/730 571/1228/731
f 597/1229/732 598/1230/733 595/1231/728
f 571/1228/731 560/1232/734 572/1233/735
f 599/1234/736 600/1235/737 597/1229/732
f 572/1233/735 561/1236/738 573/1237/739
f 601/1238/740 602/1239/741 599/1234/736
f 573/1240/739 562/1241/742 563/1192/700
f 581/1197/705 603/1242/743 601/1243/740
f 584/1196/704 604/1244/744 603/1242/743
f 586/1245/709 605/1246/745 584/1196/704
f 588/1207/713 606/1247/746 586/1202/709
f 590/1211/717 607/1248/747 588/1207/713
f 592/1249/721 608/1250/748 590/1211/717
f 594/1221/725 609/1251/749 592/1216/721
f 596/1252/729 610/1253/750 594/1254/725
f 598/1230/733 611/1255/751 596/1252/729
f 600/1235/737 612/1256/752 598/1230/733
f 602/1239/741 613/1257/753 600/1235/737
f 564/1194/702 582/1193/701 579/1258/706
f 581/1197/705 584/1196/704 603/1242/743
f 582/1193/470 562/1241/470 580/1259/470
f 565/1200/707 579/1199/706 554/1204/710
f 583/1203/703 586/1202/709 584/1260/704
f 562/1241/470 561/1261/470 580/1259/470
f 566/1205/711 554/1204/710 555/1208/714
f 585/1201/708 588/1207/713 586/1202/709
f 561/1261/470 560/1262/470 580/1259/470
f 567/1209/715 555/1208/714 556/1263/718
f 587/1206/712 590/1211/717 588/1207/713
f 560/1262/470 559/1264/470 580/1259/470
f 568/1214/719 556/1213/718 557/1218/722
f 589/1217/716 592/1216/721 590/1265/717
f 559/1264/470 558/1266/470 580/1259/470
f 569/1219/723 557/1218/722 558/1222/726
f 591/1215/720 594/1221/725 592/1216/721
f 558/1266/470 557/1267/470 580/1259/470
f 570/1223/727 558/1222/726 559/1268/730
f 593/1220/724 596/1225/729 594/1221/725
f 557/1267/470 556/1269/470 580/1259/470
f 571/1228/731 559/1227/730 560/1232/734
f 595/1231/728 598/1230/733 596/1252/729
f 556/1269/470 555/1270/470 580/1259/470
f 572/1233/735 560/1232/734 561/1236/738
f 597/1229/732 600/1235/737 598/1230/733
f 555/1270/470 554/1271/470 580/1259/470
f 573/1237/739 561/1236/738 562/1272/742
f 599/1234/736 602/1239/741 600/1235/737
f 554/1271/470 579/1258/470 580/1259/470
f 563/1192/700 562/1241/742 582/1193/701
f 601/1243/740 603/1242/743 602/1273/741
f 579/1258/470 582/1193/470 580/1259/470
f 603/1242/743 604/1244/744 614/1274/754
f 584/1196/704 605/1246/745 604/1244/744
f 586/1202/709 606/1247/746 605/1275/745
f 588/1207/713 607/1248/747 606/1247/746
f 590/1211/717 608/1250/748 607/1248/747
f 592/1216/721 609/1251/749 608/1276/748
f 594/1254/725 610/1253/750 609/1277/749
f 596/1252/729 611/1255/751 610/1253/750
f 598/1230/733 612/1256/752 611/1255/751
f 600/1235/737 613/1257/753 612/1256/752
f 602/1273/741 614/1274/754 613/1278/753
f 614/1279/755 615/1280/756 625/1281/757
f 604/1282/758 616/1283/759 615/1280/756
f 605/1284/760 617/1285/761 616/1286/759
f 606/1287/762 618/1288/763 617/1285/761
f 607/1289/764 619/1290/765 618/1291/763
f 608/1292/766 620/1293/767 619/1290/765
f 609/1294/768 621/1295/769 620/1293/767
f 610/1296/770 622/1297/771 621/1298/769
f 611/1299/772 623/1300/773 622/1297/771
f 612/1301/774 624/1302/775 623/1303/773
f 613/1304/776 625/1281/757 624/1302/775
f 625/1281/470 626/1305/470 636/1306/470
f 615/1280/470 627/1307/470 626/1305/470
f 616/1283/470 628/1308/470 627/1307/470
f 617/1309/470 629/1310/470 628/1308/470
f 618/1311/470 630/1312/470 629/1310/470
f 619/1313/470 631/1314/470 630/1312/470
f 620/1315/470 632/1316/470 631/1314/470
f 621/1317/470 633/1318/470 632/1316/470
f 622/1319/470 634/1320/470 633/1318/470
f 623/1303/470 635/1321/470 634/1320/470
f 624/1302/470 636/1306/470 635/1321/470
f 636/1322/705 637/1323/777 574/1324/778
f 626/1325/703 638/1326/779 637/1327/777
f 627/1328/780 639/1329/781 638/1326/779
f 628/1330/782 640/1331/783 639/1329/781
f 629/1310/784 641/1332/785 640/1333/783
f 630/1312/720 642/1334/786 641/1332/785
f 631/1314/787 578/1335/788 642/1334/786
f 632/1336/789 577/1337/790 578/1338/788
f 633/1339/732 576/1340/791 577/1337/790
f 634/1341/792 575/1342/793 576/1340/791
f 635/1343/740 574/1324/778 575/1344/793
f 574/1345/470 573/1240/470 563/1192/470
f 637/1346/470 572/1347/470 573/1240/470
f 638/1348/470 571/1349/470 572/1347/470
f 639/1350/470 570/1351/470 571/1349/470
f 640/1333/470 569/1352/470 570/1351/470
f 641/1332/470 568/1353/470 569/1352/470
f 642/1334/470 567/1354/470 568/1353/470
f 578/1335/470 566/1355/470 567/1354/470
f 577/1356/470 565/1357/470 566/1355/470
f 576/1358/470 564/1194/470 565/1357/470
f 575/1359/470 563/1192/470 564/1194/470
f 603/1242/743 614/1274/754 602/1273/741
f 604/1282/758 615/1280/756 614/1279/755
f 605/1360/760 616/1283/759 604/1282/758
f 606/1287/762 617/1285/761 605/1284/760
f 607/1361/764 618/1288/763 606/1287/762
f 608/1292/766 619/1290/765 607/1289/764
f 609/1294/768 620/1293/767 608/1292/766
f 610/1362/770 621/1295/769 609/1294/768
f 611/1299/772 622/1297/771 610/1296/770
f 612/1363/774 623/1300/773 611/1299/772
f 613/1304/776 624/1302/775 612/1301/774
f 614/1279/755 625/1281/757 613/1304/776
f 615/1280/470 626/1305/470 625/1281/470
f 616/1283/470 627/1307/470 615/1280/470
f 617/1309/470 628/1308/470 616/1283/470
f 618/1311/470 629/1310/470 617/1309/470
f 619/1313/470 630/1312/470 618/1311/470
f 620/1315/470 631/1314/470 619/1313/470
f 621/1317/470 632/1316/470 620/1315/470
f 622/1319/470 633/1318/470 621/1317/470
f 623/1303/470 634/1320/470 622/1319/470
f 624/1302/470 635/1321/470 623/1303/470
f 625/1281/470 636/1306/470 624/1302/470
f 626/1364/703 637/1323/777 636/1322/705
f 627/1328/780 638/1326/779 626/1325/703
f 628/1330/782 639/1329/781 627/1328/780
f 629/1365/784 640/1331/783 628/1330/782
f 630/1312/720 641/1332/785 629/1310/784
f 631/1314/787 642/1334/786 630/1312/720
f 632/1316/789 578/1335/788 631/1314/787
f 633/1339/732 577/1337/790 632/1336/789
f 634/1341/792 576/1340/791 633/1339/732
f 635/1366/740 575/1342/793 634/1341/792
f 636/1322/705 574/1324/778 635/1343/740
f 637/1346/470 573/1240/470 574/1345/470
f 638/1348/470 572/1347/470 637/1346/470
f 639/1350/470 571/1349/470 638/1348/470
f 640/1333/470 570/1351/470 639/1350/470
f 641/1332/470 569/1352/470 640/1333/470
f 642/1334/470 568/1353/470 641/1332/470
f 578/1335/470 567/1354/470 642/1334/470
f 577/1356/470 566/1355/470 578/1335/470
f 574/1345/470 563/1192/470 575/1359/470
f 575/1359/470 564/1194/470 576/1358/470
f 576/1358/470 565/1357/470 577/1356/470
f 1552/3259/700 1571/3260/701 1553/3261/702
f 1572/3262/703 1573/3263/704 1570/3264/705
f 1553/3265/702 1568/3266/706 1554/3267/707
f 1574/3268/708 1575/3269/709 1572/3270/703
f 1554/3267/707 1543/3271/710 1555/3272/2076
f 1576/3273/712 1577/3274/2077 1574/3268/708
f 1555/3272/2076 1544/3275/2078 1556/3276/715
f 1578/3277/716 1579/3278/717 1576/3273/712
f 1556/3279/715 1545/3280/718 1557/3281/719
f 1580/3282/720 1581/3283/721 1578/3284/716
f 1557/3281/719 1546/3285/722 1558/3286/723
f 1582/3287/724 1583/3288/725 1580/3282/720
f 1558/3286/723 1547/3289/726 1559/3290/727
f 1584/3291/728 1585/3292/729 1582/3287/724
f 1559/3293/727 1548/3294/730 1560/3295/731
f 1586/3296/732 1587/3297/733 1584/3298/728
f 1560/3295/731 1549/3299/734 1561/3300/735
f 1588/3301/736 1589/3302/737 1586/3296/732
f 1561/3300/735 1550/3303/738 1562/3304/739
f 1590/3305/740 1591/3306/741 1588/3301/736
f 1562/3307/739 1551/3308/742 1552/3259/700
f 1570/3264/705 1592/3309/2079 1590/3310/740
f 1573/3263/704 1593/3311/744 1592/3309/2079
f 1575/3312/709 1594/3313/745 1573/3263/704
f 1577/3274/2077 1595/3314/746 1575/3269/709
f 1579/3278/717 1596/3315/747 1577/3274/2077
f 1581/3316/721 1597/3317/748 1579/3278/717
f 1583/3288/725 1598/3318/749 1581/3283/721
f 1585/3319/729 1599/3320/2080 1583/3321/725
f 1587/3297/733 1600/3322/751 1585/3319/729
f 1589/3302/737 1601/3323/752 1587/3297/733
f 1591/3306/741 1602/3324/753 1589/3302/737
f 1553/3261/702 1571/3260/701 1568/3325/706
f 1570/3264/705 1573/3263/704 1592/3309/2079
f 1571/3260/470 1551/3308/470 1569/3326/470
f 1554/3267/707 1568/3266/706 1543/3271/710
f 1572/3270/703 1575/3269/709 1573/3327/704
f 1551/3308/470 1550/3328/470 1569/3326/470
f 1555/3272/2076 1543/3271/710 1544/3275/2078
f 1574/3268/708 1577/3274/2077 1575/3269/709
f 1550/3328/470 1549/3329/470 1569/3326/470
f 1556/3276/715 1544/3275/2078 1545/3330/718
f 1576/3273/712 1579/3278/717 1577/3274/2077
f 1549/3329/470 1548/3331/470 1569/3326/470
f 1557/3281/719 1545/3280/718 1546/3285/722
f 1578/3284/716 1581/3283/721 1579/3332/717
f 1548/3331/470 1547/3333/470 1569/3326/470
f 1558/3286/723 1546/3285/722 1547/3289/726
f 1580/3282/720 1583/3288/725 1581/3283/721
f 1547/3333/470 1546/3334/470 1569/3326/470
f 1559/3290/727 1547/3289/726 1548/3335/730
f 1582/3287/724 1585/3292/729 1583/3288/725
f 1546/3334/470 1545/3336/470 1569/3326/470
f 1560/3295/731 1548/3294/730 1549/3299/734
f 1584/3298/728 1587/3297/733 1585/3319/729
f 1545/3336/470 1544/3337/470 1569/3326/470
f 1561/3300/735 1549/3299/734 1550/3303/738
f 1586/3296/732 1589/3302/737 1587/3297/733
f 1544/3337/470 1543/3338/470 1569/3326/470
f 1562/3304/739 1550/3303/738 1551/3339/742
f 1588/3301/736 1591/3306/741 1589/3302/737
f 1543/3338/470 1568/3325/470 1569/3326/470
f 1552/3259/700 1551/3308/742 1571/3260/701
f 1590/3310/740 1592/3309/2079 1591/3340/741
f 1568/3325/470 1571/3260/470 1569/3326/470
f 1592/3309/2079 1593/3311/744 1603/3341/754
f 1573/3263/704 1594/3313/745 1593/3311/744
f 1575/3269/709 1595/3314/746 1594/3342/745
f 1577/3274/2077 1596/3315/747 1595/3314/746
f 1579/3278/717 1597/3317/748 1596/3315/747
f 1581/3283/721 1598/3318/749 1597/3343/748
f 1583/3321/725 1599/3320/2080 1598/3344/749
f 1585/3319/729 1600/3322/751 1599/3320/2080
f 1587/3297/733 1601/3323/752 1600/3322/751
f 1589/3302/737 1602/3324/753 1601/3323/752
f 1591/3340/741 1603/3341/754 1602/3345/753
f 1603/3346/755 1604/3347/756 1614/3348/757
f 1593/3349/758 1605/3350/759 1604/3347/756
f 1594/3351/760 1606/3352/761 1605/3353/759
f 1595/3354/762 1607/3355/763 1606/3352/761
f 1596/3356/764 1608/3357/765 1607/3358/763
f 1597/3359/766 1609/3360/767 1608/3357/765
f 1598/3361/768 1610/3362/769 1609/3360/767
f 1599/3363/770 1611/3364/771 1610/3365/769
f 1600/3366/772 1612/3367/773 1611/3364/771
f 1601/3368/774 1613/3369/775 1612/3370/773
f 1602/3371/776 1614/3348/757 1613/3369/775
f 1614/3348/470 1615/3372/470 1625/3373/470
f 1604/3347/470 1616/3374/470 1615/3372/470
f 1605/3350/470 1617/3375/470 1616/3374/470
f 1606/3376/470 1618/3377/470 1617/3375/470
f 1607/3378/470 1619/3379/470 1618/3377/470
f 1608/3380/470 1620/3381/470 1619/3379/470
f 1609/3382/470 1621/3383/470 1620/3381/470
f 1610/3384/470 1622/3385/470 1621/3383/470
f 1611/3386/470 1623/3387/470 1622/3385/470
f 1612/3370/470 1624/3388/470 1623/3387/470
f 1613/3369/470 1625/3373/470 1624/3388/470
f 1625/3389/705 1626/3390/777 1563/3391/778
f 1615/3392/703 1627/3393/779 1626/3394/777
f 1616/3395/780 1628/3396/781 1627/3393/779
f 1617/3397/782 1629/3398/783 1628/3396/781
f 1618/3377/784 1630/3399/785 1629/3400/783
f 1619/3379/720 1631/3401/786 1630/3399/785
f 1620/3381/787 1567/3402/788 1631/3401/786
f 1621/3403/789 1566/3404/790 1567/3405/788
f 1622/3406/732 1565/3407/791 1566/3404/790
f 1623/3408/792 1564/3409/793 1565/3407/791
f 1624/3410/740 1563/3391/778 1564/3411/793
f 1563/3412/470 1562/3307/470 1552/3259/470
f 1626/3413/470 1561/3414/470 1562/3307/470
f 1627/3415/470 1560/3416/470 1561/3414/470
f 1628/3417/470 1559/3418/470 1560/3416/470
f 1629/3400/470 1558/3419/470 1559/3418/470
f 1630/3399/470 1557/3420/470 1558/3419/470
f 1631/3401/470 1556/3421/470 1557/3420/470
f 1567/3402/470 1555/3422/470 1556/3421/470
f 1566/3423/470 1554/3424/470 1555/3422/470
f 1565/3425/470 1553/3261/470 1554/3424/470
f 1564/3426/470 1552/3259/470 1553/3261/470
f 1592/3309/2079 1603/3341/754 1591/3340/741
f 1593/3349/758 1604/3347/756 1603/3346/755
f 1594/3427/760 1605/3350/759 1593/3349/758
f 1595/3354/762 1606/3352/761 1594/3351/760
f 1596/3428/764 1607/3355/763 1595/3354/762
f 1597/3359/766 1608/3357/765 1596/3356/764
f 1598/3361/768 1609/3360/767 1597/3359/766
f 1599/3429/770 1610/3362/769 1598/3361/768
f 1600/3366/772 1611/3364/771 1599/3363/770
f 1601/3430/774 1612/3367/773 1600/3366/772
f 1602/3371/776 1613/3369/775 1601/3368/774
f 1603/3346/755 1614/3348/757 1602/3371/776
f 1604/3347/470 1615/3372/470 1614/3348/470
f 1605/3350/470 1616/3374/470 1604/3347/470
f 1606/3376/470 1617/3375/470 1605/3350/470
f 1607/3378/470 1618/3377/470 1606/3376/470
f 1608/3380/470 1619/3379/470 1607/3378/470
f 1609/3382/470 1620/3381/470 1608/3380/470
f 1610/3384/470 1621/3383/470 1609/3382/470
f 1611/3386/470 1622/3385/470 1610/3384/470
f 1612/3370/470 1623/3387/470 1611/3386/470
f 1613/3369/470 1624/3388/470 1612/3370/470
f 1614/3348/470 1625/3373/470 1613/3369/470
f 1615/3431/703 1626/3390/777 1625/3389/705
f 1616/3395/780 1627/3393/779 1615/3392/703
f 1617/3397/782 1628/3396/781 1616/3395/780
f 1618/3432/784 1629/3398/783 1617/3397/782
f 1619/3379/720 1630/3399/785 1618/3377/784
f 1620/3381/787 1631/3401/786 1619/3379/720
f 1621/3383/789 1567/3402/788 1620/3381/787
f 1622/3406/732 1566/3404/790 1621/3403/789
f 1623/3408/792 1565/3407/791 1622/3406/732
f 1624/3433/740 1564/3409/793 1623/3408/792
f 1625/3389/705 1563/3391/778 1624/3410/740
f 1626/3413/470 1562/3307/470 1563/3412/470
f 1627/3415/470 1561/3414/470 1626/3413/470
f 1628/3417/470 1560/3416/470 1627/3415/470
f 1629/3400/470 1559/3418/470 1628/3417/470
f 1630/3399/470 1558/3419/470 1629/3400/470
f 1631/3401/470 1557/3420/470 1630/3399/470
f 1567/3402/470 1556/3421/470 1631/3401/470
f 1566/3423/470 1555/3422/470 1567/3402/470
f 1563/3412/470 1552/3259/470 1564/3426/470
f 1564/3426/470 1553/3261/470 1565/3425/470
f 1565/3425/470 1554/3424/470 1566/3423/470
f 1641/3434/700 1660/3435/701 1642/3436/702
f 1661/3437/703 1662/3438/704 1659/3439/705
f 1642/3440/702 1657/3441/706 1643/3442/707
f 1663/3443/708 1664/3444/709 1661/3445/703
f 1643/3442/707 1632/3446/710 1644/3447/2076
f 1665/3448/712 1666/3449/713 1663/3443/708
f 1644/3447/2076 1633/3450/2078 1645/3451/715
f 1667/3452/716 1668/3453/717 1665/3448/712
f 1645/3454/715 1634/3455/718 1646/3456/719
f 1669/3457/720 1670/3458/721 1667/3459/716
f 1646/3456/719 1635/3460/722 1647/3461/723
f 1671/3462/724 1672/3463/725 1669/3457/720
f 1647/3461/723 1636/3464/726 1648/3465/727
f 1673/3466/728 1674/3467/729 1671/3462/724
f 1648/3468/727 1637/3469/730 1649/3470/731
f 1675/3471/732 1676/3472/733 1673/3473/728
f 1649/3470/731 1638/3474/734 1650/3475/735
f 1677/3476/736 1678/3477/737 1675/3471/732
f 1650/3475/735 1639/3478/738 1651/3479/739
f 1679/3480/740 1680/3481/741 1677/3476/736
f 1651/3482/739 1640/3483/742 1641/3434/700
f 1659/3439/705 1681/3484/743 1679/3485/740
f 1662/3438/704 1682/3486/744 1681/3484/743
f 1664/3487/709 1683/3488/745 1662/3438/704
f 1666/3449/713 1684/3489/746 1664/3444/709
f 1668/3453/717 1685/3490/2081 1666/3449/713
f 1670/3491/721 1686/3492/748 1668/3453/717
f 1672/3463/725 1687/3493/749 1670/3458/721
f 1674/3494/729 1688/3495/750 1672/3496/725
f 1676/3472/733 1689/3497/2082 1674/3494/729
f 1678/3477/737 1690/3498/752 1676/3472/733
f 1680/3481/741 1691/3499/753 1678/3477/737
f 1642/3436/702 1660/3435/701 1657/3500/706
f 1659/3439/705 1662/3438/704 1681/3484/743
f 1660/3435/470 1640/3483/470 1658/3501/470
f 1643/3442/707 1657/3441/706 1632/3446/710
f 1661/3445/703 1664/3444/709 1662/3502/704
f 1640/3483/470 1639/3503/470 1658/3501/470
f 1644/3447/2076 1632/3446/710 1633/3450/2078
f 1663/3443/708 1666/3449/713 1664/3444/709
f 1639/3503/470 1638/3504/470 1658/3501/470
f 1645/3451/715 1633/3450/2078 1634/3505/718
f 1665/3448/712 1668/3453/717 1666/3449/713
f 1638/3504/470 1637/3506/470 1658/3501/470
f 1646/3456/719 1634/3455/718 1635/3460/722
f 1667/3459/716 1670/3458/721 1668/3507/717
f 1637/3506/470 1636/3508/470 1658/3501/470
f 1647/3461/723 1635/3460/722 1636/3464/726
f 1669/3457/720 1672/3463/725 1670/3458/721
f 1636/3508/470 1635/3509/470 1658/3501/470
f 1648/3465/727 1636/3464/726 1637/3510/730
f 1671/3462/724 1674/3467/729 1672/3463/725
f 1635/3509/470 1634/3511/470 1658/3501/470
f 1649/3470/731 1637/3469/730 1638/3474/734
f 1673/3473/728 1676/3472/733 1674/3494/729
f 1634/3511/470 1633/3512/470 1658/3501/470
f 1650/3475/735 1638/3474/734 1639/3478/738
f 1675/3471/732 1678/3477/737 1676/3472/733
f 1633/3512/470 1632/3513/470 1658/3501/470
f 1651/3479/739 1639/3478/738 1640/3514/742
f 1677/3476/736 1680/3481/741 1678/3477/737
f 1632/3513/470 1657/3500/470 1658/3501/470
f 1641/3434/700 1640/3483/742 1660/3435/701
f 1679/3485/740 1681/3484/743 1680/3515/741
f 1657/3500/470 1660/3435/470 1658/3501/470
f 1681/3484/743 1682/3486/744 1692/3516/754
f 1662/3438/704 1683/3488/745 1682/3486/744
f 1664/3444/709 1684/3489/746 1683/3517/745
f 1666/3449/713 1685/3490/2081 1684/3489/746
f 1668/3453/717 1686/3492/748 1685/3490/2081
f 1670/3458/721 1687/3493/749 1686/3518/748
f 1672/3496/725 1688/3495/750 1687/3519/749
f 1674/3494/729 1689/3497/2082 1688/3495/750
f 1676/3472/733 1690/3498/752 1689/3497/2082
f 1678/3477/737 1691/3499/753 1690/3498/752
f 1680/3515/741 1692/3516/754 1691/3520/753
f 1692/3521/755 1693/3522/756 1703/3523/757
f 1682/3524/758 1694/3525/759 1693/3522/756
f 1683/3526/760 1695/3527/761 1694/3528/759
f 1684/3529/762 1696/3530/763 1695/3527/761
f 1685/3531/764 1697/3532/765 1696/3533/763
f 1686/3534/766 1698/3535/767 1697/3532/765
f 1687/3536/768 1699/3537/769 1698/3535/767
f 1688/3538/770 1700/3539/771 1699/3540/769
f 1689/3541/772 1701/3542/773 1700/3539/771
f 1690/3543/774 1702/3544/775 1701/3545/773
f 1691/3546/776 1703/3523/757 1702/3544/775
f 1703/3523/470 1704/3547/470 1714/3548/470
f 1693/3522/470 1705/3549/470 1704/3547/470
f 1694/3525/470 1706/3550/470 1705/3549/470
f 1695/3551/470 1707/3552/470 1706/3550/470
f 1696/3553/470 1708/3554/470 1707/3552/470
f 1697/3555/470 1709/3556/470 1708/3554/470
f 1698/3557/470 1710/3558/470 1709/3556/470
f 1699/3559/470 1711/3560/470 1710/3558/470
f 1700/3561/470 1712/3562/470 1711/3560/470
f 1701/3545/470 1713/3563/470 1712/3562/470
f 1702/3544/470 1714/3548/470 1713/3563/470
f 1714/3564/705 1715/3565/777 1652/3566/778
f 1704/3567/703 1716/3568/779 1715/3569/777
f 1705/3570/780 1717/3571/781 1716/3568/779
f 1706/3572/782 1718/3573/783 1717/3571/781
f 1707/3552/784 1719/3574/785 1718/3575/783
f 1708/3554/720 1720/3576/786 1719/3574/785
f 1709/3556/787 1656/3577/788 1720/3576/786
f 1710/3578/789 1655/3579/790 1656/3580/788
f 1711/3581/732 1654/3582/791 1655/3579/790
f 1712/3583/792 1653/3584/793 1654/3582/791
f 1713/3585/740 1652/3566/778 1653/3586/793
f 1652/3587/470 1651/3482/470 1641/3434/470
f 1715/3588/470 1650/3589/470 1651/3482/470
f 1716/3590/470 1649/3591/470 1650/3589/470
f 1717/3592/470 1648/3593/470 1649/3591/470
f 1718/3575/470 1647/3594/470 1648/3593/470
f 1719/3574/470 1646/3595/470 1647/3594/470
f 1720/3576/470 1645/3596/470 1646/3595/470
f 1656/3577/470 1644/3597/470 1645/3596/470
f 1655/3598/470 1643/3599/470 1644/3597/470
f 1654/3600/470 1642/3436/470 1643/3599/470
f 1653/3601/470 1641/3434/470 1642/3436/470
f 1681/3484/743 1692/3516/754 1680/3515/741
f 1682/3524/758 1693/3522/756 1692/3521/755
f 1683/3602/760 1694/3525/759 1682/3524/758
f 1684/3529/762 1695/3527/761 1683/3526/760
f 1685/3603/764 1696/3530/763 1684/3529/762
f 1686/3534/766 1697/3532/765 1685/3531/764
f 1687/3536/768 1698/3535/767 1686/3534/766
f 1688/3604/770 1699/3537/769 1687/3536/768
f 1689/3541/772 1700/3539/771 1688/3538/770
f 1690/3605/774 1701/3542/773 1689/3541/772
f 1691/3546/776 1702/3544/775 1690/3543/774
f 1692/3521/755 1703/3523/757 1691/3546/776
f 1693/3522/470 1704/3547/470 1703/3523/470
f 1694/3525/470 1705/3549/470 1693/3522/470
f 1695/3551/470 1706/3550/470 1694/3525/470
f 1696/3553/470 1707/3552/470 1695/3551/470
f 1697/3555/470 1708/3554/470 1696/3553/470
f 1698/3557/470 1709/3556/470 1697/3555/470
f 1699/3559/470 1710/3558/470 1698/3557/470
f 1700/3561/470 1711/3560/470 1699/3559/470
f 1701/3545/470 1712/3562/470 1700/3561/470
f 1702/3544/470 1713/3563/470 1701/3545/470
f 1703/3523/470 1714/3548/470 1702/3544/470
f 1704/3606/703 1715/3565/777 1714/3564/705
f 1705/3570/780 1716/3568/779 1704/3567/703
f 1706/3572/782 1717/3571/781 1705/3570/780
f 1707/3607/784 1718/3573/783 1706/3572/782
f 1708/3554/720 1719/3574/785 1707/3552/784
f 1709/3556/787 1720/3576/786 1708/3554/720
f 1710/3558/789 1656/3577/788 1709/3556/787
f 1711/3581/732 1655/3579/790 1710/3578/789
f 1712/3583/792 1654/3582/791 1711/3581/732
f 1713/3608/740 1653/3584/793 1712/3583/792
f 1714/3564/705 1652/3566/778 1713/3585/740
f 1715/3588/470 1651/3482/470 1652/3587/470
f 1716/3590/470 1650/3589/470 1715/3588/470
f 1717/3592/470 1649/3591/470 1716/3590/470
f 1718/3575/470 1648/3593/470 1717/3592/470
f 1719/3574/470 1647/3594/470 1718/3575/470
f 1720/3576/470 1646/3595/470 1719/3574/470
f 1656/3577/470 1645/3596/470 1720/3576/470
f 1655/3598/470 1644/3597/470 1656/3577/470
f 1652/3587/470 1641/3434/470 1653/3601/470
f 1653/3601/470 1642/3436/470 1654/3600/470
f 1654/3600/470 1643/3599/470 1655/3598/470
f 1730/3609/700 1749/3610/701 1731/3611/702
f 1750/3612/703 1751/3613/704 1748/3614/705
f 1731/3615/702 1746/3616/706 1732/3617/707
f 1752/3618/708 1753/3619/709 1750/3620/703
f 1732/3617/707 1721/3621/710 1733/3622/711
f 1754/3623/712 1755/3624/713 1752/3618/708
f 1733/3622/711 1722/3625/2078 1734/3626/715
f 1756/3627/716 1757/3628/717 1754/3623/712
f 1734/3629/715 1723/3630/718 1735/3631/719
f 1758/3632/720 1759/3633/721 1756/3634/716
f 1735/3631/719 1724/3635/722 1736/3636/723
f 1760/3637/724 1761/3638/2083 1758/3632/720
f 1736/3636/723 1725/3639/726 1737/3640/727
f 1762/3641/728 1763/3642/729 1760/3637/724
f 1737/3643/727 1726/3644/730 1738/3645/731
f 1764/3646/732 1765/3647/733 1762/3648/728
f 1738/3645/731 1727/3649/734 1739/3650/735
f 1766/3651/736 1767/3652/737 1764/3646/732
f 1739/3650/735 1728/3653/738 1740/3654/739
f 1768/3655/740 1769/3656/741 1766/3651/736
f 1740/3657/739 1729/3658/742 1730/3609/700
f 1748/3614/705 1770/3659/743 1768/3660/740
f 1751/3613/704 1771/3661/744 1770/3659/743
f 1753/3662/709 1772/3663/745 1751/3613/704
f 1755/3624/713 1773/3664/746 1753/3619/709
f 1757/3628/717 1774/3665/747 1755/3624/713
f 1759/3666/721 1775/3667/748 1757/3628/717
f 1761/3638/2083 1776/3668/749 1759/3633/721
f 1763/3669/729 1777/3670/750 1761/3671/2083
f 1765/3647/733 1778/3672/2082 1763/3669/729
f 1767/3652/737 1779/3673/752 1765/3647/733
f 1769/3656/741 1780/3674/753 1767/3652/737
f 1731/3611/702 1749/3610/701 1746/3675/706
f 1748/3614/705 1751/3613/704 1770/3659/743
f 1749/3610/470 1729/3658/470 1747/3676/470
f 1732/3617/707 1746/3616/706 1721/3621/710
f 1750/3620/703 1753/3619/709 1751/3677/704
f 1729/3658/470 1728/3678/470 1747/3676/470
f 1733/3622/711 1721/3621/710 1722/3625/2078
f 1752/3618/708 1755/3624/713 1753/3619/709
f 1728/3678/470 1727/3679/470 1747/3676/470
f 1734/3626/715 1722/3625/2078 1723/3680/718
f 1754/3623/712 1757/3628/717 1755/3624/713
f 1727/3679/470 1726/3681/470 1747/3676/470
f 1735/3631/719 1723/3630/718 1724/3635/722
f 1756/3634/716 1759/3633/721 1757/3682/717
f 1726/3681/470 1725/3683/470 1747/3676/470
f 1736/3636/723 1724/3635/722 1725/3639/726
f 1758/3632/720 1761/3638/2083 1759/3633/721
f 1725/3683/470 1724/3684/470 1747/3676/470
f 1737/3640/727 1725/3639/726 1726/3685/730
f 1760/3637/724 1763/3642/729 1761/3638/2083
f 1724/3684/470 1723/3686/470 1747/3676/470
f 1738/3645/731 1726/3644/730 1727/3649/734
f 1762/3648/728 1765/3647/733 1763/3669/729
f 1723/3686/470 1722/3687/470 1747/3676/470
f 1739/3650/735 1727/3649/734 1728/3653/738
f 1764/3646/732 1767/3652/737 1765/3647/733
f 1722/3687/470 1721/3688/470 1747/3676/470
f 1740/3654/739 1728/3653/738 1729/3689/742
f 1766/3651/736 1769/3656/741 1767/3652/737
f 1721/3688/470 1746/3675/470 1747/3676/470
f 1730/3609/700 1729/3658/742 1749/3610/701
f 1768/3660/740 1770/3659/743 1769/3690/741
f 1746/3675/470 1749/3610/470 1747/3676/470
f 1770/3659/743 1771/3661/744 1781/3691/754
f 1751/3613/704 1772/3663/745 1771/3661/744
f 1753/3619/709 1773/3664/746 1772/3692/745
f 1755/3624/713 1774/3665/747 1773/3664/746
f 1757/3628/717 1775/3667/748 1774/3665/747
f 1759/3633/721 1776/3668/749 1775/3693/748
f 1761/3671/2083 1777/3670/750 1776/3694/749
f 1763/3669/729 1778/3672/2082 1777/3670/750
f 1765/3647/733 1779/3673/752 1778/3672/2082
f 1767/3652/737 1780/3674/753 1779/3673/752
f 1769/3690/741 1781/3691/754 1780/3695/753
f 1781/3696/755 1782/3697/756 1792/3698/757
f 1771/3699/758 1783/3700/759 1782/3697/756
f 1772/3701/760 1784/3702/761 1783/3703/759
f 1773/3704/762 1785/3705/763 1784/3702/761
f 1774/3706/764 1786/3707/765 1785/3708/763
f 1775/3709/766 1787/3710/767 1786/3707/765
f 1776/3711/768 1788/3712/769 1787/3710/767
f 1777/3713/770 1789/3714/771 1788/3715/769
f 1778/3716/772 1790/3717/773 1789/3714/771
f 1779/3718/774 1791/3719/775 1790/3720/773
f 1780/3721/776 1792/3698/757 1791/3719/775
f 1792/3698/470 1793/3722/470 1803/3723/470
f 1782/3697/470 1794/3724/470 1793/3722/470
f 1783/3700/470 1795/3725/470 1794/3724/470
f 1784/3726/470 1796/3727/470 1795/3725/470
f 1785/3728/470 1797/3729/470 1796/3727/470
f 1786/3730/470 1798/3731/470 1797/3729/470
f 1787/3732/470 1799/3733/470 1798/3731/470
f 1788/3734/470 1800/3735/470 1799/3733/470
f 1789/3736/470 1801/3737/470 1800/3735/470
f 1790/3720/470 1802/3738/470 1801/3737/470
f 1791/3719/470 1803/3723/470 1802/3738/470
f 1803/3739/705 1804/3740/777 1741/3741/778
f 1793/3742/703 1805/3743/779 1804/3744/777
f 1794/3745/780 1806/3746/781 1805/3743/779
f 1795/3747/782 1807/3748/783 1806/3746/781
f 1796/3727/784 1808/3749/785 1807/3750/783
f 1797/3729/720 1809/3751/786 1808/3749/785
f 1798/3731/787 1745/3752/788 1809/3751/786
f 1799/3753/789 1744/3754/790 1745/3755/788
f 1800/3756/732 1743/3757/791 1744/3754/790
f 1801/3758/792 1742/3759/793 1743/3757/791
f 1802/3760/740 1741/3741/778 1742/3761/793
f 1741/3762/470 1740/3657/470 1730/3609/470
f 1804/3763/470 1739/3764/470 1740/3657/470
f 1805/3765/470 1738/3766/470 1739/3764/470
f 1806/3767/470 1737/3768/470 1738/3766/470
f 1807/3750/470 1736/3769/470 1737/3768/470
f 1808/3749/470 1735/3770/470 1736/3769/470
f 1809/3751/470 1734/3771/470 1735/3770/470
f 1745/3752/470 1733/3772/470 1734/3771/470
f 1744/3773/470 1732/3774/470 1733/3772/470
f 1743/3775/470 1731/3611/470 1732/3774/470
f 1742/3776/470 1730/3609/470 1731/3611/470
f 1770/3659/743 1781/3691/754 1769/3690/741
f 1771/3699/758 1782/3697/756 1781/3696/755
f 1772/3777/760 1783/3700/759 1771/3699/758
f 1773/3704/762 1784/3702/761 1772/3701/760
f 1774/3778/764 1785/3705/763 1773/3704/762
f 1775/3709/766 1786/3707/765 1774/3706/764
f 1776/3711/768 1787/3710/767 1775/3709/766
f 1777/3779/770 1788/3712/769 1776/3711/768
f 1778/3716/772 1789/3714/771 1777/3713/770
f 1779/3780/774 1790/3717/773 1778/3716/772
f 1780/3721/776 1791/3719/775 1779/3718/774
f 1781/3696/755 1792/3698/757 1780/3721/776
f 1782/3697/470 1793/3722/470 1792/3698/470
f 1783/3700/470 1794/3724/470 1782/3697/470
f 1784/3726/470 1795/3725/470 1783/3700/470
f 1785/3728/470 1796/3727/470 1784/3726/470
f 1786/3730/470 1797/3729/470 1785/3728/470
f 1787/3732/470 1798/3731/470 1786/3730/470
f 1788/3734/470 1799/3733/470 1787/3732/470
f 1789/3736/470 1800/3735/470 1788/3734/470
f 1790/3720/470 1801/3737/470 1789/3736/470
f 1791/3719/470 1802/3738/470 1790/3720/470
f 1792/3698/470 1803/3723/470 1791/3719/470
f 1793/3781/703 1804/3740/777 1803/3739/705
f 1794/3745/780 1805/3743/779 1793/3742/703
f 1795/3747/782 1806/3746/781 1794/3745/780
f 1796/3782/784 1807/3748/783 1795/3747/782
f 1797/3729/720 1808/3749/785 1796/3727/784
f 1798/3731/787 1809/3751/786 1797/3729/720
f 1799/3733/789 1745/3752/788 1798/3731/787
f 1800/3756/732 1744/3754/790 1799/3753/789
f 1801/3758/792 1743/3757/791 1800/3756/732
f 1802/3783/740 1742/3759/793 1801/3758/792
f 1803/3739/705 1741/3741/778 1802/3760/740
f 1804/3763/470 1740/3657/470 1741/3762/470
f 1805/3765/470 1739/3764/470 1804/3763/470
f 1806/3767/470 1738/3766/470 1805/3765/470
f 1807/3750/470 1737/3768/470 1806/3767/470
f 1808/3749/470 1736/3769/470 1807/3750/470
f 1809/3751/470 1735/3770/470 1808/3749/470
f 1745/3752/470 1734/3771/470 1809/3751/470
f 1744/3773/470 1733/3772/470 1745/3752/470
f 1741/3762/470 1730/3609/470 1742/3776/470
f 1742/3776/470 1731/3611/470 1743/3775/470
f 1743/3775/470 1732/3774/470 1744/3773/470
f 3633/7984/3321 3631/7985/3322 3634/7986/3323
f 3638/7987/3324 3634/7986/3325 3631/7985/3322
f 3635/7988/3326 3636/7989/3327 3631/7990/3328
f 3638/7991/3329 3631/7990/3328 3636/7989/3327
f 3634/7986/3325 3637/7992/3330 3639/7993/3331
f 3637/7992/3330 3634/7986/3325 3638/7987/3324
f 3637/7994/3332 3636/7989/3327 3632/7995/3333
f 3636/7989/3327 3637/7994/3332 3638/7991/3329
f 3642/7996/3334 3644/7997/3334 3647/7998/3334
f 3642/7996/3334 3641/7999/3334 3644/7997/3334
f 3763/8000/3335 3762/8001/3336 3774/8002/3337
f 3762/8001/3336 3763/8000/3335 3765/8003/3338
f 3646/8004/82 3644/7997/82 3641/7999/82
f 3646/8004/82 3645/8005/82 3644/7997/82
f 3640/8006/3339 3641/8007/3339 3642/8008/3339
f 3640/8006/3339 3646/8009/3339 3641/8007/3339
f 3643/8010/85 3642/8011/85 3647/8012/85
f 3643/8010/85 3640/8013/85 3642/8011/85
f 3645/8014/3340 3647/8015/3340 3644/8016/3340
f 3645/8014/3340 3643/8017/3340 3647/8015/3340
f 3655/8018/3341 3652/8019/3341 3650/8020/3341
f 3652/8019/3341 3649/8021/3341 3650/8020/3341
f 3762/8022/3336 3766/8023/2650 3774/8024/3337
f 3766/8023/2650 3762/8022/3342 3772/8025/2650
f 3649/8026/85 3652/8027/85 3654/8028/85
f 3652/8027/85 3653/8029/85 3654/8028/85
f 3650/8030/3343 3649/8031/3343 3648/8032/3343
f 3649/8031/3343 3654/8033/3343 3648/8032/3343
f 3655/8034/82 3650/8035/82 3651/8036/82
f 3650/8035/82 3648/8037/82 3651/8036/82
f 3652/8038/3344 3655/8039/3344 3653/8040/3344
f 3655/8039/3344 3651/8041/3344 3653/8040/3344
f 3750/8042/3345 3753/8043/3346 3758/8044/3347
f 3753/8045/3348 3760/8046/3348 3761/8047/3348
f 3760/8046/3348 3753/8045/3348 3751/8048/3348
f 3761/8049/3349 3758/8050/3349 3753/8051/3349
f 3750/8042/3345 3751/8052/3350 3753/8043/3346
f 3751/8053/3351 3750/8054/3351 3760/8055/3351
f 3750/8056/3352 3758/8056/3353 3756/8056/3352
f 3758/8050/3349 3761/8049/3349 3759/8057/3349
f 3759/8058/3354 3756/8059/3354 3758/8060/3354
f 3760/8055/3351 3750/8054/3351 3747/8061/3351
f 3747/8056/3352 3750/8056/3352 3756/8056/3352
f 3756/8059/3354 3759/8058/3354 3747/8062/3355
f 3748/8063/3356 3746/8064/3357 3745/8065/3358
f 3757/8066/3359 3745/8065/3358 3746/8064/3357
f 3757/8067/3359 3749/8068/2650 3745/8069/3358
f 3755/8070/2650 3745/8069/3358 3749/8068/2650
f 3746/8071/3360 3752/8072/3360 3757/8073/3360
f 3749/8074/3360 3757/8073/3360 3752/8072/3360
f 3748/8075/3361 3754/8076/3361 3746/8077/3361
f 3752/8078/3361 3746/8077/3361 3754/8076/3361
f 3745/8079/3362 3755/8080/3362 3748/8081/3362
f 3754/8082/3362 3748/8081/3362 3755/8080/3362
f 3773/8083/3352 3775/8083/3363 3767/8083/3352
f 3777/8084/3364 3767/8085/3364 3768/8086/3364
f 3770/8087/3365 3768/8088/3366 3767/8089/3367
f 3770/8090/3368 3775/8091/3368 3744/8092/3368
f 3687/8093/3369 3685/8094/3370 3664/8095/3371
f 3685/8096/3370 3684/8097/3372 3671/8098/3373
f 3671/8099/3374 3683/8100/3375 3663/8101/3376
f 3665/8102/3377 3677/8103/3377 3688/8104/3378
f 3684/8105/3372 3661/8106/3379 3671/8107/3373
f 3684/8105/3372 3674/8108/3380 3661/8106/3379
f 3685/8096/3370 3671/8098/3373 3664/8109/3371
f 3666/8110/3381 3665/8102/3382 3688/8104/3383
f 3688/8111/3383 3667/8112/3384 3666/8113/3381
f 3667/8112/3384 3688/8111/3383 3677/8114/3385
f 3671/8099/3374 3663/8101/3376 3664/8115/3386
f 3665/8116/3387 3675/8117/3387 3668/8118/3388
f 3674/8119/3389 3682/8120/3390 3680/8121/3391
f 3684/8122/3392 3687/8123/3393 3682/8120/3390
f 3671/8099/3374 3661/8124/3394 3683/8100/3375
f 3679/8125/3395 3669/8126/3396 3681/8127/3397
f 3687/8093/3369 3664/8095/3371 3663/8128/3398
f 3681/8129/3399 3662/8130/3400 3673/8131/3399
f 3665/8102/3382 3666/8110/3381 3678/8132/3401
f 3661/8124/3394 3670/8133/3402 3683/8100/3375
f 3679/8134/3403 3686/8135/3404 3673/8136/3405
f 3666/8137/3406 3675/8138/3407 3678/8139/3408
f 3681/8127/3397 3686/8140/3409 3679/8125/3395
f 3674/8108/3380 3670/8141/3410 3661/8106/3379
f 3673/8131/3399 3686/8142/3411 3681/8129/3399
f 3684/8122/3392 3682/8120/3390 3674/8119/3389
f 3672/8143/3412 3662/8144/3413 3681/8127/3414
f 3684/8122/3392 3685/8145/3415 3687/8123/3393
f 3680/8146/3416 3683/8100/3417 3670/8133/3418
f 3677/8103/3377 3665/8102/3377 3668/8147/3419
f 3674/8108/3380 3680/8148/3420 3670/8141/3410
f 3673/8136/3405 3676/8149/3421 3679/8134/3403
f 3669/8150/3396 3679/8151/3395 3676/8152/3422
f 3676/8152/3422 3672/8153/3423 3669/8150/3396
f 3681/8127/3414 3669/8126/3424 3672/8143/3412
f 3675/8138/3407 3666/8137/3406 3667/8154/3425
f 3682/8155/3426 3687/8093/3369 3663/8128/3398
f 3675/8117/3387 3665/8116/3387 3678/8156/3427
f 3680/8146/3416 3682/8157/3428 3683/8100/3417
f 3682/8155/3426 3663/8128/3398 3683/8158/3429
f 3673/8159/3430 3662/8160/3431 3676/8161/3430
f 3667/8162/3431 3668/8163/3430 3675/8164/3431
f 3677/8165/3430 3668/8163/3430 3667/8162/3431
f 3672/8166/3431 3676/8161/3430 3662/8160/3431
f 3708/8167/3432 3657/8168/3433 3659/8169/3434
f 3701/8170/3435 3656/8171/3436 3657/8172/3433
f 3709/8173/3437 3689/8174/3438 3701/8175/3439
f 3660/8176/3440 3695/8177/3441 3707/8178/3441
f 3701/8179/3435 3711/8180/3442 3656/8181/3436
f 3711/8180/3442 3698/8182/3443 3656/8181/3436
f 3708/8183/3432 3701/8170/3435 3657/8172/3433
f 3660/8184/3444 3707/8185/3445 3706/8186/3446
f 3706/8187/3446 3705/8188/3447 3660/8189/3444
f 3695/8190/3448 3660/8189/3444 3705/8188/3447
f 3708/8191/3449 3709/8173/3437 3701/8175/3439
f 3704/8192/3450 3697/8193/3451 3707/8194/3451
f 3692/8195/3452 3690/8196/3453 3698/8197/3454
f 3690/8196/3453 3659/8198/3455 3656/8199/3456
f 3689/8174/3438 3711/8200/3457 3701/8175/3439
f 3691/8201/3458 3703/8202/3459 3693/8203/3460
f 3709/8204/3461 3708/8167/3432 3659/8169/3434
f 3699/8205/3462 3710/8206/3463 3691/8207/3462
f 3774/8002/3464 3769/8208/3464 3763/8000/3464
f 3769/8208/3464 3774/8002/3464 3766/8209/3464
f 3763/8210/3465 3771/8211/3465 3765/8212/3465
f 3771/8211/3465 3763/8210/3465 3769/8213/3465
f 3765/8214/3466 3772/8215/3466 3762/8216/3466
f 3772/8215/3466 3765/8214/3466 3771/8217/3466
f 3732/8218/3467 3729/8219/3467 3733/8220/3467
f 3735/8221/3468 3734/8222/3468 3737/8223/3468
f 3731/8224/3469 3740/8225/3469 3728/8226/3469
f 3734/8227/3469 3728/8226/3469 3740/8225/3469
f 3741/8228/2654 3731/8229/2654 3730/8230/3470
f 3728/8231/3471 3730/8230/3472 3731/8229/2654
f 3764/8232/3473 3776/8233/3473 3773/8234/3473
f 3737/8235/3474 3741/8236/3474 3735/8237/3474
f 3773/8083/3352 3767/8083/3352 3764/8083/3352
f 3733/8220/3467 3742/8238/3467 3732/8218/3467
f 3742/8239/3475 3733/8240/3475 3736/8241/3475
f 3736/8241/3475 3743/8242/3475 3742/8239/3475
f 3728/8243/3471 3734/8244/3476 3730/8245/3472
f 3735/8246/3477 3730/8245/3472 3734/8244/3476
f 3764/8247/3364 3767/8085/3364 3777/8084/3364
f 3730/8248/3474 3735/8237/3474 3741/8236/3474
f 3739/8249/3478 3738/8250/3478 3729/8251/3478
f 3736/8241/3479 3729/8252/3480 3738/8253/3481
f 3743/8254/3482 3736/8255/3482 3738/8256/3482
f 3740/8257/3468 3737/8223/3468 3734/8222/3468
f 3739/8258/3482 3743/8254/3482 3738/8256/3482
f 3729/8251/3478 3732/8259/3478 3739/8249/3478
f 3736/8241/3479 3733/8240/3483 3729/8252/3480
f 3775/8260/3484 3773/8234/3484 3776/8233/3484
f 3717/8261/3485 3713/8262/3485 3716/8263/3485
f 3721/8264/3486 3718/8265/3486 3719/8266/3486
f 3712/8267/3487 3724/8268/3487 3715/8269/3487
f 3724/8268/3487 3712/8267/3487 3718/8270/3487
f 3714/8271/3488 3715/8272/2654 3725/8273/2654
f 3715/8272/2654 3714/8271/3488 3712/8274/3489
f 3776/8275/3368 3744/8092/3368 3775/8091/3368
f 3719/8276/3490 3725/8277/3490 3721/8278/3490
f 3775/8279/3491 3770/8087/3365 3767/8089/3367
f 3716/8263/3485 3726/8280/3485 3717/8261/3485
f 3720/8281/3492 3717/8282/3492 3726/8283/3492
f 3726/8283/3492 3727/8284/3492 3720/8281/3492
f 3694/8285/3493 3706/8186/3446 3707/8185/3445
f 3689/8174/3438 3702/8286/3494 3711/8200/3457
f 3699/8287/3495 3658/8288/3496 3693/8289/3497
f 3694/8290/3498 3697/8291/3499 3706/8292/3500
f 3693/8203/3460 3658/8293/3501 3691/8201/3458
f 3711/8180/3442 3702/8294/3502 3698/8182/3443
f 3691/8207/3462 3658/8295/3503 3699/8205/3462
f 3698/8197/3454 3690/8196/3453 3656/8199/3456
f 3691/8296/3504 3710/8297/3505 3700/8298/3506
f 3659/8198/3455 3657/8299/3507 3656/8199/3456
f 3702/8300/3508 3689/8301/3509 3692/8302/3510
f 3704/8303/3511 3707/8178/3441 3695/8177/3441
f 3702/8294/3502 3692/8304/3512 3698/8182/3443
f 3693/8289/3497 3696/8305/3513 3699/8287/3495
f 3696/8306/3514 3693/8307/3460 3703/8308/3459
f 3714/8309/3488 3718/8270/3515 3712/8267/3489
f 3718/8270/3515 3714/8309/3488 3719/8310/3516
f 3744/8311/3517 3777/8312/3517 3770/8313/3517
f 3725/8277/3490 3719/8276/3490 3714/8314/3490
f 3713/8315/3518 3722/8316/3518 3723/8317/3518
f 3722/8318/3519 3713/8319/3520 3720/8320/3521
f 3722/8321/3522 3720/8322/3522 3727/8323/3522
f 3718/8265/3486 3721/8264/3486 3724/8324/3486
f 3722/8321/3522 3727/8323/3522 3723/8325/3522
f 3723/8317/3518 3716/8326/3518 3713/8315/3518
f 3713/8319/3520 3717/8327/3523 3720/8320/3521
f 3768/8328/3517 3770/8313/3517 3777/8312/3517
f 3710/8329/3524 3696/8330/3525 3700/8331/3524
f 3705/8332/3524 3704/8333/3525 3695/8334/3525
f 3697/8335/3524 3704/8333/3525 3705/8332/3524
f 3696/8330/3525 3710/8329/3524 3699/8336/3525
f 3689/8337/3526 3709/8204/3461 3690/8338/3527
f 3689/8301/3509 3690/8339/3528 3692/8302/3510
f 3694/8340/3529 3707/8194/3451 3697/8193/3451
f 3709/8204/3461 3659/8169/3434 3690/8338/3527
f 3705/8341/3530 3706/8292/3500 3697/8291/3499
f 3700/8298/3506 3703/8342/3531 3691/8296/3504
f 3703/8308/3459 3700/8343/3532 3696/8306/3514
usemtl Mat_Top_Deck_Final
f 645/1367/794 643/1368/795 650/1369/795
f 645/1367/794 644/1370/796 643/1368/795
f 649/1371/797 646/1372/797 647/1373/797
f 645/1374/798 650/1375/798 649/1376/798
f 648/1377/799 647/1378/799 651/1379/800
f 644/1380/85 647/1381/801 646/1382/85
f 651/1383/801 647/1381/801 644/1380/85
f 645/1374/82 649/1376/798 648/1384/82
f 652/1385/802 651/1379/800 644/1386/796
f 652/1387/82 645/1374/82 648/1384/82
f 644/1380/85 646/1382/85 643/1388/85
f 652/1385/802 644/1386/796 645/1389/794
f 648/1377/799 651/1379/800 652/1385/802
f 649/1371/797 647/1373/797 648/1390/797
f 661/1391/85 659/1392/85 672/1393/85
f 654/1394/85 661/1391/85 672/1393/85
f 673/1395/803 674/1396/804 659/1397/805
f 661/1398/806 673/1395/803 659/1397/805
f 653/1399/807 656/1400/808 674/1396/804
f 673/1395/803 653/1399/807 674/1396/804
f 671/1401/82 657/1402/82 656/1403/82
f 653/1404/82 671/1401/82 656/1403/82
f 665/1405/809 662/1406/810 657/1402/811
f 671/1401/812 665/1405/809 657/1402/811
f 660/1407/813 675/1408/814 673/1409/815
f 660/1407/813 673/1409/815 658/1410/816
f 654/1411/817 672/1412/818 662/1413/810
f 665/1414/809 654/1411/817 662/1413/810
f 656/1415/819 657/1416/820 674/1417/821
f 657/1416/820 662/1418/822 674/1417/821
f 674/1417/821 662/1418/822 659/1419/823
f 659/1419/823 662/1418/822 672/1420/824
f 660/1421/825 670/1422/826 666/1423/827
f 671/1424/828 653/1425/828 673/1426/828
f 665/1427/829 671/1424/828 673/1426/828
f 665/1427/829 673/1426/830 661/1428/831
f 665/1427/829 661/1428/831 654/1429/832
f 660/1407/813 658/1410/816 670/1430/833
f 658/1431/85 668/1432/85 667/1433/85
f 670/1434/85 658/1431/85 667/1433/85
f 673/1435/834 669/1436/835 668/1437/836
f 658/1438/837 673/1435/837 668/1437/838
f 655/1439/839 664/1440/840 669/1436/835
f 673/1435/834 655/1439/839 669/1436/835
f 675/1441/82 663/1442/82 664/1443/82
f 655/1444/82 675/1441/82 664/1443/82
f 660/1445/825 666/1446/827 663/1442/841
f 675/1441/842 660/1445/843 663/1442/844
f 675/1408/814 655/1447/845 673/1409/815
f 670/1422/826 667/1448/826 666/1423/827
f 680/1449/846 696/1450/847 687/1451/848
f 685/1452/849 676/1453/850 697/1454/851
f 679/1455/852 687/1456/848 677/1457/853
f 681/1458/854 676/1459/855 687/1460/856
f 684/1461/857 686/1462/858 690/1463/859
f 690/1463/859 678/1464/860 684/1461/857
f 678/1464/860 680/1465/846 679/1466/861
f 684/1461/857 678/1464/860 679/1466/861
f 690/1467/862 696/1450/847 680/1449/846
f 678/1468/860 690/1467/862 680/1449/846
f 686/1469/218 697/1470/863 683/1471/864
f 676/1453/850 689/1472/865 697/1454/851
f 676/1473/866 677/1474/866 687/1475/867
f 679/1476/868 677/1477/869 684/1478/870
f 677/1477/869 697/1470/863 684/1478/870
f 684/1478/870 697/1470/863 686/1469/218
f 685/1479/871 697/1470/863 677/1477/869
f 688/1480/872 696/1481/847 695/1482/873
f 697/1454/851 691/1483/874 682/1484/875
f 692/1485/876 688/1486/872 694/1487/877
f 688/1488/878 691/1489/879 681/1490/854
f 690/1463/859 686/1462/858 683/1491/880
f 683/1491/880 693/1492/881 690/1463/859
f 694/1493/882 695/1494/873 693/1492/881
f 694/1493/882 693/1492/881 683/1491/880
f 695/1482/873 696/1481/847 690/1495/862
f 695/1482/873 690/1495/862 693/1496/881
f 692/1497/883 697/1470/863 682/1498/884
f 697/1454/851 689/1472/865 691/1483/874
f 688/1499/885 692/1500/886 691/1501/886
f 683/1471/864 692/1497/883 694/1502/887
f 683/1471/864 697/1470/863 692/1497/883
f 900/1503/888 765/1504/889 749/1505/889
f 749/1505/889 910/1506/888 900/1503/888
f 818/1507/890 845/1508/891 812/1509/892
f 818/1507/890 812/1509/892 862/1510/893
f 756/1511/894 901/1512/895 899/1513/896
f 899/1513/896 866/1514/896 756/1511/894
f 806/1515/897 867/1516/898 783/1517/899
f 719/1518/900 775/1519/901 918/1520/902
f 826/1521/903 773/1522/903 888/1523/903
f 870/1524/903 888/1523/903 773/1522/903
f 820/1525/904 828/1526/905 785/1527/906
f 735/1528/903 726/1529/903 844/1530/903
f 784/1531/903 844/1530/903 726/1529/903
f 809/1532/907 891/1533/908 799/1534/909
f 699/1535/910 911/1536/910 883/1537/910
f 874/1538/911 718/1539/912 787/1540/913
f 897/1541/914 791/1542/914 795/1543/914
f 926/1544/914 795/1543/914 791/1542/914
f 764/1545/915 799/1546/916 879/1547/917
f 867/1548/918 919/1549/918 780/1550/918
f 866/1514/919 899/1513/919 800/1551/920
f 859/1552/921 789/1553/921 858/1554/921
f 809/1555/922 728/1556/922 875/1557/922
f 748/1558/923 809/1555/922 875/1557/922
f 728/1559/924 803/1560/924 842/1561/924
f 875/1562/924 728/1559/924 842/1561/924
f 804/1563/925 917/1564/926 838/1565/927
f 782/1566/928 838/1565/927 917/1564/926
f 862/1510/893 802/1567/929 916/1568/930
f 862/1510/893 916/1568/930 818/1507/890
f 800/1551/920 731/1569/931 761/1570/932
f 839/1571/933 761/1570/932 731/1569/931
f 747/1572/934 753/1573/934 721/1574/934
f 721/1574/934 832/1575/934 747/1572/934
f 816/1576/935 894/1577/935 811/1578/935
f 894/1577/935 816/1576/935 757/1579/935
f 915/1580/936 845/1581/936 785/1582/937
f 795/1583/938 739/1584/939 897/1585/939
f 829/1586/940 820/1587/941 821/1588/942
f 857/1589/939 897/1585/939 739/1584/939
f 884/1590/943 718/1539/912 920/1591/944
f 728/1592/945 809/1532/907 799/1534/909
f 876/1593/946 768/1594/947 766/1595/948
f 739/1596/903 742/1597/903 857/1598/903
f 861/1599/903 857/1598/903 742/1597/903
f 759/1600/949 823/1601/949 793/1602/949
f 831/1603/949 793/1602/949 823/1601/949
f 913/1604/950 827/1605/951 807/1606/952
f 890/1607/953 827/1605/951 913/1604/950
f 743/1608/954 827/1605/951 890/1607/953
f 729/1609/955 743/1608/954 890/1607/953
f 755/1610/956 909/1611/957 836/1612/958
f 708/1613/959 709/1614/960 734/1615/959
f 704/1616/961 708/1613/959 734/1615/959
f 804/1617/933 838/1618/962 731/1569/931
f 839/1571/933 731/1569/931 838/1618/962
f 829/1586/940 828/1619/963 820/1587/941
f 850/1620/964 811/1621/964 852/1622/964
f 883/1537/910 901/1623/910 699/1535/910
f 872/1624/965 774/1625/965 878/1626/966
f 774/1625/965 764/1627/966 878/1626/966
f 825/1628/967 828/1619/968 829/1586/968
f 825/1628/967 785/1629/967 828/1619/968
f 773/1630/969 926/1631/969 870/1632/969
f 919/1633/970 778/1634/970 722/1635/970
f 811/1621/964 850/1620/964 816/1636/964
f 789/1553/971 816/1637/971 850/1638/971
f 858/1554/972 850/1638/972 886/1639/972
f 850/1638/971 858/1554/971 789/1553/971
f 783/1517/899 868/1640/973 806/1515/897
f 708/1641/974 704/1642/975 703/1643/976
f 722/1635/970 780/1644/970 919/1633/970
f 821/1645/977 820/1646/977 818/1647/978
f 819/1648/979 916/1649/980 889/1650/981
f 836/1612/958 908/1651/982 755/1610/956
f 764/1652/983 774/1653/984 803/1654/985
f 799/1534/909 764/1652/983 803/1654/985
f 846/1655/969 759/1656/969 871/1657/969
f 700/1658/986 770/1659/986 709/1660/987
f 842/1561/988 803/1560/989 872/1624/988
f 803/1560/989 774/1625/990 872/1624/988
f 779/1661/991 708/1641/974 703/1643/976
f 778/1662/992 892/1663/992 887/1664/992
f 746/1665/993 716/1666/994 741/1667/995
f 732/1668/996 711/1669/997 716/1666/994
f 803/1654/985 728/1592/945 799/1534/909
f 924/1670/998 923/1671/998 762/1672/998
f 849/1673/999 720/1674/1000 781/1675/1001
f 720/1674/1000 920/1676/1002 781/1675/1001
f 787/1677/1003 925/1678/1004 874/1679/1005
f 925/1678/1004 822/1680/1006 874/1679/1005
f 874/1538/911 781/1681/912 718/1539/912
f 920/1591/944 718/1539/912 781/1681/912
f 750/1682/1007 862/1683/1008 922/1684/1007
f 750/1682/1007 802/1685/1009 862/1683/1008
f 698/1686/1010 703/1687/1011 706/1688/1012
f 703/1687/1011 912/1689/1013 706/1688/1012
f 779/1690/1014 698/1691/1015 707/1692/1014
f 698/1691/1015 706/1693/1015 707/1692/1014
f 717/1694/1016 847/1695/1017 817/1696/1018
f 808/1697/1019 885/1698/1020 756/1511/1021
f 758/1699/1022 721/1700/1023 901/1512/895
f 901/1512/895 756/1511/894 758/1699/1022
f 789/1553/921 859/1552/921 907/1701/921
f 814/1702/1024 717/1694/1016 817/1696/1018
f 832/1703/1025 721/1704/1026 758/1705/1025
f 881/1706/1027 843/1707/1027 854/1708/1028
f 843/1707/1027 891/1709/1028 854/1708/1028
f 880/1710/1029 736/1711/1030 881/1706/1031
f 901/1712/1032 883/1713/1033 798/1714/1034
f 780/1550/918 851/1715/918 867/1548/918
f 771/1716/1035 788/1717/1036 840/1718/1035
f 767/1719/1037 771/1720/1035 840/1721/1035
f 772/1722/1038 914/1723/1039 788/1724/1040
f 771/1725/1041 772/1722/1038 788/1724/1040
f 864/1726/1042 769/1727/1043 914/1723/1042
f 772/1722/1044 864/1726/1042 914/1723/1042
f 767/1728/1045 840/1729/1046 769/1730/1047
f 864/1731/1048 767/1728/1045 769/1730/1047
f 736/1711/1030 843/1707/1049 881/1706/1031
f 712/1732/1050 710/1733/1050 898/1734/1051
f 771/1735/1052 767/1736/1053 864/1737/1052
f 772/1738/1054 771/1735/1052 864/1737/1052
f 766/1739/1055 867/1740/1055 851/1741/1055
f 925/1742/1056 787/1743/1056 902/1744/1056
f 700/1745/1057 779/1746/1058 770/1747/1059
f 920/1748/1060 720/1749/1061 884/1750/1061
f 854/1751/1062 891/1752/1063 748/1753/1063
f 891/1752/1063 809/1754/1063 748/1753/1063
f 791/1755/1064 870/1632/969 926/1631/969
f 878/1756/1065 764/1545/915 879/1547/917
f 847/1757/1066 810/1758/1067 824/1759/1068
f 892/1760/970 836/1761/970 906/1762/970
f 754/1763/1069 856/1764/1069 853/1765/1069
f 823/1766/1070 927/1767/1070 831/1768/1070
f 730/1769/1070 831/1768/1070 927/1767/1070
f 860/1770/1071 884/1750/1061 720/1749/1061
f 927/1771/949 754/1772/949 730/1773/949
f 918/1520/902 806/1515/897 719/1518/900
f 867/1516/898 806/1515/897 918/1520/902
f 918/1520/902 908/1651/982 867/1516/898
f 836/1612/958 892/1774/1072 778/1775/1073
f 778/1775/1073 908/1651/982 836/1612/958
f 867/1516/898 768/1776/1074 783/1517/899
f 867/1516/1075 766/1777/1076 768/1776/1076
f 768/1778/1077 705/1779/1078 783/1780/1079
f 778/1775/1073 919/1781/1080 867/1516/898
f 762/1672/998 921/1782/998 924/1670/998
f 816/1637/1081 789/1553/1081 907/1701/1082
f 901/1512/895 721/1700/1023 753/1783/1083
f 753/1783/1083 699/1784/1083 901/1512/895
f 917/1785/1084 804/1786/1084 903/1787/1084
f 731/1788/1084 903/1787/1084 804/1786/1084
f 899/1789/1034 798/1790/1034 731/1791/1085
f 903/1792/1085 731/1791/1085 798/1790/1034
f 794/1793/1086 808/1697/1019 800/1551/1087
f 866/1514/1019 800/1551/1087 808/1697/1019
f 794/1794/1088 800/1795/1088 855/1796/1088
f 761/1797/1088 855/1796/1088 800/1795/1088
f 855/1798/1089 761/1799/1089 701/1800/1089
f 839/1801/1089 701/1800/1089 761/1799/1089
f 701/1802/1090 839/1803/1090 782/1566/1090
f 838/1565/1090 782/1566/1090 839/1803/1090
f 911/1804/1091 699/1805/1092 753/1806/1091
f 716/1807/1093 746/1808/1094 715/1809/1095
f 786/1810/1096 716/1807/1093 715/1809/1095
f 882/1811/1097 757/1812/1097 886/1813/1097
f 921/1814/1098 733/1815/1099 781/1681/1098
f 781/1681/1098 874/1538/1100 921/1814/1098
f 822/1816/1006 923/1671/1101 874/1817/1005
f 923/1671/1101 924/1670/1102 874/1817/1005
f 895/1818/1103 743/1819/1104 893/1820/1105
f 705/1821/1106 723/1822/1106 876/1823/1106
f 847/1824/1107 717/1825/1108 777/1826/1109
f 810/1827/1110 847/1824/1107 777/1826/1109
f 779/1746/1058 707/1828/1111 770/1747/1059
f 879/1829/1112 799/1830/1113 880/1831/1114
f 810/1832/1115 777/1833/1116 737/1834/1117
f 824/1835/1118 810/1832/1115 737/1834/1117
f 907/1701/1082 757/1836/1082 816/1637/1081
f 757/1836/1119 907/1701/1119 859/1552/1120
f 859/1552/1120 886/1639/1120 757/1836/1119
f 844/1837/1121 861/1838/1121 735/1839/1121
f 888/1840/939 805/1841/1122 826/1842/1122
f 805/1843/949 846/1844/949 815/1845/949
f 871/1846/949 815/1845/949 846/1844/949
f 815/1847/1122 826/1842/1122 805/1841/1122
f 758/1705/1025 841/1848/1123 832/1703/1025
f 841/1849/1124 758/1850/1124 756/1851/1125
f 756/1851/1125 885/1852/1125 841/1849/1124
f 756/1511/1021 866/1514/1019 808/1697/1019
f 915/1580/936 785/1582/937 825/1853/937
f 813/1854/1126 812/1855/1126 845/1856/1126
f 813/1854/1126 845/1856/1126 915/1857/1127
f 922/1858/1128 862/1859/1128 812/1860/1128
f 922/1858/1128 812/1860/1128 813/1861/1128
f 799/1534/909 891/1533/908 736/1862/1129
f 891/1533/908 843/1863/1130 736/1862/1129
f 921/1782/1131 762/1672/1132 763/1864/1133
f 793/1865/1070 871/1657/969 759/1656/969
f 763/1864/1133 702/1866/1134 921/1782/1131
f 702/1866/1135 763/1864/1136 792/1867/1137
f 886/1639/972 859/1552/972 858/1554/972
f 713/1868/1138 732/1869/1138 786/1810/1139
f 732/1869/1138 716/1807/1139 786/1810/1139
f 898/1870/1140 711/1871/1141 713/1872/1141
f 711/1871/1141 732/1873/1142 713/1872/1141
f 779/1661/991 700/1874/1143 708/1641/974
f 906/1762/970 887/1875/970 892/1760/970
f 783/1876/1055 749/1877/1055 765/1878/1055
f 765/1878/1055 760/1879/1055 783/1876/1055
f 837/1880/1144 848/1881/1144 745/1882/1145
f 796/1883/1145 837/1880/1144 745/1882/1145
f 830/1884/1146 790/1885/1147 848/1881/1146
f 837/1880/1148 830/1884/1146 848/1881/1146
f 751/1886/1149 833/1887/1150 790/1888/1149
f 830/1889/1151 751/1886/1149 790/1888/1149
f 752/1890/1152 834/1891/1153 833/1887/1152
f 751/1886/1154 752/1890/1152 833/1887/1152
f 724/1892/1155 835/1893/1155 834/1894/1156
f 752/1895/1156 724/1892/1155 834/1894/1156
f 796/1896/1157 745/1897/1158 835/1898/1157
f 724/1899/1159 796/1896/1157 835/1898/1157
f 868/1900/1160 783/1876/1160 760/1879/1160
f 760/1879/1160 725/1901/1160 868/1900/1160
f 806/1902/970 868/1900/970 725/1901/970
f 725/1901/970 877/1903/970 806/1902/970
f 796/1904/1161 724/1892/1162 752/1895/1163
f 837/1905/1164 796/1904/1161 752/1895/1163
f 837/1905/1164 752/1895/1163 751/1906/1165
f 837/1905/1164 751/1906/1165 830/1907/1166
f 705/1779/1078 768/1778/1077 844/1908/1167
f 754/1909/1168 927/1910/1169 856/1911/1170
f 888/1912/1171 856/1911/1170 927/1910/1169
f 910/1913/1172 705/1914/1172 844/1915/1172
f 727/1916/1173 906/1917/1173 836/1918/1173
f 784/1919/1172 910/1913/1172 844/1915/1172
f 766/1595/948 896/1920/1174 876/1593/946
f 743/1819/1104 729/1921/1175 893/1820/1105
f 889/1922/1176 802/1685/1177 750/1682/1177
f 819/1648/979 818/1647/1178 916/1649/980
f 742/1923/1121 735/1839/1121 861/1838/1121
f 753/1806/1091 747/1924/1179 911/1804/1091
f 777/1925/1180 717/1694/1181 814/1702/1180
f 737/1926/1182 777/1925/1180 814/1702/1180
f 887/1664/992 722/1927/1173 778/1662/992
f 716/1666/994 711/1669/997 741/1667/995
f 710/1733/1050 711/1928/1051 898/1734/1051
f 714/1929/1183 741/1930/1184 712/1931/1184
f 741/1930/1184 710/1932/1185 712/1931/1184
f 889/1922/1176 916/1933/1176 802/1685/1177
f 821/1645/977 818/1647/978 819/1648/1186
f 817/1934/1187 847/1935/1066 824/1936/1068
f 729/1609/1188 890/1607/1189 797/1937/1189
f 893/1938/1190 729/1609/1188 797/1937/1189
f 867/1516/898 908/1651/982 778/1775/1073
f 705/1914/1191 910/1913/1191 783/1939/1191
f 836/1918/1173 909/1940/1173 727/1916/1173
f 910/1913/1191 749/1941/1191 783/1939/1191
f 851/1741/1055 896/1942/1055 766/1739/1055
f 904/1943/1192 869/1944/1192 740/1945/1192
f 910/1946/888 784/1947/1193 900/1948/888
f 768/1594/947 876/1593/946 740/1949/1194
f 726/1950/1193 900/1948/888 784/1947/1193
f 904/1951/1195 740/1949/1194 876/1593/946
f 853/1952/949 730/1773/949 754/1772/949
f 856/1953/1192 740/1945/1192 869/1944/1192
f 792/1867/1137 733/1954/1196 702/1866/1135
f 719/1955/1197 806/1902/1198 877/1903/1198
f 877/1903/1198 776/1956/1197 719/1955/1197
f 708/1957/987 700/1658/986 709/1660/987
f 733/1958/1199 792/1959/1200 781/1675/1001
f 792/1959/1200 849/1673/999 781/1675/1001
f 757/1812/1097 882/1811/1097 894/1960/1097
f 852/1961/1201 886/1639/1201 850/1638/1202
f 921/1814/1098 874/1538/1100 924/1962/1100
f 886/1639/1201 852/1961/1201 882/1963/1201
f 779/1661/991 703/1643/976 698/1964/1203
f 921/1814/1098 702/1965/1204 733/1815/1099
f 865/1966/1205 827/1967/1205 895/1818/1206
f 827/1967/1205 743/1819/1206 895/1818/1206
f 863/1968/1207 807/1969/1208 865/1970/1209
f 807/1969/1208 827/1971/1210 865/1970/1209
f 801/1972/1211 913/1973/1212 863/1968/1213
f 913/1973/1212 807/1969/1214 863/1968/1213
f 797/1937/1215 890/1607/1216 801/1974/1216
f 890/1607/1216 913/1604/1217 801/1974/1216
f 846/1975/1218 805/1976/1219 759/1977/1220
f 888/1912/1171 759/1977/1220 805/1976/1219
f 861/1978/1221 844/1979/1222 857/1980/1223
f 856/1911/1170 857/1980/1223 844/1979/1222
f 791/1981/1224 897/1982/1225 870/1983/1226
f 857/1980/1223 870/1983/1226 897/1982/1225
f 857/1980/1223 856/1911/1170 870/1983/1226
f 888/1912/1171 870/1983/1226 856/1911/1170
f 823/1984/1227 759/1977/1220 927/1910/1169
f 888/1912/1171 927/1910/1169 759/1977/1220
f 768/1985/1228 856/1911/1170 844/1979/1222
f 740/1986/1229 856/1911/1170 768/1985/1228
f 818/1507/890 785/1527/906 845/1508/891
f 799/1830/1113 736/1987/1114 880/1831/1114
f 902/1988/1230 718/1989/1231 860/1990/1232
f 718/1991/1056 902/1744/1056 787/1743/1056
f 741/1667/995 711/1669/997 710/1992/1233
f 731/1569/931 800/1551/920 899/1513/919
f 798/1714/1034 899/1993/1034 901/1712/1032
f 869/1994/1069 853/1765/1069 856/1764/1069
f 884/1995/1234 860/1990/1232 718/1989/1231
f 820/1525/904 785/1527/906 818/1507/890
f 775/1996/1235 719/1955/1236 776/1956/1236
f 776/1956/1236 738/1997/1235 775/1996/1235
f 918/1998/1173 775/1999/1237 738/2000/1173
f 738/2000/1173 744/2001/992 918/1998/1173
f 908/2002/970 918/2003/970 744/2004/970
f 744/2004/970 873/2005/970 908/2002/970
f 755/2006/1238 908/2002/1238 873/2005/1238
f 873/2005/1238 905/2007/1238 755/2006/1238
f 909/2008/1235 755/2006/1235 905/2007/1235
f 905/2007/1235 727/2009/1235 909/2008/1235
f 993/2010/1239 1058/2011/1240 999/2012/1241
f 956/2013/1242 970/2014/1243 945/2015/1244
f 1012/2016/1245 950/2017/1246 981/2018/1246
f 981/2018/1246 1043/2019/1245 1012/2016/1245
f 1016/2020/1247 1012/2021/1247 1043/2022/1247
f 1043/2022/1247 986/2023/1247 1016/2020/1247
f 967/2024/1248 1016/2025/1249 986/2026/1250
f 986/2027/1250 1014/2028/1251 967/2029/1248
f 1005/2030/1247 967/2031/1247 1014/2032/1247
f 1014/2032/1247 1008/2033/1247 1005/2030/1247
f 1049/2034/1252 1005/2035/1252 1008/2036/1252
f 1008/2036/1252 1001/2037/1252 1049/2034/1252
f 982/2038/1247 1049/2039/1247 1001/2040/1247
f 1001/2040/1247 975/2041/1247 982/2038/1247
f 992/2042/1253 995/2043/1254 949/2044/1255
f 1059/2045/1256 1040/2046/1256 1026/2047/1256
f 999/2048/1257 1058/2049/1257 1011/2050/1257
f 1011/2050/1257 985/2051/1257 999/2048/1257
f 1000/2052/1258 999/2053/1259 985/2054/1260
f 985/2054/1260 989/2055/1261 1000/2052/1258
f 950/2056/1257 1000/2057/1257 989/2058/1257
f 989/2058/1257 981/2059/1257 950/2056/1257
f 941/2060/1262 1050/2061/1262 977/2062/1262
f 974/2063/1262 977/2062/1262 1050/2061/1262
f 1004/2064/1263 969/2065/1264 983/2066/1265
f 1049/2067/1266 982/2068/1267 939/2069/1268
f 939/2069/1268 1005/2070/1269 1049/2067/1266
f 999/2012/1241 1000/2071/1270 950/2072/1271
f 950/2072/1271 1054/2073/1272 999/2012/1241
f 1012/2074/1273 1016/2075/1274 967/2076/1275
f 1041/2077/1276 964/2078/1277 980/2079/1278
f 1039/2080/1279 980/2079/1278 964/2078/1277
f 966/2081/1280 1034/2082/1280 971/2083/1280
f 1053/2084/1281 964/2078/1277 1062/2085/1239
f 938/2086/1282 1032/2087/1282 1071/2088/1282
f 1062/2089/1283 948/2090/1284 1053/2091/1285
f 1062/2085/1239 964/2078/1277 1006/2092/1286
f 1041/2077/1276 980/2079/1278 972/2093/1287
f 1067/2094/1288 997/2095/1289 963/2096/1289
f 1054/2073/1272 950/2072/1271 967/2076/1275
f 998/2097/1290 949/2044/1255 958/2098/1291
f 958/2098/1291 1060/2099/1292 998/2097/1290
f 1066/2100/1256 1026/2047/1256 1040/2046/1256
f 1042/2101/1293 931/2102/1293 1053/2103/1293
f 964/2104/1294 1053/2103/1294 931/2102/1294
f 1071/2105/888 971/2083/888 938/2106/1295
f 1017/2107/1296 946/2108/1296 1070/2109/1296
f 1010/2110/1297 992/2111/1298 998/2112/1299
f 931/2102/1295 1007/2113/1295 964/2104/1295
f 936/2114/1300 1004/2115/1263 929/2116/1301
f 971/2083/888 1071/2105/888 966/2081/888
f 1039/2117/1302 964/2104/1302 1007/2113/1302
f 1004/2115/1263 936/2114/1300 955/2118/1300
f 1007/2113/1293 1033/2119/1293 1039/2117/1293
f 959/2120/1303 1006/2092/1286 1067/2121/1276
f 964/2078/1277 1067/2121/1276 1006/2092/1286
f 929/2122/1301 1013/2123/1304 936/2124/1304
f 993/2010/1239 1062/2085/1239 1006/2092/1286
f 1035/2125/1293 979/2126/1293 1037/2127/1293
f 942/2128/1305 962/2129/1306 940/2130/1307
f 944/2131/1308 940/2130/1307 962/2129/1306
f 940/2130/1307 996/2132/1309 942/2128/1305
f 996/2133/1309 1028/2134/1310 943/2135/1311
f 935/2136/1312 943/2135/1311 1028/2134/1310
f 998/2112/1299 991/2137/1313 1010/2110/1297
f 967/2076/1275 950/2072/1271 1012/2074/1273
f 1054/2073/1272 1005/2070/1269 978/2138/1314
f 978/2138/1314 1055/2139/1315 1054/2073/1272
f 984/2140/1316 952/2141/1316 1025/2142/1316
f 1054/2073/1272 932/2143/1317 1062/2085/1239
f 1054/2073/1272 1062/2085/1239 999/2012/1241
f 978/2138/1314 1005/2070/1269 939/2069/1268
f 1074/2144/1318 945/2015/1244 970/2014/1243
f 963/2145/1319 987/2146/1319 1067/2147/1319
f 959/2148/1319 1067/2147/1319 987/2146/1319
f 1013/2123/1304 929/2122/1301 1031/2149/1320
f 1042/2101/1249 1053/2103/1285 948/2150/1284
f 965/2151/1321 1024/2152/1322 947/2153/1323
f 983/2066/1265 929/2154/1301 1004/2064/1263
f 942/2128/1305 943/2155/1311 970/2156/1243
f 1032/2087/1282 938/2086/1282 1044/2157/1282
f 1056/2158/1324 976/2159/1325 969/2065/1264
f 969/2065/1264 1004/2064/1263 1056/2158/1324
f 975/2160/1326 968/2161/1327 939/2162/1328
f 930/2163/1329 988/2164/1330 949/2044/1255
f 976/2159/1325 983/2066/1265 969/2065/1264
f 980/2165/1293 1039/2117/1293 1033/2119/1293
f 995/2043/1254 992/2042/1253 1050/2166/1331
f 1070/2167/1332 1003/2168/1333 974/2169/1334
f 977/2170/1335 974/2169/1334 1003/2168/1333
f 1021/2171/1336 1072/2172/1336 932/2173/1257
f 932/2173/1257 1054/2174/1257 1021/2171/1336
f 928/2175/1247 939/2176/1257 968/2177/1247
f 968/2177/1247 1073/2178/1247 928/2175/1247
f 1073/2179/888 1020/2180/888 978/2181/888
f 978/2181/888 928/2182/888 1073/2179/888
f 1058/2183/1337 993/2184/1338 1024/2152/1322
f 1024/2152/1322 1011/2185/1339 1058/2183/1337
f 1064/2186/1340 1021/2187/1340 1054/2188/1340
f 1054/2188/1340 1055/2189/1340 1064/2186/1340
f 1020/2190/1257 1064/2191/1247 1055/2192/1247
f 1055/2192/1247 978/2193/1257 1020/2190/1257
f 1067/2121/1276 1019/2194/1341 997/2195/1342
f 1067/2121/1276 964/2078/1277 1019/2194/1341
f 1041/2077/1276 1019/2194/1341 964/2078/1277
f 1037/2196/1343 972/2093/1287 980/2079/1278
f 972/2197/1293 1037/2127/1293 979/2126/1293
f 1003/2198/1296 1070/2109/1296 946/2108/1296
f 949/2044/1255 995/2043/1254 930/2163/1329
f 1070/2199/1344 1066/2200/1345 1017/2201/1346
f 932/2202/1347 1072/2203/888 948/2204/1284
f 948/2204/1284 1062/2205/1283 932/2202/1347
f 1070/2199/1344 974/2206/1348 1066/2200/1345
f 929/2154/1301 983/2066/1265 1046/2207/1349
f 970/2156/1243 956/2208/1242 942/2128/1305
f 1030/2209/1350 933/2210/1350 1051/2211/1351
f 939/2212/1328 982/2213/1352 975/2214/1326
f 998/2097/1290 1060/2099/1292 957/2215/1353
f 1050/2166/1331 1066/2200/1345 974/2206/1348
f 979/2126/1249 1065/2216/1249 972/2197/1249
f 949/2044/1255 998/2097/1290 992/2042/1253
f 955/2217/1354 1056/2158/1324 1004/2064/1263
f 997/2218/1319 1015/2219/1319 1029/2220/1319
f 1061/2221/1355 1044/2222/1355 1034/2223/1356
f 983/2066/1265 976/2159/1325 1046/2207/1349
f 1033/2119/1357 1035/2224/1358 980/2165/1358
f 1040/2225/1359 1017/2201/1346 1066/2200/1345
f 993/2184/1338 947/2153/1323 1024/2152/1322
f 935/2136/1312 1074/2226/1318 943/2135/1311
f 957/2215/1353 953/2227/1353 998/2097/1290
f 970/2228/1243 943/2135/1311 1074/2226/1318
f 943/2155/1311 942/2128/1305 996/2132/1309
f 962/2129/1306 942/2128/1305 956/2208/1242
f 1037/2229/1360 980/2230/1361 1035/2231/1361
f 941/2232/1362 930/2163/1329 1050/2166/1331
f 1026/2233/1363 1066/2234/1364 1010/2235/1297
f 992/2236/1298 1010/2235/1297 1066/2234/1364
f 1040/2237/1365 1059/2238/1366 1017/2107/1367
f 1041/2077/1276 972/2093/1287 1025/2239/1287
f 1047/2240/1368 1025/2239/1287 972/2093/1287
f 1047/2241/1369 972/2197/1369 1065/2216/1369
f 1044/2242/1370 971/2243/1370 1034/2244/1370
f 1066/2200/1345 1050/2166/1331 992/2042/1253
f 967/2076/1275 1005/2070/1269 1054/2073/1272
f 939/2069/1268 928/2245/1268 978/2138/1314
f 947/2246/1371 993/2010/1239 1006/2092/1286
f 987/2247/1372 1002/2248/1372 959/2249/1372
f 1006/2250/1372 959/2249/1372 1002/2248/1372
f 1002/2251/1319 965/2252/1319 1006/2253/1319
f 947/2254/1319 1006/2253/1319 965/2252/1319
f 1029/2255/1244 963/2096/1244 997/2095/1244
f 951/2256/1249 1068/2257/1249 1019/2258/1249
f 1027/2259/1373 960/2260/1374 945/2015/1244
f 945/2015/1244 1074/2144/1318 1027/2259/1373
f 960/2260/1374 1027/2259/1373 1036/2261/1375
f 1036/2261/1375 961/2262/1376 960/2260/1374
f 961/2263/1376 1036/2264/1375 1069/2265/1377
f 1069/2265/1377 1018/2266/1378 961/2263/1376
f 991/2267/1379 998/2268/1379 953/2269/1379
f 953/2269/1379 994/2270/1379 991/2267/1379
f 957/2271/1380 1052/2272/1380 994/2273/1380
f 1056/2158/1324 955/2217/1354 1057/2274/1354
f 1051/2211/1351 1048/2275/1381 1030/2209/1350
f 1022/2276/1382 935/2136/1312 1028/2134/1310
f 1028/2134/1310 1023/2277/1383 1022/2276/1382
f 1022/2278/1382 1036/2261/1375 1027/2259/1373
f 1036/2279/1375 1022/2276/1382 1023/2277/1383
f 1023/2277/1383 1069/2280/1377 1036/2279/1375
f 1022/2276/1382 1027/2281/1373 1074/2226/1318
f 1074/2226/1318 935/2136/1312 1022/2276/1382
f 1057/2282/1384 1031/2283/1320 1056/2284/1324
f 1031/2283/1320 1057/2282/1384 1013/2285/1384
f 1025/2286/1293 1047/2241/1293 984/2287/1293
f 1031/2288/1320 1046/2207/1349 976/2159/1325
f 1046/2207/1349 1031/2288/1320 929/2154/1301
f 1034/2082/1280 966/2081/1280 1061/2289/1280
f 994/2273/1385 953/2290/1385 957/2271/1385
f 995/2043/1254 1050/2166/1331 930/2163/1329
f 1062/2085/1239 993/2010/1239 999/2012/1241
f 976/2159/1325 1056/2158/1324 1031/2288/1320
f 1044/2222/1355 1061/2221/1355 1032/2291/1386
f 946/2108/1387 1017/2107/1367 1059/2238/1366
f 1052/2292/1388 957/2293/1388 1060/2294/1388
f 1060/2294/1388 1063/2295/1388 1052/2292/1388
f 1063/2296/1389 1060/2297/1389 958/2298/1389
f 958/2298/1390 990/2299/1390 1063/2296/1390
f 990/2300/1391 958/2301/1391 949/2302/1391
f 949/2302/1391 988/2303/1391 990/2300/1391
f 1068/2257/1319 1029/2220/1319 1015/2219/1319
f 1019/2258/1319 1041/2304/1319 951/2256/1319
f 1075/2305/1356 954/2306/1356 1038/2307/1392
f 1038/2307/1392 937/2308/1393 1075/2305/1356
f 1045/2309/1280 1075/2310/1280 937/2311/1394
f 937/2311/1394 934/2312/1394 1045/2309/1280
f 952/2313/1319 951/2256/1319 1041/2304/1319
f 1015/2219/1347 1019/2258/1347 1068/2257/1347
f 954/2314/1282 973/2315/1282 1009/2316/1395
f 1009/2316/1396 1038/2317/1396 954/2314/1282
f 1009/2316/1396 1048/2318/1381 1051/2319/1351
f 1051/2319/1351 1038/2317/1396 1009/2316/1396
f 934/2312/1397 1030/2320/1398 1048/2321/1397
f 1048/2321/1399 1009/2322/1400 934/2312/1399
f 937/2311/1394 933/2323/1350 1030/2320/1350
f 1030/2320/1350 934/2312/1394 937/2311/1394
f 1038/2307/1392 1051/2324/1401 933/2325/1402
f 933/2325/1402 937/2308/1393 1038/2307/1392
f 971/2243/1370 1044/2242/1370 938/2326/1370
f 1015/2327/1403 997/2195/1342 1019/2194/1341
f 1065/2216/1293 984/2287/1293 1047/2241/1293
f 1041/2328/1404 1025/2142/1404 952/2141/1404
f 681/2329/1405 687/2330/848 696/2331/847
f 680/2332/846 687/1456/848 679/1455/852
f 689/2333/1406 676/1459/855 681/1458/854
f 685/2334/1407 677/1474/866 676/1473/866
f 681/2329/1405 696/2331/847 688/2335/872
f 695/2336/873 694/1487/877 688/1486/872
f 689/2337/1406 681/1490/854 691/1489/879
f 682/2338/1408 691/1501/886 692/1500/886
usemtl Mat_Top_Hull_Final
f 1096/2339/1409 1079/2340/1410 1085/2341/1411
f 1090/2342/1412 1089/2343/1412 1098/2344/1412
f 1112/2345/1413 1116/2346/1414 1102/2347/1415
f 1085/2341/1411 1093/2348/1416 1096/2339/1409
f 1097/2349/1417 1076/2350/1418 1078/2351/1417
f 1078/2351/1417 1091/2352/1419 1097/2349/1417
f 1087/2353/1420 1080/2354/1420 1096/2339/1420
f 1099/2355/1412 1090/2342/1412 1098/2344/1412
f 1108/2356/38 1107/2357/38 1101/2358/38
f 1081/2359/38 1101/2358/38 1107/2357/38
f 1081/2360/1421 1099/2355/1422 1098/2344/1423
f 1098/2344/1423 1084/2361/1424 1081/2360/1421
f 1090/2362/1425 1099/2363/1426 1081/2364/1427
f 1096/2339/1428 1093/2348/1428 1087/2353/1428
f 1110/2365/1429 1106/2366/1429 1118/2367/1430
f 1079/2368/1431 1076/2369/1432 1085/2370/1432
f 1082/2371/1433 1121/2372/1434 1096/2373/1435
f 1114/2374/1436 1106/2375/1437 1121/2372/1434
f 1111/2376/1438 1104/2377/1439 1119/2378/1438
f 1088/2379/1440 1103/2380/1441 1116/2381/1414
f 1103/2380/1441 1100/2382/1442 1102/2383/1415
f 1076/2369/1432 1097/2384/1443 1085/2370/1432
f 1087/2353/1444 1086/2385/1445 1095/2386/1444
f 1082/2371/1433 1096/2373/1435 1080/2387/1446
f 1080/2387/1446 1095/2388/1447 1082/2371/1433
f 1107/2389/1448 1105/2390/1449 1120/2391/1450
f 1079/2392/1451 1116/2381/1414 1078/2393/1452
f 1120/2391/1450 1114/2374/1436 1121/2372/1434
f 1081/2364/1427 1107/2389/1448 1120/2391/1450
f 1078/2393/1452 1076/2394/1453 1079/2392/1451
f 1116/2381/1414 1079/2392/1451 1096/2373/1435
f 1095/2386/1444 1080/2354/1454 1087/2353/1444
f 1090/2362/1425 1120/2391/1450 1121/2372/1434
f 1094/2395/1455 1082/2396/1456 1086/2397/1457
f 1082/2396/1456 1095/2398/1458 1086/2397/1457
f 1078/2351/1452 1116/2399/1414 1112/2400/1413
f 1112/2400/1413 1091/2352/1459 1078/2351/1452
f 1094/2401/1460 1089/2343/1460 1090/2342/1460
f 1118/2402/1461 1106/2403/1461 1114/2404/1461
f 1090/2342/1460 1082/2405/1460 1094/2401/1460
f 1109/2406/1462 1103/2407/1463 1088/2408/1462
f 1083/2409/1464 1113/2410/1464 1114/2411/1464
f 1110/2365/1465 1119/2412/1429 1106/2366/1465
f 1088/2408/1462 1117/2413/1466 1109/2406/1462
f 1102/2414/1467 1100/2415/1468 1092/2416/1467
f 1092/2416/1467 1115/2417/1469 1102/2414/1467
f 1088/2418/1470 1104/2419/1471 1111/2420/1471
f 1083/2409/1464 1114/2411/1464 1077/2421/1464
f 1114/2404/1461 1113/2422/1461 1118/2402/1461
f 1102/2347/1415 1115/2423/1472 1112/2345/1413
f 1083/2424/1473 1077/2425/1474 1105/2426/1473
f 1105/2426/1475 1108/2427/1476 1083/2424/1475
f 1105/2390/1449 1077/2428/1477 1114/2374/1436
f 1111/2420/1471 1117/2429/1470 1088/2418/1470
f 1105/2390/1449 1114/2374/1436 1120/2391/1450
f 1109/2430/1478 1100/2431/1479 1103/2432/1478
f 1088/2379/1440 1121/2372/1434 1106/2375/1437
f 1102/2383/1415 1116/2381/1414 1103/2380/1441
f 1106/2375/1437 1119/2433/1480 1104/2434/1481
f 1104/2434/1481 1088/2379/1440 1106/2375/1437
f 1119/2378/1482 1110/2435/1483 1111/2376/1482
f 1109/2430/1478 1092/2436/1484 1100/2431/1479
f 1105/2437/38 1107/2357/38 1108/2356/38
f 1084/2438/38 1101/2358/38 1081/2359/38
f 1081/2364/1427 1120/2391/1450 1090/2362/1425
f 1116/2381/1414 1121/2372/1434 1088/2379/1440
f 1116/2381/1414 1096/2373/1435 1121/2372/1434
f 1082/2371/1433 1090/2362/1425 1121/2372/1434
f 1136/2439/1485 1125/2440/1486 1129/2441/1487
f 1123/2442/1488 1127/2443/1489 1128/2444/1490
f 1125/2440/1486 1145/2445/1491 1144/2446/1492
f 1122/2447/1488 1146/2448/1489 1123/2442/1488
f 1126/2449/1493 1153/2450/1494 1147/2451/1495
f 1138/2452/1496 1134/2453/1497 1124/2454/1498
f 1128/2444/1490 1122/2447/1488 1123/2442/1488
f 1134/2453/1497 1123/2442/1488 1124/2454/1498
f 1135/2455/1499 1155/2456/1500 1141/2457/1501
f 1141/2457/1501 1130/2458/1502 1135/2455/1499
f 1125/2440/1486 1136/2439/1485 1141/2457/1501
f 1141/2457/1501 1145/2445/1491 1125/2440/1486
f 1122/2447/1488 1125/2440/1486 1144/2446/1492
f 1142/2459/1503 1135/2455/1499 1130/2458/1502
f 1123/2442/1488 1146/2448/1489 1124/2454/1498
f 1132/2460/1504 1133/2461/1505 1139/2462/1506
f 1139/2462/1506 1151/2463/1507 1140/2464/1508
f 1139/2462/1506 1140/2464/1508 1132/2460/1504
f 1139/2462/1506 1131/2465/1509 1150/2466/1510
f 1143/2467/1511 1149/2468/1512 1150/2466/1510
f 1135/2455/1499 1151/2463/1507 1154/2469/1513
f 1135/2455/1499 1140/2464/1508 1151/2463/1507
f 1139/2462/1506 1150/2466/1510 1152/2470/1514
f 1138/2452/1496 1153/2450/1494 1148/2471/1494
f 1137/2472/1512 1147/2451/1495 1149/2468/1512
f 1131/2465/1509 1143/2467/1511 1150/2466/1510
f 1144/2446/1492 1146/2448/1489 1122/2447/1488
f 1148/2471/1494 1153/2450/1494 1126/2449/1493
f 1154/2469/1513 1155/2456/1500 1135/2455/1499
f 1155/2456/1500 1145/2445/1491 1141/2457/1501
f 1152/2470/1514 1151/2463/1507 1139/2462/1506
f 1137/2472/1512 1149/2468/1512 1143/2467/1511
f 1124/2454/1498 1153/2450/1494 1138/2452/1496
f 1126/2449/1493 1147/2451/1495 1137/2472/1512
usemtl Mat_Top_Hull_Detail
f 1160/2473/1515 1163/2474/1515 1165/2475/1516
f 1165/2475/1516 1164/2476/1516 1160/2473/1515
f 1163/2474/1515 1160/2473/1515 1167/2477/1517
f 1167/2477/1517 1162/2478/1517 1163/2474/1515
f 1168/2479/1517 1166/2480/1517 1162/2478/1517
f 1162/2478/1517 1167/2477/1517 1168/2479/1517
f 1165/2481/1518 1157/2482/1519 1156/2483/1518
f 1156/2483/1518 1164/2484/1520 1165/2481/1518
f 1169/2485/1521 1171/2486/1522 1166/2487/1523
f 1171/2486/1522 1162/2488/1524 1166/2487/1523
f 1163/2489/1525 1162/2488/1526 1171/2486/1525
f 1171/2486/1525 1161/2490/1527 1163/2489/1525
f 1157/2482/1528 1161/2491/1529 1159/2492/1530
f 1159/2492/1530 1156/2483/1528 1157/2482/1528
f 1170/2493/1531 1158/2494/1532 1171/2495/1533
f 1171/2495/1533 1169/2496/1531 1170/2493/1531
f 1161/2490/1534 1157/2497/1535 1165/2498/1536
f 1165/2498/1536 1163/2489/1537 1161/2490/1534
f 1158/2494/1532 1159/2492/1530 1161/2491/1529
f 1161/2491/1529 1171/2495/1533 1158/2494/1532
f 1181/2499/1538 1179/2500/1539 1176/2501/1539
f 1176/2501/1539 1180/2502/1538 1181/2499/1538
f 1183/2503/1540 1176/2501/1539 1179/2500/1539
f 1179/2500/1539 1178/2504/1540 1183/2503/1540
f 1178/2504/1540 1182/2505/1540 1184/2506/1540
f 1184/2506/1540 1183/2503/1540 1178/2504/1540
f 1172/2507/1541 1173/2508/1542 1181/2509/1541
f 1181/2509/1541 1180/2510/1543 1172/2507/1541
f 1182/2511/1544 1187/2512/1545 1185/2513/1546
f 1182/2511/1544 1178/2514/1547 1187/2512/1545
f 1187/2512/1548 1178/2514/1549 1179/2515/1548
f 1179/2515/1548 1177/2516/1550 1187/2512/1548
f 1175/2517/1551 1177/2518/1552 1173/2519/1553
f 1173/2519/1553 1172/2520/1553 1175/2517/1551
f 1187/2521/1554 1174/2522/1555 1186/2523/1556
f 1186/2523/1556 1185/2524/1556 1187/2521/1554
f 1181/2525/1557 1173/2526/1558 1177/2516/1559
f 1177/2516/1559 1179/2515/1560 1181/2525/1557
f 1177/2518/1552 1175/2517/1551 1174/2522/1555
f 1174/2522/1555 1187/2521/1554 1177/2518/1552
f 1189/2527/1561 1195/2528/1562 1188/2529/1562
f 1190/2530/1563 1188/2529/1562 1195/2528/1562
f 1193/2531/1564 1189/2527/1565 1191/2532/1566
f 1188/2529/1565 1191/2532/1566 1189/2527/1565
f 1192/2533/1567 1193/2534/1568 1194/2535/1569
f 1191/2536/1570 1194/2535/1569 1193/2534/1568
f 1195/2537/1571 1192/2538/1571 1190/2539/1571
f 1194/2540/1572 1190/2539/1572 1192/2538/1572
f 1195/2541/1573 1193/2542/1574 1192/2543/1575
f 1189/2544/1576 1193/2542/1574 1195/2541/1573
f 1198/2545/1577 1197/2546/1578 1196/2547/1579
f 1197/2546/1578 1198/2545/1577 1199/2548/1580
f 1201/2549/1581 1196/2550/1582 1200/2551/1583
f 1196/2550/1582 1201/2549/1581 1198/2552/1582
f 1203/2553/1584 1200/2554/1585 1202/2555/1586
f 1200/2554/1585 1203/2553/1584 1201/2556/1587
f 1199/2557/1588 1202/2558/1589 1197/2559/1588
f 1202/2558/1589 1199/2557/1588 1203/2560/1589
f 1202/2561/1590 1200/2562/1591 1197/2563/1592
f 1197/2563/1592 1200/2562/1591 1196/2564/1593
f 1211/2565/1594 1210/2566/1595 1215/2567/1596
f 1211/2565/1594 1215/2567/1596 1214/2568/1597
f 1212/2569/1597 1211/2565/1594 1214/2568/1597
f 1213/2570/1598 1212/2569/1597 1214/2568/1597
f 1211/2571/1599 1209/2572/1600 1207/2573/1601
f 1207/2573/1601 1210/2574/1601 1211/2571/1599
f 1212/2575/1602 1208/2576/1603 1209/2577/1604
f 1209/2577/1604 1211/2578/1605 1212/2575/1602
f 1213/2579/1606 1204/2580/1606 1208/2581/1607
f 1208/2581/1607 1212/2582/1607 1213/2579/1606
f 1214/2583/1608 1205/2584/1609 1204/2585/1610
f 1204/2585/1610 1213/2586/1611 1214/2583/1608
f 1215/2587/1612 1206/2588/1612 1205/2589/1612
f 1205/2589/1612 1214/2590/1612 1215/2587/1612
f 1210/2591/1613 1207/2592/1614 1206/2593/1615
f 1206/2593/1615 1215/2594/1616 1210/2591/1613
f 1226/2595/1617 1224/2596/1618 1218/2597/1618
f 1222/2598/1619 1225/2599/1620 1226/2595/1617
f 1220/2600/1621 1222/2598/1619 1226/2595/1617
f 1220/2600/1621 1226/2595/1617 1218/2597/1618
f 1220/2601/1622 1223/2602/1622 1216/2603/1622
f 1216/2603/1622 1222/2604/1622 1220/2601/1622
f 1218/2605/1623 1221/2606/1624 1223/2607/1625
f 1223/2607/1625 1220/2608/1626 1218/2605/1623
f 1224/2609/1627 1219/2610/1628 1221/2611/1629
f 1221/2611/1629 1218/2612/1630 1224/2609/1627
f 1226/2613/1631 1217/2614/1632 1219/2610/1633
f 1219/2610/1633 1224/2609/1634 1226/2613/1631
f 1225/2615/1635 1227/2616/1636 1217/2614/1637
f 1217/2614/1637 1226/2613/1638 1225/2615/1635
f 1222/2617/1639 1216/2618/1640 1227/2616/1641
f 1227/2616/1641 1225/2615/1642 1222/2617/1639
f 1240/2619/1643 1228/2620/1643 1230/2621/1644
f 1246/2622/1645 1245/2623/1646 1231/2624/1647
f 1232/2625/1648 1236/2626/1648 1235/2627/1649
f 1232/2628/1650 1235/2629/1651 1229/2630/1651
f 1229/2631/1652 1241/2632/1652 1232/2633/1652
f 1236/2634/1652 1232/2633/1652 1241/2632/1652
f 1241/2635/1653 1229/2636/1653 1233/2637/1653
f 1233/2638/1654 1239/2639/1655 1240/2640/1655
f 1244/2641/1656 1246/2642/1657 1239/2643/1658
f 1228/2644/1659 1240/2640/1655 1239/2639/1655
f 1231/2645/1644 1230/2621/1644 1228/2620/1643
f 1239/2646/1653 1233/2637/1653 1229/2636/1653
f 1235/2629/1651 1302/2647/1660 1229/2630/1651
f 1228/2648/1661 1239/2643/1658 1231/2649/1662
f 1229/2630/1651 1302/2647/1660 1239/2643/1658
f 1246/2642/1657 1231/2649/1662 1239/2643/1658
f 1298/2650/1663 1244/2641/1656 1239/2643/1658
f 1230/2651/1664 1231/2624/1647 1245/2623/1646
f 1298/2652/1665 1331/2653/1666 1237/2654/1667
f 1238/2655/1668 1237/2654/1667 1331/2653/1666
f 1234/2656/1669 1252/2657/1670 1235/2658/1671
f 1302/2659/1672 1235/2658/1671 1252/2657/1670
f 1234/2660/1649 1235/2627/1649 1236/2626/1648
f 1243/2661/1673 1242/2662/1673 1238/2663/1673
f 1242/2664/1674 1298/2650/1663 1237/2665/1675
f 1237/2666/1673 1238/2663/1673 1242/2662/1673
f 1298/2650/1663 1239/2643/1658 1302/2647/1660
f 1244/2641/1656 1298/2650/1663 1242/2664/1674
f 1247/2667/1676 1244/2668/1677 1243/2669/1676
f 1242/2670/1677 1243/2669/1676 1244/2668/1677
f 1244/2671/1678 1247/2672/1678 1246/2673/1678
f 1245/2674/1678 1246/2673/1678 1247/2672/1678
f 1324/2675/1679 1321/2676/1679 1256/2677/1679
f 1324/2675/1679 1256/2677/1679 1254/2678/1679
f 1319/2679/1680 1326/2680/1681 1320/2681/1681
f 1251/2682/1682 1332/2683/1683 1300/2684/1684
f 1321/2685/1685 1250/2686/1686 1318/2687/1687
f 1321/2685/1685 1318/2687/1687 1256/2688/1688
f 1328/2689/1689 1327/2690/1690 1248/2691/1690
f 1297/2692/1691 1328/2693/1692 1248/2694/1693
f 1248/2695/1694 1329/2696/1694 1297/2697/1694
f 1329/2696/1694 1248/2695/1694 1327/2698/1694
f 1255/2699/1695 1297/2700/1695 1329/2701/1695
f 1320/2681/1696 1322/2702/1696 1255/2699/1697
f 1321/2703/1698 1325/2704/1699 1250/2705/1698
f 1322/2706/1700 1300/2707/1701 1303/2708/1702
f 1322/2702/1696 1320/2681/1696 1326/2680/1703
f 1326/2680/1681 1319/2679/1680 1251/2709/1680
f 1297/2700/1695 1255/2699/1695 1322/2702/1695
f 1324/2710/1699 1325/2704/1699 1321/2703/1698
f 1297/2692/1691 1302/2647/1704 1328/2693/1692
f 1251/2711/1705 1322/2706/1700 1326/2712/1706
f 1325/2713/1707 1324/2714/1707 1254/2715/1708
f 1322/2706/1700 1302/2647/1704 1297/2692/1691
f 1322/2706/1700 1251/2711/1705 1300/2707/1701
f 1322/2706/1700 1303/2708/1702 1298/2650/1709
f 1332/2683/1683 1251/2682/1682 1319/2716/1710
f 1250/2717/1711 1325/2718/1711 1330/2719/1711
f 1250/2717/1711 1330/2719/1711 1318/2720/1711
f 1317/2721/1712 1331/2653/1666 1298/2652/1665
f 1264/2722/1713 1276/2723/1714 1263/2724/1715
f 1262/2725/1716 1276/2726/1716 1261/2727/1717
f 1263/2724/1715 1276/2723/1714 1262/2728/1718
f 1261/2729/1719 1351/2730/1719 1277/2731/1720
f 1265/2732/1720 1277/2731/1720 1351/2730/1719
f 1265/2733/1721 1351/2734/1722 1264/2735/1723
f 1281/2736/1724 1280/2737/1725 1269/2738/1726
f 1278/2739/1727 1268/2740/1728 1267/2741/1729
f 1266/2742/1730 1284/2743/1731 1334/2744/1732
f 1278/2739/1727 1334/2744/1732 1284/2743/1731
f 1334/2745/1733 1314/2746/1734 1281/2747/1735
f 1280/2748/1736 1281/2747/1735 1314/2746/1734
f 1283/2749/1730 1286/2750/1737 1285/2751/1730
f 1284/2743/1731 1285/2751/1730 1286/2750/1737
f 1316/2752/1738 1299/2753/1738 1337/2754/1738
f 1301/2755/1739 1337/2756/1739 1299/2757/1740
f 1337/2756/1739 1301/2755/1739 1335/2758/1739
f 1304/2759/1741 1335/2758/1742 1301/2755/1743
f 1335/2758/1742 1304/2759/1741 1333/2760/1744
f 1305/2761/1739 1333/2760/1739 1304/2759/1739
f 1333/2760/1739 1305/2761/1739 1287/2762/1739
f 1315/2763/1745 1305/2761/1746 1278/2764/1747
f 1305/2761/1746 1315/2763/1745 1287/2762/1748
f 1299/2753/1738 1316/2752/1738 1295/2765/1738
f 1313/2766/1740 1295/2767/1740 1316/2768/1740
f 1295/2767/1740 1313/2766/1740 1294/2769/1740
f 1311/2770/1749 1294/2769/1750 1313/2766/1751
f 1294/2769/1750 1311/2770/1749 1293/2771/1752
f 1310/2772/1739 1293/2771/1739 1311/2770/1739
f 1293/2771/1739 1310/2772/1739 1292/2773/1739
f 1309/2774/1753 1292/2775/1753 1310/2776/1754
f 1292/2775/1753 1309/2774/1753 1291/2777/1755
f 1308/2778/1740 1291/2779/1739 1309/2780/1739
f 1291/2779/1739 1308/2778/1740 1290/2781/1740
f 1307/2782/1756 1290/2783/1757 1308/2784/1758
f 1288/2785/1759 1290/2786/1760 1289/2787/1761
f 1334/2744/1762 1290/2786/1760 1288/2785/1759
f 1290/2783/1757 1307/2782/1756 1289/2788/1763
f 1301/2789/1761 1295/2790/1761 1304/2791/1761
f 1295/2790/1761 1301/2789/1761 1299/2792/1761
f 1306/2793/1764 1289/2794/1765 1307/2795/1765
f 1294/2796/1761 1278/2739/1761 1295/2790/1761
f 1291/2797/1766 1278/2739/1761 1294/2796/1761
f 1304/2791/1761 1278/2739/1761 1305/2798/1761
f 1289/2794/1765 1306/2793/1764 1288/2799/1767
f 1304/2791/1761 1295/2790/1761 1278/2739/1761
f 1334/2744/1762 1291/2797/1766 1290/2786/1760
f 1291/2797/1766 1334/2744/1762 1278/2739/1761
f 1253/2800/1768 1300/2801/1768 1332/2802/1768
f 1300/2801/1768 1253/2800/1768 1303/2803/1768
f 1288/2804/1769 1314/2746/1734 1334/2745/1733
f 1303/2803/1770 1336/2805/1771 1257/2806/1770
f 1336/2805/1771 1303/2803/1770 1253/2800/1771
f 1314/2746/1734 1288/2804/1769 1306/2807/1772
f 1292/2808/1761 1294/2796/1761 1293/2809/1761
f 1294/2796/1761 1292/2808/1761 1291/2797/1766
f 1279/2810/1773 1344/2811/1773 1296/2812/1773
f 1344/2813/1774 1279/2814/1775 1345/2815/1775
f 1282/2816/1775 1345/2815/1775 1279/2814/1775
f 1345/2817/1776 1282/2818/1777 1267/2819/1778
f 1338/2820/1779 1267/2819/1778 1282/2818/1777
f 1267/2821/1775 1338/2822/1775 1270/2823/1775
f 1312/2824/1775 1270/2823/1775 1338/2822/1775
f 1278/2825/1747 1270/2826/1780 1315/2827/1745
f 1312/2828/1781 1315/2827/1745 1270/2826/1780
f 1268/2829/1773 1296/2812/1773 1344/2811/1773
f 1296/2830/1774 1268/2831/1774 1339/2832/1774
f 1286/2833/1774 1339/2832/1774 1268/2831/1774
f 1339/2834/1782 1286/2835/1783 1340/2836/1784
f 1283/2837/1785 1340/2836/1784 1286/2835/1783
f 1272/2838/1786 1347/2839/1787 1274/2840/1788
f 1347/2839/1787 1272/2838/1786 1349/2841/1789
f 1350/2842/1790 1347/2839/1790 1349/2841/1790
f 1347/2839/1790 1350/2842/1790 1348/2843/1790
f 1348/2844/1791 1346/2845/1792 1258/2846/1793
f 1346/2845/1792 1348/2844/1791 1350/2847/1794
f 1274/2848/1795 1348/2849/1796 1258/2850/1797
f 1348/2849/1796 1274/2848/1795 1347/2851/1798
f 1340/2852/1775 1283/2853/1775 1341/2854/1775
f 1285/2855/1775 1341/2854/1775 1283/2853/1775
f 1267/2741/1729 1268/2740/1728 1345/2856/1730
f 1344/2857/1730 1345/2856/1730 1268/2740/1728
f 1271/2858/1726 1269/2738/1726 1280/2737/1725
f 1268/2740/1728 1278/2739/1727 1286/2750/1737
f 1276/2859/1799 1264/2735/1723 1351/2734/1722
f 1353/2860/1800 1277/2731/1720 1265/2732/1720
f 1277/2731/1720 1353/2860/1800 1355/2861/1800
f 1354/2862/1801 1352/2863/1802 1263/2864/1715
f 1351/2865/1717 1261/2727/1717 1276/2726/1716
f 1263/2864/1715 1352/2863/1802 1264/2866/1713
f 1355/2867/1803 1352/2863/1804 1354/2862/1804
f 1352/2863/1804 1355/2867/1803 1353/2868/1803
f 1264/2735/1805 1353/2869/1806 1265/2733/1807
f 1353/2869/1806 1264/2735/1805 1352/2870/1808
f 1286/2750/1737 1278/2739/1727 1284/2743/1731
f 1270/2871/1809 1278/2739/1727 1267/2741/1729
f 1273/2872/1810 1274/2848/1811 1259/2873/1811
f 1258/2850/1812 1259/2873/1811 1274/2848/1811
f 1260/2874/1813 1259/2875/1814 1346/2845/1792
f 1258/2846/1793 1346/2845/1792 1259/2875/1814
f 1259/2876/1815 1260/2877/1815 1273/2878/1815
f 1275/2879/1815 1273/2878/1815 1260/2877/1815
f 1275/2880/1816 1272/2881/1786 1273/2882/1817
f 1274/2883/1788 1273/2882/1817 1272/2881/1786
f 1341/2884/1818 1285/2885/1819 1342/2886/1819
f 1284/2887/1820 1342/2886/1819 1285/2885/1819
f 1342/2888/1775 1284/2889/1775 1343/2890/1774
f 1266/2891/1774 1343/2890/1774 1284/2889/1775
f 1343/2892/1821 1266/2893/1822 1271/2894/1823
f 1269/2895/1730 1266/2742/1730 1281/2896/1730
f 1281/2896/1730 1266/2742/1730 1334/2744/1732
f 1269/2897/1824 1271/2894/1823 1266/2893/1822
f 1325/2713/1707 1254/2715/1708 1330/2898/1708
f 1257/2899/1825 1298/2650/1709 1303/2708/1702
f 1302/2647/1704 1322/2706/1700 1298/2650/1709
f 1257/2806/1826 1323/2900/1826 1317/2901/1826
f 1317/2902/1825 1298/2650/1709 1257/2899/1825
f 1323/2900/1826 1257/2806/1826 1336/2805/1826
f 1254/2903/1827 1256/2904/1828 1330/2905/1827
f 1327/2690/1690 1328/2689/1689 1249/2906/1689
f 1252/2907/1670 1328/2689/1829 1302/2908/1672
f 1328/2689/1829 1252/2907/1670 1249/2906/1830
f 1331/2653/1666 1317/2721/1712 1323/2909/1831
f 1256/2904/1828 1318/2910/1828 1330/2905/1827
usemtl Mat_Lower_Hull_Bottom
f 1416/2911/1832 1386/2912/1833 1369/2913/1834
f 1417/2914/1835 1397/2915/1836 1386/2912/1833
f 1437/2916/1837 1384/2917/1838 1435/2918/1839
f 1423/2919/1840 1378/2920/1841 1426/2921/1841
f 1396/2922/1842 1400/2923/1842 1356/2924/1842
f 1400/2925/1843 1396/2926/1844 1359/2927/1845
f 1383/2928/1846 1405/2929/1846 1360/2930/1847
f 1405/2929/1846 1383/2928/1846 1359/2931/1848
f 1372/2932/1849 1366/2933/1849 1411/2934/1850
f 1366/2933/1851 1372/2932/1851 1402/2935/1852
f 1370/2936/1853 1373/2937/1854 1424/2938/1855
f 1404/2939/1856 1387/2940/1857 1540/2941/1858
f 1434/2942/1859 1375/2943/1860 1392/2944/1861
f 1428/2945/38 1424/2946/38 1381/2947/38
f 1409/2948/1862 1434/2949/1863 1413/2950/1864
f 1434/2949/1863 1409/2948/1862 1375/2951/1865
f 1438/2952/1478 1440/2953/1866 1417/2954/1867
f 1441/2955/1868 1417/2954/1867 1440/2953/1866
f 1429/2956/1869 1368/2957/1470 1426/2958/1470
f 1434/2942/1859 1384/2917/1838 1437/2916/1837
f 1406/2959/1870 1394/2960/1871 1431/2961/1872
f 1390/2962/1873 1540/2941/1858 1542/2963/1874
f 1443/2964/1875 1426/2958/1470 1368/2957/1470
f 1391/2965/1876 1404/2939/1856 1367/2966/1877
f 1404/2939/1856 1391/2965/1876 1387/2940/1857
f 1388/2967/1878 1408/2968/1878 1407/2969/1879
f 1408/2968/1880 1388/2967/1880 1365/2970/1881
f 1393/2971/1882 1367/2972/1883 1410/2973/1884
f 1367/2972/1883 1393/2971/1882 1391/2974/1885
f 1436/2975/1886 1396/2922/1844 1356/2924/1887
f 1396/2922/1844 1436/2975/1886 1416/2976/1832
f 1369/2977/1888 1360/2930/1889 1405/2929/1890
f 1360/2930/1889 1369/2977/1888 1371/2978/1891
f 1392/2944/1861 1406/2959/1870 1384/2917/1838
f 1440/2979/1892 1443/2980/1893 1368/2981/1894
f 1363/2982/1412 1372/2932/1895 1357/2983/1412
f 1402/2935/1896 1372/2932/1895 1409/2948/1897
f 1392/2944/1861 1394/2960/1871 1406/2959/1870
f 1385/2984/1898 1388/2967/1899 1401/2985/1900
f 1388/2967/1899 1393/2971/1428 1365/2970/1901
f 1363/2982/1460 1362/2986/1460 1374/2987/1460
f 1362/2986/1460 1363/2982/1460 1357/2983/1460
f 1385/2984/1902 1399/2988/1903 1389/2989/1904
f 1399/2988/1903 1385/2984/1902 1401/2985/1905
f 1392/2944/1861 1384/2917/1838 1434/2942/1859
f 1374/2990/1455 1407/2991/1906 1410/2992/1907
f 1362/2993/1455 1407/2991/1455 1374/2990/1455
f 1392/2944/1861 1361/2994/1908 1394/2960/1871
f 1399/2995/1909 1359/2996/1910 1389/2997/1431
f 1399/2995/1909 1400/2998/1911 1359/2996/1910
f 1361/2994/1908 1392/2944/1861 1540/2941/1858
f 1438/2999/1912 1443/2980/1893 1440/2979/1892
f 1373/3000/1913 1427/3001/1464 1421/3002/1464
f 1433/3003/1914 1427/3001/1464 1373/3000/1913
f 1421/3004/1461 1403/3005/1461 1432/3006/1461
f 1427/3007/1461 1403/3005/1461 1421/3004/1461
f 1406/2959/1870 1431/2961/1872 1412/3008/1839
f 1371/3009/1915 1542/2963/1874 1540/2941/1858
f 1371/3009/1915 1540/2941/1858 1382/3010/1916
f 1360/3011/1917 1382/3010/1916 1383/3012/1918
f 1382/3010/1916 1360/3011/1917 1371/3009/1915
f 1380/3013/1919 1403/3014/1430 1425/3015/1920
f 1432/3016/1430 1403/3014/1430 1380/3013/1919
f 1410/2992/1907 1404/3017/1455 1374/2990/1455
f 1367/3018/1921 1404/3017/1455 1410/2992/1907
f 1363/2982/1460 1404/3019/1460 1392/3020/1460
f 1374/2987/1460 1404/3019/1460 1363/2982/1460
f 1409/2948/1897 1392/3020/1412 1375/2951/1922
f 1363/2982/1412 1392/3020/1412 1409/2948/1897
f 1382/3021/1923 1385/2984/1902 1389/2989/1904
f 1387/3022/1924 1385/2984/1902 1382/3021/1923
f 1387/3022/1428 1393/2971/1428 1385/2984/1898
f 1393/2971/1428 1387/3022/1428 1391/2974/1925
f 1382/3023/1926 1359/2996/1910 1383/3024/1927
f 1359/2996/1910 1382/3023/1926 1389/2997/1431
f 1371/3009/1915 1418/3025/1928 1440/3026/1929
f 1441/3027/1930 1440/3026/1929 1418/3025/1928
f 1366/3028/1931 1409/3029/1932 1413/3030/1933
f 1393/3031/1934 1408/3032/1934 1365/3033/1935
f 1396/2926/1844 1405/3034/1936 1359/2927/1845
f 1369/2913/1834 1396/2926/1844 1416/2911/1832
f 1440/3026/1929 1541/3035/1937 1371/3009/1915
f 1403/3036/1938 1427/3037/1939 1541/3035/1937
f 1435/2918/1839 1442/3038/1940 1437/2916/1837
f 1412/3008/1839 1431/2961/1872 1398/3039/1941
f 1414/3040/1942 1376/3041/1942 1386/3042/1942
f 1417/2914/1835 1386/2912/1833 1376/3043/1943
f 1418/3044/1944 1397/3045/1945 1441/3046/1945
f 1417/3047/1946 1441/3046/1945 1397/3045/1945
f 1381/3048/1947 1424/3049/1948 1430/3050/1949
f 1395/3051/1950 1430/3050/1949 1424/3049/1948
f 1427/3037/1939 1419/3052/1951 1541/3035/1937
f 1368/3053/1952 1403/3036/1938 1541/3035/1937
f 1427/3037/1939 1433/3054/1953 1379/3055/1954
f 1411/3056/38 1413/3057/38 1428/2945/38
f 1370/3058/1955 1379/3059/1956 1373/3060/1956
f 1433/3061/1957 1373/3060/1956 1379/3059/1956
f 1417/2954/1958 1376/3062/1959 1364/3063/1960
f 1438/2952/1478 1417/2954/1867 1364/3063/1961
f 1422/3064/1962 1419/3052/1951 1427/3037/1939
f 1437/2916/1837 1442/3038/1940 1379/3055/1954
f 1431/2961/1872 1422/3064/1962 1398/3039/1941
f 1371/3009/1915 1541/3035/1937 1542/2963/1874
f 1432/3016/1430 1358/3065/1963 1420/3066/1430
f 1425/3067/1964 1403/3036/1938 1429/3068/1965
f 1368/3053/1952 1429/3068/1965 1403/3036/1938
f 1358/3069/1966 1378/3070/1967 1439/3071/1968
f 1423/3072/1969 1439/3071/1968 1378/3070/1967
f 1380/3073/1970 1425/3074/1971 1426/3075/1971
f 1429/3076/1972 1426/3075/1971 1425/3074/1971
f 1414/3077/1973 1386/3078/1833 1436/3079/1886
f 1416/3080/1832 1436/3079/1886 1386/3078/1833
f 1397/3081/1974 1418/3082/1975 1369/3083/1888
f 1371/3084/1891 1369/3083/1888 1418/3082/1975
f 1442/3038/1940 1398/3039/1941 1427/3037/1939
f 1380/3013/1919 1358/3065/1963 1432/3016/1430
f 1415/3085/1464 1430/3086/1464 1421/3002/1464
f 1373/3000/1913 1430/3086/1976 1395/3087/1977
f 1398/3039/1941 1422/3064/1962 1427/3037/1939
f 1377/3088/1978 1439/3089/1978 1443/2964/1978
f 1423/3090/1979 1426/2958/1470 1439/3089/1979
f 1432/3006/1461 1420/3091/1461 1421/3004/1461
f 1415/3092/1461 1421/3004/1461 1420/3091/1461
f 1438/2999/1912 1364/3093/1980 1443/2980/1893
f 1377/3094/1981 1443/2980/1893 1364/3093/1980
f 1379/3055/1954 1442/3038/1940 1427/3037/1939
f 1397/2915/1836 1369/2913/1834 1386/2912/1833
f 1380/3095/1982 1426/2921/1841 1378/2920/1841
f 1395/3096/1983 1424/2938/1855 1373/2937/1854
f 1437/3097/40 1379/3098/38 1428/2945/38
f 1379/3098/38 1370/3099/38 1428/2945/38
f 1370/3099/38 1424/2946/38 1428/2945/38
f 1363/2982/1412 1409/2948/1897 1372/2932/1895
f 1385/2984/1898 1393/2971/1428 1388/2967/1899
f 1408/3100/1906 1410/2992/1907 1407/2991/1906
f 1402/3101/1984 1409/3029/1932 1366/3028/1931
f 1410/3102/1985 1408/3032/1934 1393/3031/1934
f 1405/3034/1936 1396/2926/1844 1369/2913/1834
f 1366/3103/38 1413/3057/38 1411/3056/38
f 1434/3104/63 1437/3097/40 1413/3057/38
f 1437/3097/40 1428/2945/38 1413/3057/38
f 1378/3105/1963 1358/3065/1963 1380/3013/1919
f 1421/3002/1464 1430/3086/1976 1373/3000/1913
f 1443/2964/1875 1439/3089/1979 1426/2958/1470
f 1445/3106/1986 1452/3107/1987 1457/3108/1988
f 1445/3106/1986 1474/3109/1989 1538/3110/1990
f 1448/3111/1991 1465/3112/1992 1446/3113/1993
f 1462/3114/1994 1445/3106/1986 1471/3115/1995
f 1466/3116/1996 1446/3113/1993 1465/3112/1992
f 1467/3117/1997 1469/3118/1998 1456/3119/1999
f 1453/3120/2000 1461/3121/2001 1458/3122/2001
f 1470/3123/2002 1537/3124/2003 1539/3125/2004
f 1467/3117/1997 1463/3126/2005 1455/3127/2006
f 1462/3114/1994 1467/3117/1997 1455/3127/2006
f 1453/3120/2000 1457/3108/1988 1451/3128/2007
f 1467/3117/1997 1466/3116/1996 1537/3124/2003
f 1465/3112/1992 1447/3129/2008 1537/3124/2003
f 1458/3122/2001 1461/3121/2001 1467/3117/1997
f 1449/3130/2009 1458/3122/2001 1467/3117/1997
f 1454/3131/2000 1537/3124/2003 1447/3129/2008
f 1475/3132/2010 1454/3131/2000 1444/3133/2011
f 1454/3131/2000 1475/3132/2010 1477/3134/2012
f 1473/3135/2013 1450/3136/2014 1538/3110/1990
f 1447/3129/2008 1464/3137/2015 1454/3131/2000
f 1468/3138/2016 1454/3131/2000 1464/3137/2015
f 1451/3128/2007 1461/3121/2001 1453/3120/2000
f 1445/3106/1986 1459/3139/1988 1474/3109/1989
f 1469/3118/1998 1467/3117/1997 1462/3114/1994
f 1466/3116/1996 1465/3112/1992 1537/3124/2003
f 1461/3121/2001 1463/3126/2005 1467/3117/1997
f 1472/3140/2017 1473/3135/2013 1476/3141/2018
f 1473/3135/2013 1472/3140/2017 1450/3136/2014
f 1460/3142/1995 1471/3115/1995 1445/3106/1986
f 1459/3139/1988 1457/3108/1988 1453/3120/2000
f 1454/3131/2000 1538/3110/1990 1539/3125/2004
f 1455/3127/2006 1452/3107/1987 1445/3106/1986
f 1455/3127/2006 1445/3106/1986 1462/3114/1994
f 1454/3131/2000 1539/3125/2004 1537/3124/2003
f 1445/3106/1986 1457/3108/1988 1459/3139/1988
f 1454/3131/2000 1477/3134/2012 1538/3110/1990
f 1483/3143/2 1534/3144/2 1505/3145/2
f 1506/3146/2019 1485/3147/2019 1484/3148/2019
f 1500/3149/2020 1485/3150/2021 1488/3151/2022
f 1487/3152/2023 1500/3149/2020 1488/3151/2022
f 1478/3153/5 1489/3154/5 1534/3155/5
f 1478/3153/5 1508/3156/5 1489/3154/5
f 1513/3157/5 1482/3158/5 1488/3159/5
f 1513/3157/5 1488/3159/5 1485/3160/5
f 1490/3161/2024 1512/3162/2025 1531/3163/2026
f 1505/3164/2027 1534/3165/2028 1492/3166/2029
f 1531/3163/2026 1505/3164/2027 1492/3166/2029
f 1482/3167/2030 1480/3168/2030 1504/3169/2030
f 1482/3167/2030 1504/3169/2030 1488/3170/2030
f 1534/3165/2028 1489/3171/2031 1486/3172/2031
f 1534/3165/2028 1486/3172/2031 1492/3166/2029
f 1500/3149/2020 1536/3173/2032 1484/3174/2033
f 1500/3149/2020 1484/3174/2033 1485/3150/2021
f 1514/3175/2034 1496/3176/2035 1497/3177/2036
f 1514/3175/2034 1497/3177/2036 1498/3178/2037
f 1532/3179/2038 1499/3180/2039 1501/3181/2040
f 1490/3161/2024 1488/3182/2041 1504/3183/2042
f 1526/3184/2043 1535/3185/2044 1499/3180/2039
f 1530/3186/2045 1506/3187/8 1484/3188/2046
f 1535/3189/2047 1526/3190/2047 1522/3191/2047
f 1495/3192/2048 1525/3193/2048 1521/3194/2048
f 1516/3195/2049 1529/3196/2050 1507/3197/2049
f 1493/3198/10 1516/3195/2049 1507/3197/2049
f 1526/3190/2048 1495/3192/2048 1521/3194/2048
f 1494/3199/3 1519/3200/3 1525/3193/3
f 1495/3192/3 1494/3199/3 1525/3193/3
f 1532/3179/2038 1501/3181/2040 1502/3201/2051
f 1483/3143/2 1478/3202/2 1534/3144/2
f 1514/3203/2052 1498/3204/2052 1499/3205/2052
f 1490/3161/2024 1531/3163/2026 1492/3166/2029
f 1530/3186/2045 1484/3188/2046 1491/3206/2053
f 1526/3190/3 1521/3194/3 1522/3191/3
f 1517/3207/2054 1528/3208/2054 1509/3209/2054
f 1491/3210/2055 1518/3211/2056 1530/3212/2056
f 1532/3179/2038 1495/3213/2057 1499/3180/2039
f 1506/3146/2019 1513/3214/2019 1485/3147/2019
f 1518/3211/2058 1509/3209/16 1530/3212/2058
f 1480/3215/2059 1481/3216/5 1512/3217/5
f 1535/3185/2044 1514/3218/2060 1499/3180/2039
f 1514/3175/2034 1517/3219/2061 1533/3220/2062
f 1518/3211/2054 1517/3207/2054 1509/3209/2054
f 1518/3221/2063 1491/3222/2032 1536/3173/2032
f 1490/3223/2064 1511/3224/2064 1488/3225/2064
f 1536/3173/2032 1491/3222/2032 1484/3174/2033
f 1517/3219/2061 1518/3221/2063 1533/3220/2062
f 1518/3221/2063 1536/3173/2032 1533/3220/2062
f 1532/3179/2038 1516/3226/2065 1503/3227/2066
f 1516/3226/2065 1493/3228/2065 1503/3227/2066
f 1514/3229/2067 1535/3230/2067 1520/3231/2067
f 1535/3230/2067 1522/3232/2067 1520/3231/2067
f 1532/3179/2038 1494/3233/2068 1495/3213/2057
f 1532/3179/2038 1503/3227/2066 1494/3233/2068
f 1495/3213/2057 1526/3184/2043 1499/3180/2039
f 1517/3207/3 1514/3234/3 1528/3208/3
f 1514/3234/3 1520/3235/3 1528/3208/3
f 1493/3198/3 1507/3197/3 1524/3236/3
f 1503/3237/3 1493/3198/3 1524/3236/3
f 1514/3175/2034 1533/3220/2062 1496/3176/2035
f 1510/3238/2069 1487/3152/2023 1488/3151/2022
f 1511/3239/2070 1510/3238/2069 1488/3151/2022
f 1494/3240/4 1503/3241/4 1519/3242/4
f 1503/3241/4 1524/3243/4 1519/3242/4
f 1515/3244/2071 1490/3161/2024 1492/3166/2029
f 1490/3161/2024 1504/3183/2042 1512/3162/2025
f 1480/3215/2059 1512/3217/5 1504/3245/2059
f 1481/3246/2072 1527/3247/2072 1531/3248/2072
f 1508/3249/2073 1479/3250/2074 1486/3251/2073
f 1508/3249/2073 1486/3251/2073 1489/3252/13
f 1481/3246/2072 1531/3248/2072 1512/3253/2072
f 1527/3254/5 1483/3255/5 1505/3256/5
f 1527/3254/5 1505/3256/5 1531/3257/5
f 1523/3258/2075 1515/3244/2071 1492/3166/2029
f 1473/3135/2013 1538/3110/1990 1477/3134/2012
f 1449/3130/2009 1467/3117/1997 1537/3124/2003
f 1450/3136/2014 1445/3106/1986 1538/3110/1990
f 1474/3109/1989 1539/3125/2004 1538/3110/1990
f 1387/2940/1857 1382/3010/1916 1540/2941/1858
f 1368/3053/1952 1541/3035/1937 1440/3026/1929
f 1419/3052/1951 1542/2963/1874 1541/3035/1937
f 1392/2944/1861 1404/2939/1856 1540/2941/1858
f 1361/2994/1908 1540/2941/1858 1390/2962/1873
f 1449/3130/2009 1537/3124/2003 1470/3123/2002
f 1470/3123/2002 1539/3125/2004 1474/3109/1989
f 1390/2962/1873 1542/2963/1874 1419/3052/1951
usemtl mat_destruct
f 2145/3784/2084 2073/3785/2085 2125/3786/2086
f 2125/3786/2086 2173/3787/2087 2145/3784/2084
f 2089/3788/2088 1934/3789/2089 1987/3790/2090
f 1934/3789/2089 2089/3788/2088 1906/3791/2088
f 2173/3792/2087 2125/3793/2086 2044/3794/2091
f 2044/3794/2091 2045/3795/2092 2173/3792/2087
f 2075/3796/85 1906/3797/85 2089/3798/85
f 1906/3797/85 2075/3796/85 2070/3799/85
f 2045/3795/2092 2044/3794/2091 2038/3800/2093
f 2038/3800/2093 2100/3801/2094 2045/3795/2092
f 1861/3802/2095 2012/3803/2095 2093/3804/2095
f 2012/3803/2095 1861/3802/2095 1870/3805/2095
f 2100/3801/2094 2038/3800/2093 2023/3806/2096
f 2023/3806/2096 2095/3807/2097 2100/3801/2094
f 1854/3808/2098 2155/3809/2098 1929/3810/2098
f 2155/3809/2098 1854/3808/2098 1967/3811/2098
f 2095/3807/2097 2023/3806/2096 1897/3812/2099
f 1897/3812/2099 2092/3813/2100 2095/3807/2097
f 1967/3814/2101 2012/3815/2101 2155/3816/2101
f 2012/3815/2101 1967/3814/2101 2093/3817/2101
f 2092/3818/2100 1897/3819/2099 1903/3820/2102
f 1903/3820/2102 2088/3821/2103 2092/3818/2100
f 1854/3822/82 2093/3817/82 1967/3814/82
f 2093/3817/82 1854/3822/82 1861/3823/82
f 2088/3821/2103 1903/3820/2102 2164/3824/2104
f 2164/3824/2104 1907/3825/2105 2088/3821/2103
f 1870/3826/85 2155/3827/85 2012/3828/85
f 1861/3829/863 1929/3830/863 1870/3831/863
f 1813/3832/2106 1903/3833/2107 1897/3834/2108
f 2006/3835/863 1831/3836/863 1837/3837/863
f 2042/3838/2109 2063/3839/2109 2085/3840/85
f 2062/3841/85 2042/3838/2109 2085/3840/85
f 1994/3842/2098 2115/3843/2098 2127/3844/2098
f 2127/3844/2098 2115/3843/2098 2091/3845/2098
f 2103/3846/82 2165/3847/82 1905/3848/82
f 1816/3849/2110 1913/3850/2111 2094/3851/2111
f 1853/3852/2112 2043/3853/2113 2094/3854/2111
f 1913/3855/2111 1853/3852/2112 2094/3854/2111
f 1926/3856/2114 1909/3857/2115 2043/3853/2113
f 1853/3852/2112 1926/3856/2114 2043/3853/2113
f 2134/3858/2116 1962/3859/2117 1909/3860/2115
f 1926/3861/2114 2134/3858/2116 1909/3860/2115
f 1970/3862/2095 2124/3863/2095 1922/3864/2095
f 2127/3865/2118 2091/3866/2119 2121/3867/2120
f 1847/3868/2101 1999/3869/2101 1997/3870/2101
f 1970/3862/2095 1922/3864/2095 2121/3871/2095
f 1997/3870/2101 1841/3872/2101 1847/3868/2101
f 1824/3873/863 1960/3874/863 1942/3875/863
f 1860/3876/2121 1857/3877/2122 1858/3878/2121
f 1857/3877/2122 1860/3876/2121 1859/3879/2122
f 1815/3880/2123 2041/3881/2124 1884/3882/2123
f 2171/3883/2124 1884/3882/2123 2041/3881/2124
f 2161/3884/2125 2014/3885/2126 1815/3886/2127
f 2041/3887/2128 1815/3886/2127 2014/3885/2126
f 1908/3888/2129 2152/3889/2129 2161/3890/2130
f 2014/3891/2130 2161/3890/2130 2152/3889/2129
f 1884/3892/2131 2171/3893/2132 1908/3894/2133
f 1993/3895/863 1975/3896/863 1817/3897/863
f 2105/3898/2134 2025/3899/2135 2103/3846/2136
f 2025/3899/2135 2165/3847/2136 2103/3846/2136
f 2174/3900/2137 2026/3901/2137 2105/3902/2134
f 1975/3903/2138 1839/3904/2139 1838/3905/2140
f 2026/3901/2137 2025/3906/2135 2105/3902/2134
f 1865/3907/2098 2087/3908/2098 2059/3909/2098
f 2024/3910/85 2160/3911/85 2174/3912/85
f 1888/3913/2141 1977/3914/2142 1831/3915/2141
f 2160/3911/85 2026/3916/85 2174/3912/85
f 1865/3907/2098 2039/3917/2098 2087/3908/2098
f 2143/3918/2120 2098/3919/2143 2024/3920/2144
f 2098/3919/2143 2160/3921/2144 2024/3920/2144
f 1873/3922/2101 1893/3923/2101 1869/3924/2101
f 2083/3925/2145 2046/3926/2146 2069/3927/2146
f 1865/3907/2098 2059/3909/2098 2058/3928/2098
f 1904/3929/2101 1874/3930/2101 1880/3931/2101
f 2069/3932/82 2047/3933/82 2064/3934/82
f 1900/3935/863 1875/3936/863 1883/3937/863
f 1876/3938/863 1923/3939/863 1872/3940/863
f 1888/3941/2101 2004/3942/2136 1998/3943/2101
f 1818/3944/2147 1987/3790/2090 1934/3789/2089
f 1893/3923/2101 1892/3945/2101 1869/3924/2101
f 2046/3926/2146 2083/3925/2145 1818/3944/2147
f 2047/3933/82 2069/3932/82 2046/3946/82
f 1875/3947/85 1900/3948/85 1873/3949/85
f 1893/3950/85 1873/3949/85 1900/3948/85
f 1874/3930/82 1904/3929/82 1876/3951/82
f 1923/3952/82 1876/3951/82 1904/3929/82
f 1882/3953/2098 2030/3954/2148 1878/3955/2098
f 2104/3956/2149 1878/3955/2098 2030/3954/2148
f 1877/3957/2098 1892/3958/2150 1881/3959/2098
f 2066/3960/2151 1881/3959/2098 1892/3958/2150
f 1883/3961/2095 1875/3962/2095 1869/3963/2095
f 1873/3964/2095 1869/3963/2095 1875/3962/2095
f 1880/3965/2095 1874/3966/2095 1872/3967/2095
f 1876/3968/2095 1872/3967/2095 1874/3966/2095
f 1923/3939/863 2030/3969/863 1872/3940/863
f 1869/3924/2101 1892/3945/2101 1877/3970/2101
f 1878/3971/2101 2104/3972/2101 1880/3931/2101
f 1904/3929/2101 1880/3931/2101 2104/3972/2101
f 1881/3973/863 2066/3974/863 1883/3937/863
f 1900/3935/863 1883/3937/863 2066/3974/863
f 1863/3975/2098 1865/3907/2098 2058/3928/2098
f 1882/3976/863 1872/3940/863 2030/3969/863
f 1880/3977/85 1882/3978/85 1878/3979/85
f 1882/3978/85 1880/3977/85 1872/3980/85
f 2104/3956/2149 1844/3981/2152 1887/3982/2153
f 1844/3981/2152 2104/3956/2149 2030/3954/2148
f 1887/3982/2153 1985/3983/2154 1886/3984/2155
f 1985/3983/2154 1887/3982/2153 1844/3981/2152
f 1886/3984/2155 2066/3960/2151 1892/3958/2150
f 2066/3960/2151 1886/3984/2155 1985/3983/2154
f 1877/3970/82 1883/3985/82 1869/3924/82
f 1883/3985/82 1877/3970/82 1881/3986/82
f 1893/3987/2156 1898/3988/2157 1832/3989/2158
f 1898/3988/2157 1893/3987/2156 1900/3990/2156
f 1832/3989/2158 1899/3991/2159 1812/3992/2160
f 1899/3991/2159 1832/3989/2158 1898/3988/2157
f 1812/3992/2160 1923/3993/2161 1904/3994/2161
f 1923/3993/2161 1812/3992/2160 1899/3991/2159
f 1892/3945/2101 1832/3995/2101 1886/3996/2101
f 1832/3995/2101 1892/3945/2101 1893/3923/2101
f 1886/3996/2101 1812/3997/2101 1887/3998/2101
f 1812/3997/2101 1886/3996/2101 1832/3995/2101
f 1887/3998/2101 1904/3929/2101 2104/3972/2101
f 1904/3929/2101 1887/3998/2101 1812/3997/2101
f 2066/3974/863 1898/3999/863 1900/3935/863
f 1898/3999/863 2066/3974/863 1985/4000/863
f 1985/4000/863 1899/4001/863 1898/3999/863
f 1899/4001/863 1985/4000/863 1844/4002/863
f 1844/4002/863 1923/3939/863 1899/4001/863
f 1923/3939/863 1844/4002/863 2030/3969/863
f 1933/4003/82 1850/4004/82 2109/4005/82
f 1917/4006/2162 1953/4007/2116 2106/4008/2163
f 1865/4009/2164 2036/4010/2165 1902/4011/2136
f 1851/4012/2166 1866/4013/2167 1918/4014/2165
f 2002/4015/2098 2006/4016/2098 1998/4017/2098
f 1992/4018/2095 2036/4019/2095 1867/4020/2095
f 1818/4021/863 2078/4022/863 1944/4023/863
f 2087/4024/85 2039/4025/85 1992/4026/85
f 1957/4027/2095 1837/4028/2168 1885/4029/2169
f 1902/4030/2095 2036/4019/2095 1992/4018/2095
f 2064/4031/2170 1944/4032/2171 2057/4033/2172
f 2039/4025/85 1902/4034/85 1992/4026/85
f 1885/4029/2169 2000/4035/2095 1957/4027/2095
f 2059/4036/2173 2087/4037/2174 1867/4038/2175
f 2022/4039/2176 2017/4040/2176 2050/4041/2176
f 2017/4040/2176 2011/4042/2176 2050/4041/2176
f 1846/4043/2177 1845/4044/2178 2097/4045/2178
f 2097/4045/2178 1954/4046/2179 1846/4043/2177
f 1954/4047/2180 2097/4048/2181 2032/4049/2181
f 2032/4049/2181 2051/4050/2180 1954/4047/2180
f 2051/4051/2182 2032/4052/2183 2082/4053/2183
f 2082/4053/2183 2151/4054/2184 2051/4051/2182
f 2151/4055/2185 2082/4056/2186 1845/4057/2186
f 1845/4057/2186 1846/4058/2187 2151/4055/2185
f 2151/4055/2185 1901/4059/85 2166/4060/85
f 1901/4059/85 2151/4055/2185 1846/4058/2187
f 2051/4051/2182 2166/4061/2188 1936/4062/2188
f 2166/4061/2188 2051/4051/2182 2151/4054/2184
f 1954/4063/2180 1936/4064/82 1849/4065/82
f 1936/4064/82 1954/4063/2180 2051/4066/2180
f 2015/4067/2098 1862/4068/2098 2170/4069/2098
f 1862/4068/2098 2015/4067/2098 2154/4070/2098
f 2096/4071/2189 2119/4072/2190 2101/4073/2191
f 2119/4072/2190 2096/4071/2189 2049/4074/2192
f 1855/4075/2193 1862/4076/2101 2154/4077/2101
f 1862/4076/2101 1855/4075/2193 2060/4078/2194
f 1911/4079/2195 2154/4077/82 2015/4080/82
f 2154/4077/82 1911/4079/2195 1855/4075/2196
f 2128/4081/2197 2015/4082/863 2170/4083/863
f 2015/4082/863 2128/4081/2197 1911/4084/2197
f 2060/4085/2198 2170/4086/85 1862/4087/85
f 2170/4086/85 2060/4085/2198 2128/4088/2199
f 2119/4089/2200 2060/4078/2194 1855/4075/2193
f 1855/4075/2193 2101/4090/2200 2119/4089/2200
f 2101/4073/2191 1855/4091/2196 1911/4092/2195
f 1911/4092/2195 2096/4071/2189 2101/4073/2191
f 2096/4093/2201 1911/4084/2197 2128/4081/2197
f 2128/4081/2197 2049/4094/2201 2096/4093/2201
f 2049/4095/2192 2128/4088/2199 2060/4085/2198
f 2060/4085/2198 2119/4096/2190 2049/4095/2192
f 2159/4097/2098 1896/4098/2098 1890/4099/2098
f 1896/4098/2098 2159/4097/2098 2140/4100/2098
f 2139/4101/2202 1986/4102/2203 1990/4103/2204
f 1986/4102/2203 2139/4101/2202 1895/4104/2205
f 2077/4105/2136 1896/4106/2136 2140/4107/2136
f 1896/4106/2136 2077/4105/2136 2054/4108/2136
f 2162/4109/82 2140/4107/82 2159/4110/82
f 2140/4107/82 2162/4109/82 2077/4105/82
f 1939/4111/2206 2159/4112/2206 1890/4113/2206
f 2159/4112/2206 1939/4111/2206 2162/4114/2206
f 2054/4115/85 1890/4116/85 1896/4117/85
f 1890/4116/85 2054/4115/85 1939/4118/85
f 1846/4043/2177 1849/4119/2207 1901/4120/2207
f 1849/4119/2207 1846/4043/2177 1954/4046/2179
f 1901/4121/2208 1936/4064/2208 2166/4122/2208
f 1936/4064/2208 1901/4121/2208 1849/4065/2208
f 1845/4123/2121 2032/4049/2181 2097/4048/2181
f 2032/4049/2181 1845/4123/2121 2082/4124/2121
f 1982/4125/2209 2044/4126/2210 2125/4127/2211
f 1956/4128/2212 2038/4129/2213 2044/4126/2210
f 2107/4130/2214 1952/4131/2215 1945/4132/2216
f 1945/4132/2216 2144/4133/2217 2107/4130/2214
f 2013/4134/2218 2125/3786/2211 2073/3785/2219
f 1822/4135/2220 2013/4134/2218 2073/3785/2219
f 2144/4133/2217 1945/4132/2216 1946/4136/2221
f 1946/4136/2221 2138/4137/2099 2144/4133/2217
f 1822/4138/2220 2073/4139/2219 2164/4140/2222
f 1938/4141/2223 1822/4138/2220 2164/4140/2222
f 2138/4142/2099 1946/4143/2221 1947/4144/2224
f 1947/4144/2224 2132/4145/2225 2138/4142/2099
f 1850/4146/2114 1930/4147/2226 2130/4148/2113
f 2109/4149/2227 1850/4146/2114 2130/4148/2113
f 2132/4145/2225 1947/4144/2224 1948/4150/2228
f 1948/4150/2228 2126/4151/2229 2132/4145/2225
f 2109/4149/2227 2130/4148/2113 2157/4152/2230
f 1933/4153/2231 2109/4149/2227 2157/4152/2230
f 2126/4151/2229 1948/4150/2228 1949/4154/2232
f 1949/4154/2232 2120/4155/2091 2126/4151/2229
f 2155/3827/85 1870/3826/85 1929/4156/85
f 1819/4157/2233 1933/4003/2231 1921/4158/2234
f 2120/4155/2091 1949/4154/2232 1950/4159/2235
f 1950/4159/2235 2114/4160/2236 2120/4155/2091
f 2158/4161/2237 2023/4162/2238 2038/4129/2213
f 1956/4128/2212 2158/4161/2237 2038/4129/2213
f 2114/4163/2236 1950/4164/2235 1951/4165/2239
f 1951/4165/2239 2108/4166/2085 2114/4163/2236
f 2013/4167/2218 1982/4125/2209 2125/4127/2211
f 1982/4125/2209 1956/4128/2212 2044/4126/2210
f 2108/4168/2085 1951/4169/2239 1952/4131/2215
f 1952/4131/2215 2107/4130/2214 2108/4168/2085
f 2111/4170/2223 2123/4171/2240 2117/4172/2220
f 2111/4170/2223 2129/4173/2241 2123/4171/2240
f 2111/4170/2223 2135/4174/2242 2129/4173/2241
f 2111/4170/2223 2141/4175/2237 2135/4174/2242
f 2111/4170/2223 2147/4176/2243 2141/4175/2237
f 2111/4170/2223 2153/4177/2244 2147/4176/2243
f 1950/4178/2235 1952/4131/2215 1951/4169/2239
f 1949/4179/2232 1952/4131/2215 1950/4178/2235
f 1948/4180/2228 1952/4131/2215 1949/4179/2232
f 1947/4181/2224 1952/4131/2215 1948/4180/2228
f 1946/4136/2221 1952/4131/2215 1947/4181/2224
f 1945/4132/2216 1952/4131/2215 1946/4136/2221
f 2153/4177/2244 2111/4170/2223 2144/4182/2107
f 2111/4170/2223 2107/4183/2222 2144/4182/2107
f 2147/4184/2243 2153/4185/2244 2138/4186/2108
f 2153/4185/2244 2144/4187/2107 2138/4186/2108
f 2141/4188/2237 2147/4184/2243 2132/4189/2245
f 2147/4184/2243 2138/4186/2108 2132/4189/2245
f 2135/4190/2242 2141/4191/2237 2126/4192/2213
f 2141/4191/2237 2132/4193/2245 2126/4192/2213
f 2129/4194/2241 2135/4190/2242 2120/4195/2246
f 2135/4190/2242 2126/4192/2213 2120/4195/2246
f 2123/4196/2240 2129/4194/2241 2114/4197/2247
f 2129/4194/2241 2120/4195/2246 2114/4197/2247
f 2117/4198/2220 2123/4199/2240 2108/4166/2248
f 2123/4199/2240 2114/4163/2247 2108/4166/2248
f 2111/4170/2223 2117/4172/2220 2107/4183/2222
f 2117/4172/2220 2108/4200/2248 2107/4183/2222
f 1810/4201/93 1931/4202/93 2009/4203/93
f 1931/4202/93 1810/4201/93 1978/4204/93
f 1965/4205/2179 2009/4206/89 1823/4207/2179
f 2009/4206/89 1965/4205/2179 1810/4208/89
f 1823/4209/2249 1931/4210/85 1968/4211/2249
f 1931/4210/85 1823/4209/2249 2009/4212/85
f 1968/4213/2184 1978/4214/2188 1912/4215/2184
f 1978/4214/2188 1968/4213/2184 1931/4216/2188
f 1912/4217/2250 1810/4201/82 1965/4218/2250
f 1810/4201/82 1912/4217/2250 1978/4204/82
f 1965/4218/2250 1860/4219/2251 1912/4217/2250
f 1858/4220/2251 1912/4217/2250 1860/4219/2251
f 1912/4215/2184 1858/4221/2183 1968/4213/2184
f 1857/4222/2183 1968/4213/2184 1858/4221/2183
f 1968/4211/2249 1857/4223/2122 1823/4209/2249
f 1859/4224/2122 1823/4209/2249 1857/4223/2122
f 1823/4207/2179 1859/4225/2178 1965/4205/2179
f 1860/4226/2178 1965/4205/2179 1859/4225/2178
f 1879/4227/93 1937/4228/93 2029/4229/93
f 1814/4230/93 2029/4229/93 1937/4228/93
f 1851/4231/2098 1915/4232/2098 1919/4233/2098
f 1856/4234/85 1995/4235/85 1989/4236/85
f 1983/4237/2252 2112/4238/2252 1970/4239/2134
f 2112/4238/2252 2115/4240/2253 1970/4239/2134
f 1972/4241/85 1940/4242/85 1935/4243/85
f 1941/4244/85 1935/4243/85 1940/4242/85
f 1814/4245/85 1937/4246/85 1972/4241/85
f 1940/4242/85 1972/4241/85 1937/4246/85
f 1940/4247/2254 2072/4248/2255 1941/4249/2188
f 1836/4250/2188 1941/4249/2188 2072/4248/2255
f 1937/4251/2256 1879/4252/2256 1940/4247/2254
f 2072/4248/2255 1940/4247/2254 1879/4252/2256
f 2072/4253/82 2169/4254/82 1836/4255/82
f 1833/4256/82 1836/4255/82 2169/4254/82
f 1879/4227/82 2029/4229/82 2072/4253/82
f 2169/4254/82 2072/4253/82 2029/4229/82
f 2083/4257/2136 2061/4258/2136 1987/4259/2136
f 2118/4260/85 1932/4261/85 1983/4262/85
f 1932/4261/85 2112/4263/85 1983/4262/85
f 1999/4264/2095 1847/4265/2257 1942/4266/2258
f 2003/4267/2136 1841/3872/2101 1997/3870/2101
f 2087/4037/2174 1992/4268/2174 1867/4038/2175
f 2069/3932/2101 2057/4269/2136 2083/4257/2136
f 2121/3867/2120 2091/3866/2119 2118/4270/2259
f 1935/4271/86 1941/4272/86 1833/4273/86
f 1836/4274/86 1833/4273/86 1941/4272/86
f 2057/4033/2172 2078/4275/2260 2061/4276/2261
f 1851/4231/2098 1919/4233/2098 1914/4277/2098
f 2058/4278/2262 2059/4036/2173 1868/4279/2262
f 2059/4036/2173 1867/4038/2175 1868/4279/2262
f 2163/4280/2263 1895/4104/2205 1988/4281/2263
f 2061/4276/2261 2070/4282/2264 2075/4283/2264
f 2156/4284/863 1925/4285/863 2161/4286/863
f 1925/4285/863 1908/4287/863 2161/4286/863
f 2142/4288/2265 1981/4289/2265 2156/4290/2265
f 1918/4291/2095 1916/4292/2095 2056/4293/2095
f 1981/4289/2265 1925/4294/2265 2156/4290/2265
f 2052/4295/2095 1918/4291/2095 2056/4293/2095
f 1839/4296/2101 1885/4297/2101 2040/4298/2101
f 1993/4299/2169 2035/4300/2266 2040/4301/2267
f 1838/3905/2140 1824/4302/2268 1975/3903/2138
f 2086/4303/2269 2050/4304/2270 2063/4305/2271
f 1824/4302/2268 1838/3905/2140 1841/4306/2268
f 1847/4265/2257 1817/4307/2272 1942/4266/2258
f 1839/3904/2139 1975/3903/2138 1977/3914/2142
f 2158/4308/2237 1871/4309/2243 2023/4310/2238
f 1943/4311/2095 2079/4312/2095 1980/4313/2095
f 1871/4309/2243 1813/3832/2106 1897/3834/2108
f 2079/4312/2095 1943/4311/2095 1821/4314/2095
f 2018/4315/2273 2021/4316/2274 2019/4317/2275
f 2021/4316/2274 2018/4315/2273 2020/4318/2276
f 1943/4319/2101 2122/4320/2277 1821/4321/2101
f 2122/4320/2277 1943/4319/2101 2071/4322/2277
f 1821/4321/82 2133/4323/2278 2079/4324/82
f 2133/4323/2278 1821/4321/82 2122/4320/2279
f 2079/4325/863 1894/4326/2280 1980/4327/863
f 1894/4326/2280 2079/4325/863 2133/4328/2280
f 1980/4329/85 2071/4330/2281 1943/4331/85
f 2071/4330/2281 1980/4329/85 1894/4332/2282
f 2071/4333/2277 2018/4334/2283 2122/4335/2277
f 2019/4336/2283 2122/4335/2277 2018/4334/2283
f 2122/4337/2279 2019/4317/2275 2133/4338/2278
f 2021/4316/2274 2133/4338/2278 2019/4317/2275
f 2133/4328/2280 2021/4339/2284 1894/4326/2280
f 2005/4340/86 2081/4341/86 2099/4342/86
f 1974/4343/86 2099/4342/86 2081/4341/86
f 2020/4344/2284 1894/4326/2280 2021/4339/2284
f 1894/4332/2282 2020/4345/2276 2071/4330/2281
f 2018/4346/2273 2071/4330/2281 2020/4345/2276
f 1820/4347/2095 2136/4348/2095 2028/4349/2095
f 2136/4348/2095 1820/4347/2095 1996/4350/2095
f 2000/4351/2101 1885/4297/2101 1998/3943/2101
f 2165/3847/82 1971/4352/82 1905/3848/82
f 1820/4353/2136 2080/4354/2136 1996/4355/2136
f 2124/4356/82 1994/4357/82 1922/4358/82
f 1994/4357/82 2127/4359/82 1922/4358/82
f 2005/4360/85 2099/4361/85 1924/4362/85
f 1924/4362/85 1964/4363/85 2005/4360/85
f 2081/4364/88 2005/4365/88 1964/4366/88
f 1964/4366/88 2074/4367/88 2081/4364/88
f 1974/4368/82 2081/4369/82 2074/4370/82
f 2074/4370/82 2090/4371/82 1974/4368/82
f 2099/4372/89 1974/4373/89 2090/4374/89
f 2090/4374/89 1924/4375/89 2099/4372/89
f 1933/4003/2231 2157/4376/2230 1921/4158/2234
f 1920/4377/2095 1918/4291/2095 2052/4295/2095
f 1987/4259/2136 2075/4378/2101 2089/4379/2101
f 2046/4380/863 1944/4023/863 2047/4381/863
f 2167/4382/2285 1827/4383/2285 2142/4384/2285
f 1827/4383/2285 1981/4385/2285 2142/4384/2285
f 2067/4386/2095 1918/4291/2095 1920/4377/2095
f 2057/4269/2136 2069/3932/2101 2064/3934/2101
f 1851/4231/2098 1914/4277/2098 1910/4387/2098
f 1944/4032/2171 2064/4031/2170 2047/4388/2170
f 2156/4389/2270 2161/3884/2125 1815/3886/2127
f 2156/4389/2270 1815/3886/2127 2167/4390/2095
f 2156/4389/2270 2167/4390/2095 2142/4391/2095
f 2061/4258/2136 2083/4257/2136 2057/4269/2136
f 1963/4392/2286 1816/3849/2110 2094/3851/2111
f 1851/4012/2166 1918/4014/2165 2067/4393/2136
f 2074/4370/93 1964/4394/93 1924/4395/93
f 1924/4395/93 2090/4371/93 2074/4370/93
f 1953/4007/2116 1917/4006/2162 1852/4396/2117
f 1913/3850/82 1926/4397/82 1853/4398/82
f 1913/3850/82 2134/4399/82 1926/4397/82
f 1837/3837/863 1957/4400/863 2006/3835/863
f 1913/3850/82 1816/3849/82 2134/4399/82
f 2080/4354/2136 1820/4353/2136 2034/4401/2136
f 1996/4355/82 1973/4402/82 2136/4403/82
f 1938/4141/2223 2164/4140/2222 1903/4404/2107
f 1895/4104/2205 2163/4280/2263 1986/4102/2203
f 2055/4405/82 1988/4406/82 1811/4407/82
f 1977/4408/863 1837/3837/863 1831/3836/863
f 2040/4301/2267 1837/4028/2168 1993/4299/2169
f 2035/4409/2101 1841/3872/2101 1838/4410/2101
f 1944/4023/863 2046/4380/863 1818/4021/863
f 1841/3872/2101 2035/4409/2101 1847/3868/2101
f 1970/4411/2134 2115/4412/2253 2124/4356/2136
f 2115/4412/2253 1994/4357/2136 2124/4356/2136
f 1837/4028/2168 2040/4301/2267 1885/4029/2169
f 2116/4413/863 2150/4414/863 2146/4415/863
f 1835/4416/2287 2042/4417/2288 1979/4418/2289
f 2040/4298/2101 1838/4410/2101 1839/4296/2101
f 2085/4419/2095 2050/4304/2270 2011/4420/2095
f 2086/4421/2290 1864/4422/2290 1889/4423/2290
f 1838/4410/2101 2040/4298/2101 2035/4409/2101
f 1889/4423/2290 1979/4424/2290 2086/4421/2290
f 2063/4305/2271 1966/4425/2128 1864/4426/2291
f 2150/4414/863 2116/4413/863 2110/4427/863
f 1864/4426/2291 2086/4303/2269 2063/4305/2271
f 1891/4428/82 2146/4429/82 2149/4430/82
f 2042/4431/2109 1835/4432/2292 1966/4433/2292
f 1966/4433/2292 2063/4434/2109 2042/4431/2109
f 2035/4300/2266 1993/4299/2169 1817/4307/2272
f 1885/4297/2101 1839/4296/2101 1888/3941/2101
f 2146/4429/82 1891/4428/82 2116/4435/82
f 2084/4436/93 1959/4437/93 2008/4438/93
f 1840/4439/93 2008/4438/93 1959/4437/93
f 1848/4440/2101 2149/4430/2101 2137/4441/2101
f 1934/4442/863 2070/4443/863 2078/4022/863
f 2022/4444/2098 2062/4445/2098 2017/4446/2098
f 2022/4444/2098 2042/4417/2288 2062/4445/2098
f 2022/4444/2098 1979/4418/2289 2042/4417/2288
f 2063/4305/2271 2050/4304/2270 2085/4419/2095
f 1871/4309/2243 1897/3834/2108 2023/4310/2238
f 2149/4430/2101 1848/4440/2101 1891/4428/2101
f 1988/4406/82 2055/4405/82 2163/4447/82
f 2053/4448/2293 1811/4449/2294 2076/4450/2295
f 2084/4436/82 2008/4438/82 1825/4451/82
f 1825/4451/82 1976/4452/82 2084/4436/82
f 1959/4453/88 2084/4454/88 1976/4455/88
f 1976/4455/88 2113/4456/88 1959/4453/88
f 1840/4457/85 1959/4458/85 2113/4459/85
f 2113/4459/85 2068/4460/85 1840/4457/85
f 2008/4461/89 1840/4462/89 2068/4463/89
f 2068/4463/89 1825/4464/89 2008/4461/89
f 1984/4465/2101 1895/4466/2101 2139/4467/2101
f 1895/4466/2101 1984/4465/2101 2076/4468/2101
f 2137/4469/2095 2146/4470/2095 2150/4471/2095
f 2146/4470/2095 2137/4469/2095 2149/4472/2095
f 1848/4473/2098 2116/4474/2098 1891/4475/2098
f 2116/4474/2098 1848/4473/2098 2110/4476/2098
f 1856/4477/2101 2139/4467/2101 2065/4478/2101
f 1995/4235/85 1856/4234/85 2065/4479/85
f 2007/4480/85 1997/4481/85 1960/4482/85
f 2078/4022/863 1818/4021/863 1934/4442/863
f 2062/4483/2296 2085/4484/2296 2011/4485/2296
f 1979/4418/2289 1889/4486/2297 1835/4416/2287
f 2017/4487/2296 2062/4483/2296 2011/4485/2296
f 1813/4488/2106 1938/4141/2223 1903/4404/2107
f 1817/4307/2272 1847/4265/2257 2035/4300/2266
f 2152/4489/2297 1908/3894/2133 2171/3893/2132
f 2113/4490/86 1976/4491/86 1825/4492/86
f 1825/4492/86 2068/4493/86 2113/4490/86
f 1811/4449/2294 2053/4448/2293 2055/4494/2294
f 2110/4495/85 2137/4496/85 2150/4497/85
f 2137/4496/85 2110/4495/85 1848/4498/85
f 1928/4499/2298 2076/4450/2295 1984/4500/2299
f 2076/4450/2295 1928/4499/2298 2053/4448/2293
f 1989/4501/2300 1984/4500/2299 1856/4502/2300
f 1984/4500/2299 1989/4501/2300 1928/4499/2298
f 2076/4468/2101 1988/4406/2101 1895/4466/2101
f 1991/4503/93 1829/4504/2208 2168/4505/2208
f 2168/4505/2208 2172/4506/93 1991/4503/93
f 1863/4507/82 2058/4508/82 2037/4509/82
f 1942/4266/2258 1958/4510/2095 1999/4264/2095
f 1997/3870/2101 2007/4511/2136 2003/4267/2136
f 2001/4512/82 1824/4513/82 1841/3872/82
f 1927/4514/82 2131/4515/82 2027/4516/82
f 2027/4516/82 1834/4517/82 1927/4514/82
f 1991/4503/82 2172/4506/82 2131/4515/82
f 2131/4515/82 1927/4514/82 1991/4503/82
f 1830/4518/2255 1927/4519/2254 1834/4520/2188
f 1834/4520/2188 2010/4521/2188 1830/4518/2255
f 1829/4522/2256 1991/4523/2256 1927/4519/2254
f 1927/4519/2254 1830/4518/2255 1829/4522/2256
f 2031/4524/85 1830/4525/85 2010/4526/85
f 2010/4526/85 1828/4527/85 2031/4524/85
f 2168/4528/85 1829/4529/85 1830/4525/85
f 1830/4525/85 2031/4524/85 2168/4528/85
f 1867/4020/2095 2036/4019/2095 1868/4530/2095
f 1828/4531/86 2010/4532/86 1834/4533/86
f 2027/4534/86 1828/4531/86 1834/4533/86
f 1979/4535/863 2022/4536/863 2086/4537/863
f 2058/4508/82 1868/4538/82 2037/4509/82
f 1863/4507/2301 2037/4509/2301 2036/4010/2165
f 1841/3872/82 2003/4267/82 2001/4512/82
f 2004/4539/85 1888/4540/85 1831/4541/85
f 1824/3873/863 1817/3897/863 1975/3896/863
f 1842/4542/2302 2048/4543/2303 1921/4544/2234
f 1990/4103/2204 2065/4545/2304 2139/4101/2202
f 2065/4545/2304 1990/4103/2204 1995/4546/2304
f 1865/4009/2164 1863/4507/2301 2036/4010/2165
f 1831/4541/85 2002/4547/85 2004/4539/85
f 2022/4536/863 2050/4548/863 2086/4537/863
f 2048/4543/2303 1819/4549/2233 1921/4544/2234
f 2070/4443/863 1934/4442/863 1906/4550/863
f 2091/3866/2119 1932/4551/2259 2118/4270/2259
f 1958/4552/863 1942/3875/863 1960/3874/863
f 1922/4553/2118 2127/3865/2118 2121/3867/2120
f 1938/4141/2223 1813/4488/2106 1871/4554/2243
f 1990/4555/863 1989/4556/863 1995/4557/863
f 1938/4141/2223 1956/4558/2212 1982/4559/2209
f 1977/3914/2142 1888/3913/2141 1839/3904/2139
f 1938/4141/2223 2013/4560/2218 1822/4138/2220
f 1989/4556/863 1990/4555/863 1928/4561/863
f 1929/3830/863 1861/3829/863 1854/4562/863
f 1971/4563/2118 2098/3919/2143 2143/3918/2120
f 1843/4564/2305 1955/4565/2306 1842/4542/2302
f 2105/4566/2095 2103/4567/2095 1905/4568/2095
f 1905/4569/2118 1971/4563/2118 2143/3918/2120
f 2070/4282/2264 2061/4276/2261 2078/4275/2260
f 1953/4007/2116 1852/4396/2117 1930/4570/2226
f 2105/4566/2095 1905/4568/2095 2143/4571/2095
f 1955/4565/2306 2048/4543/2303 1842/4542/2302
f 2105/4566/2095 2143/4571/2095 2024/4572/2095
f 1986/4573/863 1928/4561/863 1990/4555/863
f 1928/4561/863 1986/4573/863 2053/4574/863
f 2152/4575/2101 2171/3883/2101 2041/3881/2101
f 2174/4576/2095 2105/4566/2095 2024/4572/2095
f 1987/3790/2090 1818/3944/2147 2083/3925/2145
f 2165/4577/2098 2025/4578/2098 1971/4579/2098
f 2036/4019/2095 2037/4580/2095 1868/4530/2095
f 1971/4579/2098 2025/4578/2098 2098/4581/2098
f 1850/4582/2114 1953/4007/2116 1930/4570/2226
f 2073/4583/2085 2145/4584/2084 1907/3825/2105
f 1938/4141/2223 2158/4585/2237 1956/4558/2212
f 1988/4406/2101 2076/4468/2101 1811/4407/2101
f 1938/4141/2223 1871/4554/2243 2158/4585/2237
f 2078/4275/2260 2057/4033/2172 1944/4032/2171
f 2098/4581/2098 2025/4578/2098 2160/4586/2098
f 1917/4006/2162 2106/4008/2163 1843/4587/2305
f 1938/4141/2223 1982/4559/2209 2013/4560/2218
f 1910/4588/2307 1914/4589/2308 2056/4590/2309
f 1908/3894/2133 1925/4591/2098 1884/3892/2131
f 2106/4008/2163 1955/4592/2306 1843/4587/2305
f 1884/3892/2131 1925/4591/2098 1827/4593/2098
f 2163/4594/863 2053/4574/863 1986/4573/863
f 1827/4593/2098 1925/4591/2098 1981/4595/2098
f 2075/4378/2101 1987/4259/2136 2061/4258/2136
f 2000/4351/82 2006/4596/82 1957/4597/82
f 1973/4402/82 1996/4355/82 2080/4354/82
f 2136/4598/2206 2102/4599/2206 2028/4600/2206
f 2102/4599/2206 2136/4598/2206 1973/4601/2206
f 2028/4602/85 2034/4603/85 1820/4604/85
f 2025/4578/2098 2026/4605/2098 2160/4586/2098
f 2053/4574/863 2163/4594/863 2055/4606/863
f 1914/4589/2308 1919/4607/2174 2052/4608/2175
f 1975/3896/863 1993/3895/863 1977/4408/863
f 2006/4596/82 2000/4351/82 1998/3943/82
f 2139/4467/2101 1856/4477/2101 1984/4465/2101
f 1921/4609/85 2157/4610/85 1917/4611/85
f 1837/3837/863 1977/4408/863 1993/3895/863
f 1907/3825/2105 2164/3824/2104 2073/4583/2085
f 1914/4589/2308 2052/4608/2175 2056/4590/2309
f 1909/4612/85 2094/4613/85 2043/4614/85
f 1917/4611/85 2157/4610/85 1852/4615/85
f 2014/4616/2101 2152/4575/2101 2041/3881/2101
f 1884/3882/2123 1827/4617/82 2167/4618/82
f 1815/3880/2123 1884/3882/2123 2167/4618/82
f 1852/4615/85 2157/4610/85 1930/4619/85
f 1930/4619/85 2157/4610/85 2130/4620/85
f 1933/4003/82 1819/4157/82 1953/4621/82
f 1919/4607/2174 1920/4622/2174 2052/4608/2175
f 1915/4623/85 2067/4624/85 1920/4625/85
f 1915/4626/2136 1851/4012/2166 2067/4393/2136
f 2034/4603/85 2028/4602/85 2102/4627/85
f 1933/4003/82 1953/4621/82 1850/4004/82
f 1969/4628/82 1816/3849/82 1826/4629/82
f 2016/4630/82 1816/3849/82 1969/4628/82
f 2134/4399/82 1816/3849/82 2016/4630/82
f 1866/4631/2098 1851/4231/2098 1910/4387/2098
f 1958/4632/85 1997/4481/85 1999/4633/85
f 1960/4634/2098 2001/4635/2098 2003/4636/2098
f 1963/4637/85 2033/4638/85 2148/4639/85
f 1963/4637/85 1961/4640/85 2033/4638/85
f 1963/4637/85 1962/4641/85 1961/4640/85
f 1963/4637/85 2094/4613/85 1962/4641/85
f 1824/3873/863 2001/4642/863 1960/3874/863
f 1998/3943/2101 1885/4297/2101 1888/3941/2101
f 1997/4481/85 1958/4632/85 1960/4482/85
f 1817/3897/863 1824/3873/863 1942/3875/863
f 2016/4643/2163 1969/4644/2306 2033/4645/2305
f 1961/4646/2162 2016/4643/2163 2033/4645/2305
f 1969/4647/2306 1826/4648/2303 2148/4649/2302
f 2033/4650/2305 1969/4647/2306 2148/4649/2302
f 1826/4648/2303 1816/4651/2110 1963/4652/2286
f 2148/4649/2302 1826/4648/2303 1963/4652/2286
f 2115/3843/2098 2112/4653/2098 1932/4654/2098
f 2091/3845/2098 2115/3843/2098 1932/4654/2098
f 1970/3862/2095 2121/3871/2095 2118/4655/2095
f 1983/4656/2095 1970/3862/2095 2118/4655/2095
f 1889/4423/2101 1864/4422/2101 1966/4657/2101
f 1835/4658/2101 1889/4423/2101 1966/4657/2101
f 2134/3858/2116 2016/4643/2163 1961/4646/2162
f 1962/3859/2117 2134/3858/2116 1961/4646/2162
f 1955/4659/82 1819/4157/82 2048/4660/82
f 2106/4661/82 1819/4157/82 1955/4659/82
f 1953/4621/82 1819/4157/82 2106/4661/82
f 1919/4662/85 1915/4623/85 1920/4625/85
f 1910/4663/82 2056/4664/82 1916/4665/82
f 1998/4017/2098 2004/4666/2098 2002/4015/2098
f 1921/4609/85 1843/4667/85 1842/4668/85
f 1921/4609/85 1917/4611/85 1843/4667/85
f 1962/4641/85 2094/4613/85 1909/4612/85
f 2003/4636/2098 2007/4669/2098 1960/4634/2098
f 2039/4670/2136 1865/4009/2164 1902/4011/2136
f 2002/4671/863 1831/3836/863 2006/3835/863
f 1866/4013/82 1910/4663/82 1916/4665/82
f 1866/4013/2167 1916/4665/2167 1918/4014/2165
f 2265/4672/2310 2279/4673/2311 2201/4674/2312
f 2273/4675/2313 2213/4676/2314 2237/4677/2315
f 2178/4678/2316 2193/4679/2317 2195/4680/2318
f 2223/4681/2319 2201/4682/2312 2253/4683/2320
f 2180/4684/2321 2184/4685/2322 2205/4686/2323
f 2207/4687/2324 2200/4688/2325 2197/4689/2326
f 2262/4690/2327 2186/4691/2328 2284/4692/2329
f 2221/4693/2330 2269/4694/2331 2264/4695/2332
f 2192/4696/2333 2182/4697/2334 2235/4698/2335
f 2246/4699/2336 2253/4700/2320 2225/4701/2337
f 2215/4702/2338 2285/4703/2339 2227/4704/2340
f 2260/4705/2341 2210/4706/2342 2273/4675/2313
f 2257/4707/2343 2245/4708/2344 2191/4709/2345
f 2212/4710/2346 2214/4711/2347 2193/4679/2348
f 2193/4679/2348 2182/4697/2349 2212/4710/2346
f 2248/4712/2350 2267/4713/2351 2231/4714/2352
f 2274/4715/2353 2272/4716/2354 2259/4717/2355
f 2242/4718/2356 2190/4719/2357 2187/4720/2358
f 2198/4721/2359 2226/4722/2360 2280/4723/2361
f 2214/4711/2347 2216/4724/2362 2195/4680/2363
f 2195/4680/2363 2193/4679/2348 2214/4711/2347
f 2251/4725/2364 2175/4726/2365 2189/4727/2366
f 2225/4728/2337 2253/4729/2320 2201/4674/2312
f 2209/4730/2367 2213/4676/2314 2210/4706/2342
f 2187/4720/2358 2240/4731/2368 2242/4718/2356
f 2247/4732/2369 2249/4733/2370 2278/4734/2371
f 2229/4735/2372 2195/4680/2318 2211/4736/2373
f 2198/4721/2359 2191/4709/2345 2245/4708/2344
f 2280/4723/2361 2194/4737/2374 2203/4738/2375
f 2285/4703/2339 2282/4739/2376 2176/4740/2377
f 2231/4714/2352 2177/4741/2378 2248/4712/2350
f 2201/4674/2312 2279/4673/2311 2225/4728/2337
f 2246/4699/2336 2273/4742/2313 2253/4700/2320
f 2241/4743/2379 2275/4744/2380 2202/4745/2381
f 2256/4746/2382 2250/4747/2383 2258/4748/2384
f 2224/4749/2385 2256/4746/2382 2215/4702/2338
f 2235/4698/2335 2182/4697/2334 2193/4679/2317
f 2268/4750/2386 2266/4751/2387 2283/4752/2388
f 2222/4753/2389 2250/4747/2383 2256/4746/2382
f 2285/4703/2339 2271/4754/2390 2221/4693/2330
f 2239/4755/2391 2260/4756/2341 2273/4742/2313
f 2199/4757/2392 2204/4758/2393 2255/4759/2394
f 2255/4759/2394 2208/4760/2395 2199/4757/2392
f 2250/4747/2383 2275/4744/2380 2258/4748/2384
f 2278/4761/2371 2249/4762/2370 2219/4763/2396
f 2259/4717/2355 2209/4730/2367 2210/4706/2342
f 2257/4707/2343 2206/4764/2397 2216/4724/2362
f 2272/4716/2354 2274/4715/2353 2242/4718/2398
f 2242/4718/2398 2240/4731/2399 2272/4716/2354
f 2287/4765/2400 2202/4745/2381 2181/4766/2401
f 2228/4767/2402 2203/4768/2375 2260/4756/2341
f 2217/4769/2403 2177/4741/2378 2231/4714/2352
f 2208/4760/2395 2241/4770/2379 2277/4771/2404
f 2252/4772/2405 2202/4745/2381 2275/4744/2380
f 2205/4686/2323 2197/4689/2326 2180/4684/2321
f 2226/4722/2360 2259/4717/2355 2194/4737/2374
f 2238/4773/2406 2185/4774/2407 2183/4775/2408
f 2186/4691/2328 2247/4776/2369 2284/4692/2329
f 2286/4777/2409 2278/4734/2371 2203/4768/2375
f 2272/4716/2354 2270/4778/2410 2209/4730/2367
f 2267/4779/2351 2204/4758/2393 2199/4757/2392
f 2188/4780/2411 2232/4781/2412 2234/4782/2413
f 2198/4721/2359 2280/4723/2361 2219/4763/2396
f 2200/4688/2414 2233/4783/2415 2281/4784/2416
f 2277/4785/2404 2287/4786/2400 2196/4787/2417
f 2281/4784/2416 2197/4689/2418 2200/4688/2414
f 2214/4711/2347 2212/4710/2346 2245/4708/2344
f 2194/4737/2374 2210/4706/2342 2260/4705/2341
f 2281/4784/2416 2180/4684/2419 2197/4689/2418
f 2282/4739/2376 2254/4788/2420 2204/4789/2393
f 2263/4790/2421 2264/4695/2332 2232/4781/2422
f 2232/4781/2422 2230/4791/2423 2263/4790/2421
f 2281/4784/2416 2175/4792/2424 2180/4684/2419
f 2245/4708/2344 2257/4707/2343 2214/4711/2347
f 2281/4784/2416 2189/4793/2425 2175/4792/2424
f 2281/4784/2416 2229/4735/2426 2189/4793/2425
f 2227/4704/2340 2221/4693/2330 2263/4790/2421
f 2281/4784/2416 2178/4678/2427 2229/4735/2426
f 2211/4736/2373 2189/4793/2366 2229/4735/2372
f 2181/4766/2401 2179/4794/2428 2287/4765/2400
f 2281/4784/2416 2235/4698/2429 2178/4678/2427
f 2177/4741/2378 2271/4795/2390 2176/4796/2377
f 2193/4679/2317 2178/4678/2316 2235/4698/2335
f 2281/4784/2416 2192/4696/2430 2235/4698/2429
f 2250/4747/2383 2252/4772/2405 2275/4744/2380
f 2181/4766/2401 2191/4709/2345 2186/4797/2328
f 2175/4726/2365 2251/4725/2364 2184/4798/2322
f 2216/4724/2362 2214/4711/2347 2257/4707/2343
f 2219/4763/2396 2280/4723/2361 2278/4761/2371
f 2218/4799/2431 2220/4800/2432 2251/4801/2433
f 2251/4801/2433 2211/4736/2434 2218/4799/2431
f 2283/4752/2388 2223/4681/2319 2237/4677/2315
f 2268/4750/2386 2270/4778/2410 2238/4773/2435
f 2238/4773/2435 2236/4802/2436 2268/4750/2386
f 2226/4722/2360 2194/4737/2374 2280/4723/2361
f 2218/4799/2431 2206/4764/2397 2252/4772/2405
f 2280/4723/2361 2203/4738/2375 2278/4761/2371
f 2270/4778/2410 2272/4716/2354 2240/4731/2399
f 2240/4731/2399 2238/4773/2435 2270/4778/2410
f 2185/4774/2407 2238/4773/2406 2240/4731/2368
f 2189/4727/2366 2211/4803/2373 2251/4725/2364
f 2281/4784/2416 2190/4719/2437 2192/4696/2430
f 2177/4804/2378 2176/4740/2377 2248/4805/2350
f 2281/4784/2416 2187/4720/2438 2190/4719/2437
f 2271/4754/2390 2223/4681/2319 2269/4694/2331
f 2281/4784/2416 2185/4774/2439 2187/4720/2438
f 2281/4784/2416 2183/4775/2440 2185/4774/2439
f 2261/4806/2441 2283/4752/2388 2237/4677/2315
f 2277/4785/2404 2241/4807/2379 2287/4786/2400
f 2281/4784/2416 2244/4808/2442 2183/4775/2440
f 2244/4808/2443 2234/4782/2413 2236/4802/2444
f 2184/4798/2322 2180/4809/2321 2175/4726/2365
f 2179/4810/2428 2262/4690/2327 2196/4787/2417
f 2176/4740/2377 2282/4739/2376 2248/4805/2350
f 2181/4766/2401 2202/4745/2381 2206/4764/2397
f 2256/4746/2382 2258/4748/2384 2254/4788/2420
f 2257/4707/2343 2191/4709/2345 2181/4766/2401
f 2186/4797/2328 2219/4763/2396 2249/4762/2370
f 2254/4788/2420 2282/4739/2376 2215/4702/2338
f 2220/4800/2432 2222/4753/2389 2184/4685/2445
f 2184/4685/2445 2251/4801/2433 2220/4800/2432
f 2248/4805/2350 2282/4739/2376 2204/4789/2393
f 2200/4688/2325 2230/4791/2446 2233/4783/2447
f 2286/4777/2409 2203/4768/2375 2228/4767/2402
f 2274/4715/2353 2276/4811/2448 2243/4812/2449
f 2243/4812/2449 2242/4718/2398 2274/4715/2353
f 2232/4781/2412 2188/4780/2411 2233/4783/2447
f 2273/4742/2313 2246/4699/2336 2239/4755/2391
f 2182/4697/2349 2276/4811/2448 2212/4710/2346
f 2237/4677/2315 2223/4681/2319 2253/4683/2320
f 2252/4772/2405 2250/4747/2383 2220/4800/2432
f 2190/4719/2357 2242/4718/2356 2243/4812/2450
f 2264/4695/2332 2266/4751/2387 2234/4782/2451
f 2234/4782/2451 2232/4781/2422 2264/4695/2332
f 2243/4812/2450 2192/4696/2333 2190/4719/2357
f 2234/4782/2413 2244/4808/2443 2188/4780/2411
f 2266/4751/2387 2268/4750/2386 2236/4802/2436
f 2236/4802/2436 2234/4782/2451 2266/4751/2387
f 2222/4753/2389 2224/4749/2385 2205/4686/2452
f 2205/4686/2452 2184/4685/2445 2222/4753/2389
f 2254/4813/2420 2255/4759/2394 2204/4758/2393
f 2276/4811/2448 2226/4722/2360 2198/4721/2359
f 2276/4811/2448 2245/4708/2344 2212/4710/2346
f 2224/4749/2385 2227/4704/2340 2207/4687/2453
f 2207/4687/2453 2205/4686/2452 2224/4749/2385
f 2264/4695/2332 2263/4790/2421 2221/4693/2330
f 2240/4731/2368 2187/4720/2358 2185/4774/2407
f 2207/4687/2453 2263/4790/2421 2230/4791/2423
f 2227/4704/2340 2224/4749/2385 2215/4702/2338
f 2176/4740/2377 2271/4754/2390 2285/4703/2339
f 2265/4672/2310 2177/4741/2378 2217/4769/2403
f 2255/4759/2394 2241/4770/2379 2208/4760/2395
f 2206/4764/2397 2202/4745/2381 2252/4772/2405
f 2249/4814/2370 2247/4776/2369 2186/4691/2328
f 2248/4815/2350 2204/4758/2393 2267/4779/2351
f 2285/4703/2339 2221/4693/2330 2227/4704/2340
f 2265/4672/2310 2271/4795/2390 2177/4741/2378
f 2274/4715/2353 2259/4717/2355 2226/4722/2360
f 2196/4787/2417 2287/4786/2400 2179/4810/2428
f 2237/4677/2315 2253/4683/2320 2273/4675/2313
f 2259/4717/2355 2210/4706/2342 2194/4737/2374
f 2272/4716/2354 2209/4730/2367 2259/4717/2355
f 2254/4813/2420 2258/4816/2384 2255/4759/2394
f 2194/4737/2374 2260/4705/2341 2203/4738/2375
f 2195/4680/2318 2229/4735/2372 2178/4678/2316
f 2268/4750/2386 2261/4806/2441 2270/4778/2410
f 2198/4721/2359 2245/4708/2344 2276/4811/2448
f 2179/4810/2428 2186/4691/2328 2262/4690/2327
f 2243/4812/2450 2182/4697/2334 2192/4696/2333
f 2215/4702/2338 2256/4746/2382 2254/4788/2420
f 2216/4724/2362 2206/4764/2397 2218/4799/2431
f 2207/4687/2324 2230/4791/2446 2200/4688/2325
f 2210/4706/2342 2213/4676/2314 2273/4675/2313
f 2243/4812/2449 2276/4811/2448 2182/4697/2349
f 2191/4709/2345 2219/4763/2396 2186/4797/2328
f 2257/4707/2343 2181/4766/2401 2206/4764/2397
f 2227/4704/2340 2263/4790/2421 2207/4687/2453
f 2275/4817/2380 2241/4770/2379 2258/4816/2384
f 2269/4694/2331 2223/4681/2319 2283/4752/2388
f 2217/4769/2403 2279/4673/2311 2265/4672/2310
f 2261/4806/2441 2213/4676/2314 2209/4730/2367
f 2219/4763/2396 2191/4709/2345 2198/4721/2359
f 2215/4702/2338 2282/4739/2376 2285/4703/2339
f 2222/4753/2389 2256/4746/2382 2224/4749/2385
f 2247/4732/2369 2278/4734/2371 2286/4777/2409
f 2236/4802/2444 2183/4775/2408 2244/4808/2443
f 2258/4816/2384 2241/4770/2379 2255/4759/2394
f 2188/4780/2454 2244/4808/2442 2281/4784/2416
f 2202/4745/2381 2287/4765/2400 2241/4743/2379
f 2266/4751/2387 2264/4695/2332 2269/4694/2331
f 2183/4775/2408 2236/4802/2444 2238/4773/2406
f 2266/4751/2387 2269/4694/2331 2283/4752/2388
f 2269/4694/2331 2221/4693/2330 2271/4754/2390
f 2233/4783/2447 2230/4791/2446 2232/4781/2412
f 2222/4753/2389 2220/4800/2432 2250/4747/2383
f 2268/4750/2386 2283/4752/2388 2261/4806/2441
f 2239/4755/2391 2228/4767/2402 2260/4756/2341
f 2179/4794/2428 2181/4766/2401 2186/4797/2328
f 2261/4806/2441 2237/4677/2315 2213/4676/2314
f 2276/4811/2448 2274/4715/2353 2226/4722/2360
f 2220/4800/2432 2218/4799/2431 2252/4772/2405
f 2270/4778/2410 2261/4806/2441 2209/4730/2367
f 2197/4689/2326 2205/4686/2323 2207/4687/2324
f 2211/4736/2434 2195/4680/2363 2216/4724/2362
f 2216/4724/2362 2218/4799/2431 2211/4736/2434
f 2271/4754/2390 2265/4818/2310 2201/4682/2312
f 2233/4783/2415 2188/4780/2454 2281/4784/2416
f 2223/4681/2319 2271/4754/2390 2201/4682/2312
f 2289/4819/2455 2292/4820/2456 2321/4821/2457
f 2290/4822/2458 2418/4823/2459 2288/4824/470
f 2291/4825/2460 2294/4826/2461 2292/4820/2456
f 2418/4823/2459 2419/4827/2462 2288/4824/470
f 2293/4828/2463 2296/4829/2464 2294/4830/2461
f 2419/4827/2462 2420/4831/2465 2288/4824/470
f 2295/4832/2466 2298/4833/2467 2296/4829/2464
f 2420/4831/2465 2421/4834/2468 2288/4824/470
f 2297/4835/2469 2300/4836/2470 2298/4833/2467
f 2421/4837/2468 2422/4838/2471 2288/4839/470
f 2299/4840/2472 2302/4841/2473 2300/4836/2470
f 2422/4838/2471 2423/4842/2474 2288/4839/470
f 2301/4843/2475 2304/4844/2476 2302/4845/2473
f 2423/4842/2474 2424/4846/2477 2288/4839/470
f 2303/4847/2478 2306/4848/2479 2304/4844/2476
f 2424/4846/2477 2425/4849/2480 2288/4839/470
f 2305/4850/2481 2308/4851/2482 2306/4848/2479
f 2425/4849/2480 2426/4852/2483 2288/4839/470
f 2307/4853/2484 2310/4854/2485 2308/4851/2482
f 2426/4852/2483 2427/4855/2486 2288/4839/470
f 2309/4856/2487 2312/4857/2488 2310/4858/2485
f 2427/4855/2486 2428/4859/2489 2288/4839/470
f 2311/4860/2490 2314/4861/2491 2312/4857/2488
f 2428/4859/2489 2429/4862/2492 2288/4839/470
f 2313/4863/2493 2316/4864/2494 2314/4861/2491
f 2429/4865/2492 2430/4866/2495 2288/4824/470
f 2315/4867/2496 2318/4868/2497 2316/4864/2494
f 2430/4866/2495 2431/4869/2498 2288/4824/470
f 2317/4870/2499 2320/4871/2500 2318/4872/2497
f 2431/4869/2498 2432/4873/2501 2288/4824/470
f 2319/4874/2502 2321/4821/2457 2320/4871/2500
f 2432/4873/2501 2290/4822/2458 2288/4824/470
f 2321/4875/470 2322/4876/470 2337/4877/470
f 2292/4878/470 2323/4879/470 2322/4876/470
f 2294/4880/470 2324/4881/470 2323/4879/470
f 2296/4882/470 2325/4883/470 2324/4881/470
f 2298/4884/470 2326/4885/470 2325/4883/470
f 2300/4886/470 2327/4887/470 2326/4885/470
f 2302/4845/470 2328/4888/470 2327/4887/470
f 2304/4844/470 2329/4889/470 2328/4888/470
f 2306/4848/470 2330/4890/470 2329/4889/470
f 2308/4851/470 2331/4891/470 2330/4890/470
f 2310/4854/470 2332/4892/470 2331/4891/470
f 2312/4893/470 2333/4894/470 2332/4892/470
f 2314/4895/470 2334/4896/470 2333/4894/470
f 2316/4897/470 2335/4898/470 2334/4896/470
f 2318/4899/470 2336/4900/470 2335/4898/470
f 2320/4901/470 2337/4877/470 2336/4900/470
f 2337/4902/2503 2338/4903/2504 2353/4904/2505
f 2322/4905/2460 2339/4906/2506 2338/4903/2504
f 2323/4907/2463 2340/4908/2507 2339/4909/2506
f 2324/4910/2466 2341/4911/2508 2340/4908/2507
f 2325/4912/2509 2342/4913/2510 2341/4911/2508
f 2326/4914/2472 2343/4915/2511 2342/4913/2510
f 2327/4887/2475 2344/4916/2512 2343/4917/2511
f 2328/4888/2478 2345/4918/2513 2344/4916/2512
f 2329/4889/2481 2346/4919/2514 2345/4918/2513
f 2330/4890/2484 2347/4920/2515 2346/4919/2514
f 2331/4921/2487 2348/4922/2516 2347/4923/2515
f 2332/4924/2490 2349/4925/2517 2348/4922/2516
f 2333/4926/2518 2350/4927/2519 2349/4925/2517
f 2334/4928/2496 2351/4929/2520 2350/4927/2519
f 2335/4930/2499 2352/4931/2521 2351/4932/2520
f 2336/4933/2502 2353/4904/2505 2352/4931/2521
f 2353/4904/2505 2354/4934/2522 2369/4935/2523
f 2338/4903/2504 2355/4936/2524 2354/4934/2522
f 2339/4937/2506 2356/4938/2525 2355/4939/2524
f 2340/4940/2507 2357/4941/2526 2356/4938/2525
f 2341/4942/2508 2358/4943/2527 2357/4941/2526
f 2342/4944/2510 2359/4945/2528 2358/4943/2527
f 2343/4946/2511 2360/4947/2529 2359/4945/2528
f 2344/4948/2512 2361/4949/2530 2360/4947/2529
f 2345/4950/2513 2362/4951/2531 2361/4949/2530
f 2346/4952/2514 2363/4953/2532 2362/4951/2531
f 2347/4954/2515 2364/4955/2533 2363/4953/2532
f 2348/4956/2516 2365/4957/2534 2364/4955/2533
f 2349/4958/2517 2366/4959/2535 2365/4957/2534
f 2350/4960/2519 2367/4961/2536 2366/4959/2535
f 2351/4932/2520 2368/4962/2537 2367/4963/2536
f 2352/4931/2521 2369/4935/2523 2368/4962/2537
f 2369/4935/2523 2370/4964/2538 2385/4965/2539
f 2354/4934/2522 2371/4966/2540 2370/4964/2538
f 2355/4967/2524 2372/4968/2541 2371/4969/2540
f 2356/4970/2525 2373/4971/2542 2372/4968/2541
f 2357/4972/2526 2374/4973/2543 2373/4971/2542
f 2358/4974/2527 2375/4975/2544 2374/4973/2543
f 2359/4976/2528 2376/4977/2545 2375/4975/2544
f 2360/4947/2529 2377/4978/2546 2376/4979/2545
f 2361/4949/2530 2378/4980/2547 2377/4978/2546
f 2362/4981/2531 2379/4982/2548 2378/4983/2547
f 2363/4984/2532 2380/4985/2549 2379/4982/2548
f 2364/4986/2533 2381/4987/2550 2380/4985/2549
f 2365/4988/2534 2382/4989/2551 2381/4987/2550
f 2366/4990/2535 2383/4991/2552 2382/4989/2551
f 2367/4963/2536 2384/4992/2553 2383/4993/2552
f 2368/4962/2537 2385/4965/2539 2384/4992/2553
f 2385/4965/2539 2386/4994/2554 2401/4995/2555
f 2370/4964/2538 2387/4996/2556 2386/4994/2554
f 2371/4969/2540 2388/4997/2557 2387/4998/2556
f 2372/4968/2541 2389/4999/2558 2388/4997/2557
f 2373/4971/2542 2390/5000/2559 2389/4999/2558
f 2374/4973/2543 2391/5001/2560 2390/5000/2559
f 2375/5002/2544 2392/5003/2561 2391/5004/2560
f 2376/5005/2545 2393/5006/2562 2392/5003/2561
f 2377/5007/2546 2394/5008/2563 2393/5006/2562
f 2378/5009/2547 2395/5010/2564 2394/5008/2563
f 2379/4982/2548 2396/5011/2565 2395/5012/2564
f 2380/4985/2549 2397/5013/2566 2396/5011/2565
f 2381/4987/2550 2398/5014/2567 2397/5013/2566
f 2382/4989/2551 2399/5015/2568 2398/5014/2567
f 2383/4993/2552 2400/5016/2569 2399/5017/2568
f 2384/4992/2553 2401/4995/2555 2400/5016/2569
f 2401/5018/2570 2402/5019/2571 2417/5020/2572
f 2386/5021/2573 2403/5022/2574 2402/5019/2571
f 2387/5023/2575 2404/5024/2576 2403/5025/2574
f 2388/5026/2577 2405/5027/2578 2404/5024/2576
f 2389/5028/2579 2406/5029/2580 2405/5027/2578
f 2390/5030/2581 2407/5031/2582 2406/5029/2580
f 2391/5032/2583 2408/5033/2584 2407/5034/2582
f 2392/5035/2585 2409/5036/2586 2408/5037/2584
f 2393/5038/2587 2410/5039/2588 2409/5036/2586
f 2394/5040/2589 2411/5041/2590 2410/5039/2588
f 2395/5042/2591 2412/5043/2592 2411/5044/2590
f 2396/5045/2593 2413/5046/2594 2412/5043/2592
f 2397/5047/2595 2414/5048/2596 2413/5046/2594
f 2398/5049/2597 2415/5050/2598 2414/5048/2596
f 2399/5051/2599 2416/5052/2600 2415/5053/2598
f 2400/5054/2601 2417/5020/2572 2416/5052/2600
f 2417/5020/2572 2418/4823/2459 2290/4822/2458
f 2402/5019/2571 2419/4827/2462 2418/4823/2459
f 2403/5025/2574 2420/5055/2465 2419/5056/2462
f 2404/5024/2576 2421/5057/2468 2420/5055/2465
f 2405/5027/2578 2422/5058/2471 2421/5057/2468
f 2406/5029/2580 2423/5059/2474 2422/5058/2471
f 2407/5034/2582 2424/4846/2477 2423/4842/2474
f 2408/5033/2584 2425/4849/2480 2424/4846/2477
f 2409/5060/2586 2426/4852/2483 2425/4849/2480
f 2410/5061/2588 2427/4855/2486 2426/4852/2483
f 2411/5044/2590 2428/5062/2489 2427/5063/2486
f 2412/5043/2592 2429/5064/2492 2428/5062/2489
f 2413/5046/2594 2430/5065/2495 2429/5064/2492
f 2414/5048/2596 2431/5066/2498 2430/5065/2495
f 2415/5053/2598 2432/4873/2501 2431/4869/2498
f 2416/5052/2600 2290/4822/2458 2432/4873/2501
f 2291/4825/2460 2292/4820/2456 2289/4819/2455
f 2293/5067/2463 2294/4826/2461 2291/4825/2460
f 2295/4832/2466 2296/4829/2464 2293/4828/2463
f 2297/4835/2469 2298/4833/2467 2295/4832/2466
f 2299/4840/2472 2300/4836/2470 2297/4835/2469
f 2301/5068/2475 2302/4841/2473 2299/4840/2472
f 2303/4847/2478 2304/4844/2476 2301/4843/2475
f 2305/4850/2481 2306/4848/2479 2303/4847/2478
f 2307/4853/2484 2308/4851/2482 2305/4850/2481
f 2309/5069/2487 2310/4854/2485 2307/4853/2484
f 2311/4860/2490 2312/4857/2488 2309/4856/2487
f 2313/4863/2493 2314/4861/2491 2311/4860/2490
f 2315/4867/2496 2316/4864/2494 2313/4863/2493
f 2317/5070/2499 2318/4868/2497 2315/4867/2496
f 2319/4874/2502 2320/4871/2500 2317/4870/2499
f 2289/4819/2455 2321/4821/2457 2319/4874/2502
f 2292/4878/470 2322/4876/470 2321/4875/470
f 2294/4880/470 2323/4879/470 2292/4878/470
f 2296/4882/470 2324/4881/470 2294/4880/470
f 2298/4884/470 2325/4883/470 2296/4882/470
f 2300/4886/470 2326/4885/470 2298/4884/470
f 2302/4845/470 2327/4887/470 2300/4886/470
f 2304/4844/470 2328/4888/470 2302/4845/470
f 2306/4848/470 2329/4889/470 2304/4844/470
f 2308/4851/470 2330/4890/470 2306/4848/470
f 2310/4854/470 2331/4891/470 2308/4851/470
f 2312/4893/470 2332/4892/470 2310/4854/470
f 2314/4895/470 2333/4894/470 2312/4893/470
f 2316/4897/470 2334/4896/470 2314/4895/470
f 2318/4899/470 2335/4898/470 2316/4897/470
f 2320/4901/470 2336/4900/470 2318/4899/470
f 2321/4875/470 2337/4877/470 2320/4901/470
f 2322/4905/2460 2338/4903/2504 2337/4902/2503
f 2323/5071/2463 2339/4906/2506 2322/4905/2460
f 2324/4910/2466 2340/4908/2507 2323/4907/2463
f 2325/4912/2509 2341/4911/2508 2324/4910/2466
f 2326/4914/2472 2342/4913/2510 2325/4912/2509
f 2327/5072/2475 2343/4915/2511 2326/4914/2472
f 2328/4888/2478 2344/4916/2512 2327/4887/2475
f 2329/4889/2481 2345/4918/2513 2328/4888/2478
f 2330/4890/2484 2346/4919/2514 2329/4889/2481
f 2331/4891/2487 2347/4920/2515 2330/4890/2484
f 2332/4924/2490 2348/4922/2516 2331/4921/2487
f 2333/4926/2518 2349/4925/2517 2332/4924/2490
f 2334/4928/2496 2350/4927/2519 2333/4926/2518
f 2335/5073/2499 2351/4929/2520 2334/4928/2496
f 2336/4933/2502 2352/4931/2521 2335/4930/2499
f 2337/4902/2503 2353/4904/2505 2336/4933/2502
f 2338/4903/2504 2354/4934/2522 2353/4904/2505
f 2339/4906/2506 2355/4936/2524 2338/4903/2504
f 2340/4940/2507 2356/4938/2525 2339/4937/2506
f 2341/4942/2508 2357/4941/2526 2340/4940/2507
f 2342/4944/2510 2358/4943/2527 2341/4942/2508
f 2343/4946/2511 2359/4945/2528 2342/4944/2510
f 2344/4948/2512 2360/4947/2529 2343/4946/2511
f 2345/4950/2513 2361/4949/2530 2344/4948/2512
f 2346/4952/2514 2362/4951/2531 2345/4950/2513
f 2347/4954/2515 2363/4953/2532 2346/4952/2514
f 2348/4956/2516 2364/4955/2533 2347/4954/2515
f 2349/4958/2517 2365/4957/2534 2348/4956/2516
f 2350/4960/2519 2366/4959/2535 2349/4958/2517
f 2351/5074/2520 2367/4961/2536 2350/4960/2519
f 2352/4931/2521 2368/4962/2537 2351/4932/2520
f 2353/4904/2505 2369/4935/2523 2352/4931/2521
f 2354/4934/2522 2370/4964/2538 2369/4935/2523
f 2355/4936/2524 2371/4966/2540 2354/4934/2522
f 2356/4970/2525 2372/4968/2541 2355/4967/2524
f 2357/4972/2526 2373/4971/2542 2356/4970/2525
f 2358/4974/2527 2374/4973/2543 2357/4972/2526
f 2359/4976/2528 2375/4975/2544 2358/4974/2527
f 2360/5075/2529 2376/4977/2545 2359/4976/2528
f 2361/4949/2530 2377/4978/2546 2360/4947/2529
f 2362/4951/2531 2378/4980/2547 2361/4949/2530
f 2363/4984/2532 2379/4982/2548 2362/4981/2531
f 2364/4986/2533 2380/4985/2549 2363/4984/2532
f 2365/4988/2534 2381/4987/2550 2364/4986/2533
f 2366/4990/2535 2382/4989/2551 2365/4988/2534
f 2367/5076/2536 2383/4991/2552 2366/4990/2535
f 2368/4962/2537 2384/4992/2553 2367/4963/2536
f 2369/4935/2523 2385/4965/2539 2368/4962/2537
f 2370/4964/2538 2386/4994/2554 2385/4965/2539
f 2371/4966/2540 2387/4996/2556 2370/4964/2538
f 2372/4968/2541 2388/4997/2557 2371/4969/2540
f 2373/4971/2542 2389/4999/2558 2372/4968/2541
f 2374/4973/2543 2390/5000/2559 2373/4971/2542
f 2375/4975/2544 2391/5001/2560 2374/4973/2543
f 2376/5005/2545 2392/5003/2561 2375/5002/2544
f 2377/5007/2546 2393/5006/2562 2376/5005/2545
f 2378/5009/2547 2394/5008/2563 2377/5007/2546
f 2379/5077/2548 2395/5010/2564 2378/5009/2547
f 2380/4985/2549 2396/5011/2565 2379/4982/2548
f 2381/4987/2550 2397/5013/2566 2380/4985/2549
f 2382/4989/2551 2398/5014/2567 2381/4987/2550
f 2383/4991/2552 2399/5015/2568 2382/4989/2551
f 2384/4992/2553 2400/5016/2569 2383/4993/2552
f 2385/4965/2539 2401/4995/2555 2384/4992/2553
f 2386/5021/2573 2402/5019/2571 2401/5018/2570
f 2387/5078/2575 2403/5022/2574 2386/5021/2573
f 2388/5026/2577 2404/5024/2576 2387/5023/2575
f 2389/5028/2579 2405/5027/2578 2388/5026/2577
f 2390/5030/2581 2406/5029/2580 2389/5028/2579
f 2391/5079/2583 2407/5031/2582 2390/5030/2581
f 2392/5080/2585 2408/5033/2584 2391/5032/2583
f 2393/5038/2587 2409/5036/2586 2392/5035/2585
f 2394/5040/2589 2410/5039/2588 2393/5038/2587
f 2395/5081/2591 2411/5041/2590 2394/5040/2589
f 2396/5045/2593 2412/5043/2592 2395/5042/2591
f 2397/5047/2595 2413/5046/2594 2396/5045/2593
f 2398/5049/2597 2414/5048/2596 2397/5047/2595
f 2399/5082/2599 2415/5050/2598 2398/5049/2597
f 2400/5054/2601 2416/5052/2600 2399/5051/2599
f 2401/5018/2570 2417/5020/2572 2400/5054/2601
f 2402/5019/2571 2418/4823/2459 2417/5020/2572
f 2403/5022/2574 2419/4827/2462 2402/5019/2571
f 2404/5024/2576 2420/5055/2465 2403/5025/2574
f 2405/5027/2578 2421/5057/2468 2404/5024/2576
f 2406/5029/2580 2422/5058/2471 2405/5027/2578
f 2407/5031/2582 2423/5059/2474 2406/5029/2580
f 2408/5033/2584 2424/4846/2477 2407/5034/2582
f 2409/5060/2586 2425/4849/2480 2408/5033/2584
f 2410/5061/2588 2426/4852/2483 2409/5060/2586
f 2411/5083/2590 2427/4855/2486 2410/5061/2588
f 2412/5043/2592 2428/5062/2489 2411/5044/2590
f 2413/5046/2594 2429/5064/2492 2412/5043/2592
f 2414/5048/2596 2430/5065/2495 2413/5046/2594
f 2415/5050/2598 2431/5066/2498 2414/5048/2596
f 2416/5052/2600 2432/4873/2501 2415/5053/2598
f 2417/5020/2572 2290/4822/2458 2416/5052/2600
f 2434/5084/2503 2437/5085/2456 2466/5086/2602
f 2435/5087/2458 2563/5088/2459 2433/5089/470
f 2436/5090/2460 2439/5091/2461 2437/5085/2456
f 2563/5088/2459 2564/5092/2462 2433/5089/470
f 2438/5093/2463 2441/5094/2464 2439/5095/2461
f 2564/5092/2462 2565/5096/2465 2433/5089/470
f 2440/5097/2466 2443/5098/2603 2441/5094/2464
f 2565/5096/2465 2566/5099/2468 2433/5089/470
f 2442/5100/2469 2445/5101/2470 2443/5098/2603
f 2566/5102/2468 2567/5103/2471 2433/5104/470
f 2444/5105/2472 2447/5106/2473 2445/5101/2470
f 2567/5103/2471 2568/5107/2474 2433/5104/470
f 2446/5108/2475 2449/5109/2476 2447/5110/2473
f 2568/5107/2474 2569/5111/2477 2433/5104/470
f 2448/5112/2478 2451/5113/2604 2449/5109/2476
f 2569/5111/2477 2570/5114/2480 2433/5104/470
f 2450/5115/2605 2453/5116/2482 2451/5113/2604
f 2570/5114/2480 2571/5117/2483 2433/5104/470
f 2452/5118/2484 2455/5119/2485 2453/5116/2482
f 2571/5117/2483 2572/5120/2486 2433/5104/470
f 2454/5121/2487 2457/5122/2488 2455/5123/2485
f 2572/5120/2486 2573/5124/2489 2433/5104/470
f 2456/5125/2490 2459/5126/2491 2457/5122/2488
f 2573/5124/2489 2574/5127/2492 2433/5104/470
f 2458/5128/2493 2461/5129/2494 2459/5126/2491
f 2574/5130/2492 2575/5131/2495 2433/5089/470
f 2460/5132/2496 2463/5133/2497 2461/5129/2494
f 2575/5131/2495 2576/5134/2498 2433/5089/470
f 2462/5135/2499 2465/5136/2500 2463/5137/2497
f 2576/5134/2498 2577/5138/2501 2433/5089/470
f 2464/5139/2502 2466/5086/2602 2465/5136/2500
f 2577/5138/2501 2435/5087/2458 2433/5089/470
f 2466/5140/470 2467/5141/470 2482/5142/470
f 2437/5143/470 2468/5144/470 2467/5141/470
f 2439/5145/470 2469/5146/470 2468/5144/470
f 2441/5147/470 2470/5148/470 2469/5146/470
f 2443/5149/470 2471/5150/470 2470/5148/470
f 2445/5151/470 2472/5152/470 2471/5150/470
f 2447/5110/470 2473/5153/470 2472/5152/470
f 2449/5109/470 2474/5154/470 2473/5153/470
f 2451/5113/470 2475/5155/470 2474/5154/470
f 2453/5116/470 2476/5156/470 2475/5155/470
f 2455/5119/470 2477/5157/470 2476/5156/470
f 2457/5158/470 2478/5159/470 2477/5157/470
f 2459/5160/470 2479/5161/470 2478/5159/470
f 2461/5162/470 2480/5163/470 2479/5161/470
f 2463/5164/470 2481/5165/470 2480/5163/470
f 2465/5166/470 2482/5142/470 2481/5165/470
f 2482/5167/2503 2483/5168/2504 2498/5169/2505
f 2467/5170/2460 2484/5171/2506 2483/5168/2504
f 2468/5172/2463 2485/5173/2507 2484/5174/2506
f 2469/5175/2466 2486/5176/2508 2485/5173/2507
f 2470/5177/2509 2487/5178/2510 2486/5176/2508
f 2471/5179/2472 2488/5180/2511 2487/5178/2510
f 2472/5152/2475 2489/5181/2512 2488/5182/2511
f 2473/5153/2478 2490/5183/2513 2489/5181/2512
f 2474/5154/2481 2491/5184/2514 2490/5183/2513
f 2475/5155/2484 2492/5185/2515 2491/5184/2514
f 2476/5186/2487 2493/5187/2516 2492/5188/2515
f 2477/5189/2490 2494/5190/2517 2493/5187/2516
f 2478/5191/2518 2495/5192/2519 2494/5190/2517
f 2479/5193/2496 2496/5194/2520 2495/5192/2519
f 2480/5195/2499 2497/5196/2521 2496/5197/2520
f 2481/5198/2502 2498/5169/2505 2497/5196/2521
f 2498/5169/2505 2499/5199/2522 2514/5200/2523
f 2483/5168/2504 2500/5201/2524 2499/5199/2522
f 2484/5202/2506 2501/5203/2525 2500/5204/2524
f 2485/5205/2507 2502/5206/2526 2501/5203/2525
f 2486/5207/2508 2503/5208/2527 2502/5206/2526
f 2487/5209/2510 2504/5210/2528 2503/5208/2527
f 2488/5211/2511 2505/5212/2529 2504/5210/2528
f 2489/5213/2512 2506/5214/2530 2505/5212/2529
f 2490/5215/2513 2507/5216/2531 2506/5214/2530
f 2491/5217/2514 2508/5218/2532 2507/5216/2531
f 2492/5219/2515 2509/5220/2533 2508/5218/2532
f 2493/5221/2516 2510/5222/2534 2509/5220/2533
f 2494/5223/2517 2511/5224/2535 2510/5222/2534
f 2495/5225/2519 2512/5226/2536 2511/5224/2535
f 2496/5197/2520 2513/5227/2537 2512/5228/2536
f 2497/5196/2521 2514/5200/2523 2513/5227/2537
f 2514/5200/2523 2515/5229/2538 2530/5230/2539
f 2499/5199/2522 2516/5231/2540 2515/5229/2538
f 2500/5232/2524 2517/5233/2541 2516/5234/2540
f 2501/5235/2525 2518/5236/2542 2517/5233/2541
f 2502/5237/2526 2519/5238/2543 2518/5236/2542
f 2503/5239/2527 2520/5240/2544 2519/5238/2543
f 2504/5241/2528 2521/5242/2545 2520/5240/2544
f 2505/5212/2529 2522/5243/2546 2521/5244/2545
f 2506/5214/2530 2523/5245/2547 2522/5243/2546
f 2507/5246/2531 2524/5247/2548 2523/5248/2547
f 2508/5249/2532 2525/5250/2549 2524/5247/2548
f 2509/5251/2533 2526/5252/2550 2525/5250/2549
f 2510/5253/2534 2527/5254/2551 2526/5252/2550
f 2511/5255/2535 2528/5256/2552 2527/5254/2551
f 2512/5228/2536 2529/5257/2553 2528/5258/2552
f 2513/5227/2537 2530/5230/2539 2529/5257/2553
f 2530/5230/2539 2531/5259/2554 2546/5260/2555
f 2515/5229/2538 2532/5261/2556 2531/5259/2554
f 2516/5234/2540 2533/5262/2557 2532/5263/2556
f 2517/5233/2541 2534/5264/2558 2533/5262/2557
f 2518/5236/2542 2535/5265/2559 2534/5264/2558
f 2519/5238/2543 2536/5266/2560 2535/5265/2559
f 2520/5267/2544 2537/5268/2561 2536/5269/2560
f 2521/5270/2545 2538/5271/2562 2537/5268/2561
f 2522/5272/2546 2539/5273/2563 2538/5271/2562
f 2523/5274/2547 2540/5275/2564 2539/5273/2563
f 2524/5247/2548 2541/5276/2565 2540/5277/2564
f 2525/5250/2549 2542/5278/2566 2541/5276/2565
f 2526/5252/2550 2543/5279/2567 2542/5278/2566
f 2527/5254/2551 2544/5280/2568 2543/5279/2567
f 2528/5258/2552 2545/5281/2569 2544/5282/2568
f 2529/5257/2553 2546/5260/2555 2545/5281/2569
f 2546/5283/2570 2547/5284/2571 2562/5285/2572
f 2531/5286/2573 2548/5287/2574 2547/5284/2571
f 2532/5288/2575 2549/5289/2576 2548/5290/2574
f 2533/5291/2577 2550/5292/2578 2549/5289/2576
f 2534/5293/2579 2551/5294/2580 2550/5292/2578
f 2535/5295/2581 2552/5296/2582 2551/5294/2580
f 2536/5297/2583 2553/5298/2584 2552/5299/2582
f 2537/5300/2585 2554/5301/2586 2553/5302/2584
f 2538/5303/2587 2555/5304/2588 2554/5301/2586
f 2539/5305/2589 2556/5306/2590 2555/5304/2588
f 2540/5307/2591 2557/5308/2592 2556/5309/2590
f 2541/5310/2593 2558/5311/2594 2557/5308/2592
f 2542/5312/2595 2559/5313/2596 2558/5311/2594
f 2543/5314/2597 2560/5315/2598 2559/5313/2596
f 2544/5316/2599 2561/5317/2600 2560/5318/2598
f 2545/5319/2601 2562/5285/2572 2561/5317/2600
f 2562/5285/2572 2563/5088/2459 2435/5087/2458
f 2547/5284/2571 2564/5092/2462 2563/5088/2459
f 2548/5290/2574 2565/5320/2465 2564/5321/2462
f 2549/5289/2576 2566/5322/2468 2565/5320/2465
f 2550/5292/2578 2567/5323/2471 2566/5322/2468
f 2551/5294/2580 2568/5324/2474 2567/5323/2471
f 2552/5299/2582 2569/5111/2477 2568/5107/2474
f 2553/5298/2584 2570/5114/2480 2569/5111/2477
f 2554/5325/2586 2571/5117/2483 2570/5114/2480
f 2555/5326/2588 2572/5120/2486 2571/5117/2483
f 2556/5309/2590 2573/5327/2489 2572/5328/2486
f 2557/5308/2592 2574/5329/2492 2573/5327/2489
f 2558/5311/2594 2575/5330/2495 2574/5329/2492
f 2559/5313/2596 2576/5331/2498 2575/5330/2495
f 2560/5318/2598 2577/5138/2501 2576/5134/2498
f 2561/5317/2600 2435/5087/2458 2577/5138/2501
f 2436/5090/2460 2437/5085/2456 2434/5084/2503
f 2438/5332/2463 2439/5091/2461 2436/5090/2460
f 2440/5097/2466 2441/5094/2464 2438/5093/2463
f 2442/5100/2469 2443/5098/2603 2440/5097/2466
f 2444/5105/2472 2445/5101/2470 2442/5100/2469
f 2446/5333/2475 2447/5106/2473 2444/5105/2472
f 2448/5112/2478 2449/5109/2476 2446/5108/2475
f 2450/5115/2605 2451/5113/2604 2448/5112/2478
f 2452/5118/2484 2453/5116/2482 2450/5115/2605
f 2454/5334/2487 2455/5119/2485 2452/5118/2484
f 2456/5125/2490 2457/5122/2488 2454/5121/2487
f 2458/5128/2493 2459/5126/2491 2456/5125/2490
f 2460/5132/2496 2461/5129/2494 2458/5128/2493
f 2462/5335/2499 2463/5133/2497 2460/5132/2496
f 2464/5139/2502 2465/5136/2500 2462/5135/2499
f 2434/5084/2503 2466/5086/2602 2464/5139/2502
f 2437/5143/470 2467/5141/470 2466/5140/470
f 2439/5145/470 2468/5144/470 2437/5143/470
f 2441/5147/470 2469/5146/470 2439/5145/470
f 2443/5149/470 2470/5148/470 2441/5147/470
f 2445/5151/470 2471/5150/470 2443/5149/470
f 2447/5110/470 2472/5152/470 2445/5151/470
f 2449/5109/470 2473/5153/470 2447/5110/470
f 2451/5113/470 2474/5154/470 2449/5109/470
f 2453/5116/470 2475/5155/470 2451/5113/470
f 2455/5119/470 2476/5156/470 2453/5116/470
f 2457/5158/470 2477/5157/470 2455/5119/470
f 2459/5160/470 2478/5159/470 2457/5158/470
f 2461/5162/470 2479/5161/470 2459/5160/470
f 2463/5164/470 2480/5163/470 2461/5162/470
f 2465/5166/470 2481/5165/470 2463/5164/470
f 2466/5140/470 2482/5142/470 2465/5166/470
f 2467/5170/2460 2483/5168/2504 2482/5167/2503
f 2468/5336/2463 2484/5171/2506 2467/5170/2460
f 2469/5175/2466 2485/5173/2507 2468/5172/2463
f 2470/5177/2509 2486/5176/2508 2469/5175/2466
f 2471/5179/2472 2487/5178/2510 2470/5177/2509
f 2472/5337/2475 2488/5180/2511 2471/5179/2472
f 2473/5153/2478 2489/5181/2512 2472/5152/2475
f 2474/5154/2481 2490/5183/2513 2473/5153/2478
f 2475/5155/2484 2491/5184/2514 2474/5154/2481
f 2476/5156/2487 2492/5185/2515 2475/5155/2484
f 2477/5189/2490 2493/5187/2516 2476/5186/2487
f 2478/5191/2518 2494/5190/2517 2477/5189/2490
f 2479/5193/2496 2495/5192/2519 2478/5191/2518
f 2480/5338/2499 2496/5194/2520 2479/5193/2496
f 2481/5198/2502 2497/5196/2521 2480/5195/2499
f 2482/5167/2503 2498/5169/2505 2481/5198/2502
f 2483/5168/2504 2499/5199/2522 2498/5169/2505
f 2484/5171/2506 2500/5201/2524 2483/5168/2504
f 2485/5205/2507 2501/5203/2525 2484/5202/2506
f 2486/5207/2508 2502/5206/2526 2485/5205/2507
f 2487/5209/2510 2503/5208/2527 2486/5207/2508
f 2488/5211/2511 2504/5210/2528 2487/5209/2510
f 2489/5213/2512 2505/5212/2529 2488/5211/2511
f 2490/5215/2513 2506/5214/2530 2489/5213/2512
f 2491/5217/2514 2507/5216/2531 2490/5215/2513
f 2492/5219/2515 2508/5218/2532 2491/5217/2514
f 2493/5221/2516 2509/5220/2533 2492/5219/2515
f 2494/5223/2517 2510/5222/2534 2493/5221/2516
f 2495/5225/2519 2511/5224/2535 2494/5223/2517
f 2496/5339/2520 2512/5226/2536 2495/5225/2519
f 2497/5196/2521 2513/5227/2537 2496/5197/2520
f 2498/5169/2505 2514/5200/2523 2497/5196/2521
f 2499/5199/2522 2515/5229/2538 2514/5200/2523
f 2500/5201/2524 2516/5231/2540 2499/5199/2522
f 2501/5235/2525 2517/5233/2541 2500/5232/2524
f 2502/5237/2526 2518/5236/2542 2501/5235/2525
f 2503/5239/2527 2519/5238/2543 2502/5237/2526
f 2504/5241/2528 2520/5240/2544 2503/5239/2527
f 2505/5340/2529 2521/5242/2545 2504/5241/2528
f 2506/5214/2530 2522/5243/2546 2505/5212/2529
f 2507/5216/2531 2523/5245/2547 2506/5214/2530
f 2508/5249/2532 2524/5247/2548 2507/5246/2531
f 2509/5251/2533 2525/5250/2549 2508/5249/2532
f 2510/5253/2534 2526/5252/2550 2509/5251/2533
f 2511/5255/2535 2527/5254/2551 2510/5253/2534
f 2512/5341/2536 2528/5256/2552 2511/5255/2535
f 2513/5227/2537 2529/5257/2553 2512/5228/2536
f 2514/5200/2523 2530/5230/2539 2513/5227/2537
f 2515/5229/2538 2531/5259/2554 2530/5230/2539
f 2516/5231/2540 2532/5261/2556 2515/5229/2538
f 2517/5233/2541 2533/5262/2557 2516/5234/2540
f 2518/5236/2542 2534/5264/2558 2517/5233/2541
f 2519/5238/2543 2535/5265/2559 2518/5236/2542
f 2520/5240/2544 2536/5266/2560 2519/5238/2543
f 2521/5270/2545 2537/5268/2561 2520/5267/2544
f 2522/5272/2546 2538/5271/2562 2521/5270/2545
f 2523/5274/2547 2539/5273/2563 2522/5272/2546
f 2524/5342/2548 2540/5275/2564 2523/5274/2547
f 2525/5250/2549 2541/5276/2565 2524/5247/2548
f 2526/5252/2550 2542/5278/2566 2525/5250/2549
f 2527/5254/2551 2543/5279/2567 2526/5252/2550
f 2528/5256/2552 2544/5280/2568 2527/5254/2551
f 2529/5257/2553 2545/5281/2569 2528/5258/2552
f 2530/5230/2539 2546/5260/2555 2529/5257/2553
f 2531/5286/2573 2547/5284/2571 2546/5283/2570
f 2532/5343/2575 2548/5287/2574 2531/5286/2573
f 2533/5291/2577 2549/5289/2576 2532/5288/2575
f 2534/5293/2579 2550/5292/2578 2533/5291/2577
f 2535/5295/2581 2551/5294/2580 2534/5293/2579
f 2536/5344/2583 2552/5296/2582 2535/5295/2581
f 2537/5345/2585 2553/5298/2584 2536/5297/2583
f 2538/5303/2587 2554/5301/2586 2537/5300/2585
f 2539/5305/2589 2555/5304/2588 2538/5303/2587
f 2540/5346/2591 2556/5306/2590 2539/5305/2589
f 2541/5310/2593 2557/5308/2592 2540/5307/2591
f 2542/5312/2595 2558/5311/2594 2541/5310/2593
f 2543/5314/2597 2559/5313/2596 2542/5312/2595
f 2544/5347/2599 2560/5315/2598 2543/5314/2597
f 2545/5319/2601 2561/5317/2600 2544/5316/2599
f 2546/5283/2570 2562/5285/2572 2545/5319/2601
f 2547/5284/2571 2563/5088/2459 2562/5285/2572
f 2548/5287/2574 2564/5092/2462 2547/5284/2571
f 2549/5289/2576 2565/5320/2465 2548/5290/2574
f 2550/5292/2578 2566/5322/2468 2549/5289/2576
f 2551/5294/2580 2567/5323/2471 2550/5292/2578
f 2552/5296/2582 2568/5324/2474 2551/5294/2580
f 2553/5298/2584 2569/5111/2477 2552/5299/2582
f 2554/5325/2586 2570/5114/2480 2553/5298/2584
f 2555/5326/2588 2571/5117/2483 2554/5325/2586
f 2556/5348/2590 2572/5120/2486 2555/5326/2588
f 2557/5308/2592 2573/5327/2489 2556/5309/2590
f 2558/5311/2594 2574/5329/2492 2557/5308/2592
f 2559/5313/2596 2575/5330/2495 2558/5311/2594
f 2560/5315/2598 2576/5331/2498 2559/5313/2596
f 2561/5317/2600 2577/5138/2501 2560/5318/2598
f 2562/5285/2572 2435/5087/2458 2561/5317/2600
f 2579/5349/2455 2582/5350/2456 2611/5351/2457
f 2580/5352/2458 2708/5353/2459 2578/5354/470
f 2581/5355/2460 2584/5356/2461 2582/5350/2456
f 2708/5353/2459 2709/5357/2462 2578/5354/470
f 2583/5358/2463 2586/5359/2464 2584/5360/2461
f 2709/5357/2462 2710/5361/2465 2578/5354/470
f 2585/5362/2466 2588/5363/2467 2586/5359/2464
f 2710/5361/2465 2711/5364/2468 2578/5354/470
f 2587/5365/2469 2590/5366/2470 2588/5363/2467
f 2711/5367/2468 2712/5368/2471 2578/5369/470
f 2589/5370/2472 2592/5371/2473 2590/5366/2470
f 2712/5368/2471 2713/5372/2474 2578/5369/470
f 2591/5373/2475 2594/5374/2476 2592/5375/2473
f 2713/5372/2474 2714/5376/2477 2578/5369/470
f 2593/5377/2478 2596/5378/2479 2594/5374/2476
f 2714/5376/2477 2715/5379/2480 2578/5369/470
f 2595/5380/2481 2598/5381/2482 2596/5378/2479
f 2715/5379/2480 2716/5382/2483 2578/5369/470
f 2597/5383/2484 2600/5384/2485 2598/5381/2482
f 2716/5382/2483 2717/5385/2486 2578/5369/470
f 2599/5386/2487 2602/5387/2488 2600/5388/2485
f 2717/5385/2486 2718/5389/2489 2578/5369/470
f 2601/5390/2490 2604/5391/2491 2602/5387/2488
f 2718/5389/2489 2719/5392/2492 2578/5369/470
f 2603/5393/2493 2606/5394/2494 2604/5391/2491
f 2719/5395/2492 2720/5396/2495 2578/5354/470
f 2605/5397/2496 2608/5398/2497 2606/5394/2494
f 2720/5396/2495 2721/5399/2498 2578/5354/470
f 2607/5400/2499 2610/5401/2500 2608/5402/2497
f 2721/5399/2498 2722/5403/2501 2578/5354/470
f 2609/5404/2502 2611/5351/2457 2610/5401/2500
f 2722/5403/2501 2580/5352/2458 2578/5354/470
f 2611/5405/470 2612/5406/470 2627/5407/470
f 2582/5408/470 2613/5409/470 2612/5406/470
f 2584/5410/470 2614/5411/470 2613/5409/470
f 2586/5412/470 2615/5413/470 2614/5411/470
f 2588/5414/470 2616/5415/470 2615/5413/470
f 2590/5416/470 2617/5417/470 2616/5415/470
f 2592/5375/470 2618/5418/470 2617/5417/470
f 2594/5374/470 2619/5419/470 2618/5418/470
f 2596/5378/470 2620/5420/470 2619/5419/470
f 2598/5381/470 2621/5421/470 2620/5420/470
f 2600/5384/470 2622/5422/470 2621/5421/470
f 2602/5423/470 2623/5424/470 2622/5422/470
f 2604/5425/470 2624/5426/470 2623/5424/470
f 2606/5427/470 2625/5428/470 2624/5426/470
f 2608/5429/470 2626/5430/470 2625/5428/470
f 2610/5431/470 2627/5407/470 2626/5430/470
f 2627/5432/2455 2628/5433/2504 2643/5434/2505
f 2612/5435/2460 2629/5436/2506 2628/5433/2504
f 2613/5437/2463 2630/5438/2507 2629/5439/2506
f 2614/5440/2466 2631/5441/2508 2630/5438/2507
f 2615/5442/2509 2632/5443/2510 2631/5441/2508
f 2616/5444/2472 2633/5445/2511 2632/5443/2510
f 2617/5417/2475 2634/5446/2512 2633/5447/2511
f 2618/5418/2478 2635/5448/2513 2634/5446/2512
f 2619/5419/2481 2636/5449/2514 2635/5448/2513
f 2620/5420/2484 2637/5450/2515 2636/5449/2514
f 2621/5451/2487 2638/5452/2516 2637/5453/2515
f 2622/5454/2490 2639/5455/2517 2638/5452/2516
f 2623/5456/2518 2640/5457/2519 2639/5455/2517
f 2624/5458/2496 2641/5459/2520 2640/5457/2519
f 2625/5460/2499 2642/5461/2521 2641/5462/2520
f 2626/5463/2502 2643/5434/2505 2642/5461/2521
f 2643/5434/2505 2644/5464/2522 2659/5465/2523
f 2628/5433/2504 2645/5466/2524 2644/5464/2522
f 2629/5467/2506 2646/5468/2525 2645/5469/2524
f 2630/5470/2507 2647/5471/2526 2646/5468/2525
f 2631/5472/2508 2648/5473/2527 2647/5471/2526
f 2632/5474/2510 2649/5475/2528 2648/5473/2527
f 2633/5476/2511 2650/5477/2529 2649/5475/2528
f 2634/5478/2512 2651/5479/2530 2650/5477/2529
f 2635/5480/2513 2652/5481/2531 2651/5479/2530
f 2636/5482/2514 2653/5483/2532 2652/5481/2531
f 2637/5484/2515 2654/5485/2533 2653/5483/2532
f 2638/5486/2516 2655/5487/2534 2654/5485/2533
f 2639/5488/2517 2656/5489/2535 2655/5487/2534
f 2640/5490/2519 2657/5491/2536 2656/5489/2535
f 2641/5462/2520 2658/5492/2537 2657/5493/2536
f 2642/5461/2521 2659/5465/2523 2658/5492/2537
f 2659/5465/2523 2660/5494/2538 2675/5495/2539
f 2644/5464/2522 2661/5496/2540 2660/5494/2538
f 2645/5497/2524 2662/5498/2541 2661/5499/2540
f 2646/5500/2525 2663/5501/2542 2662/5498/2541
f 2647/5502/2526 2664/5503/2543 2663/5501/2542
f 2648/5504/2527 2665/5505/2544 2664/5503/2543
f 2649/5506/2528 2666/5507/2545 2665/5505/2544
f 2650/5477/2529 2667/5508/2546 2666/5509/2545
f 2651/5479/2530 2668/5510/2547 2667/5508/2546
f 2652/5511/2531 2669/5512/2548 2668/5513/2547
f 2653/5514/2532 2670/5515/2549 2669/5512/2548
f 2654/5516/2533 2671/5517/2550 2670/5515/2549
f 2655/5518/2534 2672/5519/2551 2671/5517/2550
f 2656/5520/2535 2673/5521/2552 2672/5519/2551
f 2657/5493/2536 2674/5522/2553 2673/5523/2552
f 2658/5492/2537 2675/5495/2539 2674/5522/2553
f 2675/5495/2539 2676/5524/2554 2691/5525/2555
f 2660/5494/2538 2677/5526/2556 2676/5524/2554
f 2661/5499/2540 2678/5527/2557 2677/5528/2556
f 2662/5498/2541 2679/5529/2558 2678/5527/2557
f 2663/5501/2542 2680/5530/2559 2679/5529/2558
f 2664/5503/2543 2681/5531/2560 2680/5530/2559
f 2665/5532/2544 2682/5533/2561 2681/5534/2560
f 2666/5535/2545 2683/5536/2562 2682/5533/2561
f 2667/5537/2546 2684/5538/2563 2683/5536/2562
f 2668/5539/2547 2685/5540/2564 2684/5538/2563
f 2669/5512/2548 2686/5541/2565 2685/5542/2564
f 2670/5515/2549 2687/5543/2566 2686/5541/2565
f 2671/5517/2550 2688/5544/2567 2687/5543/2566
f 2672/5519/2551 2689/5545/2568 2688/5544/2567
f 2673/5523/2552 2690/5546/2569 2689/5547/2568
f 2674/5522/2553 2691/5525/2555 2690/5546/2569
f 2691/5548/2570 2692/5549/2571 2707/5550/2572
f 2676/5551/2573 2693/5552/2574 2692/5549/2571
f 2677/5553/2575 2694/5554/2576 2693/5555/2574
f 2678/5556/2577 2695/5557/2578 2694/5554/2576
f 2679/5558/2579 2696/5559/2580 2695/5557/2578
f 2680/5560/2581 2697/5561/2582 2696/5559/2580
f 2681/5562/2583 2698/5563/2584 2697/5564/2582
f 2682/5565/2585 2699/5566/2586 2698/5567/2584
f 2683/5568/2587 2700/5569/2588 2699/5566/2586
f 2684/5570/2589 2701/5571/2590 2700/5569/2588
f 2685/5572/2591 2702/5573/2592 2701/5574/2590
f 2686/5575/2593 2703/5576/2594 2702/5573/2592
f 2687/5577/2595 2704/5578/2596 2703/5576/2594
f 2688/5579/2597 2705/5580/2598 2704/5578/2596
f 2689/5581/2599 2706/5582/2600 2705/5583/2598
f 2690/5584/2601 2707/5550/2572 2706/5582/2600
f 2707/5550/2572 2708/5353/2459 2580/5352/2458
f 2692/5549/2571 2709/5357/2462 2708/5353/2459
f 2693/5555/2574 2710/5585/2465 2709/5586/2462
f 2694/5554/2576 2711/5587/2468 2710/5585/2465
f 2695/5557/2578 2712/5588/2471 2711/5587/2468
f 2696/5559/2580 2713/5589/2474 2712/5588/2471
f 2697/5564/2582 2714/5376/2477 2713/5372/2474
f 2698/5563/2584 2715/5379/2480 2714/5376/2477
f 2699/5590/2586 2716/5382/2483 2715/5379/2480
f 2700/5591/2588 2717/5385/2486 2716/5382/2483
f 2701/5574/2590 2718/5592/2489 2717/5593/2486
f 2702/5573/2592 2719/5594/2492 2718/5592/2489
f 2703/5576/2594 2720/5595/2495 2719/5594/2492
f 2704/5578/2596 2721/5596/2498 2720/5595/2495
f 2705/5583/2598 2722/5403/2501 2721/5399/2498
f 2706/5582/2600 2580/5352/2458 2722/5403/2501
f 2581/5355/2460 2582/5350/2456 2579/5349/2455
f 2583/5597/2463 2584/5356/2461 2581/5355/2460
f 2585/5362/2466 2586/5359/2464 2583/5358/2463
f 2587/5365/2469 2588/5363/2467 2585/5362/2466
f 2589/5370/2472 2590/5366/2470 2587/5365/2469
f 2591/5598/2475 2592/5371/2473 2589/5370/2472
f 2593/5377/2478 2594/5374/2476 2591/5373/2475
f 2595/5380/2481 2596/5378/2479 2593/5377/2478
f 2597/5383/2484 2598/5381/2482 2595/5380/2481
f 2599/5599/2487 2600/5384/2485 2597/5383/2484
f 2601/5390/2490 2602/5387/2488 2599/5386/2487
f 2603/5393/2493 2604/5391/2491 2601/5390/2490
f 2605/5397/2496 2606/5394/2494 2603/5393/2493
f 2607/5600/2499 2608/5398/2497 2605/5397/2496
f 2609/5404/2502 2610/5401/2500 2607/5400/2499
f 2579/5349/2455 2611/5351/2457 2609/5404/2502
f 2582/5408/470 2612/5406/470 2611/5405/470
f 2584/5410/470 2613/5409/470 2582/5408/470
f 2586/5412/470 2614/5411/470 2584/5410/470
f 2588/5414/470 2615/5413/470 2586/5412/470
f 2590/5416/470 2616/5415/470 2588/5414/470
f 2592/5375/470 2617/5417/470 2590/5416/470
f 2594/5374/470 2618/5418/470 2592/5375/470
f 2596/5378/470 2619/5419/470 2594/5374/470
f 2598/5381/470 2620/5420/470 2596/5378/470
f 2600/5384/470 2621/5421/470 2598/5381/470
f 2602/5423/470 2622/5422/470 2600/5384/470
f 2604/5425/470 2623/5424/470 2602/5423/470
f 2606/5427/470 2624/5426/470 2604/5425/470
f 2608/5429/470 2625/5428/470 2606/5427/470
f 2610/5431/470 2626/5430/470 2608/5429/470
f 2611/5405/470 2627/5407/470 2610/5431/470
f 2612/5435/2460 2628/5433/2504 2627/5432/2455
f 2613/5601/2463 2629/5436/2506 2612/5435/2460
f 2614/5440/2466 2630/5438/2507 2613/5437/2463
f 2615/5442/2509 2631/5441/2508 2614/5440/2466
f 2616/5444/2472 2632/5443/2510 2615/5442/2509
f 2617/5602/2475 2633/5445/2511 2616/5444/2472
f 2618/5418/2478 2634/5446/2512 2617/5417/2475
f 2619/5419/2481 2635/5448/2513 2618/5418/2478
f 2620/5420/2484 2636/5449/2514 2619/5419/2481
f 2621/5421/2487 2637/5450/2515 2620/5420/2484
f 2622/5454/2490 2638/5452/2516 2621/5451/2487
f 2623/5456/2518 2639/5455/2517 2622/5454/2490
f 2624/5458/2496 2640/5457/2519 2623/5456/2518
f 2625/5603/2499 2641/5459/2520 2624/5458/2496
f 2626/5463/2502 2642/5461/2521 2625/5460/2499
f 2627/5432/2455 2643/5434/2505 2626/5463/2502
f 2628/5433/2504 2644/5464/2522 2643/5434/2505
f 2629/5436/2506 2645/5466/2524 2628/5433/2504
f 2630/5470/2507 2646/5468/2525 2629/5467/2506
f 2631/5472/2508 2647/5471/2526 2630/5470/2507
f 2632/5474/2510 2648/5473/2527 2631/5472/2508
f 2633/5476/2511 2649/5475/2528 2632/5474/2510
f 2634/5478/2512 2650/5477/2529 2633/5476/2511
f 2635/5480/2513 2651/5479/2530 2634/5478/2512
f 2636/5482/2514 2652/5481/2531 2635/5480/2513
f 2637/5484/2515 2653/5483/2532 2636/5482/2514
f 2638/5486/2516 2654/5485/2533 2637/5484/2515
f 2639/5488/2517 2655/5487/2534 2638/5486/2516
f 2640/5490/2519 2656/5489/2535 2639/5488/2517
f 2641/5604/2520 2657/5491/2536 2640/5490/2519
f 2642/5461/2521 2658/5492/2537 2641/5462/2520
f 2643/5434/2505 2659/5465/2523 2642/5461/2521
f 2644/5464/2522 2660/5494/2538 2659/5465/2523
f 2645/5466/2524 2661/5496/2540 2644/5464/2522
f 2646/5500/2525 2662/5498/2541 2645/5497/2524
f 2647/5502/2526 2663/5501/2542 2646/5500/2525
f 2648/5504/2527 2664/5503/2543 2647/5502/2526
f 2649/5506/2528 2665/5505/2544 2648/5504/2527
f 2650/5605/2529 2666/5507/2545 2649/5506/2528
f 2651/5479/2530 2667/5508/2546 2650/5477/2529
f 2652/5481/2531 2668/5510/2547 2651/5479/2530
f 2653/5514/2532 2669/5512/2548 2652/5511/2531
f 2654/5516/2533 2670/5515/2549 2653/5514/2532
f 2655/5518/2534 2671/5517/2550 2654/5516/2533
f 2656/5520/2535 2672/5519/2551 2655/5518/2534
f 2657/5606/2536 2673/5521/2552 2656/5520/2535
f 2658/5492/2537 2674/5522/2553 2657/5493/2536
f 2659/5465/2523 2675/5495/2539 2658/5492/2537
f 2660/5494/2538 2676/5524/2554 2675/5495/2539
f 2661/5496/2540 2677/5526/2556 2660/5494/2538
f 2662/5498/2541 2678/5527/2557 2661/5499/2540
f 2663/5501/2542 2679/5529/2558 2662/5498/2541
f 2664/5503/2543 2680/5530/2559 2663/5501/2542
f 2665/5505/2544 2681/5531/2560 2664/5503/2543
f 2666/5535/2545 2682/5533/2561 2665/5532/2544
f 2667/5537/2546 2683/5536/2562 2666/5535/2545
f 2668/5539/2547 2684/5538/2563 2667/5537/2546
f 2669/5607/2548 2685/5540/2564 2668/5539/2547
f 2670/5515/2549 2686/5541/2565 2669/5512/2548
f 2671/5517/2550 2687/5543/2566 2670/5515/2549
f 2672/5519/2551 2688/5544/2567 2671/5517/2550
f 2673/5521/2552 2689/5545/2568 2672/5519/2551
f 2674/5522/2553 2690/5546/2569 2673/5523/2552
f 2675/5495/2539 2691/5525/2555 2674/5522/2553
f 2676/5551/2573 2692/5549/2571 2691/5548/2570
f 2677/5608/2575 2693/5552/2574 2676/5551/2573
f 2678/5556/2577 2694/5554/2576 2677/5553/2575
f 2679/5558/2579 2695/5557/2578 2678/5556/2577
f 2680/5560/2581 2696/5559/2580 2679/5558/2579
f 2681/5609/2583 2697/5561/2582 2680/5560/2581
f 2682/5610/2585 2698/5563/2584 2681/5562/2583
f 2683/5568/2587 2699/5566/2586 2682/5565/2585
f 2684/5570/2589 2700/5569/2588 2683/5568/2587
f 2685/5611/2591 2701/5571/2590 2684/5570/2589
f 2686/5575/2593 2702/5573/2592 2685/5572/2591
f 2687/5577/2595 2703/5576/2594 2686/5575/2593
f 2688/5579/2597 2704/5578/2596 2687/5577/2595
f 2689/5612/2599 2705/5580/2598 2688/5579/2597
f 2690/5584/2601 2706/5582/2600 2689/5581/2599
f 2691/5548/2570 2707/5550/2572 2690/5584/2601
f 2692/5549/2571 2708/5353/2459 2707/5550/2572
f 2693/5552/2574 2709/5357/2462 2692/5549/2571
f 2694/5554/2576 2710/5585/2465 2693/5555/2574
f 2695/5557/2578 2711/5587/2468 2694/5554/2576
f 2696/5559/2580 2712/5588/2471 2695/5557/2578
f 2697/5561/2582 2713/5589/2474 2696/5559/2580
f 2698/5563/2584 2714/5376/2477 2697/5564/2582
f 2699/5590/2586 2715/5379/2480 2698/5563/2584
f 2700/5591/2588 2716/5382/2483 2699/5590/2586
f 2701/5613/2590 2717/5385/2486 2700/5591/2588
f 2702/5573/2592 2718/5592/2489 2701/5574/2590
f 2703/5576/2594 2719/5594/2492 2702/5573/2592
f 2704/5578/2596 2720/5595/2495 2703/5576/2594
f 2705/5580/2598 2721/5596/2498 2704/5578/2596
f 2706/5582/2600 2722/5403/2501 2705/5583/2598
f 2707/5550/2572 2580/5352/2458 2706/5582/2600
f 3147/5614/2606 3076/5615/2606 3151/5616/2606
f 3141/5617/2607 3151/5616/2607 3076/5615/2607
f 3076/5618/2608 3133/5619/2608 3141/5620/2608
f 3163/5621/2609 3141/5620/2609 3133/5619/2609
f 3133/5619/2610 3176/5622/2610 3163/5621/2610
f 3127/5623/2611 3163/5621/2611 3176/5622/2611
f 3176/5622/2612 3173/5624/2612 3127/5623/2612
f 3174/5625/2613 3127/5623/2613 3173/5624/2613
f 3173/5624/2614 3138/5626/2614 3174/5625/2614
f 3158/5627/2615 3174/5628/2615 3138/5629/2615
f 3138/5629/2616 2944/5630/2616 3158/5627/2616
f 3156/5631/2617 3158/5627/2617 2944/5630/2617
f 2944/5630/2618 3154/5632/2618 3156/5631/2618
f 3146/5633/2619 3156/5634/2619 3154/5635/2619
f 3154/5635/2620 2866/5636/2620 3146/5633/2620
f 3155/5637/2621 3146/5633/2621 2866/5636/2621
f 2866/5636/2622 3165/5638/2622 3155/5637/2622
f 3167/5639/2623 3139/5640/2623 2970/5641/2623
f 2970/5641/2624 3022/5642/2624 3167/5639/2624
f 3139/5643/2625 3155/5637/2625 3165/5638/2625
f 3165/5644/2626 2970/5641/2626 3139/5640/2626
f 3085/5645/2627 3119/5646/2627 3134/5647/2627
f 2866/5648/2628 3123/5649/2628 2892/5650/2628
f 3121/5651/2629 3145/5652/2629 3115/5653/2629
f 3022/5642/2630 3162/5654/2630 3147/5614/2630
f 3125/5655/2631 3130/5656/2631 3175/5657/2631
f 3065/5658/2632 3169/5659/2632 3125/5655/2632
f 3164/5660/2633 3150/5661/2633 3134/5647/2633
f 2864/5662/2634 3162/5663/2634 3140/5664/2634
f 2799/5665/2635 3154/5666/2635 3083/5667/2635
f 3147/5614/2636 3162/5654/2636 3088/5668/2636
f 3142/5669/2637 3171/5670/2637 3144/5671/2637
f 3145/5672/2638 2866/5636/2638 2892/5673/2638
f 3142/5674/2639 3165/5638/2639 3145/5672/2639
f 3126/5675/2640 3134/5647/2640 3148/5676/2640
f 3055/5677/2641 3085/5645/2641 3134/5647/2641
f 3022/5642/2642 3131/5678/2642 3167/5639/2642
f 3154/5679/2643 2799/5680/2643 3123/5681/2643
f 3107/5682/2644 3149/5683/2644 3168/5684/2644
f 3130/5656/2645 3125/5655/2645 3169/5659/2645
f 3166/5685/2646 3084/5686/2646 3123/5687/2646
f 2996/5688/2647 3111/5689/2647 2747/5690/2647
f 3161/5691/2648 2747/5692/2648 2773/5693/2648
f 2918/5694/2649 2773/5695/2649 3111/5696/2649
f 3157/5697/2650 2918/5698/2650 2996/5699/2650
f 3137/5700/2650 2996/5699/2650 3161/5701/2650
f 3160/5702/2650 3161/5701/2650 2918/5698/2650
f 3135/5703/2651 3160/5704/2651 3157/5705/2651
f 3132/5706/2652 3157/5707/2652 3137/5708/2652
f 3136/5709/2653 3137/5710/2653 3160/5711/2653
f 3128/5712/2654 3136/5713/2654 3135/5714/2654
f 3124/5715/2654 3135/5714/2654 3132/5716/2654
f 3129/5717/2654 3132/5716/2654 3136/5713/2654
f 3120/5718/2655 3129/5719/2656 3128/5720/2656
f 3117/5721/2657 3128/5722/2657 3124/5723/2657
f 3122/5724/2658 3124/5725/2658 3129/5726/2658
f 3113/5727/2654 3122/5728/2659 3120/5729/2654
f 3109/5730/2660 3120/5729/2654 3117/5731/2654
f 3118/5732/2659 3117/5731/2654 3122/5728/2659
f 3116/5733/2654 3110/5734/2654 3108/5735/2654
f 3113/5736/2661 3110/5737/2661 3116/5738/2661
f 3085/5645/2662 3055/5677/2662 3174/5739/2662
f 3112/5740/2654 3116/5733/2654 3108/5735/2654
f 3118/5741/2663 3116/5742/2663 3112/5743/2663
f 3127/5623/2664 3174/5625/2664 3055/5744/2664
f 3110/5734/2654 3112/5740/2654 3108/5735/2654
f 3109/5745/2665 3112/5746/2665 3110/5747/2665
f 3055/5744/2666 3114/5748/2666 3127/5623/2666
f 3103/5749/2667 3080/5750/2667 3106/5751/2667
f 3102/5752/2668 3106/5753/2668 3105/5754/2668
f 3104/5755/2669 3105/5756/2669 3080/5757/2669
f 3100/5758/2650 3104/5759/2650 3103/5760/2650
f 3099/5761/2650 3103/5760/2650 3102/5762/2650
f 3101/5763/2650 3102/5762/2650 3104/5759/2650
f 3097/5764/2670 3101/5765/2670 3100/5766/2670
f 3096/5767/2671 3100/5768/2671 3099/5769/2671
f 3098/5770/2672 3099/5771/2672 3101/5772/2672
f 3094/5773/2654 3098/5774/2654 3097/5775/2654
f 3093/5776/2654 3097/5775/2654 3096/5777/2654
f 3095/5778/2654 3096/5777/2654 3098/5774/2654
f 3091/5779/2673 3095/5780/2673 3094/5781/2673
f 3089/5782/2674 3094/5783/2674 3093/5784/2674
f 3092/5785/2675 3093/5786/2675 3095/5787/2675
f 3082/5788/2654 3092/5789/2659 3091/5790/2654
f 3078/5791/2659 3091/5790/2654 3089/5792/2659
f 3090/5793/2659 3089/5792/2659 3092/5789/2659
f 3086/5794/2654 3079/5795/2654 3077/5796/2654
f 3082/5797/2676 3079/5798/2676 3086/5799/2676
f 3163/5621/2677 3127/5623/2677 3114/5748/2677
f 3081/5800/2654 3086/5794/2654 3077/5796/2654
f 3090/5801/2678 3086/5802/2678 3081/5803/2678
f 3114/5804/2679 3126/5675/2679 3163/5805/2679
f 3079/5795/2654 3081/5800/2654 3077/5796/2654
f 3078/5806/2680 3081/5807/2680 3079/5808/2680
f 3141/5809/2681 3163/5805/2681 3126/5675/2681
f 3072/5810/2682 3052/5811/2682 3075/5812/2682
f 3071/5813/2683 3075/5814/2683 3074/5815/2683
f 3073/5816/2684 3074/5817/2684 3052/5818/2684
f 3069/5819/2650 3073/5820/2650 3072/5821/2650
f 3068/5822/2650 3072/5821/2650 3071/5823/2650
f 3070/5824/2650 3071/5823/2650 3073/5820/2650
f 3066/5825/2685 3070/5826/2685 3069/5827/2685
f 3064/5828/2686 3069/5829/2686 3068/5830/2686
f 3067/5831/2687 3068/5832/2687 3070/5833/2687
f 3062/5834/2654 3067/5835/2654 3066/5836/2654
f 3061/5837/2654 3066/5836/2654 3064/5838/2654
f 3063/5839/2654 3064/5838/2654 3067/5835/2654
f 3059/5840/2688 3063/5841/2688 3062/5842/2688
f 3057/5843/2689 3062/5844/2689 3061/5845/2689
f 3060/5846/2690 3061/5847/2690 3063/5848/2690
f 3054/5849/2654 3060/5850/2654 3059/5851/2654
f 3050/5852/2654 3059/5851/2654 3057/5853/2654
f 3058/5854/2654 3057/5853/2654 3060/5850/2654
f 3056/5855/2654 3051/5856/2654 3049/5857/2654
f 3054/5858/2691 3051/5859/2691 3056/5860/2691
f 3126/5675/2692 3148/5676/2692 3141/5809/2692
f 3053/5861/2654 3056/5855/2654 3049/5857/2654
f 3058/5862/2693 3056/5863/2693 3053/5864/2693
f 3151/5865/2694 3141/5809/2694 3148/5676/2694
f 3051/5856/2654 3053/5861/2654 3049/5857/2654
f 3050/5866/2695 3053/5867/2695 3051/5868/2695
f 3148/5676/2696 3150/5661/2696 3151/5865/2696
f 3044/5869/2697 3026/5870/2697 3047/5871/2697
f 3043/5872/2698 3047/5873/2698 3046/5874/2698
f 3045/5875/2699 3046/5876/2699 3026/5877/2699
f 3041/5878/2650 3045/5879/2650 3044/5880/2650
f 3040/5881/2650 3044/5880/2650 3043/5882/2650
f 3042/5883/2650 3043/5882/2650 3045/5879/2650
f 3038/5884/2700 3042/5885/2700 3041/5886/2700
f 3037/5887/2701 3041/5888/2701 3040/5889/2701
f 3039/5890/2702 3040/5891/2702 3042/5892/2702
f 3035/5893/2654 3039/5894/2654 3038/5895/2654
f 3034/5896/2654 3038/5895/2654 3037/5897/2654
f 3036/5898/2654 3037/5897/2654 3039/5894/2654
f 3032/5899/2703 3036/5900/2703 3035/5901/2703
f 3030/5902/2704 3035/5903/2704 3034/5904/2704
f 3033/5905/2705 3034/5906/2705 3036/5907/2705
f 3028/5908/2654 3033/5909/2659 3032/5910/2654
f 3024/5911/2654 3032/5910/2654 3030/5912/2654
f 3031/5913/2659 3030/5912/2654 3033/5909/2659
f 3029/5914/2654 3025/5915/2654 3023/5916/2654
f 3028/5917/2706 3025/5918/2706 3029/5919/2706
f 3131/5920/2707 3151/5865/2707 3150/5661/2707
f 3027/5921/2654 3029/5914/2654 3023/5916/2654
f 3031/5922/2708 3029/5923/2708 3027/5924/2708
f 3164/5660/2709 3131/5920/2709 3150/5661/2709
f 3025/5915/2654 3027/5921/2654 3023/5916/2654
f 3024/5925/2710 3027/5926/2710 3025/5927/2710
f 3154/5635/2711 3123/5928/2711 2866/5636/2711
f 3018/5929/2712 3000/5930/2712 3021/5931/2712
f 3017/5932/2713 3021/5933/2713 3020/5934/2713
f 3019/5935/2714 3020/5936/2714 3000/5937/2714
f 3015/5938/2650 3019/5939/2650 3018/5940/2650
f 3014/5941/2650 3018/5940/2650 3017/5942/2650
f 3016/5943/2650 3017/5942/2650 3019/5939/2650
f 3012/5944/2715 3016/5945/2715 3015/5946/2715
f 3011/5947/2716 3015/5948/2716 3014/5949/2716
f 3013/5950/2717 3014/5951/2717 3016/5952/2717
f 3009/5953/2654 3013/5954/2654 3012/5955/2654
f 3008/5956/2654 3012/5955/2654 3011/5957/2654
f 3010/5958/2654 3011/5957/2654 3013/5954/2654
f 3006/5959/2718 3010/5960/2718 3009/5961/2718
f 3004/5962/2719 3009/5963/2719 3008/5964/2719
f 3007/5965/2720 3008/5966/2720 3010/5967/2720
f 3002/5968/2659 3007/5969/2659 3006/5970/2659
f 2998/5971/2654 3006/5970/2659 3004/5972/2654
f 3005/5973/2659 3004/5972/2654 3007/5969/2659
f 3003/5974/2654 2999/5975/2654 2997/5976/2654
f 3002/5977/2721 2999/5978/2721 3003/5979/2721
f 3164/5660/2722 3143/5980/2722 3167/5981/2722
f 3001/5982/2654 3003/5974/2654 2997/5976/2654
f 3005/5983/2723 3003/5984/2723 3001/5985/2723
f 3171/5986/2724 3142/5987/2724 3121/5651/2724
f 2999/5975/2654 3001/5982/2654 2997/5976/2654
f 2998/5988/2725 3001/5989/2725 2999/5990/2725
f 3174/5739/2726 3158/5991/2726 3085/5645/2726
f 2992/5992/2727 2974/5993/2727 2995/5994/2727
f 2991/5995/2728 2995/5996/2728 2994/5997/2728
f 2993/5998/2729 2994/5999/2729 2974/6000/2729
f 2989/6001/2650 2993/6002/2650 2992/6003/2650
f 2988/6004/2650 2992/6003/2650 2991/6005/2650
f 2990/6006/2650 2991/6005/2650 2993/6002/2650
f 2986/6007/2730 2990/6008/2730 2989/6009/2730
f 2985/6010/2731 2989/6011/2731 2988/6012/2731
f 2987/6013/2732 2988/6014/2732 2990/6015/2732
f 2983/6016/2654 2987/6017/2654 2986/6018/2654
f 2982/6019/2654 2986/6018/2654 2985/6020/2654
f 2984/6021/2654 2985/6020/2654 2987/6017/2654
f 2980/6022/2733 2984/6023/2733 2983/6024/2733
f 2978/6025/2734 2983/6026/2734 2982/6027/2734
f 2981/6028/2735 2982/6029/2735 2984/6030/2735
f 2976/6031/2659 2981/6032/2654 2980/6033/2659
f 2972/6034/2654 2980/6033/2659 2978/6035/2654
f 2979/6036/2654 2978/6035/2654 2981/6032/2654
f 2977/6037/2654 2973/6038/2654 2971/6039/2654
f 2976/6040/2736 2973/6041/2737 2977/6042/2737
f 3119/5646/2738 3085/5645/2738 3158/5991/2738
f 2975/6043/2654 2977/6037/2654 2971/6039/2654
f 2979/6044/2739 2977/6045/2740 2975/6046/2740
f 3147/5614/2741 3088/5668/2741 3076/5615/2741
f 2973/6038/2654 2975/6043/2654 2971/6039/2654
f 2972/6047/2742 2975/6048/2743 2973/6049/2743
f 3159/6050/2744 3076/5615/2744 3088/5668/2744
f 2966/6051/2745 2948/6052/2745 2969/6053/2745
f 2965/6054/2746 2969/6055/2746 2968/6056/2746
f 2967/6057/2747 2968/6058/2747 2948/6059/2747
f 2963/6060/2650 2967/6061/2650 2966/6062/2650
f 2962/6063/2650 2966/6062/2650 2965/6064/2650
f 2964/6065/2650 2965/6064/2650 2967/6061/2650
f 2960/6066/2748 2964/6067/2748 2963/6068/2748
f 2959/6069/2749 2963/6070/2749 2962/6071/2749
f 2961/6072/2750 2962/6073/2750 2964/6074/2750
f 2957/6075/2654 2961/6076/2654 2960/6077/2654
f 2956/6078/2654 2960/6077/2654 2959/6079/2654
f 2958/6080/2654 2959/6079/2654 2961/6076/2654
f 2954/6081/2751 2958/6082/2751 2957/6083/2751
f 2952/6084/2752 2957/6085/2752 2956/6086/2752
f 2955/6087/2753 2956/6088/2753 2958/6089/2753
f 2950/6090/2654 2955/6091/2654 2954/6092/2654
f 2946/6093/2654 2954/6092/2654 2952/6094/2654
f 2953/6095/2654 2952/6094/2654 2955/6091/2654
f 2951/6096/2654 2947/6097/2654 2945/6098/2654
f 2950/6099/2754 2947/6100/2754 2951/6101/2754
f 3076/5618/2755 3159/6102/2755 3133/5619/2755
f 2949/6103/2654 2951/6096/2654 2945/6098/2654
f 2953/6104/2756 2951/6105/2756 2949/6106/2756
f 3065/6107/2757 3133/5619/2757 3159/6102/2757
f 2947/6097/2654 2949/6103/2654 2945/6098/2654
f 2946/6108/2758 2949/6109/2758 2947/6110/2758
f 3133/5619/2759 3065/6107/2759 3176/5622/2759
f 2940/6111/2760 2922/6112/2760 2943/6113/2760
f 2939/6114/2761 2943/6115/2761 2942/6116/2761
f 2941/6117/2762 2942/6118/2762 2922/6119/2762
f 2937/6120/2650 2941/6121/2650 2940/6122/2650
f 2936/6123/2650 2940/6122/2650 2939/6124/2650
f 2938/6125/2650 2939/6124/2650 2941/6121/2650
f 2934/6126/2763 2938/6127/2763 2937/6128/2763
f 2933/6129/2764 2937/6130/2764 2936/6131/2764
f 2935/6132/2765 2936/6133/2765 2938/6134/2765
f 2931/6135/2654 2935/6136/2654 2934/6137/2654
f 2930/6138/2654 2934/6137/2654 2933/6139/2654
f 2932/6140/2654 2933/6139/2654 2935/6136/2654
f 2928/6141/2766 2932/6142/2766 2931/6143/2766
f 2926/6144/2767 2931/6145/2767 2930/6146/2767
f 2929/6147/2768 2930/6148/2768 2932/6149/2768
f 2924/6150/2654 2929/6151/2654 2928/6152/2654
f 2920/6153/2654 2928/6152/2654 2926/6154/2654
f 2927/6155/2654 2926/6154/2654 2929/6151/2654
f 2925/6156/2654 2921/6157/2654 2919/6158/2654
f 2924/6159/2769 2921/6160/2770 2925/6161/2770
f 3125/6162/2771 3176/5622/2771 3065/6107/2771
f 2923/6163/2654 2925/6156/2654 2919/6158/2654
f 2927/6164/2772 2925/6165/2772 2923/6166/2772
f 3176/5622/2773 3125/6162/2773 3173/5624/2773
f 2921/6157/2654 2923/6163/2654 2919/6158/2654
f 2920/6167/2774 2923/6168/2774 2921/6169/2774
f 3175/6170/2775 3173/5624/2775 3125/6162/2775
f 2914/6171/2776 2896/6172/2776 2917/6173/2776
f 2913/6174/2777 2917/6175/2777 2916/6176/2777
f 2915/6177/2778 2916/6178/2778 2896/6179/2778
f 2911/6180/2650 2915/6181/2650 2914/6182/2650
f 2910/6183/2650 2914/6182/2650 2913/6184/2650
f 2912/6185/2650 2913/6184/2650 2915/6181/2650
f 2908/6186/2779 2912/6187/2779 2911/6188/2779
f 2907/6189/2780 2911/6190/2780 2910/6191/2780
f 2909/6192/2781 2910/6193/2781 2912/6194/2781
f 2905/6195/2654 2909/6196/2654 2908/6197/2654
f 2904/6198/2654 2908/6197/2654 2907/6199/2654
f 2906/6200/2654 2907/6199/2654 2909/6196/2654
f 2902/6201/2782 2906/6202/2782 2905/6203/2782
f 2900/6204/2783 2905/6205/2783 2904/6206/2783
f 2903/6207/2784 2904/6208/2784 2906/6209/2784
f 2898/6210/2654 2903/6211/2654 2902/6212/2654
f 2894/6213/2654 2902/6212/2654 2900/6214/2654
f 2901/6215/2654 2900/6214/2654 2903/6211/2654
f 2899/6216/2654 2895/6217/2654 2893/6218/2654
f 2898/6219/2785 2895/6220/2785 2899/6221/2785
f 3173/5624/2786 3175/6170/2786 3138/5626/2786
f 2897/6222/2654 2899/6216/2654 2893/6218/2654
f 2901/6223/2787 2899/6224/2787 2897/6225/2787
f 3149/6226/2788 3138/5629/2788 3175/6227/2788
f 2895/6217/2654 2897/6222/2654 2893/6218/2654
f 2894/6228/2789 2897/6229/2789 2895/6230/2789
f 2970/5641/2790 3048/6231/2790 3022/5642/2790
f 2888/6232/2791 2870/6233/2791 2891/6234/2791
f 2887/6235/2792 2891/6236/2792 2890/6237/2792
f 2889/6238/2793 2890/6239/2793 2870/6240/2793
f 2885/6241/2650 2889/6242/2650 2888/6243/2650
f 2884/6244/2650 2888/6243/2650 2887/6245/2650
f 2886/6246/2650 2887/6245/2650 2889/6242/2650
f 2882/6247/2794 2886/6248/2794 2885/6249/2794
f 2881/6250/2795 2885/6251/2795 2884/6252/2795
f 2883/6253/2796 2884/6254/2796 2886/6255/2796
f 2879/6256/2654 2883/6257/2654 2882/6258/2654
f 2878/6259/2654 2882/6258/2654 2881/6260/2654
f 2880/6261/2654 2881/6260/2654 2883/6257/2654
f 2876/6262/2797 2880/6263/2797 2879/6264/2797
f 2874/6265/2798 2879/6266/2798 2878/6267/2798
f 2877/6268/2799 2878/6269/2799 2880/6270/2799
f 2872/6271/2654 2877/6272/2654 2876/6273/2654
f 2868/6274/2654 2876/6273/2654 2874/6275/2654
f 2875/6276/2654 2874/6275/2654 2877/6272/2654
f 2873/6277/2654 2869/6278/2654 2867/6279/2654
f 2872/6280/2800 2869/6281/2800 2873/6282/2800
f 3145/5652/2801 3121/5651/2801 3142/5987/2801
f 2871/6283/2654 2873/6277/2654 2867/6279/2654
f 2875/6284/2802 2873/6285/2802 2871/6286/2802
f 3048/6287/2803 3144/6288/2803 3171/6289/2803
f 2869/6278/2654 2871/6283/2654 2867/6279/2654
f 2868/6290/2804 2871/6291/2804 2869/6292/2804
f 3115/6293/2805 3084/6294/2805 3166/6295/2805
f 2725/6296/2806 2743/6297/2806 2865/6298/2806
f 2726/6299/2807 2865/6300/2807 2723/6301/2807
f 2724/6302/2808 2723/6303/2808 2743/6304/2808
f 2728/6305/2650 2724/6306/2650 2725/6307/2650
f 2729/6308/2650 2725/6307/2650 2726/6309/2650
f 2727/6310/2650 2726/6309/2650 2724/6306/2650
f 2731/6311/2809 2727/6312/2809 2728/6313/2809
f 2732/6314/2810 2728/6315/2810 2729/6316/2810
f 2730/6317/2811 2729/6318/2811 2727/6319/2811
f 2734/6320/2654 2730/6321/2654 2731/6322/2654
f 2735/6323/2654 2731/6322/2654 2732/6324/2654
f 2733/6325/2654 2732/6324/2654 2730/6321/2654
f 2737/6326/2812 2733/6327/2812 2734/6328/2812
f 2739/6329/2813 2734/6330/2813 2735/6331/2813
f 2736/6332/2814 2735/6333/2814 2733/6334/2814
f 2741/6335/2660 2736/6336/2654 2737/6337/2660
f 2918/6338/2647 3111/5689/2647 2996/5688/2647
f 2996/6339/2648 2747/5692/2648 3161/5691/2648
f 3161/6340/2649 2773/5695/2649 2918/5694/2649
f 3160/5702/2650 2918/5698/2650 3157/5697/2650
f 3157/5697/2650 2996/5699/2650 3137/5700/2650
f 3137/5700/2650 3161/5701/2650 3160/5702/2650
f 3136/6341/2651 3160/5704/2651 3135/5703/2651
f 3135/6342/2652 3157/5707/2652 3132/5706/2652
f 3132/6343/2653 3137/5710/2653 3136/5709/2653
f 3129/5717/2654 3136/5713/2654 3128/5712/2654
f 3128/5712/2654 3135/5714/2654 3124/5715/2654
f 3124/5715/2654 3132/5716/2654 3129/5717/2654
f 3122/6344/2655 3129/5719/2656 3120/5718/2655
f 3120/6345/2657 3128/5722/2657 3117/5721/2657
f 3117/6346/2658 3124/5725/2658 3122/5724/2658
f 3118/5732/2659 3122/5728/2659 3113/5727/2654
f 3113/5727/2654 3120/5729/2654 3109/5730/2660
f 3109/5730/2660 3117/5731/2654 3118/5732/2659
f 3109/6347/2661 3110/5737/2661 3113/5736/2661
f 3113/6348/2663 3116/5742/2663 3118/5741/2663
f 3118/6349/2665 3112/5746/2665 3109/5745/2665
f 3104/6350/2667 3080/5750/2667 3103/5749/2667
f 3103/6351/2668 3106/5753/2668 3102/5752/2668
f 3102/6352/2669 3105/5756/2669 3104/5755/2669
f 3101/5763/2650 3104/5759/2650 3100/5758/2650
f 3100/5758/2650 3103/5760/2650 3099/5761/2650
f 3099/5761/2650 3102/5762/2650 3101/5763/2650
f 3098/6353/2670 3101/5765/2670 3097/5764/2670
f 3097/6354/2671 3100/5768/2671 3096/5767/2671
f 3096/6355/2672 3099/5771/2672 3098/5770/2672
f 3095/5778/2654 3098/5774/2654 3094/5773/2654
f 3094/5773/2654 3097/5775/2654 3093/5776/2654
f 3093/5776/2654 3096/5777/2654 3095/5778/2654
f 3092/6356/2673 3095/5780/2673 3091/5779/2673
f 3091/6357/2674 3094/5783/2674 3089/5782/2674
f 3089/6358/2675 3093/5786/2675 3092/5785/2675
f 3090/5793/2659 3092/5789/2659 3082/5788/2654
f 3082/5788/2654 3091/5790/2654 3078/5791/2659
f 3078/5791/2659 3089/5792/2659 3090/5793/2659
f 3078/6359/2676 3079/5798/2676 3082/5797/2676
f 3082/6360/2678 3086/5802/2678 3090/5801/2678
f 3090/6361/2680 3081/5807/2680 3078/5806/2680
f 3073/6362/2682 3052/5811/2682 3072/5810/2682
f 3072/6363/2683 3075/5814/2683 3071/5813/2683
f 3071/6364/2684 3074/5817/2684 3073/5816/2684
f 3070/5824/2650 3073/5820/2650 3069/5819/2650
f 3069/5819/2650 3072/5821/2650 3068/5822/2650
f 3068/5822/2650 3071/5823/2650 3070/5824/2650
f 3067/6365/2685 3070/5826/2685 3066/5825/2685
f 3066/6366/2686 3069/5829/2686 3064/5828/2686
f 3064/6367/2687 3068/5832/2687 3067/5831/2687
f 3063/5839/2654 3067/5835/2654 3062/5834/2654
f 3062/5834/2654 3066/5836/2654 3061/5837/2654
f 3061/5837/2654 3064/5838/2654 3063/5839/2654
f 3060/6368/2688 3063/5841/2688 3059/5840/2688
f 3059/6369/2689 3062/5844/2689 3057/5843/2689
f 3057/6370/2690 3061/5847/2690 3060/5846/2690
f 3058/5854/2654 3060/5850/2654 3054/5849/2654
f 3054/5849/2654 3059/5851/2654 3050/5852/2654
f 3050/5852/2654 3057/5853/2654 3058/5854/2654
f 3050/6371/2691 3051/5859/2691 3054/5858/2691
f 3054/6372/2693 3056/5863/2693 3058/5862/2693
f 3058/6373/2695 3053/5867/2695 3050/5866/2695
f 3045/6374/2697 3026/5870/2697 3044/5869/2697
f 3044/6375/2698 3047/5873/2698 3043/5872/2698
f 3043/6376/2699 3046/5876/2699 3045/5875/2699
f 3042/5883/2650 3045/5879/2650 3041/5878/2650
f 3041/5878/2650 3044/5880/2650 3040/5881/2650
f 3040/5881/2650 3043/5882/2650 3042/5883/2650
f 3039/6377/2700 3042/5885/2700 3038/5884/2700
f 3038/6378/2701 3041/5888/2701 3037/5887/2701
f 3037/6379/2702 3040/5891/2702 3039/5890/2702
f 3036/5898/2654 3039/5894/2654 3035/5893/2654
f 3035/5893/2654 3038/5895/2654 3034/5896/2654
f 3034/5896/2654 3037/5897/2654 3036/5898/2654
f 3033/6380/2703 3036/5900/2703 3032/5899/2703
f 3032/6381/2704 3035/5903/2704 3030/5902/2704
f 3030/6382/2705 3034/5906/2705 3033/5905/2705
f 3031/5913/2659 3033/5909/2659 3028/5908/2654
f 3028/5908/2654 3032/5910/2654 3024/5911/2654
f 3024/5911/2654 3030/5912/2654 3031/5913/2659
f 3024/6383/2706 3025/5918/2706 3028/5917/2706
f 3028/6384/2708 3029/5923/2708 3031/5922/2708
f 3031/6385/2710 3027/5926/2710 3024/5925/2710
f 3019/6386/2712 3000/5930/2712 3018/5929/2712
f 3018/6387/2713 3021/5933/2713 3017/5932/2713
f 3017/6388/2714 3020/5936/2714 3019/5935/2714
f 3016/5943/2650 3019/5939/2650 3015/5938/2650
f 3015/5938/2650 3018/5940/2650 3014/5941/2650
f 3014/5941/2650 3017/5942/2650 3016/5943/2650
f 3013/6389/2715 3016/5945/2715 3012/5944/2715
f 3012/6390/2716 3015/5948/2716 3011/5947/2716
f 3011/6391/2717 3014/5951/2717 3013/5950/2717
f 3010/5958/2654 3013/5954/2654 3009/5953/2654
f 3009/5953/2654 3012/5955/2654 3008/5956/2654
f 3008/5956/2654 3011/5957/2654 3010/5958/2654
f 3007/6392/2718 3010/5960/2718 3006/5959/2718
f 3006/6393/2719 3009/5963/2719 3004/5962/2719
f 3004/6394/2720 3008/5966/2720 3007/5965/2720
f 3005/5973/2659 3007/5969/2659 3002/5968/2659
f 3002/5968/2659 3006/5970/2659 2998/5971/2654
f 2998/5971/2654 3004/5972/2654 3005/5973/2659
f 2998/6395/2721 2999/5978/2721 3002/5977/2721
f 3002/6396/2723 3003/5984/2723 3005/5983/2723
f 3005/6397/2725 3001/5989/2725 2998/5988/2725
f 2993/6398/2727 2974/5993/2727 2992/5992/2727
f 2992/6399/2728 2995/5996/2728 2991/5995/2728
f 2991/6400/2729 2994/5999/2729 2993/5998/2729
f 2990/6006/2650 2993/6002/2650 2989/6001/2650
f 2989/6001/2650 2992/6003/2650 2988/6004/2650
f 2988/6004/2650 2991/6005/2650 2990/6006/2650
f 2987/6401/2730 2990/6008/2730 2986/6007/2730
f 2986/6402/2731 2989/6011/2731 2985/6010/2731
f 2985/6403/2815 2988/6014/2732 2987/6013/2732
f 2984/6021/2654 2987/6017/2654 2983/6016/2654
f 2983/6016/2654 2986/6018/2654 2982/6019/2654
f 2982/6019/2654 2985/6020/2654 2984/6021/2654
f 2981/6404/2733 2984/6023/2733 2980/6022/2733
f 2980/6405/2734 2983/6026/2734 2978/6025/2734
f 2978/6406/2735 2982/6029/2735 2981/6028/2735
f 2979/6036/2654 2981/6032/2654 2976/6031/2659
f 2976/6031/2659 2980/6033/2659 2972/6034/2654
f 2972/6034/2654 2978/6035/2654 2979/6036/2654
f 2972/6407/2736 2973/6041/2737 2976/6040/2736
f 2976/6408/2739 2977/6045/2740 2979/6044/2739
f 2979/6409/2742 2975/6048/2743 2972/6047/2742
f 2967/6410/2745 2948/6052/2745 2966/6051/2745
f 2966/6411/2746 2969/6055/2746 2965/6054/2746
f 2965/6412/2747 2968/6058/2747 2967/6057/2747
f 2964/6065/2650 2967/6061/2650 2963/6060/2650
f 2963/6060/2650 2966/6062/2650 2962/6063/2650
f 2962/6063/2650 2965/6064/2650 2964/6065/2650
f 2961/6413/2748 2964/6067/2748 2960/6066/2748
f 2960/6414/2749 2963/6070/2749 2959/6069/2749
f 2959/6415/2750 2962/6073/2750 2961/6072/2750
f 2958/6080/2654 2961/6076/2654 2957/6075/2654
f 2957/6075/2654 2960/6077/2654 2956/6078/2654
f 2956/6078/2654 2959/6079/2654 2958/6080/2654
f 2955/6416/2751 2958/6082/2751 2954/6081/2751
f 2954/6417/2752 2957/6085/2752 2952/6084/2752
f 2952/6418/2753 2956/6088/2753 2955/6087/2753
f 2953/6095/2654 2955/6091/2654 2950/6090/2654
f 2950/6090/2654 2954/6092/2654 2946/6093/2654
f 2946/6093/2654 2952/6094/2654 2953/6095/2654
f 2946/6419/2754 2947/6100/2754 2950/6099/2754
f 2950/6420/2756 2951/6105/2756 2953/6104/2756
f 2953/6421/2758 2949/6109/2758 2946/6108/2758
f 2941/6422/2760 2922/6112/2760 2940/6111/2760
f 2940/6423/2761 2943/6115/2761 2939/6114/2761
f 2939/6424/2762 2942/6118/2762 2941/6117/2762
f 2938/6125/2650 2941/6121/2650 2937/6120/2650
f 2937/6120/2650 2940/6122/2650 2936/6123/2650
f 2936/6123/2650 2939/6124/2650 2938/6125/2650
f 2935/6425/2763 2938/6127/2763 2934/6126/2763
f 2934/6426/2764 2937/6130/2764 2933/6129/2764
f 2933/6427/2765 2936/6133/2765 2935/6132/2765
f 2932/6140/2654 2935/6136/2654 2931/6135/2654
f 2931/6135/2654 2934/6137/2654 2930/6138/2654
f 2930/6138/2654 2933/6139/2654 2932/6140/2654
f 2929/6428/2766 2932/6142/2766 2928/6141/2766
f 2928/6429/2767 2931/6145/2767 2926/6144/2767
f 2926/6430/2768 2930/6148/2768 2929/6147/2768
f 2927/6155/2654 2929/6151/2654 2924/6150/2654
f 2924/6150/2654 2928/6152/2654 2920/6153/2654
f 2920/6153/2654 2926/6154/2654 2927/6155/2654
f 2920/6431/2769 2921/6160/2770 2924/6159/2769
f 2924/6432/2772 2925/6165/2772 2927/6164/2772
f 2927/6433/2774 2923/6168/2774 2920/6167/2774
f 2915/6434/2776 2896/6172/2776 2914/6171/2776
f 2914/6435/2777 2917/6175/2777 2913/6174/2777
f 2913/6436/2778 2916/6178/2778 2915/6177/2778
f 2912/6185/2650 2915/6181/2650 2911/6180/2650
f 2911/6180/2650 2914/6182/2650 2910/6183/2650
f 2910/6183/2650 2913/6184/2650 2912/6185/2650
f 2909/6437/2779 2912/6187/2779 2908/6186/2779
f 2908/6438/2780 2911/6190/2780 2907/6189/2780
f 2907/6439/2781 2910/6193/2781 2909/6192/2781
f 2906/6200/2654 2909/6196/2654 2905/6195/2654
f 2905/6195/2654 2908/6197/2654 2904/6198/2654
f 2904/6198/2654 2907/6199/2654 2906/6200/2654
f 2903/6440/2782 2906/6202/2782 2902/6201/2782
f 2902/6441/2783 2905/6205/2783 2900/6204/2783
f 2900/6442/2816 2904/6208/2784 2903/6207/2784
f 2901/6215/2654 2903/6211/2654 2898/6210/2654
f 2898/6210/2654 2902/6212/2654 2894/6213/2654
f 2894/6213/2654 2900/6214/2654 2901/6215/2654
f 2894/6443/2785 2895/6220/2785 2898/6219/2785
f 2898/6444/2787 2899/6224/2787 2901/6223/2787
f 2901/6445/2789 2897/6229/2789 2894/6228/2789
f 2889/6446/2791 2870/6233/2791 2888/6232/2791
f 2888/6447/2792 2891/6236/2792 2887/6235/2792
f 2887/6448/2793 2890/6239/2793 2889/6238/2793
f 2886/6246/2650 2889/6242/2650 2885/6241/2650
f 2885/6241/2650 2888/6243/2650 2884/6244/2650
f 2884/6244/2650 2887/6245/2650 2886/6246/2650
f 2883/6449/2794 2886/6248/2794 2882/6247/2794
f 2882/6450/2795 2885/6251/2795 2881/6250/2795
f 2881/6451/2796 2884/6254/2796 2883/6253/2796
f 2880/6261/2654 2883/6257/2654 2879/6256/2654
f 2879/6256/2654 2882/6258/2654 2878/6259/2654
f 2878/6259/2654 2881/6260/2654 2880/6261/2654
f 2877/6452/2797 2880/6263/2797 2876/6262/2797
f 2876/6453/2798 2879/6266/2798 2874/6265/2798
f 2874/6454/2799 2878/6269/2799 2877/6268/2799
f 2875/6276/2654 2877/6272/2654 2872/6271/2654
f 2872/6271/2654 2876/6273/2654 2868/6274/2654
f 2868/6274/2654 2874/6275/2654 2875/6276/2654
f 2868/6455/2800 2869/6281/2800 2872/6280/2800
f 2872/6456/2802 2873/6285/2802 2875/6284/2802
f 2875/6457/2804 2871/6291/2804 2868/6290/2804
f 2724/6458/2806 2743/6297/2806 2725/6296/2806
f 2725/6459/2807 2865/6300/2807 2726/6299/2807
f 2726/6460/2808 2723/6303/2808 2724/6302/2808
f 2727/6310/2650 2724/6306/2650 2728/6305/2650
f 2728/6305/2650 2725/6307/2650 2729/6308/2650
f 2729/6308/2650 2726/6309/2650 2727/6310/2650
f 2730/6461/2809 2727/6312/2809 2731/6311/2809
f 2731/6462/2810 2728/6315/2810 2732/6314/2810
f 2732/6463/2811 2729/6318/2811 2730/6317/2811
f 2733/6325/2654 2730/6321/2654 2734/6320/2654
f 2734/6320/2654 2731/6322/2654 2735/6323/2654
f 2735/6323/2654 2732/6324/2654 2733/6325/2654
f 2736/6464/2812 2733/6327/2812 2737/6326/2812
f 2737/6465/2813 2734/6330/2813 2739/6329/2813
f 2739/6466/2814 2735/6333/2814 2736/6332/2814
f 2738/6467/2654 2736/6336/2654 2741/6335/2660
f 2741/6335/2660 2737/6337/2660 2745/6468/2654
f 2745/6468/2654 2739/6469/2654 2738/6467/2654
f 2745/6470/2817 2744/6471/2817 2741/6472/2817
f 2741/6473/2818 2740/6474/2818 2738/6475/2818
f 2738/6476/2819 2742/6477/2820 2745/6478/2819
f 2750/6479/2821 2769/6480/2821 2751/6481/2821
f 2751/6482/2822 2748/6483/2822 2752/6484/2822
f 2752/6485/2823 2749/6486/2823 2750/6487/2823
f 2753/6488/2650 2750/6489/2650 2754/6490/2650
f 2754/6490/2650 2751/6491/2650 2755/6492/2650
f 2755/6492/2650 2752/6493/2650 2753/6488/2650
f 2756/6494/2824 2753/6495/2824 2757/6496/2824
f 2757/6497/2825 2754/6498/2825 2758/6499/2825
f 2758/6500/2826 2755/6501/2826 2756/6502/2826
f 2759/6503/2654 2756/6504/2654 2760/6505/2654
f 2760/6505/2654 2757/6506/2654 2761/6507/2654
f 2761/6507/2654 2758/6508/2654 2759/6503/2654
f 2762/6509/2827 2759/6510/2827 2763/6511/2827
f 2763/6512/2828 2760/6513/2828 2765/6514/2828
f 2765/6515/2829 2761/6516/2829 2762/6517/2829
f 2764/6518/2654 2762/6519/2654 2767/6520/2654
f 2767/6520/2654 2763/6521/2654 2771/6522/2660
f 2771/6522/2660 2765/6523/2660 2764/6518/2654
f 2771/6524/2830 2770/6525/2830 2767/6526/2830
f 2767/6527/2831 2766/6528/2831 2764/6529/2831
f 2764/6530/2832 2768/6531/2833 2771/6532/2832
f 2776/6533/1711 2795/6534/1711 2777/6535/1711
f 2777/6536/2834 2774/6537/2834 2778/6538/2834
f 2778/6539/2835 2775/6540/2835 2776/6541/2835
f 2779/6542/2650 2776/6543/2650 2780/6544/2650
f 2780/6544/2650 2777/6545/2650 2781/6546/2650
f 2781/6546/2650 2778/6547/2650 2779/6542/2650
f 2782/6548/82 2779/6549/82 2783/6550/82
f 2783/6551/2836 2780/6552/2836 2784/6553/2836
f 2784/6554/2837 2781/6555/2837 2782/6556/2837
f 2785/6557/2654 2782/6558/2654 2786/6559/2654
f 2786/6559/2654 2783/6560/2654 2787/6561/2654
f 2787/6561/2654 2784/6562/2654 2785/6557/2654
f 2788/6563/2838 2785/6564/2838 2789/6565/2838
f 2789/6566/2839 2786/6567/2839 2791/6568/2839
f 2791/6569/2840 2787/6570/2840 2788/6571/2840
f 2790/6572/2654 2788/6573/2654 2793/6574/2654
f 2793/6574/2654 2789/6575/2654 2797/6576/2654
f 2797/6576/2654 2791/6577/2654 2790/6572/2654
f 2797/6578/2841 2796/6579/2841 2793/6580/2841
f 2793/6581/2842 2792/6582/2842 2790/6583/2842
f 2790/6584/2843 2794/6585/2843 2797/6586/2843
f 2808/6587/2844 2861/6588/2845 2809/6589/2846
f 2809/6590/2846 2800/6591/2847 2810/6592/2848
f 2810/6592/2848 2801/6593/2849 2811/6594/2850
f 2811/6594/2850 2802/6595/2851 2812/6596/2852
f 2812/6597/2852 2803/6598/2853 2813/6599/2854
f 2813/6599/2854 2804/6600/2855 2814/6601/2856
f 2814/6601/2856 2805/6602/2857 2815/6603/2858
f 2815/6604/2858 2806/6605/2859 2816/6606/2860
f 2816/6606/2860 2807/6607/2861 2808/6608/2844
f 2817/6609/2862 2808/6587/2844 2818/6610/2863
f 2818/6611/2863 2809/6590/2846 2819/6612/2864
f 2819/6612/2864 2810/6592/2848 2820/6613/2865
f 2820/6613/2865 2811/6594/2850 2821/6614/2866
f 2821/6615/2866 2812/6597/2852 2822/6616/2867
f 2822/6616/2867 2813/6599/2854 2823/6617/2868
f 2823/6617/2868 2814/6601/2856 2824/6618/2869
f 2824/6619/2869 2815/6604/2858 2825/6620/2870
f 2825/6620/2870 2816/6606/2860 2817/6621/2862
f 2826/6622/2871 2817/6623/2872 2827/6624/2873
f 2827/6624/2873 2818/6625/2874 2828/6626/2875
f 2828/6626/2875 2819/6627/2876 2829/6628/2877
f 2829/6628/2877 2820/6629/2878 2830/6630/2879
f 2830/6630/2879 2821/6631/2880 2831/6632/2881
f 2831/6632/2881 2822/6633/2882 2832/6634/2883
f 2832/6634/2883 2823/6635/2884 2833/6636/2885
f 2833/6636/2885 2824/6637/2886 2834/6638/2887
f 2834/6638/2887 2825/6639/2888 2826/6622/2871
f 2835/6640/2889 2826/6641/2890 2836/6642/2891
f 2836/6643/2891 2827/6644/2892 2837/6645/2893
f 2837/6645/2893 2828/6646/2894 2838/6647/2895
f 2838/6647/2895 2829/6648/2896 2839/6649/2897
f 2839/6650/2897 2830/6651/2898 2840/6652/2899
f 2840/6652/2899 2831/6653/2900 2841/6654/2901
f 2841/6654/2901 2832/6655/2902 2842/6656/2903
f 2842/6657/2903 2833/6658/2904 2843/6659/2905
f 2843/6659/2905 2834/6660/2906 2835/6661/2889
f 2844/6662/2907 2835/6663/2908 2845/6664/2909
f 2845/6664/2909 2836/6665/2910 2847/6666/2911
f 2847/6666/2911 2837/6667/2912 2849/6668/2913
f 2849/6668/2913 2838/6669/2914 2851/6670/2915
f 2851/6670/2915 2839/6671/2916 2853/6672/2917
f 2853/6672/2917 2840/6673/2918 2855/6674/2919
f 2855/6674/2919 2841/6675/2920 2857/6676/2921
f 2857/6676/2921 2842/6677/2922 2859/6678/2923
f 2859/6678/2923 2843/6679/2924 2844/6662/2907
f 2862/6680/2925 2844/6681/2926 2846/6682/2927
f 2846/6683/2927 2845/6684/2928 2848/6685/2929
f 2848/6685/2929 2847/6686/2930 2850/6687/2931
f 2850/6687/2931 2849/6688/2932 2852/6689/2933
f 2852/6690/2933 2851/6691/2934 2854/6692/2935
f 2854/6692/2935 2853/6693/2936 2856/6694/2937
f 2856/6694/2937 2855/6695/2938 2858/6696/2939
f 2858/6697/2939 2857/6698/2940 2860/6699/2941
f 2860/6699/2941 2859/6700/2942 2862/6701/2925
f 2745/6468/2654 2737/6337/2660 2739/6469/2654
f 2738/6467/2654 2739/6469/2654 2736/6336/2654
f 2740/6702/2654 2744/6703/2654 2746/6704/2654
f 2741/6472/2817 2744/6471/2817 2740/6705/2817
f 3158/5627/2943 3156/5631/2943 3119/6706/2943
f 2742/6707/2654 2740/6702/2654 2746/6704/2654
f 2738/6475/2818 2740/6474/2818 2742/6708/2818
f 3087/6709/2944 3119/5646/2944 3156/6710/2944
f 2744/6703/2654 2742/6707/2654 2746/6704/2654
f 2745/6478/2819 2742/6477/2820 2744/6711/2820
f 3156/6710/2945 3146/6712/2945 3087/6709/2945
f 2751/6481/2821 2769/6480/2821 2748/6713/2821
f 2752/6484/2822 2748/6483/2822 2749/6714/2822
f 2750/6487/2823 2749/6486/2823 2769/6715/2823
f 2754/6490/2650 2750/6489/2650 2751/6491/2650
f 2755/6492/2650 2751/6491/2650 2752/6493/2650
f 2753/6488/2650 2752/6493/2650 2750/6489/2650
f 2757/6496/2824 2753/6495/2824 2754/6716/2824
f 2758/6499/2825 2754/6498/2825 2755/6717/2825
f 2756/6502/2826 2755/6501/2826 2753/6718/2826
f 2760/6505/2654 2756/6504/2654 2757/6506/2654
f 2761/6507/2654 2757/6506/2654 2758/6508/2654
f 2759/6503/2654 2758/6508/2654 2756/6504/2654
f 2763/6511/2827 2759/6510/2827 2760/6719/2827
f 2765/6514/2828 2760/6513/2828 2761/6720/2828
f 2762/6517/2829 2761/6516/2829 2759/6721/2829
f 2767/6520/2654 2762/6519/2654 2763/6521/2654
f 2771/6522/2660 2763/6521/2654 2765/6523/2660
f 2764/6518/2654 2765/6523/2660 2762/6519/2654
f 2766/6722/2654 2770/6723/2654 2772/6724/2654
f 2767/6526/2830 2770/6525/2830 2766/6725/2830
f 3152/6726/2946 3087/6709/2946 3146/6712/2946
f 2768/6727/2654 2766/6722/2654 2772/6724/2654
f 2764/6529/2831 2766/6528/2831 2768/6728/2831
f 3168/5684/2947 3175/5657/2947 3130/5656/2947
f 2770/6723/2654 2768/6727/2654 2772/6724/2654
f 2771/6532/2832 2768/6531/2833 2770/6729/2833
f 3142/6730/2948 3144/6731/2948 3048/6732/2948
f 2777/6535/1711 2795/6534/1711 2774/6733/1711
f 2778/6538/2834 2774/6537/2834 2775/6734/2834
f 2776/6541/2835 2775/6540/2835 2795/6735/2835
f 2780/6544/2650 2776/6543/2650 2777/6545/2650
f 2781/6546/2650 2777/6545/2650 2778/6547/2650
f 2779/6542/2650 2778/6547/2650 2776/6543/2650
f 2783/6550/82 2779/6549/82 2780/6736/82
f 2784/6553/2836 2780/6552/2836 2781/6737/2836
f 2782/6556/2837 2781/6555/2837 2779/6738/2837
f 2786/6559/2654 2782/6558/2654 2783/6560/2654
f 2787/6561/2654 2783/6560/2654 2784/6562/2654
f 2785/6557/2654 2784/6562/2654 2782/6558/2654
f 2789/6565/2838 2785/6564/2838 2786/6739/2838
f 2791/6568/2839 2786/6567/2839 2787/6740/2839
f 2788/6571/2840 2787/6570/2840 2785/6741/2840
f 2793/6574/2654 2788/6573/2654 2789/6575/2654
f 2797/6576/2654 2789/6575/2654 2791/6577/2654
f 2790/6572/2654 2791/6577/2654 2788/6573/2654
f 2792/6742/2654 2796/6743/2654 2798/6744/2654
f 2793/6580/2841 2796/6579/2841 2792/6745/2841
f 3138/5629/2949 3149/6226/2949 2944/5630/2949
f 2794/6746/2654 2792/6742/2654 2798/6744/2654
f 2790/6583/2842 2792/6582/2842 2794/6747/2842
f 3083/6748/2950 2944/5630/2950 3149/6226/2950
f 2796/6743/2654 2794/6746/2654 2798/6744/2654
f 2797/6586/2843 2794/6585/2843 2796/6749/2843
f 3149/6226/2951 3107/6750/2951 3083/6748/2951
f 2809/6589/2846 2861/6588/2845 2800/6751/2847
f 2810/6592/2848 2800/6591/2847 2801/6593/2849
f 2811/6594/2850 2801/6593/2849 2802/6595/2851
f 2812/6596/2852 2802/6595/2851 2803/6752/2853
f 2813/6599/2854 2803/6598/2853 2804/6600/2855
f 2814/6601/2856 2804/6600/2855 2805/6602/2857
f 2815/6603/2858 2805/6602/2857 2806/6753/2859
f 2816/6606/2860 2806/6605/2859 2807/6607/2861
f 2808/6608/2844 2807/6607/2861 2861/6754/2845
f 2818/6610/2863 2808/6587/2844 2809/6589/2846
f 2819/6612/2864 2809/6590/2846 2810/6592/2848
f 2820/6613/2865 2810/6592/2848 2811/6594/2850
f 2821/6614/2866 2811/6594/2850 2812/6596/2852
f 2822/6616/2867 2812/6597/2852 2813/6599/2854
f 2823/6617/2868 2813/6599/2854 2814/6601/2856
f 2824/6618/2869 2814/6601/2856 2815/6603/2858
f 2825/6620/2870 2815/6604/2858 2816/6606/2860
f 2817/6621/2862 2816/6606/2860 2808/6608/2844
f 2827/6624/2873 2817/6623/2872 2818/6625/2874
f 2828/6626/2875 2818/6625/2874 2819/6627/2876
f 2829/6628/2877 2819/6627/2876 2820/6629/2878
f 2830/6630/2879 2820/6629/2878 2821/6631/2880
f 2831/6632/2881 2821/6631/2880 2822/6633/2882
f 2832/6634/2883 2822/6633/2882 2823/6635/2884
f 2833/6636/2885 2823/6635/2884 2824/6637/2886
f 2834/6638/2887 2824/6637/2886 2825/6639/2888
f 2826/6622/2871 2825/6639/2888 2817/6623/2872
f 2836/6642/2891 2826/6641/2890 2827/6755/2892
f 2837/6645/2893 2827/6644/2892 2828/6646/2894
f 2838/6647/2895 2828/6646/2894 2829/6648/2896
f 2839/6649/2897 2829/6648/2896 2830/6756/2898
f 2840/6652/2899 2830/6651/2898 2831/6653/2900
f 2841/6654/2901 2831/6653/2900 2832/6655/2902
f 2842/6656/2903 2832/6655/2902 2833/6757/2904
f 2843/6659/2905 2833/6658/2904 2834/6660/2906
f 2835/6661/2889 2834/6660/2906 2826/6758/2890
f 2845/6664/2909 2835/6663/2908 2836/6665/2910
f 2847/6666/2911 2836/6665/2910 2837/6667/2912
f 2849/6668/2913 2837/6667/2912 2838/6669/2914
f 2851/6670/2915 2838/6669/2914 2839/6671/2916
f 2853/6672/2917 2839/6671/2916 2840/6673/2918
f 2855/6674/2919 2840/6673/2918 2841/6675/2920
f 2857/6676/2921 2841/6675/2920 2842/6677/2922
f 2859/6678/2923 2842/6677/2922 2843/6679/2924
f 2844/6662/2907 2843/6679/2924 2835/6663/2908
f 2800/6759/2952 2861/6760/2952 2863/6761/2952
f 2846/6682/2927 2844/6681/2926 2845/6762/2928
f 2866/5636/2953 3145/5672/2953 3165/5638/2953
f 2801/6763/2952 2800/6759/2952 2863/6761/2952
f 2848/6685/2929 2845/6684/2928 2847/6686/2930
f 3152/6726/2954 3170/6764/2954 3134/5647/2954
f 2802/6765/2952 2801/6763/2952 2863/6761/2952
f 2850/6687/2931 2847/6686/2930 2849/6688/2932
f 3170/6764/2955 3143/5980/2955 3134/5647/2955
f 2803/6766/2952 2802/6765/2952 2863/6761/2952
f 2852/6689/2933 2849/6688/2932 2851/6767/2934
f 3153/6768/2956 3088/6769/2956 2864/6770/2956
f 2804/6771/2952 2803/6766/2952 2863/6761/2952
f 2854/6692/2935 2851/6691/2934 2853/6693/2936
f 3166/6772/2957 3083/6773/2957 3107/6774/2957
f 2805/6775/2952 2804/6771/2952 2863/6761/2952
f 2856/6694/2937 2853/6693/2936 2855/6695/2938
f 3083/6776/2958 3166/6777/2958 3123/6778/2958
f 2806/6779/2952 2805/6775/2952 2863/6761/2952
f 2858/6696/2939 2855/6695/2938 2857/6780/2940
f 3048/6231/2959 3140/6781/2959 3162/5654/2959
f 2807/6782/2952 2806/6779/2952 2863/6761/2952
f 2860/6699/2941 2857/6698/2940 2859/6700/2942
f 3169/5659/2960 3065/5658/2960 3172/6783/2960
f 2861/6760/2952 2807/6782/2952 2863/6761/2952
f 2862/6701/2925 2859/6700/2942 2844/6784/2926
f 3022/5642/2961 3048/6231/2961 3162/5654/2961
f 3151/5616/2962 3131/5678/2962 3147/5614/2962
f 3022/5642/2963 3147/5614/2963 3131/5678/2963
f 2944/5630/2964 3083/6748/2964 3154/5632/2964
f 3155/6785/2965 3139/6786/2965 3170/6764/2965
f 3170/6764/2966 3152/6726/2966 3155/6785/2966
f 3139/6786/2967 3167/5981/2967 3143/5980/2967
f 3165/5638/2968 3142/5674/2968 2970/6787/2968
f 3114/5804/2969 3134/5647/2969 3126/5675/2969
f 3114/5804/2970 3055/5677/2970 3134/5647/2970
f 3123/6788/2971 3115/6789/2971 3145/6790/2971
f 3088/6769/2972 3153/6768/2972 3159/6791/2972
f 3175/5657/2973 3168/5684/2973 3149/5683/2973
f 3048/6231/2974 2970/5641/2974 3142/6792/2974
f 3087/6709/2975 3152/6726/2975 3134/5647/2975
f 3167/5639/2976 3131/5678/2976 3164/6793/2976
f 3148/5676/2977 3134/5647/2977 3150/5661/2977
f 3115/6794/2978 3123/6795/2978 3084/6796/2978
f 3162/5654/2979 2864/6797/2979 3088/5668/2979
f 3143/5980/2980 3170/6764/2980 3139/6786/2980
f 3146/6712/2981 3155/6785/2981 3152/6726/2981
f 3143/5980/2982 3164/5660/2982 3134/5647/2982
f 3140/6798/2983 3048/6799/2983 3171/6800/2983
f 3119/5646/2984 3087/6709/2984 3134/5647/2984
f 3159/6791/2985 3172/6783/2985 3065/5658/2985
f 3172/6783/2986 3159/6791/2986 3153/6768/2986
f 3192/6801/2679 3309/6802/2679 3280/6803/2679
f 3309/6804/2677 3192/6805/2677 3239/6806/2677
f 3239/6806/2666 3252/6807/2666 3309/6804/2666
f 3252/6807/2664 3239/6806/2664 3203/6808/2664
f 3203/6809/2662 3240/6810/2662 3252/6811/2662
f 3240/6810/2726 3203/6809/2726 3225/6812/2726
f 3225/6812/2987 3218/6813/2987 3240/6810/2987
f 3218/6814/2988 3225/6815/2988 3215/6816/2988
f 3215/6817/2989 3216/6818/2989 3218/6813/2989
f 3216/6818/2990 3215/6817/2990 3235/6819/2990
f 3216/6818/2991 3235/6819/2991 3202/6820/2991
f 3180/6821/2630 3243/6822/2630 3212/6823/2630
f 3199/6824/2966 3223/6825/2966 3202/6820/2966
f 3245/6826/2992 3224/6827/2992 3195/6828/2992
f 3280/6803/2681 3208/6829/2681 3192/6801/2681
f 3208/6829/2993 3280/6803/2993 3247/6830/2993
f 3188/6831/2994 3277/6832/2994 3219/6833/2994
f 3277/6832/2995 3188/6831/2995 3207/6834/2995
f 3233/6835/2949 3207/6834/2949 3188/6831/2949
f 3207/6834/2788 3233/6835/2788 3299/6836/2788
f 3190/6837/2996 3299/6838/2996 3233/6839/2996
f 3299/6838/2775 3190/6837/2775 3241/6840/2775
f 3193/6841/2773 3241/6840/2773 3190/6837/2773
f 3241/6840/2771 3193/6841/2771 3191/6842/2771
f 3228/6843/2759 3191/6842/2759 3193/6841/2759
f 3191/6842/2757 3228/6843/2757 3217/6844/2757
f 3186/6845/2997 3187/6846/2997 3184/6847/2997
f 3224/6827/2998 3245/6826/2998 3221/6848/2998
f 3195/6849/2999 3222/6850/2999 3187/6851/2999
f 3200/6852/3000 3281/6853/3000 3251/6854/3000
f 3247/6830/3001 3210/6855/3001 3208/6829/3001
f 3210/6855/3002 3247/6830/3002 3278/6856/3002
f 3278/6856/3003 3220/6857/3003 3210/6855/3003
f 3220/6857/3004 3278/6856/3004 3214/6858/3004
f 3236/6859/3005 3191/6860/3005 3198/6861/3005
f 3187/6862/3006 3222/6863/3006 3224/6864/3006
f 3183/6865/2755 3217/6844/2755 3228/6843/2755
f 3217/6866/3007 3183/6867/3007 3282/6868/3007
f 3282/6869/3008 3189/6870/3008 3217/6871/3008
f 3213/6872/3009 3207/6873/3009 3194/6874/3009
f 3299/6875/3010 3194/6874/3010 3207/6873/3010
f 3232/6876/3011 3278/6856/3011 3247/6830/3011
f 3195/6877/3012 3187/6878/3012 3226/6879/3012
f 3232/6876/2954 3202/6820/2954 3223/6825/2954
f 3214/6880/3013 3211/6881/3013 3220/6882/3013
f 3227/6883/2980 3196/6884/2980 3223/6825/2980
f 3277/6885/3014 3492/6886/3014 3204/6887/3014
f 3281/6888/3015 3243/6889/3015 3251/6890/3015
f 3216/6818/3016 3232/6876/3016 3218/6813/3016
f 3202/6820/3017 3235/6819/3017 3199/6824/3017
f 3232/6876/3018 3214/6858/3018 3278/6856/3018
f 3224/6891/3019 3184/6847/3019 3187/6846/3019
f 3217/6871/3020 3198/6861/3020 3191/6860/3020
f 3207/6834/3021 3213/6892/3021 3277/6832/3021
f 3221/6893/3022 3251/6894/3022 3243/6895/3022
f 3232/6876/2970 3309/6802/2970 3252/6811/2970
f 3240/6810/3023 3232/6876/3023 3252/6811/3023
f 3184/6847/2968 3224/6891/2968 3201/6896/2968
f 3223/6825/2965 3199/6824/2965 3227/6883/2965
f 3211/6897/2722 3214/6858/2722 3196/6884/2722
f 3196/6884/2967 3227/6883/2967 3211/6897/2967
f 3212/6823/3024 3282/6868/3024 3183/6867/3024
f 3235/6898/3025 3219/6899/3025 3186/6845/3025
f 3219/6899/3026 3235/6898/3026 3215/6900/3026
f 3204/6887/3027 3187/6846/3027 3186/6845/3027
f 3512/6901/3028 3497/6902/3029 3494/6903/3030
f 3493/6904/3031 3549/6905/3031 3495/6906/3031
f 3194/6874/3032 3299/6875/3032 3197/6907/3032
f 3497/6902/3029 3499/6908/3033 3496/6909/3034
f 3493/6904/3031 3550/6910/3031 3549/6905/3031
f 3204/6887/3035 3226/6911/3035 3187/6846/3035
f 3499/6912/3033 3501/6913/3036 3498/6914/3037
f 3493/6904/3031 3551/6915/3031 3550/6910/3031
f 3243/6916/3038 3200/6917/3038 3282/6918/3038
f 3501/6913/3036 3503/6919/3039 3500/6920/3040
f 3493/6904/3031 3552/6921/3031 3551/6915/3031
f 3189/6870/3041 3282/6869/3041 3200/6922/3041
f 3503/6923/3039 3505/6924/3042 3502/6925/3043
f 3493/6904/3031 3553/6926/3031 3552/6921/3031
f 3492/6927/3044 3277/6928/3044 3213/6929/3044
f 3505/6924/3042 3507/6930/3045 3504/6931/3046
f 3493/6904/3031 3554/6932/3031 3553/6926/3031
f 3232/6876/2955 3223/6825/2955 3196/6884/2955
f 3507/6933/3045 3509/6934/3047 3506/6935/3048
f 3493/6904/3031 3555/6936/3031 3554/6932/3031
f 3232/6876/2982 3196/6884/2982 3214/6858/2982
f 3509/6934/3047 3511/6937/3049 3508/6938/3050
f 3493/6904/3031 3556/6939/3031 3555/6936/3031
f 3201/6940/3051 3221/6941/3051 3180/6821/3051
f 3511/6942/3049 3512/6901/3028 3510/6943/3052
f 3493/6904/3031 3495/6906/3031 3556/6939/3031
f 3521/6944/3053 3513/6945/3054 3512/6946/3055
f 3513/6945/3054 3514/6947/3056 3497/6948/3057
f 3514/6947/3056 3515/6949/3058 3499/6950/3059
f 3515/6949/3058 3516/6951/3060 3501/6952/3061
f 3516/6951/3060 3517/6953/3062 3503/6954/3063
f 3517/6953/3062 3518/6955/3064 3505/6956/3065
f 3518/6955/3064 3519/6957/3066 3507/6958/3067
f 3519/6957/3066 3520/6959/3068 3509/6960/3069
f 3520/6959/3068 3521/6944/3053 3511/6961/3070
f 3530/6962/3071 3522/6963/3072 3521/6964/3073
f 3522/6963/3072 3523/6965/3074 3513/6966/3075
f 3523/6967/3074 3524/6968/3076 3514/6969/3077
f 3524/6968/3076 3525/6970/3078 3515/6971/3079
f 3525/6972/3078 3526/6973/3080 3516/6974/3081
f 3526/6973/3080 3527/6975/3082 3517/6976/3083
f 3527/6977/3082 3528/6978/3084 3518/6979/3085
f 3528/6978/3084 3529/6980/3086 3519/6981/3087
f 3529/6982/3086 3530/6962/3071 3520/6983/3088
f 3539/6984/3089 3531/6985/3090 3530/6986/3091
f 3531/6985/3090 3532/6987/3092 3522/6988/3093
f 3532/6987/3092 3533/6989/3094 3523/6990/3095
f 3533/6989/3094 3534/6991/3096 3524/6992/3097
f 3534/6991/3096 3535/6993/3098 3525/6994/3099
f 3535/6993/3098 3536/6995/3100 3526/6996/3101
f 3536/6995/3100 3537/6997/3102 3527/6998/3103
f 3537/6997/3102 3538/6999/3104 3528/7000/3105
f 3538/6999/3104 3539/6984/3089 3529/7001/3106
f 3548/7002/3107 3540/7003/3108 3539/7004/3109
f 3540/7003/3108 3541/7005/3110 3531/7006/3111
f 3541/7007/3110 3542/7008/3112 3532/7009/3113
f 3542/7008/3112 3543/7010/3114 3533/7011/3115
f 3543/7012/3114 3544/7013/3116 3534/7014/3117
f 3544/7013/3116 3545/7015/3118 3535/7016/3119
f 3545/7017/3118 3546/7018/3120 3536/7019/3121
f 3546/7018/3120 3547/7020/3122 3537/7021/3123
f 3547/7022/3122 3548/7002/3107 3538/7023/3124
f 3495/7024/3125 3549/7025/3126 3548/7002/3107
f 3549/7025/3126 3550/7026/3127 3540/7003/3108
f 3550/7027/3127 3551/7028/3128 3541/7007/3110
f 3551/7028/3128 3552/7029/3129 3542/7008/3112
f 3552/7030/3129 3553/7031/3130 3543/7012/3114
f 3553/7031/3130 3554/7032/3131 3544/7013/3116
f 3554/7033/3131 3555/7034/3132 3545/7017/3118
f 3555/7034/3132 3556/7035/3133 3546/7018/3120
f 3556/7036/3133 3495/7024/3125 3547/7022/3122
f 3559/7037/3134 3561/7038/3134 3558/7039/3134
f 3557/7040/2654 3561/7041/2654 3559/7042/2654
f 3561/7043/1679 3563/7044/1679 3565/7045/1679
f 3557/7040/2654 3563/7046/2654 3561/7041/2654
f 3563/7047/3135 3559/7048/3135 3562/7049/3135
f 3557/7040/2654 3559/7042/2654 3563/7046/2654
f 3567/7050/2654 3564/7051/2654 3565/7052/2654
f 3564/7051/2654 3566/7053/2654 3558/7054/2654
f 3566/7053/2654 3567/7050/2654 3562/7055/2654
f 3570/7056/3136 3568/7057/3136 3567/7058/3136
f 3568/7059/3137 3569/7060/3137 3564/7061/3137
f 3569/7062/3138 3570/7063/3138 3566/7064/3138
f 3573/7065/2654 3571/7066/2654 3570/7067/2654
f 3571/7066/2654 3572/7068/2654 3568/7069/2654
f 3572/7068/2654 3573/7065/2654 3569/7070/2654
f 3576/7071/3139 3574/7072/3139 3573/7073/3139
f 3574/7074/3140 3575/7075/3140 3571/7076/3140
f 3575/7077/85 3576/7078/85 3572/7079/85
f 3579/7080/2650 3577/7081/2650 3576/7082/2650
f 3577/7081/2650 3578/7083/2650 3574/7084/2650
f 3578/7083/2650 3579/7080/2650 3575/7085/2650
f 3560/7086/3141 3580/7087/3141 3579/7088/3141
f 3580/7089/3142 3581/7090/3142 3577/7091/3142
f 3581/7092/3143 3560/7093/3143 3578/7094/3143
f 3584/7095/3144 3586/7096/3144 3583/7097/3145
f 3582/7098/2654 3586/7099/2654 3584/7100/2654
f 3586/7101/3146 3588/7102/3146 3590/7103/3146
f 3582/7098/2654 3588/7104/2654 3586/7099/2654
f 3588/7105/3147 3584/7106/3147 3587/7107/3147
f 3582/7098/2654 3584/7100/2654 3588/7104/2654
f 3592/7108/2654 3589/7109/2654 3590/7110/2654
f 3589/7109/2654 3591/7111/2654 3583/7112/2654
f 3591/7111/2654 3592/7108/2654 3587/7113/2654
f 3595/7114/3148 3593/7115/3148 3592/7116/3148
f 3593/7117/3149 3594/7118/3149 3589/7119/3149
f 3594/7120/3150 3595/7121/3150 3591/7122/3150
f 3598/7123/2654 3596/7124/2654 3595/7125/2654
f 3596/7124/2654 3597/7126/2654 3593/7127/2654
f 3597/7126/2654 3598/7123/2654 3594/7128/2654
f 3601/7129/3151 3599/7130/3151 3598/7131/3151
f 3599/7132/3152 3600/7133/3152 3596/7134/3152
f 3600/7135/3153 3601/7136/3153 3597/7137/3153
f 3604/7138/2650 3602/7139/2650 3601/7140/2650
f 3602/7139/2650 3603/7141/2650 3599/7142/2650
f 3603/7141/2650 3604/7138/2650 3600/7143/2650
f 3585/7144/3154 3605/7145/3154 3604/7146/3154
f 3605/7147/3155 3606/7148/3155 3602/7149/3155
f 3606/7150/3156 3585/7151/3156 3603/7152/3156
f 3609/7153/3157 3611/7154/3157 3608/7155/3158
f 3607/7156/2654 3611/7157/2654 3609/7158/2654
f 3611/7159/3159 3613/7160/3159 3615/7161/3159
f 3607/7156/2654 3613/7162/2654 3611/7157/2654
f 3613/7163/3160 3609/7164/3160 3612/7165/3160
f 3607/7156/2654 3609/7158/2654 3613/7162/2654
f 3617/7166/2654 3614/7167/2654 3615/7168/2654
f 3614/7167/2654 3616/7169/2654 3608/7170/2654
f 3494/6903/3030 3497/6902/3029 3496/6909/3034
f 3496/6909/3034 3499/6908/3033 3498/7171/3037
f 3498/6914/3037 3501/6913/3036 3500/6920/3040
f 3500/6920/3040 3503/6919/3039 3502/7172/3043
f 3502/6925/3043 3505/6924/3042 3504/6931/3046
f 3504/6931/3046 3507/6930/3045 3506/7173/3048
f 3506/6935/3048 3509/6934/3047 3508/6938/3050
f 3508/6938/3050 3511/6937/3049 3510/7174/3052
f 3510/6943/3052 3512/6901/3028 3494/6903/3030
f 3512/6946/3055 3513/6945/3054 3497/6948/3057
f 3497/6948/3057 3514/6947/3056 3499/6950/3059
f 3499/6950/3059 3515/6949/3058 3501/6952/3061
f 3501/6952/3061 3516/6951/3060 3503/6954/3063
f 3503/6954/3063 3517/6953/3062 3505/6956/3065
f 3505/6956/3065 3518/6955/3064 3507/6958/3067
f 3507/6958/3067 3519/6957/3066 3509/6960/3069
f 3509/6960/3069 3520/6959/3068 3511/6961/3070
f 3511/6961/3070 3521/6944/3053 3512/6946/3055
f 3521/6964/3073 3522/6963/3072 3513/6966/3075
f 3513/6966/3075 3523/6965/3074 3514/7175/3077
f 3514/6969/3077 3524/6968/3076 3515/6971/3079
f 3515/6971/3079 3525/6970/3078 3516/7176/3081
f 3516/6974/3081 3526/6973/3080 3517/6976/3083
f 3517/6976/3083 3527/6975/3082 3518/7177/3085
f 3518/6979/3085 3528/6978/3084 3519/6981/3087
f 3519/6981/3087 3529/6980/3086 3520/7178/3088
f 3520/6983/3088 3530/6962/3071 3521/6964/3073
f 3530/6986/3091 3531/6985/3090 3522/6988/3093
f 3522/6988/3093 3532/6987/3092 3523/6990/3095
f 3523/6990/3095 3533/6989/3094 3524/6992/3097
f 3524/6992/3097 3534/6991/3096 3525/6994/3099
f 3525/6994/3099 3535/6993/3098 3526/6996/3101
f 3526/6996/3101 3536/6995/3100 3527/6998/3103
f 3527/6998/3103 3537/6997/3102 3528/7000/3105
f 3528/7000/3105 3538/6999/3104 3529/7001/3106
f 3529/7001/3106 3539/6984/3089 3530/6986/3091
f 3539/7004/3109 3540/7003/3108 3531/7006/3111
f 3531/7006/3111 3541/7005/3110 3532/7179/3113
f 3532/7009/3113 3542/7008/3112 3533/7011/3115
f 3533/7011/3115 3543/7010/3114 3534/7180/3117
f 3534/7014/3117 3544/7013/3116 3535/7016/3119
f 3535/7016/3119 3545/7015/3118 3536/7181/3121
f 3536/7019/3121 3546/7018/3120 3537/7021/3123
f 3537/7021/3123 3547/7020/3122 3538/7182/3124
f 3538/7023/3124 3548/7002/3107 3539/7004/3109
f 3548/7002/3107 3549/7025/3126 3540/7003/3108
f 3540/7003/3108 3550/7026/3127 3541/7005/3110
f 3541/7007/3110 3551/7028/3128 3542/7008/3112
f 3542/7008/3112 3552/7029/3129 3543/7010/3114
f 3543/7012/3114 3553/7031/3130 3544/7013/3116
f 3544/7013/3116 3554/7032/3131 3545/7015/3118
f 3545/7017/3118 3555/7034/3132 3546/7018/3120
f 3546/7018/3120 3556/7035/3133 3547/7020/3122
f 3547/7022/3122 3495/7024/3125 3548/7002/3107
f 3558/7039/3134 3561/7038/3134 3565/7183/3134
f 3565/7045/1679 3563/7044/1679 3562/7184/1679
f 3562/7049/3135 3559/7048/3135 3558/7185/3135
f 3565/7052/2654 3564/7051/2654 3558/7054/2654
f 3558/7054/2654 3566/7053/2654 3562/7055/2654
f 3562/7055/2654 3567/7050/2654 3565/7052/2654
f 3567/7058/3136 3568/7057/3136 3564/7186/3136
f 3564/7061/3137 3569/7060/3137 3566/7187/3137
f 3566/7064/3138 3570/7063/3138 3567/7188/3138
f 3570/7067/2654 3571/7066/2654 3568/7069/2654
f 3568/7069/2654 3572/7068/2654 3569/7070/2654
f 3569/7070/2654 3573/7065/2654 3570/7067/2654
f 3573/7073/3139 3574/7072/3139 3571/7189/3139
f 3571/7076/3140 3575/7075/3140 3572/7190/3140
f 3572/7079/85 3576/7078/85 3573/7191/85
f 3576/7082/2650 3577/7081/2650 3574/7084/2650
f 3574/7084/2650 3578/7083/2650 3575/7085/2650
f 3575/7085/2650 3579/7080/2650 3576/7082/2650
f 3579/7088/3141 3580/7087/3141 3577/7192/3141
f 3577/7091/3142 3581/7090/3142 3578/7193/3142
f 3578/7094/3143 3560/7093/3143 3579/7194/3143
f 3583/7097/3145 3586/7096/3144 3590/7195/3145
f 3590/7103/3146 3588/7102/3146 3587/7196/3146
f 3587/7107/3147 3584/7106/3147 3583/7197/3147
f 3590/7110/2654 3589/7109/2654 3583/7112/2654
f 3583/7112/2654 3591/7111/2654 3587/7113/2654
f 3587/7113/2654 3592/7108/2654 3590/7110/2654
f 3592/7116/3148 3593/7115/3148 3589/7198/3148
f 3589/7119/3149 3594/7118/3149 3591/7199/3149
f 3591/7122/3150 3595/7121/3150 3592/7200/3150
f 3595/7125/2654 3596/7124/2654 3593/7127/2654
f 3593/7127/2654 3597/7126/2654 3594/7128/2654
f 3594/7128/2654 3598/7123/2654 3595/7125/2654
f 3598/7131/3151 3599/7130/3151 3596/7201/3151
f 3596/7134/3152 3600/7133/3152 3597/7202/3152
f 3597/7137/3153 3601/7136/3153 3598/7203/3153
f 3601/7140/2650 3602/7139/2650 3599/7142/2650
f 3599/7142/2650 3603/7141/2650 3600/7143/2650
f 3600/7143/2650 3604/7138/2650 3601/7140/2650
f 3604/7146/3154 3605/7145/3154 3602/7204/3154
f 3602/7149/3155 3606/7148/3155 3603/7205/3155
f 3603/7152/3156 3585/7151/3156 3604/7206/3156
f 3608/7155/3158 3611/7154/3157 3615/7207/3158
f 3615/7161/3159 3613/7160/3159 3612/7208/3159
f 3612/7165/3160 3609/7164/3160 3608/7209/3160
f 3615/7168/2654 3614/7167/2654 3608/7170/2654
f 3608/7170/2654 3616/7169/2654 3612/7210/2660
f 3612/7210/2660 3617/7166/2654 3615/7168/2654
f 3617/7211/3161 3618/7212/3161 3614/7213/3161
f 3614/7214/3162 3619/7215/3162 3616/7216/3162
f 3616/7217/3163 3620/7218/3163 3617/7219/3163
f 3620/7220/2654 3621/7221/2654 3618/7222/2654
f 3618/7222/2654 3622/7223/2654 3619/7224/2654
f 3619/7224/2654 3623/7225/2654 3620/7220/2654
f 3623/7226/3164 3624/7227/3164 3621/7228/3164
f 3621/7229/3165 3625/7230/3165 3622/7231/3165
f 3622/7232/3166 3626/7233/3166 3623/7234/3166
f 3626/7235/2650 3627/7236/2650 3624/7237/2650
f 3624/7237/2650 3628/7238/2650 3625/7239/2650
f 3625/7239/2650 3629/7240/2650 3626/7235/2650
f 3629/7241/3167 3630/7242/3167 3627/7243/3167
f 3627/7244/3168 3491/7245/3168 3628/7246/3168
f 3628/7247/3169 3610/7248/3169 3629/7249/3169
f 3489/7250/3170 3486/7251/3170 3482/7252/3171
f 3482/7253/3172 3484/7254/3172 3485/7255/3172
f 3485/7256/3173 3488/7257/3173 3489/7258/3173
f 3482/7259/2654 3483/7260/2654 3489/7261/2654
f 3489/7261/2654 3481/7262/2659 3485/7263/2659
f 3485/7263/2659 3480/7264/2654 3482/7259/2654
f 3480/7265/3174 3479/7266/3174 3483/7267/3174
f 3483/7268/3175 3478/7269/3175 3481/7270/3175
f 3481/7271/3176 3477/7272/3176 3480/7273/3176
f 3477/7274/2654 3476/7275/2654 3479/7276/2654
f 3479/7276/2654 3475/7277/2654 3478/7278/2654
f 3478/7278/2654 3474/7279/2654 3477/7274/2654
f 3474/7280/3177 3473/7281/3177 3476/7282/3177
f 3476/7283/3178 3472/7284/3178 3475/7285/3178
f 3475/7286/3179 3471/7287/3179 3474/7288/3179
f 3471/7289/2650 3470/7290/2650 3473/7291/2650
f 3473/7291/2650 3469/7292/2650 3472/7293/2650
f 3472/7293/2650 3468/7294/2650 3471/7289/2650
f 3468/7295/3180 3467/7296/3180 3470/7297/3180
f 3470/7298/3181 3466/7299/3181 3469/7300/3181
f 3469/7301/3182 3487/7302/3182 3468/7303/3182
f 3464/7304/3183 3461/7305/3183 3457/7306/3183
f 3457/7307/3184 3459/7308/3184 3460/7309/3184
f 3460/7310/3185 3463/7311/3185 3464/7312/3185
f 3457/7313/2654 3458/7314/2654 3464/7315/2654
f 3464/7315/2654 3456/7316/2654 3460/7317/2654
f 3460/7317/2654 3455/7318/2654 3457/7313/2654
f 3455/7319/3186 3454/7320/3186 3458/7321/3187
f 3458/7322/3188 3453/7323/3188 3456/7324/3188
f 3456/7325/3189 3452/7326/3189 3455/7327/3189
f 3452/7328/2654 3451/7329/2654 3454/7330/2654
f 3454/7330/2654 3450/7331/2654 3453/7332/2654
f 3453/7332/2654 3449/7333/2654 3452/7328/2654
f 3449/7334/3190 3448/7335/3190 3451/7336/3190
f 3451/7337/3191 3447/7338/3191 3450/7339/3191
f 3450/7340/3192 3446/7341/3192 3449/7342/3192
f 3446/7343/2650 3445/7344/2650 3448/7345/2650
f 3448/7345/2650 3444/7346/2650 3447/7347/2650
f 3447/7347/2650 3443/7348/2650 3446/7343/2650
f 3443/7349/3193 3442/7350/3193 3445/7351/3193
f 3445/7352/3194 3441/7353/3194 3444/7354/3194
f 3444/7355/3195 3462/7356/3195 3443/7357/3195
f 3439/7358/3196 3436/7359/3196 3432/7360/3196
f 3432/7361/3197 3434/7362/3197 3435/7363/3197
f 3435/7364/3198 3438/7365/3199 3439/7366/3198
f 3432/7367/2660 3433/7368/2654 3439/7369/2654
f 3439/7369/2654 3431/7370/2654 3435/7371/2654
f 3435/7371/2654 3430/7372/2660 3432/7367/2660
f 3430/7373/3200 3429/7374/3200 3433/7375/3200
f 3433/7376/3201 3428/7377/3201 3431/7378/3201
f 3431/7379/3202 3427/7380/3202 3430/7381/3202
f 3427/7382/2654 3426/7383/2654 3429/7384/2654
f 3429/7384/2654 3425/7385/2654 3428/7386/2654
f 3428/7386/2654 3424/7387/2654 3427/7382/2654
f 3424/7388/3203 3423/7389/3203 3426/7390/3203
f 3426/7391/3204 3422/7392/3204 3425/7393/3204
f 3425/7394/3205 3421/7395/3205 3424/7396/3205
f 3421/7397/2650 3420/7398/2650 3423/7399/2650
f 3423/7399/2650 3419/7400/2650 3422/7401/2650
f 3422/7401/2650 3418/7402/2650 3421/7397/2650
f 3418/7403/3206 3417/7404/3206 3420/7405/3206
f 3420/7406/3207 3416/7407/3207 3419/7408/3207
f 3419/7409/3208 3437/7410/3208 3418/7411/3208
f 3414/7412/3209 3411/7413/3209 3407/7414/3209
f 3407/7415/3210 3409/7416/3210 3410/7417/3210
f 3410/7418/3211 3413/7419/3211 3414/7420/3211
f 3407/7421/2654 3408/7422/2659 3414/7423/2659
f 3414/7423/2659 3406/7424/2654 3410/7425/2654
f 3410/7425/2654 3405/7426/2654 3407/7421/2654
f 3405/7427/3212 3404/7428/3212 3408/7429/3212
f 3408/7430/3213 3403/7431/3213 3406/7432/3213
f 3406/7433/3214 3402/7434/3214 3405/7435/3214
f 3402/7436/2654 3401/7437/2654 3404/7438/2654
f 3404/7438/2654 3400/7439/2654 3403/7440/2654
f 3403/7440/2654 3399/7441/2654 3402/7436/2654
f 3399/7442/3215 3398/7443/3215 3401/7444/3215
f 3401/7445/3216 3397/7446/3216 3400/7447/3216
f 3400/7448/3217 3396/7449/3217 3399/7450/3217
f 3396/7451/2650 3395/7452/2650 3398/7453/2650
f 3398/7453/2650 3394/7454/2650 3397/7455/2650
f 3397/7455/2650 3393/7456/2650 3396/7451/2650
f 3393/7457/3218 3392/7458/3218 3395/7459/3218
f 3395/7460/3219 3391/7461/3219 3394/7462/3219
f 3394/7463/3220 3412/7464/3220 3393/7465/3220
f 3389/7466/3221 3386/7467/3221 3382/7468/3221
f 3382/7469/3222 3384/7470/3223 3385/7471/3222
f 3385/7472/3224 3388/7473/3224 3389/7474/3225
f 3382/7475/2654 3383/7476/2654 3389/7477/2654
f 3389/7477/2654 3381/7478/2659 3385/7479/2659
f 3385/7479/2659 3380/7480/2654 3382/7475/2654
f 3380/7481/3226 3379/7482/3226 3383/7483/3226
f 3383/7484/3227 3378/7485/3227 3381/7486/3227
f 3381/7487/3228 3377/7488/3228 3380/7489/3228
f 3377/7490/2654 3376/7491/2654 3379/7492/2654
f 3379/7492/2654 3375/7493/2654 3378/7494/2654
f 3378/7494/2654 3374/7495/2654 3377/7490/2654
f 3374/7496/3229 3373/7497/3229 3376/7498/3230
f 3376/7499/3231 3372/7500/3231 3375/7501/3231
f 3375/7502/3232 3371/7503/3232 3374/7504/3232
f 3371/7505/2650 3370/7506/2650 3373/7507/2650
f 3373/7507/2650 3369/7508/2650 3372/7509/2650
f 3372/7509/2650 3368/7510/2650 3371/7505/2650
f 3368/7511/3233 3367/7512/3233 3370/7513/3233
f 3370/7514/3234 3366/7515/3234 3369/7516/3234
f 3369/7517/3235 3387/7518/3235 3368/7519/3235
f 3364/7520/3236 3361/7521/3236 3357/7522/3236
f 3357/7523/3237 3359/7524/3237 3360/7525/3237
f 3360/7526/3238 3363/7527/3238 3364/7528/3238
f 3357/7529/2659 3358/7530/2654 3364/7531/2654
f 3364/7531/2654 3356/7532/2654 3360/7533/2654
f 3360/7533/2654 3355/7534/2659 3357/7529/2659
f 3355/7535/3239 3354/7536/3239 3358/7537/3239
f 3358/7538/3240 3353/7539/3240 3356/7540/3240
f 3356/7541/3241 3352/7542/3241 3355/7543/3241
f 3352/7544/2654 3351/7545/2654 3354/7546/2654
f 3354/7546/2654 3350/7547/2654 3353/7548/2654
f 3353/7548/2654 3349/7549/2654 3352/7544/2654
f 3349/7550/3242 3348/7551/3242 3351/7552/3242
f 3351/7553/3243 3347/7554/3243 3350/7555/3243
f 3350/7556/3244 3346/7557/3244 3349/7558/3244
f 3346/7559/2650 3345/7560/2650 3348/7561/2650
f 3348/7561/2650 3344/7562/2650 3347/7563/2650
f 3347/7563/2650 3343/7564/2650 3346/7559/2650
f 3343/7565/3245 3342/7566/3245 3345/7567/3245
f 3345/7568/3246 3341/7569/3246 3344/7570/3246
f 3344/7571/3247 3362/7572/3247 3343/7573/3247
f 3339/7574/3248 3336/7575/3248 3332/7576/3248
f 3332/7577/3249 3334/7578/3249 3335/7579/3249
f 3335/7580/3250 3338/7581/3250 3339/7582/3250
f 3332/7583/2659 3333/7584/2654 3339/7585/2654
f 3339/7585/2654 3331/7586/2660 3335/7587/2660
f 3335/7587/2660 3330/7588/2654 3332/7583/2659
f 3330/7589/3251 3329/7590/3251 3333/7591/3251
f 3333/7592/3252 3328/7593/3252 3331/7594/3252
f 3331/7595/3253 3327/7596/3253 3330/7597/3253
f 3327/7598/2654 3326/7599/2654 3329/7600/2654
f 3329/7600/2654 3325/7601/2654 3328/7602/2654
f 3328/7602/2654 3324/7603/2654 3327/7598/2654
f 3324/7604/3254 3323/7605/3254 3326/7606/3254
f 3326/7607/3255 3322/7608/3255 3325/7609/3255
f 3325/7610/3256 3321/7611/3256 3324/7612/3256
f 3321/7613/2650 3320/7614/2650 3323/7615/2650
f 3323/7615/2650 3319/7616/2650 3322/7617/2650
f 3322/7617/2650 3318/7618/2650 3321/7613/2650
f 3318/7619/3257 3317/7620/3257 3320/7621/3257
f 3320/7622/3258 3316/7623/3258 3319/7624/3258
f 3319/7625/3259 3337/7626/3259 3318/7627/3259
f 3314/7628/3260 3311/7629/3260 3306/7630/3260
f 3306/7631/3261 3308/7632/3261 3310/7633/3261
f 3310/7634/3262 3313/7635/3262 3314/7636/3262
f 3306/7637/2654 3307/7638/2654 3314/7639/2654
f 3314/7639/2654 3305/7640/2654 3310/7641/2654
f 3310/7641/2654 3304/7642/2654 3306/7637/2654
f 3304/7643/3263 3303/7644/3263 3307/7645/3263
f 3307/7646/3264 3302/7647/3264 3305/7648/3264
f 3305/7649/3265 3301/7650/3265 3304/7651/3265
f 3301/7652/2654 3300/7653/2654 3303/7654/2654
f 3303/7654/2654 3298/7655/2654 3302/7656/2654
f 3302/7656/2654 3297/7657/2654 3301/7652/2654
f 3297/7658/3266 3296/7659/3266 3300/7660/3266
f 3300/7661/3267 3295/7662/3267 3298/7663/3267
f 3298/7664/3268 3294/7665/3268 3297/7666/3268
f 3294/7667/2650 3293/7668/2650 3296/7669/2650
f 3296/7669/2650 3292/7670/2650 3295/7671/2650
f 3295/7671/2650 3291/7672/2650 3294/7667/2650
f 3291/7673/3269 3290/7674/3269 3293/7675/3269
f 3293/7676/3270 3289/7677/3270 3292/7678/3270
f 3292/7679/3271 3312/7680/3271 3291/7681/3271
f 3287/7682/3272 3284/7683/3272 3275/7684/3272
f 3275/7685/3273 3279/7686/3273 3283/7687/3273
f 3283/7688/3274 3286/7689/3274 3287/7690/3274
f 3275/7691/2654 3276/7692/2654 3287/7693/2654
f 3287/7693/2654 3274/7694/2654 3283/7695/2654
f 3283/7695/2654 3273/7696/2654 3275/7691/2654
f 3273/7697/3275 3272/7698/3275 3276/7699/3275
f 3276/7700/3276 3271/7701/3276 3274/7702/3276
f 3274/7703/3277 3270/7704/3277 3273/7705/3277
f 3270/7706/2654 3269/7707/2654 3272/7708/2654
f 3272/7708/2654 3268/7709/2654 3271/7710/2654
f 3271/7710/2654 3267/7711/2654 3270/7706/2654
f 3267/7712/3278 3266/7713/3278 3269/7714/3278
f 3269/7715/3279 3265/7716/3279 3268/7717/3279
f 3268/7718/3280 3264/7719/3280 3267/7720/3280
f 3264/7721/2650 3263/7722/2650 3266/7723/2650
f 3266/7723/2650 3262/7724/2650 3265/7725/2650
f 3265/7725/2650 3261/7726/2650 3264/7721/2650
f 3261/7727/3281 3260/7728/3281 3263/7729/3281
f 3263/7730/3282 3259/7731/3282 3262/7732/3282
f 3262/7733/3283 3285/7734/3283 3261/7735/3283
f 3257/7736/3284 3254/7737/3284 3248/7738/3284
f 3248/7739/3285 3250/7740/3285 3253/7741/3285
f 3253/7742/3286 3256/7743/3286 3257/7744/3286
f 3248/7745/2654 3249/7746/2654 3257/7747/2654
f 3257/7747/2654 3246/7748/2654 3253/7749/2654
f 3253/7749/2654 3244/7750/2654 3248/7745/2654
f 3244/7751/3287 3242/7752/3287 3249/7753/3287
f 3249/7754/3288 3238/7755/3288 3246/7756/3288
f 3246/7757/3289 3237/7758/3290 3244/7759/3289
f 3237/7760/2654 3234/7761/2654 3242/7762/2654
f 3242/7762/2654 3231/7763/2654 3238/7764/2654
f 3238/7764/2654 3230/7765/2654 3237/7760/2654
f 3230/7766/3291 3229/7767/3291 3234/7768/3291
f 3234/7769/3292 3209/7770/3292 3231/7771/3292
f 3231/7772/3293 3206/7773/3293 3230/7774/3293
f 3206/7775/2650 3205/7776/2650 3229/7777/2650
f 3229/7777/2650 3185/7778/2650 3209/7779/2650
f 3209/7779/2650 3182/7780/2650 3206/7775/2650
f 3182/7781/3294 3178/7782/3294 3205/7783/3294
f 3205/7784/3295 3177/7785/3295 3185/7786/3295
f 3185/7787/3296 3255/7788/3296 3182/7789/3296
f 3616/7169/2654 3617/7166/2654 3612/7210/2660
f 3620/7790/3161 3618/7212/3161 3617/7211/3161
f 3618/7791/3162 3619/7215/3162 3614/7214/3162
f 3619/7792/3163 3620/7218/3163 3616/7217/3163
f 3623/7225/2654 3621/7221/2654 3620/7220/2654
f 3621/7221/2654 3622/7223/2654 3618/7222/2654
f 3622/7223/2654 3623/7225/2654 3619/7224/2654
f 3626/7793/3164 3624/7227/3164 3623/7226/3164
f 3624/7794/3165 3625/7230/3165 3621/7229/3165
f 3625/7795/3166 3626/7233/3166 3622/7232/3166
f 3629/7240/2650 3627/7236/2650 3626/7235/2650
f 3627/7236/2650 3628/7238/2650 3624/7237/2650
f 3628/7238/2650 3629/7240/2650 3625/7239/2650
f 3610/7796/3167 3630/7242/3167 3629/7241/3167
f 3630/7797/3168 3491/7245/3168 3627/7244/3168
f 3491/7798/3169 3610/7248/3169 3628/7247/3169
f 3488/7799/3170 3486/7251/3170 3489/7250/3170
f 3490/7800/2654 3486/7801/2654 3488/7802/2654
f 3486/7803/3172 3484/7254/3172 3482/7253/3172
f 3490/7800/2654 3484/7804/2654 3486/7801/2654
f 3484/7805/3173 3488/7257/3173 3485/7256/3173
f 3490/7800/2654 3488/7802/2654 3484/7804/2654
f 3480/7264/2654 3483/7260/2654 3482/7259/2654
f 3483/7260/2654 3481/7262/2659 3489/7261/2654
f 3481/7262/2659 3480/7264/2654 3485/7263/2659
f 3477/7806/3174 3479/7266/3174 3480/7265/3174
f 3479/7807/3175 3478/7269/3175 3483/7268/3175
f 3478/7808/3176 3477/7272/3176 3481/7271/3176
f 3474/7279/2654 3476/7275/2654 3477/7274/2654
f 3476/7275/2654 3475/7277/2654 3479/7276/2654
f 3475/7277/2654 3474/7279/2654 3478/7278/2654
f 3471/7809/3177 3473/7281/3177 3474/7280/3177
f 3473/7810/3178 3472/7284/3178 3476/7283/3178
f 3472/7811/3179 3471/7287/3179 3475/7286/3179
f 3468/7294/2650 3470/7290/2650 3471/7289/2650
f 3470/7290/2650 3469/7292/2650 3473/7291/2650
f 3469/7292/2650 3468/7294/2650 3472/7293/2650
f 3487/7812/3180 3467/7296/3180 3468/7295/3180
f 3467/7813/3181 3466/7299/3181 3470/7298/3181
f 3466/7814/3182 3487/7302/3182 3469/7301/3182
f 3463/7815/3183 3461/7305/3183 3464/7304/3183
f 3465/7816/2654 3461/7817/2654 3463/7818/2654
f 3461/7819/3184 3459/7308/3184 3457/7307/3184
f 3465/7816/2654 3459/7820/2654 3461/7817/2654
f 3459/7821/3185 3463/7311/3185 3460/7310/3185
f 3465/7816/2654 3463/7818/2654 3459/7820/2654
f 3455/7318/2654 3458/7314/2654 3457/7313/2654
f 3458/7314/2654 3456/7316/2654 3464/7315/2654
f 3456/7316/2654 3455/7318/2654 3460/7317/2654
f 3452/7822/3186 3454/7320/3186 3455/7319/3186
f 3454/7823/3188 3453/7323/3188 3458/7322/3188
f 3453/7824/3189 3452/7326/3189 3456/7325/3189
f 3449/7333/2654 3451/7329/2654 3452/7328/2654
f 3451/7329/2654 3450/7331/2654 3454/7330/2654
f 3450/7331/2654 3449/7333/2654 3453/7332/2654
f 3446/7825/3190 3448/7335/3190 3449/7334/3190
f 3448/7826/3191 3447/7338/3191 3451/7337/3191
f 3447/7827/3192 3446/7341/3192 3450/7340/3192
f 3443/7348/2650 3445/7344/2650 3446/7343/2650
f 3445/7344/2650 3444/7346/2650 3448/7345/2650
f 3444/7346/2650 3443/7348/2650 3447/7347/2650
f 3462/7828/3193 3442/7350/3193 3443/7349/3193
f 3442/7829/3194 3441/7353/3194 3445/7352/3194
f 3441/7830/3195 3462/7356/3195 3444/7355/3195
f 3438/7831/3196 3436/7359/3196 3439/7358/3196
f 3440/7832/2654 3436/7833/2654 3438/7834/2654
f 3436/7835/3197 3434/7362/3197 3432/7361/3197
f 3440/7832/2654 3434/7836/2654 3436/7833/2654
f 3434/7837/3199 3438/7365/3199 3435/7364/3198
f 3440/7832/2654 3438/7834/2654 3434/7836/2654
f 3430/7372/2660 3433/7368/2654 3432/7367/2660
f 3433/7368/2654 3431/7370/2654 3439/7369/2654
f 3431/7370/2654 3430/7372/2660 3435/7371/2654
f 3427/7838/3200 3429/7374/3200 3430/7373/3200
f 3429/7839/3201 3428/7377/3201 3433/7376/3201
f 3428/7840/3202 3427/7380/3202 3431/7379/3202
f 3424/7387/2654 3426/7383/2654 3427/7382/2654
f 3426/7383/2654 3425/7385/2654 3429/7384/2654
f 3425/7385/2654 3424/7387/2654 3428/7386/2654
f 3421/7841/3203 3423/7389/3203 3424/7388/3203
f 3423/7842/3204 3422/7392/3204 3426/7391/3204
f 3422/7843/3205 3421/7395/3205 3425/7394/3205
f 3418/7402/2650 3420/7398/2650 3421/7397/2650
f 3420/7398/2650 3419/7400/2650 3423/7399/2650
f 3419/7400/2650 3418/7402/2650 3422/7401/2650
f 3437/7844/3206 3417/7404/3206 3418/7403/3206
f 3417/7845/3207 3416/7407/3207 3420/7406/3207
f 3416/7846/3208 3437/7410/3208 3419/7409/3208
f 3413/7847/3209 3411/7413/3209 3414/7412/3209
f 3415/7848/2654 3411/7849/2654 3413/7850/2654
f 3411/7851/3210 3409/7416/3210 3407/7415/3210
f 3415/7848/2654 3409/7852/2654 3411/7849/2654
f 3409/7853/3211 3413/7419/3211 3410/7418/3211
f 3415/7848/2654 3413/7850/2654 3409/7852/2654
f 3405/7426/2654 3408/7422/2659 3407/7421/2654
f 3408/7422/2659 3406/7424/2654 3414/7423/2659
f 3406/7424/2654 3405/7426/2654 3410/7425/2654
f 3402/7854/3212 3404/7428/3212 3405/7427/3212
f 3404/7855/3213 3403/7431/3213 3408/7430/3213
f 3403/7856/3214 3402/7434/3214 3406/7433/3214
f 3399/7441/2654 3401/7437/2654 3402/7436/2654
f 3401/7437/2654 3400/7439/2654 3404/7438/2654
f 3400/7439/2654 3399/7441/2654 3403/7440/2654
f 3396/7857/3215 3398/7443/3215 3399/7442/3215
f 3398/7858/3216 3397/7446/3216 3401/7445/3216
f 3397/7859/3217 3396/7449/3217 3400/7448/3217
f 3393/7456/2650 3395/7452/2650 3396/7451/2650
f 3395/7452/2650 3394/7454/2650 3398/7453/2650
f 3394/7454/2650 3393/7456/2650 3397/7455/2650
f 3412/7860/3218 3392/7458/3218 3393/7457/3218
f 3392/7861/3219 3391/7461/3219 3395/7460/3219
f 3391/7862/3220 3412/7464/3220 3394/7463/3220
f 3388/7863/3297 3386/7467/3221 3389/7466/3221
f 3390/7864/2654 3386/7865/2654 3388/7866/2654
f 3386/7867/3223 3384/7470/3223 3382/7469/3222
f 3390/7864/2654 3384/7868/2654 3386/7865/2654
f 3384/7869/3224 3388/7473/3224 3385/7472/3224
f 3390/7864/2654 3388/7866/2654 3384/7868/2654
f 3380/7480/2654 3383/7476/2654 3382/7475/2654
f 3383/7476/2654 3381/7478/2659 3389/7477/2654
f 3381/7478/2659 3380/7480/2654 3385/7479/2659
f 3377/7870/3226 3379/7482/3226 3380/7481/3226
f 3379/7871/3227 3378/7485/3227 3383/7484/3227
f 3378/7872/3228 3377/7488/3228 3381/7487/3228
f 3374/7495/2654 3376/7491/2654 3377/7490/2654
f 3376/7491/2654 3375/7493/2654 3379/7492/2654
f 3375/7493/2654 3374/7495/2654 3378/7494/2654
f 3371/7873/3229 3373/7497/3229 3374/7496/3229
f 3373/7874/3231 3372/7500/3231 3376/7499/3231
f 3372/7875/3232 3371/7503/3232 3375/7502/3232
f 3368/7510/2650 3370/7506/2650 3371/7505/2650
f 3370/7506/2650 3369/7508/2650 3373/7507/2650
f 3369/7508/2650 3368/7510/2650 3372/7509/2650
f 3387/7876/3233 3367/7512/3233 3368/7511/3233
f 3367/7877/3234 3366/7515/3234 3370/7514/3234
f 3366/7878/3235 3387/7518/3235 3369/7517/3235
f 3363/7879/3236 3361/7521/3236 3364/7520/3236
f 3365/7880/2654 3361/7881/2654 3363/7882/2654
f 3361/7883/3237 3359/7524/3237 3357/7523/3237
f 3365/7880/2654 3359/7884/2654 3361/7881/2654
f 3359/7885/3238 3363/7527/3238 3360/7526/3238
f 3365/7880/2654 3363/7882/2654 3359/7884/2654
f 3355/7534/2659 3358/7530/2654 3357/7529/2659
f 3358/7530/2654 3356/7532/2654 3364/7531/2654
f 3356/7532/2654 3355/7534/2659 3360/7533/2654
f 3352/7886/3239 3354/7536/3239 3355/7535/3239
f 3354/7887/3240 3353/7539/3240 3358/7538/3240
f 3353/7888/3241 3352/7542/3241 3356/7541/3241
f 3349/7549/2654 3351/7545/2654 3352/7544/2654
f 3351/7545/2654 3350/7547/2654 3354/7546/2654
f 3350/7547/2654 3349/7549/2654 3353/7548/2654
f 3346/7889/3242 3348/7551/3242 3349/7550/3242
f 3348/7890/3243 3347/7554/3243 3351/7553/3243
f 3347/7891/3244 3346/7557/3244 3350/7556/3244
f 3343/7564/2650 3345/7560/2650 3346/7559/2650
f 3345/7560/2650 3344/7562/2650 3348/7561/2650
f 3344/7562/2650 3343/7564/2650 3347/7563/2650
f 3362/7892/3245 3342/7566/3245 3343/7565/3245
f 3342/7893/3246 3341/7569/3246 3345/7568/3246
f 3341/7894/3247 3362/7572/3247 3344/7571/3247
f 3338/7895/3248 3336/7575/3248 3339/7574/3248
f 3340/7896/2654 3336/7897/2654 3338/7898/2654
f 3336/7899/3249 3334/7578/3249 3332/7577/3249
f 3340/7896/2654 3334/7900/2654 3336/7897/2654
f 3334/7901/3250 3338/7581/3250 3335/7580/3250
f 3340/7896/2654 3338/7898/2654 3334/7900/2654
f 3330/7588/2654 3333/7584/2654 3332/7583/2659
f 3333/7584/2654 3331/7586/2660 3339/7585/2654
f 3331/7586/2660 3330/7588/2654 3335/7587/2660
f 3327/7902/3251 3329/7590/3251 3330/7589/3251
f 3329/7903/3252 3328/7593/3252 3333/7592/3252
f 3328/7904/3253 3327/7596/3253 3331/7595/3253
f 3324/7603/2654 3326/7599/2654 3327/7598/2654
f 3326/7599/2654 3325/7601/2654 3329/7600/2654
f 3325/7601/2654 3324/7603/2654 3328/7602/2654
f 3321/7905/3254 3323/7605/3254 3324/7604/3254
f 3323/7906/3255 3322/7608/3255 3326/7607/3255
f 3322/7907/3256 3321/7611/3256 3325/7610/3256
f 3318/7618/2650 3320/7614/2650 3321/7613/2650
f 3320/7614/2650 3319/7616/2650 3323/7615/2650
f 3319/7616/2650 3318/7618/2650 3322/7617/2650
f 3337/7908/3257 3317/7620/3257 3318/7619/3257
f 3317/7909/3258 3316/7623/3258 3320/7622/3258
f 3316/7910/3259 3337/7626/3259 3319/7625/3259
f 3313/7911/3260 3311/7629/3260 3314/7628/3260
f 3315/7912/2654 3311/7913/2654 3313/7914/2654
f 3311/7915/3261 3308/7632/3261 3306/7631/3261
f 3315/7912/2654 3308/7916/2654 3311/7913/2654
f 3308/7917/3262 3313/7635/3262 3310/7634/3262
f 3315/7912/2654 3313/7914/2654 3308/7916/2654
f 3304/7642/2654 3307/7638/2654 3306/7637/2654
f 3307/7638/2654 3305/7640/2654 3314/7639/2654
f 3305/7640/2654 3304/7642/2654 3310/7641/2654
f 3301/7918/3263 3303/7644/3263 3304/7643/3263
f 3303/7919/3264 3302/7647/3264 3307/7646/3264
f 3302/7920/3265 3301/7650/3265 3305/7649/3265
f 3297/7657/2654 3300/7653/2654 3301/7652/2654
f 3300/7653/2654 3298/7655/2654 3303/7654/2654
f 3298/7655/2654 3297/7657/2654 3302/7656/2654
f 3294/7921/3266 3296/7659/3266 3297/7658/3266
f 3296/7922/3267 3295/7662/3267 3300/7661/3267
f 3295/7923/3268 3294/7665/3268 3298/7664/3268
f 3291/7672/2650 3293/7668/2650 3294/7667/2650
f 3293/7668/2650 3292/7670/2650 3296/7669/2650
f 3292/7670/2650 3291/7672/2650 3295/7671/2650
f 3312/7924/3269 3290/7674/3269 3291/7673/3269
f 3290/7925/3270 3289/7677/3270 3293/7676/3270
f 3289/7926/3271 3312/7680/3271 3292/7679/3271
f 3286/7927/3272 3284/7683/3272 3287/7682/3272
f 3288/7928/2654 3284/7929/2654 3286/7930/2654
f 3284/7931/3273 3279/7686/3273 3275/7685/3273
f 3288/7928/2654 3279/7932/2654 3284/7929/2654
f 3279/7933/3274 3286/7689/3274 3283/7688/3274
f 3288/7928/2654 3286/7930/2654 3279/7932/2654
f 3273/7696/2654 3276/7692/2654 3275/7691/2654
f 3276/7692/2654 3274/7694/2654 3287/7693/2654
f 3274/7694/2654 3273/7696/2654 3283/7695/2654
f 3270/7934/3275 3272/7698/3275 3273/7697/3275
f 3272/7935/3276 3271/7701/3276 3276/7700/3276
f 3271/7936/3277 3270/7704/3277 3274/7703/3277
f 3267/7711/2654 3269/7707/2654 3270/7706/2654
f 3269/7707/2654 3268/7709/2654 3272/7708/2654
f 3268/7709/2654 3267/7711/2654 3271/7710/2654
f 3264/7937/3278 3266/7713/3278 3267/7712/3278
f 3266/7938/3279 3265/7716/3279 3269/7715/3279
f 3265/7939/3280 3264/7719/3280 3268/7718/3280
f 3261/7726/2650 3263/7722/2650 3264/7721/2650
f 3263/7722/2650 3262/7724/2650 3266/7723/2650
f 3262/7724/2650 3261/7726/2650 3265/7725/2650
f 3285/7940/3281 3260/7728/3281 3261/7727/3281
f 3260/7941/3282 3259/7731/3282 3263/7730/3282
f 3259/7942/3283 3285/7734/3283 3262/7733/3283
f 3256/7943/3284 3254/7737/3284 3257/7736/3284
f 3258/7944/2654 3254/7945/2654 3256/7946/2654
f 3254/7947/3285 3250/7740/3285 3248/7739/3285
f 3258/7944/2654 3250/7948/2654 3254/7945/2654
f 3250/7949/3286 3256/7743/3286 3253/7742/3286
f 3258/7944/2654 3256/7946/2654 3250/7948/2654
f 3244/7750/2654 3249/7746/2654 3248/7745/2654
f 3249/7746/2654 3246/7748/2654 3257/7747/2654
f 3246/7748/2654 3244/7750/2654 3253/7749/2654
f 3237/7950/3287 3242/7752/3287 3244/7751/3287
f 3242/7951/3288 3238/7755/3288 3249/7754/3288
f 3238/7952/3290 3237/7758/3290 3246/7757/3289
f 3230/7765/2654 3234/7761/2654 3237/7760/2654
f 3234/7761/2654 3231/7763/2654 3242/7762/2654
f 3231/7763/2654 3230/7765/2654 3238/7764/2654
f 3206/7953/3291 3229/7767/3291 3230/7766/3291
f 3229/7954/3292 3209/7770/3292 3234/7769/3292
f 3209/7955/3293 3206/7773/3293 3231/7772/3293
f 3182/7780/2650 3205/7776/2650 3206/7775/2650
f 3205/7776/2650 3185/7778/2650 3229/7777/2650
f 3185/7778/2650 3182/7780/2650 3209/7779/2650
f 3255/7956/3294 3178/7782/3294 3182/7781/3294
f 3178/7957/3295 3177/7785/3295 3205/7784/3295
f 3177/7958/3296 3255/7788/3296 3185/7787/3296
f 3243/7959/3298 3281/7960/3298 3200/7961/3298
f 3197/6907/3299 3241/7962/3299 3236/6859/3299
f 3198/6861/3300 3217/6871/3300 3189/6870/3300
f 3243/7963/3301 3179/7964/3301 3212/7965/3301
f 3199/7966/3302 3235/6898/3302 3186/6845/3302
f 3232/6876/3303 3280/6803/3303 3309/6802/3303
f 3218/6813/3304 3232/6876/3304 3240/6810/3304
f 3221/6941/3305 3201/6940/3305 3224/7967/3305
f 3181/7968/3306 3180/6821/3306 3221/6941/3306
f 3222/7969/3307 3195/7970/3307 3224/7971/3307
f 3277/6885/3308 3204/6887/3308 3219/6899/3308
f 3282/6868/3309 3212/6823/3309 3179/7972/3309
f 3226/6911/3310 3204/6887/3310 3492/6886/3310
f 3232/6876/3311 3216/6818/3311 3202/6820/3311
f 3241/7962/3312 3197/6907/3312 3299/6875/3312
f 3191/6860/3313 3236/6859/3313 3241/7962/3313
f 3219/6899/2711 3204/6887/2711 3186/6845/2711
f 3251/7973/3314 3221/6848/3314 3245/6826/3314
f 3181/7974/3315 3243/7975/3315 3180/7976/3315
f 3232/6876/3316 3247/6830/3316 3280/6803/3316
f 3227/7977/2626 3184/7978/2626 3201/6940/2626
f 3201/6940/2623 3211/6881/2623 3227/7977/2623
f 3199/7966/2622 3186/6845/2622 3184/6847/2622
f 3184/6847/2625 3227/7979/2625 3199/7966/2625
f 3211/6881/2624 3201/6940/2624 3180/6821/2624
f 3180/6821/3317 3220/6882/3317 3211/6881/3317
f 3220/6882/3318 3180/6821/3318 3212/6823/3318
f 3212/6823/3319 3210/7980/3319 3220/6882/3319
f 3210/7980/2606 3212/6823/2606 3183/6867/2606
f 3183/6867/2607 3208/7981/2607 3210/7980/2607
f 3208/7982/2608 3183/6865/2608 3228/6843/2608
f 3228/6843/2609 3192/6805/2609 3208/7982/2609
f 3192/6805/2610 3228/6843/2610 3193/6841/2610
f 3193/6841/2611 3239/6806/2611 3192/6805/2611
f 3239/6806/2612 3193/6841/2612 3190/6837/2612
f 3190/6837/2613 3203/6808/2613 3239/6806/2613
f 3203/6808/2614 3190/6837/2614 3233/6839/2614
f 3233/6835/2615 3225/6815/2615 3203/7983/2615
f 3225/6815/3320 3233/6835/3320 3188/6831/3320
f 3188/6831/2617 3215/6816/2617 3225/6815/2617
f 3215/6816/2618 3188/6831/2618 3219/6833/2618
