# Blender 4.3.2
# www.blender.org
mtllib tie_pilot.mtl
o Tie_Fighter_Pilot_mesh
v 0.503032 -0.160184 0.189892
v 0.480491 -0.141958 0.158298
v 0.476592 -0.119131 0.196452
v 0.503093 -0.140180 0.213001
v 0.479164 -0.103349 0.249408
v 0.503947 -0.134286 0.252403
v 0.485439 -0.124250 0.307344
v 0.505271 -0.150892 0.285411
v 0.479164 -0.103349 0.249408
v 0.461597 -0.061089 0.285790
v 0.465559 -0.086489 0.330876
v 0.485439 -0.124250 0.307344
v 0.464879 -0.179145 0.327316
v 0.443507 -0.127256 0.358547
v 0.402905 -0.135842 0.361323
v 0.409980 -0.191265 0.335430
v 0.388465 -0.053910 0.381432
v 0.347894 -0.024018 0.388293
v 0.331623 -0.053112 0.391258
v 0.363350 -0.077971 0.379718
v 0.384190 -0.005022 0.299091
v 0.349851 0.013025 0.310934
v 0.358948 0.012776 0.342523
v 0.406349 -0.005474 0.328574
v 0.354302 -0.014844 0.274717
v 0.330385 0.000750 0.286075
v 0.417949 -0.021724 0.270243
v 0.448120 -0.030919 0.309146
v 0.320266 -0.030073 0.282886
v 0.211558 0.043353 0.322097
v 0.229415 0.067921 0.320310
v 0.372926 -0.022950 0.258439
v 0.448120 -0.030919 0.309146
v 0.450627 -0.054476 0.350534
v 0.465559 -0.086489 0.330876
v 0.450627 -0.054476 0.350534
v 0.426657 -0.088776 0.376842
v 0.426657 -0.088776 0.376842
v 0.384708 -0.103165 0.374383
v 0.451781 -0.126663 0.130408
v 0.408936 -0.115991 0.107740
v 0.401104 -0.077632 0.143979
v 0.443377 -0.096326 0.170253
v 0.414917 -0.240803 0.303220
v 0.473128 -0.233223 0.299751
v 0.385502 -0.028869 0.232629
v 0.328324 -0.041454 0.239624
v 0.335931 -0.043314 0.270777
v 0.372926 -0.022950 0.258439
v 0.313766 -0.075681 0.366179
v 0.204644 0.008606 0.395386
v 0.199806 0.017485 0.351186
v 0.303382 -0.072921 0.330436
v 0.307904 -0.125670 0.324371
v 0.350672 -0.140060 0.347337
v 0.337987 -0.103901 0.355029
v 0.317395 -0.086815 0.323752
v 0.437408 -0.066425 0.211362
v 0.394917 -0.045222 0.185593
v 0.426389 -0.037979 0.250381
v 0.417949 -0.021724 0.270243
v 0.384708 -0.103165 0.374383
v 0.337591 -0.036454 0.173544
v 0.480491 -0.141958 0.158298
v 0.476592 -0.119131 0.196452
v 0.409437 -0.028876 0.362236
v 0.450627 -0.054476 0.350534
v 0.222091 0.025337 0.416656
v 0.291310 -0.061543 0.274535
v 0.316329 -0.061613 0.291016
v 0.291310 -0.061543 0.274535
v 0.316329 -0.061613 0.291016
v 0.359350 0.000171 0.370103
v 0.485439 -0.124250 0.307344
v 0.247617 0.083989 0.344307
v 0.255571 0.079926 0.386679
v 0.240827 0.049502 0.417326
v 0.337987 -0.103901 0.355029
v 0.317395 -0.086815 0.323752
v 0.316329 -0.061613 0.291016
v 0.307335 -0.049780 0.298895
v 0.316329 -0.061613 0.291016
v 0.307335 -0.049780 0.298895
v 0.335931 -0.043314 0.270777
v 0.199806 0.017485 0.351186
v 0.464879 -0.179145 0.327316
v 0.473128 -0.233223 0.299751
v 0.509798 -0.222378 0.287832
v 0.510147 -0.186528 0.297747
v 0.266584 -0.033099 0.215984
v 0.257389 -0.053832 0.262706
v 0.258322 -0.100490 0.278929
v 0.257389 -0.053832 0.262706
v 0.278173 -0.032567 0.156089
v 0.217525 -0.035255 0.141862
v 0.206719 -0.031550 0.196310
v 0.197902 -0.048347 0.237414
v 0.197902 -0.048347 0.237414
v 0.195773 -0.101728 0.248737
v -0.114672 0.330576 0.449727
v -0.115247 0.320149 0.461784
v -0.102144 0.308331 0.461946
v -0.107814 0.301122 0.453810
v -0.121783 0.313344 0.455837
v -0.119465 0.324487 0.442039
v -0.107135 0.280626 0.465034
v -0.120806 0.293912 0.470674
v -0.120262 0.303136 0.461996
v -0.052839 0.287521 0.402207
v -0.034322 0.266700 0.397143
v -0.029269 0.243396 0.418130
v -0.056937 0.281017 0.418000
v -0.057338 0.259395 0.439458
v -0.029423 0.219571 0.445840
v -0.054976 0.236266 0.458605
v -0.040372 0.239301 0.471507
v -0.015800 0.226298 0.464625
v -0.001068 0.263889 0.443606
v -0.004664 0.277413 0.402474
v -0.030963 0.297830 0.408094
v -0.028019 0.292590 0.431030
v -0.085739 0.250227 0.467714
v -0.107067 0.265537 0.473283
v -0.084588 0.273872 0.450153
v 0.013993 0.214714 0.456690
v 0.026360 0.249287 0.435723
v 0.024834 0.255412 0.399019
v -0.030553 0.274622 0.455307
v -0.098990 0.287185 0.474412
v -0.113271 0.309362 0.465860
v -0.114266 0.299573 0.476264
v -0.068878 0.286222 0.461980
v -0.103970 0.270388 0.482962
v -0.078430 0.255474 0.479001
v -0.079459 0.297676 0.429623
v -0.069535 0.306609 0.437025
v -0.039740 0.252657 0.338665
v -0.056286 0.258163 0.327742
v -0.057141 0.268026 0.335182
v -0.040659 0.262362 0.347746
v -0.017419 0.258491 0.365990
v -0.014604 0.243510 0.354809
v -0.067225 0.259547 0.340099
v -0.063934 0.250635 0.331612
v -0.050141 0.240853 0.348006
v -0.049839 0.252895 0.358141
v -0.031871 0.231868 0.365543
v -0.033914 0.250169 0.373385
v -0.069928 0.318646 0.412845
v -0.099706 0.336450 0.417025
v -0.101477 0.328821 0.430425
v -0.072909 0.311887 0.427388
v -0.082986 0.301975 0.421148
v -0.106989 0.321986 0.424426
v -0.104341 0.328875 0.414149
v -0.082453 0.309489 0.407045
v -0.120719 0.319237 0.458696
v -0.118890 0.329024 0.445987
v -0.118890 0.329024 0.445987
v -0.120719 0.319237 0.458696
v -0.105164 0.304683 0.456894
v -0.105164 0.304683 0.456894
v -0.115314 0.306619 0.462607
v -0.115314 0.306619 0.462607
v -0.118488 0.295759 0.474499
v -0.118488 0.295759 0.474499
v -0.105738 0.267949 0.479022
v -0.103162 0.281913 0.471230
v -0.103162 0.281913 0.471230
v -0.105738 0.267949 0.479022
v -0.105798 0.324826 0.429074
v -0.102924 0.333034 0.414590
v -0.102924 0.333034 0.414590
v -0.105798 0.324826 0.429074
v -0.022002 0.221228 0.460066
v -0.048313 0.234588 0.467185
v -0.048313 0.234588 0.467185
v -0.022002 0.221228 0.460066
v 0.005136 0.203557 0.452477
v -0.001196 0.200229 0.437599
v 0.005136 0.203557 0.452477
v -0.043113 0.294602 0.401407
v -0.026437 0.280233 0.392184
v -0.026437 0.280233 0.392184
v -0.043113 0.294602 0.401407
v -0.074466 0.303159 0.431208
v -0.074466 0.303159 0.431208
v -0.082354 0.250955 0.474138
v -0.082354 0.250955 0.474138
v -0.076111 0.313143 0.406929
v -0.076111 0.313143 0.406929
v -0.078378 0.305473 0.425859
v -0.078378 0.305473 0.425859
v -0.060637 0.255425 0.327087
v -0.042940 0.244018 0.339940
v -0.042940 0.244018 0.339940
v -0.060637 0.255425 0.327087
v -0.020790 0.232487 0.358038
v -0.020790 0.232487 0.358038
v -0.027999 0.258675 0.371069
v -0.045511 0.260836 0.354184
v -0.045511 0.260836 0.354184
v -0.027999 0.258675 0.371069
v -0.063805 0.266854 0.337307
v -0.063805 0.266854 0.337307
v 0.010556 0.241174 0.373126
v -0.001798 0.219626 0.376457
v -0.001798 0.219626 0.376457
v -0.023826 0.229455 0.385735
v -0.022605 0.265640 0.385807
v -0.028421 0.257830 0.388897
v -0.005162 0.264796 0.382762
v -0.022605 0.265640 0.385807
v -0.002345 0.210273 0.410755
v 0.028092 0.232531 0.382073
v 0.015981 0.212728 0.389349
v 0.015981 0.212728 0.389349
v 0.012195 0.203289 0.409893
v 0.013958 0.195627 0.432425
v 0.017582 0.196456 0.448845
v 0.017582 0.196456 0.448845
v 0.029157 0.208626 0.455850
v 0.044073 0.240137 0.432722
v 0.043162 0.245836 0.397213
v 0.144977 0.177260 0.424041
v 0.110811 0.183948 0.411981
v 0.109349 0.189315 0.382023
v 0.139759 0.190573 0.377455
v 0.139759 0.190573 0.377455
v 0.109349 0.189315 0.382023
v 0.099487 0.179768 0.366586
v 0.118853 0.175062 0.342949
v 0.073116 0.153345 0.368986
v 0.093547 0.147985 0.335198
v 0.063030 0.134469 0.383996
v 0.069656 0.105561 0.364035
v 0.069656 0.105561 0.364035
v 0.063030 0.134469 0.383996
v 0.066867 0.124619 0.410856
v 0.072371 0.085476 0.410226
v 0.082659 0.131323 0.436793
v 0.100469 0.101346 0.450620
v 0.099607 0.156922 0.439858
v 0.130307 0.145664 0.451064
v 0.110811 0.183948 0.411981
v 0.144977 0.177260 0.424041
v 0.099607 0.156922 0.439858
v 0.082659 0.131323 0.436793
v 0.103151 0.116465 0.438198
v 0.117601 0.137701 0.441529
v 0.066867 0.124619 0.410856
v 0.088550 0.106270 0.413272
v 0.063030 0.134469 0.383996
v 0.084105 0.115335 0.382000
v 0.063030 0.134469 0.383996
v 0.073116 0.153345 0.368986
v 0.095695 0.139249 0.360332
v 0.084105 0.115335 0.382000
v 0.099487 0.179768 0.366586
v 0.114296 0.164327 0.358113
v 0.109349 0.189315 0.382023
v 0.127141 0.180167 0.370974
v 0.110811 0.183948 0.411981
v 0.135312 0.176651 0.414126
v -0.081743 -0.082901 0.039543
v -0.099051 -0.135909 0.075581
v -0.166038 -0.126666 0.084751
v -0.160568 -0.085233 0.052568
v -0.158984 -0.027520 0.087154
v -0.256295 -0.082959 0.065690
v -0.257178 -0.031094 0.092418
v -0.278516 -0.107738 0.224499
v -0.332955 -0.118240 0.215381
v -0.330345 -0.145380 0.189649
v -0.278350 -0.150458 0.187469
v -0.387171 -0.055657 0.098872
v -0.378754 -0.098690 0.057768
v -0.429976 -0.040816 0.076336
v -0.420489 -0.089237 0.101086
v -0.446881 -0.096620 0.088245
v -0.405140 -0.130036 0.112449
v -0.432578 -0.145120 0.104156
v -0.456352 -0.119835 0.084560
v -0.473159 -0.095815 0.094500
v -0.309199 -0.168948 0.169601
v -0.328336 -0.160372 0.150254
v -0.275556 -0.163096 0.139649
v -0.301414 -0.016740 0.190221
v -0.284279 -0.001173 0.153813
v -0.311765 -0.028012 0.144716
v -0.312189 -0.021767 0.183529
v -0.337773 -0.029886 0.205568
v -0.415852 -0.016777 0.113573
v -0.399426 -0.007516 0.151996
v -0.394059 -0.026344 0.119029
v -0.376918 -0.011074 0.116488
v -0.339198 -0.056480 0.049100
v -0.355085 -0.026809 0.076966
v -0.324179 -0.031024 0.076536
v -0.472059 -0.052674 0.110863
v -0.473334 -0.037917 0.143843
v -0.452236 -0.017417 0.157415
v -0.444219 -0.023684 0.118294
v -0.429087 -0.024127 0.151060
v -0.298656 -0.017253 0.099295
v -0.255186 0.001473 0.155872
v -0.399079 -0.169004 0.167911
v -0.388157 -0.148956 0.189088
v -0.427604 -0.153430 0.188154
v -0.426703 -0.039585 0.190393
v -0.459893 -0.044899 0.191398
v -0.474270 -0.045709 0.182901
v -0.457110 -0.114188 0.223010
v -0.476210 -0.112946 0.212640
v -0.474612 -0.145018 0.191619
v -0.457400 -0.154139 0.192363
v -0.425673 -0.116706 0.218574
v -0.471769 -0.149669 0.142781
v -0.460958 -0.154570 0.143168
v -0.414472 -0.157456 0.140815
v -0.441064 -0.138098 0.140872
v -0.441064 -0.138098 0.140872
v -0.414472 -0.157456 0.140815
v -0.346085 -0.019329 0.111305
v -0.318647 -0.029521 0.111267
v -0.395234 -0.037354 0.195093
v -0.397280 -0.117444 0.218983
v -0.342624 -0.016063 0.152432
v -0.366120 -0.042398 0.188684
v -0.332844 -0.070827 0.222364
v -0.277234 -0.035118 0.205331
v -0.337773 -0.029886 0.205568
v -0.277234 -0.035118 0.205331
v -0.459161 -0.078490 0.209887
v -0.475002 -0.078103 0.204708
v -0.459893 -0.044899 0.191398
v -0.474270 -0.045709 0.182901
v -0.424937 -0.074358 0.222607
v -0.426703 -0.039585 0.190393
v -0.397523 -0.074510 0.219591
v -0.395234 -0.037354 0.195093
v -0.367664 -0.073251 0.226088
v -0.263365 -0.134799 0.092688
v -0.242432 -0.167210 0.140899
v -0.275556 -0.163096 0.139649
v -0.233609 -0.105112 0.226133
v -0.233826 -0.153639 0.194655
v -0.242432 -0.167210 0.140899
v -0.366147 -0.024760 0.149543
v -0.366120 -0.042398 0.188684
v 0.157322 -0.139780 0.028351
v 0.158367 -0.133472 0.021030
v 0.156259 -0.098400 0.044770
v 0.156261 -0.100643 0.048269
v 0.151951 -0.062333 0.066648
v 0.145532 -0.057269 0.069139
v 0.144563 -0.060339 0.078463
v 0.150713 -0.066500 0.075342
v 0.097520 -0.056171 0.062780
v 0.094622 -0.058559 0.067640
v 0.090890 -0.061390 0.057759
v 0.091512 -0.067272 0.065093
v 0.094652 -0.097179 0.034201
v 0.093053 -0.101055 0.040022
v 0.118038 -0.095683 0.235789
v 0.074133 -0.093716 0.233905
v 0.072965 -0.152882 0.230679
v 0.118559 -0.150028 0.231375
v 0.077317 -0.205982 0.201437
v 0.121572 -0.206215 0.208024
v 0.128161 -0.037353 0.181641
v 0.083768 -0.035022 0.180241
v 0.078694 -0.054894 0.209707
v 0.124008 -0.057684 0.214121
v 0.124008 -0.057684 0.214121
v 0.078694 -0.054894 0.209707
v 0.136500 -0.032503 0.129002
v 0.222053 -0.061117 0.090298
v 0.144563 -0.060339 0.078463
v 0.094622 -0.058559 0.067640
v 0.090523 -0.027574 0.124031
v 0.136500 -0.032503 0.129002
v 0.144563 -0.060339 0.078463
v 0.148695 -0.025340 0.194266
v 0.163224 -0.045777 0.228261
v 0.163224 -0.045777 0.228261
v 0.133200 -0.145752 0.239318
v 0.135337 -0.212488 0.219744
v 0.200705 -0.213947 0.231212
v 0.198473 -0.152729 0.247421
v 0.121572 -0.206215 0.208024
v 0.118559 -0.150028 0.231375
v 0.128161 -0.037353 0.181641
v 0.131540 -0.093773 0.243330
v 0.118038 -0.095683 0.235789
v 0.137147 -0.051051 0.212949
v 0.124008 -0.057684 0.214121
v 0.137147 -0.051051 0.212949
v 0.124008 -0.057684 0.214121
v 0.046542 -0.035426 0.203131
v 0.078694 -0.054894 0.209707
v 0.083768 -0.035022 0.180241
v 0.094622 -0.058559 0.067640
v 0.050950 -0.075133 0.070184
v 0.048446 -0.031859 0.118134
v 0.090523 -0.027574 0.124031
v 0.091512 -0.067272 0.065093
v 0.093053 -0.101055 0.040022
v 0.051358 -0.105633 0.037193
v 0.078694 -0.054894 0.209707
v 0.046542 -0.035426 0.203131
v 0.027487 -0.090948 0.229554
v 0.074133 -0.093716 0.233905
v 0.022664 -0.161086 0.229904
v 0.072965 -0.152882 0.230679
v 0.032713 -0.203225 0.198682
v 0.077317 -0.205982 0.201437
v -0.054569 -0.121950 0.044479
v -0.088925 -0.145753 0.070681
v -0.089801 -0.171592 0.120603
v -0.102970 -0.163932 0.130601
v -0.102970 -0.163932 0.130601
v -0.089801 -0.171592 0.120603
v -0.063618 -0.192326 0.161691
v -0.107127 -0.171224 0.207608
v -0.006294 -0.076402 0.048528
v -0.005905 -0.115740 0.037371
v -0.076416 -0.028877 0.086488
v -0.008256 -0.030539 0.096499
v -0.083313 0.001639 0.152706
v -0.010365 0.005073 0.157077
v 0.054203 -0.007635 0.150782
v -0.095455 -0.039704 0.203269
v -0.023590 -0.034462 0.200536
v -0.038874 -0.099583 0.240745
v -0.040374 -0.173776 0.233492
v -0.023590 -0.034462 0.200536
v -0.166088 -0.002096 0.155958
v -0.170985 -0.094720 0.235208
v -0.096638 -0.090862 0.231724
v -0.095455 -0.039704 0.203269
v -0.174413 -0.036763 0.204109
v -0.123634 0.006609 0.155492
v -0.174413 -0.036763 0.204109
v -0.024511 -0.201230 0.183373
v -0.078521 -0.139040 0.243849
v -0.178466 -0.160369 0.202322
v -0.173744 -0.163827 0.136687
v -0.141141 -0.179973 0.177000
v -0.173744 -0.163827 0.136687
v -0.232970 -0.035827 0.204805
v -0.232970 -0.035827 0.204805
v -0.203000 -0.152805 0.197643
v -0.205248 -0.096787 0.214904
v 0.536966 -0.146263 0.218167
v 0.539295 -0.145038 0.250029
v 0.577551 -0.145806 0.248041
v 0.572246 -0.148324 0.222631
v 0.543501 -0.154223 0.281060
v 0.582502 -0.152170 0.280275
v 0.540543 -0.187340 0.295972
v 0.588295 -0.192651 0.301538
v 0.541058 -0.218198 0.285709
v 0.590528 -0.217396 0.291417
v 0.541200 -0.156807 0.189992
v 0.572455 -0.159201 0.198122
v -0.731315 -0.007665 0.023947
v -0.729897 0.010446 0.007419
v -0.730811 0.027500 0.025487
v -0.722193 0.009680 0.043393
v -0.736526 0.046609 0.046369
v -0.735385 0.026499 0.064826
v -0.728222 0.046298 0.007716
v -0.734211 0.056106 0.028213
v -0.729827 0.029479 -0.001556
v -0.757634 0.064280 0.024207
v -0.776131 0.065289 0.022343
v -0.782383 0.056518 0.050721
v -0.763327 0.054936 0.052631
v -0.786594 0.036705 0.073051
v -0.766255 0.034464 0.074782
v -0.750636 0.053757 -0.004073
v -0.770685 0.056486 -0.007326
v -0.750875 0.029307 -0.016036
v -0.770929 0.029521 -0.022323
v -0.753021 0.002189 -0.009139
v -0.772831 0.000434 -0.015614
v -0.756042 -0.020911 0.008242
v -0.776084 -0.023885 0.002049
v -0.731349 -0.028475 0.045897
v -0.757939 -0.045614 0.040054
v -0.780381 -0.049283 0.035073
v -0.789814 -0.000311 0.098664
v -0.766739 -0.000570 0.100490
v -0.735394 0.004799 0.086392
v -0.722907 -0.008735 0.063041
v -0.728479 -0.005594 0.096603
v -0.710110 -0.015664 0.071722
v -0.724694 -0.038637 0.053858
v -0.786594 0.036705 0.073051
v -0.776084 -0.023885 0.002049
v -0.780381 -0.049283 0.035073
v -0.789814 -0.000311 0.098664
v -0.782383 0.056518 0.050721
v -0.772831 0.000434 -0.015614
v -0.776131 0.065289 0.022343
v -0.770929 0.029521 -0.022323
v -0.770685 0.056486 -0.007326
v -0.759992 -0.031596 0.125410
v -0.719652 -0.031582 0.120957
v -0.703696 -0.035217 0.084916
v -0.712409 -0.061108 0.075184
v -0.753312 -0.067025 0.070392
v -0.779149 -0.070833 0.069182
v -0.779149 -0.070833 0.069182
v -0.785777 -0.035461 0.125204
v -0.785777 -0.035461 0.125204
v -0.749579 -0.090654 0.088275
v -0.775840 -0.092259 0.087491
v -0.775840 -0.092259 0.087491
v -0.784348 -0.055657 0.140359
v -0.784348 -0.055657 0.140359
v -0.769436 -0.053769 0.142128
v -0.735312 -0.103648 0.171321
v -0.702184 -0.102502 0.177236
v -0.700349 -0.076283 0.174431
v -0.734661 -0.077559 0.164312
v -0.640871 -0.062050 0.156280
v -0.685052 -0.059718 0.152295
v -0.682479 -0.079269 0.176977
v -0.645614 -0.082645 0.173571
v -0.633520 -0.052179 0.129510
v -0.677024 -0.045474 0.125729
v -0.732536 -0.126353 0.157525
v -0.699363 -0.125645 0.162857
v -0.772650 -0.077163 0.156660
v -0.796676 -0.058130 0.134355
v -0.799133 -0.079166 0.148691
v -0.784348 -0.055657 0.140359
v -0.775840 -0.092259 0.087491
v -0.790248 -0.091851 0.089014
v -0.790248 -0.091851 0.089014
v -0.796676 -0.058130 0.134355
v -0.784348 -0.055657 0.140359
v -0.763422 -0.107381 0.103838
v -0.792075 -0.108826 0.100014
v -0.790248 -0.091851 0.089014
v -0.714731 -0.094021 0.087814
v -0.732536 -0.126353 0.157525
v -0.729765 -0.127577 0.131194
v -0.692832 -0.132090 0.138111
v -0.699363 -0.125645 0.162857
v -0.800763 -0.105583 0.155443
v -0.774802 -0.104620 0.163240
v -0.799652 -0.123960 0.145954
v -0.774102 -0.126232 0.150977
v -0.769255 -0.125518 0.124933
v -0.795769 -0.124891 0.120729
v -0.774102 -0.126232 0.150977
v -0.799652 -0.123960 0.145954
v -0.728447 -0.112633 0.104583
v -0.695996 -0.113124 0.110271
v -0.632743 -0.059581 0.107800
v -0.669218 -0.048475 0.098721
v -0.633317 -0.085363 0.097209
v -0.676545 -0.072712 0.085983
v -0.640208 -0.111409 0.108880
v -0.678635 -0.099395 0.090980
v -0.673663 -0.124050 0.107081
v -0.733404 -0.051358 0.149441
v -0.695996 -0.113124 0.110271
v -0.695996 -0.113124 0.110271
v -0.673663 -0.124050 0.107081
v -0.672322 -0.136053 0.127888
v -0.692832 -0.132090 0.138111
v -0.700349 -0.076283 0.174431
v -0.792075 -0.108826 0.100014
v -0.799133 -0.079166 0.148691
v -0.796676 -0.058130 0.134355
v -0.790248 -0.091851 0.089014
v -0.795769 -0.124891 0.120729
v -0.800763 -0.105583 0.155443
v -0.799652 -0.123960 0.145954
v -0.702184 -0.102502 0.177236
v -0.688534 -0.102936 0.170714
v -0.699363 -0.125645 0.162857
v -0.685835 -0.121082 0.160060
v -0.682929 -0.130490 0.146109
v -0.665119 -0.125804 0.172970
v -0.667252 -0.107127 0.181270
v -0.667695 -0.133921 0.148417
v -0.507379 -0.145680 0.142875
v -0.640351 -0.131747 0.143620
v -0.640208 -0.111409 0.108880
v -0.505386 -0.126893 0.107174
v -0.529099 -0.139892 0.185045
v -0.638783 -0.125677 0.172151
v -0.642525 -0.104672 0.179717
v -0.676545 -0.072712 0.085983
v -0.678635 -0.099395 0.090980
v -0.685052 -0.059718 0.152295
v -0.677024 -0.045474 0.125729
v -0.669218 -0.048475 0.098721
v 0.051358 -0.105633 0.037193
v 0.055360 -0.138858 0.020562
v -0.003869 -0.134184 0.013165
v -0.005905 -0.115740 0.037371
v -0.061604 -0.132941 0.013227
v -0.054569 -0.121950 0.044479
v -0.088925 -0.145753 0.070681
v -0.104309 -0.149612 0.060368
v -0.108523 -0.180379 0.116454
v -0.089801 -0.171592 0.120603
v -0.089801 -0.171592 0.120603
v -0.108523 -0.180379 0.116454
v -0.084989 -0.237207 0.170765
v -0.063618 -0.192326 0.161691
v -0.025291 -0.244541 0.189028
v -0.024511 -0.201230 0.183373
v 0.033192 -0.244214 0.174572
v 0.032713 -0.203225 0.198682
v -0.161869 -0.313785 0.048318
v -0.176086 -0.293555 0.106722
v -0.224586 -0.318320 0.086793
v -0.215069 -0.322918 0.039912
v -0.163223 -0.285085 -0.010133
v -0.219512 -0.313629 0.004019
v -0.245600 -0.292905 -0.020363
v -0.258123 -0.293158 0.099570
v -0.259093 -0.319890 0.083446
v -0.024187 -0.297060 0.073932
v -0.033300 -0.287140 0.146212
v -0.097859 -0.287501 0.141596
v -0.077066 -0.305623 0.061330
v -0.175575 -0.225339 0.141478
v -0.240594 -0.236128 -0.008464
v -0.162416 -0.221805 -0.019337
v 0.035909 -0.272446 0.141550
v 0.040244 -0.287634 0.086108
v -0.064548 0.315772 0.412188
v -0.066710 0.309222 0.427891
v -0.061124 0.306822 0.428344
v -0.059701 0.313183 0.411598
v -0.074679 0.303723 0.405776
v -0.067449 0.308276 0.405480
v -0.067449 0.308276 0.405480
v -0.071105 0.301242 0.425846
v -0.071105 0.301242 0.425846
v -0.076147 0.296474 0.420322
v -0.077138 0.270980 0.448864
v -0.073374 0.293174 0.426482
v -0.063674 0.284648 0.461074
v -0.073262 0.253277 0.477983
v -0.068148 0.251104 0.476976
v -0.058524 0.283089 0.460177
v -0.063896 0.304705 0.436211
v -0.058318 0.302821 0.435406
v -0.068038 0.299429 0.429749
v -0.068038 0.299429 0.429749
v -0.073157 0.246533 0.472260
v -0.077429 0.246455 0.465252
v -0.073157 0.246533 0.472260
v -0.058586 0.264884 0.444974
v -0.062698 0.240190 0.459981
v -0.057973 0.285704 0.426543
v -0.053374 0.244795 0.473454
v -0.043721 0.277570 0.456331
v -0.042440 0.294440 0.432929
v -0.050671 0.289355 0.425810
v -0.051436 0.292219 0.428232
v -0.051436 0.292219 0.428232
v -0.050671 0.289355 0.425810
v -0.058352 0.240056 0.468564
v -0.058352 0.240056 0.468564
v -0.041574 0.298418 0.429930
v -0.042731 0.304117 0.409529
v -0.061781 0.294155 0.403668
v -0.064803 0.287347 0.418951
v -0.053077 0.300201 0.403075
v -0.053077 0.300201 0.403075
v -0.059037 0.294223 0.425825
v -0.059037 0.294223 0.425825
v 0.159290 0.046513 0.362821
v 0.169780 0.066927 0.338745
v 0.159525 0.041667 0.399805
v 0.159290 0.046513 0.362821
v 0.217961 0.110809 0.397237
v 0.194061 0.082975 0.426512
v 0.211125 0.114390 0.345813
v 0.195807 0.097198 0.329446
v 0.175905 0.054642 0.427509
v 0.183564 0.024308 0.397646
v 0.217266 0.069192 0.421899
v 0.199169 0.040782 0.423319
v 0.418893 -0.391296 0.165084
v 0.390868 -0.383096 0.184058
v 0.363604 -0.407725 0.163863
v 0.383145 -0.414881 0.137653
v 0.414170 -0.337438 0.085930
v 0.438420 -0.361077 0.100544
v 0.395018 -0.387171 0.086058
v 0.383482 -0.359886 0.071806
v 0.381390 -0.315194 0.082119
v 0.360654 -0.334875 0.070856
v 0.443067 -0.300247 0.091640
v 0.474895 -0.327804 0.118769
v 0.346474 -0.320670 0.096541
v 0.272168 -0.406123 0.016331
v 0.251538 -0.399955 0.037827
v 0.397443 -0.294802 0.084114
v 0.482480 -0.292645 0.137306
v 0.486844 -0.322489 0.179542
v 0.477752 -0.355245 0.157666
v 0.474895 -0.327804 0.118769
v 0.486844 -0.322489 0.179542
v 0.462896 -0.334762 0.227274
v 0.451842 -0.368031 0.197771
v 0.477752 -0.355245 0.157666
v 0.451842 -0.368031 0.197771
v 0.401582 -0.365873 0.207714
v 0.450576 -0.176146 0.119069
v 0.409021 -0.165425 0.087682
v 0.407020 -0.267460 0.079633
v 0.397443 -0.294802 0.084114
v 0.359290 -0.302321 0.104690
v 0.349469 -0.275899 0.089287
v 0.341041 -0.378100 0.172254
v 0.328214 -0.348251 0.153881
v 0.239004 -0.417150 0.072477
v 0.246260 -0.452841 0.099484
v 0.325486 -0.320617 0.199362
v 0.339755 -0.334747 0.164766
v 0.360488 -0.353402 0.195037
v 0.367807 -0.330046 0.225509
v 0.451825 -0.226283 0.108853
v 0.447728 -0.274578 0.098662
v 0.410415 -0.217072 0.075395
v 0.443067 -0.300247 0.091640
v 0.401582 -0.365873 0.207714
v 0.414354 -0.338391 0.233231
v 0.353879 -0.217058 0.057733
v 0.477752 -0.355245 0.157666
v 0.441241 -0.381527 0.136099
v 0.267368 -0.476689 0.094734
v 0.313170 -0.303929 0.119105
v 0.339236 -0.315613 0.128139
v 0.339236 -0.315613 0.128139
v 0.313170 -0.303929 0.119105
v 0.396061 -0.406884 0.109079
v 0.294159 -0.432066 0.013388
v 0.289016 -0.484800 0.074707
v 0.304958 -0.467680 0.035528
v 0.360488 -0.353402 0.195037
v 0.339755 -0.334747 0.164766
v 0.339236 -0.315613 0.128139
v 0.332491 -0.328717 0.120027
v 0.339236 -0.315613 0.128139
v 0.359290 -0.302321 0.104690
v 0.332491 -0.328717 0.120027
v 0.239004 -0.417150 0.072477
v 0.279654 -0.300706 0.104399
v 0.287571 -0.265803 0.066764
v 0.275968 -0.296158 0.153457
v 0.279654 -0.300706 0.104399
v 0.294215 -0.210427 0.042037
v 0.226986 -0.256266 0.052211
v 0.232760 -0.204179 0.033539
v 0.219484 -0.287656 0.083958
v 0.211519 -0.276319 0.136781
v 0.219484 -0.287656 0.083958
v 0.229747 -0.146430 0.035591
v 0.152280 -0.145902 0.023596
v 0.157322 -0.139780 0.028351
v 0.152280 -0.145902 0.023596
v 0.152868 -0.138610 0.016980
v 0.102255 -0.143197 0.013365
v 0.105027 -0.139415 0.009399
v 0.158367 -0.133472 0.021030
v 0.152868 -0.138610 0.016980
v 0.105027 -0.139415 0.009399
v 0.097401 -0.133585 0.011464
v 0.097401 -0.133585 0.011464
v 0.134388 -0.276971 0.119538
v 0.127636 -0.250684 0.166829
v 0.082146 -0.254681 0.165401
v 0.091083 -0.281654 0.113390
v 0.143353 -0.272180 0.076576
v 0.098553 -0.275092 0.068506
v 0.151965 -0.203982 0.019041
v 0.102255 -0.143197 0.013365
v 0.152280 -0.145902 0.023596
v 0.151965 -0.203982 0.019041
v 0.106738 -0.207349 0.008751
v 0.184785 -0.284844 0.074959
v 0.170250 -0.264335 0.041011
v 0.184785 -0.284844 0.074959
v 0.143301 -0.257750 0.167500
v 0.207599 -0.253922 0.182531
v 0.127636 -0.250684 0.166829
v 0.147395 -0.250622 0.044883
v 0.148592 -0.282852 0.122084
v 0.134388 -0.276971 0.119538
v 0.157089 -0.272165 0.071160
v 0.143353 -0.272180 0.076576
v 0.157089 -0.272165 0.071160
v 0.143353 -0.272180 0.076576
v 0.147395 -0.250622 0.044883
v 0.103693 -0.255951 0.038571
v 0.139578 -0.499729 -0.012409
v 0.203590 -0.444688 0.047839
v 0.214593 -0.429952 0.020123
v 0.152307 -0.488460 -0.042185
v 0.203590 -0.444688 0.047839
v 0.139578 -0.499729 -0.012409
v 0.145366 -0.523713 0.009297
v 0.206222 -0.476095 0.067792
v 0.200606 -0.547336 -0.050129
v 0.272564 -0.494634 0.008997
v 0.247788 -0.512737 0.044513
v 0.180381 -0.558412 -0.004852
v 0.262071 -0.450502 -0.016423
v 0.189459 -0.510820 -0.072121
v 0.173700 -0.494351 -0.064263
v 0.243410 -0.430626 -0.009020
v 0.226320 -0.504354 0.069054
v 0.163127 -0.548550 0.011758
v 0.227602 -0.463987 0.084528
v 0.268598 -0.499981 0.056918
v 0.247214 -0.491942 0.081711
v 0.096307 -0.137791 0.017936
v 0.096307 -0.137791 0.017936
v 0.093053 -0.101055 0.040022
v 0.102255 -0.143197 0.013365
v 0.082146 -0.254681 0.165401
v 0.077317 -0.205982 0.201437
v 0.091083 -0.281654 0.113390
v 0.098553 -0.275092 0.068506
v 0.143353 -0.272180 0.076576
v 0.098553 -0.275092 0.068506
v 0.106738 -0.207349 0.008751
v 0.083139 -0.258616 0.023454
v 0.049413 -0.256816 0.015011
v 0.056818 -0.203536 0.000569
v 0.103693 -0.255951 0.038571
v 0.098553 -0.275092 0.068506
v -0.059182 -0.201114 -0.023495
v 0.001716 -0.200631 -0.020002
v -0.011255 -0.269996 0.001281
v -0.071988 -0.283419 -0.000943
v -0.024187 -0.297060 0.073932
v -0.077066 -0.305623 0.061330
v 0.040244 -0.287634 0.086108
v -0.299370 -0.070319 0.059841
v -0.302958 -0.101898 0.081986
v -0.297642 -0.031736 0.083765
v -0.322216 -0.142899 0.104702
v -0.336961 -0.095749 0.082544
v -0.288789 -0.229985 -0.008695
v -0.294019 -0.188357 -0.000452
v -0.252273 -0.176191 0.016916
v -0.403115 -0.217689 0.000079
v -0.396866 -0.245098 -0.019805
v -0.434392 -0.249452 -0.030249
v -0.441648 -0.219939 -0.005815
v -0.446317 -0.210161 0.037156
v -0.407551 -0.216166 0.038344
v -0.297714 -0.269624 0.106195
v -0.289029 -0.296488 0.097395
v -0.261332 -0.265591 0.107913
v -0.441786 -0.319707 0.091122
v -0.407141 -0.313757 0.088493
v -0.405963 -0.284301 0.094082
v -0.434383 -0.291698 0.109097
v -0.446145 -0.342016 0.056732
v -0.399341 -0.342287 0.069194
v -0.403098 -0.345974 0.033181
v -0.434465 -0.345040 0.026938
v -0.380437 -0.217443 0.078249
v -0.376905 -0.195818 0.035521
v -0.412458 -0.222235 0.077055
v -0.450149 -0.228655 0.073986
v -0.420078 -0.258525 0.104457
v -0.406012 -0.256218 0.103243
v -0.412458 -0.222235 0.077055
v -0.379612 -0.230681 0.100555
v -0.380437 -0.217443 0.078249
v -0.357831 -0.244444 0.109043
v -0.351870 -0.213168 0.079314
v -0.353099 -0.281163 0.111136
v -0.379487 -0.251626 0.093678
v -0.380181 -0.282413 0.089090
v -0.382230 -0.311099 0.089030
v -0.360197 -0.308715 0.098713
v -0.379672 -0.336322 0.074638
v -0.344564 -0.202785 0.038487
v -0.351870 -0.213168 0.079314
v -0.314265 -0.229733 -0.027539
v -0.340664 -0.236078 -0.030093
v -0.342253 -0.208730 -0.004726
v -0.314096 -0.195334 -0.005607
v -0.323211 -0.319726 0.066989
v -0.317642 -0.346246 0.037402
v -0.289145 -0.332752 0.032918
v -0.290575 -0.320575 0.074994
v -0.325960 -0.294991 0.086488
v -0.325647 -0.273631 0.107998
v -0.327539 -0.243578 0.108412
v -0.305195 -0.237335 0.114995
v -0.326116 -0.209156 0.085068
v -0.354025 -0.338116 0.074145
v -0.320600 -0.191135 0.045605
v -0.326116 -0.209156 0.085068
v -0.306172 -0.206050 0.089523
v -0.303107 -0.193212 0.045853
v -0.290573 -0.265429 -0.012227
v -0.429780 -0.278019 -0.033115
v -0.395446 -0.279903 -0.016613
v -0.288256 -0.293361 -0.015684
v -0.314282 -0.300159 -0.015308
v -0.314439 -0.269277 -0.023900
v -0.370199 -0.214666 -0.001873
v -0.371028 -0.238249 -0.016250
v -0.350596 -0.335082 0.039118
v -0.375580 -0.329088 0.037185
v -0.372598 -0.268325 -0.011597
v -0.396116 -0.329684 0.009263
v -0.423296 -0.340744 0.001282
v -0.394212 -0.310458 -0.019733
v -0.285617 -0.321095 -0.004467
v -0.251873 -0.313254 0.036519
v -0.396116 -0.329684 0.009263
v -0.423296 -0.340744 0.001282
v -0.433509 -0.314134 -0.027186
v -0.343406 -0.320197 0.005184
v -0.315509 -0.328732 0.003255
v -0.343406 -0.320197 0.005184
v -0.340351 -0.309742 -0.022409
v -0.315509 -0.328732 0.003255
v -0.285617 -0.321095 -0.004467
v -0.369143 -0.320099 0.007440
v -0.369143 -0.320099 0.007440
v -0.364716 -0.303335 -0.022082
v -0.251873 -0.313254 0.036519
v -0.341562 -0.277258 -0.031546
v -0.361352 -0.280882 -0.030993
v -0.353149 -0.289766 -0.032764
v -0.174334 -0.161628 0.053641
v -0.168982 -0.181231 0.106218
v -0.264692 -0.236726 0.116649
v -0.218649 -0.267338 0.128244
v -0.165735 -0.157774 0.008221
v -0.259850 -0.173685 0.046780
v -0.168982 -0.181231 0.106218
v -0.266734 -0.198810 0.094525
v -0.215069 -0.322918 0.039912
v -0.266734 -0.198810 0.094525
v -0.161869 -0.313785 0.048318
v -0.283313 -0.186321 0.046235
v -0.288149 -0.202741 0.091809
v -0.288149 -0.202741 0.091809
v -0.306172 -0.206050 0.089523
v 0.044073 0.240137 0.432722
v 0.144977 0.177260 0.424041
v 0.139759 0.190573 0.377455
v 0.043162 0.245836 0.397213
v 0.118853 0.175062 0.342949
v 0.028092 0.232531 0.382073
v 0.093547 0.147985 0.335198
v 0.015981 0.212728 0.389349
v 0.069656 0.105561 0.364035
v 0.012195 0.203289 0.409893
v 0.012195 0.203289 0.409893
v 0.069656 0.105561 0.364035
v 0.072371 0.085476 0.410226
v 0.013958 0.195627 0.432425
v 0.100469 0.101346 0.450620
v 0.017582 0.196456 0.448845
v 0.029157 0.208626 0.455850
v 0.130307 0.145664 0.451064
v 0.577551 -0.145806 0.248041
v 0.609147 -0.187002 0.246637
v 0.572246 -0.148324 0.222631
v 0.572455 -0.159201 0.198122
v 0.590528 -0.217396 0.291417
v 0.588295 -0.192651 0.301538
v 0.582502 -0.152170 0.280275
v -0.474612 -0.145018 0.191619
v -0.491122 -0.143465 0.189628
v -0.471769 -0.149669 0.142781
v -0.476210 -0.112946 0.212640
v -0.492517 -0.112150 0.209753
v -0.475002 -0.078103 0.204708
v -0.494818 -0.074095 0.205380
v -0.474270 -0.045709 0.182901
v -0.491374 -0.048039 0.182075
v -0.473334 -0.037917 0.143843
v -0.488496 -0.040250 0.142717
v -0.487310 -0.054377 0.111099
v -0.472059 -0.052674 0.110863
v -0.473159 -0.095815 0.094500
v -0.506672 -0.095516 0.097478
v -0.522391 -0.058296 0.111642
v -0.511758 -0.046868 0.141780
v -0.523371 -0.045619 0.140129
v -0.524854 -0.052265 0.172506
v -0.517952 -0.051272 0.173560
v -0.493586 -0.043442 0.143488
v -0.497664 -0.049016 0.178207
v -0.527507 -0.074348 0.201357
v -0.520264 -0.074143 0.203005
v -0.517287 -0.047642 0.177171
v -0.525379 -0.049140 0.176057
v -0.509856 -0.047788 0.133467
v -0.504244 -0.073760 0.206467
v -0.499767 -0.046637 0.180352
v -0.493164 -0.044886 0.135098
v -0.518083 -0.110901 0.205225
v -0.520416 -0.077420 0.201033
v -0.528689 -0.076989 0.199434
v -0.530031 -0.110318 0.203109
v -0.497125 -0.072165 0.207901
v -0.492394 -0.045025 0.183453
v -0.501670 -0.111702 0.208131
v -0.501506 -0.075360 0.204239
v -0.502584 -0.110464 0.213637
v -0.518999 -0.109689 0.210736
v -0.510958 -0.043666 0.141316
v -0.495610 -0.041314 0.142652
v -0.494731 -0.042742 0.134932
v -0.508590 -0.044660 0.134007
v -0.524854 -0.052265 0.172506
v -0.528689 -0.076989 0.199434
v -0.528689 -0.076989 0.199434
v -0.520416 -0.077420 0.201033
v -0.518083 -0.110901 0.205225
v -0.501670 -0.111702 0.208131
v -0.501506 -0.075360 0.204239
v -0.494818 -0.074095 0.205380
v -0.494818 -0.074095 0.205380
v -0.491374 -0.048039 0.182075
v -0.491374 -0.048039 0.182075
v -0.497664 -0.049016 0.178207
v -0.493586 -0.043442 0.143488
v -0.493164 -0.044886 0.135098
v -0.493164 -0.044886 0.135098
v -0.509856 -0.047788 0.133467
v -0.509856 -0.047788 0.133467
v -0.511758 -0.046868 0.141780
v -0.517952 -0.051272 0.173560
v -0.524854 -0.052265 0.172506
v -0.520814 -0.129575 0.215598
v -0.504399 -0.130362 0.218501
v -0.518083 -0.110901 0.205225
v -0.501670 -0.111702 0.208131
v -0.504399 -0.130362 0.218501
v -0.520814 -0.129575 0.215598
v -0.505386 -0.126893 0.107174
v -0.450149 -0.228655 0.073986
v 0.234845 -0.010623 0.085481
v 0.229500 0.000372 0.067583
v 0.230091 -0.005546 0.076895
v 0.240514 0.011142 0.052336
v 0.233158 0.006231 0.058961
v 0.387750 -0.037247 0.049100
v 0.382880 -0.056123 0.077561
v 0.387998 -0.058126 0.072698
v 0.396648 -0.043344 0.050862
v 0.401418 -0.096245 0.016940
v 0.393254 -0.098277 0.009964
v 0.294945 0.015758 0.052705
v 0.372005 0.018400 0.058628
v 0.299360 0.019978 0.046558
v 0.272481 -0.016636 0.099972
v 0.265116 0.015553 0.048917
v 0.250475 0.014361 0.048717
v 0.243065 -0.014091 0.092046
v 0.385677 -0.002984 0.064795
v 0.387750 -0.037247 0.049100
v 0.393254 -0.098277 0.009964
v 0.396838 -0.126740 -0.014563
v 0.361629 -0.021440 0.119297
v 0.372005 0.018400 0.058628
v 0.385538 -0.131654 -0.037593
v 0.388360 -0.116891 0.038593
v 0.392769 -0.111027 0.038775
v 0.265116 0.015553 0.048917
v 0.294945 0.015758 0.052705
v 0.308543 -0.135014 -0.043977
v 0.278721 -0.135299 -0.047816
v 0.390445 -0.151286 0.022816
v 0.388360 -0.116891 0.038593
v 0.382880 -0.056123 0.077561
v 0.379284 -0.027530 0.102174
v 0.361629 -0.021440 0.119297
v 0.375162 -0.171493 0.023075
v 0.272481 -0.016636 0.099972
v 0.286071 -0.167326 0.003343
v 0.375162 -0.171493 0.023075
v 0.361629 -0.021440 0.119297
v 0.299360 0.019978 0.046558
v 0.372005 0.018400 0.058628
v 0.385538 -0.131654 -0.037593
v 0.312943 -0.130625 -0.050016
v 0.229500 0.000372 0.067583
v 0.233158 0.006231 0.058961
v 0.246763 -0.144621 -0.037773
v 0.243105 -0.150480 -0.029150
v 0.240514 0.011142 0.052336
v 0.254119 -0.139710 -0.044397
v 0.250475 0.014361 0.048717
v 0.264080 -0.136491 -0.048016
v 0.234845 -0.010623 0.085481
v 0.248450 -0.161475 -0.011252
v 0.256670 -0.164943 -0.004688
v 0.243065 -0.014091 0.092046
v 0.229500 0.000372 0.067583
v 0.243105 -0.150480 -0.029150
v 0.243696 -0.156398 -0.019839
v 0.230091 -0.005546 0.076895
v 0.262704 -0.010436 0.030247
v 0.266567 -0.053268 0.002781
v 0.238267 -0.050512 -0.000249
v 0.234831 -0.012422 0.024176
v 0.234831 -0.012422 0.024176
v 0.230739 -0.028135 0.048105
v 0.262704 -0.010436 0.030247
v 0.234174 -0.066225 0.023679
v 0.230739 -0.028135 0.048105
v 0.234831 -0.012422 0.024176
v 0.238267 -0.050512 -0.000249
v 0.320620 -0.031009 0.014113
v 0.319997 -0.033187 0.017376
v 0.318700 -0.018813 0.026593
v 0.319327 -0.016677 0.023303
v 0.320620 -0.031009 0.014113
v 0.340414 -0.033778 0.020480
v 0.319997 -0.033187 0.017376
v 0.362897 -0.031589 0.020963
v 0.361604 -0.017256 0.030153
v 0.361105 -0.019394 0.033464
v 0.362401 -0.033769 0.024246
v 0.361604 -0.017256 0.030153
v 0.339062 -0.018782 0.030096
v 0.361105 -0.019394 0.033464
v 0.362897 -0.031589 0.020963
v 0.362401 -0.033769 0.024246
v 0.326665 -0.005407 0.014099
v 0.342368 -0.009443 0.022289
v 0.338922 -0.017099 0.031101
v 0.319155 -0.014364 0.024776
v 0.325557 0.006921 0.022007
v 0.317861 -0.000018 0.033975
v 0.337569 -0.002103 0.040717
v 0.341229 0.003165 0.030374
v 0.319327 -0.016677 0.023303
v 0.318700 -0.018813 0.026593
v 0.342368 -0.009443 0.022289
v 0.341229 0.003165 0.030374
v 0.360255 0.001631 0.035242
v 0.361387 -0.010792 0.027255
v 0.361387 -0.010792 0.027255
v 0.361430 -0.014917 0.031640
v 0.380650 -0.001760 0.049088
v 0.379435 -0.003899 0.045385
v 0.376805 -0.004942 0.046734
v 0.378073 -0.002709 0.050599
v 0.247158 -0.014002 0.021366
v 0.246412 -0.014891 0.023751
v 0.251264 -0.013830 0.025277
v 0.251678 -0.013014 0.022788
v 0.250339 -0.036133 0.007985
v 0.250473 -0.037874 0.006327
v 0.248085 -0.038175 0.006259
v 0.257890 -0.046043 0.002769
v 0.257812 -0.047415 0.004297
v 0.254368 -0.048169 0.003213
v 0.254625 -0.046757 0.001742
v 0.251224 -0.045952 0.001689
v 0.250778 -0.047319 0.003157
v 0.257004 -0.036225 0.009065
v 0.256877 -0.037054 0.010941
v 0.259651 -0.039279 0.009954
v 0.259630 -0.038333 0.008129
v 0.253603 -0.035419 0.009012
v 0.250339 -0.036133 0.007985
v 0.249843 -0.036957 0.009801
v 0.253289 -0.036204 0.010885
v 0.249690 -0.018986 0.012711
v 0.248465 -0.022704 0.015579
v 0.247642 -0.020663 0.016778
v 0.251729 -0.036453 0.003007
v 0.254701 -0.038837 0.001949
v 0.251009 -0.039644 0.000788
v 0.248085 -0.038175 0.006259
v 0.247447 -0.040997 0.004296
v 0.246792 -0.042090 0.005909
v 0.247466 -0.039112 0.007980
v 0.248597 -0.043843 0.002624
v 0.248006 -0.045094 0.004144
v 0.252407 -0.021166 0.011744
v 0.255784 -0.020428 0.012806
v 0.255127 -0.024281 0.015683
v 0.252787 -0.024792 0.014946
v 0.246792 -0.042090 0.005909
v 0.247447 -0.040997 0.004296
v 0.260141 -0.044002 0.004494
v 0.260780 -0.041180 0.006457
v 0.260862 -0.042283 0.008189
v 0.260190 -0.045261 0.006118
v 0.260024 -0.017048 0.021566
v 0.256388 -0.014129 0.022861
v 0.256319 -0.015027 0.025356
v 0.260222 -0.018160 0.023966
v 0.260732 -0.024896 0.016533
v 0.260982 -0.026584 0.018564
v 0.257634 -0.029618 0.016000
v 0.257614 -0.027722 0.014144
v 0.244039 -0.016828 0.018976
v 0.248099 -0.018640 0.018184
v 0.247642 -0.020663 0.016778
v 0.243157 -0.020736 0.016259
v 0.243157 -0.020736 0.016259
v 0.244747 -0.024677 0.013943
v 0.243825 -0.026349 0.015784
v 0.242117 -0.022119 0.018270
v 0.243157 -0.020736 0.016259
v 0.242117 -0.022119 0.018270
v 0.243065 -0.017925 0.021187
v 0.244039 -0.016828 0.018976
v 0.261614 -0.020989 0.019250
v 0.261928 -0.022390 0.021480
v 0.261928 -0.022390 0.021480
v 0.261614 -0.020989 0.019250
v 0.248384 -0.027596 0.012649
v 0.244747 -0.024677 0.013943
v 0.248465 -0.022704 0.015579
v 0.250349 -0.024215 0.014908
v 0.248384 -0.027596 0.012649
v 0.247728 -0.029482 0.014395
v 0.256741 -0.022817 0.016919
v 0.256443 -0.017509 0.014835
v 0.257198 -0.020794 0.018326
v 0.250349 -0.016067 0.014740
v 0.248099 -0.018640 0.018184
v 0.256374 -0.018754 0.019525
v 0.253376 -0.017061 0.011967
v 0.256388 -0.014129 0.022861
v 0.254493 -0.017243 0.020196
v 0.252054 -0.016666 0.020158
v 0.251678 -0.013014 0.022788
v 0.253094 -0.028710 0.012722
v 0.252783 -0.030679 0.014473
v 0.257614 -0.027722 0.014144
v 0.253094 -0.028710 0.012722
v 0.252787 -0.024792 0.014946
v 0.255127 -0.024281 0.015683
v 0.256741 -0.022817 0.016919
v 0.260732 -0.024896 0.016533
v 0.249714 -0.017177 0.019421
v 0.247158 -0.014002 0.021366
v 0.257198 -0.020794 0.018326
v 0.261614 -0.020989 0.019250
v 0.253726 -0.015328 0.015803
v 0.260024 -0.017048 0.021566
v 0.261614 -0.020989 0.019250
v 0.257198 -0.020794 0.018326
v 0.256374 -0.018754 0.019525
v 0.243157 -0.020736 0.016259
v 0.247642 -0.020663 0.016778
v 0.254493 -0.017243 0.020196
v 0.252054 -0.016666 0.020158
v 0.250349 -0.024215 0.014908
v 0.249714 -0.017177 0.019421
v 0.260862 -0.042283 0.008189
v 0.260780 -0.041180 0.006457
v 0.255421 -0.035646 0.004168
v 0.258391 -0.038030 0.003110
v 0.257671 -0.041221 0.000892
v 0.253979 -0.042029 -0.000270
v 0.257004 -0.036225 0.009065
v 0.259630 -0.038333 0.008129
v 0.258779 -0.039840 0.006457
v 0.255076 -0.036868 0.007775
v 0.253603 -0.035419 0.009012
v 0.260780 -0.041180 0.006457
v 0.260141 -0.044002 0.004494
v 0.257881 -0.043819 0.003690
v 0.258779 -0.039840 0.006457
v 0.248597 -0.043843 0.002624
v 0.247447 -0.040997 0.004296
v 0.249574 -0.041853 0.003561
v 0.249574 -0.041853 0.003561
v 0.247447 -0.040997 0.004296
v 0.257890 -0.046043 0.002769
v 0.254625 -0.046757 0.001742
v 0.253279 -0.044825 0.002242
v 0.260780 -0.041180 0.006457
v 0.251224 -0.045952 0.001689
v 0.317208 -0.002134 0.037215
v 0.360909 -0.017090 0.034868
v 0.361387 -0.010792 0.027255
v 0.360255 0.001631 0.035242
v 0.360140 -0.000622 0.040806
v 0.361430 -0.014917 0.031640
v 0.326665 -0.005407 0.014099
v 0.319155 -0.014364 0.024776
v 0.317861 -0.000018 0.033975
v 0.325557 0.006921 0.022007
v 0.340905 -0.013539 0.019537
v 0.342044 -0.026147 0.011452
v 0.324585 -0.024397 0.006549
v 0.323471 -0.012034 0.014466
v 0.360511 -0.012546 0.020464
v 0.361628 -0.024898 0.012532
v 0.359613 -0.002716 0.044085
v 0.360909 -0.017090 0.034868
v 0.360140 -0.000622 0.040806
v 0.360255 0.001631 0.035242
v 0.323471 -0.012034 0.014466
v 0.340905 -0.013539 0.019537
v 0.326665 -0.005407 0.014099
v 0.325557 0.006921 0.022007
v 0.323471 -0.012034 0.014466
v 0.324585 -0.024397 0.006549
v 0.318504 -0.016509 0.027997
v 0.317208 -0.002134 0.037215
v 0.324585 -0.024397 0.006549
v 0.342044 -0.026147 0.011452
v 0.360511 -0.012546 0.020464
v 0.361628 -0.024898 0.012532
v 0.360511 -0.012546 0.020464
v 0.361628 -0.024898 0.012532
v 0.383224 -0.002734 0.052580
v 0.380760 -0.003725 0.054244
v 0.385649 -0.006250 0.053815
v 0.383291 -0.007396 0.055534
v 0.384183 -0.011570 0.053712
v 0.386504 -0.010248 0.052070
v 0.379435 -0.003899 0.045385
v 0.380290 -0.007898 0.043640
v 0.377697 -0.009116 0.044912
v 0.376805 -0.004942 0.046734
v 0.382715 -0.011413 0.044875
v 0.380228 -0.012786 0.046201
v 0.385289 -0.012387 0.048367
v 0.382915 -0.013802 0.049846
v 0.386504 -0.010248 0.052070
v 0.384183 -0.011570 0.053712
v 0.383255 -0.006937 0.048555
v 0.385649 -0.006250 0.053815
v 0.386504 -0.010248 0.052070
v 0.380650 -0.001760 0.049088
v 0.383224 -0.002734 0.052580
v 0.379435 -0.003899 0.045385
v 0.380290 -0.007898 0.043640
v 0.382715 -0.011413 0.044875
v 0.385289 -0.012387 0.048367
v 0.387339 -0.024992 0.041796
v 0.387534 -0.021671 0.044745
v 0.385226 -0.022900 0.046429
v 0.385022 -0.026367 0.043351
v 0.384457 -0.020262 0.040011
v 0.385759 -0.017604 0.045021
v 0.387534 -0.021671 0.044745
v 0.387339 -0.024992 0.041796
v 0.383054 -0.015174 0.042463
v 0.381004 -0.015805 0.038569
v 0.380809 -0.019127 0.035621
v 0.382583 -0.023193 0.035344
v 0.385289 -0.025623 0.037902
v 0.387534 -0.021671 0.044745
v 0.385759 -0.017604 0.045021
v 0.383372 -0.018654 0.046717
v 0.385226 -0.022900 0.046429
v 0.383054 -0.015174 0.042463
v 0.380549 -0.016118 0.044047
v 0.238267 -0.050512 -0.000249
v 0.266567 -0.053268 0.002781
v 0.234174 -0.066225 0.023679
v 0.381004 -0.015805 0.038569
v 0.378408 -0.016776 0.039982
v 0.380809 -0.019127 0.035621
v 0.378205 -0.020244 0.036904
v 0.380809 -0.019127 0.035621
v 0.382583 -0.023193 0.035344
v 0.380058 -0.024489 0.036616
v 0.378205 -0.020244 0.036904
v 0.385289 -0.025623 0.037902
v 0.382881 -0.027025 0.039286
v 0.318504 -0.016509 0.027997
v 0.359613 -0.002716 0.044085
v 0.251009 -0.039644 0.000788
v 0.253979 -0.042029 -0.000270
v 0.253279 -0.044825 0.002242
v 0.249574 -0.041853 0.003561
v 0.251729 -0.036453 0.003007
v 0.250473 -0.037874 0.006327
v 0.255076 -0.036868 0.007775
v 0.255421 -0.035646 0.004168
v 0.258391 -0.038030 0.003110
v 0.258779 -0.039840 0.006457
v 0.257881 -0.043819 0.003690
v 0.257671 -0.041221 0.000892
v -0.359074 -0.138036 0.088153
v -0.358312 -0.118002 0.217194
v -0.355334 -0.146605 0.189494
v -0.350517 -0.162277 0.148428
v -0.378035 -0.163157 0.145825
v -0.328336 -0.160372 0.150254
v -0.350517 -0.162277 0.148428
v -0.378035 -0.163157 0.145825
v 0.248450 -0.161475 -0.011252
v 0.243696 -0.156398 -0.019839
v 0.243105 -0.150480 -0.029150
v 0.254119 -0.139710 -0.044397
v 0.246763 -0.144621 -0.037773
v 0.308543 -0.135014 -0.043977
v 0.312943 -0.130625 -0.050016
v 0.385538 -0.131654 -0.037593
v 0.286071 -0.167326 0.003343
v 0.256670 -0.164943 -0.004688
v 0.264080 -0.136491 -0.048016
v 0.278721 -0.135299 -0.047816
v 0.375162 -0.171493 0.023075
v 0.418957 -0.290801 0.271603
v 0.262704 -0.010436 0.030247
v 0.261137 -0.016454 0.039413
v 0.264999 -0.059287 0.011946
v 0.266567 -0.053268 0.002781
v 0.261137 -0.016454 0.039413
v 0.230739 -0.028135 0.048105
v 0.234174 -0.066225 0.023679
v 0.264999 -0.059287 0.011946
v 0.261137 -0.016454 0.039413
v 0.264999 -0.059287 0.011946
v 0.150713 -0.066500 0.075342
v 0.230093 -0.098893 0.055924
v 0.156261 -0.100643 0.048269
v -0.472443 -0.130212 0.106999
v -0.460958 -0.154570 0.143168
v -0.471769 -0.149669 0.142781
v -0.472443 -0.130212 0.106999
v -0.472443 -0.130212 0.106999
v 0.379182 -0.128119 -0.034371
v 0.317750 -0.127277 -0.044325
v 0.319528 -0.123033 -0.050069
v 0.380128 -0.123864 -0.040250
v 0.374501 -0.076212 -0.001086
v 0.379182 -0.128119 -0.034371
v 0.380128 -0.123864 -0.040250
v 0.375497 -0.072520 -0.007326
v 0.374501 -0.076212 -0.001086
v 0.375497 -0.072520 -0.007326
v 0.314897 -0.071690 -0.017145
v 0.313068 -0.075370 -0.011039
v 0.322499 -0.119885 -0.050177
v 0.318226 -0.072503 -0.019793
v 0.373154 -0.073256 -0.010893
v 0.377427 -0.120638 -0.041277
v 0.317750 -0.127277 -0.044325
v 0.313068 -0.075370 -0.011039
v 0.314897 -0.071690 -0.017145
v 0.319528 -0.123033 -0.050069
v 0.319271 -0.049594 -0.001886
v 0.340486 -0.049885 0.001552
v 0.342168 -0.068533 -0.010407
v 0.320953 -0.068242 -0.013844
v 0.318954 -0.073870 -0.006589
v 0.317172 -0.054101 0.006088
v 0.319271 -0.049594 -0.001886
v 0.320953 -0.068242 -0.013844
v 0.341623 -0.074181 -0.002916
v 0.342168 -0.068533 -0.010407
v 0.340486 -0.049885 0.001552
v 0.339840 -0.054411 0.009761
v 0.317172 -0.054101 0.006088
v 0.339840 -0.054411 0.009761
v 0.340486 -0.049885 0.001552
v 0.319271 -0.049594 -0.001886
v 0.318226 -0.072503 -0.019793
v 0.322499 -0.119885 -0.050177
v 0.322499 -0.119885 -0.050177
v 0.377427 -0.120638 -0.041277
v 0.373154 -0.073256 -0.010893
v 0.318226 -0.072503 -0.019793
v 0.377427 -0.120638 -0.041277
v 0.373154 -0.073256 -0.010893
v 0.318954 -0.073870 -0.006589
v 0.320953 -0.068242 -0.013844
v 0.342168 -0.068533 -0.010407
v 0.341623 -0.074181 -0.002916
v -0.024051 -0.674246 -0.194612
v -0.013497 -0.674594 -0.168352
v -0.024961 -0.680948 -0.180167
v -0.020681 -0.665013 -0.165723
v -0.030189 -0.665417 -0.192735
v -0.032772 -0.673621 -0.177051
v -0.032063 -0.674816 -0.165113
v -0.033066 -0.678953 -0.153174
v -0.021700 -0.666684 -0.142426
v 0.027730 -0.605835 -0.170656
v 0.024140 -0.617965 -0.158470
v 0.046720 -0.599175 -0.122167
v 0.042976 -0.590388 -0.152463
v 0.022744 -0.628560 -0.129941
v 0.023700 -0.636099 -0.100797
v 0.045799 -0.614486 -0.088997
v 0.039574 -0.647142 -0.096922
v 0.079278 -0.626995 -0.127672
v 0.061651 -0.632481 -0.086065
v 0.055259 -0.630799 -0.161091
v 0.051145 -0.612591 -0.175712
v 0.074090 -0.595818 -0.157484
v -0.004194 -0.653950 -0.112088
v -0.001482 -0.647609 -0.140745
v -0.022878 -0.667956 -0.125317
v 0.103894 -0.610413 -0.115558
v 0.088984 -0.616785 -0.076507
v 0.100173 -0.579947 -0.136653
v 0.052449 -0.645705 -0.134851
v -0.012050 -0.676806 -0.143745
v -0.025426 -0.685490 -0.155405
v -0.024047 -0.679966 -0.168545
v 0.016581 -0.661352 -0.145650
v 0.004618 -0.665366 -0.111486
v -0.018411 -0.678293 -0.125378
v 0.004940 -0.638145 -0.170470
v 0.016489 -0.647227 -0.174620
v 0.031070 -0.532491 -0.164809
v 0.032136 -0.544784 -0.169834
v 0.015538 -0.537843 -0.181579
v 0.014523 -0.526976 -0.175727
v 0.056071 -0.540142 -0.147706
v 0.056103 -0.556732 -0.156770
v 0.004893 -0.540099 -0.172671
v 0.022704 -0.551471 -0.157656
v 0.020049 -0.537424 -0.151062
v 0.006322 -0.528365 -0.167920
v 0.039343 -0.562106 -0.147484
v 0.038397 -0.547273 -0.134079
v 0.015660 -0.630352 -0.195699
v 0.013039 -0.641107 -0.183717
v -0.012802 -0.654410 -0.200069
v -0.011174 -0.645197 -0.212454
v 0.001309 -0.632694 -0.178206
v 0.001641 -0.622958 -0.190884
v -0.016953 -0.640089 -0.207197
v -0.019609 -0.646894 -0.196866
v -0.030738 -0.678479 -0.181087
v -0.028721 -0.670767 -0.195127
v -0.028721 -0.670767 -0.195127
v -0.030738 -0.678479 -0.181087
v -0.017358 -0.668921 -0.167427
v -0.017358 -0.668921 -0.167427
v -0.026680 -0.676165 -0.167601
v -0.026680 -0.676165 -0.167601
v -0.030229 -0.682871 -0.153045
v -0.030229 -0.682871 -0.153045
v -0.020790 -0.673959 -0.124975
v -0.017104 -0.672304 -0.140660
v -0.017104 -0.672304 -0.140660
v -0.020790 -0.673959 -0.124975
v -0.017692 -0.652104 -0.197379
v -0.014988 -0.642009 -0.210654
v -0.014988 -0.642009 -0.210654
v -0.017692 -0.652104 -0.197379
v 0.054505 -0.627075 -0.083907
v 0.030772 -0.642318 -0.095129
v 0.030772 -0.642318 -0.095129
v 0.054505 -0.627075 -0.083907
v 0.078467 -0.609540 -0.068920
v 0.078467 -0.609540 -0.068920
v 0.070572 -0.595539 -0.072685
v 0.038179 -0.606773 -0.176598
v 0.052087 -0.590441 -0.166134
v 0.052087 -0.590441 -0.166134
v 0.038179 -0.606773 -0.176598
v 0.010702 -0.641185 -0.174351
v 0.010702 -0.641185 -0.174351
v -0.000232 -0.659622 -0.109767
v -0.000232 -0.659622 -0.109767
v 0.008366 -0.623542 -0.193717
v 0.008366 -0.623542 -0.193717
v 0.006692 -0.637797 -0.179011
v 0.006692 -0.637797 -0.179011
v 0.009821 -0.525818 -0.173883
v 0.026913 -0.530516 -0.156728
v 0.026913 -0.530516 -0.156728
v 0.009821 -0.525818 -0.173883
v 0.048819 -0.539336 -0.136891
v 0.048819 -0.539336 -0.136891
v 0.046082 -0.562741 -0.155662
v 0.027670 -0.550593 -0.166143
v 0.027670 -0.550593 -0.166143
v 0.046082 -0.562741 -0.155662
v 0.008974 -0.540130 -0.180170
v 0.008974 -0.540130 -0.180170
v 0.067459 -0.548304 -0.115976
v 0.082138 -0.552540 -0.135841
v 0.067459 -0.548304 -0.115976
v 0.047689 -0.563508 -0.122751
v 0.053501 -0.578222 -0.155317
v 0.047010 -0.578558 -0.147435
v 0.070388 -0.572909 -0.154414
v 0.053501 -0.578222 -0.155317
v 0.068525 -0.575538 -0.093145
v 0.085208 -0.554872 -0.102873
v 0.099104 -0.554860 -0.122840
v 0.085208 -0.554872 -0.102873
v 0.084546 -0.587055 -0.069469
v 0.081941 -0.570054 -0.086012
v 0.089572 -0.601771 -0.063016
v 0.089572 -0.601771 -0.063016
v 0.103132 -0.611609 -0.070123
v 0.116927 -0.572068 -0.127266
v 0.119997 -0.601706 -0.107108
v 0.540651 -0.187116 0.191970
v 0.545705 -0.216111 0.204453
v 0.512322 -0.227148 0.192856
v 0.507518 -0.189242 0.181541
v 0.575628 -0.185824 0.198584
v 0.583263 -0.209140 0.207428
v 0.551224 -0.239859 0.226146
v 0.514211 -0.250012 0.221851
v 0.589975 -0.235033 0.227139
v 0.545307 -0.240160 0.262101
v 0.515507 -0.245959 0.259636
v 0.592290 -0.236949 0.273132
v 0.541058 -0.218198 0.285709
v 0.509798 -0.222378 0.287832
v 0.590528 -0.217396 0.291417
v 0.541200 -0.156807 0.189992
v 0.503032 -0.160184 0.189892
v 0.572455 -0.159201 0.198122
v -0.711308 -0.229502 -0.118306
v -0.698502 -0.253010 -0.125057
v -0.706215 -0.245216 -0.149391
v -0.708951 -0.221797 -0.141506
v -0.707658 -0.280934 -0.132315
v -0.707735 -0.272629 -0.158341
v -0.705719 -0.259815 -0.174370
v -0.702716 -0.236519 -0.173640
v -0.707195 -0.221465 -0.162473
v -0.728161 -0.262515 -0.185350
v -0.732660 -0.285100 -0.165416
v -0.751452 -0.286443 -0.169202
v -0.746471 -0.263595 -0.188552
v -0.736351 -0.297112 -0.137840
v -0.756314 -0.299050 -0.142250
v -0.744623 -0.232493 -0.192633
v -0.724885 -0.231768 -0.187164
v -0.729204 -0.210985 -0.170123
v -0.749513 -0.207941 -0.174595
v -0.754543 -0.202345 -0.145645
v -0.734210 -0.206396 -0.142893
v -0.759410 -0.208769 -0.116508
v -0.738715 -0.213035 -0.114956
v -0.741137 -0.231914 -0.079411
v -0.712197 -0.240827 -0.090273
v -0.764194 -0.228765 -0.080019
v -0.739187 -0.306070 -0.095411
v -0.762113 -0.307458 -0.098293
v -0.708668 -0.291545 -0.103637
v -0.699947 -0.263321 -0.100211
v -0.687469 -0.266704 -0.089257
v -0.702321 -0.295640 -0.089388
v -0.706262 -0.243017 -0.077200
v -0.756314 -0.299050 -0.142250
v -0.762113 -0.307458 -0.098293
v -0.764194 -0.228765 -0.080019
v -0.759410 -0.208769 -0.116508
v -0.754543 -0.202345 -0.145645
v -0.751452 -0.286443 -0.169202
v -0.749513 -0.207941 -0.174595
v -0.746471 -0.263595 -0.188552
v -0.744623 -0.232493 -0.192633
v -0.694913 -0.305893 -0.054944
v -0.734429 -0.315037 -0.056346
v -0.682538 -0.269811 -0.065517
v -0.695235 -0.251533 -0.046925
v -0.736812 -0.249980 -0.046927
v -0.762935 -0.250612 -0.046101
v -0.760426 -0.316547 -0.055042
v -0.762935 -0.250612 -0.046101
v -0.760426 -0.316547 -0.055042
v -0.760895 -0.257969 -0.018770
v -0.734667 -0.255998 -0.017751
v -0.760346 -0.321796 -0.030302
v -0.760895 -0.257969 -0.018770
v -0.745220 -0.322272 -0.030049
v -0.760346 -0.321796 -0.030302
v -0.715448 -0.323908 0.030080
v -0.712059 -0.328165 0.003612
v -0.677154 -0.333471 0.009511
v -0.682071 -0.325511 0.034231
v -0.618028 -0.315333 -0.006137
v -0.623925 -0.323134 0.019358
v -0.659660 -0.332278 0.014735
v -0.661731 -0.318301 -0.013521
v -0.654150 -0.299104 -0.036911
v -0.611688 -0.294248 -0.025716
v -0.683395 -0.302692 0.049326
v -0.716713 -0.301800 0.045020
v -0.750187 -0.326241 -0.003061
v -0.777270 -0.321586 -0.006761
v -0.773336 -0.316926 -0.031597
v -0.760346 -0.321796 -0.030302
v -0.773336 -0.316926 -0.031597
v -0.774962 -0.261344 -0.019673
v -0.774962 -0.261344 -0.019673
v -0.760895 -0.257969 -0.018770
v -0.760346 -0.321796 -0.030302
v -0.749209 -0.264976 0.002781
v -0.774962 -0.261344 -0.019673
v -0.778029 -0.264571 0.000143
v -0.700684 -0.249775 -0.012063
v -0.716713 -0.301800 0.045020
v -0.683395 -0.302692 0.049326
v -0.679775 -0.276865 0.045275
v -0.716275 -0.277155 0.035277
v -0.755267 -0.321227 0.024342
v -0.781689 -0.317087 0.019817
v -0.758321 -0.301215 0.038769
v -0.783698 -0.300853 0.032522
v -0.782034 -0.277186 0.023071
v -0.755561 -0.277358 0.027566
v -0.783698 -0.300853 0.032522
v -0.758321 -0.301215 0.038769
v -0.715241 -0.259056 0.010690
v -0.682761 -0.259871 0.016170
v -0.649015 -0.272479 -0.044922
v -0.613630 -0.271504 -0.028095
v -0.660377 -0.251985 -0.028975
v -0.618337 -0.251460 -0.009300
v -0.665426 -0.245849 -0.002933
v -0.627508 -0.252225 0.018582
v -0.662333 -0.249680 0.026522
v -0.708699 -0.325288 -0.026215
v -0.682761 -0.259871 0.016170
v -0.682761 -0.259871 0.016170
v -0.679775 -0.276865 0.045275
v -0.660837 -0.263400 0.046227
v -0.662333 -0.249680 0.026522
v -0.677154 -0.333471 0.009511
v -0.778029 -0.264571 0.000143
v -0.774962 -0.261344 -0.019673
v -0.773336 -0.316926 -0.031597
v -0.777270 -0.321586 -0.006761
v -0.782034 -0.277186 0.023071
v -0.781689 -0.317087 0.019817
v -0.783698 -0.300853 0.032522
v -0.682071 -0.325511 0.034231
v -0.669165 -0.317706 0.032993
v -0.683395 -0.302692 0.049326
v -0.669671 -0.300312 0.045129
v -0.669131 -0.283488 0.048000
v -0.647799 -0.322825 0.042954
v -0.648740 -0.307413 0.056514
v -0.654319 -0.282234 0.053312
v -0.497786 -0.252041 0.074671
v -0.496338 -0.227216 0.042843
v -0.627508 -0.252225 0.018582
v -0.627403 -0.275314 0.051558
v -0.622757 -0.303378 0.058200
v -0.515085 -0.295274 0.085407
v -0.623170 -0.319284 0.042098
v -0.665426 -0.245849 -0.002933
v -0.660377 -0.251985 -0.028975
v -0.661731 -0.318301 -0.013521
v -0.654150 -0.299104 -0.036911
v -0.649015 -0.272479 -0.044922
v 0.020558 -0.627900 -0.192939
v 0.018869 -0.639683 -0.180593
v 0.024973 -0.625691 -0.190453
v 0.024123 -0.638401 -0.177778
v 0.008490 -0.618464 -0.185574
v 0.016192 -0.619141 -0.189224
v 0.016192 -0.619141 -0.189224
v 0.013343 -0.635130 -0.174600
v 0.013343 -0.635130 -0.174600
v 0.007303 -0.628829 -0.173026
v 0.005410 -0.644314 -0.138067
v 0.010128 -0.632692 -0.167228
v 0.021451 -0.659228 -0.144184
v 0.009365 -0.662891 -0.109507
v 0.026271 -0.657125 -0.142733
v 0.014062 -0.660442 -0.107551
v 0.021755 -0.644996 -0.172782
v 0.026964 -0.642788 -0.170964
v 0.016463 -0.637525 -0.171071
v 0.016463 -0.637525 -0.171071
v 0.008145 -0.654948 -0.105812
v 0.003341 -0.649126 -0.109037
v 0.008145 -0.654948 -0.105812
v 0.022658 -0.635948 -0.132683
v 0.016677 -0.639928 -0.104393
v 0.024408 -0.627734 -0.159197
v 0.027578 -0.652801 -0.102128
v 0.039890 -0.649511 -0.138158
v 0.041393 -0.635104 -0.163139
v 0.031835 -0.631095 -0.163841
v 0.032030 -0.627637 -0.162209
v 0.031835 -0.631095 -0.163841
v 0.032030 -0.627637 -0.162209
v 0.021656 -0.647076 -0.100308
v 0.021656 -0.647076 -0.100308
v 0.042510 -0.633912 -0.167924
v 0.040427 -0.617956 -0.181748
v 0.019852 -0.611005 -0.176764
v 0.017245 -0.622414 -0.164431
v 0.029177 -0.611837 -0.181767
v 0.029177 -0.611837 -0.181767
v 0.024379 -0.630705 -0.167283
v 0.024379 -0.630705 -0.167283
v 0.203783 -0.519330 -0.077769
v 0.211046 -0.555316 -0.045722
v 0.119997 -0.601706 -0.107108
v 0.116927 -0.572068 -0.127266
v 0.178333 -0.484462 -0.079969
v 0.099104 -0.554860 -0.122840
v 0.149245 -0.469596 -0.060825
v 0.085208 -0.554872 -0.102873
v 0.122586 -0.481333 -0.012310
v 0.081941 -0.570054 -0.086012
v 0.126482 -0.514509 0.025487
v 0.122586 -0.481333 -0.012310
v 0.081941 -0.570054 -0.086012
v 0.084546 -0.587055 -0.069469
v 0.159567 -0.553931 0.030425
v 0.089572 -0.601771 -0.063016
v 0.194731 -0.568671 -0.007002
v 0.103132 -0.611609 -0.070123
v 0.583263 -0.209140 0.207428
v 0.575628 -0.185824 0.198584
v 0.609147 -0.187002 0.246637
v 0.572455 -0.159201 0.198122
v 0.590528 -0.217396 0.291417
v 0.592290 -0.236949 0.273132
v 0.589975 -0.235033 0.227139
v -0.477625 -0.293127 0.093657
v -0.494412 -0.231454 0.010308
v -0.468933 -0.258132 -0.019558
v -0.504067 -0.261478 -0.018648
v -0.489647 -0.292034 -0.015432
v -0.493740 -0.319736 0.001408
v -0.500775 -0.319254 0.001300
v -0.501102 -0.292529 -0.018201
v -0.466362 -0.325375 0.004235
v -0.473019 -0.322279 0.002978
v -0.471109 -0.292669 -0.016329
v -0.465734 -0.292632 -0.019122
v -0.503853 -0.336627 0.033172
v -0.500608 -0.323808 -0.000073
v -0.492327 -0.324399 -0.000299
v -0.496532 -0.337279 0.034269
v -0.488561 -0.283905 -0.017942
v -0.474621 -0.325458 0.001559
v -0.480365 -0.338528 0.036686
v -0.471559 -0.284444 -0.018518
v -0.498867 -0.323970 0.068596
v -0.510776 -0.323815 0.066205
v -0.505513 -0.333959 0.034653
v -0.497260 -0.334176 0.036389
v -0.473009 -0.339572 0.036427
v -0.466875 -0.327983 0.002007
v -0.482507 -0.324182 0.071879
v -0.473383 -0.324301 0.073711
v -0.471178 -0.336211 0.037299
v -0.478044 -0.335512 0.037417
v -0.482804 -0.329780 0.073002
v -0.499169 -0.329561 0.069744
v -0.488488 -0.292823 -0.018455
v -0.486868 -0.285511 -0.020438
v -0.472849 -0.285371 -0.020653
v -0.472907 -0.293042 -0.018768
v -0.500775 -0.319254 0.001300
v -0.505513 -0.333959 0.034653
v -0.505513 -0.333959 0.034653
v -0.497260 -0.334176 0.036389
v -0.498867 -0.323970 0.068596
v -0.482507 -0.324182 0.071879
v -0.478044 -0.335512 0.037417
v -0.471178 -0.336211 0.037299
v -0.471178 -0.336211 0.037299
v -0.466362 -0.325375 0.004235
v -0.466362 -0.325375 0.004235
v -0.473019 -0.322279 0.002978
v -0.471109 -0.292669 -0.016329
v -0.471559 -0.284444 -0.018518
v -0.471559 -0.284444 -0.018518
v -0.488561 -0.283905 -0.017942
v -0.488561 -0.283905 -0.017942
v -0.489647 -0.292034 -0.015432
v -0.493740 -0.319736 0.001408
v -0.500775 -0.319254 0.001300
v -0.503094 -0.326050 0.089609
v -0.486731 -0.326265 0.092879
v -0.498867 -0.323970 0.068596
v -0.503094 -0.326050 0.089609
v -0.486731 -0.326265 0.092879
v -0.486731 -0.326265 0.092879
v -0.482507 -0.324182 0.071879
v -0.498867 -0.323970 0.068596
v -0.496338 -0.227216 0.042843
v -0.464209 -0.221513 0.048453
v -0.461564 -0.224383 0.012056
v -0.453660 -0.256677 -0.019954
v -0.457129 -0.324512 0.076974
v -0.452154 -0.331445 0.042253
v -0.450358 -0.292677 -0.019522
v -0.449091 -0.324900 0.003870
v -0.449091 -0.324900 0.003870
v -0.461338 -0.292193 0.097244
v -0.463099 -0.245799 0.081138
v -0.463099 -0.245799 0.081138
v -0.461338 -0.292193 0.097244
v -0.463099 -0.245799 0.081138
v -0.457129 -0.324512 0.076974
v -0.452154 -0.331445 0.042253
v -0.449091 -0.324900 0.003870
v -0.450358 -0.292677 -0.019522
v -0.461564 -0.224383 0.012056
v -0.453660 -0.256677 -0.019954
v -0.464209 -0.221513 0.048453
v -0.464209 -0.221513 0.048453
v 0.132483 -0.504916 -0.053123
v 0.161714 -0.510206 -0.075859
v 0.121337 -0.512039 -0.030576
v 0.126067 -0.531792 -0.010066
v 0.121337 -0.512039 -0.030576
v 0.164900 -0.567053 -0.024389
v 0.144643 -0.555964 -0.003928
v 0.177139 -0.551496 -0.059621
v 0.173934 -0.526808 -0.077189
v 0.211046 -0.555316 -0.045722
v 0.203783 -0.519330 -0.077769
v 0.173934 -0.526808 -0.077189
v 0.177139 -0.551496 -0.059621
v 0.178333 -0.484462 -0.079969
v 0.161714 -0.510206 -0.075859
v 0.149245 -0.469596 -0.060825
v 0.132483 -0.504916 -0.053123
v 0.122586 -0.481333 -0.012310
v 0.121337 -0.512039 -0.030576
v 0.122586 -0.481333 -0.012310
v 0.126482 -0.514509 0.025487
v 0.126067 -0.531792 -0.010066
v 0.121337 -0.512039 -0.030576
v 0.159567 -0.553931 0.030425
v 0.144643 -0.555964 -0.003928
v 0.194731 -0.568671 -0.007002
v 0.164900 -0.567053 -0.024389
v 0.211046 -0.555316 -0.045722
v 0.177139 -0.551496 -0.059621
v 0.474093 -0.281302 0.261808
v 0.482647 -0.186268 0.153400
v 0.499779 -0.283250 0.205385
v 0.491511 -0.240248 0.161622
v 0.499779 -0.283250 0.205385
v 0.482647 -0.186268 0.153400
v 0.480491 -0.141958 0.158298
v 0.491511 -0.240248 0.161622
v 0.499779 -0.283250 0.205385
v 0.474093 -0.281302 0.261808
v 0.473128 -0.233223 0.299751
v 0.317621 0.002238 0.035432
v 0.316998 0.000059 0.038695
v 0.315702 0.014434 0.047913
v 0.316329 0.016570 0.044622
v 0.317621 0.002238 0.035432
v 0.337416 -0.000531 0.041799
v 0.316998 0.000059 0.038695
v 0.359898 0.001658 0.042282
v 0.358606 0.015990 0.051472
v 0.358107 0.013852 0.054783
v 0.359403 -0.000522 0.045566
v 0.358606 0.015990 0.051472
v 0.336063 0.014465 0.051415
v 0.358107 0.013852 0.054783
v 0.359898 0.001658 0.042282
v 0.359403 -0.000522 0.045566
v 0.316329 0.016570 0.044622
v 0.315702 0.014434 0.047913
v 0.337907 0.019708 0.040856
v 0.339045 0.007100 0.032771
v 0.321586 0.008849 0.027868
v 0.320472 0.021212 0.035785
v 0.357512 0.020701 0.041784
v 0.358630 0.008348 0.033851
v 0.320472 0.021212 0.035785
v 0.337907 0.019708 0.040856
v 0.320472 0.021212 0.035785
v 0.321586 0.008849 0.027868
v 0.321586 0.008849 0.027868
v 0.339045 0.007100 0.032771
v 0.357512 0.020701 0.041784
v 0.358630 0.008348 0.033851
v 0.357512 0.020701 0.041784
v 0.358630 0.008348 0.033851
v 0.403596 -0.035752 0.194232
v 0.411333 -0.052525 0.165001
v 0.363193 -0.034662 0.148703
v 0.381012 -0.028183 0.185463
v 0.424050 -0.045321 0.209819
v 0.445814 -0.080915 0.171212
v 0.348494 -0.022736 0.187291
v 0.302546 -0.055082 0.093736
v 0.360671 -0.061648 0.109097
v 0.360107 -0.100506 0.076725
v 0.303633 -0.094325 0.059142
v 0.315813 -0.022263 0.201548
v 0.258828 -0.024356 0.179471
v 0.281138 -0.031148 0.230246
v 0.208032 -0.029428 0.129861
v 0.254209 -0.028318 0.136203
v 0.258584 -0.055411 0.085840
v 0.208917 -0.043721 0.092761
v 0.210925 -0.066913 0.065637
v 0.261053 -0.093682 0.052152
v 0.213405 -0.093859 0.045726
v 0.420390 -0.049038 0.214850
v 0.442567 -0.061086 0.240002
v 0.446725 -0.057447 0.235915
v 0.424050 -0.045321 0.209819
v 0.347406 -0.031023 0.190571
v 0.348494 -0.022736 0.187291
v 0.315813 -0.022263 0.201548
v 0.315693 -0.028687 0.203332
v 0.433138 -0.092370 0.147968
v 0.434275 -0.086626 0.142532
v 0.445814 -0.080915 0.171212
v 0.443867 -0.086987 0.174975
v 0.205051 -0.031239 0.167878
v 0.206521 -0.033280 0.200492
v 0.208943 -0.027241 0.198968
v 0.208120 -0.025307 0.166641
v 0.446725 -0.057447 0.235915
v 0.465469 -0.083796 0.209227
v 0.428342 -0.115196 0.109230
v 0.400750 -0.107630 0.093551
v 0.402834 -0.074380 0.122898
v 0.429659 -0.099087 0.123920
v 0.301114 -0.025891 0.148347
v 0.480590 -0.091550 0.234737
v 0.208120 -0.025307 0.166641
v 0.434275 -0.086626 0.142532
v 0.208943 -0.027241 0.198968
v 0.463077 -0.069113 0.264970
v 0.206521 -0.033280 0.200492
v 0.280449 -0.037739 0.230999
v 0.281138 -0.031148 0.230246
v 0.379592 -0.033969 0.190427
v 0.381012 -0.028183 0.185463
v 0.280449 -0.037739 0.230999
v 0.206258 -0.071324 0.070689
v 0.204622 -0.048994 0.096813
v 0.208917 -0.043721 0.092761
v 0.210925 -0.066913 0.065637
v 0.459368 -0.073319 0.267958
v 0.477679 -0.096608 0.237713
v 0.480590 -0.091550 0.234737
v 0.463077 -0.069113 0.264970
v 0.208606 -0.097725 0.051079
v 0.213405 -0.093859 0.045726
v 0.204330 -0.035230 0.132290
v 0.208032 -0.029428 0.129861
v 0.400964 -0.040439 0.199561
v 0.403596 -0.035752 0.194232
v 0.465469 -0.083796 0.209227
v 0.462813 -0.089615 0.211766
v 0.428728 -0.104244 0.129966
v 0.429659 -0.099087 0.123920
v 0.427397 -0.119354 0.115581
v 0.428342 -0.115196 0.109230
v 0.480590 -0.091550 0.234737
v 0.477679 -0.096608 0.237713
v 0.459368 -0.073319 0.267958
v 0.463077 -0.069113 0.264970
v 0.694068 -0.101543 0.158398
v 0.695825 -0.103014 0.163381
v 0.664715 -0.099566 0.167874
v 0.662658 -0.098451 0.163539
v 0.661489 -0.083813 0.169717
v 0.662752 -0.094223 0.160568
v 0.662658 -0.098451 0.163539
v 0.660629 -0.087853 0.176678
v 0.728930 -0.090059 0.178940
v 0.660629 -0.087853 0.176678
v 0.661902 -0.090172 0.177350
v 0.727446 -0.094619 0.180566
v 0.709430 -0.077135 0.157308
v 0.699666 -0.092678 0.149643
v 0.662752 -0.094223 0.160568
v 0.661489 -0.083813 0.169717
v 0.732780 -0.120236 0.159907
v 0.728930 -0.090059 0.178940
v 0.727446 -0.094619 0.180566
v 0.730943 -0.122378 0.162989
v 0.694068 -0.101543 0.158398
v 0.696160 -0.116378 0.148740
v 0.697875 -0.118885 0.152891
v 0.695825 -0.103014 0.163381
v 0.713299 -0.106854 0.136298
v 0.702168 -0.109063 0.138178
v 0.702168 -0.109063 0.138178
v 0.696160 -0.116378 0.148740
v 0.694068 -0.101543 0.158398
v 0.699666 -0.092678 0.149643
v 0.713299 -0.106854 0.136298
v 0.709430 -0.077135 0.157308
v 0.709430 -0.077135 0.157308
v 0.661489 -0.083813 0.169717
v 0.662658 -0.098451 0.163539
v 0.664715 -0.099566 0.167874
v 0.661902 -0.090172 0.177350
v 0.660629 -0.087853 0.176678
v 0.699666 -0.092678 0.149643
v 0.694068 -0.101543 0.158398
v 0.662658 -0.098451 0.163539
v 0.662752 -0.094223 0.160568
v 0.583519 -0.094257 0.310962
v 0.597100 -0.097844 0.318758
v 0.587631 -0.090548 0.308023
v 0.581475 -0.098513 0.315088
v 0.581810 -0.102666 0.319773
v 0.584473 -0.106085 0.324303
v 0.589060 -0.108250 0.327989
v 0.594871 -0.108830 0.330269
v 0.601022 -0.107737 0.330797
v 0.606577 -0.105139 0.329493
v 0.610688 -0.101430 0.326554
v 0.612727 -0.097176 0.322428
v 0.612380 -0.093026 0.317743
v 0.609714 -0.089607 0.313212
v 0.605136 -0.087441 0.309527
v 0.599334 -0.086858 0.307247
v 0.593185 -0.087950 0.306718
v 0.715538 -0.098548 0.137313
v 0.723521 -0.103835 0.146703
v 0.724086 -0.109970 0.142674
v 0.716029 -0.104648 0.133241
v 0.671994 -0.115136 0.143404
v 0.671211 -0.109163 0.147545
v 0.711807 -0.098388 0.136360
v 0.712544 -0.104439 0.132426
v 0.667804 -0.118850 0.148606
v 0.667094 -0.112848 0.152614
v 0.560904 -0.102365 0.315254
v 0.555101 -0.101789 0.317614
v 0.560318 -0.105243 0.318275
v 0.558420 -0.100452 0.312440
v 0.554321 -0.100624 0.311481
v 0.551009 -0.102780 0.312939
v 0.550422 -0.105657 0.315960
v 0.552906 -0.107571 0.318774
v 0.557005 -0.107399 0.319733
v 0.575106 -0.099827 0.308347
v 0.577806 -0.098069 0.307158
v 0.576982 -0.095430 0.309408
v 0.574400 -0.097109 0.310544
v 0.571765 -0.099966 0.307565
v 0.571207 -0.097243 0.309797
v 0.569741 -0.098407 0.305272
v 0.569272 -0.095752 0.307604
v 0.570245 -0.096065 0.302817
v 0.569732 -0.093511 0.305251
v 0.572972 -0.094310 0.301637
v 0.572322 -0.091832 0.304118
v 0.576275 -0.094167 0.302408
v 0.575504 -0.091697 0.304862
v 0.578283 -0.095724 0.304696
v 0.577438 -0.093187 0.307054
v 0.572958 -0.092901 0.308747
v 0.559651 -0.102819 0.309197
v 0.562566 -0.105063 0.312500
v 0.554842 -0.103020 0.308072
v 0.550954 -0.105550 0.309783
v 0.550267 -0.108926 0.313328
v 0.553181 -0.111171 0.316630
v 0.557991 -0.110970 0.317755
v 0.561879 -0.108440 0.316044
v 0.545141 -0.104252 0.127872
v 0.545008 -0.099602 0.131542
v 0.552395 -0.107097 0.142843
v 0.553067 -0.111741 0.139529
v 0.510517 -0.114262 0.138755
v 0.519509 -0.121967 0.151537
v 0.520468 -0.116791 0.154711
v 0.511891 -0.109255 0.142089
v 0.541879 -0.097570 0.128732
v 0.541725 -0.102280 0.124794
v 0.532885 -0.101352 0.123117
v 0.533730 -0.096663 0.127233
v 0.521736 -0.096925 0.127341
v 0.520342 -0.101924 0.122976
v 0.511436 -0.106252 0.127819
v 0.513019 -0.101105 0.131929
v 0.508920 -0.111421 0.134434
v 0.510419 -0.106340 0.138034
v 0.510419 -0.106340 0.138034
v 0.521736 -0.096925 0.127341
v 0.513019 -0.101105 0.131929
v 0.511891 -0.109255 0.142089
v 0.520468 -0.116791 0.154711
v 0.552395 -0.107097 0.142843
v 0.545008 -0.099602 0.131542
v 0.549738 -0.103148 0.126477
v 0.546089 -0.101117 0.123232
v 0.541725 -0.102280 0.124794
v 0.545141 -0.104252 0.127872
v 0.507207 -0.115600 0.139587
v 0.510517 -0.114262 0.138755
v 0.508920 -0.111421 0.134434
v 0.505660 -0.112493 0.134854
v 0.505615 -0.114817 0.133338
v 0.507163 -0.117900 0.138186
v 0.507207 -0.115600 0.139587
v 0.505660 -0.112493 0.134854
v 0.546378 -0.103398 0.121601
v 0.546089 -0.101117 0.123232
v 0.549738 -0.103148 0.126477
v 0.550154 -0.105372 0.124964
v 0.560639 -0.102809 0.122343
v 0.565664 -0.110951 0.134721
v 0.566938 -0.116659 0.131003
v 0.562070 -0.108972 0.118332
v 0.556707 -0.100659 0.118840
v 0.546378 -0.103398 0.121601
v 0.550154 -0.105372 0.124964
v 0.560639 -0.102809 0.122343
v 0.501330 -0.120323 0.140347
v 0.507163 -0.117900 0.138186
v 0.505615 -0.114817 0.133338
v 0.500066 -0.116730 0.134760
v 0.557293 -0.113025 0.136917
v 0.565664 -0.110951 0.134721
v 0.557819 -0.106898 0.114500
v 0.556707 -0.100659 0.118840
v 0.500427 -0.122588 0.130895
v 0.501620 -0.126250 0.136774
v 0.501330 -0.120323 0.140347
v 0.500066 -0.116730 0.134760
v 0.509489 -0.128263 0.154644
v 0.516069 -0.125639 0.151524
v 0.509690 -0.134540 0.150837
v 0.509489 -0.128263 0.154644
v 0.556868 -0.110903 0.138346
v 0.557293 -0.113025 0.136917
v 0.516069 -0.125639 0.151524
v 0.516124 -0.123312 0.152926
v 0.542185 -0.106134 0.111109
v 0.541066 -0.099848 0.115451
v 0.520518 -0.107691 0.110490
v 0.519494 -0.100978 0.115079
v 0.519724 -0.103391 0.119066
v 0.519686 -0.100856 0.120879
v 0.535009 -0.100165 0.121037
v 0.535173 -0.102531 0.119331
v 0.508755 -0.108649 0.125080
v 0.508774 -0.106185 0.126774
v 0.519494 -0.100978 0.115079
v 0.519724 -0.103391 0.119066
v 0.535173 -0.102531 0.119331
v 0.541066 -0.099848 0.115451
v 0.504409 -0.108238 0.123372
v 0.508755 -0.108649 0.125080
v 0.505152 -0.114596 0.119097
v 0.504409 -0.108238 0.123372
v 0.541879 -0.097570 0.128732
v 0.520342 -0.101924 0.122976
v 0.532885 -0.101352 0.123117
v 0.535009 -0.100165 0.121037
v 0.519686 -0.100856 0.120879
v 0.508774 -0.106185 0.126774
v 0.511436 -0.106252 0.127819
v 0.516124 -0.123312 0.152926
v 0.519509 -0.121967 0.151537
v 0.553067 -0.111741 0.139529
v 0.556868 -0.110903 0.138346
v 0.533730 -0.096663 0.127233
v 0.583519 -0.094257 0.310962
v 0.587631 -0.090548 0.308023
v 0.588059 -0.093134 0.305202
v 0.583828 -0.096941 0.308231
v 0.581475 -0.098513 0.315088
v 0.581724 -0.101312 0.312479
v 0.581810 -0.102666 0.319773
v 0.581475 -0.098513 0.315088
v 0.581724 -0.101312 0.312479
v 0.582068 -0.105580 0.317300
v 0.584473 -0.106085 0.324303
v 0.584807 -0.109096 0.321960
v 0.589060 -0.108250 0.327989
v 0.589525 -0.111324 0.325748
v 0.595503 -0.111925 0.328090
v 0.594871 -0.108830 0.330269
v 0.601022 -0.107737 0.330797
v 0.601830 -0.110808 0.328627
v 0.607544 -0.108143 0.327279
v 0.606577 -0.105139 0.329493
v 0.611773 -0.104326 0.324255
v 0.610688 -0.101430 0.326554
v 0.613852 -0.099906 0.320043
v 0.612727 -0.097176 0.322428
v 0.612727 -0.097176 0.322428
v 0.613852 -0.099906 0.320043
v 0.613468 -0.095568 0.315286
v 0.612380 -0.093026 0.317743
v 0.610726 -0.092046 0.310640
v 0.609714 -0.089607 0.313212
v 0.605136 -0.087441 0.309527
v 0.606042 -0.089876 0.306803
v 0.599334 -0.086858 0.307247
v 0.600094 -0.089332 0.304408
v 0.593185 -0.087950 0.306718
v 0.593773 -0.090467 0.303855
v 0.711717 -0.097796 0.138117
v 0.711790 -0.099506 0.140794
v 0.713479 -0.099829 0.141534
v 0.715026 -0.098162 0.139153
v 0.723256 -0.103631 0.148838
v 0.720835 -0.104724 0.150202
v 0.721639 -0.112129 0.145696
v 0.724044 -0.110959 0.144211
v 0.668377 -0.111484 0.153367
v 0.673228 -0.110959 0.153230
v 0.673784 -0.109527 0.151076
v 0.671830 -0.108445 0.149114
v 0.234788 0.012753 0.064759
v 0.231471 0.007447 0.072567
v 0.257308 0.007560 0.077060
v 0.259531 0.018338 0.060653
v 0.255418 0.020849 0.058440
v 0.255217 0.023080 0.059871
v 0.259144 0.022639 0.063406
v 0.272507 0.015019 0.067675
v 0.271820 0.018750 0.063995
v 0.271617 0.021004 0.065440
v 0.272124 0.019300 0.070417
v 0.255991 0.015883 0.082300
v 0.252597 0.019468 0.076147
v 0.248576 0.016785 0.079764
v 0.263087 0.018137 0.079698
v 0.258608 0.020028 0.076119
v 0.275830 0.011483 0.073661
v 0.277132 0.015246 0.070202
v 0.276928 0.017503 0.071650
v 0.275448 0.015759 0.076402
v 0.241451 0.017198 0.058763
v 0.250449 0.020106 0.055494
v 0.260412 0.021034 0.055448
v 0.269822 0.019840 0.058633
v 0.277247 0.016707 0.064563
v 0.281557 0.012111 0.072336
v 0.282094 0.006753 0.080768
v 0.251857 0.017627 0.060684
v 0.246832 0.019102 0.059954
v 0.246630 0.021336 0.061387
v 0.251468 0.021926 0.063437
v 0.266781 0.017423 0.063107
v 0.264199 0.020730 0.059862
v 0.263998 0.022960 0.061292
v 0.266396 0.021716 0.065857
v 0.244924 0.015390 0.063199
v 0.239736 0.015772 0.064149
v 0.239534 0.018006 0.065582
v 0.244534 0.019687 0.065951
v 0.239785 0.011965 0.067818
v 0.235227 0.011352 0.070404
v 0.235025 0.013589 0.071838
v 0.239396 0.016261 0.070571
v 0.263412 0.014904 0.084786
v 0.276242 0.007351 0.080161
v 0.279335 0.010741 0.077543
v 0.279132 0.012993 0.078987
v 0.275860 0.011628 0.082904
v 0.235260 0.002144 0.057606
v 0.231870 -0.003282 0.065590
v 0.231471 0.007447 0.072567
v 0.234788 0.012753 0.064759
v 0.283082 0.001488 0.065354
v 0.281557 0.012111 0.072336
v 0.282094 0.006753 0.080768
v 0.283633 -0.003991 0.073977
v 0.278677 0.006187 0.057406
v 0.277247 0.016707 0.064563
v 0.271084 0.009391 0.051342
v 0.269822 0.019840 0.058633
v 0.261462 0.010612 0.048086
v 0.260412 0.021034 0.055448
v 0.251275 0.009663 0.048132
v 0.250449 0.020106 0.055494
v 0.242075 0.006689 0.051476
v 0.241451 0.017198 0.058763
v 0.236838 0.012172 0.076587
v 0.237229 0.007877 0.073834
v 0.259144 0.022639 0.063406
v 0.259531 0.018338 0.060653
v 0.346239 0.014191 0.096624
v 0.345879 0.017773 0.090987
v 0.345246 0.010996 0.090689
v 0.340119 0.016464 0.081441
v 0.342999 0.020845 0.085792
v 0.338036 0.022939 0.081828
v 0.331746 0.023737 0.079699
v 0.328923 0.017884 0.077652
v 0.325087 0.023117 0.079730
v 0.318217 0.014425 0.081542
v 0.319073 0.021173 0.081915
v 0.314618 0.018201 0.085922
v 0.314273 0.008112 0.090831
v 0.312402 0.014655 0.091141
v 0.306859 0.014161 0.089869
v 0.312402 0.014655 0.091141
v 0.314618 0.018201 0.085922
v 0.309808 0.018881 0.082924
v 0.351406 0.018310 0.089664
v 0.351885 0.013544 0.097164
v 0.354131 -0.003427 0.086404
v 0.353637 0.001491 0.078665
v 0.349682 0.005709 0.071532
v 0.347574 0.022398 0.082750
v 0.342868 0.008584 0.066089
v 0.340970 0.025185 0.077476
v 0.332600 0.026246 0.074643
v 0.334232 0.009679 0.063166
v 0.325089 0.008828 0.063209
v 0.323739 0.025421 0.074684
v 0.315735 0.022834 0.077592
v 0.316831 0.006159 0.066209
v 0.323739 0.025421 0.074684
v 0.315735 0.022834 0.077592
v 0.319073 0.021173 0.081915
v 0.325087 0.023117 0.079730
v 0.309808 0.018881 0.082924
v 0.310715 0.002079 0.071711
v 0.239396 0.016261 0.070571
v 0.246609 0.013214 0.076502
v 0.251885 0.016733 0.071756
v 0.244534 0.019687 0.065951
v 0.265650 0.014987 0.076415
v 0.259772 0.017467 0.071720
v 0.258608 0.020028 0.076119
v 0.263087 0.018137 0.079698
v 0.251885 0.016733 0.071756
v 0.246609 0.013214 0.076502
v 0.248576 0.016785 0.079764
v 0.252597 0.019468 0.076147
v 0.263412 0.014904 0.084786
v 0.266076 0.010744 0.083091
v 0.266396 0.021716 0.065857
v 0.259144 0.022639 0.063406
v 0.259772 0.017467 0.071720
v 0.275448 0.015759 0.076402
v 0.272124 0.019300 0.070417
v 0.265650 0.014987 0.076415
v 0.251468 0.021926 0.063437
v 0.266076 0.010744 0.083091
v 0.275860 0.011628 0.082904
v 0.236838 0.012172 0.076587
v 0.307672 -0.002790 0.078877
v 0.306859 0.014161 0.089869
v 0.331746 0.023737 0.079699
v 0.332600 0.026246 0.074643
v 0.338036 0.022939 0.081828
v 0.340970 0.025185 0.077476
v 0.347574 0.022398 0.082750
v 0.342999 0.020845 0.085792
v 0.345879 0.017773 0.090987
v 0.351406 0.018310 0.089664
v 0.351885 0.013544 0.097164
v 0.346239 0.014191 0.096624
v 0.279132 0.012993 0.078987
v 0.235025 0.013589 0.071838
v 0.239534 0.018006 0.065582
v 0.263998 0.022960 0.061292
v 0.246630 0.021336 0.061387
v 0.276928 0.017503 0.071650
v 0.271617 0.021004 0.065440
v 0.255217 0.023080 0.059871
v 0.496815 -0.093919 0.150147
v 0.489252 -0.075812 0.154081
v 0.484029 -0.072529 0.133018
v 0.491006 -0.090931 0.128518
v 0.476033 -0.067888 0.115060
v 0.480337 -0.085877 0.107365
v 0.464833 -0.060127 0.103785
v 0.461865 -0.074571 0.091426
v 0.451077 -0.046746 0.099392
v 0.441296 -0.055220 0.085066
v 0.417460 0.031488 0.107199
v 0.403877 0.027289 0.098601
v 0.382991 0.044178 0.116117
v 0.391493 0.051396 0.128213
v 0.428135 -0.010030 0.078545
v 0.441389 -0.005075 0.087188
v 0.451228 -0.043161 0.073710
v 0.461234 -0.033762 0.082788
v 0.388932 0.029710 0.139659
v 0.364990 0.033267 0.143785
v 0.366976 0.027638 0.125011
v 0.379335 0.025716 0.122793
v 0.341557 0.029835 0.135077
v 0.353493 0.025581 0.119824
v 0.327551 0.020516 0.120282
v 0.345039 0.019879 0.110823
v 0.323023 0.005781 0.105504
v 0.341993 0.009123 0.100201
v 0.323893 -0.012188 0.091924
v 0.342845 -0.007086 0.088001
v 0.501943 -0.065894 0.152896
v 0.496111 -0.062880 0.131040
v 0.487007 -0.057705 0.110861
v 0.474464 -0.049142 0.098183
v 0.460721 -0.035831 0.093660
v 0.393684 0.044949 0.137754
v 0.364855 0.049359 0.142934
v 0.337949 0.045366 0.132854
v 0.320361 0.033415 0.114012
v 0.314490 0.014820 0.095263
v 0.320200 0.001413 0.071666
v 0.315387 -0.005091 0.080165
v 0.319297 0.021517 0.086913
v 0.325168 0.040251 0.105775
v 0.341951 0.051844 0.123949
v 0.365780 0.055457 0.133018
v 0.396214 0.011716 0.108409
v 0.379335 0.025716 0.122793
v 0.418667 -0.022768 0.089799
v 0.441296 -0.055220 0.085066
v 0.478407 -0.050004 0.088314
v 0.495338 -0.060850 0.104211
v 0.506536 -0.066060 0.126433
v 0.512789 -0.069499 0.150259
v 0.514929 -0.085804 0.147643
v 0.496815 -0.093919 0.150147
v 0.491006 -0.090931 0.128518
v 0.508419 -0.082467 0.123535
v 0.480337 -0.085877 0.107365
v 0.495624 -0.076714 0.098983
v 0.461865 -0.074571 0.091426
v 0.473547 -0.063730 0.080428
v 0.442756 -0.009570 0.097575
v 0.419976 0.025123 0.116719
v 0.366976 0.027638 0.125011
v 0.367304 0.046780 0.119202
v 0.353493 0.025581 0.119824
v 0.351886 0.044351 0.113149
v 0.345039 0.019879 0.110823
v 0.340252 0.036195 0.100435
v 0.341993 0.009123 0.100201
v 0.335864 0.021511 0.085786
v 0.342845 -0.007086 0.088001
v 0.336745 0.003262 0.071992
v 0.411056 0.012732 0.121767
v 0.432608 -0.020049 0.103614
v 0.396214 0.011716 0.108409
v 0.418667 -0.022768 0.089799
v 0.452004 -0.063494 0.187912
v 0.457902 -0.070229 0.190123
v 0.452648 -0.074418 0.191563
v 0.446675 -0.067744 0.189373
v 0.482952 -0.084677 0.239174
v 0.482122 -0.086806 0.230241
v 0.457902 -0.070229 0.190123
v 0.452004 -0.063494 0.187912
v 0.482122 -0.086806 0.230241
v 0.476868 -0.090995 0.231681
v 0.482952 -0.084677 0.239174
v 0.477623 -0.088926 0.240635
v 0.452004 -0.063494 0.187912
v 0.446675 -0.067744 0.189373
v 0.434489 -0.046985 0.205307
v 0.439817 -0.042736 0.203846
v 0.435303 -0.044869 0.214245
v 0.440556 -0.040680 0.212805
v 0.470766 -0.063918 0.255109
v 0.439817 -0.042736 0.203846
v 0.440556 -0.040680 0.212805
v 0.464776 -0.057257 0.252923
v 0.470766 -0.063918 0.255109
v 0.465438 -0.068167 0.256570
v 0.464776 -0.057257 0.252923
v 0.459522 -0.061447 0.254363
v 0.470766 -0.063918 0.255109
v 0.465438 -0.068167 0.256570
v 0.559714 -0.075958 0.264598
v 0.559806 -0.094296 0.288876
v 0.571110 -0.095059 0.283414
v 0.570232 -0.079040 0.254616
v 0.640501 -0.077811 0.224887
v 0.636546 -0.084714 0.219013
v 0.631455 -0.085340 0.219585
v 0.632104 -0.078467 0.225398
v 0.610195 -0.086539 0.196913
v 0.610046 -0.082711 0.204870
v 0.614727 -0.088423 0.205713
v 0.617163 -0.093706 0.196575
v 0.644962 -0.082633 0.198604
v 0.652182 -0.079388 0.213545
v 0.655030 -0.085195 0.195475
v 0.630495 -0.083373 0.242262
v 0.641165 -0.083733 0.244340
v 0.647706 -0.076593 0.241409
v 0.631591 -0.077120 0.239144
v 0.528464 -0.102865 0.230141
v 0.520205 -0.084469 0.234578
v 0.517633 -0.081141 0.218191
v 0.523979 -0.096185 0.210125
v 0.536270 -0.064924 0.241896
v 0.523720 -0.072597 0.238207
v 0.530076 -0.085548 0.263856
v 0.542056 -0.076825 0.267112
v 0.554770 -0.063911 0.237116
v 0.548093 -0.093719 0.289045
v 0.537147 -0.100109 0.284503
v 0.526794 -0.095898 0.259043
v 0.533255 -0.110739 0.248819
v 0.680274 -0.091439 0.293551
v 0.684161 -0.099056 0.302500
v 0.699485 -0.100672 0.295869
v 0.691621 -0.087367 0.279557
v 0.685190 -0.107286 0.312097
v 0.682252 -0.114796 0.320870
v 0.695172 -0.121037 0.321679
v 0.700312 -0.111588 0.309218
v 0.662442 -0.070767 0.255856
v 0.653736 -0.078185 0.277750
v 0.666034 -0.081850 0.281962
v 0.678785 -0.077495 0.266959
v 0.710598 -0.092334 0.259664
v 0.696136 -0.079555 0.242094
v 0.676702 -0.072601 0.229948
v 0.656683 -0.072696 0.212942
v 0.653540 -0.068982 0.232606
v 0.686479 -0.081416 0.200486
v 0.659735 -0.079398 0.193645
v 0.727512 -0.101828 0.236713
v 0.710117 -0.088711 0.214580
v 0.720540 -0.108006 0.280449
v 0.738595 -0.118886 0.262309
v 0.666342 -0.119130 0.148837
v 0.663848 -0.091608 0.167730
v 0.728184 -0.094448 0.180918
v 0.733202 -0.120823 0.160882
v 0.674221 -0.085763 0.286738
v 0.706934 -0.131403 0.320933
v 0.718773 -0.123336 0.304955
v 0.680082 -0.155295 0.341248
v 0.685793 -0.167436 0.339565
v 0.699885 -0.156312 0.330312
v 0.694766 -0.146311 0.332521
v 0.637205 -0.093509 0.293631
v 0.643080 -0.102931 0.307822
v 0.660231 -0.099419 0.302557
v 0.655787 -0.091581 0.291096
v 0.630150 -0.080932 0.278437
v 0.609050 -0.085476 0.280101
v 0.606366 -0.091121 0.280704
v 0.629396 -0.086573 0.279299
v 0.628017 -0.073659 0.252841
v 0.629223 -0.075344 0.265184
v 0.649440 -0.068431 0.247825
v 0.648985 -0.117935 0.322353
v 0.666221 -0.107241 0.310774
v 0.630150 -0.080932 0.278437
v 0.619148 -0.092979 0.295758
v 0.619641 -0.094192 0.291685
v 0.610262 -0.092935 0.286343
v 0.609637 -0.091128 0.290391
v 0.635053 -0.199323 0.344885
v 0.612649 -0.197846 0.339945
v 0.640059 -0.214941 0.356938
v 0.758414 -0.116674 0.220718
v 0.745977 -0.104256 0.199394
v 0.735430 -0.112241 0.221418
v 0.597105 -0.086669 0.254732
v 0.601953 -0.079967 0.258618
v 0.628017 -0.073659 0.252841
v 0.620643 -0.083951 0.248710
v 0.615338 -0.094993 0.298403
v 0.612655 -0.087331 0.306716
v 0.617157 -0.090928 0.312062
v 0.620373 -0.098658 0.304481
v 0.619001 -0.096739 0.318817
v 0.621873 -0.104824 0.311648
v 0.538179 -0.063481 0.168708
v 0.543158 -0.066602 0.180955
v 0.546475 -0.075061 0.175668
v 0.539200 -0.074514 0.158456
v 0.563775 -0.102429 0.126612
v 0.554852 -0.097944 0.117625
v 0.560538 -0.099334 0.114164
v 0.523172 -0.055532 0.162097
v 0.529962 -0.056615 0.176070
v 0.532923 -0.064567 0.155715
v 0.518362 -0.085930 0.201601
v 0.519652 -0.094645 0.191475
v 0.512992 -0.083735 0.201646
v 0.501048 -0.081266 0.191100
v 0.501852 -0.094530 0.175675
v 0.519652 -0.094645 0.191475
v 0.490322 -0.080260 0.176392
v 0.503961 -0.069432 0.192927
v 0.492700 -0.066668 0.178036
v 0.511265 -0.059335 0.190392
v 0.500718 -0.056072 0.175739
v 0.520413 -0.055361 0.184212
v 0.511547 -0.052704 0.169849
v 0.536902 -0.063999 0.191466
v 0.529715 -0.062213 0.197745
v 0.535106 -0.059393 0.199163
v 0.541284 -0.062240 0.193264
v 0.528577 -0.060143 0.196629
v 0.529715 -0.062213 0.197745
v 0.536902 -0.063999 0.191466
v 0.536287 -0.060722 0.189101
v 0.521053 -0.064441 0.202165
v 0.522935 -0.066171 0.202490
v 0.529715 -0.062213 0.197745
v 0.528577 -0.060143 0.196629
v 0.536287 -0.060722 0.189101
v 0.488074 -0.093565 0.159053
v 0.495607 -0.098306 0.155221
v 0.515164 -0.073904 0.203894
v 0.517287 -0.077012 0.205019
v 0.542028 -0.070421 0.183936
v 0.543158 -0.066602 0.180955
v 0.545357 -0.069970 0.185423
v 0.542028 -0.070421 0.183936
v 0.539208 -0.096670 0.120613
v 0.541871 -0.099450 0.127918
v 0.523576 -0.092470 0.123658
v 0.523507 -0.090482 0.121415
v 0.563775 -0.102429 0.126612
v 0.508630 -0.111219 0.141680
v 0.541871 -0.099450 0.127918
v 0.557216 -0.095483 0.117532
v 0.554852 -0.097944 0.117625
v 0.539208 -0.096670 0.120613
v 0.540669 -0.094548 0.120950
v 0.640501 -0.077811 0.224887
v 0.632104 -0.078467 0.225398
v 0.647093 -0.087842 0.185014
v 0.658119 -0.096836 0.175427
v 0.648763 -0.096207 0.174000
v 0.614913 -0.093073 0.187556
v 0.624833 -0.100630 0.186347
v 0.621335 -0.098633 0.180787
v 0.624005 -0.085555 0.216294
v 0.622766 -0.078875 0.220688
v 0.648763 -0.096207 0.174000
v 0.644220 -0.109629 0.169542
v 0.642714 -0.099264 0.179714
v 0.632330 -0.104626 0.179364
v 0.630018 -0.103675 0.173322
v 0.600944 -0.080574 0.208504
v 0.610046 -0.082711 0.204870
v 0.610195 -0.086539 0.196913
v 0.601177 -0.087752 0.195612
v 0.608074 -0.078003 0.221457
v 0.597258 -0.084393 0.210398
v 0.605145 -0.083153 0.223307
v 0.620290 -0.076826 0.233140
v 0.618426 -0.082894 0.235574
v 0.615534 -0.080189 0.214269
v 0.618129 -0.086446 0.211669
v 0.659740 -0.108408 0.164441
v 0.650441 -0.106918 0.162731
v 0.560071 -0.156757 0.331199
v 0.569647 -0.156990 0.328321
v 0.565030 -0.141499 0.321968
v 0.557167 -0.139457 0.323354
v 0.626314 -0.098081 0.303953
v 0.628544 -0.099509 0.301565
v 0.715123 -0.097857 0.196170
v 0.728184 -0.094448 0.180918
v 0.690306 -0.091895 0.183307
v 0.674631 -0.210989 0.355588
v 0.659991 -0.197673 0.345627
v 0.729897 -0.191905 0.333239
v 0.712879 -0.181370 0.325903
v 0.694990 -0.189911 0.337342
v 0.706733 -0.202603 0.346876
v 0.765820 -0.146502 0.267996
v 0.771877 -0.174906 0.250662
v 0.771162 -0.158573 0.225090
v 0.765054 -0.131179 0.244227
v 0.764114 -0.143637 0.200806
v 0.758414 -0.116674 0.220718
v 0.743086 -0.147413 0.277196
v 0.765820 -0.146502 0.267996
v 0.749032 -0.143315 0.269778
v 0.746267 -0.144061 0.270904
v 0.663848 -0.091608 0.167730
v 0.662450 -0.089761 0.174997
v 0.601298 -0.213802 0.349789
v 0.573544 -0.207057 0.338688
v 0.573809 -0.211083 0.341396
v 0.715123 -0.097857 0.196170
v 0.765054 -0.131179 0.244227
v 0.746033 -0.130607 0.251087
v 0.745977 -0.104256 0.199394
v 0.750734 -0.129997 0.177654
v 0.694766 -0.146311 0.332521
v 0.693833 -0.143768 0.335168
v 0.680693 -0.153247 0.343153
v 0.680082 -0.155295 0.341248
v 0.601953 -0.079967 0.258618
v 0.597105 -0.086669 0.254732
v 0.606366 -0.091121 0.280704
v 0.606366 -0.091121 0.280704
v 0.609050 -0.085476 0.280101
v 0.601953 -0.079967 0.258618
v 0.629396 -0.086573 0.279299
v 0.651165 -0.083056 0.278537
v 0.707935 -0.134386 0.318431
v 0.706934 -0.131403 0.320933
v 0.668935 -0.125307 0.326341
v 0.677246 -0.115897 0.317151
v 0.707935 -0.134386 0.318431
v 0.717498 -0.141659 0.311435
v 0.601953 -0.079967 0.258618
v 0.718562 -0.126184 0.304251
v 0.735430 -0.112241 0.221418
v 0.683894 -0.132598 0.333657
v 0.693833 -0.143768 0.335168
v 0.673216 -0.124494 0.330650
v 0.610262 -0.092935 0.286343
v 0.619641 -0.094192 0.291685
v 0.672157 -0.143413 0.341675
v 0.663348 -0.135778 0.339059
v 0.746033 -0.130607 0.251087
v 0.673851 -0.156592 0.342685
v 0.674339 -0.154931 0.344575
v 0.665868 -0.151010 0.344724
v 0.662227 -0.143075 0.342400
v 0.718562 -0.126184 0.304251
v 0.718773 -0.123336 0.304955
v 0.673851 -0.156592 0.342685
v 0.674773 -0.172563 0.343816
v 0.576886 -0.237522 0.320884
v 0.575755 -0.240805 0.325845
v 0.573809 -0.211083 0.341396
v 0.573544 -0.207057 0.338688
v 0.729897 -0.191905 0.333239
v 0.733368 -0.221517 0.317933
v 0.756248 -0.205631 0.296377
v 0.750622 -0.176240 0.311613
v 0.569647 -0.156990 0.328321
v 0.596435 -0.151727 0.334096
v 0.591179 -0.135583 0.324457
v 0.565030 -0.141499 0.321968
v 0.712879 -0.181370 0.325903
v 0.730612 -0.166910 0.305871
v 0.674631 -0.210989 0.355588
v 0.678101 -0.240345 0.339521
v 0.710098 -0.231869 0.330804
v 0.706733 -0.202603 0.346876
v 0.640059 -0.214941 0.356938
v 0.642634 -0.244529 0.341057
v 0.690306 -0.091895 0.183307
v 0.662450 -0.089761 0.174997
v 0.642713 -0.079072 0.212790
v 0.639614 -0.088644 0.199745
v 0.637769 -0.084985 0.211445
v 0.642713 -0.079072 0.212790
v 0.644962 -0.082633 0.198604
v 0.639369 -0.107869 0.173540
v 0.639968 -0.108396 0.165983
v 0.622766 -0.078875 0.220688
v 0.615534 -0.080189 0.214269
v 0.647093 -0.087842 0.185014
v 0.641476 -0.093842 0.187813
v 0.590665 -0.093422 0.283852
v 0.590105 -0.092996 0.285797
v 0.768492 -0.189284 0.272607
v 0.762042 -0.159876 0.287917
v 0.662718 -0.086547 0.281682
v 0.666034 -0.081850 0.281962
v 0.653736 -0.078185 0.277750
v 0.651165 -0.083056 0.278537
v 0.680067 -0.109151 0.309897
v 0.685190 -0.107286 0.312097
v 0.684161 -0.099056 0.302500
v 0.679310 -0.101868 0.301591
v 0.677246 -0.115897 0.317151
v 0.682252 -0.114796 0.320870
v 0.675669 -0.095350 0.293280
v 0.680274 -0.091439 0.293551
v 0.674221 -0.085763 0.286738
v 0.670150 -0.090171 0.286450
v 0.694990 -0.189911 0.337342
v 0.572661 -0.095707 0.281370
v 0.571110 -0.095059 0.283414
v 0.566155 -0.069953 0.227102
v 0.575440 -0.091083 0.258295
v 0.575225 -0.085490 0.239199
v 0.560745 -0.089520 0.293724
v 0.533253 -0.094621 0.290990
v 0.545222 -0.124291 0.327820
v 0.559143 -0.122086 0.329555
v 0.590846 -0.095392 0.289376
v 0.589108 -0.086215 0.298367
v 0.606401 -0.085460 0.302672
v 0.607931 -0.093424 0.293517
v 0.606689 -0.123520 0.325487
v 0.616792 -0.117322 0.322090
v 0.613918 -0.108245 0.329805
v 0.605785 -0.113078 0.333243
v 0.591611 -0.127657 0.324350
v 0.590598 -0.116518 0.332758
v 0.620833 -0.111182 0.317628
v 0.617576 -0.103086 0.325193
v 0.561939 -0.135278 0.320277
v 0.559143 -0.122086 0.329555
v 0.570894 -0.097512 0.286839
v 0.560745 -0.089520 0.293724
v 0.589108 -0.086215 0.298367
v 0.590598 -0.116518 0.332758
v 0.567308 -0.185481 0.338782
v 0.578395 -0.180258 0.333147
v 0.750622 -0.176240 0.311613
v 0.730612 -0.166910 0.305871
v 0.573544 -0.207057 0.338688
v 0.585377 -0.195772 0.332592
v 0.571363 -0.082082 0.221903
v 0.558000 -0.080923 0.197013
v 0.555063 -0.068359 0.203153
v 0.531886 -0.060582 0.217448
v 0.520840 -0.069279 0.219763
v 0.546431 -0.060314 0.210888
v 0.571598 -0.080835 0.197617
v 0.558000 -0.080923 0.197013
v 0.571363 -0.082082 0.221903
v 0.582973 -0.081752 0.214930
v 0.614913 -0.093073 0.187556
v 0.607147 -0.095063 0.184474
v 0.624209 -0.105706 0.166842
v 0.630018 -0.103675 0.173322
v 0.639968 -0.108396 0.165983
v 0.633346 -0.109954 0.158841
v 0.648685 -0.111733 0.159993
v 0.638980 -0.114131 0.152064
v 0.652648 -0.121537 0.150665
v 0.641222 -0.120029 0.146707
v 0.614421 -0.101367 0.175198
v 0.621335 -0.098633 0.180787
v 0.612649 -0.197846 0.339945
v 0.635053 -0.199323 0.344885
v 0.630812 -0.175882 0.344947
v 0.608098 -0.178906 0.340091
v 0.606366 -0.091121 0.280704
v 0.590665 -0.093422 0.283852
v 0.609050 -0.085476 0.280101
v 0.728824 -0.123610 0.293427
v 0.626588 -0.148922 0.339130
v 0.638460 -0.130947 0.331255
v 0.622091 -0.123375 0.323435
v 0.610677 -0.129782 0.325675
v 0.620540 -0.120789 0.324332
v 0.622091 -0.123375 0.323435
v 0.629630 -0.113321 0.316363
v 0.627384 -0.111018 0.318295
v 0.629630 -0.113321 0.316363
v 0.609563 -0.126166 0.326618
v 0.610677 -0.129782 0.325675
v 0.597105 -0.086669 0.254732
v 0.628544 -0.099509 0.301565
v 0.728824 -0.123610 0.293427
v 0.728137 -0.126032 0.293416
v 0.657599 -0.136665 0.334866
v 0.679598 -0.194461 0.342804
v 0.762042 -0.159876 0.287917
v 0.740095 -0.154521 0.288204
v 0.591179 -0.135583 0.324457
v 0.590599 -0.132268 0.325609
v 0.578395 -0.180258 0.333147
v 0.585377 -0.195772 0.332592
v 0.630296 -0.106054 0.309157
v 0.627904 -0.104179 0.311264
v 0.630296 -0.106054 0.309157
v 0.680067 -0.109151 0.309897
v 0.546475 -0.075061 0.175668
v 0.545378 -0.079205 0.177713
v 0.553488 -0.078138 0.169350
v 0.530158 -0.060699 0.202311
v 0.522935 -0.066171 0.202490
v 0.545378 -0.079205 0.177713
v 0.546475 -0.075061 0.175668
v 0.546417 -0.078830 0.178822
v 0.545378 -0.079205 0.177713
v 0.614421 -0.101367 0.175198
v 0.624209 -0.105706 0.166842
v 0.607106 -0.102307 0.159784
v 0.594483 -0.096409 0.171009
v 0.530739 -0.077730 0.142821
v 0.523147 -0.082428 0.127385
v 0.523323 -0.080509 0.134142
v 0.537786 -0.082368 0.137316
v 0.539200 -0.074514 0.158456
v 0.547262 -0.079896 0.150641
v 0.574125 -0.103968 0.112223
v 0.568702 -0.097924 0.119201
v 0.581779 -0.100193 0.125851
v 0.586879 -0.106971 0.118700
v 0.546243 -0.092651 0.131798
v 0.556049 -0.094971 0.128023
v 0.621349 -0.106866 0.145934
v 0.628747 -0.115763 0.138299
v 0.611249 -0.112086 0.130105
v 0.605018 -0.104207 0.137848
v 0.570273 -0.095818 0.136311
v 0.589387 -0.098719 0.148007
v 0.573260 -0.085992 0.173228
v 0.580935 -0.094670 0.159278
v 0.564691 -0.090273 0.148782
v 0.560045 -0.083648 0.159020
v 0.632041 -0.108391 0.156927
v 0.633346 -0.109954 0.158841
v 0.637630 -0.112104 0.149755
v 0.638980 -0.114131 0.152064
v 0.519907 -0.068191 0.207413
v 0.517287 -0.077012 0.205019
v 0.553488 -0.078138 0.169350
v 0.563096 -0.079907 0.184505
v 0.607147 -0.095063 0.184474
v 0.584805 -0.086178 0.186019
v 0.572661 -0.095707 0.281370
v 0.597258 -0.084393 0.210398
v 0.601177 -0.087752 0.195612
v 0.605145 -0.083153 0.223307
v 0.588922 -0.084906 0.233847
v 0.523507 -0.090482 0.121415
v 0.526478 -0.087701 0.121817
v 0.546475 -0.075061 0.175668
v 0.556649 -0.091122 0.142328
v 0.618426 -0.082894 0.235574
v 0.597105 -0.086669 0.254732
v 0.620643 -0.083951 0.248710
v 0.649376 -0.077299 0.231042
v 0.647706 -0.076593 0.241409
v 0.649440 -0.068431 0.247825
v 0.653540 -0.068982 0.232606
v 0.652182 -0.079388 0.213545
v 0.656683 -0.072696 0.212942
v 0.662450 -0.089761 0.174997
v 0.658119 -0.096836 0.175427
v 0.655030 -0.085195 0.195475
v 0.659735 -0.079398 0.193645
v 0.663848 -0.091608 0.167730
v 0.659740 -0.108408 0.164441
v 0.666342 -0.119130 0.148837
v 0.661322 -0.122559 0.153480
v 0.575225 -0.085490 0.239199
v 0.575440 -0.091083 0.258295
v 0.572661 -0.095707 0.281370
v 0.575440 -0.091083 0.258295
v 0.675669 -0.095350 0.293280
v 0.670150 -0.090171 0.286450
v 0.679310 -0.101868 0.301591
v 0.662718 -0.086547 0.281682
v 0.661322 -0.122559 0.153480
v 0.633155 -0.095233 0.186825
v 0.629249 -0.089382 0.197558
v 0.639614 -0.088644 0.199745
v 0.641476 -0.093842 0.187813
v 0.640501 -0.077811 0.224887
v 0.636546 -0.084714 0.219013
v 0.627286 -0.086274 0.208750
v 0.631455 -0.085340 0.219585
v 0.637769 -0.084985 0.211445
v 0.632330 -0.104626 0.179364
v 0.637269 -0.101356 0.179332
v 0.639369 -0.107869 0.173540
v 0.624833 -0.100630 0.186347
v 0.617163 -0.093706 0.196575
v 0.614727 -0.088423 0.205713
v 0.618129 -0.086446 0.211669
v 0.624005 -0.085555 0.216294
v 0.649376 -0.077299 0.231042
v 0.502819 -0.108358 0.134296
v 0.507088 -0.117483 0.123870
v 0.502459 -0.119514 0.126387
v 0.498090 -0.110524 0.137695
v 0.492212 -0.103735 0.147670
v 0.495706 -0.101377 0.144432
v 0.523168 -0.112364 0.170933
v 0.519652 -0.094645 0.191475
v 0.501852 -0.094530 0.175675
v 0.509220 -0.109718 0.154905
v 0.501954 -0.097878 0.153275
v 0.501866 -0.103350 0.151710
v 0.495706 -0.101377 0.144432
v 0.496498 -0.096524 0.144497
v 0.508630 -0.111219 0.141680
v 0.502819 -0.108358 0.134296
v 0.492212 -0.103735 0.147670
v 0.495607 -0.098306 0.155221
v 0.492881 -0.098620 0.148274
v 0.496498 -0.096524 0.144497
v 0.495706 -0.101377 0.144432
v 0.483214 -0.082025 0.160280
v 0.603634 -0.243682 0.334252
v 0.601298 -0.213802 0.349789
v 0.573809 -0.211083 0.341396
v 0.575755 -0.240805 0.325845
v 0.585377 -0.195772 0.332592
v 0.562305 -0.138888 0.322588
v 0.562305 -0.138888 0.322588
v 0.565030 -0.141499 0.321968
v 0.616792 -0.117322 0.322090
v 0.620833 -0.111182 0.317628
v 0.621873 -0.104824 0.311648
v 0.620373 -0.098658 0.304481
v 0.615338 -0.094993 0.298403
v 0.607931 -0.093424 0.293517
v 0.590846 -0.095392 0.289376
v 0.570894 -0.097512 0.286839
v 0.570894 -0.097512 0.286839
v 0.559806 -0.094296 0.288876
v 0.606689 -0.123520 0.325487
v 0.591611 -0.127657 0.324350
v 0.561939 -0.135278 0.320277
v 0.561939 -0.135278 0.320277
v 0.557191 -0.134869 0.320713
v 0.557191 -0.134869 0.320713
v 0.557191 -0.134869 0.320713
v 0.560071 -0.156757 0.331199
v 0.557167 -0.139457 0.323354
v 0.558657 -0.143908 0.314721
v 0.545222 -0.124291 0.327820
v 0.557191 -0.134869 0.320713
v 0.548093 -0.093719 0.289045
v 0.533253 -0.094621 0.290990
v 0.537147 -0.100109 0.284503
v 0.535602 -0.107365 0.280729
v 0.613918 -0.108245 0.329805
v 0.617576 -0.103086 0.325193
v 0.619001 -0.096739 0.318817
v 0.617157 -0.090928 0.312062
v 0.605785 -0.113078 0.333243
v 0.612655 -0.087331 0.306716
v 0.606401 -0.085460 0.302672
v 0.563125 -0.096827 0.114003
v 0.566244 -0.102683 0.109112
v 0.563322 -0.103899 0.110597
v 0.560538 -0.099334 0.114164
v 0.641222 -0.120029 0.146707
v 0.639763 -0.118568 0.144224
v 0.518512 -0.085537 0.126042
v 0.518409 -0.082904 0.133018
v 0.518131 -0.087882 0.128043
v 0.518512 -0.085537 0.126042
v 0.537513 -0.093551 0.139000
v 0.501866 -0.103350 0.151710
v 0.501954 -0.097878 0.153275
v 0.528922 -0.084212 0.147866
v 0.517312 -0.084386 0.135034
v 0.518409 -0.082904 0.133018
v 0.537513 -0.093551 0.139000
v 0.523576 -0.092470 0.123658
v 0.554852 -0.097944 0.117625
v 0.512260 -0.121630 0.131066
v 0.507088 -0.117483 0.123870
v 0.495224 -0.095687 0.153859
v 0.501954 -0.097878 0.153275
v 0.496498 -0.096524 0.144497
v 0.490802 -0.094433 0.145196
v 0.482609 -0.091980 0.147094
v 0.479423 -0.083626 0.144510
v 0.481800 -0.084927 0.141014
v 0.484525 -0.092290 0.143685
v 0.480986 -0.070855 0.142683
v 0.482838 -0.073762 0.138821
v 0.487283 -0.062132 0.142072
v 0.488002 -0.066058 0.138159
v 0.493182 -0.059203 0.141515
v 0.500442 -0.057317 0.140741
v 0.500347 -0.061525 0.137093
v 0.493506 -0.063342 0.137672
v 0.506777 -0.057570 0.139912
v 0.513640 -0.059429 0.138876
v 0.512266 -0.063098 0.136145
v 0.506181 -0.061613 0.136678
v 0.518945 -0.063678 0.137936
v 0.523371 -0.069425 0.136749
v 0.519926 -0.071366 0.134729
v 0.516533 -0.066485 0.135526
v 0.523723 -0.075463 0.135715
v 0.523323 -0.080509 0.134142
v 0.518409 -0.082904 0.133018
v 0.519887 -0.076972 0.133646
v 0.519926 -0.071366 0.134729
v 0.519887 -0.076972 0.133646
v 0.518542 -0.078128 0.135548
v 0.518122 -0.072565 0.136416
v 0.518409 -0.082904 0.133018
v 0.517312 -0.084386 0.135034
v 0.518542 -0.078128 0.135548
v 0.523685 -0.070859 0.146728
v 0.518122 -0.072565 0.136416
v 0.516533 -0.066485 0.135526
v 0.515232 -0.068362 0.137002
v 0.511679 -0.065590 0.137447
v 0.512266 -0.063098 0.136145
v 0.511679 -0.065590 0.137447
v 0.515232 -0.068362 0.137002
v 0.506181 -0.061613 0.136678
v 0.506156 -0.064311 0.137829
v 0.500758 -0.064237 0.138136
v 0.500347 -0.061525 0.137093
v 0.509043 -0.063295 0.147616
v 0.500758 -0.064237 0.138136
v 0.506156 -0.064311 0.137829
v 0.493506 -0.063342 0.137672
v 0.494444 -0.065758 0.138648
v 0.489414 -0.068063 0.139088
v 0.488002 -0.066058 0.138159
v 0.496849 -0.065697 0.149545
v 0.489414 -0.068063 0.139088
v 0.494444 -0.065758 0.138648
v 0.484969 -0.074778 0.139602
v 0.482838 -0.073762 0.138821
v 0.489109 -0.074161 0.151718
v 0.484969 -0.074778 0.139602
v 0.484006 -0.084736 0.141633
v 0.481800 -0.084927 0.141014
v 0.487663 -0.084745 0.153355
v 0.484006 -0.084736 0.141633
v 0.490802 -0.094433 0.145196
v 0.484525 -0.092290 0.143685
v 0.486575 -0.090993 0.143918
v 0.486575 -0.090993 0.143918
v 0.490225 -0.091468 0.153938
v 0.517507 -0.056903 0.149606
v 0.527791 -0.067035 0.145126
v 0.530739 -0.077730 0.142821
v 0.484142 -0.067930 0.160892
v 0.492382 -0.057023 0.159450
v 0.504658 -0.053641 0.155251
v 0.514458 -0.126793 0.139426
v 0.529782 -0.134176 0.153095
v 0.492881 -0.098620 0.148274
v 0.487571 -0.096839 0.148412
v 0.490802 -0.094433 0.145196
v 0.496498 -0.096524 0.144497
v 0.632690 -0.083823 0.246145
v 0.641165 -0.083733 0.244340
v 0.632690 -0.083823 0.246145
v 0.641165 -0.083733 0.244340
v 0.630495 -0.083373 0.242262
v 0.495607 -0.098306 0.155221
v 0.522935 -0.066171 0.202490
v 0.517287 -0.077012 0.205019
v 0.518362 -0.085930 0.201601
v 0.541446 -0.119433 0.272887
v 0.558657 -0.143908 0.314721
v 0.550052 -0.144677 0.312692
v 0.557191 -0.134869 0.320713
v 0.668935 -0.125307 0.326341
v 0.673216 -0.124494 0.330650
v 0.659991 -0.197673 0.345627
v 0.652896 -0.166499 0.345552
v 0.660851 -0.136642 0.337005
v 0.660485 -0.144666 0.340643
v 0.662227 -0.143075 0.342400
v 0.663348 -0.135778 0.339059
v 0.660851 -0.136642 0.337005
v 0.528922 -0.084212 0.147866
v 0.517312 -0.084386 0.135034
v 0.528922 -0.084212 0.147866
v 0.518131 -0.087882 0.128043
v 0.572819 -0.108581 0.119233
v 0.512260 -0.121630 0.131066
v 0.563775 -0.102429 0.126612
v 0.495224 -0.095687 0.153859
v 0.490225 -0.091468 0.153938
v 0.487663 -0.084745 0.153355
v 0.489109 -0.074161 0.151718
v 0.572819 -0.108581 0.119233
v 0.563322 -0.103899 0.110597
v 0.496849 -0.065697 0.149545
v 0.509043 -0.063295 0.147616
v 0.523685 -0.070859 0.146728
v 0.642714 -0.099264 0.179714
v 0.644220 -0.109629 0.169542
v 0.546417 -0.078830 0.178822
v 0.649440 -0.068431 0.247825
v 0.647706 -0.076593 0.241409
v 0.749032 -0.143315 0.269778
v 0.741471 -0.131770 0.278603
v 0.740136 -0.133649 0.278916
v 0.746267 -0.144061 0.270904
v 0.740095 -0.154521 0.288204
v 0.730582 -0.135155 0.293867
v 0.728137 -0.126032 0.293416
v 0.739526 -0.140068 0.281982
v 0.743086 -0.147413 0.277196
v 0.746267 -0.144061 0.270904
v 0.740136 -0.133649 0.278916
v 0.680693 -0.153247 0.343153
v 0.669288 -0.155588 0.343229
v 0.670135 -0.153646 0.345284
v 0.670135 -0.153646 0.345284
v 0.674339 -0.154931 0.344575
v 0.734559 -0.128654 0.285933
v 0.735123 -0.135987 0.287844
v 0.664775 -0.152701 0.343027
v 0.665868 -0.151010 0.344724
v 0.651507 -0.145269 0.339108
v 0.660485 -0.144666 0.340643
v 0.665868 -0.151010 0.344724
v 0.664775 -0.152701 0.343027
v 0.648443 -0.156791 0.343234
v 0.664775 -0.152701 0.343027
v 0.663452 -0.172422 0.345838
v 0.679598 -0.194461 0.342804
v 0.669288 -0.155588 0.343229
v 0.535602 -0.107365 0.280729
v 0.535602 -0.107365 0.280729
v 0.545222 -0.124291 0.327820
v 0.533253 -0.094621 0.290990
v 0.541446 -0.119433 0.272887
v 0.550052 -0.144677 0.312692
v 0.558657 -0.143908 0.314721
v 0.741471 -0.131770 0.278603
v 0.749032 -0.143315 0.269778
v 0.735860 -0.126065 0.285476
v 0.734559 -0.128654 0.285933
v 0.735860 -0.126065 0.285476
v 0.644220 -0.109629 0.169542
v 0.648685 -0.111733 0.159993
v 0.650441 -0.106918 0.162731
v 0.648685 -0.111733 0.159993
v 0.576886 -0.237522 0.320884
v 0.573544 -0.207057 0.338688
v 0.616601 -0.181287 0.238773
v 0.567308 -0.185481 0.338782
v 0.560071 -0.156757 0.331199
v 0.558657 -0.143908 0.314721
v 0.541446 -0.119433 0.272887
v 0.541446 -0.119433 0.272887
v 0.533255 -0.110739 0.248819
v 0.616601 -0.181287 0.238773
v 0.528464 -0.102865 0.230141
v 0.523979 -0.096185 0.210125
v 0.519652 -0.094645 0.191475
v 0.523168 -0.112364 0.170933
v 0.529782 -0.134176 0.153095
v 0.232010 0.002088 0.080999
v 0.257308 0.007560 0.077060
v 0.231471 0.007447 0.072567
v 0.253942 -0.003123 0.093334
v 0.253554 0.001174 0.096094
v 0.248888 -0.001221 0.096876
v 0.249090 -0.003451 0.095446
v 0.268554 -0.000162 0.090794
v 0.268169 0.004115 0.093541
v 0.266255 0.000416 0.096793
v 0.266458 -0.001839 0.095347
v 0.255991 0.015883 0.082300
v 0.248576 0.016785 0.079764
v 0.248900 0.013552 0.084853
v 0.253380 0.011661 0.088431
v 0.259391 0.012221 0.088403
v 0.263412 0.014904 0.084786
v 0.273688 0.003262 0.086181
v 0.273306 0.007536 0.088924
v 0.273346 0.003749 0.092595
v 0.273550 0.001492 0.091148
v 0.236318 -0.002508 0.088772
v 0.243744 -0.005641 0.094702
v 0.253154 -0.006835 0.097887
v 0.263116 -0.005907 0.097841
v 0.272114 -0.002999 0.094572
v 0.278779 0.001447 0.088577
v 0.282094 0.006753 0.080768
v 0.246689 -0.002213 0.090899
v 0.246302 0.002090 0.093643
v 0.241266 0.000741 0.092751
v 0.241464 -0.001503 0.091335
v 0.261617 -0.002405 0.093302
v 0.261231 0.001885 0.096057
v 0.257669 -0.001342 0.098300
v 0.257870 -0.003572 0.096870
v 0.240968 0.000199 0.086334
v 0.240579 0.004501 0.089077
v 0.235952 0.004249 0.086531
v 0.236153 0.002015 0.085098
v 0.237645 0.003748 0.080331
v 0.237256 0.008042 0.083086
v 0.233767 0.008761 0.079191
v 0.233969 0.006524 0.077757
v 0.276242 0.007351 0.080161
v 0.275860 0.011628 0.082904
v 0.277874 0.008162 0.086345
v 0.278077 0.005910 0.084901
v 0.232420 -0.008761 0.074212
v 0.232010 0.002088 0.080999
v 0.231471 0.007447 0.072567
v 0.231870 -0.003282 0.065590
v 0.280242 -0.009417 0.081960
v 0.283633 -0.003991 0.073977
v 0.282094 0.006753 0.080768
v 0.278779 0.001447 0.088577
v 0.272114 -0.002999 0.094572
v 0.273429 -0.013962 0.088091
v 0.263116 -0.005907 0.097841
v 0.264227 -0.016936 0.091434
v 0.254040 -0.017885 0.091480
v 0.253154 -0.006835 0.097887
v 0.243744 -0.005641 0.094702
v 0.244409 -0.016693 0.088275
v 0.236318 -0.002508 0.088772
v 0.236818 -0.013489 0.082211
v 0.236838 0.012172 0.076587
v 0.237229 0.007877 0.073834
v 0.253554 0.001174 0.096094
v 0.253942 -0.003123 0.093334
v 0.345246 0.010996 0.090689
v 0.341302 0.004684 0.099979
v 0.344023 0.010644 0.101843
v 0.346239 0.014191 0.096624
v 0.339568 0.007673 0.105850
v 0.330596 0.001224 0.103869
v 0.333554 0.005729 0.108035
v 0.326895 0.005109 0.108066
v 0.319400 0.002644 0.100080
v 0.320605 0.005907 0.105937
v 0.315642 0.008001 0.101973
v 0.314273 0.008112 0.090831
v 0.312762 0.011073 0.096778
v 0.312402 0.014655 0.091141
v 0.306859 0.014161 0.089869
v 0.307337 0.009395 0.097369
v 0.312762 0.011073 0.096778
v 0.312402 0.014655 0.091141
v 0.348936 0.008824 0.104109
v 0.351088 -0.008297 0.093570
v 0.354131 -0.003427 0.086404
v 0.351885 0.013544 0.097164
v 0.343009 0.004871 0.109442
v 0.344972 -0.012376 0.099072
v 0.335005 0.002284 0.112350
v 0.336714 -0.015045 0.102072
v 0.326144 0.001459 0.112390
v 0.327571 -0.015897 0.102114
v 0.317774 0.002520 0.109558
v 0.318935 -0.014801 0.099192
v 0.311170 0.005307 0.104283
v 0.312121 -0.011926 0.093749
v 0.317774 0.002520 0.109558
v 0.320605 0.005907 0.105937
v 0.315642 0.008001 0.101973
v 0.311170 0.005307 0.104283
v 0.307337 0.009395 0.097369
v 0.308166 -0.007708 0.086616
v 0.237256 0.008042 0.083086
v 0.240579 0.004501 0.089077
v 0.247035 0.008971 0.083178
v 0.246609 0.013214 0.076502
v 0.247035 0.008971 0.083178
v 0.248900 0.013552 0.084853
v 0.248576 0.016785 0.079764
v 0.252914 0.006491 0.087873
v 0.253380 0.011661 0.088431
v 0.266076 0.010744 0.083091
v 0.263412 0.014904 0.084786
v 0.259391 0.012221 0.088403
v 0.260800 0.007225 0.087837
v 0.261231 0.001885 0.096057
v 0.260800 0.007225 0.087837
v 0.252914 0.006491 0.087873
v 0.253554 0.001174 0.096094
v 0.273306 0.007536 0.088924
v 0.266076 0.010744 0.083091
v 0.268169 0.004115 0.093541
v 0.246302 0.002090 0.093643
v 0.275860 0.011628 0.082904
v 0.236838 0.012172 0.076587
v 0.246609 0.013214 0.076502
v 0.306859 0.014161 0.089869
v 0.307672 -0.002790 0.078877
v 0.326144 0.001459 0.112390
v 0.326895 0.005109 0.108066
v 0.335005 0.002284 0.112350
v 0.333554 0.005729 0.108035
v 0.343009 0.004871 0.109442
v 0.339568 0.007673 0.105850
v 0.348936 0.008824 0.104109
v 0.344023 0.010644 0.101843
v 0.351885 0.013544 0.097164
v 0.346239 0.014191 0.096624
v 0.277874 0.008162 0.086345
v 0.233767 0.008761 0.079191
v 0.235952 0.004249 0.086531
v 0.257669 -0.001342 0.098300
v 0.241266 0.000741 0.092751
v 0.273346 0.003749 0.092595
v 0.266255 0.000416 0.096793
v 0.248888 -0.001221 0.096876
v 0.329864 0.008401 0.090021
v 0.318217 0.014425 0.081542
v 0.314273 0.008112 0.090831
v 0.328923 0.017884 0.077652
v 0.340119 0.016464 0.081441
v 0.345246 0.010996 0.090689
v 0.329864 0.008401 0.090021
v 0.314273 0.008112 0.090831
v 0.319400 0.002644 0.100080
v 0.330596 0.001224 0.103869
v 0.341302 0.004684 0.099979
v 0.345246 0.010996 0.090689
v 0.636546 -0.084714 0.219013
v 0.574196 -0.108093 0.318341
v 0.576896 -0.106336 0.317153
v 0.576072 -0.103696 0.319402
v 0.573491 -0.105376 0.320538
v 0.570856 -0.108233 0.317560
v 0.570297 -0.105510 0.319791
v 0.568831 -0.106674 0.315266
v 0.568362 -0.104019 0.317599
v 0.569335 -0.104331 0.312812
v 0.568821 -0.101777 0.315246
v 0.572062 -0.102577 0.311631
v 0.571412 -0.100098 0.314112
v 0.575365 -0.102433 0.312402
v 0.574594 -0.099964 0.314856
v 0.577373 -0.103991 0.314691
v 0.576528 -0.101454 0.317048
v 0.572048 -0.101167 0.318741
v 0.574815 -0.116968 0.328778
v 0.577514 -0.115211 0.327589
v 0.576690 -0.112571 0.329839
v 0.574109 -0.114251 0.330975
v 0.571474 -0.117108 0.327996
v 0.570916 -0.114385 0.330228
v 0.569450 -0.115549 0.325703
v 0.568981 -0.112894 0.328035
v 0.569954 -0.113206 0.323248
v 0.569440 -0.110653 0.325682
v 0.572681 -0.111452 0.322068
v 0.572031 -0.108974 0.324549
v 0.575984 -0.111309 0.322839
v 0.575213 -0.108839 0.325293
v 0.577992 -0.112866 0.325127
v 0.577147 -0.110329 0.327485
v 0.572667 -0.110042 0.329178
v 0.517312 -0.084386 0.135034
v 0.420903 -0.227650 0.071178
v 0.398825 -0.225693 0.058811
v 0.377391 -0.192091 0.047752
v 0.424038 -0.193392 0.074670
v 0.455021 -0.183007 0.105745
v 0.441176 -0.235220 0.088047
v 0.367520 -0.233706 0.052007
v 0.310364 -0.141776 0.038143
v 0.368241 -0.145583 0.055274
v 0.336436 -0.250935 0.054912
v 0.303369 -0.277638 0.072185
v 0.278040 -0.237372 0.042875
v 0.223138 -0.196926 0.022454
v 0.219173 -0.157442 0.019838
v 0.266222 -0.140094 0.031537
v 0.269444 -0.197241 0.027881
v 0.216000 -0.123190 0.029550
v 0.437496 -0.238710 0.093223
v 0.441176 -0.235220 0.088047
v 0.464177 -0.250958 0.111826
v 0.459938 -0.253691 0.116495
v 0.365660 -0.233417 0.060786
v 0.335647 -0.249934 0.061458
v 0.336436 -0.250935 0.054912
v 0.367520 -0.233706 0.052007
v 0.439141 -0.158929 0.105287
v 0.452631 -0.184171 0.112656
v 0.455021 -0.183007 0.105745
v 0.440552 -0.156222 0.097903
v 0.223060 -0.230915 0.039836
v 0.226747 -0.231834 0.034206
v 0.229948 -0.260148 0.049617
v 0.226911 -0.259363 0.055517
v 0.477183 -0.213681 0.125939
v 0.464177 -0.250958 0.111826
v 0.432888 -0.134893 0.100959
v 0.409428 -0.147486 0.076018
v 0.317109 -0.203247 0.034618
v 0.493224 -0.231637 0.144906
v 0.226747 -0.231834 0.034206
v 0.440552 -0.156222 0.097903
v 0.229948 -0.260148 0.049617
v 0.481227 -0.270361 0.135921
v 0.226911 -0.259363 0.055517
v 0.303369 -0.277638 0.072185
v 0.301911 -0.275709 0.078401
v 0.398825 -0.225693 0.058811
v 0.397091 -0.227991 0.066011
v 0.301911 -0.275709 0.078401
v 0.211238 -0.126544 0.035280
v 0.216000 -0.123190 0.029550
v 0.219173 -0.157442 0.019838
v 0.214588 -0.159492 0.025956
v 0.477269 -0.271811 0.140675
v 0.481227 -0.270361 0.135921
v 0.493224 -0.231637 0.144906
v 0.489947 -0.232628 0.150491
v 0.218939 -0.197216 0.028416
v 0.223138 -0.196926 0.022454
v 0.418140 -0.230882 0.077439
v 0.420903 -0.227650 0.071178
v 0.474024 -0.213932 0.132049
v 0.477183 -0.213681 0.125939
v 0.431805 -0.138365 0.108086
v 0.432888 -0.134893 0.100959
v 0.489947 -0.232628 0.150491
v 0.493224 -0.231637 0.144906
v 0.481227 -0.270361 0.135921
v 0.477269 -0.271811 0.140675
v 0.696764 -0.131440 0.139226
v 0.666526 -0.141343 0.136035
v 0.668771 -0.144542 0.139033
v 0.698721 -0.135118 0.142794
v 0.667734 -0.153062 0.125312
v 0.666938 -0.157808 0.131819
v 0.666526 -0.141343 0.136035
v 0.666914 -0.140375 0.130973
v 0.734360 -0.150269 0.140330
v 0.732446 -0.150061 0.145013
v 0.667957 -0.157305 0.134301
v 0.666938 -0.157808 0.131819
v 0.714963 -0.138488 0.117965
v 0.667734 -0.153062 0.125312
v 0.666914 -0.140375 0.130973
v 0.702711 -0.126444 0.127990
v 0.732446 -0.150061 0.145013
v 0.734360 -0.150269 0.140330
v 0.696764 -0.131440 0.139226
v 0.698721 -0.135118 0.142794
v 0.702711 -0.126444 0.127990
v 0.696764 -0.131440 0.139226
v 0.714963 -0.138488 0.117965
v 0.714963 -0.138488 0.117965
v 0.667734 -0.153062 0.125312
v 0.666526 -0.141343 0.136035
v 0.666938 -0.157808 0.131819
v 0.667957 -0.157305 0.134301
v 0.668771 -0.144542 0.139033
v 0.702711 -0.126444 0.127990
v 0.666914 -0.140375 0.130973
v 0.666526 -0.141343 0.136035
v 0.696764 -0.131440 0.139226
v 0.600841 -0.286325 0.187799
v 0.605138 -0.284665 0.183546
v 0.614446 -0.290176 0.195426
v 0.598616 -0.288572 0.193213
v 0.598801 -0.291064 0.198963
v 0.601369 -0.293420 0.204175
v 0.605928 -0.295282 0.208055
v 0.611785 -0.296367 0.210012
v 0.618047 -0.296509 0.209748
v 0.623762 -0.295687 0.207304
v 0.628058 -0.294027 0.203052
v 0.630278 -0.291780 0.197639
v 0.630080 -0.289289 0.191890
v 0.627510 -0.286932 0.186678
v 0.622960 -0.285070 0.182797
v 0.617112 -0.283985 0.180839
v 0.610853 -0.283843 0.181103
v 0.716651 -0.110884 0.129402
v 0.724635 -0.116193 0.138779
v 0.712905 -0.110564 0.128553
v 0.672317 -0.121421 0.139684
v 0.668192 -0.125017 0.144810
v 0.577805 -0.289760 0.195087
v 0.577106 -0.291387 0.198910
v 0.572334 -0.292866 0.195086
v 0.575363 -0.288316 0.191973
v 0.571211 -0.287900 0.191390
v 0.567781 -0.288757 0.193682
v 0.567082 -0.290384 0.197505
v 0.569524 -0.291828 0.200620
v 0.573676 -0.292244 0.201202
v 0.591603 -0.282753 0.191046
v 0.591431 -0.285939 0.189457
v 0.594103 -0.285272 0.187672
v 0.594399 -0.282055 0.189178
v 0.588220 -0.282414 0.190571
v 0.588196 -0.285616 0.189003
v 0.586230 -0.281237 0.188033
v 0.586293 -0.284490 0.186577
v 0.586826 -0.279914 0.184925
v 0.586841 -0.283223 0.183599
v 0.589648 -0.279218 0.183065
v 0.589523 -0.282556 0.181816
v 0.592995 -0.279553 0.183529
v 0.592746 -0.282879 0.182267
v 0.594968 -0.280729 0.186063
v 0.594647 -0.284005 0.184693
v 0.590393 -0.286221 0.184781
v 0.576015 -0.284261 0.192848
v 0.578880 -0.285956 0.196502
v 0.571144 -0.283774 0.192164
v 0.567118 -0.284779 0.194853
v 0.566299 -0.286688 0.199339
v 0.569164 -0.288383 0.202994
v 0.574035 -0.288871 0.203677
v 0.578061 -0.287866 0.200988
v 0.546713 -0.121675 0.116699
v 0.554546 -0.128137 0.129015
v 0.554742 -0.133117 0.126158
v 0.547471 -0.126911 0.114030
v 0.512100 -0.131814 0.127500
v 0.514367 -0.136701 0.124490
v 0.522916 -0.143933 0.137307
v 0.521052 -0.139069 0.140571
v 0.544407 -0.125601 0.110757
v 0.536344 -0.125653 0.108644
v 0.534578 -0.120122 0.111080
v 0.543336 -0.120135 0.113345
v 0.524463 -0.127167 0.107948
v 0.522094 -0.121355 0.110515
v 0.515689 -0.130711 0.112945
v 0.513136 -0.125093 0.115738
v 0.512951 -0.134416 0.120031
v 0.510530 -0.129275 0.122985
v 0.512951 -0.134416 0.120031
v 0.515689 -0.130711 0.112945
v 0.524463 -0.127167 0.107948
v 0.514367 -0.136701 0.124490
v 0.547471 -0.126911 0.114030
v 0.554742 -0.133117 0.126158
v 0.522916 -0.143933 0.137307
v 0.551283 -0.120283 0.115490
v 0.546713 -0.121675 0.116699
v 0.543336 -0.120135 0.113345
v 0.547670 -0.118645 0.111992
v 0.508726 -0.132439 0.128789
v 0.507205 -0.129630 0.123865
v 0.510530 -0.129275 0.122985
v 0.512100 -0.131814 0.127500
v 0.506743 -0.127315 0.125324
v 0.507205 -0.129630 0.123865
v 0.508726 -0.132439 0.128789
v 0.508275 -0.130237 0.130275
v 0.547533 -0.116201 0.113391
v 0.551289 -0.117952 0.116897
v 0.551283 -0.120283 0.115490
v 0.547670 -0.118645 0.111992
v 0.561765 -0.115300 0.114333
v 0.566707 -0.122516 0.127305
v 0.557866 -0.113514 0.110597
v 0.561765 -0.115300 0.114333
v 0.551289 -0.117952 0.116897
v 0.547533 -0.116201 0.113391
v 0.502378 -0.131940 0.132897
v 0.501129 -0.128523 0.127198
v 0.506743 -0.127315 0.125324
v 0.508275 -0.130237 0.130275
v 0.566707 -0.122516 0.127305
v 0.558348 -0.124715 0.129421
v 0.557866 -0.113514 0.110597
v 0.501129 -0.128523 0.127198
v 0.502378 -0.131940 0.132897
v 0.517183 -0.137992 0.143602
v 0.510600 -0.140574 0.146750
v 0.510600 -0.140574 0.146750
v 0.558348 -0.124715 0.129421
v 0.558313 -0.126928 0.128070
v 0.517647 -0.140204 0.142094
v 0.517183 -0.137992 0.143602
v 0.542231 -0.112771 0.107164
v 0.520733 -0.114715 0.106270
v 0.520979 -0.117301 0.110147
v 0.536382 -0.115928 0.110740
v 0.536659 -0.118459 0.109306
v 0.521411 -0.119981 0.108615
v 0.510427 -0.124514 0.115021
v 0.509957 -0.121977 0.116533
v 0.520733 -0.114715 0.106270
v 0.542231 -0.112771 0.107164
v 0.536382 -0.115928 0.110740
v 0.520979 -0.117301 0.110147
v 0.509957 -0.121977 0.116533
v 0.505574 -0.121154 0.115089
v 0.505574 -0.121154 0.115089
v 0.544407 -0.125601 0.110757
v 0.522094 -0.121355 0.110515
v 0.521411 -0.119981 0.108615
v 0.536659 -0.118459 0.109306
v 0.534578 -0.120122 0.111080
v 0.513136 -0.125093 0.115738
v 0.510427 -0.124514 0.115021
v 0.521052 -0.139069 0.140571
v 0.517647 -0.140204 0.142094
v 0.558313 -0.126928 0.128070
v 0.554546 -0.128137 0.129015
v 0.536344 -0.125653 0.108644
v 0.600841 -0.286325 0.187799
v 0.600583 -0.282720 0.189101
v 0.605002 -0.281003 0.184731
v 0.605138 -0.284665 0.183546
v 0.598616 -0.288572 0.193213
v 0.598294 -0.285038 0.194665
v 0.598801 -0.291064 0.198963
v 0.598484 -0.287605 0.200577
v 0.598294 -0.285038 0.194665
v 0.598616 -0.288572 0.193213
v 0.601369 -0.293420 0.204175
v 0.601125 -0.290028 0.205937
v 0.605928 -0.295282 0.208055
v 0.605814 -0.291941 0.209928
v 0.611785 -0.296367 0.210012
v 0.611838 -0.293051 0.211943
v 0.618047 -0.296509 0.209748
v 0.618278 -0.293189 0.211676
v 0.623762 -0.295687 0.207304
v 0.624156 -0.292335 0.209166
v 0.628058 -0.294027 0.203052
v 0.628575 -0.290627 0.204790
v 0.630278 -0.291780 0.197639
v 0.630849 -0.288365 0.199194
v 0.630278 -0.291780 0.197639
v 0.630080 -0.289289 0.191890
v 0.630633 -0.285890 0.193242
v 0.630849 -0.288365 0.199194
v 0.627510 -0.286932 0.186678
v 0.627991 -0.283482 0.187883
v 0.622960 -0.285070 0.182797
v 0.623324 -0.281497 0.183926
v 0.617112 -0.283985 0.180839
v 0.617318 -0.280312 0.181943
v 0.610853 -0.283843 0.181103
v 0.610880 -0.280151 0.182221
v 0.713034 -0.112404 0.128749
v 0.716344 -0.112770 0.129786
v 0.714797 -0.114437 0.132167
v 0.713107 -0.114114 0.131426
v 0.724573 -0.118239 0.139471
v 0.722152 -0.119332 0.140835
v 0.669695 -0.126092 0.144000
v 0.673148 -0.123054 0.139747
v 0.675101 -0.124136 0.141709
v 0.674546 -0.125567 0.143862
v 0.249675 -0.152321 -0.041094
v 0.272280 -0.158450 -0.029394
v 0.246359 -0.157627 -0.033286
v 0.274511 -0.147751 -0.045852
v 0.274899 -0.152049 -0.048611
v 0.270785 -0.149533 -0.050817
v 0.270584 -0.147303 -0.049387
v 0.287489 -0.151090 -0.038842
v 0.287877 -0.155368 -0.041588
v 0.287187 -0.151633 -0.045262
v 0.286983 -0.149378 -0.043817
v 0.272462 -0.166757 -0.034817
v 0.265040 -0.165778 -0.037304
v 0.269062 -0.163095 -0.040921
v 0.275073 -0.162536 -0.040949
v 0.279552 -0.164426 -0.037371
v 0.290811 -0.154630 -0.032859
v 0.291200 -0.158905 -0.035601
v 0.292498 -0.155136 -0.039055
v 0.292295 -0.152879 -0.037607
v 0.256338 -0.147876 -0.047090
v 0.265337 -0.144968 -0.050359
v 0.275299 -0.144040 -0.050405
v 0.284709 -0.145233 -0.047220
v 0.292134 -0.148366 -0.041290
v 0.296444 -0.152962 -0.033517
v 0.296981 -0.158321 -0.025084
v 0.266836 -0.148464 -0.045822
v 0.267222 -0.152760 -0.048580
v 0.262198 -0.151281 -0.049304
v 0.261996 -0.149046 -0.047871
v 0.281761 -0.148674 -0.043402
v 0.282150 -0.152964 -0.046156
v 0.279566 -0.149652 -0.049395
v 0.279364 -0.147423 -0.047966
v 0.259904 -0.150703 -0.043307
v 0.260288 -0.154997 -0.046065
v 0.255102 -0.154611 -0.045108
v 0.254901 -0.152377 -0.043676
v 0.254765 -0.154128 -0.038689
v 0.255151 -0.158423 -0.041444
v 0.250593 -0.159030 -0.038853
v 0.250391 -0.156793 -0.037419
v 0.279877 -0.167660 -0.032282
v 0.291223 -0.158760 -0.026358
v 0.291612 -0.163038 -0.029100
v 0.294702 -0.159641 -0.031714
v 0.294498 -0.157389 -0.030270
v 0.248211 -0.141457 -0.034478
v 0.249675 -0.152321 -0.041094
v 0.246359 -0.157627 -0.033286
v 0.244821 -0.146883 -0.026494
v 0.296033 -0.142113 -0.026730
v 0.296584 -0.147593 -0.018107
v 0.296981 -0.158321 -0.025084
v 0.296444 -0.152962 -0.033517
v 0.292134 -0.148366 -0.041290
v 0.291628 -0.137414 -0.034678
v 0.284709 -0.145233 -0.047220
v 0.284035 -0.134210 -0.040742
v 0.274413 -0.132990 -0.043998
v 0.275299 -0.144040 -0.050405
v 0.265337 -0.144968 -0.050359
v 0.264226 -0.133939 -0.043952
v 0.256338 -0.147876 -0.047090
v 0.255026 -0.136912 -0.040608
v 0.252592 -0.162511 -0.035428
v 0.252208 -0.158217 -0.032674
v 0.274899 -0.152049 -0.048611
v 0.274511 -0.147751 -0.045852
v 0.362628 -0.167539 -0.019910
v 0.360758 -0.160995 -0.019600
v 0.362269 -0.163957 -0.025547
v 0.355631 -0.155527 -0.028849
v 0.359389 -0.160885 -0.030742
v 0.354425 -0.158791 -0.034706
v 0.344435 -0.154108 -0.032638
v 0.348136 -0.157993 -0.036835
v 0.341477 -0.158613 -0.036804
v 0.333729 -0.157567 -0.028748
v 0.335462 -0.160557 -0.034619
v 0.331008 -0.163528 -0.030612
v 0.329784 -0.163880 -0.019458
v 0.328792 -0.167075 -0.025393
v 0.323145 -0.166428 -0.025933
v 0.326094 -0.161708 -0.032878
v 0.331008 -0.163528 -0.030612
v 0.328792 -0.167075 -0.025393
v 0.367693 -0.162279 -0.026138
v 0.366865 -0.145176 -0.015384
v 0.367358 -0.150094 -0.007646
v 0.368172 -0.167045 -0.018638
v 0.363860 -0.158191 -0.033052
v 0.362910 -0.140958 -0.022518
v 0.357256 -0.155404 -0.038327
v 0.356095 -0.138083 -0.027961
v 0.348887 -0.154343 -0.041159
v 0.347460 -0.136987 -0.030883
v 0.340025 -0.155168 -0.041118
v 0.338317 -0.137839 -0.030841
v 0.332022 -0.157754 -0.038211
v 0.330059 -0.140508 -0.027841
v 0.340025 -0.155168 -0.041118
v 0.341477 -0.158613 -0.036804
v 0.335462 -0.160557 -0.034619
v 0.332022 -0.157754 -0.038211
v 0.326094 -0.161708 -0.032878
v 0.323943 -0.144587 -0.022339
v 0.255151 -0.158423 -0.041444
v 0.260288 -0.154997 -0.046065
v 0.267653 -0.158099 -0.040354
v 0.262377 -0.161619 -0.035609
v 0.281418 -0.159845 -0.035696
v 0.279552 -0.164426 -0.037371
v 0.275073 -0.162536 -0.040949
v 0.275539 -0.157365 -0.040391
v 0.267653 -0.158099 -0.040354
v 0.269062 -0.163095 -0.040921
v 0.265040 -0.165778 -0.037304
v 0.262377 -0.161619 -0.035609
v 0.281844 -0.164088 -0.029020
v 0.279877 -0.167660 -0.032282
v 0.282150 -0.152964 -0.046156
v 0.275539 -0.157365 -0.040391
v 0.274899 -0.152049 -0.048611
v 0.291200 -0.158905 -0.035601
v 0.281418 -0.159845 -0.035696
v 0.287877 -0.155368 -0.041588
v 0.267222 -0.152760 -0.048580
v 0.291612 -0.163038 -0.029100
v 0.281844 -0.164088 -0.029020
v 0.252592 -0.162511 -0.035428
v 0.323145 -0.166428 -0.025933
v 0.320900 -0.149457 -0.015173
v 0.348887 -0.154343 -0.041159
v 0.348136 -0.157993 -0.036835
v 0.357256 -0.155404 -0.038327
v 0.354425 -0.158791 -0.034706
v 0.363860 -0.158191 -0.033052
v 0.359389 -0.160885 -0.030742
v 0.367693 -0.162279 -0.026138
v 0.362269 -0.163957 -0.025547
v 0.368172 -0.167045 -0.018638
v 0.362628 -0.167539 -0.019910
v 0.294702 -0.159641 -0.031714
v 0.250593 -0.159030 -0.038853
v 0.255102 -0.154611 -0.045108
v 0.279566 -0.149652 -0.049395
v 0.262198 -0.151281 -0.049304
v 0.292498 -0.155136 -0.039055
v 0.287187 -0.151633 -0.045262
v 0.270785 -0.149533 -0.050817
v 0.502068 -0.152172 0.112793
v 0.494969 -0.134500 0.100372
v 0.490761 -0.147165 0.085156
v 0.497214 -0.164096 0.097470
v 0.483324 -0.118991 0.086125
v 0.481990 -0.133930 0.072707
v 0.465210 -0.111644 0.067648
v 0.470992 -0.128410 0.059996
v 0.446827 -0.116540 0.045743
v 0.458742 -0.131732 0.044893
v 0.436094 -0.175119 -0.025288
v 0.414667 -0.205553 -0.036555
v 0.404359 -0.192750 -0.035813
v 0.421431 -0.167359 -0.026217
v 0.439034 -0.130886 0.001046
v 0.453471 -0.139039 0.001284
v 0.457252 -0.109948 0.030881
v 0.469079 -0.120742 0.027010
v 0.410312 -0.207349 -0.012354
v 0.398943 -0.191694 -0.016621
v 0.387150 -0.196055 -0.018432
v 0.387432 -0.215574 -0.015784
v 0.373137 -0.192241 -0.019853
v 0.363122 -0.209280 -0.018254
v 0.363322 -0.182849 -0.019175
v 0.346887 -0.193879 -0.017198
v 0.358079 -0.169237 -0.014173
v 0.339333 -0.175072 -0.010468
v 0.355867 -0.151474 -0.004588
v 0.336804 -0.155340 0.000128
v 0.510923 -0.165469 0.089044
v 0.503761 -0.147695 0.076653
v 0.493786 -0.132857 0.062666
v 0.481448 -0.126576 0.048524
v 0.469192 -0.129756 0.033428
v 0.416791 -0.211258 -0.026538
v 0.389275 -0.221406 -0.030694
v 0.361348 -0.214084 -0.033517
v 0.340908 -0.194404 -0.032076
v 0.331212 -0.170602 -0.023638
v 0.333230 -0.143069 -0.020982
v 0.336136 -0.165186 -0.032809
v 0.328339 -0.148699 -0.011923
v 0.345857 -0.189148 -0.041326
v 0.365401 -0.208179 -0.042791
v 0.390156 -0.214824 -0.040299
v 0.398943 -0.191694 -0.016621
v 0.412677 -0.170824 -0.008644
v 0.428973 -0.137048 0.016517
v 0.446827 -0.116540 0.045743
v 0.484434 -0.116819 0.045465
v 0.501079 -0.124494 0.063395
v 0.513290 -0.140939 0.078415
v 0.520972 -0.160233 0.092076
v 0.520802 -0.150927 0.105883
v 0.512829 -0.131327 0.092184
v 0.494969 -0.134500 0.100372
v 0.502068 -0.152172 0.112793
v 0.498914 -0.113185 0.075591
v 0.483324 -0.118991 0.086125
v 0.477238 -0.104645 0.054186
v 0.465210 -0.111644 0.067648
v 0.455097 -0.146404 0.009830
v 0.438547 -0.180798 -0.015327
v 0.389434 -0.198596 -0.038144
v 0.387150 -0.196055 -0.018432
v 0.373390 -0.194092 -0.039753
v 0.373137 -0.192241 -0.019853
v 0.359818 -0.180746 -0.038678
v 0.363322 -0.182849 -0.019175
v 0.352420 -0.162059 -0.031928
v 0.358079 -0.169237 -0.014173
v 0.349847 -0.142018 -0.021168
v 0.355867 -0.151474 -0.004588
v 0.428566 -0.181424 -0.002735
v 0.444226 -0.148871 0.021007
v 0.412677 -0.170824 -0.008644
v 0.428973 -0.137048 0.016517
v 0.464715 -0.204437 0.097532
v 0.459026 -0.204696 0.101552
v 0.464261 -0.203186 0.108991
v 0.469870 -0.202931 0.105028
v 0.496794 -0.238159 0.140754
v 0.464715 -0.204437 0.097532
v 0.469870 -0.202931 0.105028
v 0.494975 -0.229321 0.138853
v 0.494975 -0.229321 0.138853
v 0.489366 -0.229576 0.142816
v 0.496794 -0.238159 0.140754
v 0.491106 -0.238417 0.144774
v 0.464715 -0.204437 0.097532
v 0.456605 -0.228877 0.084483
v 0.450917 -0.229136 0.088503
v 0.459026 -0.204696 0.101552
v 0.458326 -0.237719 0.086454
v 0.452718 -0.237974 0.090417
v 0.488684 -0.262598 0.127706
v 0.456605 -0.228877 0.084483
v 0.483431 -0.264109 0.120279
v 0.458326 -0.237719 0.086454
v 0.482996 -0.262857 0.131726
v 0.488684 -0.262598 0.127706
v 0.483431 -0.264109 0.120279
v 0.477823 -0.264364 0.124243
v 0.488684 -0.262598 0.127706
v 0.482996 -0.262857 0.131726
v 0.575856 -0.254943 0.149824
v 0.585048 -0.243325 0.149268
v 0.586228 -0.262682 0.175926
v 0.575595 -0.269366 0.176612
v 0.652245 -0.208036 0.141380
v 0.643903 -0.209297 0.141504
v 0.641915 -0.201314 0.145217
v 0.646980 -0.200407 0.144826
v 0.618897 -0.183039 0.135033
v 0.624848 -0.178916 0.141934
v 0.623856 -0.189644 0.140805
v 0.619886 -0.191814 0.134907
v 0.653901 -0.181747 0.135048
v 0.663273 -0.176592 0.136867
v 0.662668 -0.195657 0.138987
v 0.643063 -0.222732 0.152899
v 0.644688 -0.222333 0.146026
v 0.660869 -0.222548 0.147816
v 0.653735 -0.223106 0.154967
v 0.538737 -0.216771 0.157099
v 0.533521 -0.201988 0.142279
v 0.529817 -0.216238 0.131561
v 0.533272 -0.229357 0.141669
v 0.552233 -0.241923 0.128396
v 0.558495 -0.259104 0.150226
v 0.545279 -0.254115 0.155762
v 0.538551 -0.237045 0.132755
v 0.570260 -0.235667 0.126978
v 0.564104 -0.271243 0.175208
v 0.552101 -0.265917 0.178180
v 0.540326 -0.245949 0.162823
v 0.543994 -0.229818 0.172460
v 0.695427 -0.259450 0.185814
v 0.706021 -0.247028 0.177174
v 0.713432 -0.255326 0.196697
v 0.699030 -0.263926 0.196777
v 0.699783 -0.269099 0.208334
v 0.713951 -0.262817 0.212243
v 0.708685 -0.270864 0.225603
v 0.696640 -0.274328 0.218570
v 0.677354 -0.236112 0.149829
v 0.693559 -0.241316 0.161910
v 0.681623 -0.254711 0.171115
v 0.669590 -0.253967 0.165030
v 0.708424 -0.215800 0.154727
v 0.722528 -0.224610 0.174842
v 0.666887 -0.216966 0.137712
v 0.667919 -0.197278 0.133054
v 0.689106 -0.210139 0.141752
v 0.695249 -0.178669 0.138122
v 0.668512 -0.176712 0.131243
v 0.718839 -0.185416 0.152568
v 0.736171 -0.197838 0.175147
v 0.732057 -0.235716 0.198555
v 0.747045 -0.212580 0.202229
v 0.733226 -0.150356 0.145067
v 0.668914 -0.147778 0.131712
v 0.689609 -0.256386 0.177327
v 0.730360 -0.251813 0.222570
v 0.718933 -0.264454 0.235614
v 0.691008 -0.276448 0.263559
v 0.705955 -0.270372 0.252967
v 0.709564 -0.263634 0.261492
v 0.694974 -0.269235 0.274287
v 0.652594 -0.264148 0.184208
v 0.671002 -0.260285 0.182915
v 0.675333 -0.266870 0.195179
v 0.658361 -0.272370 0.199169
v 0.645981 -0.256462 0.165880
v 0.644588 -0.255029 0.171278
v 0.621359 -0.257364 0.174101
v 0.624680 -0.258787 0.168965
v 0.642710 -0.236580 0.148368
v 0.664144 -0.231464 0.143281
v 0.644695 -0.246890 0.155181
v 0.663476 -0.278611 0.219319
v 0.680930 -0.270334 0.206191
v 0.645981 -0.256462 0.165880
v 0.634985 -0.268582 0.183153
v 0.625382 -0.265698 0.178448
v 0.625440 -0.261222 0.178429
v 0.634986 -0.264343 0.182576
v 0.641197 -0.267445 0.301202
v 0.645143 -0.271310 0.320791
v 0.618835 -0.266433 0.295964
v 0.763528 -0.173385 0.184352
v 0.741428 -0.178751 0.178768
v 0.751075 -0.160777 0.163150
v 0.610653 -0.236895 0.158400
v 0.633776 -0.229573 0.155330
v 0.642710 -0.236580 0.148368
v 0.616614 -0.242531 0.154374
v 0.631178 -0.270633 0.185775
v 0.636185 -0.273985 0.192052
v 0.634607 -0.284407 0.187994
v 0.630177 -0.281619 0.182128
v 0.637469 -0.277749 0.200761
v 0.636241 -0.287898 0.196236
v 0.548340 -0.176139 0.096467
v 0.547111 -0.162232 0.102207
v 0.555636 -0.176636 0.110534
v 0.553863 -0.185296 0.104843
v 0.565262 -0.118915 0.116041
v 0.561440 -0.109344 0.107745
v 0.556278 -0.113763 0.107481
v 0.533976 -0.175324 0.085280
v 0.541946 -0.164622 0.091555
v 0.541689 -0.186645 0.092689
v 0.528577 -0.199195 0.128970
v 0.527919 -0.186316 0.132692
v 0.523552 -0.200816 0.126568
v 0.527919 -0.186316 0.132692
v 0.509051 -0.174349 0.124492
v 0.511198 -0.193815 0.118929
v 0.499525 -0.182300 0.110960
v 0.503737 -0.189044 0.099563
v 0.515731 -0.199937 0.109241
v 0.512823 -0.190284 0.089676
v 0.524028 -0.200849 0.099646
v 0.523475 -0.184964 0.085038
v 0.533073 -0.195728 0.094202
v 0.548866 -0.196653 0.106401
v 0.553568 -0.198440 0.105925
v 0.548303 -0.205720 0.105331
v 0.542499 -0.203971 0.106843
v 0.541547 -0.203954 0.104411
v 0.548482 -0.195936 0.102396
v 0.548866 -0.196653 0.106401
v 0.542499 -0.203971 0.106843
v 0.534015 -0.208154 0.110009
v 0.535681 -0.207501 0.111862
v 0.494199 -0.161475 0.115506
v 0.500730 -0.155116 0.118792
v 0.527131 -0.206594 0.118807
v 0.528926 -0.206069 0.122262
v 0.552503 -0.186571 0.109456
v 0.552503 -0.186571 0.109456
v 0.555972 -0.187675 0.109944
v 0.541220 -0.118972 0.106312
v 0.526550 -0.124224 0.099778
v 0.526548 -0.125428 0.102524
v 0.544094 -0.124097 0.112114
v 0.565262 -0.118915 0.116041
v 0.544094 -0.124097 0.112114
v 0.510860 -0.135941 0.125826
v 0.558921 -0.114385 0.105411
v 0.542960 -0.119959 0.104655
v 0.541220 -0.118972 0.106312
v 0.556278 -0.113763 0.107481
v 0.643903 -0.209297 0.141504
v 0.652245 -0.208036 0.141380
v 0.654238 -0.167066 0.134212
v 0.653928 -0.153479 0.137275
v 0.663213 -0.153321 0.139206
v 0.621969 -0.171312 0.137386
v 0.627059 -0.162105 0.140087
v 0.630717 -0.165867 0.144513
v 0.634237 -0.206060 0.139131
v 0.634255 -0.199200 0.143420
v 0.653928 -0.153479 0.137275
v 0.648026 -0.158160 0.141947
v 0.647368 -0.144537 0.147157
v 0.634394 -0.152193 0.142210
v 0.637051 -0.156970 0.145799
v 0.611456 -0.197129 0.133764
v 0.609723 -0.182514 0.134846
v 0.618897 -0.183039 0.135033
v 0.619886 -0.191814 0.134907
v 0.619886 -0.208979 0.137469
v 0.616487 -0.208916 0.142662
v 0.607481 -0.197747 0.137710
v 0.633064 -0.218464 0.142314
v 0.630649 -0.218418 0.148669
v 0.626398 -0.200641 0.137029
v 0.627955 -0.195403 0.141801
v 0.662450 -0.138454 0.145174
v 0.653308 -0.138700 0.142350
v 0.571368 -0.282022 0.250873
v 0.570057 -0.282380 0.231705
v 0.577457 -0.279293 0.233608
v 0.580570 -0.278109 0.250654
v 0.642089 -0.272990 0.191794
v 0.643917 -0.269963 0.192261
v 0.721124 -0.164403 0.153497
v 0.696301 -0.158373 0.140678
v 0.733226 -0.150356 0.145067
v 0.666119 -0.265621 0.302055
v 0.679711 -0.267313 0.319470
v 0.734947 -0.247904 0.297331
v 0.711801 -0.258793 0.310845
v 0.701028 -0.256862 0.294410
v 0.718865 -0.247747 0.283339
v 0.770912 -0.202960 0.231792
v 0.770165 -0.187849 0.207887
v 0.763528 -0.173385 0.184352
v 0.749072 -0.213790 0.234632
v 0.752130 -0.209071 0.229216
v 0.754866 -0.208008 0.228294
v 0.770912 -0.202960 0.231792
v 0.668359 -0.155277 0.132984
v 0.668914 -0.147778 0.131712
v 0.606388 -0.270243 0.313597
v 0.578876 -0.267264 0.305370
v 0.578904 -0.266498 0.300571
v 0.721124 -0.164403 0.153497
v 0.770165 -0.187849 0.207887
v 0.751994 -0.196699 0.208706
v 0.751075 -0.160777 0.163150
v 0.705955 -0.270372 0.252967
v 0.691008 -0.276448 0.263559
v 0.692028 -0.278930 0.262559
v 0.705572 -0.273923 0.251706
v 0.616614 -0.242531 0.154374
v 0.624680 -0.258787 0.168965
v 0.621359 -0.257364 0.174101
v 0.621359 -0.257364 0.174101
v 0.610653 -0.236895 0.158400
v 0.616614 -0.242531 0.154374
v 0.644588 -0.255029 0.171278
v 0.666493 -0.253013 0.169553
v 0.719340 -0.260846 0.237339
v 0.718933 -0.264454 0.235614
v 0.682586 -0.276664 0.229284
v 0.691248 -0.271154 0.217593
v 0.719340 -0.260846 0.237339
v 0.727300 -0.250334 0.241747
v 0.616614 -0.242531 0.154374
v 0.729733 -0.250038 0.224830
v 0.741428 -0.178751 0.178768
v 0.705572 -0.273923 0.251706
v 0.697043 -0.278390 0.240168
v 0.687272 -0.280346 0.230710
v 0.625440 -0.261222 0.178429
v 0.634986 -0.264343 0.182576
v 0.684719 -0.282703 0.252356
v 0.676768 -0.284582 0.243639
v 0.751994 -0.196699 0.208706
v 0.684801 -0.278008 0.264827
v 0.685649 -0.280333 0.264160
v 0.677786 -0.283149 0.259990
v 0.675005 -0.284757 0.251546
v 0.729733 -0.250038 0.224830
v 0.730360 -0.251813 0.222570
v 0.684801 -0.278008 0.264827
v 0.683776 -0.272379 0.279809
v 0.578904 -0.266498 0.300571
v 0.578876 -0.267264 0.305370
v 0.734947 -0.247904 0.297331
v 0.755663 -0.232137 0.275769
v 0.580570 -0.278109 0.250654
v 0.577457 -0.279293 0.233608
v 0.604261 -0.280639 0.231440
v 0.608191 -0.282076 0.250510
v 0.736600 -0.233309 0.263293
v 0.718865 -0.247747 0.283339
v 0.679711 -0.267313 0.319470
v 0.711801 -0.258793 0.310845
v 0.645143 -0.271310 0.320791
v 0.696301 -0.158373 0.140678
v 0.668359 -0.155277 0.132984
v 0.653286 -0.196308 0.137613
v 0.647943 -0.180998 0.140523
v 0.653901 -0.181747 0.135048
v 0.653286 -0.196308 0.137613
v 0.647538 -0.193302 0.141987
v 0.643032 -0.142365 0.144200
v 0.643122 -0.149486 0.146854
v 0.634237 -0.206060 0.139131
v 0.626398 -0.200641 0.137029
v 0.654238 -0.167066 0.134212
v 0.648151 -0.167853 0.140353
v 0.605462 -0.263265 0.176612
v 0.605802 -0.261263 0.176225
v 0.767100 -0.215969 0.251948
v 0.677726 -0.252957 0.174972
v 0.666493 -0.253013 0.169553
v 0.669590 -0.253967 0.165030
v 0.681623 -0.254711 0.171115
v 0.694303 -0.267000 0.208677
v 0.693803 -0.262571 0.198541
v 0.699030 -0.263926 0.196777
v 0.699783 -0.269099 0.208334
v 0.691248 -0.271154 0.217593
v 0.696640 -0.274328 0.218570
v 0.690355 -0.258190 0.188859
v 0.685000 -0.254839 0.180857
v 0.689609 -0.256386 0.177327
v 0.695427 -0.259450 0.185814
v 0.701028 -0.256862 0.294410
v 0.586228 -0.262682 0.175926
v 0.587511 -0.260373 0.175779
v 0.579931 -0.222701 0.129153
v 0.587908 -0.226121 0.149019
v 0.588966 -0.241062 0.162121
v 0.577525 -0.275582 0.174412
v 0.574723 -0.294838 0.218778
v 0.560540 -0.294138 0.218906
v 0.549477 -0.274518 0.175631
v 0.606181 -0.265425 0.180343
v 0.623658 -0.267800 0.181699
v 0.623904 -0.279525 0.178228
v 0.606362 -0.277524 0.175690
v 0.621211 -0.284534 0.222237
v 0.622276 -0.295929 0.215990
v 0.630650 -0.293766 0.210840
v 0.631709 -0.282715 0.216032
v 0.605687 -0.283730 0.224268
v 0.606787 -0.296013 0.217657
v 0.636120 -0.280683 0.208937
v 0.634546 -0.291244 0.204537
v 0.575054 -0.280703 0.227024
v 0.574723 -0.294838 0.218778
v 0.585982 -0.264801 0.179565
v 0.577525 -0.275582 0.174412
v 0.606362 -0.277524 0.175690
v 0.606787 -0.296013 0.217657
v 0.575490 -0.276203 0.280607
v 0.586655 -0.271838 0.274421
v 0.755663 -0.232137 0.275769
v 0.736600 -0.233309 0.263293
v 0.591539 -0.264103 0.288775
v 0.578904 -0.266498 0.300571
v 0.583114 -0.212378 0.138351
v 0.567217 -0.203122 0.116737
v 0.568023 -0.192061 0.125746
v 0.546458 -0.222165 0.113833
v 0.534623 -0.222103 0.121764
v 0.560337 -0.214500 0.112017
v 0.581525 -0.190914 0.127029
v 0.594065 -0.204737 0.136066
v 0.583114 -0.212378 0.138351
v 0.568023 -0.192061 0.125746
v 0.613788 -0.168699 0.137255
v 0.621969 -0.171312 0.137386
v 0.627865 -0.146245 0.140847
v 0.635706 -0.136116 0.142065
v 0.643032 -0.142365 0.144200
v 0.634394 -0.152193 0.142210
v 0.640192 -0.127568 0.143447
v 0.650736 -0.134480 0.145406
v 0.619421 -0.156815 0.139642
v 0.627059 -0.162105 0.140087
v 0.618835 -0.266433 0.295964
v 0.616755 -0.274892 0.278541
v 0.639989 -0.277629 0.279702
v 0.641197 -0.267445 0.301202
v 0.621359 -0.257364 0.174101
v 0.605802 -0.261263 0.176225
v 0.624680 -0.258787 0.168965
v 0.739321 -0.240007 0.218789
v 0.638764 -0.283940 0.252550
v 0.624373 -0.281635 0.228300
v 0.636287 -0.280782 0.222499
v 0.652143 -0.282669 0.233964
v 0.635156 -0.282847 0.220413
v 0.642671 -0.280520 0.209602
v 0.644441 -0.277546 0.211053
v 0.636287 -0.280782 0.222499
v 0.644441 -0.277546 0.211053
v 0.623807 -0.284108 0.225338
v 0.624373 -0.281635 0.228300
v 0.610653 -0.236895 0.158400
v 0.643917 -0.269963 0.192261
v 0.739321 -0.240007 0.218789
v 0.738334 -0.239093 0.220916
v 0.670631 -0.281161 0.242208
v 0.685680 -0.261893 0.299564
v 0.767100 -0.215969 0.251948
v 0.746110 -0.221208 0.245441
v 0.604261 -0.280639 0.231440
v 0.604203 -0.283109 0.228882
v 0.591539 -0.264103 0.288775
v 0.586655 -0.271838 0.274421
v 0.645436 -0.273924 0.201511
v 0.643481 -0.276899 0.200508
v 0.645436 -0.273924 0.201511
v 0.694303 -0.267000 0.208677
v 0.555636 -0.176636 0.110534
v 0.561662 -0.168777 0.111228
v 0.554191 -0.176928 0.115049
v 0.543503 -0.208659 0.107431
v 0.535681 -0.207501 0.111862
v 0.554191 -0.176928 0.115049
v 0.554191 -0.176928 0.115049
v 0.555356 -0.177951 0.115260
v 0.619421 -0.156815 0.139642
v 0.610815 -0.143431 0.133413
v 0.627865 -0.146245 0.140847
v 0.600001 -0.157591 0.131775
v 0.537064 -0.147864 0.097848
v 0.528673 -0.139827 0.096104
v 0.527704 -0.132958 0.094982
v 0.542992 -0.140097 0.100298
v 0.553760 -0.151944 0.104440
v 0.547111 -0.162232 0.102207
v 0.583281 -0.116854 0.115167
v 0.570100 -0.113435 0.109255
v 0.549596 -0.129829 0.107958
v 0.558687 -0.124222 0.109266
v 0.623187 -0.127242 0.132868
v 0.606722 -0.123098 0.125734
v 0.592795 -0.136509 0.123774
v 0.573316 -0.129557 0.114676
v 0.580526 -0.166555 0.121566
v 0.566602 -0.156355 0.112397
v 0.569519 -0.143804 0.114456
v 0.585873 -0.149424 0.124166
v 0.634458 -0.135192 0.139741
v 0.635706 -0.136116 0.142065
v 0.638927 -0.126482 0.140535
v 0.640192 -0.127568 0.143447
v 0.528926 -0.206069 0.122262
v 0.532833 -0.211507 0.115512
v 0.555356 -0.177951 0.115260
v 0.572171 -0.180527 0.119984
v 0.613788 -0.168699 0.137255
v 0.592957 -0.176570 0.128055
v 0.587511 -0.260373 0.175779
v 0.607481 -0.197747 0.137710
v 0.609723 -0.182514 0.134846
v 0.616487 -0.208916 0.142662
v 0.601086 -0.219784 0.147357
v 0.526550 -0.124224 0.099778
v 0.529873 -0.125347 0.097677
v 0.560936 -0.138647 0.111854
v 0.630649 -0.218418 0.148669
v 0.610653 -0.236895 0.158400
v 0.633776 -0.229573 0.155330
v 0.661585 -0.212679 0.144230
v 0.666887 -0.216966 0.137712
v 0.664144 -0.231464 0.143281
v 0.660869 -0.222548 0.147816
v 0.662668 -0.195657 0.138987
v 0.667919 -0.197278 0.133054
v 0.668359 -0.155277 0.132984
v 0.668512 -0.176712 0.131243
v 0.663273 -0.176592 0.136867
v 0.663213 -0.153321 0.139206
v 0.668914 -0.147778 0.131712
v 0.662450 -0.138454 0.145174
v 0.587908 -0.226121 0.149019
v 0.587511 -0.260373 0.175779
v 0.588966 -0.241062 0.162121
v 0.588966 -0.241062 0.162121
v 0.690355 -0.258190 0.188859
v 0.685000 -0.254839 0.180857
v 0.693803 -0.262571 0.198541
v 0.677726 -0.252957 0.174972
v 0.639668 -0.167449 0.140516
v 0.648151 -0.167853 0.140353
v 0.647943 -0.180998 0.140523
v 0.637425 -0.180038 0.139426
v 0.652245 -0.208036 0.141380
v 0.646980 -0.200407 0.144826
v 0.636792 -0.191672 0.141164
v 0.647538 -0.193302 0.141987
v 0.641915 -0.201314 0.145217
v 0.637051 -0.156970 0.145799
v 0.643122 -0.149486 0.146854
v 0.642346 -0.157651 0.143233
v 0.624848 -0.178916 0.141934
v 0.630717 -0.165867 0.144513
v 0.623856 -0.189644 0.140805
v 0.634255 -0.199200 0.143420
v 0.627955 -0.195403 0.141801
v 0.661585 -0.212679 0.144230
v 0.504878 -0.131179 0.119662
v 0.500204 -0.133964 0.122664
v 0.499559 -0.144098 0.117038
v 0.496069 -0.146503 0.120245
v 0.527470 -0.160058 0.140349
v 0.512711 -0.148431 0.130081
v 0.509051 -0.174349 0.124492
v 0.527919 -0.186316 0.132692
v 0.506900 -0.152725 0.118104
v 0.500964 -0.146040 0.112745
v 0.499559 -0.144098 0.117038
v 0.505990 -0.149083 0.122383
v 0.510860 -0.135941 0.125826
v 0.504878 -0.131179 0.119662
v 0.496069 -0.146503 0.120245
v 0.497430 -0.149056 0.115932
v 0.500730 -0.155116 0.118792
v 0.499559 -0.144098 0.117038
v 0.500964 -0.146040 0.112745
v 0.490961 -0.167922 0.105198
v 0.578876 -0.267264 0.305370
v 0.606388 -0.270243 0.313597
v 0.591539 -0.264103 0.288775
v 0.575146 -0.281268 0.231288
v 0.577457 -0.279293 0.233608
v 0.575146 -0.281268 0.231288
v 0.631709 -0.282715 0.216032
v 0.636120 -0.280683 0.208937
v 0.637469 -0.277749 0.200761
v 0.636185 -0.273985 0.192052
v 0.631178 -0.270633 0.185775
v 0.623658 -0.267800 0.181699
v 0.606181 -0.265425 0.180343
v 0.585982 -0.264801 0.179565
v 0.585982 -0.264801 0.179565
v 0.575595 -0.269366 0.176612
v 0.621211 -0.284534 0.222237
v 0.605687 -0.283730 0.224268
v 0.575054 -0.280703 0.227024
v 0.575054 -0.280703 0.227024
v 0.570448 -0.281867 0.226451
v 0.570448 -0.281867 0.226451
v 0.570448 -0.281867 0.226451
v 0.571368 -0.282022 0.250873
v 0.570260 -0.272569 0.232218
v 0.570057 -0.282380 0.231705
v 0.570448 -0.281867 0.226451
v 0.560540 -0.294138 0.218906
v 0.564104 -0.271243 0.175208
v 0.549477 -0.274518 0.175631
v 0.552101 -0.265917 0.178180
v 0.549344 -0.259735 0.183023
v 0.630650 -0.293766 0.210840
v 0.634607 -0.284407 0.187994
v 0.636241 -0.287898 0.196236
v 0.634546 -0.291244 0.204537
v 0.622276 -0.295929 0.215990
v 0.630177 -0.281619 0.182128
v 0.623904 -0.279525 0.178228
v 0.564304 -0.109895 0.105623
v 0.561440 -0.109344 0.107745
v 0.522618 -0.131063 0.096849
v 0.523420 -0.138456 0.097395
v 0.522107 -0.131959 0.099779
v 0.522618 -0.131063 0.096849
v 0.541438 -0.137078 0.111089
v 0.534856 -0.150002 0.105679
v 0.506900 -0.152725 0.118104
v 0.505990 -0.149083 0.122383
v 0.523420 -0.138456 0.097395
v 0.522311 -0.139811 0.099493
v 0.541438 -0.137078 0.111089
v 0.526548 -0.125428 0.102524
v 0.556278 -0.113763 0.107481
v 0.500573 -0.155004 0.115822
v 0.495656 -0.148252 0.110685
v 0.500964 -0.146040 0.112745
v 0.506900 -0.152725 0.118104
v 0.488023 -0.152012 0.108599
v 0.489600 -0.148560 0.107601
v 0.487624 -0.149506 0.099603
v 0.485725 -0.153499 0.099704
v 0.489891 -0.151960 0.088676
v 0.488743 -0.156875 0.087523
v 0.495920 -0.153857 0.081858
v 0.496028 -0.159091 0.079897
v 0.502186 -0.159036 0.077497
v 0.501667 -0.153829 0.079647
v 0.508614 -0.153180 0.078319
v 0.509539 -0.158186 0.076059
v 0.515702 -0.156528 0.076456
v 0.514336 -0.152028 0.078700
v 0.520118 -0.150165 0.080313
v 0.522166 -0.153959 0.078258
v 0.526793 -0.150698 0.082134
v 0.523855 -0.147678 0.083461
v 0.526525 -0.144530 0.087813
v 0.530341 -0.146711 0.087190
v 0.529837 -0.143262 0.092240
v 0.525685 -0.141262 0.092420
v 0.523420 -0.138456 0.097395
v 0.528673 -0.139827 0.096104
v 0.526525 -0.144530 0.087813
v 0.524726 -0.145793 0.089459
v 0.524364 -0.142679 0.094154
v 0.525685 -0.141262 0.092420
v 0.522311 -0.139811 0.099493
v 0.523420 -0.138456 0.097395
v 0.524364 -0.142679 0.094154
v 0.524726 -0.145793 0.089459
v 0.531283 -0.155102 0.092708
v 0.523855 -0.147678 0.083461
v 0.520118 -0.150165 0.080313
v 0.519328 -0.150397 0.083065
v 0.522451 -0.148409 0.085672
v 0.522451 -0.148409 0.085672
v 0.519328 -0.150397 0.083065
v 0.514336 -0.152028 0.078700
v 0.508614 -0.153180 0.078319
v 0.508759 -0.152961 0.081242
v 0.514062 -0.151966 0.081620
v 0.517842 -0.160859 0.085053
v 0.514062 -0.151966 0.081620
v 0.508759 -0.152961 0.081242
v 0.501667 -0.153829 0.079647
v 0.495920 -0.153857 0.081858
v 0.497137 -0.153697 0.084175
v 0.502367 -0.153604 0.082317
v 0.505640 -0.163169 0.087041
v 0.502367 -0.153604 0.082317
v 0.497137 -0.153697 0.084175
v 0.489891 -0.151960 0.088676
v 0.491932 -0.151979 0.090097
v 0.491932 -0.151979 0.090097
v 0.497090 -0.162654 0.094972
v 0.487624 -0.149506 0.099603
v 0.489880 -0.149863 0.099871
v 0.489880 -0.149863 0.099871
v 0.494449 -0.159986 0.105106
v 0.495656 -0.148252 0.110685
v 0.491810 -0.149041 0.106694
v 0.489600 -0.148560 0.107601
v 0.496174 -0.157437 0.111635
v 0.491810 -0.149041 0.106694
v 0.527184 -0.164197 0.080804
v 0.535697 -0.154697 0.088913
v 0.537064 -0.147864 0.097848
v 0.493720 -0.174124 0.092796
v 0.503134 -0.176235 0.083005
v 0.515357 -0.172265 0.079184
v 0.497430 -0.149056 0.115932
v 0.500964 -0.146040 0.112745
v 0.495656 -0.148252 0.110685
v 0.492418 -0.150584 0.113948
v 0.645493 -0.225777 0.155117
v 0.653735 -0.223106 0.154967
v 0.645493 -0.225777 0.155117
v 0.643063 -0.222732 0.152899
v 0.653735 -0.223106 0.154967
v 0.500730 -0.155116 0.118792
v 0.535681 -0.207501 0.111862
v 0.528926 -0.206069 0.122262
v 0.528577 -0.199195 0.128970
v 0.552948 -0.246968 0.191105
v 0.561491 -0.271514 0.231358
v 0.570260 -0.272569 0.232218
v 0.570448 -0.281867 0.226451
v 0.687272 -0.280346 0.230710
v 0.682586 -0.276664 0.229284
v 0.663061 -0.279209 0.273278
v 0.666119 -0.265621 0.302055
v 0.674022 -0.282689 0.243353
v 0.676768 -0.284582 0.243639
v 0.675005 -0.284757 0.251546
v 0.672937 -0.282741 0.252103
v 0.674022 -0.282689 0.243353
v 0.534856 -0.150002 0.105679
v 0.522311 -0.139811 0.099493
v 0.522107 -0.131959 0.099779
v 0.534856 -0.150002 0.105679
v 0.565262 -0.118915 0.116041
v 0.500573 -0.155004 0.115822
v 0.497090 -0.162654 0.094972
v 0.494449 -0.159986 0.105106
v 0.496174 -0.157437 0.111635
v 0.505640 -0.163169 0.087041
v 0.531283 -0.155102 0.092708
v 0.517842 -0.160859 0.085053
v 0.648026 -0.158160 0.141947
v 0.647368 -0.144537 0.147157
v 0.555356 -0.177951 0.115260
v 0.664144 -0.231464 0.143281
v 0.660869 -0.222548 0.147816
v 0.754866 -0.208008 0.228294
v 0.752130 -0.209071 0.229216
v 0.748046 -0.221349 0.222678
v 0.749578 -0.221665 0.220958
v 0.739628 -0.235457 0.229548
v 0.746110 -0.221208 0.245441
v 0.738334 -0.239093 0.220916
v 0.746877 -0.221572 0.229718
v 0.749072 -0.213790 0.234632
v 0.752130 -0.209071 0.229216
v 0.748046 -0.221349 0.222678
v 0.692028 -0.278930 0.262559
v 0.680462 -0.279490 0.263777
v 0.681714 -0.282034 0.262955
v 0.685649 -0.280333 0.264160
v 0.681714 -0.282034 0.262955
v 0.743739 -0.230442 0.220661
v 0.743520 -0.229097 0.228137
v 0.677786 -0.283149 0.259990
v 0.676352 -0.281063 0.260716
v 0.663860 -0.282248 0.251271
v 0.672937 -0.282741 0.252103
v 0.676352 -0.281063 0.260716
v 0.677786 -0.283149 0.259990
v 0.659704 -0.281652 0.263167
v 0.676352 -0.281063 0.260716
v 0.672767 -0.275703 0.279610
v 0.685680 -0.261893 0.299564
v 0.680462 -0.279490 0.263777
v 0.549344 -0.259735 0.183023
v 0.549344 -0.259735 0.183023
v 0.549477 -0.274518 0.175631
v 0.560540 -0.294138 0.218906
v 0.552948 -0.246968 0.191105
v 0.570260 -0.272569 0.232218
v 0.561491 -0.271514 0.231358
v 0.754866 -0.208008 0.228294
v 0.749578 -0.221665 0.220958
v 0.745317 -0.230924 0.218235
v 0.743739 -0.230442 0.220661
v 0.745317 -0.230924 0.218235
v 0.650736 -0.134480 0.145406
v 0.647368 -0.144537 0.147157
v 0.653308 -0.138700 0.142350
v 0.650736 -0.134480 0.145406
v 0.578904 -0.266498 0.300571
v 0.575490 -0.276203 0.280607
v 0.571368 -0.282022 0.250873
v 0.570260 -0.272569 0.232218
v 0.552948 -0.246968 0.191105
v 0.552948 -0.246968 0.191105
v 0.543994 -0.229818 0.172460
v 0.538737 -0.216771 0.157099
v 0.533521 -0.201988 0.142279
v 0.527919 -0.186316 0.132692
v 0.527470 -0.160058 0.140349
v 0.246898 -0.162986 -0.024854
v 0.246359 -0.157627 -0.033286
v 0.272280 -0.158450 -0.029394
v 0.268921 -0.169212 -0.013171
v 0.264255 -0.171603 -0.012381
v 0.264456 -0.173834 -0.013811
v 0.269309 -0.173513 -0.015924
v 0.283535 -0.166272 -0.015723
v 0.281621 -0.169966 -0.012464
v 0.281825 -0.172221 -0.013910
v 0.283922 -0.170552 -0.018465
v 0.272462 -0.166757 -0.034817
v 0.265365 -0.169011 -0.032215
v 0.265040 -0.165778 -0.037304
v 0.269845 -0.170902 -0.028637
v 0.275856 -0.170342 -0.028665
v 0.279877 -0.167660 -0.032282
v 0.288670 -0.162852 -0.020339
v 0.288712 -0.166633 -0.016662
v 0.288916 -0.168890 -0.018110
v 0.289059 -0.167128 -0.023079
v 0.251206 -0.167582 -0.017081
v 0.258631 -0.170715 -0.011151
v 0.268041 -0.171908 -0.007966
v 0.278004 -0.170980 -0.008012
v 0.287002 -0.168072 -0.011281
v 0.293667 -0.163627 -0.017276
v 0.296981 -0.158321 -0.025084
v 0.261669 -0.168304 -0.015607
v 0.256629 -0.169651 -0.016489
v 0.256834 -0.171876 -0.017939
v 0.262056 -0.172596 -0.018373
v 0.276597 -0.168502 -0.013207
v 0.273035 -0.171725 -0.010957
v 0.273236 -0.173955 -0.012387
v 0.276985 -0.172795 -0.015956
v 0.255947 -0.165894 -0.020172
v 0.251318 -0.166133 -0.022726
v 0.251520 -0.168367 -0.024159
v 0.256333 -0.170183 -0.022939
v 0.252625 -0.162345 -0.026176
v 0.249134 -0.161622 -0.030066
v 0.249335 -0.163859 -0.031500
v 0.253010 -0.166641 -0.028929
v 0.291223 -0.158760 -0.026358
v 0.293240 -0.162220 -0.022912
v 0.293443 -0.164473 -0.024357
v 0.291612 -0.163038 -0.029100
v 0.245371 -0.152363 -0.017872
v 0.244821 -0.146883 -0.026494
v 0.246359 -0.157627 -0.033286
v 0.246898 -0.162986 -0.024854
v 0.293193 -0.153018 -0.010124
v 0.293667 -0.163627 -0.017276
v 0.296981 -0.158321 -0.025084
v 0.296584 -0.147593 -0.018107
v 0.286380 -0.157564 -0.003993
v 0.287002 -0.168072 -0.011281
v 0.277178 -0.160537 -0.000650
v 0.278004 -0.170980 -0.008012
v 0.266991 -0.161486 -0.000604
v 0.268041 -0.171908 -0.007966
v 0.257360 -0.160295 -0.003809
v 0.258631 -0.170715 -0.011151
v 0.249770 -0.157091 -0.009873
v 0.251206 -0.167582 -0.017081
v 0.252592 -0.162511 -0.035428
v 0.252208 -0.158217 -0.032674
v 0.269309 -0.173513 -0.015924
v 0.268921 -0.169212 -0.013171
v 0.360758 -0.160995 -0.019600
v 0.362628 -0.167539 -0.019910
v 0.360412 -0.171085 -0.014691
v 0.356813 -0.167308 -0.010311
v 0.355958 -0.174057 -0.010684
v 0.346107 -0.170768 -0.006421
v 0.349943 -0.176000 -0.008499
v 0.343284 -0.176621 -0.008468
v 0.334911 -0.169348 -0.010210
v 0.336995 -0.175823 -0.010597
v 0.332032 -0.173729 -0.014560
v 0.329784 -0.163880 -0.019458
v 0.329151 -0.170657 -0.019756
v 0.328792 -0.167075 -0.025393
v 0.323145 -0.166428 -0.025933
v 0.328792 -0.167075 -0.025393
v 0.329151 -0.170657 -0.019756
v 0.323624 -0.171194 -0.018433
v 0.365223 -0.171764 -0.011693
v 0.368172 -0.167045 -0.018638
v 0.367358 -0.150094 -0.007646
v 0.364316 -0.154963 -0.000480
v 0.358200 -0.159043 0.005022
v 0.359295 -0.175718 -0.006361
v 0.349941 -0.161712 0.008022
v 0.351292 -0.178305 -0.003453
v 0.342431 -0.179130 -0.003412
v 0.340798 -0.162563 0.008065
v 0.332163 -0.161468 0.005142
v 0.334061 -0.178069 -0.006244
v 0.327457 -0.175282 -0.011519
v 0.325348 -0.158593 -0.000301
v 0.334061 -0.178069 -0.006244
v 0.327457 -0.175282 -0.011519
v 0.332032 -0.173729 -0.014560
v 0.336995 -0.175823 -0.010597
v 0.323624 -0.171194 -0.018433
v 0.321394 -0.154375 -0.007434
v 0.253010 -0.166641 -0.028929
v 0.262802 -0.165861 -0.028933
v 0.256333 -0.170183 -0.022939
v 0.262377 -0.161619 -0.035609
v 0.265040 -0.165778 -0.037304
v 0.265365 -0.169011 -0.032215
v 0.262802 -0.165861 -0.028933
v 0.269845 -0.170902 -0.028637
v 0.268681 -0.168342 -0.024238
v 0.281844 -0.164088 -0.029020
v 0.276568 -0.167607 -0.024274
v 0.275856 -0.170342 -0.028665
v 0.279877 -0.167660 -0.032282
v 0.276985 -0.172795 -0.015956
v 0.269309 -0.173513 -0.015924
v 0.268681 -0.168342 -0.024238
v 0.276568 -0.167607 -0.024274
v 0.289059 -0.167128 -0.023079
v 0.283922 -0.170552 -0.018465
v 0.281844 -0.164088 -0.029020
v 0.262056 -0.172596 -0.018373
v 0.291612 -0.163038 -0.029100
v 0.252592 -0.162511 -0.035428
v 0.262377 -0.161619 -0.035609
v 0.320900 -0.149457 -0.015173
v 0.323145 -0.166428 -0.025933
v 0.343284 -0.176621 -0.008468
v 0.342431 -0.179130 -0.003412
v 0.349943 -0.176000 -0.008499
v 0.351292 -0.178305 -0.003453
v 0.359295 -0.175718 -0.006361
v 0.355958 -0.174057 -0.010684
v 0.360412 -0.171085 -0.014691
v 0.365223 -0.171764 -0.011693
v 0.368172 -0.167045 -0.018638
v 0.362628 -0.167539 -0.019910
v 0.293443 -0.164473 -0.024357
v 0.249335 -0.163859 -0.031500
v 0.251520 -0.168367 -0.024159
v 0.273236 -0.173955 -0.012387
v 0.256834 -0.171876 -0.017939
v 0.288916 -0.168890 -0.018110
v 0.281825 -0.172221 -0.013910
v 0.264456 -0.173834 -0.013811
v 0.345167 -0.161285 -0.018790
v 0.329784 -0.163880 -0.019458
v 0.333729 -0.157567 -0.028748
v 0.344435 -0.154108 -0.032638
v 0.355631 -0.155527 -0.028849
v 0.360758 -0.160995 -0.019600
v 0.345167 -0.161285 -0.018790
v 0.334911 -0.169348 -0.010210
v 0.329784 -0.163880 -0.019458
v 0.346107 -0.170768 -0.006421
v 0.356813 -0.167308 -0.010311
v 0.360758 -0.160995 -0.019600
v 0.646980 -0.200407 0.144826
v 0.590468 -0.288517 0.202644
v 0.590295 -0.291704 0.201056
v 0.592967 -0.291037 0.199270
v 0.593263 -0.287819 0.200777
v 0.587084 -0.288179 0.202170
v 0.587060 -0.291380 0.200602
v 0.585094 -0.287001 0.199632
v 0.585158 -0.290255 0.198175
v 0.585691 -0.285678 0.196524
v 0.585705 -0.288987 0.195198
v 0.588513 -0.284983 0.194664
v 0.588387 -0.288321 0.193415
v 0.591859 -0.285318 0.195128
v 0.591611 -0.288644 0.193866
v 0.593833 -0.286493 0.197662
v 0.593512 -0.289769 0.196292
v 0.589257 -0.291985 0.196380
v 0.590802 -0.294238 0.215104
v 0.590629 -0.297425 0.213515
v 0.593302 -0.296757 0.211730
v 0.593597 -0.293540 0.213236
v 0.587418 -0.293899 0.214629
v 0.587395 -0.297101 0.213062
v 0.585429 -0.292722 0.212091
v 0.585492 -0.295975 0.210635
v 0.586025 -0.291399 0.208983
v 0.586040 -0.294708 0.207657
v 0.588847 -0.290703 0.207123
v 0.588721 -0.294042 0.205874
v 0.592193 -0.291039 0.207587
v 0.591945 -0.294365 0.206325
v 0.594167 -0.292214 0.210121
v 0.593846 -0.295490 0.208751
v 0.589591 -0.297706 0.208839
v 0.522311 -0.139811 0.099493
v 0.446522 -0.138528 0.355653
v 0.443166 -0.130651 0.353650
v 0.403680 -0.139788 0.361089
v 0.403840 -0.149194 0.368321
v 0.240782 -0.063920 0.267370
v 0.277756 -0.063616 0.283120
v 0.279420 -0.058763 0.275520
v 0.242782 -0.059213 0.259957
v 0.332241 -0.134547 0.351690
v 0.358519 -0.144770 0.359811
v 0.361137 -0.136314 0.353387
v 0.335561 -0.127481 0.345326
v 0.307522 -0.112468 0.332239
v 0.310678 -0.106763 0.325649
v 0.403840 -0.149194 0.368321
v 0.414206 -0.201859 0.345060
v 0.457572 -0.175552 0.337005
v 0.218171 -0.171222 0.259396
v 0.221393 -0.217493 0.239651
v 0.195862 -0.214276 0.231044
v 0.193800 -0.167393 0.248050
v 0.194391 -0.113775 0.249266
v 0.218282 -0.114863 0.259123
v 0.468464 -0.155513 0.327723
v 0.457572 -0.175552 0.337005
v 0.461329 -0.171452 0.328186
v 0.469829 -0.153566 0.323509
v 0.199219 -0.119684 0.264794
v 0.201799 -0.062685 0.253705
v 0.197450 -0.057874 0.245646
v 0.194391 -0.113775 0.249266
v 0.313253 -0.155165 0.333622
v 0.307522 -0.112468 0.332239
v 0.271673 -0.138554 0.304939
v 0.369351 -0.193518 0.371744
v 0.383626 -0.170797 0.360214
v 0.351777 -0.165826 0.351727
v 0.446522 -0.138528 0.355653
v 0.199265 -0.171767 0.260515
v 0.193800 -0.167393 0.248050
v 0.201799 -0.062685 0.253705
v 0.197450 -0.057874 0.245646
v 0.280566 -0.175585 0.337662
v 0.272381 -0.194920 0.295609
v 0.286109 -0.246666 0.294248
v 0.273552 -0.080841 0.279259
v 0.215833 -0.080519 0.254059
v 0.242782 -0.059213 0.259957
v 0.279420 -0.058763 0.275520
v 0.197450 -0.057874 0.245646
v 0.215833 -0.080519 0.254059
v 0.272381 -0.194920 0.295609
v 0.237261 -0.182687 0.277242
v 0.239675 -0.227633 0.258036
v 0.274560 -0.236118 0.276174
v 0.197450 -0.057874 0.245646
v 0.385562 -0.216696 0.340817
v 0.416230 -0.226037 0.331713
v 0.460846 -0.127022 0.342381
v 0.468464 -0.155513 0.327723
v 0.469829 -0.153566 0.323509
v 0.457937 -0.123096 0.341208
v 0.356293 -0.154055 0.349024
v 0.335561 -0.127481 0.345326
v 0.361137 -0.136314 0.353387
v 0.403680 -0.139788 0.361089
v 0.400932 -0.154804 0.352729
v 0.301128 -0.127589 0.320680
v 0.202011 -0.220466 0.241563
v 0.195862 -0.214276 0.231044
v 0.451668 -0.237678 0.303515
v 0.452084 -0.209429 0.316796
v 0.449373 -0.215115 0.328259
v 0.448787 -0.245599 0.315464
v 0.351777 -0.165826 0.351727
v 0.332241 -0.134547 0.351690
v 0.280566 -0.175585 0.337662
v 0.313253 -0.155165 0.333622
v 0.271673 -0.138554 0.304939
v 0.369351 -0.193518 0.371744
v 0.375108 -0.262128 0.330876
v 0.385562 -0.216696 0.340817
v 0.271673 -0.138554 0.304939
v 0.383626 -0.170797 0.360214
v 0.383626 -0.170797 0.360214
v 0.449373 -0.215115 0.328259
v 0.280566 -0.175585 0.337662
v 0.286109 -0.246666 0.294248
v 0.375108 -0.262128 0.330876
v 0.369351 -0.193518 0.371744
v 0.273552 -0.080841 0.279259
v 0.279420 -0.058763 0.275520
v 0.310678 -0.106763 0.325649
v 0.277756 -0.063616 0.283120
v 0.279420 -0.058763 0.275520
v 0.199265 -0.171767 0.260515
v 0.236895 -0.128464 0.284048
v 0.199219 -0.119684 0.264794
v 0.240782 -0.063920 0.267370
v 0.277756 -0.063616 0.283120
v 0.358519 -0.144770 0.359811
v 0.274560 -0.236118 0.276174
v 0.388842 -0.253675 0.319627
v 0.202011 -0.220466 0.241563
v 0.201799 -0.062685 0.253705
v 0.461329 -0.171452 0.328186
v 0.457572 -0.175552 0.337005
v 0.418253 -0.250214 0.318366
v 0.448787 -0.245599 0.315464
v 0.388842 -0.253675 0.319627
v 0.468464 -0.155513 0.327723
v 0.460846 -0.127022 0.342381
v 0.460846 -0.127022 0.342381
v 0.457937 -0.123096 0.341208
v 0.443166 -0.130651 0.353650
v 0.457937 -0.123096 0.341208
v 0.469829 -0.153566 0.323509
v 0.469829 -0.153566 0.323509
v 0.461329 -0.171452 0.328186
v 0.443166 -0.130651 0.353650
v 0.400932 -0.154804 0.352729
v 0.403680 -0.139788 0.361089
v 0.443166 -0.130651 0.353650
v 0.443166 -0.130651 0.353650
v 0.461329 -0.171452 0.328186
v 0.400932 -0.154804 0.352729
v 0.446971 -0.142018 0.360562
v 0.445386 -0.139438 0.355368
v 0.401551 -0.161620 0.364228
v 0.461733 -0.059071 0.244846
v 0.456919 -0.062257 0.245880
v 0.467763 -0.074246 0.275153
v 0.472923 -0.071732 0.274777
v 0.472007 -0.089838 0.229152
v 0.476839 -0.086786 0.228057
v 0.485667 -0.100187 0.257476
v 0.480517 -0.102683 0.257841
v 0.457027 -0.172660 0.344083
v 0.410474 -0.193930 0.348618
v 0.455349 -0.170206 0.339067
v 0.461733 -0.059071 0.244846
v 0.472923 -0.071732 0.274777
v 0.485667 -0.100187 0.257476
v 0.476839 -0.086786 0.228057
v 0.446971 -0.142018 0.360562
v 0.401551 -0.161620 0.364228
v 0.410474 -0.193930 0.348618
v 0.457027 -0.172660 0.344083
v 0.464136 -0.121775 0.344390
v 0.459687 -0.121889 0.340807
v 0.477896 -0.149826 0.327294
v 0.464136 -0.121775 0.344390
v 0.477896 -0.149826 0.327294
v 0.473446 -0.149923 0.323700
v 0.472426 -0.102236 0.322037
v 0.477606 -0.100393 0.323290
v 0.491103 -0.127777 0.304982
v 0.485922 -0.129626 0.303752
v 0.477606 -0.100393 0.323290
v 0.491103 -0.127777 0.304982
v 0.479891 -0.148853 0.335505
v 0.476758 -0.156479 0.334980
v 0.473415 -0.154812 0.330085
v 0.476501 -0.147162 0.330541
v 0.440041 -0.181167 0.349501
v 0.461792 -0.170833 0.345500
v 0.460027 -0.166658 0.348573
v 0.432667 -0.179842 0.352984
v 0.438073 -0.178595 0.344264
v 0.458379 -0.168871 0.340766
v 0.461792 -0.170833 0.345500
v 0.440041 -0.181167 0.349501
v 0.432667 -0.179842 0.352984
v 0.430672 -0.177233 0.347672
v 0.479891 -0.148853 0.335505
v 0.476501 -0.147162 0.330541
v 0.468397 -0.126136 0.343238
v 0.471788 -0.127827 0.348203
v 0.461881 -0.124883 0.348159
v 0.465223 -0.126550 0.353053
v 0.451702 -0.146745 0.362826
v 0.423383 -0.159737 0.366347
v 0.449944 -0.142488 0.365789
v 0.426825 -0.152548 0.368522
v 0.423383 -0.159737 0.366347
v 0.421387 -0.157128 0.361035
v 0.449944 -0.142488 0.365789
v 0.446531 -0.140526 0.361054
v 0.424858 -0.149976 0.363284
v 0.426825 -0.152548 0.368522
v 0.423383 -0.159737 0.366347
v 0.421387 -0.157128 0.361035
v 0.476758 -0.156479 0.334980
v 0.479891 -0.148853 0.335505
v 0.471788 -0.127827 0.348203
v 0.465223 -0.126550 0.353053
v 0.463430 -0.326006 0.235434
v 0.420914 -0.338513 0.246921
v 0.421362 -0.335847 0.235367
v 0.460950 -0.327845 0.227199
v 0.262336 -0.302904 0.114122
v 0.264306 -0.297877 0.106914
v 0.301850 -0.307468 0.116039
v 0.300208 -0.312561 0.123485
v 0.350642 -0.338577 0.220856
v 0.354303 -0.335296 0.212065
v 0.379121 -0.335716 0.225521
v 0.375982 -0.338393 0.235650
v 0.327427 -0.333176 0.190711
v 0.330735 -0.329154 0.183042
v 0.420914 -0.338513 0.246921
v 0.468129 -0.292605 0.261945
v 0.422573 -0.294631 0.285570
v 0.225698 -0.254673 0.205882
v 0.201168 -0.249086 0.195665
v 0.232947 -0.277470 0.154852
v 0.208665 -0.272044 0.147776
v 0.480686 -0.291032 0.240822
v 0.481940 -0.287847 0.237401
v 0.471645 -0.285836 0.254838
v 0.468129 -0.292605 0.261945
v 0.213952 -0.283044 0.160039
v 0.208665 -0.272044 0.147776
v 0.218498 -0.291254 0.095991
v 0.222842 -0.296016 0.104082
v 0.327779 -0.316229 0.230340
v 0.286449 -0.302391 0.199878
v 0.327427 -0.333176 0.190711
v 0.381466 -0.327856 0.285600
v 0.365982 -0.323331 0.250727
v 0.397526 -0.324918 0.261384
v 0.463430 -0.326006 0.235434
v 0.207029 -0.257865 0.205305
v 0.201168 -0.249086 0.195665
v 0.222842 -0.296016 0.104082
v 0.218498 -0.291254 0.095991
v 0.293200 -0.315680 0.247827
v 0.279225 -0.270811 0.246944
v 0.293548 -0.302560 0.137083
v 0.301850 -0.307468 0.116039
v 0.264306 -0.297877 0.106914
v 0.234478 -0.287256 0.121489
v 0.234478 -0.287256 0.121489
v 0.218498 -0.291254 0.095991
v 0.279225 -0.270811 0.246944
v 0.244566 -0.263682 0.225304
v 0.218498 -0.291254 0.095991
v 0.392026 -0.288368 0.294858
v 0.420413 -0.272423 0.301968
v 0.477971 -0.316900 0.220622
v 0.475498 -0.317817 0.216344
v 0.481940 -0.287847 0.237401
v 0.480686 -0.291032 0.240822
v 0.371722 -0.325131 0.239322
v 0.379121 -0.335716 0.225521
v 0.354303 -0.335296 0.212065
v 0.416056 -0.322499 0.245195
v 0.421362 -0.335847 0.235367
v 0.318243 -0.317357 0.198992
v 0.454283 -0.269558 0.293347
v 0.456752 -0.261182 0.283610
v 0.350642 -0.338577 0.220856
v 0.365982 -0.323331 0.250727
v 0.293200 -0.315680 0.247827
v 0.327779 -0.316229 0.230340
v 0.286449 -0.302391 0.199878
v 0.381466 -0.327856 0.285600
v 0.392026 -0.288368 0.294858
v 0.286449 -0.302391 0.199878
v 0.397526 -0.324918 0.261384
v 0.397526 -0.324918 0.261384
v 0.454283 -0.269558 0.293347
v 0.293200 -0.315680 0.247827
v 0.381466 -0.327856 0.285600
v 0.293548 -0.302560 0.137083
v 0.330735 -0.329154 0.183042
v 0.301850 -0.307468 0.116039
v 0.300208 -0.312561 0.123485
v 0.301850 -0.307468 0.116039
v 0.207029 -0.257865 0.205305
v 0.213952 -0.283044 0.160039
v 0.251649 -0.292063 0.179141
v 0.262336 -0.302904 0.114122
v 0.300208 -0.312561 0.123485
v 0.375982 -0.338393 0.235650
v 0.222842 -0.296016 0.104082
v 0.471645 -0.285836 0.254838
v 0.468129 -0.292605 0.261945
v 0.477971 -0.316900 0.220622
v 0.480686 -0.291032 0.240822
v 0.475498 -0.317817 0.216344
v 0.477971 -0.316900 0.220622
v 0.460950 -0.327845 0.227199
v 0.471645 -0.285836 0.254838
v 0.481940 -0.287847 0.237401
v 0.481940 -0.287847 0.237401
v 0.475498 -0.317817 0.216344
v 0.460950 -0.327845 0.227199
v 0.416056 -0.322499 0.245195
v 0.471645 -0.285836 0.254838
v 0.460950 -0.327845 0.227199
v 0.460950 -0.327845 0.227199
v 0.421362 -0.335847 0.235367
v 0.416056 -0.322499 0.245195
v 0.463830 -0.328957 0.240687
v 0.416739 -0.330022 0.256241
v 0.462168 -0.325520 0.236043
v 0.479534 -0.256456 0.118274
v 0.491427 -0.276899 0.143214
v 0.486037 -0.276866 0.145223
v 0.474455 -0.256699 0.121195
v 0.484502 -0.228382 0.140311
v 0.493620 -0.247969 0.164677
v 0.498998 -0.248005 0.162688
v 0.489577 -0.228027 0.137487
v 0.468535 -0.300253 0.262265
v 0.466778 -0.296937 0.257800
v 0.420182 -0.301565 0.279598
v 0.479534 -0.256456 0.118274
v 0.489577 -0.228027 0.137487
v 0.498998 -0.248005 0.162688
v 0.491427 -0.276899 0.143214
v 0.463830 -0.328957 0.240687
v 0.468535 -0.300253 0.262265
v 0.420182 -0.301565 0.279598
v 0.416739 -0.330022 0.256241
v 0.482054 -0.320444 0.216994
v 0.477349 -0.317725 0.215227
v 0.490698 -0.291772 0.236272
v 0.482054 -0.320444 0.216994
v 0.490698 -0.291772 0.236272
v 0.485993 -0.289050 0.234485
v 0.496366 -0.308414 0.189897
v 0.490910 -0.307187 0.190613
v 0.499280 -0.277743 0.208772
v 0.504737 -0.278953 0.208041
v 0.504737 -0.278953 0.208041
v 0.496366 -0.308414 0.189897
v 0.493463 -0.299336 0.239008
v 0.489922 -0.295973 0.235116
v 0.485862 -0.292824 0.241586
v 0.489353 -0.296139 0.245423
v 0.451103 -0.303827 0.270845
v 0.444266 -0.308453 0.270513
v 0.472628 -0.306384 0.258974
v 0.473592 -0.301675 0.261598
v 0.449058 -0.300397 0.266159
v 0.451103 -0.303827 0.270845
v 0.473592 -0.301675 0.261598
v 0.470082 -0.298634 0.257556
v 0.444266 -0.308453 0.270513
v 0.442192 -0.304974 0.265759
v 0.493463 -0.299336 0.239008
v 0.489159 -0.320441 0.224689
v 0.485618 -0.317078 0.220797
v 0.489922 -0.295973 0.235116
v 0.483227 -0.326181 0.225040
v 0.479736 -0.322865 0.221203
v 0.438732 -0.329933 0.257209
v 0.468092 -0.328468 0.246297
v 0.443226 -0.334401 0.251908
v 0.467135 -0.333110 0.243553
v 0.436658 -0.326454 0.252455
v 0.438732 -0.329933 0.257209
v 0.467135 -0.333110 0.243553
v 0.443226 -0.334401 0.251908
v 0.441182 -0.330972 0.247221
v 0.463625 -0.330068 0.239511
v 0.438732 -0.329933 0.257209
v 0.436658 -0.326454 0.252455
v 0.489353 -0.296139 0.245423
v 0.493463 -0.299336 0.239008
v 0.489159 -0.320441 0.224689
v 0.483227 -0.326181 0.225040
v 0.310570 -0.103375 0.041294
v 0.304292 -0.127479 0.078001
v 0.301641 -0.098084 0.096851
v 0.301641 -0.098084 0.096851
v 0.307919 -0.073979 0.060144
v 0.310570 -0.103375 0.041294
v 0.342437 -0.104076 0.047008
v 0.336159 -0.128181 0.083715
v 0.304292 -0.127479 0.078001
v 0.304292 -0.127479 0.078001
v 0.310570 -0.103375 0.041294
v 0.339797 -0.074805 0.065778
v 0.333519 -0.098910 0.102485
v 0.336159 -0.128181 0.083715
v 0.342437 -0.104076 0.047008
v 0.307919 -0.073979 0.060144
v 0.301641 -0.098084 0.096851
v 0.333519 -0.098910 0.102485
v 0.333519 -0.098910 0.102485
v 0.339797 -0.074805 0.065778
v 0.307919 -0.073979 0.060144
vn 0.7894 0.3803 -0.4820
vn 0.7324 0.6200 -0.2814
vn 0.4770 0.5046 -0.7197
vn 0.4595 0.8237 -0.3323
vn 0.8161 0.5686 -0.1033
vn 0.5652 0.8162 0.1201
vn 0.8674 0.2771 0.4134
vn 0.6283 0.5812 0.5171
vn 0.8721 0.4752 -0.1169
vn 0.8984 0.1945 0.3937
vn 0.8161 0.5686 -0.1032
vn 0.8674 0.2770 0.4133
vn 0.4915 -0.2311 0.8396
vn -0.0011 -0.4062 0.9138
vn 0.4262 -0.2672 0.8643
vn 0.1469 -0.4567 0.8774
vn 0.3210 0.1948 0.9268
vn -0.0303 -0.3609 0.9321
vn 0.2655 0.1186 0.9568
vn -0.0902 -0.3654 0.9265
vn 0.3815 0.8482 -0.3675
vn 0.4927 0.8644 0.1002
vn 0.2386 0.9134 -0.3299
vn 0.4740 0.8703 0.1342
vn 0.0122 0.5225 -0.8525
vn -0.1475 0.6577 -0.7387
vn 0.3563 0.8501 -0.3878
vn 0.7445 0.6671 0.0249
vn -0.4450 -0.1978 -0.8734
vn 0.0371 0.3950 -0.9180
vn -0.4700 0.0212 -0.8824
vn -0.1898 0.8576 -0.4781
vn 0.7446 0.6670 0.0248
vn 0.7503 0.3795 0.5413
vn 0.3954 -0.0517 0.9171
vn 0.8984 0.1945 0.3938
vn 0.3954 -0.0516 0.9171
vn -0.1083 -0.3454 0.9322
vn 0.4991 0.4992 -0.7083
vn 0.5528 0.6839 -0.4761
vn 0.6477 0.4518 -0.6135
vn 0.6382 0.6673 -0.3839
vn 0.1746 -0.5203 0.8359
vn 0.2626 -0.5038 0.8229
vn -0.1042 0.9830 0.1513
vn -0.5953 0.6895 -0.4127
vn 0.0578 0.9607 -0.2716
vn -0.1899 0.8576 -0.4780
vn -0.5135 -0.7714 0.3759
vn -0.6301 -0.6708 -0.3911
vn -0.4950 -0.7129 0.4968
vn -0.7186 -0.6767 -0.1604
vn -0.3452 -0.3853 0.8558
vn -0.5304 -0.4129 0.7404
vn -0.6964 0.1246 0.7068
vn -0.9291 -0.2219 0.2958
vn 0.3779 0.8873 -0.2642
vn 0.6459 0.6947 -0.3165
vn 0.5239 0.7581 -0.3885
vn 0.3564 0.8500 -0.3879
vn 0.1043 0.9918 0.0734
vn 0.7893 0.3803 -0.4820
vn 0.5008 0.5441 0.6731
vn -0.0689 -0.4243 0.9029
vn -0.2708 0.7167 0.6427
vn -0.8715 0.4873 -0.0558
vn -0.2708 0.7168 0.6426
vn -0.8715 0.4872 -0.0558
vn 0.4987 0.6094 0.6163
vn 0.8674 0.2770 0.4134
vn 0.5149 0.7762 -0.3638
vn 0.6105 0.6965 0.3771
vn 0.3529 0.1735 0.9194
vn -0.5304 -0.4130 0.7404
vn -0.9291 -0.2218 0.2959
vn -0.6957 -0.3614 -0.6208
vn -0.6957 -0.3613 -0.6208
vn -0.8715 0.4873 -0.0557
vn -0.5953 0.6895 -0.4126
vn -0.6301 -0.6707 -0.3912
vn 0.2627 -0.5038 0.8229
vn 0.3045 -0.4946 0.8140
vn 0.3622 0.0053 0.9321
vn -0.0024 0.9771 0.2127
vn -0.1890 0.6674 0.7204
vn -0.3890 0.3577 0.8490
vn -0.1890 0.6673 0.7204
vn 0.0279 0.9996 -0.0043
vn 0.0393 0.9803 -0.1936
vn 0.0029 0.9880 0.1543
vn -0.2066 0.6614 0.7210
vn -0.2418 0.1661 0.9560
vn -0.0849 0.2895 0.9534
vn 0.2452 0.6391 0.7290
vn 0.0416 0.9862 0.1601
vn -0.8367 -0.4868 0.2510
vn -0.6372 0.1930 -0.7461
vn -0.7245 -0.3902 -0.5682
vn -0.8310 -0.4765 -0.2871
vn -0.9464 -0.3013 0.1163
vn -0.9098 0.3016 -0.2850
vn -0.7708 -0.2190 -0.5982
vn -0.7912 -0.5382 -0.2903
vn -0.4939 -0.2858 -0.8212
vn -0.8456 -0.4934 -0.2038
vn -0.8864 -0.3357 -0.3187
vn -0.5884 -0.7954 -0.1451
vn -0.5745 -0.7829 -0.2388
vn 0.1636 -0.1490 0.9752
vn 0.5235 0.6055 0.5994
vn 0.1471 -0.1405 0.9791
vn 0.5105 0.8241 -0.2455
vn 0.4785 0.8142 -0.3289
vn 0.4606 0.8164 0.3483
vn -0.8765 -0.4721 -0.0939
vn -0.5544 -0.8021 -0.2220
vn -0.4844 -0.4965 -0.7203
vn 0.1934 0.0037 0.9811
vn 0.4993 0.6767 0.5411
vn 0.5357 0.7918 -0.2935
vn 0.3428 0.5501 0.7615
vn -0.2573 0.9427 0.2125
vn 0.0861 0.3094 0.9470
vn -0.1160 0.3973 0.9103
vn 0.3555 0.5618 0.7470
vn -0.4847 0.0569 0.8728
vn 0.0829 -0.1869 0.9789
vn -0.4207 -0.0716 -0.9044
vn 0.3782 0.9247 -0.0426
vn 0.2601 0.2258 -0.9388
vn 0.0921 0.9240 -0.3711
vn 0.5798 0.1578 -0.7993
vn 0.3767 0.9040 -0.2022
vn 0.3313 0.8319 -0.4453
vn 0.5741 0.0441 -0.8176
vn -0.6827 -0.5845 -0.4385
vn -0.5343 -0.8435 0.0552
vn -0.9655 0.0895 0.2447
vn -0.7024 0.0736 0.7080
vn -0.5892 -0.8030 0.0898
vn -0.8432 0.0862 0.5306
vn -0.0602 0.9873 -0.1471
vn -0.1479 0.5275 0.8366
vn 0.4488 0.8667 -0.2178
vn 0.2120 0.3923 0.8951
vn -0.9203 -0.3906 0.0224
vn -0.7619 0.0094 -0.6476
vn -0.6011 -0.7710 0.2101
vn -0.4630 -0.3066 -0.8317
vn -0.7614 0.1413 0.6327
vn -0.5476 0.7809 -0.3006
vn -0.5476 0.7808 -0.3006
vn -0.7615 0.1412 0.6326
vn -0.8806 0.3619 0.3057
vn -0.8807 0.3618 0.3058
vn -0.5628 0.7576 -0.3307
vn -0.5629 0.7575 -0.3306
vn -0.6730 -0.0530 0.7378
vn -0.6731 -0.0531 0.7377
vn -0.8483 -0.2833 0.4473
vn -0.7611 -0.0484 0.6468
vn -0.7611 -0.0485 0.6468
vn -0.7374 -0.0036 0.6754
vn -0.5682 0.5860 -0.5777
vn -0.5682 0.5859 -0.5778
vn -0.2757 -0.7522 0.5985
vn -0.3060 -0.7615 0.5713
vn -0.3061 -0.7616 0.5712
vn -0.2758 -0.7522 0.5985
vn -0.2008 -0.6896 0.6958
vn -0.5000 -0.8660 -0.0078
vn -0.2008 -0.6897 0.6957
vn 0.0445 0.4620 -0.8858
vn 0.0150 0.4701 -0.8825
vn 0.0151 0.4701 -0.8825
vn 0.0444 0.4619 -0.8858
vn 0.0830 0.5783 -0.8116
vn 0.0830 0.5782 -0.8116
vn -0.3287 -0.7705 0.5461
vn -0.3288 -0.7706 0.5460
vn 0.0488 0.3747 -0.9259
vn 0.0488 0.3746 -0.9259
vn -0.2104 -0.4056 0.8895
vn -0.2105 -0.4057 0.8895
vn -0.3036 -0.0834 -0.9492
vn 0.1888 -0.6611 -0.7262
vn -0.3036 -0.0834 -0.9491
vn 0.1389 -0.7508 -0.6458
vn -0.3985 0.9111 0.1055
vn -0.2611 0.8303 0.4924
vn -0.2611 0.8302 0.4925
vn -0.6249 0.7789 -0.0532
vn 0.5566 0.1500 -0.8171
vn 0.0446 -0.8097 -0.5851
vn -0.7668 -0.6389 0.0615
vn -0.3442 0.6970 -0.6291
vn -0.9318 0.1484 -0.3314
vn 0.2939 0.7787 -0.5542
vn -0.3441 0.6970 -0.6291
vn -0.5681 -0.7910 -0.2271
vn 0.1271 0.3019 -0.9448
vn -0.4280 -0.5470 -0.7194
vn -0.4280 -0.5471 -0.7194
vn -0.6780 -0.6680 -0.3067
vn -0.6218 -0.7832 0.0082
vn -0.4055 -0.6377 0.6549
vn 0.0791 0.1282 0.9886
vn -0.4054 -0.6377 0.6549
vn 0.4600 0.7177 0.5228
vn 0.3932 0.8607 -0.3233
vn -0.0487 -0.9040 -0.4248
vn 0.0366 -0.9869 0.1570
vn 0.0497 -0.8357 -0.5470
vn 0.0654 -0.9978 0.0130
vn 0.3912 -0.7636 0.5137
vn 0.4115 -0.7935 0.4484
vn 0.7952 -0.2626 0.5465
vn 0.7186 -0.4836 0.4998
vn 0.9674 0.0765 0.2414
vn 0.9692 0.0263 0.2447
vn 0.9477 0.1628 -0.2746
vn 0.9693 0.0264 0.2446
vn 0.9344 0.1549 -0.3209
vn 0.6356 -0.0045 -0.7720
vn 0.5976 0.0104 -0.8017
vn 0.1734 -0.4689 -0.8661
vn 0.1714 -0.4704 -0.8657
vn -0.0486 -0.9039 -0.4249
vn 0.0498 -0.8356 -0.5470
vn -0.3807 -0.4089 0.8294
vn -0.2768 -0.4119 0.8682
vn 0.2622 0.3159 0.9119
vn 0.1738 0.1577 0.9721
vn -0.6627 -0.7400 0.1151
vn -0.6253 -0.7379 0.2539
vn -0.6093 -0.5773 -0.5436
vn -0.6352 -0.6225 -0.4572
vn -0.4364 -0.1266 -0.8908
vn -0.4005 -0.1418 -0.9053
vn -0.6093 -0.5772 -0.5437
vn -0.6352 -0.6225 -0.4573
vn -0.0888 0.5117 -0.8546
vn -0.0766 0.3448 -0.9355
vn 0.2796 0.9341 -0.2220
vn 0.3622 0.8108 -0.4598
vn 0.2599 0.8216 0.5074
vn 0.4389 0.7543 0.4883
vn -0.4514 -0.5937 -0.6661
vn -0.1112 -0.6862 -0.7189
vn -0.1569 0.1801 -0.9711
vn -0.1232 -0.0403 -0.9916
vn -0.0189 -0.0542 -0.9983
vn -0.0392 0.7436 -0.6675
vn 0.0578 0.7163 -0.6954
vn 0.0031 -0.4607 0.8875
vn -0.0580 -0.7850 0.6168
vn -0.0035 -0.2499 0.9683
vn 0.0001 -0.8059 0.5920
vn -0.2172 -0.2792 -0.9353
vn -0.1314 0.4621 -0.8770
vn -0.1317 0.6111 -0.7805
vn 0.1639 -0.1037 -0.9810
vn -0.1141 -0.4007 -0.9091
vn -0.0724 -0.6394 -0.7654
vn 0.0676 -0.7975 -0.5995
vn -0.3076 0.0208 -0.9513
vn -0.1236 -0.2932 -0.9480
vn -0.0902 -0.9911 -0.0981
vn -0.0578 -0.9716 -0.2296
vn -0.1191 -0.9565 0.2662
vn -0.2667 0.9624 0.0519
vn -0.2717 0.9621 0.0225
vn -0.0962 0.9192 0.3819
vn -0.3757 0.9171 -0.1333
vn -0.2215 0.7663 0.6031
vn -0.0572 0.9756 0.2118
vn -0.1036 0.7456 -0.6583
vn 0.0568 0.9275 -0.3695
vn -0.1549 0.9582 -0.2403
vn -0.2748 0.7542 -0.5964
vn 0.1545 0.8153 -0.5581
vn -0.0158 0.1635 -0.9864
vn -0.4110 0.8974 -0.1607
vn -0.2285 0.9625 0.1462
vn -0.4191 0.6403 -0.6438
vn -0.4118 0.8726 -0.2626
vn -0.0748 0.9749 0.2095
vn -0.1239 0.9256 -0.3576
vn -0.0368 0.9946 0.0965
vn 0.1208 -0.7800 0.6140
vn -0.0986 -0.9081 0.4071
vn 0.0385 -0.9800 0.1951
vn -0.1066 0.7809 0.6154
vn -0.2670 0.6117 0.7447
vn -0.3172 0.7723 0.5503
vn -0.3418 -0.1721 0.9239
vn -0.3078 -0.8093 0.5003
vn -0.1420 -0.1438 0.9794
vn -0.1238 -0.9113 0.3927
vn -0.0181 -0.3395 0.9404
vn -0.2694 -0.9393 -0.2127
vn 0.1232 -0.9554 -0.2685
vn -0.2668 -0.9014 -0.3410
vn -0.1060 -0.9787 -0.1759
vn -0.1060 -0.9787 -0.1760
vn -0.1231 0.9908 -0.0565
vn 0.2209 0.9706 -0.0954
vn 0.0609 0.7319 0.6787
vn 0.0031 -0.4016 0.9158
vn -0.0107 0.9924 0.1226
vn -0.1711 0.8181 0.5491
vn 0.0697 0.5585 0.8265
vn -0.2214 0.7662 0.6032
vn 0.0537 0.1511 0.9871
vn 0.0697 0.5586 0.8265
vn -0.2480 0.3857 0.8887
vn -0.1216 0.3916 0.9121
vn -0.2670 0.6116 0.7448
vn -0.3171 0.7723 0.5504
vn -0.1573 0.2977 0.9416
vn -0.1066 0.7809 0.6155
vn -0.0056 0.3313 0.9435
vn 0.0609 0.7318 0.6788
vn -0.1053 0.2772 0.9550
vn -0.0602 -0.6700 -0.7399
vn -0.0579 -0.9715 -0.2297
vn -0.0400 -0.9870 -0.1558
vn 0.1651 -0.1700 0.9715
vn -0.0519 -0.7839 0.6187
vn 0.0958 0.9548 0.2813
vn -0.1711 0.8180 0.5491
vn 0.7971 0.1477 -0.5855
vn 0.7669 0.3940 -0.5066
vn 0.6568 0.2192 -0.7215
vn 0.7529 0.4020 -0.5211
vn 0.3198 0.9231 -0.2134
vn 0.2410 0.9448 -0.2219
vn 0.7591 0.5699 -0.3147
vn 0.6183 0.6458 -0.4480
vn -0.2618 0.9363 -0.2343
vn -0.3429 0.8277 -0.4443
vn -0.7001 0.6068 -0.3765
vn -0.6750 0.4649 -0.5730
vn -0.5554 0.4088 -0.7241
vn -0.6358 0.3848 -0.6691
vn -0.0481 0.2537 0.9661
vn 0.0119 -0.2707 0.9626
vn -0.2588 0.2392 0.9359
vn -0.2213 -0.2674 0.9379
vn -0.0435 -0.5460 0.8367
vn -0.4118 -0.5179 0.7498
vn 0.2233 0.8858 0.4069
vn 0.0669 0.6487 0.7581
vn -0.2877 0.9225 0.2574
vn -0.1593 0.6501 0.7430
vn 0.0668 0.6487 0.7581
vn -0.1593 0.6500 0.7430
vn 0.0887 0.7854 -0.6126
vn 0.0672 0.9693 -0.2364
vn 0.1437 0.9518 -0.2709
vn 0.0672 0.9693 -0.2365
vn -0.2382 0.9365 0.2572
vn -0.3082 0.5336 0.7876
vn -0.4301 -0.5145 0.7418
vn -0.1435 -0.5433 0.8271
vn -0.2993 -0.1821 0.9366
vn -0.1288 -0.1648 0.9779
vn -0.4119 -0.5179 0.7497
vn -0.2213 -0.2674 0.9378
vn -0.2879 0.9224 0.2574
vn -0.2589 0.2392 0.9358
vn -0.2791 0.2851 0.9170
vn -0.3165 0.5590 0.7664
vn -0.1594 0.6501 0.7430
vn 0.2234 0.8857 0.4069
vn 0.1380 0.6688 0.7305
vn -0.0161 0.7290 -0.6844
vn 0.0668 0.8048 -0.5898
vn -0.3429 0.8276 -0.4444
vn -0.6751 0.4648 -0.5729
vn -0.6371 0.3916 -0.6639
vn 0.0158 0.5744 -0.8184
vn 0.1379 0.6687 0.7306
vn 0.0232 0.2676 0.9633
vn 0.0231 -0.3661 0.9303
vn -0.0929 -0.5111 0.8545
vn -0.0436 -0.5460 0.8367
vn -0.4466 0.3816 -0.8093
vn -0.8735 0.4087 -0.2646
vn -0.9491 -0.0746 0.3061
vn -0.3051 -0.9065 -0.2918
vn -0.9490 -0.0746 0.3062
vn -0.7131 -0.3824 0.5875
vn -0.3051 -0.9065 -0.2917
vn -0.2423 -0.7976 0.5524
vn 0.1165 0.5499 -0.8271
vn -0.0559 0.5615 -0.8256
vn 0.1597 0.7953 -0.5847
vn 0.0300 0.7892 -0.6134
vn 0.0599 0.9948 0.0827
vn 0.0495 0.9937 0.1008
vn 0.2719 0.9610 -0.0501
vn -0.0060 0.6326 0.7744
vn 0.0053 0.6275 0.7786
vn -0.0123 -0.6068 0.7947
vn 0.0468 0.2407 0.9695
vn -0.0060 0.6325 0.7745
vn -0.0837 0.9877 0.1319
vn -0.1076 0.2289 0.9675
vn 0.0052 0.6275 0.7786
vn -0.2366 0.0441 0.9706
vn -0.0404 0.5988 0.7998
vn -0.0098 0.9900 0.1408
vn -0.0404 0.5989 0.7998
vn -0.2564 -0.4058 0.8773
vn -0.3112 -0.1784 0.9335
vn -0.3193 -0.7515 0.5773
vn -0.1023 -0.9452 -0.3101
vn -0.0865 -0.9956 0.0363
vn -0.1023 -0.9452 -0.3100
vn 0.0327 0.5502 0.8344
vn 0.0327 0.5501 0.8344
vn -0.1686 -0.7348 0.6570
vn -0.0790 -0.0357 0.9962
vn 0.1712 0.9627 -0.2097
vn 0.1475 0.9804 0.1304
vn 0.4311 0.9021 -0.0192
vn 0.4217 0.8712 -0.2514
vn 0.0560 0.7529 0.6557
vn 0.4319 0.7447 0.5088
vn -0.0062 0.0754 0.9971
vn 0.4635 0.0610 0.8840
vn 0.0106 -0.5391 0.8422
vn 0.5149 -0.4294 0.7419
vn 0.1929 0.5419 -0.8180
vn 0.4992 0.4992 -0.7083
vn 0.8845 -0.2798 -0.3734
vn 0.9944 0.1055 0.0047
vn 0.8323 -0.3827 -0.4010
vn 0.9931 0.0993 -0.0625
vn 0.7035 0.5712 0.4229
vn 0.6887 0.5108 0.5146
vn 0.8494 0.4486 -0.2781
vn 0.7054 0.6974 0.1268
vn 0.8055 -0.0082 -0.5925
vn 0.0699 0.9974 0.0185
vn 0.0215 0.8596 0.5105
vn 0.1948 0.9808 0.0070
vn 0.1741 0.8251 0.5375
vn 0.0028 0.6711 0.7413
vn 0.1698 0.6588 0.7329
vn 0.3516 0.7141 -0.6053
vn 0.2174 0.7700 -0.5999
vn 0.2984 0.1085 -0.9482
vn 0.4359 0.0775 -0.8967
vn 0.4753 -0.4224 -0.7718
vn 0.3083 -0.4281 -0.8495
vn 0.4668 -0.6496 -0.6002
vn 0.3013 -0.6905 -0.6576
vn 0.7346 -0.3140 -0.6016
vn 0.3359 -0.7227 -0.6040
vn 0.2580 -0.7935 -0.5512
vn -0.0641 0.5894 0.8053
vn 0.0595 0.6246 0.7787
vn 0.5292 0.6714 0.5188
vn 0.9202 0.3150 -0.2323
vn 0.4889 0.7138 0.5015
vn 0.8598 0.4322 -0.2719
vn 0.6483 -0.2216 -0.7284
vn -0.9889 0.0048 -0.1488
vn -0.9934 -0.0585 -0.0987
vn -0.9884 0.0060 -0.1518
vn -0.9932 -0.0750 -0.0896
vn -0.9847 0.0391 -0.1696
vn -0.9869 0.0214 -0.1602
vn -0.9766 0.0972 -0.1916
vn -0.9830 0.0523 -0.1762
vn -0.9679 0.1288 -0.2159
vn -0.0385 0.6583 0.7518
vn 0.2906 0.8166 0.4987
vn 0.8026 0.4871 -0.3443
vn 0.3718 -0.2823 -0.8844
vn 0.1521 -0.7044 -0.6934
vn 0.1572 -0.7262 -0.6692
vn -0.9896 -0.1385 -0.0394
vn -0.9916 -0.1212 -0.0443
vn -0.1092 0.6031 0.7902
vn 0.0217 -0.6014 -0.7987
vn 0.0089 -0.7042 -0.7099
vn -0.9830 -0.1803 -0.0334
vn -0.9909 -0.1263 -0.0454
vn -0.2574 0.5445 0.7983
vn -0.1723 0.5805 0.7958
vn 0.1113 -0.2033 0.9728
vn -0.1043 0.4949 0.8627
vn -0.1924 -0.1591 0.9683
vn -0.1733 0.4192 0.8912
vn 0.0437 0.8117 0.5824
vn -0.0763 0.3709 0.9255
vn -0.0597 0.8371 0.5437
vn -0.0409 0.4556 0.8892
vn 0.0217 0.9997 0.0105
vn 0.2280 0.9449 0.2350
vn -0.1070 -0.8550 0.5075
vn 0.1337 -0.7729 0.6203
vn -0.2315 0.3813 0.8950
vn -0.4540 0.5374 0.7107
vn -0.3192 0.3751 0.8703
vn -0.0373 0.8188 -0.5729
vn 0.1217 0.8046 -0.5812
vn 0.0241 -0.7350 -0.6777
vn 0.1301 -0.6865 -0.7154
vn 0.0424 -0.6506 -0.7583
vn -0.0022 -0.4919 -0.8706
vn -0.0613 -0.9643 -0.2577
vn -0.1083 -0.9928 -0.0520
vn -0.2721 -0.1330 0.9531
vn -0.2375 -0.1263 0.9631
vn -0.1548 -0.8508 0.5021
vn -0.1333 -0.8695 0.4755
vn 0.0191 -0.9391 -0.3431
vn 0.0388 -0.9495 -0.3114
vn -0.1111 -0.8035 -0.5848
vn -0.0446 -0.7774 -0.6274
vn 0.1669 0.7327 -0.6598
vn 0.4108 0.7637 -0.4980
vn 0.1102 -0.0510 -0.9926
vn 0.2884 0.0145 -0.9574
vn 0.1190 -0.6387 -0.7602
vn 0.1151 -0.4171 -0.9015
vn -0.0540 -0.7488 -0.6606
vn -0.0293 0.6514 0.7581
vn -0.1111 -0.8035 -0.5849
vn -0.0388 -0.9618 -0.2711
vn -0.1112 -0.8035 -0.5848
vn -0.1043 0.4948 0.8627
vn -0.9881 0.0171 -0.1530
vn -0.9886 0.0121 -0.1503
vn -0.9882 0.0165 -0.1526
vn -0.9889 0.0105 -0.1480
vn -0.9879 0.0210 -0.1538
vn -0.9875 0.0224 -0.1560
vn -0.9881 0.0191 -0.1528
vn -0.0509 -0.3169 0.9471
vn 0.1114 -0.2033 0.9728
vn -0.1172 -0.7360 0.6667
vn 0.1338 -0.7729 0.6203
vn -0.2434 -0.9018 0.3570
vn -0.2045 -0.6971 0.6871
vn -0.1730 -0.1781 0.9687
vn -0.0784 -0.9738 0.2135
vn 0.0569 -0.9908 -0.1226
vn 0.1190 -0.6388 -0.7602
vn -0.1129 -0.9733 -0.1999
vn -0.0761 -0.6348 -0.7689
vn -0.1667 -0.8437 0.5103
vn -0.0565 -0.7557 0.6525
vn -0.0786 -0.0577 0.9952
vn 0.4109 0.7637 -0.4980
vn 0.0479 0.4051 -0.9130
vn 0.0361 0.6094 -0.7920
vn -0.0560 0.5615 -0.8256
vn -0.1903 0.8008 -0.5679
vn -0.4466 0.3814 -0.8094
vn -0.2824 0.9272 0.2459
vn -0.2864 0.7405 0.6080
vn -0.8735 0.4087 -0.2645
vn -0.9490 -0.0747 0.3063
vn -0.3773 0.0151 0.9260
vn -0.9491 -0.0746 0.3062
vn -0.7132 -0.3825 0.5875
vn -0.0853 -0.3557 0.9307
vn 0.0889 -0.6419 0.7616
vn -0.0929 -0.5110 0.8545
vn -0.0131 -0.7626 0.6467
vn 0.0579 -0.8597 0.5075
vn 0.1530 -0.9864 -0.0600
vn 0.0490 -0.9891 -0.1385
vn 0.0324 -0.8912 -0.4525
vn 0.0544 -0.3605 -0.9312
vn 0.0929 -0.5437 -0.8341
vn -0.0701 -0.4275 0.9013
vn -0.0997 -0.8747 0.4743
vn 0.0794 -0.8919 0.4452
vn -0.1625 -0.7820 0.6018
vn 0.1715 -0.9835 -0.0568
vn 0.1238 -0.9916 -0.0388
vn -0.2514 0.1928 0.9485
vn -0.0366 0.2370 -0.9708
vn -0.1095 0.1224 -0.9864
vn 0.0980 -0.8841 0.4569
vn 0.1096 -0.9925 -0.0538
vn 0.4248 0.8771 -0.2241
vn 0.1398 0.4491 0.8825
vn 0.1580 0.4684 0.8693
vn 0.4218 0.8734 -0.2435
vn -0.4102 -0.3569 -0.8393
vn 0.0583 0.3689 -0.9277
vn 0.0583 0.3690 -0.9276
vn -0.2353 -0.3834 0.8931
vn -0.5866 -0.7747 0.2361
vn -0.3666 -0.5465 -0.7530
vn -0.2868 -0.1156 -0.9510
vn 0.3087 0.5804 0.7535
vn 0.1116 -0.1708 0.9790
vn 0.1377 -0.1774 0.9745
vn 0.3586 0.5641 0.7438
vn 0.3264 0.9439 -0.0502
vn 0.3868 0.9174 -0.0938
vn 0.1496 0.5217 -0.8399
vn 0.1496 0.5218 -0.8399
vn -0.2489 -0.8180 0.5186
vn -0.4662 -0.8327 -0.2988
vn -0.2489 -0.8179 0.5187
vn -0.7381 -0.3988 -0.5443
vn -0.4572 -0.7945 -0.3997
vn -0.6199 0.1057 -0.7775
vn 0.1029 -0.1756 0.9791
vn 0.2936 0.5906 0.7517
vn 0.2623 0.9633 -0.0567
vn -0.3522 0.8371 0.4186
vn 0.0997 0.6067 -0.7887
vn 0.0996 0.6067 -0.7887
vn -0.2830 -0.8121 0.5103
vn -0.2830 -0.8121 0.5102
vn 0.1652 0.4966 0.8521
vn 0.4016 0.8682 -0.2916
vn -0.4123 -0.3622 -0.8360
vn -0.5861 -0.7736 0.2408
vn 0.0574 0.3667 -0.9286
vn 0.0573 0.3667 -0.9286
vn -0.2413 -0.4081 0.8805
vn -0.2413 -0.4081 0.8804
vn -0.6440 -0.6561 -0.3935
vn -0.4942 -0.2630 -0.8286
vn -0.5787 -0.7728 0.2607
vn -0.6440 -0.6561 -0.3933
vn 0.6190 0.6669 0.4149
vn 0.2987 0.1907 0.9351
vn 0.4866 0.7361 -0.4705
vn -0.0477 0.3118 -0.9490
vn -0.1702 -0.4426 0.8804
vn -0.5263 -0.7878 0.3200
vn 0.3519 0.2214 0.9095
vn -0.0929 -0.4280 0.8990
vn -0.0629 -0.7207 0.6904
vn 0.0002 -0.6984 0.7157
vn 0.3555 -0.8793 0.3169
vn 0.4176 -0.8764 0.2400
vn 0.5901 -0.4170 -0.6913
vn 0.6050 -0.3815 -0.6988
vn 0.3251 -0.0453 -0.9446
vn 0.4550 0.0335 -0.8899
vn -0.1224 0.3797 -0.9170
vn 0.0090 0.5581 -0.8297
vn 0.8228 -0.2008 -0.5317
vn 0.4286 0.0480 -0.9022
vn 0.0120 0.6726 -0.7399
vn -0.5338 0.7290 -0.4286
vn -0.5362 0.8136 -0.2249
vn -0.1176 0.0570 -0.9914
vn 0.9459 -0.3201 0.0529
vn 0.8341 -0.5490 -0.0541
vn 0.9129 0.0220 -0.4075
vn 0.8229 -0.2007 -0.5316
vn 0.5241 -0.6020 0.6024
vn 0.4617 -0.7665 0.4464
vn -0.1219 -0.7265 0.6763
vn 0.4616 -0.7666 0.4464
vn 0.6844 0.1550 -0.7124
vn 0.5946 0.2206 -0.7732
vn -0.1177 0.0569 -0.9914
vn -0.5345 0.0152 -0.8450
vn 0.1571 -0.1403 -0.9776
vn 0.0343 -0.5521 -0.8330
vn -0.8094 0.3305 0.4854
vn -0.7400 0.5478 0.3903
vn -0.5395 -0.2201 0.8127
vn -0.5750 -0.0893 0.8132
vn -0.9225 -0.2946 0.2492
vn -0.5389 -0.5627 0.6269
vn -0.6150 -0.7781 0.1279
vn -0.3604 -0.6330 0.6852
vn 0.5826 0.1074 -0.8057
vn 0.7010 0.0838 -0.7082
vn 0.4648 -0.0762 -0.8821
vn 0.4287 0.0481 -0.9022
vn -0.0217 -0.6428 0.7658
vn 0.2351 -0.4588 -0.8569
vn 0.8340 -0.5491 -0.0541
vn 0.6191 -0.7672 -0.1678
vn -0.0485 -0.6510 0.7575
vn -0.8041 -0.2597 -0.5348
vn -0.1243 -0.9083 -0.3994
vn -0.8042 -0.2597 -0.5347
vn -0.1242 -0.9083 -0.3995
vn 0.6207 -0.7429 -0.2508
vn 0.5780 0.0766 -0.8124
vn 0.4458 -0.8569 0.2587
vn 0.7227 -0.5481 -0.4210
vn -0.9225 -0.2947 0.2491
vn -0.5389 -0.5626 0.6270
vn -0.7843 0.6204 0.0087
vn -0.8041 -0.2597 -0.5347
vn -0.5344 0.0151 -0.8451
vn -0.8041 -0.2598 -0.5347
vn -0.7842 0.6204 0.0087
vn -0.7400 0.5478 0.3902
vn -0.0433 -0.9480 -0.3154
vn 0.1391 -0.5923 -0.7936
vn -0.2699 -0.9629 0.0021
vn 0.1543 -0.4015 -0.9027
vn 0.1410 -0.5433 -0.8276
vn 0.1477 -0.2211 -0.9640
vn -0.0614 -0.9483 -0.3112
vn -0.1400 -0.9625 0.2322
vn -0.0615 -0.9483 -0.3113
vn 0.3402 -0.1554 -0.9274
vn 0.1375 0.2435 -0.9601
vn 0.4161 -0.1442 -0.8978
vn -0.1358 -0.1506 -0.9792
vn -0.0537 -0.1945 -0.9794
vn 0.7972 0.1477 -0.5854
vn -0.5960 0.1377 -0.7911
vn -0.5961 0.1377 -0.7910
vn -0.1763 -0.7662 0.6180
vn 0.0351 -0.7514 0.6589
vn -0.1492 -0.9764 0.1564
vn 0.0809 -0.9795 0.1843
vn -0.0109 -0.9588 -0.2840
vn 0.1473 -0.9385 -0.3123
vn 0.1703 -0.1744 -0.9698
vn -0.1357 -0.1505 -0.9792
vn 0.2264 -0.1889 -0.9556
vn -0.1726 -0.9691 -0.1760
vn -0.0955 -0.6458 -0.7575
vn -0.1727 -0.9691 -0.1760
vn -0.0686 -0.8326 0.5497
vn -0.2427 -0.8099 0.5341
vn -0.1424 -0.6444 -0.7513
vn -0.1650 -0.9807 0.1053
vn -0.1794 -0.9614 -0.2086
vn -0.1794 -0.9614 -0.2085
vn -0.1423 -0.6444 -0.7513
vn 0.3445 -0.6964 -0.6296
vn -0.7468 0.5437 0.3830
vn -0.5796 0.8025 -0.1417
vn -0.7626 0.5690 0.3078
vn -0.5120 0.8089 -0.2890
vn -0.7626 0.5690 0.3079
vn -0.6985 -0.0071 0.7155
vn -0.7468 0.5436 0.3831
vn -0.6466 0.0094 0.7627
vn 0.7346 -0.5639 -0.3774
vn 0.3970 -0.8821 0.2537
vn 0.5930 -0.6643 -0.4551
vn 0.2641 -0.9139 0.3082
vn 0.5327 0.1859 -0.8256
vn 0.3693 0.1374 -0.9191
vn -0.1027 0.6600 -0.7442
vn -0.0760 0.7240 -0.6856
vn -0.1500 -0.6358 0.7571
vn -0.2555 -0.6536 0.7124
vn -0.5943 -0.0337 0.8035
vn 0.4501 -0.8677 0.2111
vn -0.0730 -0.6490 0.7573
vn -0.5486 0.2901 -0.7842
vn -0.5487 0.2900 -0.7841
vn -0.6359 0.3847 -0.6690
vn -0.1357 -0.1506 -0.9792
vn 0.0351 -0.7515 0.6588
vn 0.1474 -0.9385 -0.3123
vn 0.1473 -0.9385 -0.3124
vn 0.2834 -0.6858 -0.6703
vn 0.2167 -0.6590 -0.7203
vn 0.2234 -0.0273 -0.9743
vn 0.3446 -0.6964 -0.6295
vn 0.0172 0.1203 -0.9926
vn 0.1818 0.0585 -0.9816
vn 0.2233 -0.6723 -0.7058
vn 0.1489 -0.6914 -0.7070
vn 0.1715 -0.9835 -0.0569
vn 0.1238 -0.9915 -0.0389
vn 0.1096 -0.9925 -0.0539
vn -0.0938 -0.5077 -0.8564
vn 0.1690 -0.0411 -0.9848
vn 0.1990 0.6139 -0.7639
vn 0.0691 -0.7728 -0.6309
vn 0.1889 -0.5198 -0.8332
vn 0.0053 0.7669 -0.6418
vn -0.1700 0.8261 -0.5373
vn 0.2916 0.2179 -0.9314
vn 0.1683 0.2871 -0.9430
vn -0.1853 0.3375 -0.9229
vn -0.0669 0.8391 -0.5398
vn -0.3142 0.7612 -0.5673
vn -0.2661 0.9636 0.0259
vn -0.1665 0.9810 0.1000
vn -0.0730 -0.5488 0.8328
vn 0.0391 -0.2769 0.9601
vn -0.1168 -0.3196 0.9403
vn 0.0917 -0.3416 0.9354
vn 0.2983 -0.2333 0.9255
vn -0.1501 -0.6089 0.7789
vn 0.0311 -0.1951 0.9803
vn -0.4847 -0.8581 0.1694
vn 0.1256 -0.9029 0.4110
vn 0.2629 -0.9585 -0.1106
vn -0.4242 -0.8787 -0.2189
vn -0.1512 0.9884 -0.0125
vn -0.1551 0.8705 0.4671
vn -0.1692 0.8417 0.5127
vn -0.0782 0.2927 0.9530
vn 0.0778 0.0886 0.9930
vn -0.3327 0.7047 0.6266
vn -0.1693 0.8417 0.5128
vn -0.0313 0.5255 0.8502
vn -0.1551 0.8705 0.4672
vn -0.1620 0.8173 0.5529
vn -0.2107 0.3007 0.9301
vn -0.1301 -0.2246 0.9657
vn -0.1177 -0.2521 0.9605
vn -0.2620 -0.0838 0.9614
vn -0.2065 -0.2932 0.9335
vn 0.0451 -0.4856 0.8730
vn 0.0055 -0.8877 0.4603
vn -0.1620 0.8174 0.5529
vn -0.1842 0.9827 -0.0172
vn -0.1221 0.3341 -0.9346
vn -0.2849 0.8176 -0.5004
vn 0.2688 0.2763 -0.9227
vn -0.1443 0.7708 -0.6205
vn 0.1563 -0.9866 0.0478
vn 0.3586 -0.9331 0.0281
vn 0.2423 -0.6928 0.6792
vn -0.0391 -0.8707 0.4903
vn 0.0591 -0.3582 0.9318
vn 0.1098 -0.6372 0.7628
vn -0.1741 0.3143 0.9332
vn -0.1689 0.2351 0.9572
vn -0.2318 0.7701 0.5943
vn 0.1402 -0.8740 0.4653
vn -0.1723 0.9708 0.1669
vn -0.2433 0.7995 0.5493
vn -0.1182 0.9688 0.2180
vn -0.2318 0.7702 0.5943
vn 0.1637 0.0706 -0.9840
vn -0.0800 -0.0185 -0.9966
vn 0.3105 0.0246 -0.9503
vn -0.0476 -0.1158 -0.9921
vn 0.1736 -0.4084 -0.8962
vn 0.3763 -0.1208 -0.9186
vn -0.1464 0.7798 -0.6087
vn -0.2539 0.3251 -0.9110
vn -0.2452 -0.9262 -0.2865
vn 0.1876 -0.9617 -0.2001
vn -0.3779 0.0464 -0.9247
vn -0.0841 -0.8696 -0.4865
vn 0.1821 -0.4701 -0.8636
vn 0.3425 -0.8126 -0.4716
vn 0.0674 -0.9842 -0.1639
vn 0.2055 -0.7614 -0.6148
vn -0.0841 -0.8697 -0.4864
vn -0.3517 -0.5194 -0.7788
vn -0.0939 -0.8834 -0.4590
vn -0.0695 -0.7869 -0.6132
vn 0.1741 -0.7046 -0.6879
vn -0.0939 -0.8834 -0.4591
vn 0.1317 -0.9157 -0.3797
vn -0.0044 -0.7401 -0.6725
vn 0.0673 -0.9842 -0.1640
vn 0.2227 -0.0829 -0.9714
vn -0.4109 0.1349 -0.9016
vn 0.0125 -0.2282 -0.9735
vn -0.1678 0.9633 0.2094
vn -0.1634 0.8015 0.5752
vn -0.1544 0.1258 0.9800
vn -0.2607 -0.4135 0.8724
vn -0.2030 0.8220 -0.5320
vn -0.3109 0.9450 0.1014
vn -0.1635 0.8015 0.5752
vn -0.2119 0.7117 0.6698
vn 0.0491 -0.9891 -0.1386
vn -0.2119 0.7116 0.6698
vn 0.1529 -0.9864 -0.0601
vn -0.3809 0.9159 0.1266
vn -0.2210 0.7694 0.5993
vn -0.2433 0.7994 0.5493
vn -0.2210 0.7693 0.5994
vn 0.4669 0.6964 0.5450
vn 0.4669 0.8649 -0.1844
vn 0.0865 0.6146 -0.7841
vn 0.1270 0.3020 -0.9448
vn -0.4464 0.1141 -0.8876
vn -0.8367 -0.3426 -0.4272
vn -0.6781 -0.6679 -0.3067
vn -0.8234 -0.4974 0.2733
vn -0.6218 -0.7831 0.0082
vn -0.3804 -0.3080 0.8720
vn 0.2005 0.2501 0.9472
vn 0.9841 0.1500 -0.0954
vn 0.4217 0.8712 -0.2515
vn 0.5149 -0.4294 0.7420
vn -0.1451 -0.8500 0.5063
vn -0.3076 -0.8094 0.5003
vn -0.2693 -0.9393 -0.2127
vn -0.3417 -0.1721 0.9239
vn -0.1605 -0.2068 0.9651
vn -0.1214 0.3916 0.9121
vn -0.0191 0.2961 0.9550
vn -0.3171 0.7724 0.5504
vn -0.1793 0.8948 0.4088
vn -0.4109 0.8974 -0.1607
vn -0.3056 0.9462 -0.1063
vn -0.4190 0.6403 -0.6438
vn -0.3075 0.0208 -0.9513
vn -0.0959 0.6826 -0.7245
vn -0.0461 0.0121 -0.9989
vn -0.0288 0.6922 -0.7212
vn 0.0365 0.9934 -0.1089
vn -0.1197 0.9330 0.3394
vn 0.0005 0.9958 -0.0914
vn -0.1574 0.9819 0.1054
vn -0.5178 0.8555 -0.0019
vn -0.2287 0.9650 0.1281
vn -0.3364 0.3178 0.8865
vn -0.3106 0.9204 0.2374
vn -0.5929 0.1432 0.7924
vn -0.6533 0.7541 -0.0664
vn -0.2721 0.9176 -0.2898
vn -0.0152 0.3014 0.9534
vn 0.0309 0.9623 0.2703
vn -0.2325 0.8986 -0.3721
vn -0.1831 0.1096 0.9770
vn -0.1898 0.3430 0.9200
vn -0.1758 -0.3420 0.9231
vn -0.1945 -0.2116 0.9578
vn 0.4073 0.9110 0.0646
vn 0.2263 0.0443 0.9731
vn -0.1809 -0.3357 0.9245
vn -0.1866 0.1055 0.9768
vn 0.6066 0.1634 0.7781
vn -0.8017 0.1488 0.5789
vn 0.3057 0.9521 0.0101
vn 0.3505 0.6688 -0.6557
vn -0.6482 0.7489 -0.1379
vn -0.3586 0.6320 -0.6870
vn -0.7915 -0.0805 0.6058
vn -0.6819 0.5098 -0.5246
vn -0.8340 -0.2639 0.4845
vn -0.7916 -0.0804 0.6058
vn -0.9870 -0.0248 -0.1586
vn 0.3977 -0.4371 0.8067
vn 0.9831 0.0180 0.1821
vn 0.6574 -0.1884 0.7296
vn 0.8432 0.4723 -0.2567
vn 0.6574 -0.1884 0.7297
vn 0.6387 0.7451 -0.1923
vn 0.8433 0.4723 -0.2566
vn 0.7115 0.6969 0.0897
vn 0.6510 0.4444 -0.6154
vn -0.5991 0.3251 -0.7317
vn -0.9584 0.2156 -0.1873
vn -0.5991 0.3250 -0.7318
vn -0.6232 0.6135 -0.4850
vn -0.6819 0.5097 -0.5245
vn -0.3206 0.2525 0.9129
vn 0.0109 0.2365 0.9716
vn 0.1279 -0.4960 -0.8589
vn 0.1280 -0.4959 -0.8589
vn 0.1281 -0.4958 -0.8589
vn -0.0761 -0.6348 -0.7690
vn -0.3327 0.7048 0.6266
vn -0.0757 0.8394 0.5382
vn 0.9502 0.0243 0.3108
vn 0.7816 0.0314 0.6230
vn 0.9664 0.2275 0.1195
vn 0.8311 0.5556 0.0259
vn 0.8943 -0.1451 -0.4234
vn 0.9940 -0.0782 -0.0765
vn 0.4707 0.8198 0.3260
vn -0.0697 0.8450 0.5301
vn -0.0718 0.8403 0.5373
vn -0.0750 0.8386 0.5396
vn -0.0751 0.8390 0.5390
vn -0.0728 0.8387 0.5397
vn -0.0737 0.8394 0.5386
vn 0.9664 0.2275 0.1194
vn 0.9940 -0.0782 -0.0766
vn 0.9183 0.3926 0.0505
vn 0.9618 -0.0895 -0.2587
vn 0.4020 0.5486 0.7331
vn 0.4707 0.8199 0.3260
vn 0.5961 -0.5701 -0.5654
vn 0.9677 -0.1700 0.1862
vn 0.8274 -0.4765 0.2973
vn -0.4460 0.4543 -0.7712
vn 0.0349 0.5417 -0.8398
vn 0.8661 -0.4275 0.2591
vn 0.8230 0.0508 0.5658
vn 0.5269 -0.8357 -0.1546
vn -0.2343 -0.5397 0.8086
vn -0.2059 -0.5413 0.8152
vn 0.1491 0.5433 -0.8262
vn -0.4302 0.4595 -0.7770
vn -0.8579 0.2203 -0.4642
vn -0.9870 0.0135 -0.1600
vn -0.9870 0.0136 -0.1599
vn -0.5981 0.3937 -0.6981
vn -0.2365 0.5093 -0.8275
vn -0.7982 -0.3746 0.4719
vn -0.4773 -0.5044 0.7195
vn -0.7981 -0.3746 0.4719
vn -0.9662 -0.1953 0.1686
vn -0.9870 0.0135 -0.1599
vn 0.1415 0.5434 -0.8275
vn -0.1728 0.8366 0.5198
vn -0.5637 -0.4815 0.6711
vn -0.5637 -0.4812 0.6713
vn -0.6510 -0.5681 -0.5035
vn -0.7567 0.6047 0.2485
vn -0.6339 -0.4954 -0.5939
vn -0.7380 0.6587 0.1463
vn 0.0899 -0.7785 -0.6212
vn -0.6510 -0.5680 -0.5035
vn -0.6339 -0.4954 -0.5940
vn 0.6718 0.6402 0.3726
vn 0.6551 0.5858 0.4771
vn 0.7759 -0.5133 -0.3668
vn 0.7609 -0.5875 -0.2753
vn -0.0606 0.8912 0.4495
vn 0.6552 0.5858 0.4770
vn 0.6719 0.6402 0.3725
vn 0.7610 -0.5874 -0.2753
vn 0.1117 -0.7675 -0.6313
vn 0.0964 -0.7833 -0.6142
vn -0.5618 -0.3849 -0.7323
vn -0.6372 -0.4649 -0.6146
vn -0.7392 0.6645 0.1097
vn -0.0542 0.8876 0.4574
vn -0.6637 0.7480 -0.0058
vn -0.0384 0.8986 0.4370
vn -0.7568 0.6046 0.2485
vn -0.7381 0.6586 0.1464
vn 0.3770 0.5238 -0.7638
vn 0.2487 0.5393 -0.8045
vn 0.3768 0.5241 -0.7638
vn 0.2483 0.5398 -0.8044
vn 0.7655 -0.4648 -0.4450
vn 0.7639 -0.5366 -0.3585
vn -0.5420 0.5755 -0.6124
vn -0.3335 0.9425 0.0230
vn -0.5035 0.8492 0.1590
vn -0.0365 0.9514 0.3059
vn -0.5035 0.8492 0.1591
vn -0.0178 0.6569 -0.7538
vn -0.0542 0.6100 -0.7906
vn 0.0348 0.6906 -0.7224
vn 0.5755 -0.6227 -0.5301
vn 0.1002 -0.7266 -0.6797
vn 0.5757 -0.6227 -0.5299
vn -0.3949 -0.6093 -0.6876
vn -0.3951 -0.6093 -0.6875
vn 0.4464 0.8069 0.3868
vn 0.8292 0.5000 0.2499
vn 0.4466 0.8069 0.3866
vn 0.8291 0.5001 0.2499
vn -0.5239 0.8204 0.2292
vn -0.5240 0.8203 0.2292
vn -0.0487 0.9242 0.3789
vn -0.3240 0.2168 -0.9209
vn -0.4276 0.4736 -0.7700
vn -0.6739 0.1529 -0.7229
vn -0.9449 0.1121 -0.3075
vn -0.9449 0.1121 -0.3076
vn -0.8520 0.5231 -0.0219
vn -0.8520 0.5230 -0.0219
vn -0.7776 -0.3025 -0.5513
vn -0.7776 -0.3025 -0.5512
vn 0.6920 -0.1704 -0.7015
vn 0.4139 0.0423 -0.9093
vn -0.0648 -0.3359 -0.9397
vn 0.1750 -0.0101 -0.9845
vn -0.9449 0.1120 -0.3077
vn -0.9449 0.1119 -0.3076
vn 0.9963 0.0854 0.0069
vn 0.9963 0.0856 0.0067
vn 0.9035 -0.3253 -0.2792
vn 0.9035 -0.3250 -0.2794
vn 0.4501 0.8361 0.3135
vn 0.4500 0.8362 0.3135
vn 0.8258 0.5346 0.1796
vn 0.8258 0.5346 0.1795
vn 0.8989 -0.2760 -0.3403
vn 0.5767 -0.5681 -0.5871
vn 0.5767 -0.5681 -0.5870
vn -0.3810 0.6800 -0.6264
vn -0.4275 0.4711 -0.7715
vn 0.0929 0.5660 -0.8192
vn 0.0877 0.5433 -0.8349
vn -0.7527 -0.2537 -0.6075
vn -0.7526 -0.2537 -0.6076
vn -0.9169 0.1535 -0.3684
vn -0.9169 0.1536 -0.3685
vn -0.9169 0.1536 -0.3684
vn -0.8257 0.5572 -0.0876
vn -0.8258 0.5571 -0.0876
vn 0.9901 0.1275 -0.0595
vn 0.9900 0.1275 -0.0595
vn 0.9900 0.1276 -0.0594
vn 0.0970 0.5204 -0.8484
vn 0.1181 0.5035 -0.8559
vn -0.1318 0.0625 -0.9893
vn -0.3767 -0.5551 -0.7416
vn -0.3768 -0.5551 -0.7415
vn 0.6171 0.2263 -0.7536
vn 0.8397 0.4838 -0.2466
vn 0.6637 0.4328 -0.6101
vn -0.5261 0.8071 -0.2679
vn -0.3809 0.6800 -0.6265
vn 0.5602 0.6894 -0.4592
vn 0.1416 0.5434 -0.8275
vn 0.3679 0.8437 -0.3909
vn 0.0610 0.9164 -0.3956
vn 0.1645 0.5817 -0.7966
vn 0.1372 0.5881 -0.7970
vn 0.1097 -0.6703 -0.7340
vn 0.1454 0.4970 -0.8555
vn 0.1717 0.5028 -0.8472
vn 0.4139 0.0422 -0.9093
vn 0.6172 0.2263 -0.7536
vn 0.1898 0.5192 -0.8333
vn -0.1778 0.8642 -0.4707
vn 0.1110 0.5824 -0.8053
vn 0.6635 0.4352 -0.6086
vn 0.1949 0.5418 -0.8176
vn 0.2307 0.9726 -0.0299
vn 0.1949 0.5419 -0.8176
vn 0.6637 0.4327 -0.6101
vn 0.1857 0.5647 -0.8041
vn -0.4277 0.4736 -0.7700
vn 0.3679 0.8437 -0.3910
vn 0.0611 0.9164 -0.3956
vn -0.1777 0.8642 -0.4707
vn 0.2998 0.6279 -0.7183
vn 0.3326 0.5740 -0.7483
vn 0.2415 0.6746 -0.6976
vn 0.1763 0.6993 -0.6927
vn 0.1072 0.7064 -0.6997
vn 0.3310 0.4528 -0.8279
vn 0.2947 0.4061 -0.8650
vn 0.3451 0.5155 -0.7843
vn 0.3326 0.5739 -0.7483
vn -0.0683 0.5473 -0.8341
vn -0.0557 0.4890 -0.8705
vn -0.0230 0.4349 -0.9002
vn -0.0557 0.4891 -0.8704
vn -0.0683 0.5474 -0.8341
vn 0.1696 0.3564 -0.9188
vn 0.1005 0.3637 -0.9261
vn 0.2421 0.3723 -0.8960
vn 0.3452 0.5155 -0.7843
vn 0.0353 0.3882 -0.9209
vn -0.7581 0.6053 0.2425
vn 0.7579 -0.5911 -0.2758
vn 0.6616 0.6902 0.2932
vn 0.6577 0.6409 0.3957
vn 0.7654 -0.4648 -0.4451
vn 0.7638 -0.5367 -0.3585
vn -0.6372 -0.4650 -0.6146
vn -0.7391 0.6646 0.1098
vn -0.5617 -0.3849 -0.7323
vn -0.6637 0.7480 -0.0057
vn 0.1462 0.5434 -0.8266
vn 0.2779 0.5359 -0.7972
vn 0.1465 0.5432 -0.8267
vn 0.2781 0.5357 -0.7973
vn 0.0121 0.5409 -0.8410
vn 0.0119 0.5411 -0.8409
vn 0.6516 0.5875 0.4799
vn 0.7579 -0.5912 -0.2759
vn 0.6578 0.6409 0.3957
vn 0.6617 0.6901 0.2932
vn -0.6842 0.7270 0.0585
vn -0.0579 0.8981 0.4359
vn 0.4981 0.4995 -0.7089
vn 0.4981 0.4995 -0.7088
vn -0.5791 -0.4370 -0.6883
vn -0.6841 0.7270 0.0586
vn -0.6527 -0.5631 -0.5068
vn -0.7581 0.6054 0.2425
vn 0.0922 -0.7686 -0.6330
vn -0.5792 -0.4369 -0.6882
vn 0.6457 0.7135 0.2721
vn 0.6456 0.7136 0.2720
vn 0.7510 -0.4560 -0.4775
vn 0.7511 -0.4560 -0.4774
vn 0.1082 0.7754 0.6221
vn 0.1081 0.7754 0.6221
vn 0.5242 0.1721 0.8340
vn 0.6709 -0.5139 0.5346
vn 0.6708 -0.5139 0.5346
vn -0.3953 -0.1106 -0.9119
vn -0.5420 0.5754 -0.6125
vn 0.0207 -0.7139 -0.6999
vn 0.0207 -0.7139 -0.7000
vn 0.4624 -0.8809 -0.1008
vn 0.6709 -0.5140 0.5346
vn 0.8194 0.3864 -0.4235
vn 0.8285 0.3438 -0.4421
vn 0.7924 0.3783 -0.4786
vn 0.7662 0.4342 -0.4738
vn 0.7935 0.4238 -0.4367
vn 0.7532 0.4114 -0.5132
vn 0.7623 0.3689 -0.5318
vn 0.7881 0.3314 -0.5186
vn 0.8155 0.3211 -0.4815
vn 0.6420 -0.1872 0.7435
vn 0.6420 -0.1873 0.7435
vn 0.6085 -0.7571 0.2376
vn 0.8077 0.4074 -0.4261
vn 0.8266 0.3641 -0.4291
vn 0.8246 0.3287 -0.4605
vn 0.7790 0.4333 -0.4533
vn 0.7571 0.4265 -0.4948
vn 0.7551 0.3911 -0.5262
vn 0.7739 0.3479 -0.5291
vn 0.8027 0.3220 -0.5019
vn 0.3374 0.5105 0.7909
vn 0.6419 -0.1872 0.7435
vn 0.6419 -0.1872 0.7436
vn -0.1267 0.9274 0.3520
vn -0.1268 0.9274 0.3520
vn -0.0222 -0.8339 -0.5514
vn -0.4786 0.8192 -0.3161
vn -0.5120 0.2493 -0.8220
vn -0.2075 -0.4485 -0.8694
vn -0.5120 0.2492 -0.8220
vn 0.2566 -0.8654 -0.4304
vn 0.2566 -0.8654 -0.4305
vn -0.6528 -0.5631 -0.5068
vn 0.6516 0.5874 0.4799
vn -0.1403 -0.6419 -0.7538
vn -0.1401 -0.6419 -0.7539
vn -0.8667 -0.0588 -0.4953
vn -0.8667 -0.0587 -0.4953
vn -0.6904 0.7218 0.0476
vn 0.2125 0.9192 0.3316
vn -0.6905 0.7218 0.0475
vn 0.2124 0.9192 0.3316
vn 0.9390 0.3360 0.0729
vn 0.7627 -0.4445 -0.4698
vn 0.0130 -0.7077 -0.7064
vn 0.0378 -0.8346 0.5496
vn 0.0518 -0.4492 0.8919
vn 0.0535 -0.9986 -0.0030
vn 0.0171 -0.9838 -0.1782
vn -0.0902 -0.9911 -0.0982
vn 0.0536 -0.9986 -0.0031
vn 0.0172 -0.9838 -0.1783
vn 0.0757 -0.8394 -0.5382
vn 0.0757 -0.8394 -0.5383
vn 0.0817 -0.8336 -0.5463
vn 0.5961 -0.5701 -0.5653
vn 0.0796 -0.8384 -0.5392
vn 0.0777 -0.8394 -0.5379
vn 0.0763 -0.8398 -0.5375
vn 0.0786 -0.8400 -0.5368
vn 0.0764 -0.8402 -0.5369
vn 0.5269 -0.8358 -0.1546
vn 0.1617 -0.5815 0.7973
vn 0.8042 -0.2678 0.5307
vn 0.9870 -0.0135 0.1599
vn -0.5637 -0.4813 0.6713
vn 0.8042 -0.2677 0.5307
vn 0.6184 0.6457 -0.4480
vn 0.0739 0.5430 -0.8365
vn 0.7529 0.4021 -0.5210
vn -0.2381 -0.7360 -0.6338
vn -0.2694 -0.9392 -0.2128
vn 0.1232 -0.9553 -0.2686
vn -0.2380 -0.7360 -0.6338
vn -0.2381 -0.7359 -0.6338
vn -0.6387 -0.5111 -0.5752
vn -0.4999 -0.2707 -0.8227
vn 0.7490 -0.5881 -0.3052
vn 0.7475 -0.3000 -0.5926
vn 0.7489 -0.5882 -0.3052
vn 0.7474 -0.3001 -0.5927
vn 0.6407 0.6116 0.4642
vn 0.6525 0.7533 0.0828
vn 0.6525 0.7532 0.0828
vn -0.5956 0.7906 -0.1422
vn 0.6408 0.6115 0.4641
vn -0.7432 0.6477 0.1678
vn -0.1337 0.7521 -0.6453
vn 0.3506 0.7455 -0.5669
vn -0.0892 0.2584 -0.9619
vn 0.3951 0.2518 -0.8834
vn -0.7431 0.6477 0.1679
vn -0.5956 0.7906 -0.1421
vn -0.6386 -0.5112 -0.5752
vn -0.4998 -0.2708 -0.8227
vn 0.5931 0.7960 -0.1209
vn 0.6776 -0.1410 -0.7218
vn -0.5031 0.8110 -0.2986
vn -0.4186 -0.1260 -0.8994
vn -0.7337 0.6559 0.1775
vn -0.6274 -0.5220 -0.5778
vn -0.4186 -0.1259 -0.8994
vn 0.5931 0.7960 -0.1210
vn 0.7636 -0.5411 -0.3524
vn 0.6573 0.6369 0.4029
vn 0.6574 0.6368 0.4028
vn 0.5932 0.7959 -0.1209
vn -0.7337 0.6559 0.1774
vn 0.3952 0.2518 -0.8834
vn 0.3507 0.7455 -0.5668
vn 0.3506 0.7455 -0.5668
vn 0.6777 -0.1409 -0.7217
vn -0.6275 -0.5219 -0.5778
vn 0.7636 -0.5410 -0.3524
vn 0.3830 -0.8890 -0.2509
vn 0.0306 -0.9907 0.1325
vn 0.1795 -0.5429 -0.8204
vn -0.6662 0.5143 -0.5401
vn -0.8685 -0.1340 0.4773
vn -0.8121 0.5810 0.0545
vn -0.8843 0.0185 -0.4666
vn -0.9644 -0.1021 0.2440
vn -0.9054 0.3487 0.2422
vn -0.9152 0.2785 0.2912
vn -0.8742 0.3820 0.2997
vn -0.5915 0.7962 -0.1274
vn -0.8386 0.5322 -0.1165
vn -0.9449 0.3127 0.0971
vn -0.6869 0.4630 0.5602
vn -0.6946 0.3817 0.6098
vn 0.6433 -0.7228 -0.2524
vn 0.2223 -0.7994 0.5581
vn 0.2074 -0.8085 0.5507
vn 0.5874 -0.5902 -0.5537
vn 0.5496 0.0249 -0.8350
vn 0.5894 -0.0504 -0.8063
vn -0.6007 0.7924 0.1062
vn -0.6681 0.4583 0.5862
vn -0.9341 0.1666 0.3157
vn 0.6237 -0.7023 -0.3432
vn 0.2716 -0.8635 0.4251
vn 0.6062 0.0094 -0.7952
vn 0.4709 -0.8696 -0.1488
vn 0.0100 -0.9998 0.0144
vn -0.1172 -0.6104 -0.7834
vn 0.2016 -0.9714 0.1257
vn 0.4837 -0.8596 -0.1645
vn 0.1380 -0.7975 0.5873
vn -0.4008 -0.8735 0.2762
vn -0.4987 0.7930 -0.3499
vn 0.4879 -0.2917 -0.8227
vn 0.4708 -0.1393 -0.8712
vn 0.1782 -0.0310 -0.9835
vn 0.5281 0.7314 -0.4315
vn 0.2093 0.7890 -0.5777
vn 0.5065 0.7937 -0.3369
vn 0.3969 0.1041 -0.9119
vn -0.6273 -0.7591 0.1741
vn -0.6308 0.2273 0.7419
vn -0.9231 -0.3804 -0.0567
vn -0.7849 0.5486 0.2881
vn -0.7794 -0.6219 0.0766
vn -0.6772 0.1724 0.7153
vn 0.3324 -0.9423 0.0392
vn -0.0110 -0.9905 -0.1369
vn 0.5360 -0.1007 -0.8382
vn 0.0540 -0.2786 -0.9589
vn -0.5644 0.8181 -0.1105
vn -0.8048 0.4845 -0.3429
vn -0.6751 0.0492 0.7361
vn -0.9575 0.0226 0.2874
vn -0.4666 -0.1174 -0.8766
vn -0.6831 -0.7263 0.0764
vn -0.6832 -0.7262 0.0764
vn -0.7996 -0.5362 -0.2702
vn -0.7997 -0.5362 -0.2701
vn -0.4870 -0.0827 -0.8695
vn -0.4871 -0.0827 -0.8694
vn -0.6119 -0.7305 0.3034
vn -0.6120 -0.7304 0.3034
vn -0.7058 -0.6614 0.2538
vn -0.8381 -0.3961 0.3750
vn -0.8382 -0.3961 0.3750
vn -0.7058 -0.6613 0.2538
vn -0.5343 0.2101 -0.8188
vn -0.6744 -0.7025 0.2273
vn -0.6744 -0.7025 0.2272
vn -0.5343 0.2102 -0.8187
vn -0.3527 -0.2436 0.9035
vn -0.3194 -0.2681 0.9089
vn -0.3528 -0.2435 0.9035
vn -0.2294 -0.3721 0.8994
vn -0.2295 -0.3720 0.8994
vn -0.6050 0.2978 0.7385
vn 0.0027 0.6070 -0.7947
vn 0.0305 0.6170 -0.7863
vn 0.0304 0.6171 -0.7863
vn 0.0894 0.5073 -0.8571
vn 0.0894 0.5074 -0.8571
vn -0.3784 -0.2200 0.8991
vn -0.3784 -0.2199 0.8991
vn 0.0204 0.6895 -0.7240
vn 0.0204 0.6896 -0.7239
vn -0.1871 -0.6646 0.7234
vn -0.1871 -0.6645 0.7235
vn 0.0434 0.9506 0.3073
vn -0.3880 0.8532 -0.3486
vn -0.3881 0.8532 -0.3485
vn 0.0434 0.9506 0.3074
vn -0.0108 0.9083 0.4181
vn -0.1124 -0.8178 -0.5644
vn -0.2696 -0.5187 -0.8113
vn -0.1125 -0.8178 -0.5644
vn -0.5231 -0.3500 -0.7771
vn -0.1064 0.8657 0.4892
vn 0.5027 0.7477 -0.4339
vn -0.8342 0.1083 0.5407
vn -0.9292 0.1203 -0.3494
vn -0.3029 0.2395 -0.9224
vn -0.3029 0.2396 -0.9224
vn 0.3444 0.2196 -0.9128
vn -0.6806 0.4566 0.5730
vn -0.5513 0.8194 0.1568
vn 0.0870 0.7464 -0.6598
vn -0.5512 0.8195 0.1569
vn -0.7135 0.2339 0.6605
vn -0.7802 0.4643 0.4193
vn -0.3859 -0.3849 0.8384
vn 0.1851 -0.9170 0.3534
vn 0.4717 -0.0100 -0.8817
vn 0.5885 -0.7075 -0.3912
vn 0.2810 -0.5001 -0.8191
vn 0.6722 -0.3706 -0.6409
vn 0.2745 -0.1826 -0.9441
vn 0.5318 0.0217 -0.8466
vn 0.5071 -0.0756 -0.8586
vn 0.5393 -0.2970 -0.7880
vn 0.2044 -0.8934 -0.4000
vn 0.7371 -0.6252 -0.2565
vn 0.5631 -0.7095 -0.4237
vn 0.0848 -0.9326 0.3507
vn 0.4342 -0.7986 0.4168
vn 0.5380 -0.7648 0.3544
vn 0.3045 -0.4947 0.8140
vn 0.5149 -0.4293 0.7420
vn 0.4770 0.5045 -0.7197
vn 0.4992 0.4992 -0.7082
vn 0.9892 0.1421 -0.0351
vn 0.9968 0.0790 -0.0124
vn 0.7415 0.6246 0.2450
vn 0.8083 0.5643 0.1679
vn 0.7876 -0.5864 -0.1890
vn 0.8025 -0.5264 -0.2809
vn 0.7963 -0.3102 -0.5193
vn 0.8740 0.1757 -0.4531
vn 0.7470 0.6411 -0.1761
vn 0.3208 -0.8011 -0.5053
vn 0.1721 -0.8102 -0.5603
vn 0.3177 -0.3828 -0.8675
vn 0.1974 -0.4159 -0.8877
vn 0.3113 -0.9102 -0.2733
vn 0.1484 -0.9441 -0.2944
vn 0.2639 0.2547 -0.9303
vn 0.3890 0.2995 -0.8712
vn 0.3677 0.8339 -0.4116
vn 0.2315 0.8504 -0.4725
vn 0.1811 0.9819 0.0547
vn 0.3533 0.9306 0.0958
vn 0.1565 0.9150 0.3719
vn 0.3300 0.8674 0.3726
vn 0.1910 0.8842 0.4264
vn 0.6372 0.7654 0.0905
vn 0.1093 0.8555 0.5062
vn 0.2016 -0.9516 -0.2320
vn 0.0772 -0.9769 -0.1991
vn 0.6507 -0.6762 -0.3453
vn 0.9308 0.1980 -0.3073
vn 0.8827 0.1781 -0.4348
vn 0.6148 -0.6831 -0.3942
vn 0.5534 0.8312 -0.0533
vn -0.9986 -0.0146 -0.0509
vn -0.9975 -0.0131 -0.0696
vn -0.9887 0.0091 -0.1498
vn -0.9890 0.0068 -0.1475
vn -0.9859 0.0106 -0.1671
vn -0.9823 0.0121 -0.1869
vn -0.9794 0.0129 -0.2015
vn -0.9687 0.0092 -0.2480
vn -0.9580 0.0194 -0.2861
vn 0.4317 -0.7478 -0.5045
vn 0.1069 -0.9535 -0.2818
vn 0.8273 0.2138 -0.5195
vn 0.2595 0.9618 -0.0866
vn 0.0043 0.9340 0.3573
vn 0.0086 0.9218 0.3875
vn -0.9993 -0.0364 0.0101
vn -0.9990 -0.0335 0.0280
vn 0.0331 -0.9746 -0.2215
vn -0.1386 0.9307 0.3385
vn -0.1201 0.9705 0.2093
vn -0.9993 -0.0332 0.0143
vn -0.9974 -0.0210 0.0688
vn -0.0317 -0.9785 -0.2038
vn -0.1202 -0.9768 -0.1772
vn -0.0454 -0.9988 -0.0181
vn 0.0301 -0.9952 -0.0928
vn -0.1315 -0.8344 0.5353
vn 0.1634 -0.7817 0.6019
vn 0.0899 -0.9951 -0.0410
vn 0.0471 -0.9977 0.0479
vn 0.0916 -0.8414 -0.5326
vn 0.1938 -0.8528 -0.4849
vn 0.3646 -0.5700 -0.7363
vn 0.1493 -0.4157 -0.8972
vn 0.0845 -0.2273 0.9702
vn -0.1730 -0.1224 0.9773
vn -0.1074 -0.9941 0.0130
vn -0.1969 -0.9804 0.0010
vn -0.3226 -0.9197 -0.2237
vn 0.1752 0.2114 -0.9616
vn 0.0205 0.1779 -0.9838
vn -0.1248 0.9161 0.3810
vn -0.1026 0.9567 0.2724
vn -0.0169 0.9438 0.3301
vn -0.1357 0.9877 0.0781
vn -0.2374 0.4394 0.8663
vn -0.1731 -0.1224 0.9773
vn -0.2042 0.6196 0.7579
vn -0.1723 -0.8488 0.4998
vn -0.2082 -0.8413 0.4988
vn -0.2036 -0.0909 0.9748
vn -0.2202 -0.1253 0.9674
vn -0.1077 0.6748 0.7301
vn -0.1285 0.6966 0.7058
vn -0.1940 0.8793 0.4349
vn -0.2596 0.8431 0.4710
vn 0.4626 0.1898 -0.8660
vn 0.2043 0.3177 -0.9259
vn 0.2089 0.8958 -0.3922
vn 0.0216 0.9318 -0.3624
vn -0.0127 0.9999 0.0071
vn -0.0255 0.9633 0.2671
vn -0.2024 0.8964 0.3943
vn 0.1156 -0.9553 -0.2722
vn -0.2375 0.4394 0.8664
vn -0.1827 0.6335 0.7519
vn -0.2597 0.8430 0.4710
vn -0.2024 0.8964 0.3944
vn -0.9883 0.0038 -0.1523
vn -0.9879 0.0053 -0.1547
vn -0.9872 0.0055 -0.1596
vn -0.9871 0.0057 -0.1603
vn -0.9861 0.0063 -0.1663
vn -0.9864 0.0048 -0.1641
vn -0.9868 0.0047 -0.1620
vn -0.0134 -0.7326 0.6806
vn 0.1636 -0.7816 0.6019
vn 0.0846 -0.2273 0.9702
vn -0.1550 -0.3162 0.9359
vn -0.3261 0.0155 0.9452
vn -0.1147 -0.8244 0.5542
vn -0.2348 -0.3617 0.9023
vn -0.1838 0.1955 0.9633
vn -0.2186 0.9448 0.2441
vn -0.0255 0.9633 0.2672
vn -0.2516 0.5644 0.7862
vn -0.0797 0.5234 0.8484
vn -0.0987 -0.2876 0.9527
vn -0.2304 -0.1371 0.9634
vn -0.0039 -0.8857 0.4643
vn 0.3646 -0.5700 -0.7364
vn 0.2671 -0.9634 -0.0232
vn 0.5131 -0.1024 -0.8522
vn 0.5081 -0.0837 -0.8572
vn 0.2865 -0.9570 -0.0448
vn 0.0289 0.6947 -0.7187
vn -0.5193 0.8522 -0.0639
vn 0.0290 0.6947 -0.7188
vn -0.2085 -0.6801 0.7029
vn -0.6591 0.0291 0.7515
vn -0.2085 -0.6800 0.7029
vn -0.3757 0.8702 -0.3189
vn -0.4932 0.8574 0.1473
vn 0.1684 -0.8005 0.5751
vn 0.4404 -0.8791 -0.1824
vn 0.4868 -0.8573 -0.1676
vn 0.1930 -0.7904 0.5813
vn 0.4385 -0.2993 -0.8474
vn 0.4913 -0.2414 -0.8369
vn 0.1458 0.5645 -0.8125
vn 0.1458 0.5644 -0.8125
vn -0.5911 0.5514 0.5887
vn -0.3077 -0.1656 0.9369
vn -0.3077 -0.1657 0.9370
vn -0.5855 0.6281 0.5125
vn -0.8246 0.5611 0.0713
vn -0.6628 0.5805 -0.4730
vn 0.4265 -0.8835 -0.1935
vn 0.1592 -0.7998 0.5788
vn 0.3771 -0.3095 -0.8729
vn 0.1114 0.4771 -0.8718
vn -0.2077 -0.7655 -0.6090
vn 0.1113 0.4771 -0.8718
vn -0.3414 -0.1648 0.9254
vn -0.3414 -0.1648 0.9253
vn 0.4835 -0.0406 -0.8744
vn 0.2959 -0.9521 -0.0769
vn -0.6581 0.0244 0.7526
vn -0.5217 0.8511 -0.0579
vn 0.0277 0.6963 -0.7172
vn 0.0276 0.6963 -0.7172
vn -0.2186 -0.6593 0.7194
vn -0.2187 -0.6593 0.7194
vn 0.5945 -0.7180 -0.3620
vn 0.5564 -0.1279 -0.8210
vn 0.4717 -0.0101 -0.8817
vn 0.0997 0.4680 -0.8781
vn 0.0869 0.7463 -0.6599
vn -0.4991 0.6986 -0.5127
vn -0.9055 0.4199 0.0617
vn -0.7802 0.4642 0.4192
vn -0.9055 0.4198 0.0617
vn -0.8548 -0.1481 0.4973
vn -0.7135 0.2339 0.6604
vn -0.3487 -0.7278 0.5906
vn 0.2755 -0.9427 0.1882
vn 0.9841 0.1499 -0.0954
vn 0.5392 -0.2969 -0.7881
vn 0.5379 -0.7648 0.3545
vn -0.2102 -0.1282 0.9692
vn -0.0671 0.3632 -0.9293
vn 0.0008 0.3648 -0.9311
vn -0.1254 0.8918 -0.4348
vn -0.0222 -0.5169 -0.8557
vn 0.0279 -0.7036 -0.7100
vn 0.1196 -0.3248 -0.9382
vn 0.1534 -0.3034 -0.9404
vn -0.0930 -0.5396 -0.8368
vn -0.4033 -0.4141 -0.8160
vn -0.0302 -0.7583 -0.6512
vn -0.1905 -0.3299 -0.9246
vn -0.5554 -0.3315 -0.7626
vn -0.1707 -0.6306 -0.7571
vn -0.5033 -0.8500 0.1555
vn -0.2199 -0.9738 0.0582
vn -0.1760 -0.1481 -0.9732
vn 0.1749 -0.6340 -0.7533
vn 0.1010 -0.9867 0.1274
vn -0.1460 -0.0610 -0.9874
vn -0.1411 -0.8036 0.5782
vn -0.0690 -0.9957 0.0615
vn -0.1421 -0.7166 0.6829
vn -0.0874 -0.9509 0.2970
vn 0.3086 -0.8686 0.3877
vn 0.5236 -0.3793 -0.7628
vn -0.1063 -0.8079 0.5797
vn -0.1461 -0.7210 0.6774
vn 0.0966 -0.9865 0.1325
vn -0.0915 -0.9494 0.3003
vn -0.7265 -0.6858 0.0437
vn 0.6838 -0.6928 0.2290
vn -0.3302 0.3166 -0.8892
vn 0.3780 0.3634 -0.8515
vn -0.5569 -0.2642 -0.7875
vn 0.4240 -0.3598 -0.8311
vn -0.6520 0.1787 -0.7368
vn -0.7434 -0.6150 0.2630
vn -0.7434 -0.6150 0.2629
vn -0.8185 -0.4358 0.3743
vn -0.9918 0.0281 -0.1247
vn 0.9890 -0.0470 0.1405
vn 0.4034 -0.4995 0.7667
vn 0.6854 -0.4987 0.5306
vn 0.6853 -0.4987 0.5307
vn 0.8726 0.1458 -0.4661
vn 0.8727 0.1458 -0.4660
vn 0.7104 -0.0499 -0.7021
vn 0.7992 -0.2758 -0.5340
vn 0.6499 0.4570 -0.6073
vn -0.6105 0.4520 -0.6503
vn -0.6105 0.4521 -0.6503
vn -0.9352 -0.0408 -0.3517
vn -0.5777 0.1080 -0.8091
vn -0.6521 0.1788 -0.7368
vn -0.2105 -0.9690 0.1297
vn 0.1200 -0.9733 0.1958
vn -0.0064 0.9952 0.0972
vn -0.0066 0.9952 0.0974
vn -0.2186 0.9448 0.2440
vn -0.3421 0.9030 0.2598
vn -0.3087 0.8789 -0.3636
vn -0.3270 0.3013 -0.8957
vn -0.3033 -0.7739 0.5560
vn -0.3451 -0.9368 -0.0584
vn -0.3399 -0.2851 -0.8962
vn -0.2506 -0.7890 -0.5610
vn -0.2506 -0.7890 -0.5609
vn -0.3289 -0.1075 0.9382
vn -0.2665 0.5307 0.8046
vn -0.2665 0.5307 0.8045
vn -0.3288 -0.1075 0.9383
vn -0.3032 -0.7739 0.5560
vn -0.3451 -0.9367 -0.0584
vn -0.2505 -0.7890 -0.5610
vn -0.3398 -0.2851 -0.8962
vn -0.3087 0.8789 -0.3637
vn -0.3269 0.3014 -0.8957
vn -0.3421 0.9030 0.2599
vn -0.3421 0.9031 0.2598
vn -0.5163 0.8155 -0.2616
vn 0.0478 0.5659 -0.8231
vn -0.6894 0.6789 0.2527
vn -0.7305 0.1460 0.6671
vn 0.2509 -0.9571 0.1448
vn -0.3607 -0.6305 0.6873
vn 0.3633 -0.7307 -0.5780
vn 0.3912 -0.0629 -0.9181
vn -0.0611 0.4047 0.9124
vn -0.0765 0.2665 0.9608
vn -0.1016 0.8424 0.5291
vn -0.1976 0.7475 0.6342
vn 0.3425 -0.0283 0.9391
vn 0.3315 -0.1021 0.9379
vn 0.6896 -0.1625 0.7057
vn 0.7973 -0.2853 0.5320
vn 0.9814 -0.1087 0.1581
vn 0.9857 -0.1265 0.1113
vn 0.9172 0.3453 -0.1988
vn 0.9351 0.3019 -0.1854
vn 0.9814 -0.1087 0.1580
vn 0.9857 -0.1264 0.1112
vn 0.5268 0.7961 -0.2979
vn 0.5649 0.7802 -0.2688
vn 0.0391 0.9964 0.0749
vn 0.0412 0.9964 0.0736
vn -0.1016 0.8425 0.5290
vn -0.1975 0.7476 0.6341
vn 0.4576 -0.6122 0.6448
vn 0.7799 0.0937 -0.6189
vn 0.9289 -0.3702 -0.0081
vn 0.8706 -0.0356 -0.4907
vn 0.9289 -0.3702 -0.0082
vn 0.7894 0.3802 -0.4820
vn 0.2627 -0.5039 0.8229
vn 0.7609 -0.5876 -0.2752
vn 0.7610 -0.5874 -0.2752
vn 0.7759 -0.5133 -0.3667
vn 0.1464 0.5432 -0.8267
vn 0.5352 0.7517 -0.3854
vn 0.2754 0.8700 -0.4090
vn 0.5050 0.8007 -0.3223
vn 0.3267 0.8910 -0.3154
vn 0.6400 0.7167 -0.2768
vn 0.6395 0.6989 -0.3204
vn 0.0931 0.9779 -0.1872
vn 0.3257 0.6968 -0.6391
vn 0.3415 0.5290 -0.7769
vn 0.1671 0.7669 -0.6196
vn 0.2196 0.5406 -0.8121
vn -0.0237 0.9995 0.0203
vn -0.0677 0.9846 0.1614
vn -0.0416 0.9991 0.0106
vn 0.0265 0.9552 -0.2949
vn 0.1131 0.7845 -0.6097
vn 0.0512 0.9583 -0.2810
vn 0.1375 0.8674 -0.4783
vn 0.1444 0.5433 -0.8270
vn 0.1144 0.6815 -0.7229
vn 0.1102 0.5435 -0.8321
vn -0.2332 0.8255 0.5140
vn -0.2077 0.8282 0.5205
vn -0.1170 0.8357 0.5366
vn -0.1061 0.8295 0.5483
vn 0.2398 0.3299 0.9131
vn 0.4709 0.2329 0.8509
vn 0.2572 0.3441 0.9030
vn 0.5032 0.2155 0.8369
vn 0.9344 -0.3242 -0.1473
vn 0.8234 -0.4644 -0.3261
vn 0.9156 -0.3574 -0.1844
vn 0.8005 -0.4801 -0.3587
vn -0.7235 0.4200 0.5478
vn -0.7352 0.4332 0.5213
vn -0.8896 0.4566 0.0135
vn -0.8854 0.4648 0.0030
vn 0.6795 0.7042 -0.2060
vn 0.6587 0.7128 -0.2411
vn 0.4627 0.5077 -0.7267
vn 0.4811 0.6555 -0.5821
vn 0.5313 0.4907 -0.6906
vn 0.5499 0.5718 -0.6088
vn 0.0555 0.9594 -0.2766
vn 0.6974 0.6981 -0.1622
vn -0.0157 0.9993 -0.0346
vn 0.5897 0.6576 -0.4689
vn -0.0226 0.9957 0.0897
vn 0.7030 0.7020 -0.1138
vn 0.0692 0.1060 0.9920
vn 0.1961 0.1052 0.9749
vn -0.7235 0.4200 0.5479
vn -0.0310 0.6552 0.7548
vn -0.0044 0.6392 0.7690
vn 0.0692 0.1059 0.9920
vn -0.8390 0.4594 -0.2915
vn -0.8402 0.4477 -0.3061
vn -0.8217 0.3514 -0.4488
vn -0.8196 0.3485 -0.4548
vn 0.8049 -0.1214 0.5808
vn 0.8008 -0.1324 0.5842
vn 0.7625 -0.2207 0.6082
vn 0.7564 -0.2330 0.6111
vn -0.8066 0.2658 -0.5279
vn -0.8053 0.2668 -0.5294
vn -0.8600 0.4920 -0.1354
vn -0.8597 0.4959 -0.1220
vn -0.0498 0.7621 0.6456
vn -0.0726 0.7634 0.6419
vn 0.7059 -0.5272 -0.4730
vn 0.6852 -0.5370 -0.4920
vn 0.9829 -0.1840 -0.0056
vn 0.9802 -0.1974 -0.0152
vn 0.9894 -0.0036 0.1448
vn 0.9899 -0.0015 0.1415
vn 0.5923 -0.6230 -0.5109
vn 0.5846 -0.6343 -0.5059
vn -0.3876 0.7360 0.5550
vn -0.3752 0.7472 0.5485
vn -0.1405 -0.9620 -0.2343
vn -0.1282 -0.9725 -0.1942
vn -0.1726 -0.8253 -0.5377
vn -0.1839 -0.8096 -0.5574
vn -0.9951 -0.0414 -0.0903
vn -0.9708 -0.2360 0.0443
vn -0.9916 -0.0256 -0.1271
vn -0.9728 -0.2290 0.0344
vn -0.0038 0.6670 0.7450
vn -0.0233 0.2692 0.9628
vn 0.7024 0.5585 0.4412
vn 0.5916 0.0923 0.8009
vn -0.2428 0.5456 -0.8021
vn -0.2730 0.6026 -0.7499
vn -0.2499 0.5594 -0.7903
vn -0.2768 0.6152 -0.7382
vn 0.7023 0.5586 0.4413
vn 0.5916 0.0923 0.8010
vn 0.9938 0.1074 -0.0277
vn 0.8949 -0.1808 0.4079
vn -0.9958 -0.0361 -0.0837
vn -0.9382 -0.2428 0.2467
vn -0.9933 -0.0769 -0.0859
vn -0.9280 -0.2813 0.2442
vn -0.2405 0.5085 -0.8268
vn -0.2354 0.5095 -0.8277
vn -0.9958 -0.0361 -0.0838
vn -0.9933 -0.0769 -0.0860
vn -0.9009 0.1738 -0.3978
vn -0.8960 0.1546 -0.4164
vn 0.7841 0.4231 -0.4541
vn 0.7998 0.3735 -0.4700
vn 0.0097 0.8643 0.5028
vn 0.0110 0.8629 0.5052
vn -0.8216 -0.5077 0.2594
vn -0.8742 -0.4360 0.2135
vn -0.9707 -0.2360 0.0443
vn -0.9728 -0.2291 0.0346
vn -0.1726 -0.8252 -0.5378
vn -0.1839 -0.8096 -0.5575
vn -0.1895 -0.6194 -0.7619
vn -0.2138 -0.5586 -0.8014
vn -0.1860 0.7286 0.6592
vn -0.5473 0.8369 -0.0040
vn -0.7276 0.6744 0.1257
vn -0.8169 0.4882 0.3071
vn -0.8020 0.3065 0.5127
vn -0.6853 0.1567 0.7112
vn -0.4843 0.0615 0.8728
vn -0.2296 0.0356 0.9726
vn 0.0404 0.0828 0.9958
vn 0.2846 0.1960 0.9384
vn 0.4660 0.3584 0.8090
vn 0.5562 0.5454 0.6271
vn 0.5405 0.7280 0.4216
vn 0.4234 0.8779 0.2238
vn 0.2223 0.9730 0.0617
vn -0.0333 0.9987 -0.0391
vn -0.3036 0.9508 -0.0620
vn 0.8809 0.4642 -0.0921
vn 0.9494 0.2257 -0.2185
vn 0.4692 0.7626 -0.4454
vn 0.5407 0.4881 -0.6851
vn -0.6162 0.6344 -0.4668
vn -0.0760 0.7783 -0.6232
vn -0.6141 0.3861 -0.6884
vn -0.0583 0.5351 -0.8427
vn -0.8329 0.2436 -0.4970
vn -0.8222 0.4592 -0.3362
vn -0.1846 0.7293 0.6588
vn 0.5978 0.2224 0.7702
vn 0.6861 0.6557 0.3151
vn 0.3121 0.9438 -0.1087
vn -0.3053 0.9180 -0.2530
vn -0.8042 0.5935 -0.0332
vn -0.8924 0.1603 0.4218
vn -0.5184 -0.1278 0.8455
vn 0.0988 -0.1021 0.9899
vn 0.8341 -0.1831 0.5204
vn 0.6409 0.1697 0.7486
vn 0.2332 -0.5742 0.7848
vn 0.1192 -0.1698 0.9782
vn -0.5103 -0.6053 0.6109
vn -0.5262 -0.1968 0.8273
vn -0.9618 -0.2559 0.0975
vn -0.9180 0.1047 0.3825
vn -0.8508 0.2643 -0.4542
vn -0.8251 0.5568 -0.0958
vn -0.2490 0.6526 -0.7156
vn -0.3041 0.8958 -0.3240
vn 0.4913 0.6861 -0.5365
vn 0.3417 0.9243 -0.1702
vn 0.9404 0.3389 -0.0265
vn 0.7332 0.6229 0.2730
vn -0.1848 0.7294 0.6586
vn 0.4459 0.7951 -0.4110
vn 0.8854 0.4566 0.0870
vn -0.2794 0.7649 -0.5804
vn -0.8655 0.3837 -0.3219
vn -0.9691 -0.1251 0.2125
vn -0.5298 -0.4635 0.7103
vn 0.1953 -0.4334 0.8798
vn 0.7815 -0.0523 0.6217
vn 0.8163 0.3721 -0.4417
vn 0.8649 0.3590 -0.3508
vn 0.8067 0.3816 -0.4513
vn 0.8611 0.3720 -0.3465
vn -0.8493 -0.1528 0.5054
vn -0.8498 -0.1430 0.5073
vn -0.9011 -0.0440 0.4313
vn -0.8962 -0.0477 0.4411
vn 0.4757 0.5550 -0.6824
vn 0.0811 0.6491 -0.7564
vn 0.5066 0.5472 -0.6663
vn 0.1054 0.6453 -0.7566
vn -0.2800 0.6726 -0.6850
vn -0.3592 0.6687 -0.6510
vn -0.8147 0.4953 -0.3016
vn -0.7766 0.5195 -0.3563
vn -0.9714 0.1919 0.1398
vn -0.9724 0.1962 0.1264
vn -0.0125 0.7570 0.6533
vn -0.0278 0.7647 0.6438
vn -0.0366 0.7894 0.6128
vn -0.0548 0.8405 0.5391
vn -0.0544 0.8227 0.5658
vn -0.0499 0.8189 0.5718
vn -0.0478 0.8050 0.5913
vn -0.0239 0.8371 0.5466
vn -0.0220 0.8286 0.5594
vn -0.0277 0.8312 0.5553
vn -0.0296 0.8287 0.5588
vn -0.1712 0.7896 0.5892
vn -0.1891 0.8015 0.5673
vn -0.1687 0.7930 0.5853
vn -0.1891 0.7986 0.5714
vn -0.9235 -0.1861 0.3354
vn -0.9231 -0.1878 0.3355
vn -0.9998 0.0200 0.0010
vn -0.9996 0.0252 -0.0095
vn 0.4764 0.5501 -0.6859
vn 0.8039 0.4278 -0.4133
vn 0.4862 0.5507 -0.6785
vn 0.8090 0.4270 -0.4040
vn 0.9327 0.3185 -0.1692
vn 0.9463 0.2306 -0.2266
vn 0.8355 0.4192 -0.3552
vn 0.8556 0.3319 -0.3972
vn -0.0604 0.8125 0.5799
vn -0.0629 0.8236 0.5637
vn -0.0608 0.8246 0.5624
vn -0.0591 0.8217 0.5669
vn -0.1312 0.8170 0.5616
vn -0.1374 0.8179 0.5587
vn -0.1271 0.8219 0.5552
vn -0.1393 0.8183 0.5577
vn -0.0569 0.8250 0.5622
vn -0.0580 0.8241 0.5634
vn 0.4686 0.5589 -0.6841
vn 0.4880 0.5019 -0.7141
vn -0.9474 -0.2289 0.2238
vn -0.9489 -0.1979 0.2459
vn -0.9945 -0.0244 -0.1019
vn -0.9961 -0.0117 -0.0869
vn -0.0904 0.8478 0.5225
vn -0.0995 0.8413 0.5313
vn -0.8917 -0.2985 0.3402
vn -0.8941 -0.2528 0.3698
vn 0.8824 0.3708 -0.2895
vn 0.8823 0.3715 -0.2891
vn -0.8659 -0.2432 0.4371
vn -0.8659 -0.2437 0.4369
vn 0.0873 0.5762 -0.8126
vn 0.1001 0.5435 -0.8334
vn -0.3227 0.5000 -0.8036
vn -0.3013 0.4953 -0.8148
vn -0.3079 0.5502 -0.7762
vn 0.0934 0.5865 -0.8045
vn -0.3249 0.5467 -0.7717
vn 0.0941 0.5870 -0.8041
vn -0.8210 0.3280 -0.4673
vn -0.8051 0.3406 -0.4856
vn -0.0933 0.8494 0.5195
vn -0.0560 0.8544 0.5166
vn -0.0818 0.8512 0.5185
vn -0.0614 0.8622 0.5029
vn -0.1343 0.8301 0.5412
vn -0.1307 0.8349 0.5346
vn -0.8023 0.2693 -0.5328
vn -0.8064 0.2609 -0.5308
vn -0.0365 0.7857 0.6175
vn -0.0375 0.8810 0.4715
vn -0.0271 0.8797 0.4747
vn -0.1024 0.8736 0.4758
vn -0.0992 0.8738 0.4761
vn -0.1842 0.8303 0.5260
vn -0.1783 0.8425 0.5083
vn -0.1043 0.8292 0.5491
vn -0.1127 0.8241 0.5551
vn -0.0155 0.8333 0.5526
vn -0.0121 0.8337 0.5520
vn -0.0262 0.7720 0.6350
vn -0.5473 0.8369 -0.0039
vn -0.6077 0.5375 -0.5847
vn -0.7275 0.6745 0.1257
vn -0.8618 0.3096 -0.4017
vn -0.8168 0.4882 0.3072
vn -0.9881 0.0480 -0.1459
vn -0.9882 0.0479 -0.1458
vn -0.9675 -0.2079 0.1441
vn -0.8030 -0.4190 0.4239
vn -0.4843 0.0617 0.8727
vn -0.5197 -0.5531 0.6511
vn -0.1607 -0.5900 0.7913
vn -0.2296 0.0357 0.9726
vn 0.0404 0.0829 0.9957
vn 0.2196 -0.5239 0.8230
vn 0.5632 -0.3649 0.7414
vn 0.2846 0.1961 0.9384
vn 0.8179 -0.1371 0.5588
vn 0.4659 0.3585 0.8089
vn 0.9448 0.1249 0.3030
vn 0.5561 0.5455 0.6271
vn 0.9448 0.1250 0.3029
vn 0.9238 0.3826 0.0133
vn 0.5560 0.5454 0.6271
vn 0.5405 0.7281 0.4217
vn 0.7584 0.5950 -0.2662
vn 0.2222 0.9730 0.0618
vn 0.4740 0.7287 -0.4943
vn -0.0333 0.9987 -0.0390
vn 0.1148 0.7638 -0.6352
vn -0.3036 0.9508 -0.0619
vn -0.2647 0.6968 -0.6667
vn -0.0773 0.9961 0.0426
vn 0.2062 0.9618 0.1800
vn 0.3477 0.3266 0.8789
vn 0.6065 -0.3897 0.6931
vn 0.6572 0.4470 0.6069
vn 0.8890 -0.1877 0.4177
vn -0.5604 0.8180 0.1295
vn -0.3698 0.9186 0.1394
vn -0.0967 0.8395 0.5347
vn -0.0752 0.8394 0.5383
vn -0.0940 0.8439 0.5282
vn -0.0529 0.5355 -0.8429
vn -0.0802 0.8421 -0.5333
vn 0.1414 0.5429 -0.8278
vn 0.0168 0.9997 -0.0193
vn 0.6650 0.4446 -0.6001
vn 0.5689 0.7611 -0.3115
vn 0.7979 0.3743 -0.4724
vn 0.3871 0.9045 0.1789
vn -0.0782 0.8420 0.5338
vn -0.0811 0.8400 0.5364
vn -0.0757 0.8394 0.5383
vn -0.0705 0.8410 0.5364
vn -0.0738 0.8424 0.5338
vn 0.8991 0.2907 -0.3272
vn 0.7799 0.6225 -0.0647
vn 0.9660 0.1952 -0.1696
vn 0.4820 0.8035 0.3494
vn -0.0885 0.8476 0.5232
vn -0.0811 0.8501 0.5203
vn -0.0727 0.8510 0.5201
vn -0.0646 0.8501 0.5227
vn -0.0581 0.8475 0.5277
vn -0.0542 0.8435 0.5343
vn -0.0537 0.8389 0.5417
vn -0.4300 0.4593 -0.7772
vn -0.4214 0.7732 -0.4739
vn -0.2480 0.5065 -0.8258
vn -0.2018 0.9792 -0.0193
vn 0.3311 0.5301 -0.7806
vn 0.2675 0.8374 -0.4767
vn 0.5088 0.4963 -0.7035
vn 0.2237 0.9734 0.0502
vn -0.7417 0.3133 -0.5930
vn -0.7034 0.6409 -0.3073
vn -0.5978 0.3932 -0.6986
vn -0.3993 0.9154 0.0516
vn -0.9403 0.1194 -0.3188
vn -0.8830 0.4656 -0.0591
vn -0.8581 0.2198 -0.4641
vn -0.5460 0.8175 0.1832
vn -0.0703 0.8387 0.5400
vn 0.9957 0.0923 -0.0042
vn 0.8672 0.4433 0.2269
vn 0.9871 -0.0140 0.1597
vn 0.4934 0.6860 0.5347
vn -0.9894 0.0514 -0.1355
vn -0.8603 0.2581 -0.4397
vn 0.9617 0.2330 -0.1445
vn 0.9826 0.0243 0.1840
vn 0.9617 0.2331 -0.1445
vn 0.9826 0.0244 0.1841
vn 0.7938 0.4121 -0.4472
vn 0.7938 0.4121 -0.4473
vn 0.5045 0.5342 -0.6783
vn 0.1380 0.5807 -0.8024
vn 0.1380 0.5807 -0.8023
vn -0.2502 0.5445 -0.8006
vn -0.2501 0.5446 -0.8006
vn -0.6007 0.4312 -0.6732
vn -0.6192 0.7007 0.3544
vn -0.9870 0.0129 -0.1603
vn 0.0169 0.9997 -0.0194
vn -0.9222 0.0694 0.3804
vn -0.9586 0.2085 0.1937
vn -0.9474 0.3198 -0.0138
vn -0.6501 -0.1205 0.7502
vn -0.8072 -0.0533 0.5879
vn -0.4601 -0.1998 0.8651
vn -0.2089 -0.2316 0.9501
vn 0.0237 -0.2060 0.9783
vn 0.2567 -0.1882 0.9480
vn 0.6680 0.0023 0.7442
vn 0.4970 -0.1106 0.8607
vn 0.8085 0.0972 0.5805
vn 0.9054 0.3821 0.1852
vn 0.8970 0.2388 0.3721
vn -0.1927 0.8350 0.5154
vn -0.1773 0.8597 0.4791
vn 0.9837 0.0166 0.1791
vn 0.9627 0.2254 -0.1495
vn 0.7948 0.4045 -0.4524
vn 0.5054 0.5266 -0.6835
vn 0.1387 0.5731 -0.8076
vn -0.2495 0.5370 -0.8058
vn -0.6002 0.4237 -0.6784
vn -0.1463 0.8803 0.4513
vn -0.1046 0.8938 0.4361
vn -0.8599 0.2504 -0.4448
vn -0.0839 0.8404 0.5355
vn -0.0794 0.8433 0.5316
vn 0.2565 0.8633 -0.4346
vn 0.2566 0.8633 -0.4345
vn 0.7574 0.6520 -0.0344
vn -0.8651 0.5010 -0.0269
vn -0.8651 0.5009 -0.0270
vn -0.4155 0.8007 -0.4314
vn 0.7937 0.2905 0.5344
vn -0.0725 0.8439 0.5315
vn 0.2237 0.9734 0.0503
vn -0.0670 0.8421 0.5351
vn 0.4820 0.8035 0.3493
vn -0.2019 0.9792 -0.0193
vn -0.0666 0.8382 0.5413
vn -0.6193 0.7007 0.3543
vn -0.9891 0.0437 -0.1406
vn -0.9891 0.0436 -0.1406
vn -0.0583 0.8981 0.4359
vn -0.0146 0.8926 0.4507
vn 0.0198 0.8780 0.4782
vn 0.0398 0.8567 0.5143
vn 0.0423 0.8318 0.5535
vn 0.8672 0.4432 0.2269
vn -0.8830 0.4656 -0.0592
vn -0.7035 0.6409 -0.3073
vn 0.2675 0.8374 -0.4766
vn -0.4214 0.7731 -0.4740
vn 0.7800 0.6224 -0.0648
vn 0.5689 0.7611 -0.3116
vn -0.9365 0.2267 0.2675
vn -0.9062 0.2185 0.3621
vn -0.3506 -0.9355 -0.0445
vn -0.3483 -0.9359 -0.0529
vn -0.7768 0.1600 0.6091
vn -0.3816 -0.9169 -0.1165
vn -0.5146 0.0363 0.8567
vn -0.5344 -0.8291 -0.1642
vn -0.2536 -0.1412 0.9569
vn -0.7273 -0.6641 -0.1731
vn -0.2707 0.4117 -0.8702
vn -0.1844 0.4798 -0.8578
vn 0.5855 0.7552 -0.2946
vn 0.3598 0.9327 -0.0233
vn -0.1960 0.2009 -0.9598
vn 0.6699 0.5964 -0.4421
vn -0.0196 -0.0649 -0.9977
vn 0.6909 0.5563 -0.4618
vn -0.0780 -0.4940 0.8659
vn 0.0281 -0.9208 -0.3889
vn 0.1668 -0.5006 0.8495
vn -0.4820 -0.8190 -0.3114
vn -0.3258 -0.5245 0.7866
vn 0.4780 -0.8399 -0.2571
vn -0.4207 -0.5558 0.7170
vn 0.7861 -0.6172 0.0345
vn -0.3935 -0.5740 0.7181
vn 0.8886 -0.3534 0.2925
vn -0.3680 -0.5714 0.7335
vn 0.8916 -0.2432 0.3819
vn -0.1096 0.9697 0.2183
vn -0.1269 0.9768 0.1727
vn 0.0443 0.9276 0.3710
vn 0.3001 0.7826 0.5455
vn 0.5868 0.5369 0.6061
vn -0.0746 0.5099 0.8570
vn 0.5025 0.4455 0.7409
vn -0.5977 0.4491 0.6642
vn -0.9042 0.2695 0.3314
vn -0.9949 0.0388 0.0929
vn -0.9979 -0.0614 0.0216
vn -0.5731 0.4787 -0.6652
vn -0.5781 0.5747 -0.5793
vn -0.5127 0.7909 -0.3339
vn -0.3030 0.9511 -0.0597
vn 0.0013 0.9968 0.0798
vn -0.7970 -0.5781 -0.1748
vn -0.4820 -0.8190 -0.3113
vn -0.8355 -0.5293 -0.1476
vn -0.7274 -0.6641 -0.1730
vn 0.7025 0.5750 -0.4194
vn 0.7410 0.6021 -0.2974
vn 0.7537 0.6346 -0.1709
vn 0.7630 0.6373 -0.1082
vn -0.3507 -0.9354 -0.0445
vn -0.3484 -0.9359 -0.0529
vn 0.8427 -0.4555 -0.2871
vn 0.8030 -0.4502 -0.3905
vn -0.3817 -0.9169 -0.1164
vn 0.6336 -0.4076 -0.6576
vn -0.5344 -0.8291 -0.1641
vn 0.2919 -0.2879 -0.9121
vn 0.7767 0.3339 0.5342
vn 0.7850 0.3144 0.5337
vn 0.0281 -0.9209 -0.3888
vn 0.0846 0.4473 -0.8904
vn 0.4779 -0.8400 -0.2570
vn 0.3612 0.4676 -0.8068
vn 0.7860 -0.6172 0.0346
vn 0.4715 0.5213 -0.7113
vn 0.8885 -0.3534 0.2926
vn 0.5200 0.5289 -0.6707
vn 0.8916 -0.2432 0.3820
vn 0.5420 0.5238 -0.6571
vn 0.1408 -0.4998 0.8546
vn -0.0364 -0.3412 0.9393
vn -0.8355 -0.5292 -0.1477
vn 0.2216 -0.5538 -0.8026
vn 0.2217 -0.5539 -0.8025
vn -0.2715 0.0095 -0.9624
vn -0.2713 0.0092 -0.9625
vn 0.7686 0.6025 -0.2150
vn 0.7658 0.6074 -0.2113
vn 0.5676 -0.7907 -0.2296
vn 0.5676 -0.7907 -0.2294
vn 0.6175 -0.5990 0.5097
vn 0.6174 -0.5989 0.5100
vn -0.2713 0.0093 -0.9624
vn -0.6175 0.5990 -0.5097
vn -0.2716 0.0096 -0.9624
vn -0.6175 0.5989 -0.5100
vn -0.5676 0.7906 0.2297
vn -0.5677 0.7906 0.2294
vn 0.7631 0.6119 -0.2079
vn 0.7603 0.6167 -0.2042
vn 0.2716 -0.0096 0.9624
vn 0.2714 -0.0092 0.9624
vn -0.2216 0.5538 0.8026
vn -0.2217 0.5540 0.8025
vn 0.2715 -0.0095 0.9624
vn 0.2713 -0.0092 0.9625
vn 0.1909 0.7841 0.5906
vn 0.2503 0.8727 0.4193
vn 0.2940 0.8484 0.4403
vn 0.7152 0.6700 0.1987
vn -0.5437 0.7023 -0.4595
vn 0.1208 0.6455 -0.7541
vn -0.4534 0.7129 -0.5350
vn 0.0832 0.6336 -0.7692
vn 0.7314 0.5450 -0.4099
vn 0.7207 0.5726 -0.3908
vn 0.7213 0.6622 -0.2032
vn 0.6733 0.7255 -0.1425
vn 0.0623 0.9812 -0.1827
vn 0.1843 0.9197 -0.3467
vn 0.1274 0.9481 -0.2913
vn -0.1507 0.4904 0.8584
vn -0.0834 0.9468 0.3107
vn -0.2760 0.4691 0.8389
vn -0.1720 0.8543 0.4905
vn -0.9803 -0.0931 0.1743
vn -0.9931 -0.0886 0.0766
vn -0.8033 -0.5949 -0.0291
vn -0.8309 -0.5524 0.0670
vn -0.7907 0.5195 0.3240
vn -0.7904 0.4018 0.4624
vn -0.2788 0.8933 0.3525
vn -0.2885 0.7863 0.5463
vn 0.3033 0.9333 0.1922
vn -0.2401 0.7358 0.6333
vn -0.7877 0.3274 0.5218
vn -0.9596 -0.1635 0.2292
vn -0.7896 -0.6134 -0.0164
vn 0.3242 0.7593 0.5642
vn 0.4605 0.7425 0.4864
vn 0.3011 0.8154 0.4945
vn 0.4064 0.8341 0.3730
vn 0.2566 0.6306 0.7325
vn 0.3850 0.5712 0.7249
vn 0.3161 0.7107 0.6285
vn 0.4489 0.6679 0.5936
vn 0.0087 0.9460 0.3240
vn 0.1784 0.9044 0.3876
vn 0.1219 0.9708 0.2065
vn 0.2820 0.9133 0.2938
vn 0.5718 0.7904 0.2197
vn 0.4432 0.8937 0.0695
vn 0.1575 0.9606 -0.2291
vn 0.1508 0.9870 -0.0562
vn 0.2563 0.9636 -0.0759
vn 0.1741 0.9049 -0.3884
vn 0.2946 0.8989 -0.3245
vn 0.7082 0.7053 0.0333
vn 0.5471 0.8243 -0.1458
vn 0.6068 0.7153 0.3467
vn 0.7975 0.5811 0.1621
vn 0.1893 0.5673 -0.8014
vn 0.4788 0.5799 -0.6592
vn 0.1829 0.5423 -0.8200
vn 0.4848 0.5027 -0.7157
vn 0.2439 0.8867 0.3929
vn 0.4831 0.5063 0.7143
vn 0.5398 0.6494 0.5356
vn 0.4047 0.0789 0.9111
vn 0.5732 0.1361 0.8080
vn 0.3535 0.0286 0.9350
vn 0.5710 0.1126 0.8132
vn -0.0228 0.7537 0.6568
vn 0.0650 0.7916 0.6076
vn -0.0465 0.8583 0.5110
vn 0.0294 0.8395 0.5426
vn 0.0619 0.0769 0.9951
vn 0.0550 0.0928 0.9942
vn 0.0208 0.1445 0.9893
vn 0.0229 0.1480 0.9887
vn -0.1244 0.9520 0.2797
vn -0.1455 0.9726 0.1812
vn 0.0146 0.9662 0.2575
vn 0.0874 0.7189 0.6896
vn 0.0041 0.6354 0.7721
vn -0.1086 0.9215 0.3730
vn 0.4092 0.8900 -0.2009
vn 0.1701 0.9144 -0.3673
vn 0.2875 0.9445 0.1590
vn 0.0386 0.9980 0.0507
vn -0.1459 0.5900 0.7941
vn -0.0858 0.5858 0.8059
vn -0.1088 0.5852 0.8035
vn 0.1313 0.9102 0.3929
vn 0.1710 0.8903 0.4220
vn 0.1856 0.8733 0.4504
vn -0.3105 0.6348 -0.7075
vn -0.2440 0.4679 -0.8494
vn -0.2977 0.5993 -0.7431
vn -0.2414 0.5055 -0.8284
vn 0.6593 0.6414 -0.3924
vn 0.8730 0.4729 -0.1189
vn 0.6297 0.6640 -0.4031
vn 0.8767 0.4661 -0.1189
vn 0.9618 0.2148 0.1699
vn 0.9664 0.1956 0.1667
vn 0.7335 0.6674 -0.1284
vn 0.8521 0.4407 -0.2825
vn 0.7207 0.6496 -0.2421
vn 0.8211 0.3922 -0.4147
vn -0.3336 -0.7939 -0.5083
vn -0.5171 -0.8553 0.0321
vn -0.5698 -0.3526 -0.7423
vn 0.3912 0.9202 -0.0161
vn 0.3586 0.9161 -0.1796
vn 0.6927 0.5980 -0.4031
vn -0.6253 -0.6721 0.3966
vn -0.6913 -0.4879 0.5330
vn -0.7347 -0.2731 0.6210
vn -0.5872 -0.6764 0.4446
vn -0.4764 -0.4255 0.7694
vn -0.6252 -0.6721 0.3967
vn -0.6719 0.3243 0.6658
vn -0.8355 -0.2478 0.4904
vn -0.7840 0.3669 0.5008
vn -0.3672 0.7740 0.5159
vn -0.4540 0.8237 0.3398
vn 0.0366 0.9709 0.2368
vn -0.0082 0.9973 0.0728
vn -0.1140 0.9915 -0.0629
vn -0.1018 0.9732 -0.2061
vn 0.4572 0.8788 -0.1367
vn 0.2501 0.8486 -0.4661
vn -0.1141 0.9915 -0.0629
vn 0.4572 0.8788 -0.1368
vn 0.6048 0.5910 0.5338
vn 0.7661 0.4329 0.4751
vn -0.3395 0.7096 0.6174
vn 0.2619 0.5523 0.7914
vn -0.1225 0.5672 0.8144
vn 0.1154 0.8570 0.5023
vn 0.4220 0.9024 0.0869
vn -0.4760 -0.7928 0.3806
vn -0.6628 -0.6329 0.4002
vn -0.7848 -0.0328 0.6189
vn -0.4469 0.2101 0.8696
vn 0.7860 0.6043 -0.1308
vn 0.8588 0.1201 0.4980
vn 0.4937 0.6470 -0.5811
vn 0.7860 0.6042 -0.1307
vn -0.3185 -0.7756 -0.5450
vn -0.5298 -0.6746 -0.5140
vn -0.2051 -0.5472 -0.8115
vn -0.4727 -0.1476 -0.8688
vn -0.4047 0.5080 -0.7604
vn -0.3185 -0.7756 -0.5451
vn -0.1270 -0.5812 -0.8038
vn -0.1756 0.1319 -0.9756
vn -0.0937 0.8474 -0.5226
vn 0.1040 0.6123 -0.7837
vn -0.0231 0.9970 -0.0740
vn -0.0198 0.9963 -0.0838
vn 0.1806 0.7592 -0.6252
vn 0.1625 0.7539 -0.6366
vn 0.2313 0.8644 -0.4464
vn 0.6330 0.7672 -0.1034
vn 0.5442 0.8379 -0.0425
vn 0.5379 0.8417 -0.0466
vn 0.4274 0.5479 -0.7191
vn 0.4169 0.5522 -0.7220
vn -0.2440 0.9061 -0.3457
vn -0.7271 0.4702 -0.5002
vn -0.7265 0.4543 -0.5155
vn 0.4487 0.8935 -0.0205
vn 0.4374 0.8988 -0.0294
vn 0.0655 0.9233 -0.3786
vn -0.0216 0.8500 -0.5264
vn -0.4199 0.8834 -0.2080
vn -0.1211 0.8447 -0.5214
vn -0.7465 0.6653 -0.0091
vn -0.3724 0.9095 0.1849
vn -0.6783 0.5464 0.4912
vn -0.2880 0.8807 0.3761
vn -0.5194 0.4508 0.7260
vn 0.5792 0.5163 -0.6309
vn 0.6017 0.5012 -0.6220
vn 0.1713 0.6752 -0.7175
vn 0.2233 0.6602 -0.7172
vn 0.2809 0.3629 0.8885
vn 0.1254 0.0632 0.9901
vn -0.7206 0.0049 0.6934
vn -0.7028 0.2430 0.6686
vn 0.6488 0.7437 0.1609
vn 0.3906 0.8327 0.3925
vn 0.1243 0.9463 0.2985
vn 0.0716 0.9968 -0.0353
vn 0.1372 0.9352 0.3265
vn 0.0139 0.5948 0.8037
vn -0.0252 0.5911 0.8062
vn 0.1377 0.7088 0.6918
vn 0.1004 0.6604 0.7442
vn 0.1423 0.7046 0.6952
vn 0.0997 0.6470 0.7559
vn 0.9954 0.0317 0.0906
vn 0.9880 0.1361 -0.0733
vn 0.9814 0.1171 0.1522
vn 0.9747 0.2234 -0.0115
vn 0.9349 0.2474 -0.2543
vn 0.9226 0.3356 -0.1903
vn 0.2075 0.8084 0.5508
vn 0.1813 0.8123 0.5543
vn 0.1863 0.8005 0.5696
vn -0.0595 0.8932 0.4457
vn 0.1231 0.9738 -0.1912
vn 0.1393 0.9658 -0.2187
vn -0.1812 0.5704 0.8012
vn -0.1970 0.5382 0.8195
vn -0.1544 0.5923 0.7908
vn 0.5532 0.7907 -0.2622
vn 0.2028 0.8418 0.5002
vn 0.2043 0.8432 0.4973
vn 0.8144 0.4492 -0.3673
vn 0.8172 0.3616 -0.4489
vn 0.7341 -0.3384 0.5887
vn 0.5140 -0.6560 0.5527
vn 0.7512 -0.3344 0.5691
vn 0.4582 -0.6749 0.5784
vn -0.8415 0.3956 0.3679
vn -0.8188 0.4298 0.3807
vn -0.0935 0.8742 0.4764
vn -0.0349 0.8209 0.5701
vn 0.8152 -0.1875 0.5480
vn 0.8198 -0.1836 0.5424
vn 0.1052 0.6732 0.7319
vn 0.0359 0.6348 0.7719
vn 0.6691 0.1949 0.7171
vn 0.6923 0.2157 0.6886
vn -0.2231 0.9377 0.2663
vn 0.7152 0.2532 0.6515
vn 0.7537 0.6549 -0.0557
vn 0.2606 0.4770 0.8394
vn 0.3415 0.4082 0.8466
vn 0.1858 0.5398 0.8210
vn -0.1094 0.8743 0.4728
vn -0.1272 0.9087 0.3975
vn 0.1649 0.3798 0.9102
vn 0.1372 0.4590 0.8778
vn 0.8665 0.4918 0.0860
vn 0.1133 -0.7530 0.6482
vn 0.1267 -0.7557 0.6426
vn 0.0801 0.3647 0.9277
vn 0.0759 0.3167 0.9455
vn 0.7842 -0.2031 0.5863
vn 0.7877 -0.2008 0.5824
vn 0.2529 0.0430 0.9665
vn 0.2126 0.0619 0.9752
vn -0.9795 0.0386 -0.1979
vn -0.9958 -0.0779 -0.0489
vn -0.9599 0.0847 -0.2671
vn -0.9974 -0.0631 -0.0355
vn 0.6724 -0.3556 0.6492
vn 0.8518 -0.2262 0.4726
vn 0.6797 -0.2606 0.6856
vn 0.8462 -0.1025 0.5229
vn -0.2237 0.2951 0.9289
vn -0.2130 0.4245 0.8800
vn -0.2184 0.2592 0.9408
vn -0.1636 0.3322 0.9289
vn 0.5805 0.1606 0.7983
vn 0.7056 0.2105 0.6766
vn 0.2245 -0.5116 0.8294
vn 0.4631 -0.4485 0.7645
vn 0.2145 -0.4498 0.8670
vn 0.4629 -0.3796 0.8010
vn -0.0283 -0.5414 0.8403
vn -0.0388 -0.4736 0.8799
vn 0.2017 0.8683 -0.4531
vn 0.2979 0.8458 -0.4426
vn 0.0458 0.9857 -0.1622
vn -0.7225 0.6424 -0.2556
vn -0.7226 0.6470 -0.2433
vn -0.7297 0.6010 -0.3259
vn -0.7432 0.5912 -0.3131
vn 0.3842 0.9228 -0.0300
vn 0.3435 0.9381 -0.0451
vn 0.0016 0.9887 -0.1498
vn 0.0643 0.9720 -0.2259
vn -0.7489 0.5275 -0.4010
vn -0.7510 0.5304 -0.3934
vn -0.0583 0.9681 -0.2439
vn -0.1329 0.9762 0.1713
vn 0.9624 -0.0798 0.2597
vn 0.9464 0.0323 0.3213
vn -0.3602 0.2154 0.9077
vn -0.1301 0.1995 0.9712
vn -0.3350 0.2055 0.9196
vn -0.0654 0.1925 0.9791
vn -0.4884 0.6851 0.5404
vn -0.4713 0.6030 0.6436
vn -0.4827 0.6847 0.5461
vn -0.4779 0.6020 0.6396
vn -0.4885 0.7647 0.4202
vn -0.4805 0.7646 0.4296
vn -0.4667 0.5114 0.7215
vn -0.4417 0.3750 0.8150
vn -0.4875 0.5039 0.7131
vn -0.4525 0.3488 0.8207
vn 0.4137 0.0758 0.9073
vn 0.4446 0.8955 0.0215
vn 0.2502 0.8727 0.4193
vn 0.7087 0.7011 -0.0782
vn 0.8855 0.4338 0.1663
vn 0.7903 0.6127 -0.0004
vn -0.2004 0.7301 0.6533
vn -0.1982 0.7299 0.6542
vn -0.1960 0.7303 0.6544
vn -0.1960 0.7305 0.6542
vn 0.0858 0.7018 -0.7072
vn 0.3388 0.7277 -0.5965
vn 0.0630 0.7147 -0.6966
vn 0.2705 0.7534 -0.5993
vn 0.6950 -0.3194 0.6442
vn 0.7158 -0.3172 0.6221
vn 0.3026 -0.5443 0.7824
vn 0.3636 -0.5363 0.7617
vn 0.0710 -0.5957 0.8001
vn 0.0752 -0.5922 0.8023
vn 0.9075 -0.0351 0.4186
vn 0.9079 -0.0349 0.4178
vn 0.0254 -0.5759 0.8172
vn 0.0065 -0.5706 0.8212
vn 0.0318 0.7166 -0.6968
vn 0.0413 0.6895 -0.7231
vn -0.1931 0.7308 0.6547
vn -0.1941 0.7313 0.6539
vn 0.3531 0.2292 0.9071
vn -0.6884 -0.1053 0.7176
vn 0.1678 0.7469 0.6434
vn 0.1676 0.7488 0.6413
vn -0.9974 -0.0630 -0.0356
vn 0.3817 0.1188 0.9166
vn 0.7981 0.4078 -0.4435
vn 0.6995 0.6350 -0.3278
vn 0.8567 0.4736 -0.2045
vn -0.8173 0.5495 0.1734
vn -0.2918 0.9472 0.1327
vn 0.3242 0.9449 -0.0450
vn 0.0030 0.9973 0.0737
vn 0.0262 0.9933 0.1128
vn 0.1389 0.9892 -0.0471
vn 0.0825 0.9966 0.0085
vn 0.0242 0.8289 -0.5589
vn 0.0057 0.8336 -0.5524
vn 0.1071 0.9043 -0.4133
vn 0.1353 0.9293 -0.3436
vn 0.1148 0.9204 -0.3737
vn 0.1377 0.9217 -0.3625
vn -0.0716 0.7450 -0.6632
vn 0.2424 0.7993 -0.5499
vn 0.2960 0.5344 -0.7917
vn 0.3392 0.5293 -0.7777
vn 0.0964 0.8419 -0.5309
vn 0.0763 0.8599 -0.5047
vn -0.1130 -0.0230 0.9933
vn -0.1352 0.0634 0.9888
vn -0.2321 -0.0580 0.9710
vn -0.2281 0.0180 0.9735
vn -0.1006 0.9439 0.3144
vn -0.1273 0.9698 0.2080
vn -0.2101 0.9171 0.3387
vn 0.6031 0.6744 0.4259
vn -0.0753 0.5216 0.8499
vn -0.1211 0.5519 0.8250
vn -0.1374 0.3390 0.9307
vn -0.1572 0.4778 0.8643
vn 0.4498 -0.0396 0.8922
vn 0.7470 0.2269 0.6249
vn 0.2659 0.2152 0.9397
vn 0.4294 0.4667 0.7731
vn -0.0717 0.6648 0.7436
vn 0.1390 -0.2094 0.9679
vn 0.0635 0.0766 0.9950
vn -0.1061 0.9805 0.1654
vn -0.0824 0.8095 0.5813
vn 0.7174 -0.2066 0.6654
vn 0.7182 -0.2089 0.6637
vn -0.2088 0.6260 0.7513
vn 0.2443 0.0075 0.9697
vn 0.1964 0.7725 0.6039
vn 0.1941 0.7799 0.5951
vn 0.0095 -0.3195 0.9475
vn -0.0855 -0.0182 0.9962
vn -0.2283 0.0182 0.9734
vn -0.2351 -0.1125 0.9654
vn -0.0889 0.7126 0.6959
vn 0.4264 0.6820 0.5942
vn 0.7574 0.5071 0.4113
vn 0.1428 0.7255 0.6733
vn 0.3299 0.9371 -0.1142
vn 0.6985 0.1594 0.6977
vn -0.3992 0.9154 -0.0516
vn -0.5947 0.7786 -0.2004
vn 0.8781 0.0319 0.4774
vn 0.8142 0.4730 0.3367
vn 0.3107 0.8869 -0.3418
vn 0.3298 0.9371 -0.1143
vn 0.2662 0.9592 -0.0954
vn 0.2553 0.9567 -0.1395
vn 0.2782 0.9290 -0.2439
vn 0.3187 0.9037 -0.2859
vn -0.1111 0.8551 -0.5064
vn -0.1678 0.9444 -0.2828
vn 0.2684 0.8918 -0.3641
vn 0.3351 0.9082 -0.2509
vn 0.3768 0.8102 -0.4489
vn 0.3839 0.8512 -0.3578
vn 0.3075 0.9234 -0.2296
vn 0.3208 0.8960 -0.3071
vn 0.4649 0.5072 -0.7256
vn 0.4638 0.5075 -0.7262
vn 0.1395 0.9770 -0.1612
vn 0.3588 0.8464 -0.3935
vn 0.4484 0.5108 -0.7335
vn 0.4414 0.5122 -0.7367
vn 0.3149 0.8988 -0.3048
vn 0.3177 0.8954 -0.3120
vn 0.2266 0.9506 -0.2120
vn 0.2722 0.9518 -0.1410
vn 0.3532 0.9107 -0.2143
vn 0.3527 0.8739 -0.3345
vn 0.3690 0.8949 -0.2512
vn 0.4407 0.8576 -0.2652
vn 0.6308 0.7509 0.1953
vn 0.4668 0.8841 0.0218
vn 0.6435 0.7318 -0.2244
vn 0.8203 0.5715 0.0219
vn -0.8327 0.5498 -0.0665
vn 0.3187 0.9401 -0.1209
vn 0.2013 0.9786 -0.0432
vn 0.3081 0.8719 -0.3807
vn 0.2786 0.9254 -0.2568
vn 0.4445 0.8955 0.0215
vn 0.1423 0.9768 -0.1601
vn 0.2518 0.9271 -0.2776
vn -0.0129 0.9990 0.0417
vn -0.0117 0.9919 0.1266
vn 0.0194 0.5607 -0.8278
vn -0.4727 -0.1477 -0.8687
vn 0.8142 0.4729 0.3367
vn 0.3096 0.8485 -0.4291
vn -0.0601 0.9943 0.0876
vn -0.0475 0.9947 0.0916
vn -0.9273 0.3324 -0.1720
vn -0.8879 0.4081 -0.2122
vn -0.8683 0.4507 -0.2071
vn -0.8487 0.4775 -0.2274
vn -0.8149 0.5166 -0.2629
vn -0.8107 0.5213 -0.2665
vn -0.8298 0.4024 -0.3867
vn -0.7818 0.5191 -0.3454
vn -0.8077 0.4792 -0.3436
vn -0.7813 0.5195 -0.3460
vn -0.7981 0.3036 -0.5205
vn -0.8372 0.3654 -0.4070
vn -0.7508 0.3073 -0.5848
vn -0.7613 0.2999 -0.5748
vn -0.0315 0.9823 0.1848
vn -0.1548 0.9621 0.2245
vn -0.1479 0.9730 0.1772
vn 0.0921 0.8373 0.5390
vn 0.1143 0.8220 0.5579
vn 0.1361 0.7781 0.6132
vn 0.0961 0.8466 0.5235
vn 0.2961 0.5344 -0.7917
vn -0.1202 0.8829 -0.4540
vn -0.0103 0.9285 -0.3712
vn -0.2460 0.7743 -0.5830
vn -0.0876 0.8695 -0.4861
vn -0.5437 0.7024 -0.4594
vn -0.0797 0.9949 -0.0612
vn -0.0756 0.9843 -0.1595
vn -0.0674 0.9780 -0.1974
vn -0.2973 0.6267 -0.7203
vn -0.4101 0.5286 -0.7432
vn -0.3754 0.5598 -0.7387
vn -0.3438 0.6778 -0.6498
vn -0.2296 0.7755 -0.5881
vn -0.1532 0.9163 -0.3700
vn -0.0856 0.9737 -0.2111
vn -0.0195 0.9945 -0.1033
vn 0.0020 0.9963 -0.0857
vn -0.5677 0.4075 -0.7153
vn -0.9495 0.1041 -0.2959
vn -0.6386 0.4223 -0.6434
vn -0.9391 -0.2520 -0.2337
vn -0.7620 -0.6125 0.2104
vn -0.7256 0.2753 -0.6306
vn -0.5871 -0.6764 0.4446
vn -0.6456 -0.6342 0.4254
vn -0.5911 -0.6878 0.4213
vn 0.7223 0.5027 -0.4750
vn 0.7855 0.4349 -0.4402
vn 0.8002 0.0748 -0.5950
vn 0.8332 -0.1289 -0.5377
vn 0.6464 0.7286 -0.2264
vn 0.6517 0.7225 -0.2309
vn -0.9292 0.0791 0.3610
vn -0.9699 0.1382 -0.2007
vn -0.9533 0.1554 -0.2590
vn -0.7514 0.1312 -0.6467
vn -0.7415 0.1511 -0.6537
vn -0.9105 -0.1882 0.3681
vn -0.2383 -0.4626 0.8539
vn -0.3002 -0.4580 0.8367
vn -0.2283 -0.5400 0.8101
vn -0.2941 -0.5346 0.7923
vn -0.1660 0.5977 0.7843
vn 0.0186 0.2052 0.9785
vn 0.0184 0.2052 0.9785
vn 0.1254 0.0630 0.9901
vn -0.0377 0.5222 0.8520
vn -0.0929 0.6535 0.7512
vn -0.0467 0.7298 0.6821
vn -0.0303 0.8101 0.5856
vn -0.0898 0.8534 0.5134
vn -0.1789 0.8417 0.5094
vn -0.1891 0.8009 0.5681
vn 0.0882 0.8083 0.5822
vn 0.0882 0.8070 0.5839
vn 0.0501 0.7066 -0.7058
vn -0.0704 0.3264 0.9426
vn -0.1660 0.2912 0.9422
vn -0.0559 0.5122 0.8570
vn 0.5440 0.4165 0.7284
vn -0.0558 0.5122 0.8571
vn 0.7518 -0.1151 0.6493
vn 0.9808 0.0933 0.1710
vn -0.6945 -0.7177 -0.0511
vn -0.0343 -0.5751 0.8174
vn 0.4839 -0.2754 0.8307
vn -0.2117 0.7081 -0.6736
vn -0.1005 0.8317 -0.5461
vn -0.3820 0.5797 -0.7198
vn -0.5114 0.4797 -0.7129
vn -0.1549 0.7173 0.6794
vn -0.1814 0.7199 0.6700
vn -0.1456 0.7209 0.6776
vn -0.1907 0.7270 0.6597
vn -0.1770 0.7272 0.6633
vn -0.1983 0.7309 0.6531
vn -0.1980 0.7321 0.6518
vn 0.0018 0.5399 -0.8417
vn -0.5171 0.4285 -0.7409
vn 0.0037 0.8224 -0.5689
vn -0.4176 0.3768 -0.8269
vn 0.8995 0.2905 -0.3265
vn 0.7288 0.4150 -0.5447
vn -0.7443 0.3585 -0.5635
vn -0.7243 0.6182 -0.3055
vn -0.7443 0.3585 -0.5634
vn -0.9495 -0.0880 -0.3012
vn -0.4256 0.3965 -0.8134
vn -0.2548 0.0626 -0.9650
vn -0.4013 0.6405 -0.6547
vn -0.2771 0.1728 -0.9452
vn -0.9115 0.3151 -0.2644
vn -0.7243 0.6181 -0.3055
vn -0.4247 -0.8445 0.3263
vn -0.3184 -0.7755 -0.5452
vn -0.4305 -0.8324 0.3488
vn -0.3336 -0.7939 -0.5084
vn 0.8455 0.3402 -0.4116
vn 0.8191 0.3602 -0.4465
vn 0.3058 0.9511 -0.0434
vn 0.3280 0.9438 -0.0397
vn 0.4434 0.8903 -0.1032
vn 0.5572 0.8135 -0.1667
vn -0.9777 -0.1472 -0.1496
vn -0.4065 -0.3004 -0.8629
vn -0.8429 -0.5372 -0.0318
vn -0.3360 -0.5457 -0.7676
vn -0.9091 0.3407 -0.2397
vn -0.4240 -0.0007 -0.9057
vn -0.6364 0.6929 -0.3389
vn -0.2944 0.1934 -0.9359
vn -0.1561 0.8587 -0.4882
vn -0.1074 0.2111 -0.9716
vn -0.3509 0.8264 -0.4403
vn -0.1643 0.1938 -0.9672
vn 0.2787 0.7566 -0.5916
vn -0.0289 0.1577 -0.9871
vn 0.0535 0.8411 -0.5382
vn -0.0528 0.1756 -0.9830
vn 0.6195 0.3441 -0.7056
vn -0.0669 0.1330 -0.9889
vn 0.4638 0.6118 -0.6408
vn -0.0502 0.1129 -0.9923
vn 0.3102 0.2606 -0.9143
vn -0.7039 0.2482 -0.6655
vn 0.5982 0.1863 -0.7794
vn -0.2143 0.1358 -0.9673
vn -0.2142 0.1358 -0.9673
vn -0.8500 0.1913 -0.4909
vn -0.0668 0.1330 -0.9889
vn -0.6437 -0.0989 -0.7588
vn -0.7223 -0.6639 0.1940
vn -0.7389 -0.5112 0.4390
vn -0.8033 -0.3394 0.4895
vn -0.8039 -0.0791 0.5894
vn -0.4818 -0.3144 -0.8179
vn -0.2983 -0.3851 -0.8733
vn -0.3250 -0.9390 -0.1127
vn -0.6173 -0.7014 0.3564
vn -0.1074 -0.3891 -0.9149
vn -0.0288 -0.3664 -0.9300
vn -0.1074 0.2111 -0.9715
vn 0.1459 -0.9893 -0.0072
vn -0.1703 -0.9817 0.0850
vn -0.1912 -0.9741 0.1204
vn 0.0473 -0.3568 -0.9330
vn 0.1840 -0.3002 -0.9360
vn -0.1644 0.1938 -0.9672
vn 0.6596 -0.6826 -0.3145
vn 0.3285 -0.9421 -0.0672
vn 0.4397 -0.8857 -0.1489
vn 0.2407 -0.2266 -0.9438
vn -0.4241 -0.0006 -0.9056
vn 0.8505 -0.4529 -0.2675
vn 0.8621 -0.3959 -0.3163
vn 0.2770 -0.2232 -0.9346
vn 0.9482 0.1024 -0.3008
vn 0.9520 0.0223 -0.3054
vn -0.3361 -0.5458 -0.7676
vn 0.2224 -0.1792 -0.9583
vn -0.1781 -0.6566 -0.7329
vn 0.8515 0.4338 -0.2946
vn 0.7742 0.5837 -0.2448
vn 0.3557 0.8863 -0.2964
vn 0.7050 0.5200 -0.4823
vn 0.7620 0.3109 -0.5682
vn -0.8976 0.3589 0.2559
vn -0.5640 0.8201 0.0967
vn -0.0804 0.9902 -0.1145
vn -0.7109 -0.4239 0.5611
vn -0.7264 -0.4162 0.5469
vn -0.4703 -0.8642 -0.1787
vn -0.3330 -0.8845 -0.3267
vn -0.3254 -0.6597 -0.6774
vn -0.1877 0.4787 -0.8577
vn -0.3782 0.4399 -0.8145
vn 0.0124 0.9941 0.1081
vn 0.0068 0.9950 0.0996
vn -0.4760 -0.7928 0.3807
vn -0.3395 0.7095 0.6175
vn -0.8540 0.3565 -0.3789
vn -0.6913 -0.4879 0.5329
vn -0.4523 -0.8075 -0.3786
vn -0.7832 -0.6201 -0.0458
vn 0.2196 -0.6243 0.7496
vn -0.5117 0.7764 0.3679
vn -0.5119 0.7794 0.3614
vn 0.0454 -0.0151 0.9989
vn -0.0324 0.1132 0.9930
vn -0.7492 0.0672 0.6589
vn -0.7429 0.1354 0.6555
vn -0.6473 0.5635 0.5133
vn -0.6176 0.6055 0.5019
vn -0.3481 0.6573 0.6684
vn -0.7391 0.0904 0.6675
vn -0.7930 -0.1666 0.5860
vn -0.4464 -0.8044 0.3920
vn -0.4315 -0.8260 0.3625
vn -0.2689 0.5026 -0.8216
vn -0.4046 0.5081 -0.7604
vn -0.2915 0.4976 -0.8170
vn -0.1289 -0.1344 -0.9825
vn -0.1289 -0.1343 -0.9825
vn -0.1290 -0.1343 -0.9825
vn -0.8052 -0.3699 0.4636
vn -0.7150 -0.4220 0.5575
vn -0.1791 0.7182 -0.6724
vn -0.3173 0.6013 -0.7334
vn 0.3299 0.9371 -0.1143
vn -0.4816 0.4339 -0.7615
vn -0.7452 0.5028 -0.4380
vn 0.5755 -0.2809 0.7680
vn 0.5725 -0.2768 0.7717
vn 0.4493 -0.3596 0.8178
vn 0.4346 -0.3744 0.8191
vn 0.8243 0.2236 0.5202
vn 0.7706 0.2244 0.5965
vn 0.7513 0.2370 0.6159
vn 0.8869 0.1438 0.4390
vn 0.8565 0.1773 0.4847
vn 0.8499 0.1661 0.5002
vn 0.8666 0.1181 0.4848
vn 0.2190 0.3282 0.9189
vn -0.2569 -0.6433 0.7212
vn -0.2741 -0.6400 0.7179
vn 0.1708 0.2975 0.9393
vn 0.1868 0.2730 0.9437
vn 0.8051 0.2140 0.5532
vn 0.8132 0.1098 0.5715
vn -0.5563 -0.3813 0.7383
vn -0.5793 -0.3588 0.7319
vn -0.1085 0.4076 0.9067
vn -0.1802 0.2914 0.9395
vn -0.5792 -0.3589 0.7319
vn -0.5562 -0.3814 0.7383
vn -0.0291 0.2086 0.9776
vn -0.0755 0.2605 0.9625
vn 0.0795 0.0413 0.9960
vn 0.0490 0.6130 0.7886
vn 0.0925 0.1224 0.9882
vn -0.9459 -0.2879 0.1495
vn -0.9539 -0.2856 0.0922
vn -0.9602 -0.2597 0.1028
vn -0.9459 -0.2880 0.1494
vn -0.7832 -0.6201 -0.0457
vn -0.1297 -0.6105 0.7813
vn -0.6946 -0.7176 -0.0510
vn 0.8571 0.4703 0.2103
vn 0.8781 0.4493 0.1646
vn 0.6838 -0.2290 0.6928
vn 0.6897 -0.2250 0.6882
vn 0.7230 0.6181 0.3085
vn -0.2441 0.9060 -0.3458
vn -0.4643 0.7942 -0.3920
vn -0.4643 0.7941 -0.3921
vn -0.7348 0.4787 -0.4806
vn -0.9756 -0.1740 0.1342
vn -0.9599 0.0848 -0.2672
vn -0.6885 -0.1053 0.7176
vn -0.7206 0.0049 0.6933
vn -0.6946 -0.7176 -0.0511
vn -0.7896 -0.6135 -0.0164
vn -0.9755 -0.1741 0.1343
vn -0.8032 -0.5949 -0.0291
vn -0.8308 -0.5525 0.0670
vn -0.0963 0.8350 0.5417
vn -0.1419 0.3894 0.9101
vn -0.3314 -0.1224 0.9355
vn -0.1416 -0.5439 0.8271
vn -0.3304 -0.5301 0.7809
vn 0.2746 0.4718 0.8379
vn 0.3560 -0.0560 0.9328
vn 0.5978 -0.3943 0.6980
vn 0.4294 -0.4599 0.7773
vn -0.0809 0.8377 0.5401
vn -0.0776 0.8363 0.5427
vn -0.0732 0.8367 0.5427
vn -0.0703 0.8387 0.5401
vn 0.4208 0.5689 0.7066
vn 0.6378 0.0767 0.7664
vn 0.8575 -0.2212 0.4644
vn 0.7418 -0.3135 0.5929
vn -0.0928 0.8312 0.5482
vn -0.0867 0.8285 0.5533
vn -0.0788 0.8274 0.5561
vn -0.0703 0.8280 0.5562
vn -0.0625 0.8305 0.5536
vn -0.0566 0.8343 0.5484
vn -0.0537 0.8389 0.5416
vn -0.3477 0.4159 0.8403
vn -0.6335 -0.0420 0.7726
vn -0.5079 -0.4945 0.7053
vn -0.6628 -0.4411 0.6051
vn 0.0766 0.4092 0.9092
vn 0.0163 -0.1269 0.9918
vn 0.2473 -0.5076 0.8253
vn 0.0535 -0.5358 0.8427
vn -0.5113 0.4835 0.7105
vn -0.8460 0.0950 0.5247
vn -0.7994 -0.3731 0.4710
vn -0.8998 -0.2903 0.3259
vn -0.6070 0.5836 0.5394
vn -0.9331 0.2732 0.2337
vn -0.9662 -0.1954 0.1681
vn -0.9956 -0.0932 0.0049
vn 0.4934 0.6860 0.5348
vn 0.8174 0.2521 0.5179
vn 0.9871 -0.0139 0.1596
vn 0.9407 -0.1191 0.3177
vn -0.9687 -0.1564 0.1929
vn -0.9895 0.0514 -0.1354
vn -0.9689 -0.1566 0.1917
vn -0.9895 0.0513 -0.1355
vn 0.9826 0.0243 0.1841
vn 0.8535 -0.1824 0.4882
vn 0.5938 -0.3555 0.7218
vn 0.5939 -0.3555 0.7218
vn 0.2433 -0.4688 0.8491
vn -0.1432 -0.5038 0.8518
vn -0.1448 -0.5050 0.8509
vn -0.5106 -0.4561 0.7288
vn -0.5090 -0.4555 0.7304
vn -0.8010 -0.3335 0.4971
vn -0.8011 -0.3341 0.4967
vn -0.9870 0.0130 -0.1603
vn -0.6193 0.7007 0.3544
vn -0.7212 0.5885 -0.3654
vn -0.8589 0.4615 -0.2222
vn -0.9586 0.2086 0.1937
vn -0.9474 0.3199 -0.0138
vn -0.5474 0.6693 -0.5024
vn -0.3071 0.7469 -0.5897
vn -0.0770 0.7967 -0.5995
vn 0.1585 0.7903 -0.5919
vn 0.4097 0.7585 -0.5068
vn 0.5968 0.7113 -0.3714
vn 0.7568 0.6120 -0.2296
vn 0.8718 0.4893 -0.0221
vn 0.9054 0.3822 0.1851
vn 0.8970 0.2389 0.3720
vn -0.1902 0.8101 0.5545
vn 0.8545 -0.1902 0.4834
vn 0.9837 0.0166 0.1792
vn 0.5948 -0.3634 0.7171
vn 0.2441 -0.4768 0.8445
vn -0.1441 -0.5129 0.8463
vn -0.1441 -0.5129 0.8462
vn -0.5108 -0.4664 0.7222
vn -0.5109 -0.4664 0.7221
vn -0.8002 -0.3443 0.4910
vn -0.1357 0.7743 0.6181
vn -0.1702 0.7888 0.5906
vn -0.9682 -0.1652 0.1881
vn -0.5113 0.4834 0.7105
vn -0.0835 0.8369 0.5410
vn -0.8288 0.1394 0.5419
vn -0.8651 0.5009 -0.0269
vn -0.3279 -0.0721 0.9420
vn -0.3280 -0.0720 0.9419
vn 0.7937 0.2905 0.5345
vn 0.3441 -0.0094 0.9389
vn 0.3442 -0.0094 0.9389
vn -0.0714 0.8352 0.5453
vn -0.0785 0.8348 0.5449
vn 0.2746 0.4718 0.8378
vn -0.3477 0.4158 0.8404
vn -0.9891 0.0436 -0.1405
vn -0.0920 0.7687 0.6329
vn -0.0458 0.7730 0.6327
vn -0.0040 0.7865 0.6175
vn 0.0269 0.8072 0.5897
vn 0.0423 0.8318 0.5534
vn 0.8175 0.2521 0.5179
vn 0.0164 -0.1269 0.9918
vn 0.6378 0.0766 0.7664
vn 0.3561 -0.0561 0.9328
vn -0.3315 -0.1225 0.9355
vn -0.0101 0.8086 0.5883
vn 0.0122 0.8443 0.5358
vn -0.0707 0.7890 0.6103
vn -0.1340 0.7970 0.5889
vn -0.1630 0.8280 0.5366
vn -0.0168 0.8752 0.4834
vn -0.0801 0.8833 0.4620
vn -0.1407 0.8637 0.4840
vn -0.1280 0.9902 -0.0560
vn 0.8341 -0.1830 0.5204
vn 0.2332 -0.5741 0.7849
vn 0.1193 -0.1698 0.9782
vn -0.9618 -0.2558 0.0975
vn -0.8252 0.5567 -0.0958
vn -0.3041 0.8959 -0.3240
vn 0.7332 0.6228 0.2730
vn -0.1848 0.7294 0.6587
vn -0.2491 0.6526 -0.7156
vn 0.4912 0.6861 -0.5366
vn -0.7221 -0.6640 0.1941
vn 0.4105 -0.0380 -0.9111
vn 0.3495 0.0486 -0.9357
vn 0.5747 0.0279 -0.8179
vn 0.5932 0.1088 -0.7977
vn 0.6948 0.0849 -0.7142
vn 0.7012 0.0382 -0.7119
vn 0.2011 -0.2191 -0.9548
vn 0.2122 0.2674 -0.9399
vn 0.3584 0.3338 -0.8718
vn 0.0714 -0.5573 -0.8273
vn 0.1052 -0.4303 -0.8966
vn 0.0867 -0.4236 -0.9017
vn 0.2072 0.0948 -0.9737
vn 0.1618 0.2443 -0.9561
vn 0.1495 -0.1316 -0.9800
vn 0.1235 -0.1209 -0.9849
vn 0.1408 0.3889 -0.9105
vn 0.0452 -0.8483 -0.5276
vn -0.0576 -0.8355 -0.5464
vn 0.0343 -0.8416 -0.5390
vn -0.0837 -0.8318 -0.5488
vn 0.5930 -0.7804 0.1982
vn 0.5644 -0.8043 0.1858
vn 0.3716 -0.9240 0.0898
vn 0.3533 -0.9295 0.1055
vn 0.7011 0.6223 0.3482
vn 0.7284 0.5893 0.3496
vn 0.8447 0.4292 0.3200
vn 0.8705 0.3845 0.3071
vn -0.8160 -0.3054 -0.4909
vn -0.6293 -0.7417 -0.2321
vn -0.8203 -0.3120 -0.4794
vn -0.6172 -0.7588 -0.2081
vn 0.7221 0.0100 -0.6918
vn 0.7444 -0.0156 -0.6675
vn 0.5666 0.3861 -0.7279
vn 0.5114 0.3190 -0.7979
vn 0.1542 -0.1356 -0.9787
vn 0.7649 -0.0504 -0.6422
vn 0.1086 -0.3795 -0.9188
vn 0.6283 0.2296 -0.7433
vn 0.1116 -0.4912 -0.8639
vn 0.7749 -0.0951 -0.6249
vn 0.2867 -0.8990 0.3310
vn -0.6172 -0.7588 -0.2080
vn 0.1627 -0.9309 0.3271
vn 0.1396 -0.9569 -0.2546
vn 0.1141 -0.9540 -0.2771
vn -0.8030 0.1642 -0.5730
vn -0.7986 -0.0134 -0.6017
vn -0.8042 0.1573 -0.5732
vn -0.7948 -0.0311 -0.6061
vn 0.7680 -0.3607 0.5293
vn 0.8224 -0.3720 0.4306
vn 0.7752 -0.3624 0.5174
vn 0.8276 -0.3729 0.4196
vn -0.7968 -0.2019 -0.5695
vn -0.7986 -0.1882 -0.5716
vn 0.0775 -0.9015 -0.4257
vn 0.1003 -0.9014 -0.4211
vn 0.5691 0.7513 0.3342
vn 0.5923 0.7328 0.3350
vn 0.9426 0.2190 0.2519
vn 0.9478 0.2053 0.2440
vn 0.4561 0.7909 0.4080
vn 0.4647 0.7918 0.3963
vn -0.2313 -0.8490 -0.4751
vn -0.2444 -0.8519 -0.4632
vn -0.3301 0.8115 0.4822
vn -0.2662 0.5571 0.7867
vn -0.3193 0.8016 0.5055
vn -0.2802 0.5874 0.7592
vn -0.9880 -0.0611 0.1421
vn -0.9860 -0.0668 0.1527
vn -0.9938 -0.0007 -0.1111
vn -0.9963 -0.0279 -0.0817
vn 0.6618 -0.6863 0.3016
vn 0.0897 -0.9831 0.1598
vn 0.8013 -0.5379 -0.2619
vn 0.1417 -0.9466 -0.2897
vn -0.2556 0.3801 -0.8889
vn -0.2544 0.3963 -0.8822
vn -0.2404 0.4535 -0.8582
vn -0.2360 0.4707 -0.8502
vn 0.8012 -0.5380 -0.2619
vn -0.9332 -0.2235 0.2813
vn -0.9987 -0.0171 -0.0476
vn -0.9000 0.1992 -0.3878
vn -0.9987 -0.0171 -0.0477
vn 0.7919 0.3368 -0.5094
vn 0.1617 -0.8082 -0.5663
vn 0.1605 -0.8067 -0.5688
vn -0.9879 -0.0611 0.1422
vn -0.9022 -0.1257 0.4126
vn -0.9860 -0.0668 0.1528
vn -0.8556 -0.1311 0.5008
vn -0.3476 0.9255 0.1503
vn -0.3301 0.8116 0.4821
vn -0.3281 0.9177 0.2238
vn -0.3193 0.8016 0.5054
vn -0.4350 -0.4083 -0.8025
vn -0.0375 -0.9174 -0.3962
vn -0.6233 -0.4819 -0.6158
vn -0.7205 -0.5810 -0.3785
vn -0.7121 -0.6906 -0.1267
vn -0.5996 -0.7938 0.1017
vn -0.3998 -0.8753 0.2720
vn -0.1432 -0.9226 0.3582
vn 0.1316 -0.9285 0.3473
vn 0.3827 -0.8919 0.2408
vn 0.5721 -0.8184 0.0544
vn 0.6702 -0.7191 -0.1837
vn 0.6612 -0.6102 -0.4365
vn 0.5484 -0.5075 -0.6646
vn 0.3484 -0.4256 -0.8352
vn 0.0909 -0.3775 -0.9216
vn -0.1843 -0.3715 -0.9099
vn 0.5244 0.1501 -0.8381
vn 0.9223 0.0052 -0.3864
vn -0.0270 0.2350 -0.9716
vn -0.5666 0.0839 -0.8197
vn -0.7819 0.0114 -0.6234
vn 0.6820 -0.7110 0.1717
vn -0.0361 -0.9171 -0.3970
vn 0.7873 -0.4658 -0.4040
vn 0.4196 -0.2483 -0.8731
vn -0.2057 -0.1858 -0.9608
vn -0.7222 -0.3150 -0.6157
vn -0.8275 -0.5601 -0.0402
vn -0.4598 -0.7776 0.4289
vn 0.1654 -0.8401 0.5166
vn 0.1760 -0.7993 0.5746
vn 0.7161 -0.6644 0.2137
vn 0.2215 -0.4447 0.8679
vn 0.8437 -0.2893 0.4522
vn -0.4778 -0.7339 0.4829
vn -0.5316 -0.3692 0.7623
vn -0.8630 -0.5051 -0.0086
vn -0.9753 -0.1056 0.1938
vn -0.7527 -0.2460 -0.6106
vn -0.8445 0.1942 -0.4992
vn -0.2132 -0.1124 -0.9705
vn -0.2216 0.3480 -0.9109
vn 0.4414 -0.1809 -0.8789
vn 0.5291 0.2665 -0.8056
vn 0.8262 -0.4083 -0.3882
vn 0.9706 0.0048 -0.2408
vn -0.0363 -0.9170 -0.3971
vn 0.9404 -0.1529 -0.3039
vn 0.5083 0.1027 -0.8550
vn -0.2263 0.1760 -0.9580
vn -0.8331 0.0239 -0.5526
vn -0.9566 -0.2640 0.1234
vn -0.5248 -0.5195 0.6743
vn 0.2096 -0.5929 0.7775
vn 0.8166 -0.4410 0.3724
vn 0.8703 0.2704 -0.4117
vn 0.8720 0.2801 -0.4014
vn 0.8091 0.3542 -0.4689
vn 0.8183 0.3506 -0.4555
vn -0.8560 -0.4930 0.1556
vn -0.8169 -0.5079 0.2733
vn -0.8612 -0.4863 0.1477
vn -0.8177 -0.5021 0.2814
vn 0.1246 0.4331 -0.8927
vn 0.1010 0.4282 -0.8980
vn 0.5160 0.4426 -0.7334
vn 0.4852 0.4501 -0.7497
vn -0.3231 0.2690 -0.9073
vn -0.2471 0.3082 -0.9187
vn -0.7308 0.0107 -0.6825
vn -0.7670 -0.0337 -0.6408
vn -0.9260 -0.3181 -0.2034
vn -0.9245 -0.3283 -0.1937
vn 0.1222 -0.8981 -0.4224
vn 0.1371 -0.9016 -0.4103
vn 0.1140 -0.8813 -0.4585
vn 0.1032 -0.8697 -0.4826
vn 0.0969 -0.8548 -0.5099
vn 0.1014 -0.8580 -0.5035
vn 0.0966 -0.8379 -0.5372
vn 0.1216 -0.8478 -0.5162
vn 0.1292 -0.8473 -0.5152
vn 0.1235 -0.8453 -0.5197
vn 0.1273 -0.8394 -0.5284
vn -0.0389 -0.8671 -0.4966
vn -0.0389 -0.8646 -0.5010
vn -0.0183 -0.8748 -0.4842
vn -0.0209 -0.8772 -0.4796
vn -0.9858 -0.1287 -0.1082
vn -0.9091 -0.3436 0.2356
vn -0.9857 -0.1362 -0.0991
vn -0.9092 -0.3443 0.2339
vn 0.8210 0.2932 -0.4898
vn 0.8153 0.3006 -0.4948
vn 0.4954 0.4496 -0.7433
vn 0.4850 0.4553 -0.7467
vn 0.8503 0.2557 -0.4601
vn 0.9487 0.1411 -0.2829
vn 0.0922 -0.8559 -0.5089
vn 0.0884 -0.8543 -0.5122
vn 0.0905 -0.8533 -0.5136
vn 0.0908 -0.8640 -0.4952
vn 0.0117 -0.8564 -0.5162
vn 0.0136 -0.8569 -0.5152
vn 0.0240 -0.8541 -0.5195
vn 0.0199 -0.8583 -0.5127
vn 0.0933 -0.8536 -0.5124
vn 0.0944 -0.8528 -0.5137
vn 0.4785 0.4491 -0.7545
vn -0.9933 -0.0433 -0.1071
vn -0.9431 -0.2618 0.2049
vn 0.0519 -0.8369 -0.5448
vn 0.0610 -0.8305 -0.5537
vn -0.8858 -0.3443 0.3111
vn 0.8958 0.2213 -0.3854
vn 0.8959 0.2220 -0.3849
vn -0.8513 -0.4051 0.3334
vn -0.8513 -0.4055 0.3330
vn 0.0933 0.5097 -0.8553
vn -0.3209 0.4806 -0.8161
vn 0.1021 0.4984 -0.8609
vn 0.1013 0.4989 -0.8607
vn -0.3146 0.4324 -0.8450
vn -0.2978 0.4371 -0.8487
vn -0.7922 0.1971 -0.5776
vn -0.8080 0.1837 -0.5598
vn 0.0898 -0.8149 -0.5726
vn 0.0953 -0.8234 -0.5594
vn 0.0695 -0.8271 -0.5577
vn 0.0580 -0.8288 -0.5566
vn 0.0204 -0.8412 -0.5403
vn 0.0169 -0.8457 -0.5334
vn -0.8072 0.2704 -0.5247
vn 0.1141 -0.8840 -0.4533
vn 0.0518 -0.8003 -0.5974
vn 0.1237 -0.7923 -0.5975
vn 0.0485 -0.8003 -0.5976
vn 0.1133 -0.7913 -0.6008
vn -0.0278 -0.8267 -0.5620
vn -0.0337 -0.8384 -0.5441
vn 0.0385 -0.8531 -0.5204
vn 0.0471 -0.8487 -0.5268
vn 0.1390 -0.8414 -0.5222
vn 0.1356 -0.8422 -0.5218
vn 0.1239 -0.8930 -0.4326
vn -0.8454 0.1268 -0.5189
vn -0.5801 0.2312 -0.7811
vn -0.6232 -0.4820 -0.6159
vn -0.4350 -0.4084 -0.8025
vn -0.9826 -0.0134 -0.1852
vn -0.7204 -0.5811 -0.3786
vn -0.9711 -0.1681 0.1696
vn -0.9826 -0.0134 -0.1851
vn -0.7120 -0.6906 -0.1267
vn -0.7205 -0.5811 -0.3786
vn -0.8125 -0.3136 0.4914
vn -0.5995 -0.7939 0.1017
vn -0.5310 -0.4281 0.7313
vn -0.3998 -0.8754 0.2719
vn -0.1432 -0.9226 0.3581
vn -0.1694 -0.4940 0.8528
vn 0.2176 -0.5014 0.8374
vn 0.1316 -0.9285 0.3472
vn 0.3827 -0.8920 0.2406
vn 0.5708 -0.4490 0.6874
vn 0.5720 -0.8184 0.0542
vn 0.8367 -0.3449 0.4255
vn 0.6701 -0.7191 -0.1839
vn 0.9745 -0.2048 0.0915
vn 0.9630 -0.0511 -0.2648
vn 0.6701 -0.7192 -0.1838
vn 0.5483 -0.5076 -0.6646
vn 0.8036 0.0935 -0.5878
vn 0.5209 0.2087 -0.8277
vn 0.3483 -0.4257 -0.8351
vn 0.1588 0.2761 -0.9479
vn 0.0908 -0.3775 -0.9215
vn -0.2274 0.2837 -0.9316
vn -0.1843 -0.3716 -0.9099
vn 0.3407 -0.5299 -0.7766
vn 0.0537 -0.4559 -0.8884
vn 0.7559 -0.6477 -0.0951
vn 0.4569 -0.8836 0.1028
vn -0.2374 -0.5488 -0.8015
vn -0.4395 -0.5229 -0.7304
vn 0.0762 -0.8394 -0.5382
vn 0.0547 -0.8389 -0.5415
vn 0.0574 -0.8345 -0.5480
vn 0.1421 -0.3894 -0.9100
vn -0.0158 0.1272 -0.9918
vn 0.1413 0.5439 -0.8272
vn -0.0530 0.5358 -0.8427
vn 0.5122 -0.4825 -0.7105
vn 0.6337 0.0424 -0.7724
vn 0.7979 0.3752 -0.4719
vn 0.6649 0.4449 -0.6000
vn 0.0703 -0.8386 -0.5401
vn 0.0732 -0.8367 -0.5427
vn 0.0776 -0.8363 -0.5427
vn 0.0809 -0.8377 -0.5401
vn 0.6070 -0.5831 -0.5399
vn 0.8448 -0.0970 -0.5262
vn 0.9659 0.1962 -0.1690
vn 0.8991 0.2910 -0.3270
vn 0.0628 -0.8308 -0.5531
vn 0.0703 -0.8283 -0.5559
vn 0.0787 -0.8274 -0.5561
vn 0.0868 -0.8283 -0.5536
vn 0.0933 -0.8309 -0.5486
vn 0.0971 -0.8348 -0.5419
vn 0.0977 -0.8395 -0.5346
vn -0.0766 -0.4088 -0.9094
vn -0.3569 0.0584 -0.9323
vn -0.2481 0.5075 -0.8252
vn -0.4301 0.4597 -0.7770
vn 0.3490 -0.4152 -0.8401
vn 0.3320 0.1221 -0.9353
vn 0.5087 0.4973 -0.7028
vn 0.3311 0.5305 -0.7804
vn -0.2742 -0.4719 -0.8379
vn -0.6390 -0.0740 -0.7657
vn -0.5980 0.3944 -0.6978
vn -0.7418 0.3134 -0.5929
vn -0.4209 -0.5694 -0.7061
vn -0.8186 -0.2493 -0.5175
vn -0.8582 0.2204 -0.4637
vn -0.9403 0.1197 -0.3186
vn 0.0811 -0.8401 -0.5364
vn 0.6185 -0.7012 -0.3548
vn 0.9321 -0.2761 -0.2345
vn 0.9870 -0.0132 0.1602
vn 0.9957 0.0926 -0.0040
vn -0.8534 0.1824 -0.4882
vn -0.9826 -0.0243 -0.1841
vn -0.9826 -0.0243 -0.1840
vn 0.9895 -0.0515 0.1354
vn 0.9895 -0.0513 0.1355
vn 0.9685 0.1574 -0.1930
vn 0.9685 0.1574 -0.1929
vn 0.8006 0.3364 -0.4958
vn 0.5114 0.4585 -0.7269
vn 0.1448 0.5050 -0.8509
vn -0.2433 0.4688 -0.8491
vn -0.5939 0.3555 -0.7217
vn -0.9871 0.0141 -0.1595
vn -0.4942 -0.6856 -0.5345
vn 0.1422 -0.3894 -0.9101
vn -0.9054 -0.3822 -0.1851
vn -0.8718 -0.4893 0.0221
vn -0.8970 -0.2388 -0.3720
vn -0.7568 -0.6120 0.2297
vn -0.5968 -0.7112 0.3714
vn -0.4097 -0.7584 0.5068
vn 0.0770 -0.7967 0.5995
vn -0.1585 -0.7903 0.5918
vn 0.3071 -0.7469 0.5897
vn 0.5474 -0.6693 0.5024
vn 0.7212 -0.5885 0.3654
vn 0.8588 -0.4615 0.2222
vn 0.9473 -0.3199 0.0138
vn 0.9586 -0.2086 -0.1937
vn -0.0269 -0.8072 -0.5897
vn -0.0423 -0.8318 -0.5535
vn 0.9682 0.1652 -0.1881
vn 0.9891 -0.0436 0.1405
vn 0.8002 0.3443 -0.4910
vn 0.5109 0.4664 -0.7221
vn 0.1441 0.5129 -0.8463
vn -0.2441 0.4768 -0.8445
vn -0.5948 0.3634 -0.7171
vn 0.0458 -0.7730 -0.6327
vn 0.0040 -0.7865 -0.6175
vn -0.8545 0.1902 -0.4834
vn 0.0720 -0.8354 -0.5449
vn 0.0675 -0.8383 -0.5410
vn 0.8288 -0.1394 -0.5419
vn 0.3279 0.0720 -0.9419
vn 0.3279 0.0721 -0.9420
vn -0.3442 0.0095 -0.9389
vn -0.7937 -0.2905 -0.5345
vn -0.3442 0.0094 -0.9389
vn 0.8651 -0.5009 0.0269
vn 0.0789 -0.8348 -0.5449
vn 0.3490 -0.4151 -0.8402
vn 0.0844 -0.8366 -0.5413
vn 0.6071 -0.5831 -0.5399
vn -0.0767 -0.4088 -0.9094
vn 0.6185 -0.7011 -0.3548
vn 0.0848 -0.8405 -0.5351
vn -0.4942 -0.6855 -0.5346
vn -0.9837 -0.0166 -0.1792
vn 0.0920 -0.7687 -0.6329
vn 0.1357 -0.7743 -0.6181
vn 0.1702 -0.7888 -0.5906
vn 0.1902 -0.8101 -0.5545
vn 0.1927 -0.8350 -0.5154
vn 0.9321 -0.2761 -0.2344
vn -0.8186 -0.2492 -0.5175
vn -0.6390 -0.0740 -0.7656
vn -0.3570 0.0584 -0.9323
vn 0.6337 0.0425 -0.7724
vn -0.0158 0.1272 -0.9917
vn -0.4668 0.3894 0.7940
vn -0.8379 -0.5326 -0.1195
vn -0.4698 0.3811 0.7962
vn -0.8752 -0.4543 -0.1660
vn -0.5052 0.4310 0.7477
vn -0.6952 -0.7171 0.0493
vn -0.6494 0.4194 0.6344
vn -0.4316 -0.8554 0.2863
vn -0.8189 0.3343 0.4666
vn -0.1885 -0.8392 0.5101
vn 0.4723 -0.3148 -0.8233
vn -0.1912 0.5554 -0.8093
vn 0.6508 0.0316 -0.7586
vn -0.2862 0.5835 -0.7600
vn 0.7023 0.2405 -0.6700
vn -0.2465 0.7598 -0.6015
vn 0.7168 0.2766 -0.6401
vn -0.1100 0.9248 -0.3641
vn -0.6060 0.5552 0.5698
vn -0.1210 0.7317 0.6708
vn 0.1705 -0.5416 0.8232
vn -0.0693 -0.5903 0.8042
vn 0.3448 0.6367 0.6898
vn -0.3246 -0.5376 0.7782
vn 0.7015 0.3212 0.6362
vn -0.4281 -0.4739 0.7695
vn 0.8573 -0.0068 0.5147
vn -0.4034 -0.4640 0.7886
vn 0.8816 -0.1323 0.4531
vn -0.3766 -0.4758 0.7949
vn 0.0140 -0.5732 -0.8193
vn 0.0353 -0.6091 -0.7923
vn 0.1967 -0.7108 -0.6753
vn 0.4440 -0.7745 -0.4506
vn 0.6994 -0.6916 -0.1806
vn 0.6138 -0.7879 -0.0500
vn 0.0609 -0.9925 -0.1064
vn -0.4796 -0.8598 -0.1752
vn -0.8326 -0.5246 -0.1778
vn -0.9710 -0.2263 -0.0770
vn -0.5456 0.2149 -0.8100
vn -0.5599 0.3324 -0.7590
vn -0.9925 -0.1212 -0.0168
vn -0.4336 -0.0870 -0.8969
vn -0.1835 -0.3736 -0.9092
vn 0.1344 -0.4797 -0.8671
vn -0.6059 0.5551 0.5698
vn -0.8756 0.2931 0.3839
vn -0.9055 0.2431 0.3478
vn -0.8188 0.3343 0.4666
vn 0.7339 0.2320 -0.6384
vn 0.7855 0.1156 -0.6080
vn 0.8117 -0.0108 -0.5840
vn 0.8268 -0.0663 -0.5586
vn 0.7039 0.6399 0.3082
vn 0.7512 0.5536 0.3595
vn -0.4699 0.3811 0.7962
vn 0.5191 0.8428 0.1426
vn 0.1755 0.9792 -0.1018
vn -0.6494 0.4193 0.6344
vn 0.8541 -0.5200 -0.0132
vn 0.8595 -0.5111 0.0044
vn 0.0679 0.6323 -0.7717
vn -0.1210 0.7317 0.6709
vn 0.3507 0.5836 -0.7324
vn 0.3447 0.6366 0.6898
vn 0.4744 0.4894 -0.7317
vn 0.7014 0.3212 0.6363
vn 0.5266 0.4557 -0.7176
vn 0.8573 -0.0068 0.5148
vn 0.5488 0.4484 -0.7055
vn 0.1453 -0.5498 0.8226
vn -0.0023 -0.7136 0.7005
vn -0.8756 0.2932 0.3839
vn -0.9055 0.2432 0.3477
vn -0.3454 0.8314 -0.4352
vn 0.0834 0.9799 0.1811
vn -0.3456 0.8312 -0.4355
vn 0.0832 0.9800 0.1809
vn 0.8170 0.0398 -0.5753
vn 0.8188 0.0454 -0.5723
vn 0.8188 0.0455 -0.5723
vn 0.4420 0.6029 0.6642
vn 0.4419 0.6031 0.6641
vn 0.5758 -0.1374 0.8060
vn 0.5758 -0.1370 0.8060
vn -0.5758 0.1374 -0.8059
vn -0.5758 0.1370 -0.8060
vn -0.3457 0.8311 -0.4356
vn -0.3454 0.8314 -0.4353
vn -0.4420 -0.6029 -0.6642
vn -0.4419 -0.6031 -0.6641
vn 0.8152 0.0345 -0.5781
vn 0.8133 0.0288 -0.5811
vn 0.3455 -0.8314 0.4353
vn 0.3456 -0.8311 0.4356
vn -0.0834 -0.9799 -0.1811
vn -0.0832 -0.9800 -0.1809
vn 0.3454 -0.8314 0.4352
vn 0.3456 -0.8312 0.4355
vn 0.8084 -0.3628 -0.4636
vn 0.3925 -0.7041 -0.5918
vn 0.4344 -0.7075 -0.5574
vn 0.3364 -0.8302 -0.4445
vn 0.1001 0.4464 -0.8892
vn 0.1400 0.4327 -0.8906
vn -0.4012 0.1342 -0.9061
vn -0.4856 0.0587 -0.8722
vn 0.7461 -0.0825 -0.6607
vn 0.7534 0.2105 -0.6230
vn 0.7806 0.0044 -0.6250
vn 0.7589 0.2404 -0.6052
vn 0.2708 -0.0396 -0.9618
vn 0.1714 -0.2284 -0.9583
vn 0.2227 -0.1085 -0.9688
vn -0.0215 -0.8146 -0.5797
vn 0.0632 -0.6787 -0.7317
vn -0.1448 -0.9850 -0.0935
vn -0.0167 -0.9954 -0.0943
vn -0.8861 0.0599 0.4596
vn -0.9868 -0.1592 0.0313
vn -0.8721 0.1676 0.4598
vn -0.9667 -0.2440 0.0775
vn -0.1407 -0.8520 -0.5043
vn -0.6926 -0.6827 -0.2330
vn -0.1334 -0.7194 -0.6816
vn -0.6892 -0.6058 -0.3975
vn 0.4341 -0.5170 -0.7378
vn -0.0922 -0.9037 -0.4180
vn -0.6946 -0.7055 -0.1405
vn -0.9507 -0.2621 0.1660
vn -0.8598 0.1654 0.4830
vn 0.5382 -0.6266 -0.5637
vn 0.5892 -0.6848 -0.4288
vn 0.4415 -0.7422 -0.5042
vn 0.4630 -0.7793 -0.4224
vn 0.5770 -0.7526 -0.3173
vn 0.5123 -0.8398 -0.1799
vn 0.4540 -0.8185 -0.3521
vn 0.3935 -0.8872 -0.2408
vn 0.4188 -0.6033 -0.6787
vn 0.3229 -0.6976 -0.6396
vn 0.2607 -0.5683 -0.7804
vn 0.1553 -0.6787 -0.7178
vn 0.5574 -0.3721 -0.7422
vn 0.6836 -0.4492 -0.5752
vn 0.2591 -0.1659 -0.9515
vn 0.3696 -0.2931 -0.8817
vn 0.2700 -0.3338 -0.9032
vn 0.3790 -0.0371 -0.9247
vn 0.2554 0.0029 -0.9668
vn 0.6337 -0.1360 -0.7615
vn 0.7924 -0.2286 -0.5655
vn 0.7190 -0.5288 -0.4510
vn 0.8754 -0.2829 -0.3919
vn 0.4933 0.4193 -0.7622
vn 0.1939 0.5161 -0.8343
vn 0.3858 -0.6867 -0.6161
vn 0.6598 -0.6810 -0.3176
vn 0.6001 -0.7912 -0.1176
vn 0.6450 -0.7083 0.2868
vn 0.6498 -0.7130 0.2636
vn 0.4292 -0.8117 0.3962
vn 0.4843 -0.8041 0.3449
vn 0.1800 -0.8300 -0.5280
vn 0.2143 -0.8646 -0.4545
vn 0.1048 -0.8188 -0.5645
vn 0.1267 -0.9047 -0.4067
vn 0.1220 -0.9510 0.2840
vn 0.1472 -0.9293 0.3387
vn 0.1195 -0.9504 0.2872
vn 0.1520 -0.9228 0.3541
vn 0.1582 -0.6261 -0.7636
vn -0.0054 -0.5801 -0.8145
vn 0.0208 -0.6580 -0.7527
vn 0.1477 -0.9571 -0.2491
vn 0.2339 -0.9061 -0.3524
vn 0.0401 -0.7278 -0.6846
vn 0.1691 -0.4492 -0.8773
vn 0.2544 -0.0205 -0.9669
vn 0.4172 -0.4935 -0.7631
vn 0.5013 -0.1306 -0.8554
vn 0.0553 -0.9788 -0.1973
vn -0.0046 -0.9775 -0.2110
vn 0.0323 -0.9793 -0.1997
vn 0.3166 -0.7238 -0.6131
vn 0.2775 -0.7107 -0.6465
vn 0.3312 -0.7407 -0.5846
vn -0.2419 0.5110 -0.8248
vn -0.2510 0.5451 -0.7999
vn -0.2787 0.3885 -0.8783
vn -0.2839 0.3401 -0.8965
vn 0.9162 0.0281 -0.3997
vn 0.9134 0.0249 -0.4062
vn 0.6741 0.1726 -0.7182
vn 0.7013 0.1759 -0.6909
vn 0.9938 -0.1078 -0.0279
vn 0.9919 -0.1192 -0.0443
vn 0.8277 0.3186 -0.4619
vn 0.9902 -0.1048 -0.0924
vn 0.7752 0.0446 -0.6301
vn 0.9339 -0.2353 -0.2692
vn -0.6172 0.2552 0.7442
vn -0.4721 0.7417 0.4764
vn -0.6685 0.7426 -0.0401
vn 0.7279 0.2076 -0.6535
vn 0.4562 -0.1669 -0.8741
vn 0.5023 -0.3122 -0.8064
vn -0.6712 -0.1628 0.7232
vn -0.7020 -0.3699 0.6087
vn -0.6712 -0.1629 0.7232
vn -0.6301 -0.1997 0.7504
vn -0.4623 -0.5817 0.6692
vn -0.7104 -0.5428 0.4480
vn -0.6876 -0.7022 -0.1847
vn -0.5688 -0.8197 -0.0678
vn -0.8175 -0.4479 0.3621
vn -0.3165 -0.7017 -0.6384
vn -0.2226 -0.8295 -0.5123
vn 0.1245 -0.4749 -0.8712
vn 0.1788 -0.6065 -0.7747
vn 0.3171 0.1058 -0.9425
vn 0.0062 -0.2249 -0.9744
vn -0.0295 0.2146 -0.9763
vn -0.3534 -0.0948 -0.9307
vn 0.7304 -0.4777 -0.4881
vn 0.8526 -0.4915 -0.1773
vn 0.3958 -0.7759 -0.4912
vn 0.5658 -0.7949 -0.2190
vn 0.0173 -0.9835 -0.1800
vn -0.1952 -0.8913 -0.4092
vn -0.5403 -0.0801 0.8377
vn -0.7030 -0.1869 0.6862
vn -0.3442 -0.9285 0.1395
vn -0.7295 -0.6456 0.2259
vn 0.9229 -0.3587 0.1396
vn 0.2351 0.3346 -0.9126
vn 0.5229 0.3231 -0.7888
vn -0.5569 0.7853 -0.2705
vn -0.6514 0.6731 0.3502
vn -0.3384 0.9311 0.1364
vn -0.4578 0.7693 0.4456
vn -0.3974 0.4278 -0.8118
vn -0.2649 0.9479 0.1768
vn 0.1167 0.4709 -0.8745
vn -0.3384 0.9311 0.1365
vn -0.0276 0.1136 -0.9931
vn -0.2363 0.8053 -0.5438
vn 0.1002 -0.3344 -0.9371
vn 0.0978 -0.3439 -0.9339
vn 0.2045 0.2875 -0.9357
vn 0.2241 0.2773 -0.9343
vn 0.3021 0.0791 -0.9500
vn 0.7149 -0.1400 -0.6851
vn 0.6349 -0.2339 -0.7363
vn 0.6410 -0.2352 -0.7306
vn 0.4234 0.4795 -0.7686
vn 0.4335 0.4800 -0.7627
vn -0.6998 0.1672 -0.6945
vn -0.1542 -0.0893 -0.9840
vn -0.7025 0.1876 -0.6865
vn 0.5442 -0.2856 -0.7889
vn 0.5554 -0.2900 -0.7794
vn -0.0548 0.1102 -0.9924
vn 0.0437 0.1252 -0.9912
vn -0.3198 -0.2269 -0.9199
vn 0.1512 -0.0273 -0.9881
vn -0.5611 -0.7536 -0.3424
vn -0.6541 -0.3588 -0.6658
vn -0.2375 -0.5865 -0.7744
vn -0.3970 -0.9064 -0.1443
vn -0.1422 -0.7368 -0.6610
vn 0.6078 0.4334 -0.6654
vn 0.5867 0.4324 -0.6847
vn 0.2462 0.4063 -0.8799
vn 0.1967 0.3939 -0.8979
vn -0.6093 -0.7929 0.0043
vn 0.2127 -0.9045 0.3695
vn -0.6552 -0.7201 0.2284
vn 0.3962 -0.9156 0.0687
vn 0.5240 -0.6457 -0.5555
vn 0.7490 -0.3672 -0.5515
vn 0.1946 -0.3668 -0.9097
vn 0.2675 -0.6411 -0.7194
vn 0.2811 -0.6602 -0.6965
vn 0.1160 -0.9735 -0.1971
vn 0.1548 -0.9678 -0.1983
vn 0.2424 -0.9351 -0.2586
vn 0.2438 -0.9298 -0.2756
vn 0.2869 -0.8984 -0.3327
vn 0.2826 -0.8976 -0.3383
vn 0.9909 0.0428 -0.1273
vn 0.9974 -0.0608 0.0381
vn 0.9392 0.1519 -0.3080
vn 0.0910 -0.7757 -0.6245
vn 0.3276 -0.8102 -0.4861
vn 0.3324 -0.8185 -0.4686
vn 0.3528 -0.8021 -0.4819
vn 0.2426 -0.1798 -0.9533
vn 0.2299 -0.2100 -0.9503
vn -0.0596 -0.9857 -0.1577
vn -0.0413 -0.9803 -0.1932
vn -0.0129 -0.9765 -0.2152
vn 0.6260 -0.0163 -0.7797
vn 0.3497 -0.7683 -0.5361
vn 0.3482 -0.7706 -0.5337
vn 0.8322 0.2516 -0.4940
vn 0.4143 -0.1883 0.8904
vn 0.4698 -0.1657 0.8671
vn 0.7465 -0.2819 0.6028
vn 0.7307 -0.3002 0.6132
vn -0.7237 -0.6239 -0.2950
vn -0.7516 -0.6012 -0.2713
vn 0.1163 -0.8554 -0.5048
vn 0.0575 -0.8000 -0.5972
vn 0.8313 -0.3108 0.4608
vn 0.8267 -0.3149 0.4663
vn 0.1791 -0.9526 -0.2460
vn 0.2492 -0.9234 -0.2919
vn 0.7679 -0.6225 0.1511
vn 0.7447 -0.6427 0.1800
vn -0.0797 -0.6526 -0.7535
vn 0.7922 -0.6014 0.1034
vn 0.8237 -0.1218 -0.5538
vn 0.4585 -0.8886 0.0150
vn 0.3867 -0.9205 -0.0568
vn 0.3192 -0.9391 -0.1274
vn 0.0415 -0.7988 -0.6001
vn 0.0221 -0.7471 -0.6643
vn 0.2655 -0.9635 -0.0344
vn 0.2855 -0.9569 0.0531
vn 0.9260 -0.1688 -0.3376
vn 0.0816 -0.2554 0.9634
vn 0.0692 -0.2633 0.9622
vn 0.2011 -0.9773 0.0671
vn 0.1923 -0.9743 0.1177
vn 0.8007 -0.3440 0.4905
vn 0.7972 -0.3470 0.4940
vn 0.2975 -0.8795 0.3715
vn 0.3343 -0.8588 0.3883
vn -0.9969 -0.0689 -0.0391
vn -0.9982 -0.0505 -0.0313
vn 0.8661 -0.3230 0.3815
vn 0.6946 -0.4265 0.5793
vn -0.0438 -0.9961 0.0772
vn -0.0849 -0.9959 -0.0308
vn -0.1063 -0.9839 0.1437
vn -0.1079 -0.9885 0.1058
vn 0.7794 -0.6078 0.1518
vn 0.6593 -0.7132 0.2380
vn 0.4746 -0.5097 0.7176
vn 0.2256 -0.5721 0.7886
vn -0.0268 -0.6063 0.7948
vn 0.3659 0.0918 -0.9261
vn 0.2728 0.0798 -0.9587
vn 0.1573 -0.2509 -0.9551
vn -0.6851 -0.0534 -0.7265
vn -0.6519 -0.1367 -0.7459
vn -0.6716 -0.0441 -0.7396
vn -0.6534 -0.1237 -0.7469
vn 0.4551 -0.2994 -0.8386
vn 0.4946 -0.3016 -0.8151
vn 0.1150 -0.2690 -0.9563
vn 0.1687 -0.1854 -0.9681
vn -0.7070 0.0431 -0.7059
vn -0.7060 0.0514 -0.7064
vn 0.0066 -0.5711 -0.8209
vn 0.0455 -0.1831 -0.9820
vn 0.9659 -0.1833 0.1831
vn 0.0396 -0.9718 0.2325
vn -0.0241 -0.9757 0.2176
vn -0.2301 -0.9575 0.1738
vn -0.2547 -0.9541 0.1578
vn -0.3438 -0.8850 -0.3139
vn -0.3369 -0.8882 -0.3126
vn -0.3456 -0.8349 -0.4284
vn -0.3517 -0.8307 -0.4316
vn -0.3428 -0.7620 -0.5494
vn -0.3515 -0.7546 -0.5541
vn -0.3361 -0.9418 -0.0069
vn -0.3226 -0.9460 -0.0321
vn -0.3597 -0.9124 -0.1951
vn -0.3376 -0.9205 -0.1967
vn 0.4925 -0.7982 0.3468
vn 0.3924 -0.7041 -0.5918
vn 0.5551 -0.3292 -0.7639
vn 0.7833 -0.1261 -0.6087
vn 0.8591 -0.1499 -0.4894
vn 0.9441 -0.2152 -0.2498
vn -0.0476 -0.9149 -0.4009
vn -0.0498 -0.9149 -0.4006
vn -0.0476 -0.9150 -0.4006
vn -0.0521 -0.9145 -0.4013
vn 0.3143 0.2677 -0.9108
vn 0.3787 0.2843 -0.8808
vn 0.0963 0.3451 -0.9336
vn 0.1163 0.3628 -0.9246
vn 0.3533 -0.4226 0.8346
vn 0.7180 -0.3414 0.6066
vn 0.2937 -0.4459 0.8456
vn 0.6990 -0.3631 0.6161
vn 0.0645 -0.4731 0.8786
vn 0.0596 -0.4702 0.8805
vn 0.9271 -0.2479 0.2812
vn 0.9268 -0.2485 0.2817
vn 0.0008 -0.5078 0.8615
vn 0.0185 -0.4996 0.8661
vn 0.0695 0.3765 -0.9238
vn 0.0658 0.3405 -0.9380
vn -0.0447 -0.9151 -0.4007
vn -0.0456 -0.9147 -0.4016
vn -0.6355 -0.6928 0.3408
vn 0.4521 -0.8685 0.2032
vn 0.3131 -0.8645 -0.3932
vn 0.3132 -0.8656 -0.3906
vn 0.4671 -0.8283 0.3093
vn -0.9969 -0.0688 -0.0392
vn 0.7455 0.1253 -0.6547
vn 0.8904 0.0999 -0.4441
vn 0.8046 0.3353 -0.4900
vn -0.1573 -0.5445 -0.8239
vn -0.7240 -0.4854 -0.4902
vn 0.4369 -0.3047 -0.8463
vn 0.2089 -0.4049 -0.8902
vn 0.1614 -0.5050 -0.8479
vn 0.2591 -0.3445 -0.9023
vn 0.1357 -0.4742 -0.8699
vn 0.0665 0.1588 -0.9851
vn 0.0837 0.1690 -0.9821
vn 0.2237 -0.0320 -0.9741
vn 0.2239 -0.0526 -0.9732
vn 0.2000 -0.0243 -0.9795
vn 0.1871 0.0171 -0.9822
vn 0.2964 0.2007 -0.9338
vn -0.0302 0.2853 -0.9580
vn 0.1436 0.1139 -0.9831
vn 0.1590 0.1476 -0.9762
vn -0.1438 -0.9160 0.3746
vn -0.0450 -0.9366 0.3476
vn -0.1577 -0.8831 0.4418
vn -0.0337 -0.9025 0.4294
vn 0.0462 -0.6831 -0.7289
vn 0.0144 -0.6009 -0.7992
vn -0.0636 -0.7080 -0.7034
vn 0.7166 -0.5841 -0.3811
vn -0.0243 -0.9964 -0.0811
vn 0.0177 -0.9867 -0.1616
vn -0.0169 -0.9971 0.0739
vn 0.0611 -0.9909 -0.1200
vn 0.5468 -0.8350 -0.0616
vn 0.8182 -0.5626 0.1187
vn 0.3668 -0.9033 0.2224
vn 0.5124 -0.7328 0.4477
vn 0.0742 -0.9530 -0.2938
vn 0.1536 -0.9224 0.3545
vn 0.1897 -0.7712 0.6076
vn 0.0332 -0.5641 -0.8251
vn 0.0688 -0.8669 -0.4937
vn 0.7375 -0.4230 0.5264
vn 0.7371 -0.4255 0.5249
vn -0.0656 -0.9615 -0.2667
vn 0.3215 -0.8482 0.4210
vn 0.3394 -0.8321 -0.4386
vn 0.3415 -0.8367 -0.4281
vn -0.0056 -0.9036 0.4284
vn 0.0460 -0.7242 0.6880
vn -0.1681 -0.8562 0.4885
vn -0.1440 -0.9160 0.3744
vn 0.0594 -0.9317 -0.3584
vn 0.8467 -0.4828 -0.2236
vn 0.5567 -0.7617 -0.3316
vn 0.2882 -0.8870 -0.3608
vn 0.4669 -0.2704 -0.8419
vn 0.4358 -0.2382 -0.8679
vn 0.7688 -0.5627 -0.3037
vn -0.2825 -0.3786 -0.8814
vn -0.5053 -0.2130 -0.8363
vn 0.9110 -0.3328 0.2436
vn 0.2652 -0.0998 -0.9590
vn 0.3626 -0.2330 -0.9024
vn 0.3773 -0.2724 -0.8851
vn 0.3732 -0.1243 -0.9194
vn 0.4066 -0.0708 -0.9109
vn -0.0689 -0.1522 -0.9860
vn -0.0424 0.0936 -0.9947
vn 0.3490 -0.0017 -0.9371
vn 0.4585 0.0239 -0.8884
vn 0.4262 -0.1022 -0.8988
vn 0.4389 0.1220 -0.8902
vn 0.4060 -0.0483 -0.9126
vn 0.4026 -0.1312 -0.9059
vn 0.2490 -0.2363 -0.9392
vn 0.4302 0.0549 -0.9010
vn 0.4024 -0.0440 -0.9144
vn 0.4007 -0.0523 -0.9147
vn 0.3786 -0.2274 -0.8972
vn 0.3276 -0.1686 -0.9297
vn 0.5231 -0.0552 -0.8505
vn 0.4324 -0.0105 -0.9016
vn 0.4580 -0.0923 -0.8841
vn 0.4474 -0.1341 -0.8842
vn 0.7349 -0.4035 -0.5450
vn 0.5756 -0.3220 -0.7517
vn 0.8853 -0.1494 -0.4403
vn 0.7109 -0.0149 -0.7032
vn -0.7295 -0.6456 0.2260
vn -0.7587 -0.2706 -0.5926
vn 0.7925 0.3305 -0.5126
vn 0.3199 -0.3358 -0.8860
vn 0.3843 0.0265 -0.9228
vn 0.3721 -0.1111 -0.9215
vn 0.5550 -0.3292 -0.7639
vn 0.2517 -0.2369 -0.9384
vn 0.3441 -0.0965 -0.9340
vn 0.1248 -0.5216 -0.8440
vn 0.1176 -0.4481 -0.8862
vn 0.0230 0.5210 -0.8532
vn 0.3789 0.0799 -0.9220
vn 0.0741 -0.4936 -0.8665
vn 0.0869 -0.4957 -0.8641
vn -0.7968 -0.0977 -0.5963
vn -0.8432 -0.0880 -0.5304
vn -0.8180 -0.1076 -0.5651
vn -0.8885 -0.0984 -0.4482
vn -0.7569 -0.0755 -0.6492
vn -0.7613 -0.0774 -0.6437
vn -0.7345 0.0008 -0.6786
vn -0.7350 0.0004 -0.6781
vn -0.7655 0.0118 -0.6433
vn -0.8007 0.0793 -0.5938
vn -0.8143 0.1119 -0.5696
vn -0.7927 0.2447 -0.5583
vn 0.1087 -0.5728 -0.8124
vn -0.0082 -0.5770 -0.8167
vn -0.0125 -0.6162 -0.7875
vn 0.2629 -0.8259 -0.4988
vn 0.2414 -0.8178 -0.5224
vn 0.2834 -0.8551 -0.4341
vn 0.2453 -0.8072 -0.5370
vn -0.0157 0.0724 -0.9973
vn 0.0776 -0.0457 -0.9959
vn -0.1923 0.1788 -0.9649
vn -0.0436 0.0337 -0.9985
vn -0.4012 0.1341 -0.9061
vn 0.0374 -0.2682 -0.9626
vn 0.0427 -0.3619 -0.9312
vn 0.0416 -0.2303 -0.9722
vn -0.3988 0.4032 -0.8237
vn -0.2730 0.3567 -0.8934
vn -0.3602 0.3907 -0.8471
vn -0.1764 0.1849 -0.9668
vn -0.3067 0.2662 -0.9138
vn -0.0651 -0.0601 -0.9961
vn 0.0987 -0.3160 -0.9436
vn 0.0220 -0.2184 -0.9756
vn 0.1216 -0.3299 -0.9362
vn -0.9794 0.1949 0.0529
vn -0.6300 0.3274 -0.7042
vn -0.7337 0.3649 -0.5731
vn -0.8139 -0.0363 0.5798
vn -0.6374 -0.1744 0.7505
vn -0.6302 -0.1997 0.7504
vn -0.6841 -0.2070 0.6994
vn 0.7635 0.6445 -0.0418
vn 0.7959 0.3197 -0.5141
vn 0.7521 0.6088 -0.2527
vn 0.7392 0.3154 -0.5951
vn 0.7172 -0.0041 -0.6968
vn 0.7132 -0.0114 -0.7009
vn -0.9575 0.0015 -0.2883
vn -0.8791 -0.4766 0.0046
vn -0.9437 0.0492 -0.3271
vn -0.7671 0.4346 -0.4719
vn -0.7788 0.4351 -0.4518
vn -0.8940 -0.3713 0.2507
vn -0.2868 -0.6068 0.7413
vn -0.2247 -0.6126 0.7578
vn -0.0242 -0.9743 -0.2238
vn 0.1242 -0.9658 0.2276
vn 0.2126 -0.9045 0.3697
vn 0.1241 -0.9658 0.2276
vn 0.0525 -0.9580 -0.2821
vn 0.0985 -0.9883 -0.1166
vn 0.1022 -0.9208 -0.3764
vn 0.1207 -0.8644 -0.4882
vn 0.0615 -0.8245 -0.5625
vn -0.0283 -0.8274 -0.5609
vn -0.0389 -0.8650 -0.5002
vn 0.2372 -0.8466 -0.4765
vn 0.2373 -0.8465 -0.4765
vn 0.0818 0.3550 -0.9313
vn 0.0487 -0.9942 0.0958
vn -0.0503 -0.9915 0.1196
vn 0.0797 -0.9911 -0.1069
vn 0.7136 -0.7005 0.0108
vn 0.7814 -0.4441 0.4383
vn 0.9636 0.1797 0.1978
vn -0.7819 0.2515 0.5704
vn -0.6093 -0.7929 0.0044
vn -0.6552 -0.7201 0.2285
vn 0.5110 -0.5764 0.6376
vn -0.0404 -0.5076 0.8606
vn -0.0381 0.1404 -0.9894
vn -0.1741 0.2920 -0.9404
vn -0.3626 0.3647 -0.8576
vn -0.5027 0.3830 -0.7750
vn -0.0423 -0.9177 -0.3950
vn -0.0332 -0.9229 -0.3835
vn 0.0029 -0.9257 -0.3783
vn -0.0066 -0.9270 -0.3750
vn -0.0499 -0.9143 -0.4019
vn -0.0285 -0.9193 -0.3925
vn -0.0495 -0.9136 -0.4035
vn -0.4323 0.5399 -0.7222
vn 0.0618 0.1780 -0.9821
vn -0.7361 0.2679 -0.6216
vn -0.6623 -0.0690 -0.7460
vn -0.9743 0.1874 -0.1245
vn -0.7361 0.2678 -0.6216
vn -0.3290 0.7482 -0.5762
vn -0.3226 0.8139 -0.4832
vn -0.3686 0.2786 -0.8869
vn -0.4366 0.5187 -0.7350
vn -0.6624 -0.0689 -0.7460
vn -0.8825 -0.0058 -0.4702
vn -0.4577 0.7694 0.4455
vn -0.5005 -0.0033 0.8657
vn -0.5030 -0.0293 0.8638
vn -0.4721 0.7418 0.4763
vn 0.6407 -0.1114 -0.7597
vn 0.4410 -0.3086 -0.8428
vn 0.5431 -0.2146 -0.8118
vn 0.4196 -0.3110 -0.8527
vn -0.4641 0.8742 0.1429
vn -0.5103 0.8509 -0.1245
vn -0.9041 0.1414 0.4033
vn -0.9974 0.0711 -0.0096
vn -0.4930 0.7648 -0.4148
vn -0.8749 -0.0383 -0.4828
vn -0.3427 0.7292 -0.5924
vn -0.5687 -0.0581 -0.8205
vn -0.2167 0.7738 -0.5953
vn -0.1585 0.7779 -0.6081
vn -0.2777 0.0151 -0.9605
vn -0.0850 0.0700 -0.9939
vn -0.1100 0.8097 -0.5764
vn -0.0890 0.8237 -0.5600
vn 0.1159 0.1490 -0.9820
vn 0.3234 0.2604 -0.9097
vn -0.1162 0.8441 -0.5235
vn -0.1298 0.8306 -0.5415
vn 0.4840 0.3877 -0.7845
vn 0.5986 0.5755 -0.5572
vn -0.2734 0.7912 -0.5470
vn -0.7185 0.4104 -0.5615
vn 0.5514 0.7041 -0.4474
vn 0.2652 0.7590 -0.5947
vn -0.7108 0.6443 -0.2823
vn -0.8559 0.2573 -0.4485
vn -0.2733 0.7912 -0.5470
vn -0.7825 0.0045 0.6226
vn -0.7185 0.4103 -0.5615
vn -0.7973 -0.4055 0.4471
vn -0.7596 -0.2815 0.5863
vn -0.7567 -0.6024 0.2539
vn -0.0889 0.8237 -0.5600
vn -0.4150 0.9088 -0.0436
vn -0.1161 0.8441 -0.5235
vn -0.5829 0.8065 -0.0992
vn -0.6703 -0.1136 0.7334
vn -0.4497 0.4447 0.7746
vn -0.1509 0.9866 -0.0624
vn -0.1100 0.8097 -0.5765
vn -0.2301 0.9723 -0.0419
vn -0.2862 0.3032 0.9089
vn 0.0179 0.4298 0.9027
vn -0.3030 0.2654 0.9153
vn -0.3427 0.7291 -0.5924
vn 0.0675 0.9919 -0.1074
vn -0.0747 0.9950 -0.0661
vn 0.1996 0.4879 0.8498
vn 0.5397 0.6473 0.5383
vn 0.3100 0.5528 0.7735
vn -0.4931 0.7647 -0.4149
vn 0.1323 0.9761 -0.1725
vn 0.7762 0.5573 0.2949
vn 0.7614 0.5351 0.3660
vn -0.5103 0.8509 -0.1246
vn 0.1693 0.9710 -0.1688
vn 0.9190 0.3878 -0.0710
vn 0.9258 0.3504 -0.1417
vn 0.1189 0.9675 -0.2230
vn -0.4641 0.8742 0.1430
vn -0.3193 0.9082 0.2705
vn 0.8195 0.0808 -0.5673
vn 0.8728 0.1969 -0.4465
vn 0.7237 0.3126 -0.6153
vn 0.4401 -0.0496 -0.8966
vn 0.7464 0.4830 -0.4578
vn -0.8209 -0.4921 -0.2898
vn -0.4454 -0.4946 -0.7463
vn 0.0371 -0.3118 -0.9494
vn -0.4607 0.8407 0.2847
vn -0.3192 0.9082 0.2705
vn -0.4682 0.6147 0.6347
vn -0.5893 0.4553 0.6674
vn -0.1946 0.5553 -0.8086
vn -0.3843 0.5080 -0.7709
vn 0.1413 -0.4962 -0.8566
vn 0.1474 -0.5028 -0.8518
vn -0.1950 -0.8914 -0.4091
vn -0.8298 0.0880 -0.5511
vn -0.7020 -0.3698 0.6086
vn -0.5806 0.6150 0.5336
vn -0.8568 0.1955 0.4772
vn 0.1988 -0.3941 0.8973
vn -0.3775 -0.7104 -0.5939
vn -0.3772 -0.7151 -0.5885
vn 0.0633 -0.9477 0.3128
vn 0.1244 -0.8906 0.4375
vn -0.4927 -0.7797 -0.3863
vn -0.6638 -0.7422 0.0928
vn -0.5265 -0.7766 -0.3460
vn -0.6784 -0.7181 0.1553
vn -0.2061 -0.9171 -0.3412
vn -0.6648 -0.7340 0.1388
vn -0.7573 -0.5621 0.3324
vn -0.5020 -0.0445 0.8637
vn -0.5116 -0.0818 0.8553
vn -0.6686 0.7426 -0.0400
vn -0.2246 0.9264 -0.3024
vn -0.2246 0.9264 -0.3023
vn -0.1406 0.2909 -0.9464
vn -0.2970 0.3764 -0.8776
vn -0.4830 0.4494 -0.7515
vn -0.7085 0.0954 -0.6993
vn 0.4488 -0.5318 0.7182
vn 0.5937 -0.5113 0.6213
vn 0.4651 -0.5348 0.7055
vn 0.5958 -0.5059 0.6237
vn 0.8389 -0.5329 0.1109
vn 0.8856 -0.4567 0.0839
vn 0.8230 -0.5580 0.1062
vn 0.9308 -0.3428 0.1270
vn 0.9087 -0.4017 0.1135
vn 0.9112 -0.3762 0.1678
vn 0.9020 -0.4119 0.1295
vn 0.3330 -0.9367 0.1078
vn -0.2938 -0.4217 0.8578
vn -0.2770 -0.4211 0.8637
vn 0.2963 -0.9407 0.1655
vn 0.2832 -0.9488 0.1402
vn 0.8644 -0.4580 0.2074
vn 0.8681 -0.4851 0.1049
vn -0.5586 -0.5882 0.5848
vn -0.5382 -0.5818 0.6098
vn 0.0185 -0.9998 0.0042
vn -0.0645 -0.9910 0.1171
vn -0.5381 -0.5818 0.6098
vn -0.5586 -0.5881 0.5849
vn 0.0774 -0.9723 0.2203
vn 0.0369 -0.9859 0.1632
vn 0.1650 -0.9067 0.3881
vn 0.1906 -0.9571 -0.2182
vn 0.1876 -0.9312 0.3125
vn -0.9595 -0.1375 0.2460
vn -0.9738 -0.1087 0.1997
vn -0.9717 -0.0877 0.2191
vn -0.9595 -0.1374 0.2460
vn -0.8568 0.1955 0.4773
vn -0.7820 0.2514 0.5703
vn -0.1421 -0.4727 0.8697
vn 0.9385 -0.2210 -0.2652
vn 0.9242 -0.2735 -0.2667
vn 0.7093 -0.4422 0.5490
vn 0.7034 -0.4454 0.5540
vn 0.8184 -0.4397 -0.3699
vn -0.3900 -0.0297 -0.9203
vn -0.1543 -0.0893 -0.9840
vn -0.3900 -0.0296 -0.9203
vn -0.7047 0.1450 -0.6946
vn -0.7820 0.2515 0.5703
vn -0.8567 0.1956 0.4773
vn -0.8598 0.1654 0.4831
vn -0.8567 0.1955 0.4773
vn -0.8720 0.1677 0.4599
vn -0.8861 0.0599 0.4597
vn -0.6712 -0.1629 0.7231
vn 0.0551 -0.8433 -0.5345
vn -0.3304 -0.5307 0.7805
vn -0.2669 -0.8374 0.4770
vn -0.1417 -0.5429 0.8278
vn -0.0167 -0.9997 0.0193
vn 0.4294 -0.4596 0.7774
vn 0.4209 -0.7747 0.4719
vn 0.5977 -0.3934 0.6985
vn 0.3997 -0.9152 -0.0516
vn 0.0705 -0.8410 -0.5364
vn 0.0703 -0.8387 -0.5400
vn 0.0738 -0.8424 -0.5338
vn 0.0782 -0.8420 -0.5338
vn 0.0811 -0.8401 -0.5363
vn 0.7418 -0.3132 0.5930
vn 0.7027 -0.6428 0.3050
vn 0.8575 -0.2202 0.4651
vn 0.5458 -0.8178 -0.1826
vn 0.0586 -0.8472 -0.5280
vn 0.0647 -0.8499 -0.5230
vn 0.0726 -0.8510 -0.5201
vn 0.0811 -0.8503 -0.5200
vn 0.0889 -0.8479 -0.5227
vn 0.0947 -0.8441 -0.5278
vn 0.0977 -0.8395 -0.5345
vn -0.6620 -0.4505 0.5990
vn -0.5687 -0.7613 0.3115
vn -0.5073 -0.4996 0.7022
vn -0.2225 -0.9736 -0.0506
vn 0.0535 -0.5355 0.8429
vn 0.0809 -0.8422 0.5331
vn 0.2473 -0.5066 0.8259
vn 0.2018 -0.9792 0.0189
vn -0.8997 -0.2901 0.3261
vn -0.7814 -0.6205 0.0659
vn -0.7993 -0.3745 0.4699
vn -0.3861 -0.9048 -0.1796
vn -0.9957 -0.0928 0.0051
vn -0.8686 -0.4416 -0.2247
vn -0.9663 -0.1948 0.1685
vn -0.4818 -0.8033 -0.3499
vn 0.9406 -0.1188 0.3180
vn 0.8823 -0.4672 0.0566
vn 0.9870 -0.0131 0.1602
vn 0.6185 -0.7011 -0.3547
vn -0.9826 -0.0244 -0.1840
vn -0.9620 -0.2323 0.1432
vn -0.9617 -0.2334 0.1435
vn 0.8603 -0.2580 0.4397
vn 0.9894 -0.0514 0.1355
vn 0.8603 -0.2581 0.4397
vn 0.9894 -0.0515 0.1354
vn 0.6007 -0.4313 0.6732
vn 0.2501 -0.5446 0.8006
vn -0.1380 -0.5807 0.8024
vn -0.1363 -0.5818 0.8019
vn -0.5016 -0.5383 0.6772
vn -0.5034 -0.5368 0.6771
vn -0.7938 -0.4139 0.4455
vn -0.7937 -0.4146 0.4452
vn -0.4942 -0.6856 -0.5346
vn -0.9871 0.0141 -0.1596
vn -0.0166 -0.9997 0.0193
vn -0.8969 -0.2389 -0.3721
vn -0.8085 -0.0972 -0.5805
vn -0.9053 -0.3822 -0.1852
vn -0.6680 -0.0022 -0.7442
vn -0.4970 0.1106 -0.8607
vn -0.0237 0.2060 -0.9783
vn -0.2568 0.1882 -0.9480
vn 0.2089 0.2316 -0.9501
vn 0.6501 0.1205 -0.7503
vn 0.4601 0.1997 -0.8651
vn 0.8072 0.0533 -0.5879
vn 0.9586 -0.2085 -0.1937
vn 0.9222 -0.0694 -0.3804
vn 0.9474 -0.3199 0.0137
vn -0.0398 -0.8567 -0.5143
vn 0.9891 -0.0437 0.1405
vn 0.9891 -0.0437 0.1406
vn 0.8599 -0.2504 0.4448
vn 0.6002 -0.4237 0.6784
vn 0.2495 -0.5370 0.8058
vn -0.1387 -0.5731 0.8076
vn -0.5054 -0.5266 0.6835
vn -0.7948 -0.4045 0.4524
vn -0.0198 -0.8780 -0.4782
vn 0.0146 -0.8926 -0.4507
vn -0.9627 -0.2254 0.1495
vn 0.0679 -0.8418 -0.5354
vn -0.4819 -0.8033 -0.3499
vn -0.7937 -0.2906 -0.5344
vn -0.7574 -0.6520 0.0344
vn -0.7937 -0.2905 -0.5344
vn -0.2566 -0.8633 0.4345
vn -0.2565 -0.8633 0.4346
vn 0.4155 -0.8007 0.4314
vn 0.4155 -0.8008 0.4314
vn 0.8651 -0.5009 0.0270
vn 0.0729 -0.8439 -0.5316
vn 0.0800 -0.8435 -0.5312
vn 0.5459 -0.8177 -0.1826
vn -0.2224 -0.9736 -0.0506
vn 0.0675 -0.8384 -0.5409
vn -0.9837 -0.0166 -0.1791
vn 0.0583 -0.8981 -0.4359
vn 0.1046 -0.8938 -0.4361
vn 0.1463 -0.8803 -0.4513
vn 0.1773 -0.8597 -0.4791
vn 0.8823 -0.4672 0.0565
vn -0.8687 -0.4416 -0.2246
vn -0.7815 -0.6204 0.0659
vn -0.2670 -0.8373 0.4771
vn 0.1630 -0.8280 -0.5366
vn 0.1407 -0.8637 -0.4840
vn 0.0801 -0.8833 -0.4620
vn 0.0168 -0.8752 -0.4834
vn -0.0122 -0.8443 -0.5358
vn 0.1340 -0.7970 -0.5889
vn 0.0707 -0.7890 -0.6103
vn 0.0101 -0.8086 -0.5883
vn -0.0053 -0.3707 -0.9287
vn 0.1760 -0.7993 0.5745
vn 0.7161 -0.6645 0.2137
vn 0.8437 -0.2894 0.4522
vn -0.9753 -0.1057 0.1938
vn -0.7528 -0.2460 -0.6106
vn -0.8445 0.1942 -0.4991
vn 0.8437 -0.2893 0.4523
vn -0.5316 -0.3693 0.7623
vn -0.9753 -0.1057 0.1937
vn 0.5291 0.2666 -0.8056
vn -0.7824 0.0046 0.6227
vn 0.2969 0.3522 0.8876
vn 0.0498 0.8571 0.5127
vn 0.2633 0.3850 0.8846
vn -0.0083 0.6094 0.7928
vn -0.2163 0.8437 0.4914
vn -0.2161 0.8445 0.4901
vn -0.1840 0.8511 0.4917
vn -0.1806 0.8492 0.4963
vn -0.0523 0.6130 0.7883
vn 0.2537 0.9492 -0.1860
vn 0.0009 0.6603 0.7510
vn 0.4906 0.8712 -0.0160
vn 0.0749 0.7284 0.6810
vn 0.7642 0.6441 -0.0338
vn 0.2025 -0.3865 0.8998
vn 0.4791 -0.2583 0.8389
vn 0.1249 -0.3144 0.9410
vn 0.3301 0.5305 -0.7808
vn -0.8116 0.2617 -0.5223
vn 0.4162 0.1890 -0.8894
vn -0.7467 0.1023 -0.6572
vn -0.6999 -0.0033 -0.7142
vn 0.3713 -0.0440 -0.9275
vn 0.8968 -0.3957 0.1981
vn 0.8981 -0.3965 0.1902
vn 0.9073 -0.4026 0.1213
vn 0.9086 -0.4036 0.1078
vn -0.8334 0.1417 0.5343
vn -0.3938 -0.0304 -0.9187
vn -0.9504 0.0140 0.3108
vn -0.7000 -0.0033 -0.7142
vn -0.6530 0.0646 0.7546
vn -0.5600 0.0752 0.8251
vn -0.5757 -0.1313 0.8070
vn -0.1438 0.5182 0.8431
vn -0.2108 0.4905 0.8456
vn -0.1819 0.4976 0.8481
vn 0.5432 -0.2427 0.8037
vn -0.9278 -0.1017 0.3589
vn -0.1544 0.8135 0.5606
vn -0.1550 0.8092 0.5667
vn -0.9375 -0.1928 0.2895
vn -0.8905 -0.2998 0.3423
vn -0.9634 -0.1170 0.2413
vn 0.3051 -0.1348 -0.9427
vn 0.3670 -0.2167 -0.9046
vn 0.5544 -0.2674 -0.7881
vn 0.6560 -0.0632 -0.7521
vn -0.3938 -0.0303 -0.9187
vn -0.4844 -0.2424 0.8406
vn -0.4669 -0.5068 0.7247
vn -0.5110 -0.2750 0.8144
vn -0.4920 -0.5009 0.7120
vn 0.1632 -0.4558 0.8750
vn 0.0928 -0.4452 0.8906
vn 0.9377 0.0763 0.3390
vn 0.9485 0.1097 0.2972
vn 0.7687 0.6026 0.2146
vn 0.6256 0.5836 0.5178
vn 0.4906 0.8713 -0.0161
vn 0.2537 0.9492 -0.1861
vn 0.3038 0.2339 -0.9236
vn 0.0497 0.8572 0.5125
vn 0.0807 0.4735 -0.8771
vn 0.6515 -0.0565 -0.7565
vn -0.8958 -0.2943 0.3330
vn 0.9726 -0.1878 0.1369
vn 0.9726 -0.1709 0.1577
vn 0.9770 -0.0455 0.2083
vn 0.9775 -0.0442 0.2064
vn -0.3620 -0.2617 0.8947
vn -0.5264 -0.1936 0.8279
vn -0.2614 0.5615 0.7851
vn -0.2497 0.5565 0.7925
vn -0.2801 0.5970 0.7517
vn 0.7180 -0.3287 0.6136
vn 0.7418 -0.2845 0.6072
vn 0.7793 -0.2317 0.5822
vn -0.9762 -0.0473 0.2117
vn -0.0805 -0.3058 0.9487
vn 0.7934 -0.2082 0.5720
vn 0.2691 -0.3535 0.8959
vn -0.4008 -0.5199 0.7544
vn -0.3974 -0.5205 0.7558
vn -0.4000 -0.4973 0.7699
vn -0.3968 -0.4941 0.7736
vn 0.5545 -0.2674 -0.7880
vn 0.2862 0.7745 0.5642
vn 0.6561 -0.0632 -0.7521
vn -0.4631 0.0794 0.8828
vn -0.4549 -0.2087 0.8657
vn -0.4164 0.1009 0.9036
vn -0.3729 0.2461 0.8946
vn -0.4807 0.2809 0.8307
vn -0.3053 -0.2291 0.9243
vn -0.8722 -0.3173 0.3722
vn 0.7116 -0.3327 0.6188
vn -0.4372 -0.5131 0.7386
vn -0.3189 0.1949 0.9275
vn 0.9269 -0.2533 0.2771
vn 0.9365 -0.2560 0.2398
vn 0.1327 -0.5265 0.8397
vn 0.2006 -0.5159 0.8328
vn 0.0986 -0.5309 0.8417
vn 0.7640 -0.1217 0.6337
vn 0.7380 -0.1233 0.6635
vn 0.7686 0.6027 0.2146
vn -0.6808 0.1507 -0.7168
vn -0.6866 0.1397 -0.7135
vn -0.2713 0.5056 -0.8190
vn -0.2319 0.4386 -0.8682
vn -0.3759 0.7793 0.5014
vn -0.3097 0.8106 0.4971
vn -0.3512 0.7915 0.5002
vn -0.4138 0.7784 0.4721
vn -0.3553 0.7957 0.4906
vn -0.4075 0.7815 0.4724
vn -0.3546 0.7970 0.4890
vn 0.3899 -0.7882 -0.4761
vn 0.3567 -0.7982 -0.4855
vn 0.3868 -0.7903 -0.4753
vn 0.3525 -0.7988 -0.4874
vn 0.3190 -0.8048 -0.5005
vn 0.3773 -0.7760 -0.5054
vn 0.3582 -0.7857 -0.5043
vn 0.9082 0.4185 -0.0092
vn 0.9066 0.4218 0.0099
vn 0.8722 0.4820 -0.0836
vn 0.8684 0.4947 -0.0352
vn 0.2324 -0.3703 0.8994
vn 0.2451 -0.3777 0.8929
vn 0.5210 -0.2426 0.8183
vn 0.4878 -0.2838 0.8255
vn -0.4200 0.7573 0.5000
vn -0.4210 0.7574 0.4992
vn 0.7811 -0.0057 0.6244
vn 0.7761 -0.0219 0.6302
vn 0.4205 -0.7565 -0.5008
vn 0.4197 -0.7565 -0.5015
vn -0.3939 0.7642 0.5108
vn -0.3969 0.7661 0.5055
vn 0.3957 -0.7666 -0.5057
vn 0.3927 -0.7650 -0.5105
vn 0.9097 0.2082 0.3593
vn 0.9110 0.2157 0.3516
vn 0.5828 -0.5600 -0.5888
vn 0.6016 -0.5302 -0.5975
vn 0.8391 0.1372 -0.5264
vn 0.8391 0.1368 -0.5265
vn 0.5419 -0.3374 0.7697
vn 0.5287 -0.3443 0.7759
vn 0.3341 -0.4059 0.8507
vn 0.3247 -0.4256 0.8446
vn 0.3062 -0.7809 -0.5444
vn 0.3117 -0.7825 -0.5391
vn -0.0093 -0.8977 -0.4405
vn -0.0148 -0.8997 -0.4363
vn -0.6527 -0.7478 -0.1221
vn -0.6529 -0.7476 -0.1219
vn 0.8391 0.1369 -0.5264
vn 0.5822 0.8036 -0.1239
vn 0.8391 0.1373 -0.5264
vn 0.5824 0.8034 -0.1241
vn -0.0138 0.9436 0.3308
vn -0.0657 0.9281 0.3664
vn 0.5178 -0.3176 0.7944
vn 0.2987 -0.4187 0.8576
vn 0.5317 -0.3247 0.7822
vn 0.2931 -0.4076 0.8648
vn -0.9471 -0.1106 0.3014
vn -0.9470 -0.1103 0.3016
vn -0.3129 0.7788 0.5437
vn -0.6246 0.5802 0.5227
vn -0.3119 0.7789 0.5441
vn -0.6176 0.5890 0.5212
vn -0.9471 -0.1105 0.3015
vn -0.9470 -0.1101 0.3017
vn 0.6869 -0.2363 0.6873
vn 0.7074 -0.3231 0.6287
vn 0.6525 -0.1136 0.7492
vn 0.6070 -0.0219 0.7944
vn 0.1338 -0.9667 -0.2179
vn 0.1999 -0.8076 -0.5548
vn 0.3812 -0.9233 0.0456
vn 0.4106 -0.9084 0.0792
vn -0.0302 -0.8188 -0.5733
vn -0.0664 -0.8158 -0.5745
vn -0.0337 -0.8159 -0.5772
vn -0.0665 -0.8167 -0.5733
vn 0.5944 -0.2796 -0.7540
vn 0.3562 -0.1880 -0.9153
vn 0.1460 -0.9486 -0.2807
vn 0.0904 -0.9698 -0.2267
vn 0.8345 -0.1359 -0.5340
vn 0.2221 -0.9039 -0.3657
vn 0.5091 -0.5914 0.6253
vn 0.2244 -0.6292 0.7442
vn 0.1602 -0.7058 0.6900
vn -0.7787 0.4571 -0.4297
vn 0.3630 0.7792 -0.5109
vn 0.2859 0.9032 -0.3200
vn -0.7505 0.5578 -0.3544
vn 0.8556 0.1832 0.4841
vn 0.8529 0.1045 0.5114
vn 0.8556 0.1704 0.4888
vn 0.8524 0.0969 0.5139
vn -0.7506 0.5577 -0.3544
vn -0.4680 0.7925 -0.3910
vn -0.9124 -0.4073 0.0406
vn -0.7623 -0.6466 0.0288
vn -0.4768 -0.8475 0.2335
vn -0.5758 -0.7913 0.2058
vn -0.5201 -0.7487 0.4112
vn -0.0771 -0.9915 -0.1048
vn -0.0076 -0.9921 -0.1254
vn -0.0475 -0.9930 -0.1078
vn 0.5716 -0.5579 0.6016
vn -0.9009 -0.4006 0.1673
vn -0.0042 -0.8628 -0.5055
vn -0.0036 -0.8590 -0.5119
vn -0.9277 -0.3019 0.2196
vn -0.9475 -0.2926 0.1287
vn 0.5791 0.7888 -0.2058
vn 0.2615 0.9527 -0.1547
vn 0.4499 0.8920 -0.0446
vn 0.2076 0.9458 -0.2498
vn -0.4737 -0.6883 0.5494
vn -0.4411 -0.7219 0.5331
vn -0.4680 0.7925 -0.3911
vn 0.1747 -0.5834 0.7932
vn 0.1077 -0.6109 0.7844
vn 0.7348 -0.6271 -0.2586
vn 0.9758 -0.1929 0.1032
vn 0.8539 -0.3427 -0.3916
vn 0.9643 -0.2183 0.1500
vn 0.3563 -0.1880 -0.9153
vn 0.2548 0.7775 -0.5750
vn 0.0685 0.6090 -0.7902
vn 0.1999 -0.8075 -0.5550
vn 0.5752 0.7895 -0.2140
vn 0.9526 0.0511 0.3000
vn 0.9488 0.0767 0.3065
vn -0.4775 -0.7358 0.4803
vn -0.3181 -0.7474 0.5832
vn -0.1115 -0.9755 -0.1899
vn -0.1231 -0.9724 -0.1984
vn -0.1397 -0.9591 -0.2461
vn 0.7467 -0.3380 0.5729
vn 0.7884 -0.3322 0.5177
vn -0.9537 -0.2960 0.0522
vn -0.0411 -0.7423 0.6688
vn 0.8045 -0.3308 0.4934
vn 0.2941 -0.6307 0.7181
vn -0.3920 -0.5473 0.7395
vn -0.3959 -0.5430 0.7406
vn 0.8345 -0.1359 -0.5339
vn 0.4500 0.8919 -0.0446
vn 0.5792 0.7888 -0.2057
vn 0.5792 0.7888 -0.2058
vn 0.4273 -0.7902 -0.4392
vn -0.3252 -0.9106 0.2550
vn -0.3758 -0.8890 0.2618
vn -0.4057 -0.7547 0.5156
vn -0.3718 -0.9266 0.0564
vn -0.2644 -0.9565 0.1235
vn -0.2555 -0.7803 0.5708
vn -0.2149 -0.9584 0.1880
vn 0.9127 0.0071 0.4085
vn 0.9066 -0.0289 0.4210
vn 0.7679 -0.4553 0.4506
vn 0.7914 -0.4257 0.4388
vn 0.7347 -0.6271 -0.2587
vn 0.8539 -0.3428 -0.3917
vn -0.7191 0.5003 -0.4823
vn -0.7123 0.4995 -0.4931
vn -0.2443 0.5756 -0.7804
vn -0.2707 0.4987 -0.8234
vn -0.1626 -0.8201 -0.5486
vn -0.2317 -0.8197 -0.5239
vn -0.2058 -0.8204 -0.5334
vn -0.2094 -0.8129 -0.5434
vn -0.2102 -0.8140 -0.5416
vn -0.2650 -0.7984 -0.5407
vn -0.2717 -0.7976 -0.5385
vn 0.2073 0.8121 0.5455
vn 0.2116 0.8106 0.5461
vn 0.2432 0.8019 0.5457
vn 0.2465 0.8022 0.5438
vn 0.2332 0.8221 0.5193
vn 0.1722 0.8220 0.5427
vn 0.2132 0.8226 0.5271
vn 0.9184 -0.0602 -0.3910
vn 0.9507 -0.0663 -0.3031
vn 0.9166 -0.0108 -0.3996
vn 0.9502 -0.0475 -0.3080
vn 0.5135 -0.5678 0.6434
vn 0.2670 -0.6211 0.7368
vn 0.5509 -0.5740 0.6058
vn 0.2560 -0.6316 0.7318
vn -0.2792 -0.8144 -0.5087
vn -0.2782 -0.8150 -0.5083
vn 0.8158 -0.4618 0.3481
vn 0.8223 -0.4626 0.3314
vn 0.2779 0.8160 0.5069
vn 0.2787 0.8155 0.5072
vn -0.2538 -0.8207 -0.5120
vn -0.2506 -0.8242 -0.5078
vn 0.2494 0.8241 0.5085
vn 0.2526 0.8208 0.5123
vn 0.9566 -0.2902 0.0272
vn 0.9550 -0.2942 0.0371
vn 0.8040 0.5264 -0.2767
vn 0.4786 0.8332 0.2769
vn 0.8040 0.5261 -0.2770
vn 0.4570 0.8352 0.3059
vn 0.3358 -0.5478 0.7663
vn 0.5421 -0.4930 0.6805
vn 0.3480 -0.5601 0.7517
vn 0.5556 -0.4886 0.6728
vn -0.1646 0.7604 0.6282
vn 0.1647 0.8468 0.5057
vn -0.1592 0.7641 0.6251
vn 0.1591 0.8503 0.5017
vn -0.7503 0.3331 0.5710
vn -0.7502 0.3333 0.5711
vn 0.6677 -0.1426 -0.7307
vn 0.6675 -0.1428 -0.7308
vn 0.8040 0.5263 -0.2767
vn 0.0829 -0.7191 -0.6899
vn 0.1333 -0.6867 -0.7146
vn 0.3119 -0.5657 0.7634
vn 0.5362 -0.5220 0.6633
vn 0.3084 -0.5775 0.7559
vn 0.5481 -0.5064 0.6657
vn -0.9256 -0.3478 0.1493
vn -0.9257 -0.3475 0.1495
vn -0.4932 -0.7904 -0.3633
vn -0.5011 -0.7891 -0.3553
vn -0.1650 -0.8499 -0.5004
vn -0.1661 -0.8496 -0.5006
vn -0.9256 -0.3479 0.1492
vn -0.9257 -0.3475 0.1494
vn 0.7094 -0.3460 0.6140
vn 0.7050 -0.4371 0.5585
vn 0.6916 -0.5476 0.4709
vn 0.6620 -0.6317 0.4034
vn 0.0780 -0.8394 -0.5379
vn -0.0734 0.8393 0.5386
vt 0.341769 0.911567
vt 0.360950 0.911567
vt 0.341769 0.932311
vt 0.360950 0.932311
vt 0.382802 0.911567
vt 0.382802 0.932311
vt 0.408343 0.911567
vt 0.408343 0.932311
vt 0.234482 0.229217
vt 0.247470 0.258675
vt 0.199041 0.238293
vt 0.219703 0.270672
vt 0.321188 0.242842
vt 0.325345 0.212715
vt 0.360027 0.257274
vt 0.362431 0.219694
vt 0.745519 0.305845
vt 0.725209 0.302084
vt 0.746277 0.273762
vt 0.725513 0.275961
vt 0.804947 0.314991
vt 0.784420 0.311491
vt 0.810804 0.290037
vt 0.791816 0.279216
vt 0.825454 0.320784
vt 0.831457 0.302379
vt 0.825840 0.264348
vt 0.801097 0.247993
vt 0.828657 0.400371
vt 0.810037 0.396982
vt 0.845847 0.319900
vt 0.838043 0.287963
vt 0.258456 0.221702
vt 0.270485 0.248727
vt 0.276916 0.260748
vt 0.293893 0.233094
vt 0.301297 0.271690
vt 0.744088 0.241423
vt 0.718866 0.257694
vt 0.137195 0.161905
vt 0.168540 0.161637
vt 0.137191 0.191888
vt 0.167758 0.194605
vt 0.399154 0.220356
vt 0.399154 0.257135
vt 0.240889 0.131094
vt 0.256029 0.139809
vt 0.229075 0.166406
vt 0.246214 0.163505
vt 0.694286 0.386659
vt 0.668125 0.383324
vt 0.702471 0.297167
vt 0.683326 0.296242
vt 0.329689 0.183623
vt 0.307962 0.175293
vt 0.325719 0.152482
vt 0.301941 0.153157
vt 0.199394 0.163580
vt 0.199054 0.196715
vt 0.229562 0.195280
vt 0.246126 0.193007
vt 0.303353 0.201985
vt 0.203206 0.126944
vt 0.137190 0.218462
vt 0.166730 0.224268
vt 0.768706 0.271482
vt 0.773531 0.240934
vt 0.714245 0.388153
vt 0.288971 0.119264
vt 0.285238 0.136102
vt 0.270122 0.115124
vt 0.270122 0.132084
vt 0.765589 0.308309
vt 0.330287 0.284521
vt 0.788585 0.394144
vt 0.761613 0.391408
vt 0.733258 0.389101
vt 0.699639 0.273430
vt 0.682409 0.283364
vt 0.668125 0.287170
vt 0.668125 0.297492
vt 0.862230 0.326366
vt 0.866428 0.317578
vt 0.851009 0.306659
vt 0.853111 0.406648
vt 0.458810 0.911567
vt 0.458810 0.932311
vt 0.435143 0.911567
vt 0.435143 0.932311
vt 0.239398 0.090400
vt 0.270122 0.092983
vt 0.322932 0.112527
vt 0.291153 0.099008
vt 0.203045 0.089178
vt 0.204475 0.051813
vt 0.240041 0.052697
vt 0.270122 0.054170
vt 0.295323 0.062597
vt 0.330223 0.070495
vt 0.554522 0.132496
vt 0.547628 0.122438
vt 0.562905 0.131850
vt 0.847228 0.258774
vt 0.848663 0.249599
vt 0.858465 0.265140
vt 0.867658 0.278316
vt 0.855985 0.279544
vt 0.853558 0.273120
vt 0.918403 0.236990
vt 0.926619 0.255531
vt 0.901463 0.233140
vt 0.898347 0.244339
vt 0.903842 0.263911
vt 0.929564 0.278990
vt 0.910326 0.282710
vt 0.525744 0.050448
vt 0.553882 0.051239
vt 0.525064 0.067632
vt 0.580687 0.050660
vt 0.583346 0.071043
vt 0.568273 0.073239
vt 0.874226 0.286034
vt 0.889983 0.285428
vt 0.882262 0.269465
vt 0.528031 0.030604
vt 0.554003 0.031384
vt 0.576753 0.028138
vt 0.549200 0.071365
vt 0.540928 0.127673
vt 0.533088 0.113504
vt 0.534200 0.124685
vt 0.543570 0.096349
vt 0.521427 0.109913
vt 0.521622 0.092622
vt 0.877560 0.251552
vt 0.562350 0.101051
vt 0.639257 0.052725
vt 0.634684 0.058291
vt 0.628969 0.045272
vt 0.623432 0.051562
vt 0.606798 0.043025
vt 0.613798 0.033795
vt 0.946499 0.196426
vt 0.947429 0.210323
vt 0.939297 0.196736
vt 0.937915 0.212217
vt 0.947691 0.226639
vt 0.935615 0.226016
vt 0.599598 0.116244
vt 0.591187 0.119602
vt 0.592973 0.096464
vt 0.583326 0.100527
vt 0.860091 0.228080
vt 0.861579 0.220602
vt 0.878147 0.234385
vt 0.879872 0.224690
vt 0.554269 0.136691
vt 0.566092 0.133764
vt 0.846383 0.246574
vt 0.842810 0.259284
vt 0.546379 0.127739
vt 0.854131 0.266154
vt 0.540745 0.130678
vt 0.850490 0.272041
vt 0.531062 0.126570
vt 0.854337 0.282327
vt 0.518545 0.111087
vt 0.528444 0.115806
vt 0.866149 0.283143
vt 0.872917 0.289439
vt 0.589354 0.123110
vt 0.602813 0.117889
vt 0.860117 0.217919
vt 0.857201 0.230397
vt 0.518545 0.051502
vt 0.518545 0.069698
vt 0.913013 0.289439
vt 0.930346 0.289439
vt 0.518545 0.031790
vt 0.950508 0.279923
vt 0.950050 0.289439
vt 0.591760 0.073633
vt 0.592332 0.060029
vt 0.916518 0.226971
vt 0.904071 0.225948
vt 0.567503 0.101984
vt 0.878110 0.246852
vt 0.518545 0.092790
vt 0.891140 0.289439
vt 0.599454 0.095475
vt 0.882451 0.220995
vt 0.578804 0.103591
vt 0.877087 0.238770
vt 0.642727 0.052487
vt 0.632178 0.040589
vt 0.954365 0.208607
vt 0.948860 0.192080
vt 0.618834 0.027561
vt 0.955683 0.227115
vt 0.607165 0.050315
vt 0.620717 0.055991
vt 0.932062 0.210453
vt 0.929608 0.224384
vt 0.635980 0.062594
vt 0.935214 0.193357
vt 0.596968 0.024608
vt 0.607994 0.013720
vt 0.943797 0.240023
vt 0.959255 0.242955
vt 0.923657 0.229681
vt 0.927117 0.234546
vt 0.593167 0.042635
vt 0.597443 0.052191
vt 0.952508 0.263132
vt 0.588336 0.018992
vt 0.598109 0.003906
vt 0.967258 0.253863
vt 0.962104 0.266204
vt 0.960491 0.279886
vt 0.959084 0.289439
vt 0.528377 0.018992
vt 0.518545 0.018992
vt 0.553160 0.018992
vt 0.573947 0.018992
vt 0.969377 0.073539
vt 0.969377 0.055222
vt 0.985913 0.073539
vt 0.985913 0.055222
vt 0.969377 0.040448
vt 0.985913 0.040448
vt 0.969377 0.023040
vt 0.985913 0.023040
vt 0.969377 0.003906
vt 0.985913 0.003906
vt 0.132566 0.555285
vt 0.132566 0.536942
vt 0.149101 0.555285
vt 0.149101 0.536942
vt 0.132566 0.517793
vt 0.149101 0.517793
vt 0.132566 0.498301
vt 0.149101 0.498301
vt 0.132566 0.478758
vt 0.149101 0.478758
vt 0.707817 0.505304
vt 0.708545 0.486262
vt 0.727822 0.505304
vt 0.723662 0.487652
vt 0.688334 0.505304
vt 0.690374 0.486723
vt 0.668125 0.505304
vt 0.668125 0.486022
vt 0.810012 0.505304
vt 0.810888 0.490209
vt 0.825546 0.505304
vt 0.831378 0.492005
vt 0.788001 0.505304
vt 0.792356 0.490029
vt 0.773960 0.505304
vt 0.778411 0.491163
vt 0.753965 0.505304
vt 0.753065 0.489775
vt 0.238603 0.450350
vt 0.199931 0.434534
vt 0.259675 0.422990
vt 0.211165 0.406859
vt 0.152406 0.396473
vt 0.214808 0.364990
vt 0.155916 0.358384
vt 0.261485 0.694883
vt 0.259123 0.718095
vt 0.227945 0.684850
vt 0.225757 0.719822
vt 0.076782 0.399226
vt 0.041026 0.372091
vt 0.069191 0.364964
vt 0.022453 0.403871
vt 0.041458 0.405518
vt 0.050442 0.433001
vt 0.030699 0.436519
vt 0.003906 0.401249
vt 0.015839 0.417764
vt 0.257460 0.746087
vt 0.223786 0.751768
vt 0.244546 0.734775
vt 0.142406 0.313242
vt 0.119532 0.317992
vt 0.128987 0.289495
vt 0.120649 0.293433
vt 0.102919 0.278494
vt 0.059637 0.321299
vt 0.064727 0.344177
vt 0.049126 0.345163
vt 0.078234 0.337055
vt 0.096095 0.357867
vt 0.114564 0.359483
vt 0.104159 0.380082
vt 0.003906 0.336372
vt 0.023811 0.324546
vt 0.003906 0.365421
vt 0.030363 0.346851
vt 0.038589 0.323881
vt 0.131252 0.346448
vt 0.160194 0.312934
vt 0.294941 0.721672
vt 0.320857 0.725493
vt 0.301819 0.738691
vt 0.034577 0.296882
vt 0.010763 0.301547
vt 0.003906 0.308981
vt 0.352284 0.695861
vt 0.352284 0.719478
vt 0.338601 0.694382
vt 0.339812 0.722830
vt 0.319015 0.696425
vt 0.352284 0.748680
vt 0.345642 0.750522
vt 0.311334 0.755927
vt 0.330802 0.755647
vt 0.043391 0.458749
vt 0.021451 0.457596
vt 0.116658 0.338477
vt 0.098787 0.337739
vt 0.056679 0.289633
vt 0.301542 0.695407
vt 0.098926 0.312546
vt 0.078759 0.287425
vt 0.229959 0.638246
vt 0.266726 0.637286
vt 0.262874 0.664792
vt 0.145389 0.274492
vt 0.342028 0.672674
vt 0.352284 0.672936
vt 0.343505 0.649529
vt 0.352284 0.648146
vt 0.319536 0.670854
vt 0.324873 0.642531
vt 0.302874 0.668566
vt 0.305782 0.640623
vt 0.284140 0.667361
vt 0.142013 0.433001
vt 0.129761 0.466708
vt 0.147678 0.470391
vt 0.200561 0.681166
vt 0.197738 0.716592
vt 0.204151 0.750781
vt 0.082642 0.314208
vt 0.288028 0.637696
vt 0.879065 0.923128
vt 0.877510 0.949180
vt 0.874190 0.920992
vt 0.874190 0.949175
vt 0.882161 0.979072
vt 0.880854 0.983675
vt 0.878956 0.975276
vt 0.874190 0.977363
vt 0.911774 0.979072
vt 0.913749 0.983675
vt 0.915906 0.975276
vt 0.921056 0.976130
vt 0.916167 0.949241
vt 0.921056 0.949266
vt 0.421084 0.857354
vt 0.386543 0.857354
vt 0.421084 0.829663
vt 0.386543 0.829663
vt 0.349603 0.857354
vt 0.349603 0.829663
vt 0.072835 0.779596
vt 0.099538 0.779596
vt 0.073940 0.807654
vt 0.099538 0.807654
vt 0.448440 0.857354
vt 0.448440 0.829663
vt 0.168818 0.047871
vt 0.207651 0.003906
vt 0.170784 0.003906
vt 0.039783 0.779596
vt 0.040194 0.807654
vt 0.003906 0.779596
vt 0.003906 0.807654
vt 0.247384 0.018595
vt 0.270122 0.032537
vt 0.297410 0.042869
vt 0.399158 0.038540
vt 0.399157 0.078076
vt 0.361104 0.037867
vt 0.361740 0.076548
vt 0.399158 0.021609
vt 0.362820 0.021609
vt 0.243175 0.003906
vt 0.330484 0.021609
vt 0.328879 0.031966
vt 0.270122 0.013549
vt 0.270122 0.003906
vt 0.305355 0.021609
vt 0.300011 0.026399
vt 0.363676 0.301248
vt 0.363676 0.323084
vt 0.343612 0.299859
vt 0.331136 0.398047
vt 0.338000 0.361648
vt 0.363676 0.395269
vt 0.363676 0.359529
vt 0.363676 0.399224
vt 0.363676 0.415843
vt 0.330259 0.423941
vt 0.021548 0.623208
vt 0.035136 0.658776
vt 0.003906 0.641147
vt 0.003906 0.664282
vt 0.036560 0.698462
vt 0.003906 0.693063
vt 0.028873 0.726301
vt 0.003906 0.717870
vt 0.269067 0.456837
vt 0.250226 0.466888
vt 0.224196 0.475752
vt 0.216771 0.473141
vt 0.111850 0.774877
vt 0.089446 0.751329
vt 0.120692 0.767806
vt 0.116525 0.718162
vt 0.296842 0.413777
vt 0.298361 0.441662
vt 0.301279 0.370321
vt 0.262089 0.372069
vt 0.307076 0.327447
vt 0.264179 0.324395
vt 0.344519 0.338032
vt 0.306941 0.290791
vt 0.262357 0.281895
vt 0.073735 0.708077
vt 0.076289 0.664366
vt 0.067953 0.617978
vt 0.214634 0.317249
vt 0.113754 0.662578
vt 0.116410 0.626011
vt 0.158282 0.670837
vt 0.166981 0.631782
vt 0.240481 0.320314
vt 0.212119 0.279009
vt 0.062268 0.740614
vt 0.096788 0.689561
vt 0.162161 0.715123
vt 0.184120 0.470866
vt 0.139726 0.734798
vt 0.164118 0.756391
vt 0.175183 0.275549
vt 0.202708 0.636633
vt 0.178181 0.714195
vt 0.182304 0.674693
vt 0.360950 0.952942
vt 0.382802 0.952942
vt 0.382802 0.974234
vt 0.360950 0.974234
vt 0.408343 0.952942
vt 0.408343 0.974234
vt 0.435143 0.952942
vt 0.435143 0.974234
vt 0.458810 0.952942
vt 0.458810 0.974234
vt 0.341769 0.952942
vt 0.341769 0.974234
vt 0.702214 0.129951
vt 0.703818 0.115618
vt 0.716410 0.132302
vt 0.719457 0.115728
vt 0.701254 0.099085
vt 0.717645 0.097226
vt 0.689253 0.116311
vt 0.691467 0.104757
vt 0.691558 0.125588
vt 0.670289 0.090105
vt 0.687136 0.074403
vt 0.679135 0.096861
vt 0.693578 0.083919
vt 0.705290 0.066249
vt 0.710922 0.077660
vt 0.674288 0.116481
vt 0.661849 0.115673
vt 0.668903 0.140822
vt 0.679100 0.133817
vt 0.692872 0.145342
vt 0.686098 0.156002
vt 0.709773 0.151228
vt 0.705064 0.163358
vt 0.735533 0.133791
vt 0.733462 0.155453
vt 0.728271 0.169108
vt 0.729305 0.057516
vt 0.735395 0.070549
vt 0.735939 0.093277
vt 0.736150 0.114199
vt 0.746161 0.093295
vt 0.747068 0.113703
vt 0.744959 0.134156
vt 0.684866 0.043984
vt 0.667922 0.038481
vt 0.688494 0.003906
vt 0.669307 0.003906
vt 0.700916 0.007520
vt 0.697695 0.044397
vt 0.711058 0.015517
vt 0.709505 0.039811
vt 0.715362 0.028145
vt 0.758120 0.064006
vt 0.768664 0.087446
vt 0.763212 0.115034
vt 0.766454 0.136088
vt 0.754929 0.160461
vt 0.748450 0.175283
vt 0.652005 0.031951
vt 0.650506 0.003906
vt 0.751628 0.049322
vt 0.770681 0.169165
vt 0.762007 0.182818
vt 0.639883 0.030942
vt 0.639883 0.003906
vt 0.763611 0.041774
vt 0.768597 0.049482
vt 0.822503 0.058659
vt 0.811392 0.070215
vt 0.808822 0.043612
vt 0.796468 0.054802
vt 0.895054 0.809928
vt 0.891289 0.829603
vt 0.865675 0.808593
vt 0.866567 0.827470
vt 0.863712 0.788138
vt 0.893339 0.790418
vt 0.820671 0.032348
vt 0.834729 0.047195
vt 0.780632 0.037811
vt 0.757847 0.035525
vt 0.769438 0.025099
vt 0.720426 0.675716
vt 0.720426 0.669803
vt 0.745747 0.675716
vt 0.745747 0.669803
vt 0.777084 0.184691
vt 0.765696 0.198230
vt 0.756733 0.189852
vt 0.783577 0.153152
vt 0.805990 0.180777
vt 0.823096 0.165275
vt 0.817852 0.191823
vt 0.832912 0.178011
vt 0.781462 0.013363
vt 0.792518 0.025519
vt 0.790005 0.003906
vt 0.802418 0.014155
vt 0.788603 0.197799
vt 0.777056 0.209484
vt 0.799647 0.209634
vt 0.788015 0.220498
vt 0.805199 0.155318
vt 0.791303 0.169055
vt 0.864812 0.771868
vt 0.891744 0.772762
vt 0.864774 0.752686
vt 0.895691 0.754526
vt 0.867180 0.734842
vt 0.892998 0.736199
vt 0.881170 0.720563
vt 0.782061 0.066964
vt 0.896322 0.714130
vt 0.886373 0.904350
vt 0.885067 0.886121
vt 0.904253 0.904350
vt 0.899206 0.879451
vt 0.902765 0.828138
vt 0.976761 0.096810
vt 0.976669 0.107599
vt 0.952641 0.098677
vt 0.952769 0.107599
vt 0.972927 0.085832
vt 0.956163 0.087808
vt 0.965270 0.081775
vt 0.895245 0.846013
vt 0.905160 0.844375
vt 0.893646 0.861235
vt 0.903886 0.861664
vt 0.891841 0.873598
vt 0.877507 0.857787
vt 0.879326 0.845619
vt 0.881029 0.873553
vt 0.863084 0.878143
vt 0.864502 0.904350
vt 0.785343 0.885310
vt 0.786386 0.904350
vt 0.794704 0.861758
vt 0.860762 0.858591
vt 0.863351 0.843163
vt 0.788632 0.129563
vt 0.800577 0.139160
vt 0.791855 0.100952
vt 0.802889 0.086778
vt 0.789126 0.115362
vt 0.495117 0.494080
vt 0.458551 0.476669
vt 0.500663 0.463175
vt 0.463203 0.451370
vt 0.427572 0.469917
vt 0.435017 0.444569
vt 0.392689 0.453970
vt 0.366801 0.443833
vt 0.397612 0.437652
vt 0.372128 0.429429
vt 0.503831 0.376919
vt 0.546979 0.402801
vt 0.497625 0.388548
vt 0.517245 0.415312
vt 0.551082 0.439808
vt 0.525565 0.445302
vt 0.562807 0.473696
vt 0.536321 0.483203
vt 0.595431 0.341684
vt 0.611388 0.309441
vt 0.635439 0.346733
vt 0.640307 0.315294
vt 0.329291 0.610320
vt 0.310723 0.593706
vt 0.362532 0.587596
vt 0.592636 0.290099
vt 0.612456 0.288660
vt 0.585236 0.429460
vt 0.582366 0.391671
vt 0.629498 0.432382
vt 0.634766 0.398592
vt 0.545767 0.343810
vt 0.316768 0.557696
vt 0.367224 0.548855
vt 0.587336 0.471698
vt 0.620678 0.472176
vt 0.591685 0.092950
vt 0.581780 0.096608
vt 0.580279 0.093139
vt 0.590527 0.089735
vt 0.885525 0.226490
vt 0.888889 0.222649
vt 0.597279 0.089693
vt 0.576678 0.099249
vt 0.881533 0.240868
vt 0.883231 0.235982
vt 0.887332 0.268513
vt 0.882456 0.251187
vt 0.544278 0.092902
vt 0.522108 0.089262
vt 0.522600 0.085926
vt 0.545022 0.089496
vt 0.562590 0.097394
vt 0.562827 0.093826
vt 0.882197 0.246524
vt 0.568316 0.097957
vt 0.897541 0.289439
vt 0.895490 0.284665
vt 0.518545 0.086382
vt 0.899147 0.265132
vt 0.905165 0.282770
vt 0.892912 0.249870
vt 0.524085 0.076130
vt 0.547313 0.079551
vt 0.564895 0.082398
vt 0.569722 0.087617
vt 0.568134 0.087992
vt 0.892505 0.245945
vt 0.890704 0.244582
vt 0.518545 0.076516
vt 0.906863 0.289439
vt 0.573940 0.081266
vt 0.586313 0.078624
vt 0.894955 0.230207
vt 0.891908 0.239098
vt 0.594028 0.080104
vt 0.898360 0.225281
vt 0.572722 0.092395
vt 0.888278 0.244577
vt 0.848203 0.435395
vt 0.828238 0.430475
vt 0.688485 0.422607
vt 0.668125 0.415629
vt 0.756864 0.422577
vt 0.729080 0.425812
vt 0.787786 0.423815
vt 0.804562 0.424356
vt 0.709259 0.423088
vt 0.691255 0.403436
vt 0.732242 0.408512
vt 0.712100 0.406013
vt 0.565197 0.732152
vt 0.569938 0.707071
vt 0.585314 0.738229
vt 0.590772 0.707331
vt 0.631057 0.741300
vt 0.630149 0.708801
vt 0.651685 0.734255
vt 0.650862 0.708988
vt 0.674194 0.725990
vt 0.671995 0.706963
vt 0.634200 0.773251
vt 0.661393 0.761922
vt 0.672056 0.629608
vt 0.691573 0.711577
vt 0.690860 0.629204
vt 0.677788 0.741221
vt 0.026916 0.258664
vt 0.003906 0.248692
vt 0.039925 0.229222
vt 0.015956 0.221670
vt 0.477121 0.242843
vt 0.504415 0.233095
vt 0.497012 0.271691
vt 0.521394 0.260748
vt 0.555426 0.748570
vt 0.577275 0.769095
vt 0.106623 0.194598
vt 0.105849 0.161629
vt 0.028173 0.163487
vt 0.018338 0.139811
vt 0.045313 0.166390
vt 0.033483 0.131087
vt 0.523803 0.702440
vt 0.529472 0.618518
vt 0.546369 0.706953
vt 0.556945 0.622330
vt 0.496369 0.153160
vt 0.490347 0.175295
vt 0.472618 0.152406
vt 0.468629 0.183599
vt 0.044803 0.195278
vt 0.075323 0.196705
vt 0.074994 0.163568
vt 0.028254 0.192954
vt 0.472965 0.212716
vt 0.494955 0.201987
vt 0.071197 0.126923
vt 0.605972 0.775007
vt 0.606939 0.744574
vt 0.576660 0.624233
vt 0.513073 0.136107
vt 0.509340 0.119268
vt 0.004233 0.132095
vt 0.004233 0.115128
vt 0.611046 0.708566
vt 0.650628 0.629137
vt 0.595421 0.626262
vt 0.623654 0.628174
vt 0.520553 0.714548
vt 0.539035 0.729296
vt 0.500620 0.696083
vt 0.497625 0.705708
vt 0.694015 0.725416
vt 0.711396 0.717703
vt 0.711396 0.708378
vt 0.711396 0.627467
vt 0.004233 0.092978
vt 0.034911 0.090389
vt 0.507160 0.099013
vt 0.475380 0.112530
vt 0.071164 0.089112
vt 0.034308 0.052670
vt 0.069904 0.051808
vt 0.004233 0.054148
vt 0.468092 0.070498
vt 0.502992 0.062601
vt 0.103627 0.003906
vt 0.108477 0.003906
vt 0.105654 0.047978
vt 0.880980 0.914725
vt 0.882274 0.919330
vt 0.913739 0.914725
vt 0.911869 0.919330
vt 0.916108 0.923128
vt 0.312663 0.829663
vt 0.312663 0.857354
vt 0.278121 0.829663
vt 0.278121 0.857354
vt 0.250766 0.829663
vt 0.250766 0.857354
vt 0.066753 0.003906
vt 0.083403 0.119290
vt 0.119698 0.119290
vt 0.083403 0.147339
vt 0.119279 0.147339
vt 0.004233 0.032503
vt 0.026982 0.018570
vt 0.500907 0.042873
vt 0.436574 0.076550
vt 0.437213 0.037868
vt 0.435495 0.021609
vt 0.031203 0.003906
vt 0.469437 0.031969
vt 0.467832 0.021609
vt 0.004233 0.013506
vt 0.004233 0.003906
vt 0.498305 0.026402
vt 0.492963 0.021609
vt 0.153456 0.119290
vt 0.152339 0.147339
vt 0.711396 0.597182
vt 0.696425 0.598599
vt 0.711396 0.534211
vt 0.688811 0.534471
vt 0.546231 0.523917
vt 0.565398 0.529876
vt 0.534102 0.586989
vt 0.556620 0.588357
vt 0.624519 0.597321
vt 0.597194 0.591073
vt 0.629464 0.532726
vt 0.599219 0.533138
vt 0.655278 0.600102
vt 0.655644 0.533299
vt 0.669923 0.534774
vt 0.671956 0.601649
vt 0.577168 0.590956
vt 0.583644 0.533131
vt 0.556727 0.606383
vt 0.597762 0.607728
vt 0.577520 0.607227
vt 0.921056 0.921949
vt 0.520615 0.499362
vt 0.520615 0.467263
vt 0.520615 0.503176
vt 0.575916 0.504367
vt 0.552531 0.504367
vt 0.623575 0.504367
vt 0.602358 0.504367
vt 0.179068 0.147339
vt 0.179068 0.119290
vt 0.502623 0.581989
vt 0.483080 0.576272
vt 0.520615 0.551310
vt 0.487776 0.539945
vt 0.520615 0.588409
vt 0.520615 0.611151
vt 0.426443 0.521313
vt 0.457661 0.526024
vt 0.448556 0.574503
vt 0.415570 0.581531
vt 0.447648 0.623994
vt 0.417546 0.622986
vt 0.484559 0.625204
vt 0.122150 0.411902
vt 0.126999 0.388065
vt 0.130903 0.359486
vt 0.105075 0.440614
vt 0.102892 0.408884
vt 0.283954 0.528918
vt 0.312048 0.518131
vt 0.286365 0.554455
vt 0.212336 0.557730
vt 0.187638 0.560934
vt 0.211046 0.535976
vt 0.186433 0.538569
vt 0.184131 0.513064
vt 0.207697 0.511218
vt 0.594974 0.271262
vt 0.577232 0.265646
vt 0.574246 0.288184
vt 0.603062 0.193570
vt 0.583816 0.195907
vt 0.604775 0.171184
vt 0.584934 0.177035
vt 0.631248 0.168364
vt 0.624894 0.197298
vt 0.647520 0.193176
vt 0.651272 0.173869
vt 0.229328 0.512484
vt 0.223523 0.484711
vt 0.204139 0.486731
vt 0.565779 0.187844
vt 0.564565 0.196203
vt 0.539648 0.168483
vt 0.537592 0.192206
vt 0.551533 0.214678
vt 0.535677 0.212058
vt 0.533372 0.229990
vt 0.560084 0.228909
vt 0.564874 0.213207
vt 0.582152 0.231604
vt 0.583879 0.211116
vt 0.602391 0.209441
vt 0.599352 0.224338
vt 0.621469 0.210037
vt 0.241796 0.483314
vt 0.249018 0.509324
vt 0.250725 0.558397
vt 0.251398 0.536100
vt 0.266827 0.555893
vt 0.271140 0.533191
vt 0.642225 0.248699
vt 0.643350 0.267449
vt 0.617900 0.248480
vt 0.615706 0.269119
vt 0.578615 0.248346
vt 0.598044 0.248133
vt 0.559274 0.247349
vt 0.556321 0.261740
vt 0.532853 0.245971
vt 0.622384 0.225733
vt 0.265069 0.503689
vt 0.270223 0.474800
vt 0.275983 0.502063
vt 0.257814 0.478282
vt 0.283621 0.576539
vt 0.188137 0.577780
vt 0.211553 0.580049
vt 0.283419 0.594214
vt 0.266247 0.598821
vt 0.266658 0.579189
vt 0.232867 0.537468
vt 0.230251 0.554990
vt 0.644078 0.228376
vt 0.646397 0.212820
vt 0.225224 0.573234
vt 0.191109 0.622078
vt 0.212083 0.599833
vt 0.210305 0.621943
vt 0.642087 0.292865
vt 0.667615 0.272343
vt 0.667925 0.180848
vt 0.664394 0.200068
vt 0.186562 0.598597
vt 0.667258 0.233961
vt 0.664658 0.252823
vt 0.248129 0.602116
vt 0.245012 0.619591
vt 0.264844 0.620126
vt 0.284288 0.612822
vt 0.666008 0.217698
vt 0.227914 0.618953
vt 0.232025 0.598365
vt 0.311343 0.631767
vt 0.248777 0.582458
vt 0.236386 0.583722
vt 0.240916 0.589090
vt 0.359027 0.489755
vt 0.352194 0.464388
vt 0.554731 0.286736
vt 0.572267 0.316740
vt 0.368354 0.508442
vt 0.306231 0.500759
vt 0.510314 0.339648
vt 0.294592 0.471201
vt 0.335771 0.631879
vt 0.527659 0.281636
vt 0.368653 0.627133
vt 0.289310 0.501482
vt 0.281470 0.473027
vt 0.531727 0.258276
vt 0.530091 0.269099
vt 0.905570 0.624043
vt 0.905570 0.598630
vt 0.978950 0.624043
vt 0.978950 0.598630
vt 0.905570 0.578112
vt 0.978950 0.578112
vt 0.905570 0.559454
vt 0.978950 0.559454
vt 0.905570 0.535599
vt 0.978950 0.535599
vt 0.905570 0.714167
vt 0.905570 0.691874
vt 0.978950 0.714167
vt 0.978950 0.691874
vt 0.905570 0.671312
vt 0.978950 0.671312
vt 0.905570 0.649822
vt 0.978950 0.649822
vt 0.271686 0.168511
vt 0.280751 0.150051
vt 0.285698 0.158317
vt 0.271686 0.144045
vt 0.283006 0.181905
vt 0.271686 0.185875
vt 0.289817 0.169879
vt 0.774804 0.862240
vt 0.763312 0.862408
vt 0.763312 0.886493
vt 0.763312 0.843134
vt 0.774962 0.843360
vt 0.763312 0.825278
vt 0.778226 0.824278
vt 0.763312 0.806095
vt 0.777042 0.806581
vt 0.763312 0.787186
vt 0.776144 0.786767
vt 0.763312 0.769058
vt 0.763312 0.744400
vt 0.776257 0.768627
vt 0.787636 0.744589
vt 0.796126 0.767990
vt 0.795079 0.785701
vt 0.793450 0.804390
vt 0.788528 0.785853
vt 0.789453 0.804353
vt 0.779098 0.787312
vt 0.780327 0.804875
vt 0.604189 0.790581
vt 0.581334 0.789419
vt 0.603960 0.786100
vt 0.582413 0.784515
vt 0.788173 0.781201
vt 0.604248 0.800780
vt 0.580800 0.800449
vt 0.778936 0.782382
vt 0.788978 0.825421
vt 0.793518 0.825038
vt 0.787894 0.843609
vt 0.794183 0.843362
vt 0.581078 0.805336
vt 0.603334 0.805165
vt 0.779601 0.843508
vt 0.781566 0.825226
vt 0.627567 0.801908
vt 0.626914 0.791514
vt 0.557492 0.797705
vt 0.552602 0.797096
vt 0.558979 0.788391
vt 0.554236 0.788390
vt 0.604456 0.784062
vt 0.582391 0.781641
vt 0.606044 0.789149
vt 0.605342 0.785182
vt 0.626905 0.787947
vt 0.605119 0.802959
vt 0.627590 0.805453
vt 0.604850 0.805940
vt 0.581804 0.807302
vt 0.603028 0.807518
vt 0.579219 0.802087
vt 0.579541 0.805375
vt 0.557763 0.799542
vt 0.552198 0.798800
vt 0.552606 0.786972
vt 0.550972 0.797610
vt 0.559561 0.786463
vt 0.553972 0.786177
vt 0.579456 0.786928
vt 0.580320 0.783728
vt 0.640101 0.790968
vt 0.640101 0.801323
vt 0.862684 0.404736
vt 0.875744 0.403079
vt 0.863960 0.414863
vt 0.877028 0.413206
vt 0.787029 0.725326
vt 0.181752 0.488634
vt 0.739921 0.954149
vt 0.738921 0.959125
vt 0.736075 0.963333
vt 0.738922 0.949160
vt 0.736077 0.944916
vt 0.979090 0.981759
vt 0.975031 0.978408
vt 0.979090 0.956681
vt 0.975031 0.961616
vt 0.933689 0.961616
vt 0.929629 0.956681
vt 0.675450 0.937220
vt 0.709618 0.937173
vt 0.711157 0.940206
vt 0.725094 0.940844
vt 0.731805 0.942061
vt 0.717730 0.968294
vt 0.731803 0.966136
vt 0.548463 0.926498
vt 0.502294 0.926498
vt 0.572242 0.923292
vt 0.478515 0.923054
vt 0.675447 0.970273
vt 0.583466 0.911567
vt 0.467290 0.911567
vt 0.929629 0.981759
vt 0.933689 0.978408
vt 0.419797 0.292758
vt 0.419797 0.402451
vt 0.401396 0.292758
vt 0.401396 0.402451
vt 0.502294 0.947301
vt 0.548463 0.947401
vt 0.478515 0.950557
vt 0.572242 0.950795
vt 0.467290 0.962283
vt 0.583466 0.962283
vt 0.827082 0.912587
vt 0.864998 0.912587
vt 0.827082 0.984974
vt 0.864998 0.984974
vt 0.469382 0.292758
vt 0.469382 0.402451
vt 0.424306 0.292758
vt 0.424306 0.402451
vt 0.378865 0.292758
vt 0.378865 0.402451
vt 0.372103 0.292758
vt 0.372103 0.402451
vt 0.385628 0.292758
vt 0.385628 0.402451
vt 0.392405 0.292758
vt 0.392405 0.402451
vt 0.809893 0.912587
vt 0.814366 0.912587
vt 0.809893 0.984974
vt 0.814366 0.984974
vt 0.800969 0.912587
vt 0.805431 0.912587
vt 0.800969 0.984974
vt 0.805431 0.984974
vt 0.003906 0.586717
vt 0.016971 0.588028
vt 0.003906 0.610424
vt 0.016971 0.609113
vt 0.812112 0.239710
vt 0.798877 0.226401
vt 0.812112 0.226401
vt 0.887545 0.705243
vt 0.874190 0.705243
vt 0.887545 0.684286
vt 0.874190 0.684286
vt 0.133612 0.774845
vt 0.144138 0.774845
vt 0.133628 0.777263
vt 0.144122 0.777263
vt 0.745530 0.804406
vt 0.745530 0.791632
vt 0.747822 0.791664
vt 0.538469 0.767403
vt 0.538485 0.769821
vt 0.527975 0.767403
vt 0.527959 0.769821
vt 0.276060 0.202727
vt 0.262272 0.202727
vt 0.262299 0.200483
vt 0.745530 0.818198
vt 0.748050 0.818146
vt 0.842748 0.502477
vt 0.850015 0.503641
vt 0.838625 0.512909
vt 0.847583 0.516354
vt 0.651450 0.054718
vt 0.664162 0.052287
vt 0.654897 0.063676
vt 0.665326 0.059555
vt 0.288831 0.202727
vt 0.288775 0.200158
vt 0.942868 0.180026
vt 0.928583 0.180026
vt 0.942868 0.169332
vt 0.928583 0.169332
vt 0.844078 0.490364
vt 0.847694 0.489872
vt 0.611465 0.097204
vt 0.609548 0.097204
vt 0.611465 0.094425
vt 0.609548 0.094425
vt 0.087922 0.064347
vt 0.087922 0.066774
vt 0.086250 0.064347
vt 0.086250 0.066774
vt 0.068252 0.607315
vt 0.069242 0.608385
vt 0.067263 0.608385
vt 0.383384 0.656910
vt 0.385364 0.656910
vt 0.383384 0.658194
vt 0.385364 0.658194
vt 0.387343 0.658194
vt 0.387343 0.656910
vt 0.063304 0.609670
vt 0.061324 0.609670
vt 0.063304 0.608385
vt 0.061324 0.608385
vt 0.067263 0.609670
vt 0.065283 0.608385
vt 0.065283 0.609670
vt 0.512476 0.209051
vt 0.515002 0.208414
vt 0.514425 0.210939
vt 0.376515 0.415139
vt 0.378723 0.414569
vt 0.378094 0.416680
vt 0.071221 0.608385
vt 0.071221 0.609670
vt 0.069242 0.609670
vt 0.389322 0.658194
vt 0.389322 0.656910
vt 0.513299 0.214663
vt 0.510824 0.215426
vt 0.512787 0.212476
vt 0.510177 0.213220
vt 0.391302 0.656910
vt 0.391302 0.658194
vt 0.379425 0.658194
vt 0.379425 0.656910
vt 0.381404 0.658194
vt 0.381404 0.656910
vt 0.086250 0.069201
vt 0.087922 0.069201
vt 0.086250 0.071628
vt 0.087922 0.071628
vt 0.008424 0.472346
vt 0.008424 0.474772
vt 0.006752 0.472346
vt 0.006752 0.474772
vt 0.083403 0.061921
vt 0.083403 0.059494
vt 0.086250 0.061921
vt 0.086250 0.059494
vt 0.006752 0.482052
vt 0.008424 0.482052
vt 0.006752 0.484479
vt 0.008424 0.484479
vt 0.087922 0.059494
vt 0.087922 0.061921
vt 0.008424 0.469918
vt 0.006752 0.469918
vt 0.087922 0.074055
vt 0.086250 0.074055
vt 0.003906 0.482052
vt 0.006752 0.479626
vt 0.003906 0.479626
vt 0.008424 0.479626
vt 0.512638 0.217295
vt 0.515449 0.215313
vt 0.514872 0.217839
vt 0.516575 0.211589
vt 0.517236 0.208957
vt 0.517398 0.217202
vt 0.514937 0.213126
vt 0.083403 0.069201
vt 0.083403 0.066774
vt 0.008424 0.477199
vt 0.006752 0.477199
vt 0.003906 0.477199
vt 0.003906 0.474772
vt 0.003906 0.472346
vt 0.083403 0.064347
vt 0.003906 0.469918
vt 0.517087 0.213777
vt 0.083403 0.074055
vt 0.083403 0.071628
vt 0.003906 0.484479
vt 0.518986 0.215539
vt 0.519698 0.213033
vt 0.510888 0.210714
vt 0.519051 0.210826
vt 0.059345 0.609670
vt 0.059345 0.608385
vt 0.375961 0.417290
vt 0.374344 0.415718
vt 0.374958 0.413550
vt 0.377102 0.413027
vt 0.060335 0.607315
vt 0.064293 0.607315
vt 0.382394 0.659264
vt 0.379425 0.659264
vt 0.390312 0.659264
vt 0.071221 0.607315
vt 0.386353 0.659264
vt 0.651389 0.052287
vt 0.850015 0.489849
vt 0.629852 0.003917
vt 0.630538 0.007498
vt 0.620719 0.003906
vt 0.620038 0.007498
vt 0.522739 0.742905
vt 0.533144 0.742905
vt 0.523472 0.752608
vt 0.532414 0.752608
vt 0.671263 0.781472
vt 0.671263 0.768256
vt 0.681944 0.781472
vt 0.681944 0.768256
vt 0.681944 0.795733
vt 0.671263 0.795733
vt 0.630567 0.009880
vt 0.620009 0.009880
vt 0.677933 0.054609
vt 0.677435 0.058215
vt 0.287121 0.193824
vt 0.275980 0.195504
vt 0.956037 0.169332
vt 0.956037 0.180026
vt 0.134352 0.783800
vt 0.143401 0.783804
vt 0.522729 0.740493
vt 0.533154 0.740493
vt 0.752741 0.804414
vt 0.754182 0.793254
vt 0.263924 0.194110
vt 0.537745 0.760849
vt 0.528696 0.760844
vt 0.754393 0.816457
vt 0.611465 0.091647
vt 0.609548 0.091647
vt 0.609548 0.088868
vt 0.609548 0.086090
vt 0.611465 0.088868
vt 0.611465 0.086090
vt 0.868927 0.031864
vt 0.868927 0.029947
vt 0.871705 0.031864
vt 0.871705 0.029947
vt 0.866149 0.029947
vt 0.866149 0.031864
vt 0.863371 0.029947
vt 0.863371 0.031864
vt 0.860592 0.031864
vt 0.860592 0.029947
vt 0.679849 0.200263
vt 0.681357 0.202534
vt 0.677879 0.203230
vt 0.674930 0.201247
vt 0.677187 0.199730
vt 0.674401 0.203926
vt 0.675909 0.206197
vt 0.678570 0.206730
vt 0.680826 0.205213
vt 0.766058 0.673320
vt 0.766058 0.675222
vt 0.763280 0.673320
vt 0.763280 0.675222
vt 0.687484 0.058097
vt 0.686953 0.055427
vt 0.690442 0.056121
vt 0.688466 0.053163
vt 0.689748 0.059610
vt 0.692419 0.059079
vt 0.693931 0.056815
vt 0.693400 0.054145
vt 0.691135 0.052632
vt 0.862650 0.662598
vt 0.862650 0.660696
vt 0.865429 0.662598
vt 0.865429 0.660696
vt 0.859872 0.660696
vt 0.859872 0.662598
vt 0.852011 0.043135
vt 0.838625 0.029947
vt 0.852011 0.029947
vt 0.857094 0.662598
vt 0.857094 0.660696
vt 0.854316 0.660696
vt 0.854316 0.662598
vt 0.757723 0.673320
vt 0.757723 0.675222
vt 0.754944 0.673320
vt 0.754944 0.675222
vt 0.760501 0.675222
vt 0.760501 0.673320
vt 0.850015 0.516416
vt 0.677955 0.052287
vt 0.377600 0.410965
vt 0.380685 0.414042
vt 0.379579 0.418196
vt 0.375310 0.419265
vt 0.372363 0.416216
vt 0.373418 0.412151
vt 0.082858 0.430025
vt 0.274625 0.719710
vt 0.277341 0.695142
vt 0.270570 0.747418
vt 0.287029 0.750153
vt 0.097778 0.470610
vt 0.083726 0.469054
vt 0.065879 0.465368
vt 0.665701 0.949088
vt 0.666700 0.954076
vt 0.662855 0.944844
vt 0.662853 0.963261
vt 0.665700 0.959052
vt 0.636393 0.970674
vt 0.602226 0.970201
vt 0.637933 0.967660
vt 0.658584 0.941988
vt 0.658582 0.966064
vt 0.644511 0.939655
vt 0.651870 0.967196
vt 0.602229 0.937147
vt 0.435879 0.219694
vt 0.477751 0.399538
vt 0.477751 0.375969
vt 0.482866 0.399538
vt 0.482866 0.375969
vt 0.417468 0.426135
vt 0.396425 0.426135
vt 0.418779 0.410687
vt 0.395116 0.410687
vt 0.798905 0.231550
vt 0.846918 0.043154
vt 0.165933 0.003906
vt 0.137202 0.049013
vt 0.137189 0.003906
vt 0.003906 0.431607
vt 0.003906 0.458560
vt 0.009043 0.461682
vt 0.763312 0.904350
vt 0.763312 0.724240
vt 0.143417 0.618326
vt 0.136592 0.618326
vt 0.143417 0.563521
vt 0.136592 0.563521
vt 0.641030 0.070829
vt 0.641030 0.075242
vt 0.605364 0.070829
vt 0.605364 0.075242
vt 0.699506 0.849007
vt 0.754311 0.849007
vt 0.699506 0.855831
vt 0.754311 0.855831
vt 0.145118 0.885818
vt 0.145118 0.838637
vt 0.192978 0.885818
vt 0.192978 0.838637
vt 0.724610 0.230381
vt 0.724610 0.225942
vt 0.760276 0.230381
vt 0.760276 0.225942
vt 0.843856 0.640954
vt 0.855748 0.640954
vt 0.843856 0.652459
vt 0.855748 0.652459
vt 0.769589 0.231947
vt 0.769589 0.228082
vt 0.779001 0.231947
vt 0.779001 0.228082
vt 0.371055 0.660775
vt 0.361643 0.660775
vt 0.371055 0.656910
vt 0.361643 0.656910
vt 0.092817 0.612419
vt 0.092817 0.607315
vt 0.104892 0.612419
vt 0.104892 0.607315
vt 0.724610 0.223331
vt 0.760276 0.223331
vt 0.132566 0.618326
vt 0.132566 0.563521
vt 0.699506 0.844980
vt 0.754311 0.844980
vt 0.641030 0.077854
vt 0.605364 0.077854
vt 0.022735 0.872428
vt 0.022735 0.860353
vt 0.027839 0.872428
vt 0.027839 0.860353
vt 1.547628 0.122438
vt 1.554523 0.132496
vt 1.562905 0.131850
vt 1.848663 0.249599
vt 1.847228 0.258774
vt 1.858464 0.265140
vt 1.853558 0.273120
vt 1.855985 0.279544
vt 1.867658 0.278316
vt 1.898347 0.244339
vt 1.926619 0.255531
vt 1.901463 0.233140
vt 1.918403 0.236990
vt 1.903842 0.263911
vt 1.910326 0.282710
vt 1.929564 0.278990
vt 1.553882 0.051239
vt 1.525743 0.050448
vt 1.525064 0.067632
vt 1.568273 0.073239
vt 1.583346 0.071043
vt 1.580687 0.050660
vt 1.882262 0.269465
vt 1.889983 0.285428
vt 1.874226 0.286034
vt 1.554003 0.031384
vt 1.528031 0.030604
vt 1.576753 0.028138
vt 1.549200 0.071365
vt 1.534200 0.124685
vt 1.540928 0.127673
vt 1.533088 0.113504
vt 1.543570 0.096349
vt 1.521622 0.092622
vt 1.521427 0.109913
vt 1.877560 0.251552
vt 1.562350 0.101051
vt 1.623432 0.051562
vt 1.634684 0.058291
vt 1.628969 0.045272
vt 1.639257 0.052725
vt 1.613798 0.033795
vt 1.606798 0.043025
vt 1.937915 0.212217
vt 1.947428 0.210323
vt 1.939297 0.196736
vt 1.946499 0.196426
vt 1.935615 0.226016
vt 1.947691 0.226639
vt 1.583326 0.100527
vt 1.591187 0.119602
vt 1.592973 0.096464
vt 1.599598 0.116244
vt 1.879872 0.224690
vt 1.861579 0.220602
vt 1.878147 0.234385
vt 1.860091 0.228080
vt 1.566092 0.133764
vt 1.554269 0.136691
vt 1.842810 0.259284
vt 1.846383 0.246574
vt 1.546379 0.127739
vt 1.854131 0.266154
vt 1.540745 0.130678
vt 1.850490 0.272041
vt 1.531062 0.126570
vt 1.854337 0.282327
vt 1.528445 0.115806
vt 1.518545 0.111087
vt 1.872917 0.289439
vt 1.866149 0.283143
vt 1.602813 0.117889
vt 1.589354 0.123110
vt 1.857201 0.230397
vt 1.860117 0.217919
vt 1.518545 0.069698
vt 1.518545 0.051502
vt 1.930346 0.289439
vt 1.913013 0.289439
vt 1.518545 0.031790
vt 1.950050 0.289439
vt 1.950508 0.279923
vt 1.592332 0.060029
vt 1.591760 0.073633
vt 1.904071 0.225948
vt 1.916518 0.226971
vt 1.567503 0.101984
vt 1.878110 0.246852
vt 1.518545 0.092790
vt 1.891140 0.289439
vt 1.599454 0.095475
vt 1.882452 0.220995
vt 1.578804 0.103591
vt 1.877087 0.238770
vt 1.632178 0.040589
vt 1.642727 0.052487
vt 1.948860 0.192080
vt 1.954365 0.208607
vt 1.618834 0.027561
vt 1.955683 0.227115
vt 1.620717 0.055991
vt 1.607165 0.050315
vt 1.929608 0.224384
vt 1.932062 0.210453
vt 1.635980 0.062594
vt 1.935214 0.193357
vt 1.607994 0.013720
vt 1.596968 0.024608
vt 1.959255 0.242955
vt 1.943797 0.240023
vt 1.927117 0.234546
vt 1.923657 0.229681
vt 1.597443 0.052191
vt 1.593168 0.042635
vt 1.952508 0.263132
vt 1.598109 0.003906
vt 1.588336 0.018992
vt 1.967258 0.253863
vt 1.960491 0.279886
vt 1.962104 0.266204
vt 1.959084 0.289439
vt 1.518545 0.018992
vt 1.528377 0.018992
vt 1.573947 0.018992
vt 1.553160 0.018992
vt 1.382802 0.952942
vt 1.382802 0.932311
vt 1.360950 0.952942
vt 1.360950 0.932311
vt 1.360950 0.974234
vt 1.382802 0.974234
vt 1.408343 0.952942
vt 1.408343 0.932311
vt 1.408343 0.974234
vt 1.435143 0.952942
vt 1.435143 0.932311
vt 1.435143 0.974234
vt 1.458810 0.952942
vt 1.458810 0.932311
vt 1.458810 0.974234
vt 1.341769 0.952942
vt 1.341769 0.932311
vt 1.341769 0.974234
vt 1.719457 0.115728
vt 1.703818 0.115618
vt 1.716410 0.132302
vt 1.702214 0.129951
vt 1.717645 0.097226
vt 1.701254 0.099085
vt 1.691467 0.104757
vt 1.689253 0.116311
vt 1.691558 0.125588
vt 1.693578 0.083919
vt 1.687135 0.074403
vt 1.679135 0.096861
vt 1.670289 0.090105
vt 1.710922 0.077660
vt 1.705290 0.066249
vt 1.661849 0.115673
vt 1.674288 0.116481
vt 1.679100 0.133817
vt 1.668903 0.140822
vt 1.686098 0.156002
vt 1.692872 0.145342
vt 1.705064 0.163358
vt 1.709773 0.151228
vt 1.733462 0.155453
vt 1.735533 0.133791
vt 1.728271 0.169108
vt 1.735395 0.070549
vt 1.729305 0.057516
vt 1.735939 0.093277
vt 1.736150 0.114199
vt 1.747068 0.113703
vt 1.746161 0.093295
vt 1.744959 0.134156
vt 1.669307 0.003906
vt 1.667922 0.038481
vt 1.688494 0.003906
vt 1.684866 0.043984
vt 1.697695 0.044397
vt 1.700916 0.007520
vt 1.709505 0.039811
vt 1.711058 0.015517
vt 1.715363 0.028145
vt 1.768664 0.087446
vt 1.758120 0.064006
vt 1.763212 0.115034
vt 1.766454 0.136088
vt 1.754929 0.160461
vt 1.748450 0.175283
vt 1.650506 0.003906
vt 1.652005 0.031951
vt 1.751628 0.049322
vt 1.762007 0.182818
vt 1.770681 0.169165
vt 1.639883 0.003906
vt 1.639883 0.030942
vt 1.768597 0.049482
vt 1.763611 0.041774
vt 1.796468 0.054802
vt 1.811392 0.070215
vt 1.808822 0.043612
vt 1.822503 0.058659
vt 1.866567 0.827470
vt 1.891289 0.829603
vt 1.865675 0.808593
vt 1.895054 0.809928
vt 1.893339 0.790418
vt 1.863712 0.788138
vt 1.834729 0.047195
vt 1.820671 0.032348
vt 1.780632 0.037811
vt 1.769438 0.025099
vt 1.757847 0.035525
vt 1.745747 0.669803
vt 1.720426 0.669803
vt 1.745747 0.675716
vt 1.720426 0.675716
vt 1.777084 0.184691
vt 1.756733 0.189852
vt 1.765696 0.198230
vt 1.783577 0.153152
vt 1.832912 0.178011
vt 1.823096 0.165275
vt 1.817852 0.191823
vt 1.805990 0.180777
vt 1.792518 0.025519
vt 1.781462 0.013363
vt 1.802418 0.014155
vt 1.790005 0.003906
vt 1.777056 0.209484
vt 1.788603 0.197799
vt 1.788015 0.220498
vt 1.799647 0.209634
vt 1.791303 0.169055
vt 1.805199 0.155318
vt 1.891744 0.772762
vt 1.864812 0.771868
vt 1.895690 0.754526
vt 1.864774 0.752686
vt 1.892998 0.736199
vt 1.867180 0.734842
vt 1.881170 0.720563
vt 1.782061 0.066964
vt 1.896322 0.714130
vt 1.899206 0.879451
vt 1.885067 0.886121
vt 1.904253 0.904350
vt 1.886373 0.904350
vt 1.902765 0.828138
vt 1.952770 0.107599
vt 1.976669 0.107599
vt 1.952641 0.098677
vt 1.976761 0.096810
vt 1.956163 0.087808
vt 1.972927 0.085832
vt 1.965270 0.081775
vt 1.895245 0.846013
vt 1.905160 0.844375
vt 1.903886 0.861664
vt 1.893646 0.861235
vt 1.891841 0.873598
vt 1.879326 0.845619
vt 1.877507 0.857787
vt 1.881029 0.873553
vt 1.786386 0.904350
vt 1.864502 0.904350
vt 1.785343 0.885310
vt 1.863084 0.878143
vt 1.860762 0.858591
vt 1.794704 0.861758
vt 1.863351 0.843163
vt 1.800577 0.139160
vt 1.788632 0.129563
vt 1.802889 0.086778
vt 1.791855 0.100952
vt 1.789126 0.115362
vt 1.581780 0.096608
vt 1.591685 0.092950
vt 1.590527 0.089735
vt 1.580279 0.093139
vt 1.888889 0.222649
vt 1.885525 0.226490
vt 1.597279 0.089693
vt 1.576678 0.099249
vt 1.883231 0.235982
vt 1.881533 0.240868
vt 1.882456 0.251187
vt 1.887332 0.268513
vt 1.522108 0.089262
vt 1.544278 0.092902
vt 1.545022 0.089496
vt 1.522600 0.085926
vt 1.562590 0.097394
vt 1.562827 0.093826
vt 1.882197 0.246524
vt 1.568316 0.097957
vt 1.895490 0.284665
vt 1.897541 0.289439
vt 1.518545 0.086382
vt 1.905164 0.282770
vt 1.899148 0.265132
vt 1.892912 0.249870
vt 1.547313 0.079551
vt 1.524085 0.076130
vt 1.564895 0.082398
vt 1.568134 0.087992
vt 1.569722 0.087617
vt 1.890704 0.244582
vt 1.892505 0.245945
vt 1.518545 0.076516
vt 1.906863 0.289439
vt 1.586313 0.078624
vt 1.573940 0.081266
vt 1.891908 0.239098
vt 1.894955 0.230207
vt 1.594028 0.080104
vt 1.898360 0.225281
vt 1.572722 0.092395
vt 1.888278 0.244577
vt 1.905570 0.624043
vt 1.978950 0.624043
vt 1.905570 0.598630
vt 1.978950 0.598630
vt 1.905570 0.578112
vt 1.978950 0.578112
vt 1.905570 0.559454
vt 1.978950 0.559454
vt 1.905570 0.535599
vt 1.978950 0.535599
vt 1.905570 0.714167
vt 1.978950 0.714167
vt 1.905570 0.691874
vt 1.978950 0.691874
vt 1.905570 0.671312
vt 1.978950 0.671312
vt 1.905570 0.649822
vt 1.978950 0.649822
vt 1.280751 0.150051
vt 1.271686 0.168511
vt 1.285698 0.158317
vt 1.271686 0.144045
vt 1.283006 0.181905
vt 1.271686 0.185875
vt 1.289817 0.169879
vt 1.774804 0.862240
vt 1.776257 0.768627
vt 1.796126 0.767990
vt 1.787636 0.744589
vt 1.789453 0.804353
vt 1.793450 0.804390
vt 1.788528 0.785853
vt 1.795079 0.785701
vt 1.780327 0.804875
vt 1.779098 0.787312
vt 1.777042 0.806581
vt 1.776144 0.786767
vt 1.582413 0.784515
vt 1.581334 0.789419
vt 1.603960 0.786100
vt 1.604189 0.790581
vt 1.788173 0.781201
vt 1.580800 0.800449
vt 1.604248 0.800780
vt 1.778936 0.782382
vt 1.794183 0.843362
vt 1.793518 0.825038
vt 1.787894 0.843609
vt 1.788978 0.825421
vt 1.603334 0.805165
vt 1.581079 0.805336
vt 1.774961 0.843360
vt 1.779601 0.843508
vt 1.778226 0.824278
vt 1.781566 0.825226
vt 1.626914 0.791514
vt 1.627568 0.801908
vt 1.554236 0.788390
vt 1.552602 0.797096
vt 1.558979 0.788391
vt 1.557492 0.797705
vt 1.582391 0.781641
vt 1.604456 0.784062
vt 1.605342 0.785182
vt 1.606044 0.789149
vt 1.626905 0.787947
vt 1.627590 0.805453
vt 1.605119 0.802959
vt 1.604850 0.805940
vt 1.603028 0.807518
vt 1.581804 0.807302
vt 1.579541 0.805375
vt 1.579219 0.802087
vt 1.557763 0.799542
vt 1.552198 0.798800
vt 1.550972 0.797610
vt 1.552606 0.786972
vt 1.553972 0.786177
vt 1.559561 0.786463
vt 1.579456 0.786928
vt 1.580320 0.783728
vt 1.640101 0.790968
vt 1.640101 0.801323
vt 1.877028 0.413206
vt 1.875744 0.403079
vt 1.863961 0.414863
vt 1.862684 0.404736
vt 1.787029 0.725326
vt 0.172315 0.505128
vt 0.172315 0.529962
vt 0.172315 0.561473
vt 0.612743 0.160174
vt 0.640555 0.160174
vt 0.172315 0.587271
vt 0.172315 0.614435
vt 0.672250 0.160174
vt 0.584002 0.160174
vt 0.172315 0.479586
vt 0.550725 0.160174
vt 1.763312 0.886493
vt 1.763312 0.862408
vt 1.763312 0.843134
vt 1.763312 0.825278
vt 1.763312 0.806095
vt 1.763312 0.787186
vt 1.763312 0.744400
vt 1.763312 0.769058
vt 1.763312 0.904350
vt 1.763312 0.724240
vt 0.690152 0.513617
vt 0.666842 0.513617
vt 0.547969 0.513617
vt 0.564592 0.513617
vt 0.711396 0.513617
vt 0.604304 0.513617
vt 0.583667 0.513617
vt 0.631861 0.513617
vt 0.652392 0.513617
vt 1.985913 0.055222
vt 1.969377 0.055222
vt 1.985913 0.073539
vt 1.969377 0.073539
vt 1.985913 0.040448
vt 1.969377 0.040448
vt 1.985913 0.023040
vt 1.969377 0.023040
vt 1.985913 0.003906
vt 1.969377 0.003906
vt 1.149101 0.536942
vt 1.132566 0.536942
vt 1.149101 0.555285
vt 1.132566 0.555285
vt 1.149101 0.517793
vt 1.132566 0.517793
vt 1.149101 0.498301
vt 1.132566 0.498301
vt 1.149101 0.478758
vt 1.132566 0.478758
vt 0.438282 0.257275
vt 0.107652 0.224261
vt 0.468023 0.284522
vt 0.075355 0.238292
vt 0.054684 0.270674
vt 1.360950 0.911567
vt 1.341769 0.911567
vt 1.382802 0.911567
vt 1.408343 0.911567
vt 1.435143 0.911567
vt 1.458810 0.911567
vt 0.922889 0.387140
vt 0.919078 0.418952
vt 0.902059 0.388479
vt 0.900599 0.402652
vt 0.900603 0.373723
vt 0.935054 0.364987
vt 0.892937 0.421697
vt 0.947181 0.425657
vt 0.975835 0.429014
vt 0.946225 0.462288
vt 0.975835 0.465844
vt 0.885637 0.477156
vt 0.857291 0.457353
vt 0.879664 0.439624
vt 0.911063 0.485289
vt 0.945522 0.489357
vt 0.909482 0.513620
vt 0.932974 0.517837
vt 0.975835 0.492563
vt 0.954172 0.520442
vt 0.975835 0.522278
vt 0.890968 0.355026
vt 0.895227 0.354706
vt 0.896133 0.373664
vt 0.887703 0.419592
vt 0.876085 0.437521
vt 0.949241 0.375248
vt 0.950543 0.370613
vt 0.937392 0.361063
vt 0.865989 0.508953
vt 0.867928 0.505224
vt 0.886006 0.513305
vt 0.887433 0.509346
vt 0.920199 0.346794
vt 0.975835 0.401256
vt 0.949898 0.397596
vt 0.975835 0.380747
vt 0.962422 0.379138
vt 0.909530 0.455780
vt 0.911847 0.330757
vt 0.886467 0.336058
vt 0.853270 0.458258
vt 0.864158 0.506916
vt 0.896085 0.401495
vt 0.853769 0.455154
vt 0.931658 0.522461
vt 0.953292 0.525393
vt 0.910610 0.326827
vt 0.884777 0.332440
vt 0.975835 0.527363
vt 0.908071 0.517893
vt 0.897534 0.387865
vt 0.923108 0.343608
vt 0.963090 0.374310
vt 0.975835 0.375917
vt 0.914585 0.327717
vt 0.882514 0.336461
vt 0.858500 0.173776
vt 0.863113 0.149325
vt 0.862786 0.173624
vt 0.866933 0.148806
vt 0.305494 0.457219
vt 0.304112 0.451377
vt 0.324076 0.457219
vt 0.326532 0.448681
vt 0.867545 0.645700
vt 0.864776 0.644022
vt 0.870072 0.568208
vt 0.864776 0.569386
vt 0.627284 0.128742
vt 0.637898 0.086775
vt 0.645022 0.141994
vt 0.656403 0.086968
vt 0.945322 0.124577
vt 0.948455 0.119835
vt 0.986713 0.124357
vt 0.986713 0.119670
vt 0.575030 0.135497
vt 0.575030 0.131344
vt 0.589129 0.135424
vt 0.590104 0.131344
vt 0.604318 0.128788
vt 0.604318 0.141994
vt 0.691137 0.744607
vt 0.711278 0.744502
vt 0.691137 0.760081
vt 0.713576 0.760081
vt 0.945319 0.161096
vt 0.986713 0.161096
vt 0.876607 0.645342
vt 0.896522 0.592176
vt 0.034511 0.278910
vt 0.047721 0.278910
vt 0.033195 0.282562
vt 0.048889 0.280671
vt 0.820843 0.235653
vt 0.826767 0.200198
vt 0.832818 0.244568
vt 0.832818 0.201308
vt 0.966878 0.341052
vt 0.973857 0.321724
vt 0.980723 0.325867
vt 0.985480 0.332324
vt 0.987404 0.340109
vt 0.986202 0.348037
vt 0.982058 0.354903
vt 0.975601 0.359660
vt 0.967817 0.361584
vt 0.959888 0.360383
vt 0.953024 0.356238
vt 0.948274 0.349781
vt 0.946365 0.341993
vt 0.947570 0.334062
vt 0.951703 0.327200
vt 0.958147 0.322445
vt 0.965929 0.320522
vt 0.486698 0.294702
vt 0.494572 0.293617
vt 0.485958 0.308608
vt 0.494572 0.307772
vt 0.486535 0.359602
vt 0.485958 0.312321
vt 0.494572 0.359031
vt 0.494572 0.311723
vt 0.494572 0.367677
vt 0.486198 0.367732
vt 0.014318 0.277608
vt 0.016825 0.271167
vt 0.020431 0.274908
vt 0.020700 0.280017
vt 0.017132 0.283813
vt 0.011923 0.283979
vt 0.008126 0.280411
vt 0.007963 0.275211
vt 0.011536 0.271396
vt 0.346638 0.431390
vt 0.345540 0.435113
vt 0.339700 0.432142
vt 0.341721 0.435196
vt 0.335493 0.437461
vt 0.339099 0.438131
vt 0.336308 0.444156
vt 0.339326 0.442065
vt 0.341611 0.448292
vt 0.342265 0.444679
vt 0.348298 0.447458
vt 0.346201 0.444450
vt 0.352395 0.442276
vt 0.348826 0.441515
vt 0.351677 0.435829
vt 0.348668 0.437479
vt 0.343962 0.439842
vt 0.024707 0.281952
vt 0.024725 0.273120
vt 0.018562 0.288032
vt 0.009944 0.287968
vt 0.003906 0.281842
vt 0.003967 0.273248
vt 0.010027 0.267223
vt 0.018436 0.267241
vt 0.482179 0.010732
vt 0.464152 0.010732
vt 0.482179 0.003906
vt 0.464152 0.003906
vt 0.560021 0.003906
vt 0.560021 0.010732
vt 0.540250 0.003906
vt 0.540250 0.010732
vt 0.487731 0.003906
vt 0.497708 0.003906
vt 0.487731 0.010732
vt 0.497708 0.010732
vt 0.511803 0.010732
vt 0.511803 0.003906
vt 0.524272 0.003906
vt 0.524272 0.010732
vt 0.534154 0.003906
vt 0.534154 0.010732
vt 0.949688 0.948445
vt 0.937765 0.947055
vt 0.930864 0.940553
vt 0.930255 0.914725
vt 0.969930 0.914725
vt 0.929629 0.934844
vt 0.969913 0.931011
vt 0.992274 0.896788
vt 0.988205 0.896788
vt 0.992274 0.891533
vt 0.988205 0.891533
vt 0.988205 0.949677
vt 0.988205 0.943909
vt 0.992274 0.949677
vt 0.992274 0.943909
vt 0.335257 0.764163
vt 0.335257 0.767243
vt 0.328400 0.764163
vt 0.328400 0.767243
vt 0.269130 0.767243
vt 0.262912 0.767243
vt 0.269130 0.764163
vt 0.262912 0.764163
vt 0.983881 0.305448
vt 0.975653 0.305448
vt 0.983881 0.287438
vt 0.975653 0.287438
vt 0.216120 0.987218
vt 0.210699 0.987218
vt 0.216120 0.979111
vt 0.210699 0.979111
vt 0.282016 0.987218
vt 0.275819 0.987218
vt 0.282016 0.979111
vt 0.275819 0.979111
vt 0.195327 0.987218
vt 0.195327 0.979111
vt 0.983881 0.280651
vt 0.975653 0.280651
vt 0.975653 0.190364
vt 0.983881 0.190364
vt 0.975653 0.198313
vt 0.983881 0.198313
vt 0.299608 0.979111
vt 0.299608 0.987218
vt 0.975653 0.169332
vt 0.983881 0.169332
vt 0.244489 0.767243
vt 0.244489 0.764163
vt 0.355914 0.764163
vt 0.355914 0.767243
vt 0.983881 0.262183
vt 0.975653 0.262183
vt 0.983881 0.237203
vt 0.975653 0.237203
vt 0.300232 0.767243
vt 0.282356 0.767243
vt 0.300232 0.764163
vt 0.282356 0.764163
vt 0.315935 0.764163
vt 0.315935 0.767243
vt 0.247599 0.987218
vt 0.229521 0.987218
vt 0.247599 0.979111
vt 0.229521 0.979111
vt 0.263323 0.979111
vt 0.263323 0.987218
vt 0.975653 0.215530
vt 0.983881 0.215530
vt 0.968700 0.936109
vt 0.988205 0.907197
vt 0.992274 0.907197
vt 0.988205 0.921440
vt 0.992274 0.921440
vt 0.992274 0.933967
vt 0.988205 0.933967
vt 0.992274 0.967662
vt 0.988205 0.967662
vt 0.988205 0.875273
vt 0.992274 0.875273
vt 0.961621 0.942219
vt 0.600765 0.815754
vt 0.600765 0.820022
vt 0.593651 0.815754
vt 0.593651 0.820022
vt 0.586536 0.815754
vt 0.586536 0.820022
vt 0.981635 0.989995
vt 0.981635 0.994288
vt 0.974480 0.989995
vt 0.974480 0.994288
vt 0.967326 0.989995
vt 0.967326 0.994288
vt 0.960172 0.989995
vt 0.960172 0.994288
vt 0.953017 0.994288
vt 0.953017 0.989995
vt 0.945862 0.989995
vt 0.945862 0.994288
vt 0.938708 0.994288
vt 0.938708 0.989995
vt 0.931553 0.994288
vt 0.931553 0.989995
vt 0.924399 0.994288
vt 0.924399 0.989995
vt 0.643423 0.820022
vt 0.636308 0.820022
vt 0.643423 0.815754
vt 0.636308 0.815754
vt 0.629196 0.820022
vt 0.629196 0.815754
vt 0.622094 0.815754
vt 0.622094 0.820022
vt 0.614991 0.815754
vt 0.614991 0.820022
vt 0.607879 0.815754
vt 0.607879 0.820022
vt 0.480889 0.313181
vt 0.480889 0.308187
vt 0.483559 0.312747
vt 0.483559 0.308228
vt 0.480889 0.290997
vt 0.494572 0.287958
vt 0.483779 0.293292
vt 0.494572 0.291654
vt 0.480889 0.363041
vt 0.480889 0.358803
vt 0.484284 0.366656
vt 0.484284 0.359384
vt 0.882406 0.363159
vt 0.882406 0.379357
vt 0.876462 0.364365
vt 0.657340 0.321066
vt 0.658898 0.321067
vt 0.656619 0.324638
vt 0.659620 0.324638
vt 0.660474 0.785035
vt 0.662048 0.785032
vt 0.659774 0.788599
vt 0.662761 0.788595
vt 0.258975 0.163511
vt 0.261975 0.161411
vt 0.262895 0.166255
vt 0.260275 0.170361
vt 0.258271 0.167218
vt 0.660484 0.792156
vt 0.662060 0.792152
vt 0.659788 0.795715
vt 0.662773 0.795707
vt 0.871421 0.367797
vt 0.868053 0.372935
vt 0.866868 0.378996
vt 0.868048 0.385058
vt 0.871413 0.390199
vt 0.876451 0.393635
vt 0.882394 0.394845
vt 0.657346 0.313935
vt 0.658906 0.313937
vt 0.656624 0.317495
vt 0.659624 0.317498
vt 0.660478 0.777897
vt 0.662034 0.777896
vt 0.659761 0.781470
vt 0.662757 0.781469
vt 0.657360 0.306813
vt 0.658920 0.306817
vt 0.656634 0.310373
vt 0.659634 0.310380
vt 0.657378 0.299698
vt 0.658940 0.299704
vt 0.656651 0.303251
vt 0.659649 0.303260
vt 0.262894 0.171291
vt 0.660502 0.799275
vt 0.662075 0.799270
vt 0.659808 0.802840
vt 0.662795 0.802829
vt 0.128382 0.841705
vt 0.136213 0.841705
vt 0.128382 0.847894
vt 0.136213 0.847894
vt 0.136213 0.885029
vt 0.136213 0.891219
vt 0.128382 0.885029
vt 0.128382 0.891219
vt 0.128382 0.878841
vt 0.136213 0.878841
vt 0.128382 0.872651
vt 0.136213 0.872651
vt 0.136213 0.866462
vt 0.128382 0.866462
vt 0.128382 0.860273
vt 0.136213 0.860273
vt 0.128382 0.854083
vt 0.136213 0.854083
vt 0.659671 0.296155
vt 0.656673 0.296142
vt 0.662758 0.774325
vt 0.659757 0.774324
vt 0.726454 0.826434
vt 0.724486 0.830066
vt 0.722518 0.826434
vt 0.732358 0.830066
vt 0.730390 0.826434
vt 0.734327 0.826434
vt 0.738263 0.826434
vt 0.740231 0.830066
vt 0.742199 0.826434
vt 0.748103 0.830066
vt 0.746135 0.826434
vt 0.750071 0.826434
vt 0.754008 0.830066
vt 0.754008 0.826434
vt 0.951715 0.033406
vt 0.946993 0.033406
vt 0.951715 0.029947
vt 0.946993 0.029947
vt 0.856224 0.632717
vt 0.843856 0.632717
vt 0.856224 0.627187
vt 0.843856 0.627187
vt 0.843856 0.621657
vt 0.856224 0.621657
vt 0.843856 0.616127
vt 0.856224 0.616127
vt 0.856224 0.610597
vt 0.843856 0.610597
vt 0.843856 0.605066
vt 0.856224 0.605066
vt 0.856224 0.599536
vt 0.843856 0.599536
vt 0.942271 0.029947
vt 0.942271 0.033406
vt 0.937549 0.029947
vt 0.937549 0.033406
vt 0.856224 0.594005
vt 0.843856 0.594005
vt 0.895271 0.655862
vt 0.891242 0.658570
vt 0.891818 0.650908
vt 0.887920 0.653547
vt 0.025936 0.888413
vt 0.022735 0.888413
vt 0.025936 0.883985
vt 0.022735 0.883985
vt 0.025936 0.897270
vt 0.022735 0.897270
vt 0.025936 0.892842
vt 0.022735 0.892842
vt 0.022735 0.880664
vt 0.025936 0.880664
vt 0.884458 0.662113
vt 0.890335 0.663330
vt 0.885413 0.666740
vt 0.888057 0.670660
vt 0.893057 0.667353
vt 0.891993 0.673271
vt 0.885337 0.657480
vt 0.896528 0.668534
vt 0.896528 0.674175
vt 0.896528 0.649969
vt 0.843856 0.588475
vt 0.856224 0.588475
vt 0.932827 0.033406
vt 0.932827 0.029947
vt 0.928105 0.033406
vt 0.928105 0.029947
vt 0.923383 0.029947
vt 0.923383 0.033406
vt 0.918661 0.033406
vt 0.918661 0.029947
vt 0.913939 0.029947
vt 0.913939 0.033406
vt 0.893895 0.675892
vt 0.893678 0.648276
vt 0.888626 0.650390
vt 0.882755 0.664869
vt 0.884780 0.654289
vt 0.888816 0.673803
vt 0.884906 0.669934
vt 0.882712 0.659371
vt 0.952103 0.906488
vt 0.952031 0.889470
vt 0.966262 0.906488
vt 0.966281 0.891258
vt 0.952158 0.873223
vt 0.966336 0.875368
vt 0.952242 0.858198
vt 0.966297 0.858022
vt 0.952295 0.841792
vt 0.966326 0.839911
vt 0.923922 0.788094
vt 0.925142 0.771599
vt 0.934089 0.791257
vt 0.935406 0.774244
vt 0.923902 0.816697
vt 0.934339 0.818905
vt 0.923763 0.840285
vt 0.934283 0.841328
vt 0.951901 0.763959
vt 0.965874 0.762088
vt 0.951473 0.774966
vt 0.965962 0.770179
vt 0.951833 0.752800
vt 0.965925 0.752945
vt 0.951543 0.742775
vt 0.965967 0.744440
vt 0.951819 0.733049
vt 0.966189 0.734883
vt 0.952103 0.722404
vt 0.966262 0.722404
vt 0.941937 0.889594
vt 0.941945 0.906488
vt 0.941885 0.872980
vt 0.941797 0.857564
vt 0.941886 0.841873
vt 0.943068 0.764000
vt 0.941999 0.775163
vt 0.942392 0.753264
vt 0.941430 0.742799
vt 0.941617 0.732376
vt 0.941945 0.722404
vt 0.934567 0.722404
vt 0.934303 0.732644
vt 0.934556 0.743375
vt 0.935465 0.753900
vt 0.936079 0.763822
vt 0.913939 0.784798
vt 0.913939 0.768362
vt 0.913939 0.814059
vt 0.913939 0.839279
vt 0.934419 0.857346
vt 0.934332 0.873766
vt 0.934729 0.890277
vt 0.934567 0.906488
vt 0.913939 0.906488
vt 0.913939 0.891738
vt 0.924096 0.906488
vt 0.924333 0.891374
vt 0.913939 0.875772
vt 0.924036 0.875069
vt 0.913939 0.857754
vt 0.923750 0.857395
vt 0.941888 0.819307
vt 0.941489 0.792314
vt 0.913939 0.761364
vt 0.925727 0.763023
vt 0.913939 0.753211
vt 0.925273 0.754127
vt 0.913939 0.745001
vt 0.924667 0.744349
vt 0.913939 0.735250
vt 0.924112 0.733831
vt 0.913939 0.722404
vt 0.924096 0.722404
vt 0.951833 0.791267
vt 0.952254 0.818209
vt 0.966227 0.786266
vt 0.966309 0.814897
vt 0.987875 0.084107
vt 0.986113 0.084107
vt 0.987875 0.081776
vt 0.986113 0.081776
vt 0.711399 0.241688
vt 0.680750 0.241681
vt 0.715657 0.237979
vt 0.676493 0.237972
vt 0.986113 0.096671
vt 0.987875 0.096671
vt 0.986113 0.099002
vt 0.987875 0.099002
vt 0.025873 0.607315
vt 0.033169 0.607315
vt 0.025873 0.609077
vt 0.033169 0.609077
vt 0.035499 0.607315
vt 0.035499 0.609077
vt 0.715661 0.220462
vt 0.676497 0.220455
vt 0.680755 0.216746
vt 0.711405 0.216753
vt 0.987875 0.106298
vt 0.986113 0.106298
vt 0.048064 0.609077
vt 0.048064 0.607315
vt 0.050395 0.609077
vt 0.050395 0.607315
vt 0.055864 0.599019
vt 0.040705 0.596722
vt 0.046896 0.565772
vt 0.030722 0.560216
vt 0.004226 0.902641
vt 0.004238 0.896883
vt 0.014343 0.903052
vt 0.014343 0.897172
vt 0.014343 0.872115
vt 0.004571 0.871899
vt 0.014343 0.864996
vt 0.004660 0.859862
vt 0.292881 0.970875
vt 0.269889 0.970875
vt 0.275987 0.961797
vt 0.332637 0.960700
vt 0.324814 0.970875
vt 0.329537 0.948880
vt 0.322375 0.951450
vt 0.094493 0.528563
vt 0.095607 0.509560
vt 0.116187 0.532841
vt 0.116384 0.507304
vt 0.081213 0.529379
vt 0.083940 0.561630
vt 0.065970 0.533744
vt 0.067508 0.564111
vt 0.044734 0.533203
vt 0.070706 0.599567
vt 0.087349 0.599079
vt 0.096256 0.560283
vt 0.116551 0.557552
vt 0.824921 0.633909
vt 0.805625 0.636457
vt 0.824288 0.618393
vt 0.804882 0.610272
vt 0.835119 0.660587
vt 0.821794 0.670238
vt 0.828058 0.648742
vt 0.810908 0.655221
vt 0.837238 0.576647
vt 0.830002 0.591531
vt 0.812641 0.562191
vt 0.808221 0.586185
vt 0.774047 0.608183
vt 0.775663 0.579087
vt 0.775773 0.521835
vt 0.799040 0.534632
vt 0.780056 0.552522
vt 0.749517 0.513540
vt 0.744041 0.542994
vt 0.741772 0.604401
vt 0.741960 0.572245
vt 0.774274 0.639115
vt 0.741932 0.638178
vt 0.743738 0.903331
vt 0.668585 0.903331
vt 0.743738 0.865626
vt 0.668585 0.865626
vt 0.826058 0.604358
vt 0.808679 0.682439
vt 0.788310 0.668468
vt 0.360985 0.794941
vt 0.335945 0.790401
vt 0.363969 0.780129
vt 0.336959 0.777836
vt 0.403239 0.706660
vt 0.382773 0.703954
vt 0.404633 0.686804
vt 0.383776 0.688088
vt 0.772871 0.978982
vt 0.772871 0.984006
vt 0.748605 0.978982
vt 0.748605 0.984006
vt 0.848532 0.546500
vt 0.840700 0.534547
vt 0.816759 0.544710
vt 0.379117 0.717317
vt 0.401757 0.730248
vt 0.858648 0.559473
vt 0.399088 0.003906
vt 0.410769 0.003906
vt 0.399088 0.007712
vt 0.410769 0.007712
vt 0.732209 0.727339
vt 0.746815 0.762491
vt 0.728903 0.751098
vt 0.518374 0.813358
vt 0.544674 0.808125
vt 0.540205 0.832155
vt 0.369586 0.636532
vt 0.400511 0.636532
vt 0.363735 0.648673
vt 0.391175 0.648673
vt 0.682528 0.912587
vt 0.690703 0.912587
vt 0.681443 0.928937
vt 0.690499 0.928937
vt 0.700172 0.912587
vt 0.700461 0.928937
vt 0.100230 0.981121
vt 0.087224 0.981066
vt 0.098062 0.965502
vt 0.082794 0.957138
vt 0.695428 0.193204
vt 0.687694 0.191677
vt 0.693854 0.178007
vt 0.112482 0.966190
vt 0.110087 0.949013
vt 0.094252 0.949581
vt 0.123721 0.484826
vt 0.106704 0.493098
vt 0.166449 0.963521
vt 0.185915 0.950370
vt 0.166122 0.981057
vt 0.185035 0.981758
vt 0.153093 0.966007
vt 0.166609 0.943492
vt 0.152147 0.946087
vt 0.139210 0.967318
vt 0.138267 0.948215
vt 0.126409 0.967272
vt 0.125002 0.949105
vt 0.063642 0.484890
vt 0.057405 0.488623
vt 0.051086 0.479681
vt 0.047831 0.484257
vt 0.129047 0.986862
vt 0.115476 0.986862
vt 0.128704 0.984065
vt 0.115293 0.982524
vt 0.141614 0.986862
vt 0.141297 0.984257
vt 0.191597 0.923600
vt 0.180975 0.924334
vt 0.155315 0.986862
vt 0.154599 0.983441
vt 0.099771 0.986862
vt 0.037183 0.476572
vt 0.039301 0.473206
vt 0.714382 0.192576
vt 0.728548 0.209886
vt 0.711604 0.201719
vt 0.727824 0.213261
vt 0.842855 0.132643
vt 0.821065 0.133653
vt 0.810151 0.129863
vt 0.911469 0.043709
vt 0.927967 0.043553
vt 0.908901 0.046319
vt 0.927115 0.046152
vt 0.306894 0.960727
vt 0.307683 0.951605
vt 0.240942 0.970697
vt 0.241339 0.961185
vt 0.258407 0.961712
vt 0.014343 0.855170
vt 0.004546 0.845377
vt 0.014343 0.845469
vt 0.004350 0.888142
vt 0.014343 0.888569
vt 0.364526 0.271561
vt 0.382099 0.271472
vt 0.378131 0.281299
vt 0.004484 0.834605
vt 0.014343 0.834604
vt 0.287589 0.925828
vt 0.278106 0.923915
vt 0.293596 0.917349
vt 0.278688 0.913415
vt 0.295705 0.911903
vt 0.305601 0.926359
vt 0.309333 0.921084
vt 0.316414 0.939699
vt 0.322182 0.935571
vt 0.014343 0.880578
vt 0.004491 0.880230
vt 0.221621 0.961534
vt 0.220145 0.970875
vt 0.646491 0.387355
vt 0.649024 0.366903
vt 0.658777 0.385577
vt 0.658671 0.364313
vt 0.385557 0.003906
vt 0.385557 0.007712
vt 0.501434 0.790283
vt 0.511485 0.751880
vt 0.520243 0.780369
vt 0.731576 0.795507
vt 0.719862 0.775592
vt 0.677628 0.820309
vt 0.697322 0.806755
vt 0.684845 0.841338
vt 0.709255 0.823528
vt 0.540718 0.865626
vt 0.573682 0.865626
vt 0.540718 0.903331
vt 0.573682 0.903331
vt 0.606161 0.865626
vt 0.606161 0.903331
vt 0.594625 0.854493
vt 0.599080 0.837125
vt 0.609245 0.833449
vt 0.601192 0.834701
vt 0.500763 0.721717
vt 0.508720 0.721605
vt 0.752066 0.690110
vt 0.756836 0.692010
vt 0.754473 0.722045
vt 0.720426 0.567088
vt 0.577152 0.827932
vt 0.566346 0.846080
vt 0.638568 0.903331
vt 0.638568 0.865626
vt 0.985067 0.404771
vt 0.985067 0.384706
vt 0.990092 0.404771
vt 0.990092 0.384706
vt 0.748668 0.965041
vt 0.748668 0.937173
vt 0.757057 0.965041
vt 0.757057 0.937173
vt 0.408468 0.667600
vt 0.384540 0.670618
vt 0.985067 0.429277
vt 0.990092 0.429277
vt 0.369396 0.731174
vt 0.381212 0.742748
vt 0.308019 0.775911
vt 0.299874 0.789731
vt 0.869071 0.521521
vt 0.284581 0.777928
vt 0.720426 0.601526
vt 0.838540 0.685532
vt 0.828580 0.699456
vt 0.848793 0.673752
vt 0.422994 0.680495
vt 0.431400 0.672002
vt 0.854342 0.698174
vt 0.862807 0.687558
vt 0.720426 0.636051
vt 0.990092 0.377590
vt 0.985067 0.377590
vt 0.865503 0.696439
vt 0.862678 0.706393
vt 0.985067 0.451287
vt 0.990092 0.451287
vt 0.376946 0.797288
vt 0.374119 0.779680
vt 0.192351 0.109452
vt 0.192351 0.126630
vt 0.189051 0.109452
vt 0.189051 0.126630
vt 0.438364 0.865626
vt 0.477163 0.865626
vt 0.438364 0.903331
vt 0.477163 0.903331
vt 0.465787 0.770500
vt 0.471917 0.747370
vt 0.492140 0.774452
vt 0.492140 0.753396
vt 0.332363 0.821427
vt 0.298638 0.821427
vt 0.367536 0.865626
vt 0.406060 0.865626
vt 0.367536 0.903331
vt 0.406060 0.903331
vt 0.327867 0.865626
vt 0.327867 0.903331
vt 0.720426 0.514585
vt 0.720426 0.540552
vt 0.293146 0.961696
vt 0.423801 0.271985
vt 0.425940 0.281490
vt 0.408432 0.272122
vt 0.408744 0.281490
vt 0.004404 0.824344
vt 0.014343 0.824006
vt 0.303198 0.941402
vt 0.296980 0.933111
vt 0.392163 0.281490
vt 0.393266 0.272181
vt 0.432777 0.003906
vt 0.432777 0.007712
vt 0.512194 0.865626
vt 0.512194 0.903331
vt 0.710002 0.978982
vt 0.723952 0.978982
vt 0.710002 0.984006
vt 0.723952 0.984006
vt 0.662725 0.978982
vt 0.675483 0.978982
vt 0.662725 0.984006
vt 0.675483 0.984006
vt 0.650795 0.978982
vt 0.650795 0.984006
vt 0.688129 0.978982
vt 0.699370 0.978982
vt 0.688129 0.984006
vt 0.699370 0.984006
vt 0.358427 0.821427
vt 0.455427 0.003906
vt 0.455427 0.007712
vt 0.027460 0.527080
vt 0.020519 0.572501
vt 0.013375 0.548024
vt 0.090725 0.110376
vt 0.103435 0.057378
vt 0.122439 0.111054
vt 0.119471 0.057148
vt 0.656102 0.912587
vt 0.674553 0.912587
vt 0.653699 0.928937
vt 0.672067 0.928937
vt 0.718547 0.928937
vt 0.717785 0.912587
vt 0.731360 0.928937
vt 0.728197 0.912587
vt 0.747656 0.928937
vt 0.744316 0.912587
vt 0.709604 0.928937
vt 0.709650 0.912587
vt 0.777690 0.928937
vt 0.777642 0.912587
vt 0.626208 0.912587
vt 0.632890 0.928761
vt 0.155719 0.057662
vt 0.155043 0.108787
vt 0.643019 0.416198
vt 0.658759 0.419480
vt 0.647645 0.830770
vt 0.651970 0.854172
vt 0.658730 0.444510
vt 0.639883 0.435751
vt 0.019079 0.491039
vt 0.032779 0.498217
vt 0.012274 0.524555
vt 0.081736 0.508891
vt 0.065801 0.506973
vt 0.047655 0.503766
vt 0.927679 0.136769
vt 0.917916 0.167436
vt 0.912652 0.140022
vt 0.903306 0.161993
vt 0.264184 0.926103
vt 0.262226 0.916044
vt 0.239266 0.939116
vt 0.225941 0.948817
vt 0.232888 0.930032
vt 0.219127 0.938472
vt 0.215110 0.957621
vt 0.207736 0.943288
vt 0.197419 0.960446
vt 0.197419 0.944764
vt 0.252344 0.931211
vt 0.247062 0.921149
vt 0.428183 0.821427
vt 0.429238 0.796711
vt 0.457427 0.821427
vt 0.460289 0.799893
vt 0.433693 0.664546
vt 0.451469 0.663813
vt 0.879315 0.545976
vt 0.770216 0.663930
vt 0.416147 0.745848
vt 0.433574 0.733027
vt 0.431314 0.766813
vt 0.448383 0.740657
vt 0.349232 0.003906
vt 0.362759 0.003906
vt 0.349232 0.007712
vt 0.362759 0.007712
vt 0.422105 0.718811
vt 0.334182 0.003906
vt 0.334182 0.007712
vt 0.435953 0.632943
vt 0.416787 0.695224
vt 0.985067 0.467267
vt 0.990092 0.467267
vt 0.395493 0.755312
vt 0.377815 0.821427
vt 0.623257 0.834060
vt 0.619800 0.857389
vt 0.312993 0.003906
vt 0.312993 0.007712
vt 0.492140 0.800599
vt 0.492140 0.821427
vt 0.418036 0.706935
vt 0.373951 0.007712
vt 0.373951 0.003906
vt 0.364065 0.721398
vt 0.937936 0.113336
vt 0.928921 0.104262
vt 0.938936 0.108498
vt 0.064784 0.490324
vt 0.076674 0.489402
vt 0.082767 0.986862
vt 0.028305 0.468336
vt 0.028553 0.466667
vt 0.842961 0.111350
vt 0.860771 0.101860
vt 0.855993 0.119753
vt 0.877994 0.112700
vt 0.950074 0.052327
vt 0.952087 0.059350
vt 0.947282 0.070659
vt 0.942843 0.089197
vt 0.937648 0.065806
vt 0.931558 0.082195
vt 0.896717 0.050125
vt 0.883506 0.059732
vt 0.887899 0.042499
vt 0.874482 0.051294
vt 0.912514 0.057180
vt 0.923969 0.059038
vt 0.829644 0.078991
vt 0.848509 0.067463
vt 0.842080 0.088398
vt 0.859258 0.076825
vt 0.898840 0.069422
vt 0.879214 0.085818
vt 0.891359 0.097174
vt 0.909089 0.082905
vt 0.904911 0.112517
vt 0.918315 0.093834
vt 0.829544 0.104672
vt 0.831534 0.102158
vt 0.823601 0.094618
vt 0.820804 0.097126
vt 0.081708 0.495180
vt 0.093833 0.494162
vt 0.919704 0.123686
vt 0.868044 0.130158
vt 0.894612 0.129272
vt 0.037752 0.595823
vt 0.885863 0.159708
vt 0.879177 0.143300
vt 0.879783 0.176388
vt 0.900610 0.185282
vt 0.944031 0.046167
vt 0.945732 0.042237
vt 0.915963 0.073119
vt 0.866989 0.193247
vt 0.895621 0.209683
vt 0.867182 0.209683
vt 0.587421 0.970519
vt 0.587421 0.980241
vt 0.573335 0.970519
vt 0.573335 0.980241
vt 0.552957 0.970519
vt 0.552957 0.980241
vt 0.505668 0.969719
vt 0.531634 0.970519
vt 0.510105 0.980241
vt 0.531634 0.980241
vt 0.494815 0.970519
vt 0.494815 0.980241
vt 0.467290 0.970519
vt 0.467290 0.980241
vt 0.917448 0.188346
vt 0.460662 0.632943
vt 0.470367 0.656503
vt 0.921667 0.209683
vt 0.367023 0.686814
vt 0.363347 0.697351
vt 0.362152 0.709494
vt 0.373359 0.678532
vt 0.197419 0.970875
vt 0.482948 0.424398
vt 0.483888 0.435600
vt 0.468751 0.426548
vt 0.468894 0.435600
vt 0.439417 0.281490
vt 0.433371 0.271622
vt 0.507966 0.429923
vt 0.498007 0.435600
vt 0.496203 0.423829
vt 0.457060 0.428913
vt 0.446779 0.428834
vt 0.455710 0.422201
vt 0.466197 0.415405
vt 0.481677 0.409751
vt 0.494021 0.409096
vt 0.500612 0.413828
vt 0.505181 0.421082
vt 0.313314 0.970875
vt 0.019357 0.747172
vt 0.017918 0.747093
vt 0.018910 0.743314
vt 0.017612 0.742324
vt 0.017566 0.738275
vt 0.019005 0.738595
vt 0.005044 0.730301
vt 0.010813 0.731686
vt 0.003906 0.738399
vt 0.011906 0.739775
vt 0.649985 0.456920
vt 0.638907 0.457962
vt 0.649985 0.452718
vt 0.638895 0.452718
vt 0.638895 0.475367
vt 0.649985 0.473863
vt 0.015758 0.735996
vt 0.017909 0.736757
vt 0.019994 0.736748
vt 0.167120 0.923985
vt 0.283443 0.903331
vt 0.250766 0.903331
vt 0.283443 0.865626
vt 0.250766 0.865626
vt 0.735265 0.697935
vt 0.652654 0.363950
vt 0.279008 0.007712
vt 0.279008 0.003906
vt 0.349232 0.012720
vt 0.362759 0.012720
vt 0.373951 0.012720
vt 0.385557 0.012720
vt 0.399088 0.012720
vt 0.410769 0.012720
vt 0.432777 0.012720
vt 0.455427 0.012720
vt 0.042374 0.599079
vt 0.623001 0.919599
vt 0.334182 0.012720
vt 0.312993 0.012720
vt 0.279008 0.012720
vt 0.658961 0.358645
vt 0.653108 0.358594
vt 0.782408 0.927905
vt 0.659056 0.358594
vt 0.510196 0.158708
vt 0.515155 0.158423
vt 0.514632 0.169897
vt 0.792262 0.912587
vt 0.782455 0.927743
vt 0.597264 0.912587
vt 0.611416 0.917564
vt 0.599772 0.920123
vt 0.592812 0.929961
vt 0.187030 0.073100
vt 0.188916 0.083070
vt 0.182653 0.065548
vt 0.187038 0.093054
vt 0.173216 0.059352
vt 0.182001 0.100303
vt 0.174887 0.105243
vt 0.895869 0.037761
vt 0.899289 0.035992
vt 0.901940 0.043996
vt 0.904444 0.041180
vt 0.814567 0.089486
vt 0.817419 0.086947
vt 0.954082 0.047651
vt 0.957168 0.055654
vt 0.738232 0.214054
vt 0.737734 0.210588
vt 0.846854 0.139787
vt 0.846240 0.142954
vt 0.824715 0.139118
vt 0.829236 0.146634
vt 0.745243 0.205741
vt 0.745243 0.208877
vt 0.728278 0.186894
vt 0.649985 0.491971
vt 0.638938 0.492182
vt 0.963684 0.297675
vt 0.965385 0.304800
vt 0.957970 0.297675
vt 0.956374 0.307371
vt 0.166430 0.906014
vt 0.168379 0.901511
vt 0.177141 0.909385
vt 0.179077 0.905496
vt 0.150510 0.905982
vt 0.151841 0.900337
vt 0.137791 0.909146
vt 0.138193 0.902928
vt 0.121237 0.914896
vt 0.119240 0.908862
vt 0.129918 0.911466
vt 0.129098 0.905221
vt 0.105627 0.920839
vt 0.103116 0.916208
vt 0.113768 0.917565
vt 0.111278 0.912338
vt 0.089613 0.925049
vt 0.088534 0.920317
vt 0.097825 0.923178
vt 0.095942 0.918629
vt 0.077411 0.921729
vt 0.076081 0.915639
vt 0.082886 0.923976
vt 0.082143 0.918849
vt 0.883241 0.312055
vt 0.881692 0.310313
vt 0.887662 0.311178
vt 0.887165 0.308869
vt 0.875236 0.314049
vt 0.875236 0.312692
vt 0.886645 0.297675
vt 0.892344 0.308801
vt 0.896915 0.309418
vt 0.892417 0.311094
vt 0.896638 0.312039
vt 0.902711 0.310767
vt 0.908366 0.312300
vt 0.902125 0.313563
vt 0.907529 0.315213
vt 0.902999 0.297675
vt 0.915366 0.314012
vt 0.921526 0.315463
vt 0.914637 0.316834
vt 0.920784 0.318194
vt 0.916586 0.297675
vt 0.930863 0.316281
vt 0.930611 0.319010
vt 0.929943 0.297675
vt 0.942709 0.314141
vt 0.943145 0.316658
vt 0.942434 0.297675
vt 0.951431 0.312921
vt 0.950376 0.310541
vt 0.950661 0.297675
vt 0.108025 0.933615
vt 0.091582 0.935916
vt 0.078933 0.935275
vt 0.152089 0.925902
vt 0.137742 0.929102
vt 0.123519 0.931597
vt 0.012152 0.747093
vt 0.003906 0.747093
vt 0.184938 0.912585
vt 0.188164 0.908502
vt 0.191070 0.914392
vt 0.195772 0.910383
vt 0.404886 0.648673
vt 0.414524 0.648673
vt 0.842704 0.209683
vt 0.854525 0.203500
vt 0.852811 0.209683
vt 0.166442 0.986862
vt 0.791792 0.685384
vt 0.791792 0.691089
vt 0.765405 0.688411
vt 0.510177 0.155836
vt 0.633593 0.984006
vt 0.633593 0.978982
vt 0.400506 0.821427
vt 0.402385 0.788246
vt 0.605859 0.984006
vt 0.605859 0.978982
vt 0.614945 0.984006
vt 0.614945 0.978982
vt 0.391485 0.757192
vt 0.875236 0.297675
vt 0.745243 0.186546
vt 0.840884 0.124207
vt 0.805153 0.124304
vt 0.851751 0.148161
vt 0.852146 0.152232
vt 0.849633 0.145122
vt 0.849724 0.157860
vt 0.679631 0.175329
vt 0.679631 0.190847
vt 0.844158 0.161419
vt 0.837041 0.161001
vt 0.830089 0.154742
vt 0.457638 0.435492
vt 0.441140 0.435600
vt 0.937010 0.114643
vt 0.425264 0.636532
vt 0.425264 0.648673
vt 0.985067 0.489775
vt 0.990092 0.489775
vt 0.985067 0.506357
vt 0.990092 0.506357
vt 0.273410 0.821427
vt 0.273598 0.796023
vt 0.269747 0.786311
vt 0.259383 0.821427
vt 0.261244 0.810009
vt 0.255070 0.805166
vt 0.250766 0.821427
vt 0.845941 0.710513
vt 0.990092 0.372673
vt 0.985067 0.372673
vt 0.858240 0.710085
vt 0.853489 0.711899
vt 0.261268 0.794858
vt 0.266474 0.801480
vt 0.595950 0.984006
vt 0.595950 0.978982
vt 0.402851 0.764786
vt 0.392509 0.765474
vt 0.985067 0.367084
vt 0.990092 0.367084
vt 0.386716 0.774260
vt 0.406816 0.777580
vt 0.390770 0.795427
vt 0.709242 0.793659
vt 0.380737 0.777781
vt 0.097685 0.599079
vt 0.791792 0.705230
vt 0.765405 0.705230
vt 0.765405 0.696866
vt 0.117164 0.599079
vt 0.792262 0.939332
vt 0.782864 0.939084
vt 0.741327 0.660299
vt 0.720426 0.657185
vt 0.985067 0.478599
vt 0.990092 0.478599
vt 0.755946 0.661660
vt 0.003765 0.817085
vt 0.014343 0.815891
vt 0.358505 0.281490
vt 0.364063 0.281490
vt 0.680709 0.265096
vt 0.676493 0.250165
vt 0.676493 0.265351
vt 0.684086 0.263245
vt 0.687004 0.260027
vt 0.687475 0.257137
vt 0.686751 0.249921
vt 0.496836 0.651709
vt 0.478797 0.660693
vt 0.498910 0.660215
vt 0.496202 0.647495
vt 0.495039 0.641389
vt 0.494262 0.636490
vt 0.486867 0.634061
vt 0.478797 0.633440
vt 0.882406 1.379357
vt 0.882406 1.363159
vt 0.876462 1.364365
vt 0.659620 1.324638
vt 0.658898 1.321067
vt 0.656619 1.324638
vt 0.657340 1.321066
vt 0.662761 1.788594
vt 0.662048 1.785032
vt 0.659774 1.788599
vt 0.660474 1.785035
vt 0.262895 1.161219
vt 0.260276 1.162148
vt 0.262895 1.166255
vt 0.258271 1.165292
vt 0.258975 1.168998
vt 0.261975 1.171099
vt 0.662773 1.795707
vt 0.662060 1.792152
vt 0.659788 1.795715
vt 0.660484 1.792156
vt 0.871421 1.367797
vt 0.868053 1.372935
vt 0.866868 1.378996
vt 0.868048 1.385058
vt 0.871413 1.390198
vt 0.876451 1.393635
vt 0.882394 1.394845
vt 0.659624 1.317498
vt 0.658906 1.313937
vt 0.656624 1.317495
vt 0.657346 1.313935
vt 0.662757 1.781469
vt 0.662034 1.777896
vt 0.659761 1.781470
vt 0.660478 1.777897
vt 0.659634 1.310380
vt 0.658920 1.306818
vt 0.656634 1.310373
vt 0.657360 1.306813
vt 0.659649 1.303260
vt 0.658940 1.299705
vt 0.656651 1.303251
vt 0.657378 1.299698
vt 0.662795 1.802829
vt 0.662075 1.799270
vt 0.659808 1.802840
vt 0.660502 1.799275
vt 0.136213 1.847894
vt 0.136213 1.841705
vt 0.128382 1.847894
vt 0.128382 1.841705
vt 0.128382 1.891219
vt 0.136213 1.891219
vt 0.128382 1.885029
vt 0.136213 1.885029
vt 0.136213 1.878841
vt 0.128382 1.878841
vt 0.136213 1.872651
vt 0.128382 1.872651
vt 0.128382 1.866462
vt 0.136213 1.866462
vt 0.136213 1.860273
vt 0.128382 1.860273
vt 0.136213 1.854083
vt 0.128382 1.854083
vt 0.656673 1.296142
vt 0.659671 1.296155
vt 0.659757 1.774324
vt 0.662758 1.774325
vt 0.728422 1.830066
vt 0.726454 1.826434
vt 0.722518 1.830066
vt 0.722518 1.826434
vt 0.730390 1.826434
vt 0.734327 1.826434
vt 0.736295 1.830066
vt 0.738263 1.826434
vt 0.742199 1.826434
vt 0.744167 1.830066
vt 0.746135 1.826434
vt 0.750071 1.826434
vt 0.752040 1.830066
vt 0.754008 1.826434
vt 0.946993 1.029947
vt 0.946993 1.033406
vt 0.951715 1.029947
vt 0.951715 1.033406
vt 0.843856 1.627187
vt 0.843856 1.632717
vt 0.856224 1.627187
vt 0.856224 1.632717
vt 0.856224 1.621657
vt 0.843856 1.621657
vt 0.856224 1.616127
vt 0.843856 1.616127
vt 0.843856 1.610597
vt 0.856224 1.610597
vt 0.856224 1.605066
vt 0.843856 1.605066
vt 0.843856 1.599536
vt 0.856224 1.599536
vt 0.937549 1.033406
vt 0.942271 1.033406
vt 0.937549 1.029947
vt 0.942271 1.029947
vt 0.843856 1.594005
vt 0.856224 1.594005
vt 0.887920 1.653547
vt 0.892973 1.656816
vt 0.891818 1.650908
vt 0.025936 1.895056
vt 0.022735 1.895056
vt 0.025936 1.898378
vt 0.022735 1.898378
vt 0.025936 1.890627
vt 0.022735 1.890627
vt 0.022735 1.881771
vt 0.022735 1.886199
vt 0.025936 1.881771
vt 0.025936 1.886199
vt 0.891298 1.665611
vt 0.890316 1.660858
vt 0.885413 1.666740
vt 0.884458 1.662113
vt 0.895318 1.668292
vt 0.891993 1.673271
vt 0.888057 1.670660
vt 0.885337 1.657480
vt 0.896528 1.674175
vt 0.896528 1.649969
vt 0.896528 1.655612
vt 0.856224 1.588475
vt 0.843856 1.588475
vt 0.932827 1.029947
vt 0.932827 1.033406
vt 0.928105 1.029947
vt 0.928105 1.033406
vt 0.923383 1.033406
vt 0.923383 1.029947
vt 0.918661 1.029947
vt 0.918661 1.033406
vt 0.913939 1.033406
vt 0.913939 1.029947
vt 0.893895 1.675892
vt 0.893678 1.648276
vt 0.888626 1.650390
vt 0.882755 1.664869
vt 0.884780 1.654289
vt 0.888816 1.673803
vt 0.884906 1.669934
vt 0.882712 1.659371
vt 0.851468 0.183374
vt 0.852465 0.186275
vt 0.847115 0.186306
vt 0.848135 0.181158
vt 0.844208 0.181936
vt 0.841972 0.185256
vt 0.852257 1.185256
vt 0.850021 1.181936
vt 0.847115 1.186306
vt 0.846095 1.181158
vt 0.842761 1.183374
vt 0.841763 1.186275
vt 0.506698 0.435600
vt 0.985706 0.733863
vt 0.985706 0.750172
vt 0.978791 0.732806
vt 0.978791 0.750172
vt 0.003906 0.151067
vt 0.010555 0.151067
vt 0.003906 0.175698
vt 0.010555 0.175698
vt 0.978791 0.783790
vt 0.985706 0.783790
vt 0.978791 0.802742
vt 0.985706 0.802742
vt 0.978791 0.826576
vt 0.985706 0.826576
vt 0.070005 0.863780
vt 0.039896 0.854416
vt 0.061650 0.818731
vt 0.988205 0.655157
vt 0.996094 0.655157
vt 0.988205 0.670002
vt 0.996094 0.670002
vt 0.996094 0.686274
vt 0.988205 0.686274
vt 0.495533 0.450423
vt 0.495533 0.443837
vt 0.507996 0.450423
vt 0.507996 0.443837
vt 0.414956 0.982470
vt 0.414956 0.989935
vt 0.377327 0.982470
vt 0.377327 0.989935
vt 0.149793 0.794289
vt 0.201848 0.825280
vt 0.162220 0.826377
vt 0.179147 0.257277
vt 0.151368 0.257277
vt 0.168151 0.237577
vt 0.040583 0.818130
vt 0.342211 0.982470
vt 0.342211 0.989935
vt 0.003906 0.204562
vt 0.010555 0.204562
vt 0.492689 0.851784
vt 0.456830 0.829663
vt 0.513315 0.829663
vt 0.817953 0.513540
vt 0.809668 0.520833
vt 0.797924 0.513540
vt 0.797831 0.520833
vt 0.996094 0.699641
vt 0.988205 0.699641
vt 0.221653 0.866106
vt 0.221653 0.905417
vt 0.201848 0.869561
vt 0.201848 0.905417
vt 0.824705 0.520833
vt 0.068496 0.884599
vt 0.099765 0.875237
vt 0.724610 0.030607
vt 0.724610 0.024282
vt 0.746593 0.030607
vt 0.746593 0.024282
vt 0.554816 0.144928
vt 0.564798 0.144928
vt 0.560336 0.150663
vt 0.582468 0.144928
vt 0.592046 0.150663
vt 0.542748 0.150663
vt 0.308296 0.982470
vt 0.308296 0.989935
vt 0.442186 0.699037
vt 0.449413 0.699037
vt 0.442186 0.718824
vt 0.449413 0.718824
vt 0.130974 0.831314
vt 0.124820 0.809398
vt 0.105091 0.237577
vt 0.120122 0.257277
vt 0.079219 0.257277
vt 0.003906 0.769077
vt 0.034079 0.755944
vt 0.031704 0.769077
vt 0.536967 0.851784
vt 0.099765 0.837453
vt 0.071864 0.755944
vt 0.039896 0.879917
vt 0.058254 0.913653
vt 0.058254 0.980483
vt 0.003906 0.913653
vt 0.028549 0.980483
vt 0.521683 0.144928
vt 0.542321 0.144928
vt 0.525095 0.150663
vt 0.978791 0.867036
vt 0.985706 0.867036
vt 0.221653 0.823906
vt 0.241458 0.862652
vt 0.241458 0.822531
vt 0.221016 0.770255
vt 0.192255 0.761959
vt 0.102562 0.818452
vt 0.456830 0.851784
vt 0.003906 0.755944
vt 0.241458 0.905417
vt 0.241458 0.777802
vt 0.449413 0.679250
vt 0.442186 0.679250
vt 0.066987 0.905417
vt 0.039896 0.905417
vt 0.099765 0.905417
vt 0.027965 0.846724
vt 0.027965 0.817769
vt 0.978791 0.722404
vt 0.985706 0.722404
vt 0.458338 0.992191
vt 0.423358 0.990218
vt 0.456394 0.984214
vt 0.553492 0.991959
vt 0.532830 0.991959
vt 0.553492 0.988477
vt 0.532830 0.988477
vt 0.988205 0.646921
vt 0.988205 0.626940
vt 0.991671 0.646921
vt 0.991671 0.626940
vt 0.989938 0.514593
vt 0.993048 0.547337
vt 0.992495 0.547268
vt 0.847512 0.003906
vt 0.847512 0.021711
vt 0.827119 0.003906
vt 0.827119 0.021711
vt 0.960540 0.003906
vt 0.960540 0.021711
vt 0.927087 0.003455
vt 0.928103 0.021669
vt 0.476130 0.991959
vt 0.476130 0.988477
vt 0.905185 0.003906
vt 0.905185 0.021711
vt 0.988205 0.570007
vt 0.991671 0.570007
vt 0.504873 0.991959
vt 0.504873 0.988477
vt 0.988205 0.599816
vt 0.991671 0.599816
vt 0.875289 0.003906
vt 0.875289 0.021711
vt 0.696182 0.241685
vt 0.696213 0.237975
vt 0.986113 0.090433
vt 0.987875 0.090433
vt 0.696217 0.220459
vt 0.696188 0.216749
vt 0.041826 0.607315
vt 0.041826 0.609077
s 1
usemtl tie_fighter_pilot_mat
f 2/1/1 3/2/2 1/3/3
f 4/4/4 1/3/3 3/2/2
f 5/5/5 6/6/6 3/2/2
f 4/4/4 3/2/2 6/6/6
f 7/7/7 8/8/8 5/5/5
f 6/6/6 5/5/5 8/8/8
f 10/9/9 11/10/10 9/11/11
f 12/12/12 9/11/11 11/10/10
f 14/13/13 15/14/14 13/15/15
f 16/16/16 13/15/15 15/14/14
f 18/17/17 19/18/18 17/19/19
f 20/20/20 17/19/19 19/18/18
f 22/21/21 23/22/22 21/23/23
f 24/24/24 21/23/23 23/22/22
f 26/25/25 22/21/21 25/26/26
f 21/23/23 25/26/26 22/21/21
f 21/23/23 24/24/24 27/27/27
f 28/28/28 27/27/27 24/24/24
f 30/29/29 31/30/30 29/31/31
f 26/25/25 29/31/31 31/30/30
f 25/26/26 21/23/23 32/32/32
f 27/27/27 32/32/32 21/23/23
f 33/33/33 34/34/34 10/9/9
f 11/10/10 10/9/9 34/34/34
f 36/35/34 37/36/35 35/37/36
f 14/13/13 35/37/36 37/36/35
f 17/19/19 20/20/20 38/38/37
f 39/39/38 38/38/37 20/20/20
f 41/40/39 42/41/40 40/42/41
f 43/43/42 40/42/41 42/41/40
f 16/16/16 44/44/43 13/15/15
f 45/45/44 13/15/15 44/44/43
f 47/46/45 48/47/46 46/48/47
f 49/49/48 46/48/47 48/47/46
f 51/50/49 52/51/50 50/52/51
f 53/53/52 50/52/51 52/51/50
f 55/54/53 56/55/54 54/56/55
f 57/57/56 54/56/55 56/55/54
f 59/58/57 46/48/47 58/59/58
f 60/60/59 58/59/58 46/48/47
f 42/41/40 59/58/57 43/43/42
f 58/59/58 43/43/42 59/58/57
f 46/48/47 49/49/48 60/60/59
f 61/61/60 60/60/59 49/49/48
f 56/55/54 55/54/53 62/62/38
f 15/14/14 62/62/38 55/54/53
f 63/63/61 47/46/45 59/58/57
f 46/48/47 59/58/57 47/46/45
f 61/61/60 33/33/33 60/60/59
f 10/9/9 60/60/59 33/33/33
f 40/42/41 43/43/42 64/64/62
f 65/65/2 64/64/62 43/43/42
f 24/24/24 66/66/63 28/28/28
f 67/67/34 28/28/28 66/66/63
f 66/66/63 17/19/19 67/67/34
f 38/38/37 67/67/34 17/19/19
f 37/36/35 62/62/38 14/13/13
f 15/14/14 14/13/13 62/62/38
f 68/68/64 51/50/49 19/18/18
f 50/52/51 19/18/18 51/50/49
f 54/56/55 57/57/56 69/69/65
f 70/70/66 69/69/65 57/57/56
f 71/71/67 72/72/68 47/46/45
f 48/47/46 47/46/45 72/72/68
f 26/25/25 25/26/26 29/31/31
f 9/11/11 65/65/2 58/59/58
f 43/43/42 58/59/58 65/65/2
f 58/59/58 60/60/59 9/11/11
f 10/9/9 9/11/11 60/60/59
f 23/22/22 73/73/69 24/24/24
f 66/66/63 24/24/24 73/73/69
f 73/73/69 18/17/17 66/66/63
f 17/19/19 66/66/63 18/17/17
f 35/37/36 14/13/13 74/74/70
f 13/15/15 74/74/70 14/13/13
f 31/30/30 75/75/71 26/25/25
f 22/21/21 26/25/25 75/75/71
f 76/76/72 77/77/73 73/73/69
f 18/17/17 73/73/69 77/77/73
f 77/77/73 68/68/64 18/17/17
f 19/18/18 18/17/17 68/68/64
f 50/52/51 53/53/52 78/78/74
f 79/79/75 78/78/74 53/53/52
f 79/79/75 53/53/52 80/80/66
f 81/81/76 80/80/66 53/53/52
f 83/82/77 29/31/31 82/83/78
f 84/84/79 82/83/78 29/31/31
f 19/18/18 50/52/51 20/20/20
f 76/76/72 73/73/69 23/22/22
f 75/75/71 76/76/72 22/21/21
f 23/22/22 22/21/21 76/76/72
f 52/51/50 81/81/76 53/53/52
f 85/85/80 30/29/29 83/82/77
f 29/31/31 83/82/77 30/29/29
f 87/86/81 88/87/82 86/88/15
f 89/89/83 86/88/15 88/87/82
f 86/88/15 89/89/83 7/7/7
f 8/8/8 7/7/7 89/89/83
f 90/90/84 91/91/85 47/46/45
f 71/71/67 47/46/45 91/91/85
f 54/56/55 69/69/65 92/92/86
f 93/93/87 92/92/86 69/69/65
f 94/94/88 90/90/84 63/63/61
f 47/46/45 63/63/61 90/90/84
f 95/95/89 96/96/90 94/94/88
f 90/90/84 94/94/88 96/96/90
f 96/96/90 97/97/91 90/90/84
f 91/91/85 90/90/84 97/97/91
f 93/93/87 98/98/91 92/92/86
f 99/99/92 92/92/86 98/98/91
f 101/100/93 102/101/94 100/102/95
f 104/103/96 105/104/97 103/105/98
f 106/106/99 107/107/100 103/105/98
f 108/108/101 103/105/98 107/107/100
f 110/109/102 111/110/103 109/111/104
f 112/112/105 109/111/104 111/110/103
f 111/110/103 113/113/106 112/112/105
f 111/110/103 114/114/107 113/113/106
f 115/115/108 113/113/106 114/114/107
f 117/116/109 118/117/110 116/118/111
f 119/119/112 120/120/113 118/117/110
f 121/121/114 118/117/110 120/120/113
f 123/122/115 106/106/99 122/123/116
f 124/124/117 122/123/116 106/106/99
f 124/124/117 106/106/99 103/105/98
f 117/116/109 125/125/118 118/117/110
f 126/126/119 118/117/110 125/125/118
f 118/117/110 126/126/119 119/119/112
f 127/127/120 119/119/112 126/126/119
f 118/117/110 121/121/114 128/128/121
f 102/101/94 130/129/122 129/130/123
f 131/131/124 129/130/123 130/129/122
f 128/128/121 116/118/111 118/117/110
f 132/132/125 102/101/94 129/130/123
f 133/133/126 134/134/127 129/130/123
f 124/124/117 103/105/98 135/135/128
f 105/104/97 135/135/128 103/105/98
f 129/130/123 134/134/127 132/132/125
f 100/102/95 102/101/94 136/136/129
f 132/132/125 136/136/129 102/101/94
f 138/137/130 139/138/131 137/139/132
f 140/140/133 137/139/132 139/138/131
f 141/141/134 142/142/135 140/140/133
f 137/139/132 140/140/133 142/142/135
f 144/143/136 145/144/137 143/145/138
f 146/146/139 143/145/138 145/144/137
f 145/144/137 147/147/140 146/146/139
f 148/148/141 146/146/139 147/147/140
f 150/149/142 151/150/143 149/151/144
f 152/152/145 149/151/144 151/150/143
f 154/153/146 155/154/147 153/155/148
f 156/156/149 153/155/148 155/154/147
f 101/100/93 100/102/95 157/157/150
f 158/158/151 157/157/150 100/102/95
f 105/104/97 104/103/96 159/159/152
f 160/160/153 159/159/152 104/103/96
f 102/101/94 101/100/93 161/161/154
f 157/157/150 161/161/154 101/100/93
f 104/103/96 103/105/98 160/160/153
f 162/162/155 160/160/153 103/105/98
f 130/129/122 102/101/94 163/163/156
f 161/161/154 163/163/156 102/101/94
f 103/105/98 108/108/101 162/162/155
f 164/164/157 162/162/155 108/108/101
f 131/131/124 130/129/122 165/165/158
f 163/163/156 165/165/158 130/129/122
f 108/108/101 107/107/100 164/164/157
f 166/166/159 164/164/157 107/107/100
f 133/133/126 129/130/123 167/167/160
f 168/168/161 167/167/160 129/130/123
f 106/106/99 123/122/115 169/169/162
f 170/170/160 169/169/162 123/122/115
f 151/150/143 150/149/142 171/171/163
f 172/172/164 171/171/163 150/149/142
f 155/154/147 154/153/146 173/173/165
f 174/174/163 173/173/165 154/153/146
f 117/116/109 116/118/111 175/175/166
f 176/176/167 175/175/166 116/118/111
f 115/115/108 114/114/107 177/177/168
f 178/178/169 177/177/168 114/114/107
f 125/125/118 117/116/109 179/179/170
f 175/175/166 179/179/170 117/116/109
f 114/114/107 180/180/171 178/178/169
f 181/181/172 178/178/169 180/180/171
f 120/120/113 119/119/112 182/182/173
f 183/183/174 182/182/173 119/119/112
f 110/109/102 109/111/104 184/184/175
f 185/185/176 184/184/175 109/111/104
f 100/102/95 136/136/129 158/158/151
f 186/186/177 158/158/151 136/136/129
f 135/135/128 105/104/97 187/187/178
f 159/159/152 187/187/178 105/104/97
f 129/130/123 131/131/124 168/168/161
f 165/165/158 168/168/161 131/131/124
f 107/107/100 106/106/99 166/166/159
f 169/169/162 166/166/159 106/106/99
f 134/134/127 133/133/126 188/188/179
f 167/167/160 188/188/179 133/133/126
f 123/122/115 122/123/116 170/170/160
f 189/189/180 170/170/160 122/123/116
f 150/149/142 149/151/144 172/172/164
f 190/190/181 172/172/164 149/151/144
f 156/156/149 155/154/147 191/191/182
f 173/173/165 191/191/182 155/154/147
f 152/152/145 151/150/143 192/192/183
f 171/171/163 192/192/183 151/150/143
f 154/153/146 153/155/148 174/174/163
f 193/193/184 174/174/163 153/155/148
f 138/137/130 137/139/132 194/194/185
f 195/195/186 194/194/185 137/139/132
f 145/144/137 144/143/136 196/196/186
f 197/197/187 196/196/186 144/143/136
f 137/139/132 142/142/135 195/195/186
f 198/198/188 195/195/186 142/142/135
f 147/147/140 145/144/137 199/199/188
f 196/196/186 199/199/188 145/144/137
f 141/141/134 140/140/133 200/200/189
f 201/201/190 200/200/189 140/140/133
f 146/146/139 148/148/141 202/202/191
f 203/203/189 202/202/191 148/148/141
f 140/140/133 139/138/131 201/201/190
f 204/204/192 201/201/190 139/138/131
f 143/145/138 146/146/139 205/205/192
f 202/202/191 205/205/192 146/146/139
f 139/138/131 138/137/130 204/204/192
f 194/194/185 204/204/192 138/137/130
f 144/143/136 143/145/138 197/197/187
f 205/205/192 197/197/187 143/145/138
f 206/206/193 207/207/194 142/142/135
f 198/198/188 142/142/135 207/207/194
f 209/208/195 147/147/140 208/209/194
f 199/199/188 208/209/194 147/147/140
f 203/203/189 148/148/141 210/210/196
f 211/211/197 210/210/196 148/148/141
f 110/109/102 184/184/175 211/211/197
f 210/210/196 211/211/197 184/184/175
f 141/141/134 200/200/189 212/212/198
f 213/213/199 212/212/198 200/200/189
f 183/183/174 119/119/112 213/213/199
f 212/212/198 213/213/199 119/119/112
f 148/148/141 147/147/140 211/211/197
f 209/208/195 211/211/197 147/147/140
f 111/110/103 110/109/102 209/208/195
f 211/211/197 209/208/195 110/109/102
f 214/214/200 180/180/171 111/110/103
f 114/114/107 111/110/103 180/180/171
f 111/110/103 209/208/195 214/214/200
f 208/209/194 214/214/200 209/208/195
f 206/206/193 142/142/135 212/212/198
f 141/141/134 212/212/198 142/142/135
f 206/206/193 212/212/198 127/127/120
f 119/119/112 127/127/120 212/212/198
f 215/215/201 216/216/202 206/206/193
f 207/207/194 206/206/193 216/216/202
f 127/127/120 215/215/201 206/206/193
f 217/217/203 214/214/200 208/209/194
f 214/214/200 218/218/204 180/180/171
f 219/219/205 180/180/171 218/218/204
f 217/217/203 218/218/204 214/214/200
f 219/219/205 220/220/206 180/180/171
f 181/181/172 180/180/171 220/220/206
f 222/221/207 125/125/118 221/222/208
f 179/179/170 221/222/208 125/125/118
f 223/223/209 224/224/210 126/126/119
f 127/127/120 126/126/119 224/224/210
f 224/224/210 215/215/201 127/127/120
f 126/126/119 125/125/118 223/223/209
f 222/221/207 223/223/209 125/125/118
f 25/26/26 32/32/32 84/84/79
f 29/31/31 25/26/26 84/84/79
f 20/20/20 78/78/74 39/39/38
f 50/52/51 78/78/74 20/20/20
f 226/225/211 227/226/212 225/227/213
f 228/228/214 225/227/213 227/226/212
f 230/226/212 231/229/215 229/228/214
f 232/230/216 229/228/214 231/229/215
f 231/229/215 233/231/217 232/230/216
f 234/232/218 232/230/216 233/231/217
f 233/231/217 235/233/219 234/232/218
f 236/234/220 234/232/218 235/233/219
f 238/235/219 239/236/221 237/237/222
f 240/238/223 237/237/222 239/236/221
f 239/236/221 241/239/224 240/238/223
f 242/240/225 240/238/223 241/239/224
f 241/239/224 243/241/226 242/240/225
f 244/242/227 242/240/225 243/241/226
f 243/241/226 245/243/228 244/242/227
f 246/244/229 244/242/227 245/243/228
f 248/245/230 249/246/231 247/247/232
f 250/248/233 247/247/232 249/246/231
f 251/249/234 252/250/235 248/245/230
f 249/246/231 248/245/230 252/250/235
f 253/251/236 254/252/237 251/249/234
f 252/250/235 251/249/234 254/252/237
f 256/253/238 257/254/239 255/255/240
f 258/256/241 255/255/240 257/254/239
f 259/257/242 260/258/243 256/253/238
f 257/254/239 256/253/238 260/258/243
f 261/259/244 262/260/245 259/257/242
f 260/258/243 259/257/242 262/260/245
f 263/261/246 264/262/247 261/259/244
f 262/260/245 261/259/244 264/262/247
f 247/247/232 250/248/233 263/261/246
f 264/262/247 263/261/246 250/248/233
f 266/263/248 267/264/249 265/265/250
f 268/266/251 265/265/250 267/264/249
f 268/266/251 270/267/252 269/268/253
f 271/269/254 269/268/253 270/267/252
f 273/270/255 274/271/256 272/272/257
f 275/273/258 272/272/257 274/271/256
f 277/274/259 278/275/260 276/276/261
f 280/277/262 278/275/260 279/278/263
f 278/275/260 277/274/259 279/278/263
f 281/279/264 282/280/265 279/278/263
f 280/277/262 279/278/263 282/280/265
f 284/281/266 280/277/262 283/282/267
f 280/277/262 282/280/265 283/282/267
f 286/283/268 287/284/269 285/285/270
f 287/284/269 275/273/258 285/285/270
f 275/273/258 274/271/256 285/285/270
f 274/271/256 286/283/268 285/285/270
f 289/286/271 290/287/272 288/288/273
f 291/289/274 288/288/273 290/287/272
f 291/289/274 292/290/275 288/288/273
f 294/291/276 295/292/277 293/293/278
f 293/293/278 295/292/277 278/275/260
f 276/276/261 278/275/260 295/292/277
f 295/292/277 294/291/276 296/294/279
f 298/295/280 299/296/281 297/297/282
f 301/298/283 302/299/284 300/300/285
f 303/301/286 300/300/285 302/299/284
f 303/301/286 293/293/278 278/275/260
f 280/277/262 284/281/266 278/275/260
f 300/300/285 278/275/260 284/281/266
f 300/300/285 303/301/286 278/275/260
f 304/302/287 303/301/286 302/299/284
f 276/276/261 298/295/280 277/274/259
f 297/297/282 277/274/259 298/295/280
f 305/303/288 289/286/271 271/269/254
f 306/304/289 271/269/254 289/286/271
f 308/305/290 309/306/291 307/307/292
f 304/302/287 302/299/284 310/308/293
f 310/308/293 302/299/284 311/309/294
f 301/298/283 312/310/295 302/299/284
f 311/309/294 302/299/284 312/310/295
f 314/311/296 315/312/297 313/313/298
f 316/314/299 313/313/298 315/312/297
f 317/315/300 313/313/298 309/306/291
f 316/314/299 309/306/291 313/313/298
f 315/312/297 318/316/301 316/314/299
f 319/317/302 316/314/299 318/316/301
f 307/307/292 309/306/291 320/318/303
f 320/318/303 309/306/291 321/319/304
f 319/317/302 321/319/304 316/314/299
f 309/306/291 316/314/299 321/319/304
f 282/280/265 323/320/303 322/321/305
f 325/322/306 299/296/281 324/323/307
f 298/295/280 324/323/307 299/296/281
f 294/291/276 304/302/287 326/324/308
f 310/308/293 326/324/308 304/302/287
f 308/305/290 327/325/309 309/306/291
f 317/315/300 309/306/291 327/325/309
f 291/289/274 290/287/272 292/290/275
f 328/326/310 292/290/275 290/287/272
f 290/287/272 325/322/306 328/326/310
f 324/323/307 328/326/310 325/322/306
f 329/327/311 292/290/275 328/326/310
f 331/328/312 332/329/313 330/330/314
f 333/331/315 288/288/273 292/290/275
f 334/332/316 335/333/317 313/313/298
f 314/311/296 313/313/298 335/333/317
f 336/334/318 337/335/319 334/332/316
f 335/333/317 334/332/316 337/335/319
f 313/313/298 317/315/300 334/332/316
f 338/336/320 334/332/316 317/315/300
f 336/334/318 334/332/316 339/337/321
f 338/336/320 339/337/321 334/332/316
f 340/338/322 338/336/320 327/325/309
f 317/315/300 327/325/309 338/336/320
f 340/338/322 341/339/323 338/336/320
f 339/337/321 338/336/320 341/339/323
f 330/330/314 273/270/255 272/272/257
f 330/330/314 272/272/257 331/328/312
f 327/325/309 342/340/324 340/338/322
f 343/341/325 270/267/252 267/264/249
f 268/266/251 267/264/249 270/267/252
f 345/342/326 343/341/325 344/343/327
f 306/304/289 289/286/271 333/331/315
f 288/288/273 333/331/315 289/286/271
f 272/272/257 275/273/258 346/344/328
f 347/345/329 346/344/328 275/273/258
f 275/273/258 287/284/269 347/345/329
f 348/346/327 347/345/329 287/284/269
f 276/276/261 295/292/277 298/295/280
f 296/294/279 298/295/280 295/292/277
f 324/323/307 298/295/280 296/294/279
f 296/294/279 349/347/330 324/323/307
f 328/326/310 324/323/307 349/347/330
f 296/294/279 294/291/276 349/347/330
f 329/327/311 294/291/276 326/324/308
f 294/291/276 329/327/311 349/347/330
f 329/327/311 328/326/310 349/347/330
f 341/339/323 340/338/322 350/348/331
f 342/340/324 350/348/331 340/338/322
f 352/349/332 353/350/333 351/351/334
f 354/352/335 351/351/334 353/350/333
f 356/353/336 357/354/337 355/355/338
f 358/356/339 355/355/338 357/354/337
f 356/353/336 359/357/340 357/354/337
f 360/358/341 357/354/337 359/357/340
f 361/359/342 362/360/343 359/357/340
f 360/358/341 359/357/340 362/360/343
f 363/361/344 364/362/345 361/359/342
f 362/360/343 361/359/342 364/362/345
f 361/359/342 359/357/340 355/355/338
f 356/353/336 355/355/338 359/357/340
f 355/355/338 353/350/333 361/359/342
f 363/361/344 361/359/342 353/350/333
f 366/363/346 367/364/347 365/365/348
f 368/366/349 365/365/348 367/364/347
f 367/364/347 369/367/350 368/366/349
f 370/368/351 368/366/349 369/367/350
f 372/369/352 373/370/353 371/371/354
f 374/372/355 371/371/354 373/370/353
f 376/373/356 366/363/346 375/374/357
f 365/365/348 375/374/357 366/363/346
f 95/95/89 378/375/358 377/376/359
f 379/377/337 377/376/359 378/375/358
f 381/378/360 382/379/361 380/380/341
f 383/381/337 380/380/341 382/379/361
f 384/382/362 385/383/363 96/96/90
f 97/97/91 96/96/90 385/383/363
f 99/99/92 98/98/91 386/384/363
f 388/385/364 389/386/365 387/387/366
f 390/388/367 387/387/366 389/386/365
f 388/385/364 387/387/366 391/389/368
f 392/390/369 391/389/368 387/387/366
f 384/382/362 96/96/90 377/376/359
f 95/95/89 377/376/359 96/96/90
f 384/382/362 377/376/359 393/391/370
f 395/392/371 392/390/369 394/393/372
f 387/387/366 394/393/372 392/390/369
f 99/99/92 394/393/372 390/388/367
f 387/387/366 390/388/367 394/393/372
f 385/383/363 384/382/362 396/394/373
f 393/391/370 397/395/374 384/382/362
f 396/394/373 384/382/362 397/395/374
f 399/396/357 395/392/371 398/397/373
f 394/393/372 398/397/373 395/392/371
f 386/384/363 398/397/373 99/99/92
f 394/393/372 99/99/92 398/397/373
f 401/398/353 402/399/375 400/400/376
f 404/401/377 405/402/378 403/403/379
f 406/404/360 403/403/379 405/402/378
f 407/405/380 404/401/377 403/403/379
f 408/406/381 409/407/382 407/405/380
f 404/401/377 407/405/380 409/407/382
f 411/408/383 412/409/384 410/410/356
f 413/411/346 410/410/356 412/409/384
f 412/409/384 414/412/385 413/411/346
f 415/413/347 413/411/346 414/412/385
f 416/414/386 417/415/387 414/412/385
f 415/413/347 414/412/385 417/415/387
f 418/416/388 419/417/389 265/265/250
f 266/263/248 265/265/250 419/417/389
f 419/417/389 420/418/390 266/263/248
f 421/419/391 266/263/248 420/418/390
f 423/420/392 424/421/393 422/422/394
f 425/423/395 422/422/394 424/421/393
f 426/424/396 427/425/397 265/265/250
f 418/416/388 265/265/250 427/425/397
f 404/401/377 409/407/382 426/424/396
f 427/425/397 426/424/396 409/407/382
f 429/426/398 426/424/396 428/427/399
f 265/265/250 428/427/399 426/424/396
f 404/401/377 426/424/396 405/402/378
f 429/426/398 405/402/378 426/424/396
f 431/428/400 429/426/398 430/429/401
f 428/427/399 430/429/401 429/426/398
f 432/430/402 405/402/378 431/428/400
f 429/426/398 431/428/400 405/402/378
f 434/431/403 431/428/400 433/432/404
f 430/429/401 433/432/404 431/428/400
f 436/433/405 414/412/385 435/434/406
f 412/409/384 435/434/406 414/412/385
f 432/430/402 431/428/400 400/400/376
f 434/431/403 400/400/376 431/428/400
f 435/434/406 412/409/384 437/435/407
f 411/408/383 437/435/407 412/409/384
f 271/269/254 306/304/289 269/268/253
f 438/436/408 269/268/253 306/304/289
f 440/437/409 441/438/410 439/439/411
f 442/440/412 439/439/411 441/438/410
f 443/441/413 269/268/253 438/436/408
f 433/432/404 430/429/401 443/441/413
f 265/265/250 268/266/251 428/427/399
f 269/268/253 428/427/399 268/266/251
f 443/441/413 438/436/408 444/442/414
f 269/268/253 443/441/413 428/427/399
f 443/441/413 430/429/401 428/427/399
f 444/442/414 433/432/404 443/441/413
f 416/414/386 414/412/385 445/443/415
f 436/433/405 445/443/415 414/412/385
f 440/437/409 435/434/406 441/438/410
f 437/435/407 441/438/410 435/434/406
f 425/423/395 446/444/416 440/437/409
f 440/437/409 446/444/416 435/434/406
f 435/434/406 446/444/416 436/433/405
f 372/369/352 371/371/354 381/378/360
f 382/379/361 381/378/360 371/371/354
f 406/404/360 432/430/402 402/399/375
f 432/430/402 400/400/376 402/399/375
f 406/404/360 405/402/378 432/430/402
f 424/421/393 445/443/415 425/423/395
f 436/433/405 425/423/395 445/443/415
f 440/437/409 439/439/411 425/423/395
f 447/445/417 425/423/395 439/439/411
f 446/444/416 425/423/395 436/433/405
f 267/264/249 266/263/248 448/446/418
f 421/419/391 448/446/418 266/263/248
f 449/447/419 425/423/395 447/445/417
f 450/448/420 422/422/394 449/447/419
f 449/447/419 422/422/394 425/423/395
f 448/446/418 344/343/327 267/264/249
f 343/341/325 267/264/249 344/343/327
f 451/449/421 306/304/289 333/331/315
f 346/344/328 452/450/422 272/272/257
f 331/328/312 272/272/257 452/450/422
f 347/345/329 348/346/327 453/451/423
f 447/445/417 450/448/420 449/447/419
f 346/344/328 347/345/329 454/452/424
f 453/451/423 454/452/424 347/345/329
f 439/439/411 454/452/424 447/445/417
f 453/451/423 447/445/417 454/452/424
f 450/448/420 453/451/423 348/346/327
f 450/448/420 447/445/417 453/451/423
f 451/449/421 444/442/414 306/304/289
f 438/436/408 306/304/289 444/442/414
f 452/450/422 454/452/424 442/440/412
f 454/452/424 439/439/411 442/440/412
f 454/452/424 452/450/422 346/344/328
f 4/4/4 6/6/6 455/453/425
f 456/454/426 455/453/425 6/6/6
f 457/455/427 458/456/428 456/454/426
f 455/453/425 456/454/426 458/456/428
f 6/6/6 8/8/8 456/454/426
f 459/457/429 456/454/426 8/8/8
f 460/458/430 457/455/427 459/457/429
f 456/454/426 459/457/429 457/455/427
f 8/8/8 89/89/83 459/457/429
f 461/459/431 459/457/429 89/89/83
f 462/460/432 460/458/430 461/459/431
f 459/457/429 461/459/431 460/458/430
f 89/89/83 88/87/82 461/459/431
f 463/461/433 461/459/431 88/87/82
f 464/462/434 462/460/432 463/461/433
f 461/459/431 463/461/433 462/460/432
f 1/3/3 4/4/4 465/463/435
f 455/453/425 465/463/435 4/4/4
f 458/456/428 466/464/436 455/453/425
f 465/463/435 455/453/425 466/464/436
f 468/465/437 469/466/438 467/467/439
f 470/468/440 467/467/439 469/466/438
f 469/466/438 471/469/441 470/468/440
f 472/470/442 470/468/440 471/469/441
f 473/471/443 474/472/444 469/466/438
f 471/469/441 469/466/438 474/472/444
f 475/473/445 473/471/443 468/465/437
f 469/466/438 468/465/437 473/471/443
f 477/474/446 478/475/447 476/476/448
f 479/477/449 476/476/448 478/475/447
f 480/478/450 481/479/451 478/475/447
f 479/477/449 478/475/447 481/479/451
f 476/476/448 482/480/452 477/474/446
f 483/481/453 477/474/446 482/480/452
f 485/482/454 483/481/453 484/483/455
f 482/480/452 484/483/455 483/481/453
f 486/484/456 487/485/457 484/483/455
f 485/482/454 484/483/455 487/485/457
f 488/486/458 489/487/459 486/484/456
f 487/485/457 486/484/456 489/487/459
f 475/473/445 468/465/437 484/483/455
f 486/484/456 484/483/455 468/465/437
f 468/465/437 467/467/439 486/484/456
f 488/486/458 486/484/456 467/467/439
f 473/471/443 475/473/445 482/480/452
f 484/483/455 482/480/452 475/473/445
f 474/472/444 473/471/443 476/476/448
f 482/480/452 476/476/448 473/471/443
f 471/469/441 474/472/444 479/477/449
f 476/476/448 479/477/449 474/472/444
f 472/470/442 471/469/441 481/479/451
f 479/477/449 481/479/451 471/469/441
f 490/488/460 491/489/461 467/467/439
f 488/486/458 467/467/439 491/489/461
f 491/489/461 492/490/462 488/486/458
f 489/487/459 488/486/458 492/490/462
f 493/491/463 494/492/464 480/478/450
f 481/479/451 480/478/450 494/492/464
f 494/492/464 495/493/465 481/479/451
f 472/470/442 481/479/451 495/493/465
f 472/470/442 495/493/465 470/468/440
f 496/494/466 470/468/440 495/493/465
f 470/468/440 496/494/466 467/467/439
f 490/488/460 467/467/439 496/494/466
f 497/495/467 498/496/468 495/493/465
f 496/494/466 495/493/465 498/496/468
f 498/496/468 499/497/469 496/494/466
f 490/488/460 496/494/466 499/497/469
f 499/497/469 491/489/461 490/488/460
f 494/492/464 497/495/467 495/493/465
f 501/498/470 502/499/471 500/500/472
f 503/501/473 500/500/472 502/499/471
f 500/500/472 504/502/474 501/498/470
f 505/503/475 501/498/470 504/502/474
f 506/504/476 507/505/477 504/502/474
f 505/503/475 504/502/474 507/505/477
f 508/506/478 507/505/477 506/504/476
f 509/507/479 510/508/480 494/492/464
f 497/495/467 494/492/464 510/508/480
f 511/509/481 498/496/468 510/508/480
f 497/495/467 510/508/480 498/496/468
f 512/510/482 499/497/469 511/509/481
f 498/496/468 511/509/481 499/497/469
f 513/511/483 491/489/461 512/510/482
f 499/497/469 512/510/482 491/489/461
f 513/511/483 514/512/484 491/489/461
f 492/490/462 491/489/461 514/512/484
f 515/513/485 516/514/486 502/499/471
f 503/501/473 502/499/471 516/514/486
f 517/515/487 509/507/479 493/491/463
f 494/492/464 493/491/463 509/507/479
f 518/516/488 519/517/489 513/511/483
f 514/512/484 513/511/483 519/517/489
f 520/518/490 521/519/491 515/513/485
f 516/514/486 515/513/485 521/519/491
f 522/520/492 523/521/493 517/515/487
f 509/507/479 517/515/487 523/521/493
f 525/522/494 526/523/495 524/524/496
f 527/525/497 524/524/496 526/523/495
f 529/526/498 530/527/499 528/528/500
f 531/529/501 528/528/500 530/527/499
f 528/528/500 532/530/502 529/526/498
f 533/531/503 529/526/498 532/530/502
f 534/532/504 535/533/505 524/524/496
f 525/522/494 524/524/496 535/533/505
f 536/534/506 523/521/493 522/520/492
f 537/535/507 538/536/508 522/520/492
f 536/534/506 522/520/492 538/536/508
f 540/537/509 541/538/509 539/539/509
f 543/540/510 544/539/510 542/538/510
f 545/541/511 519/517/489 518/516/488
f 546/542/512 547/543/513 545/541/511
f 519/517/489 545/541/511 547/543/513
f 513/511/483 512/510/482 518/516/488
f 548/544/514 518/516/488 512/510/482
f 550/545/515 551/546/516 549/547/504
f 552/548/505 549/547/504 551/546/516
f 553/549/517 554/550/518 538/536/508
f 536/534/506 538/536/508 554/550/518
f 555/551/519 556/552/520 553/549/517
f 554/550/518 553/549/517 556/552/520
f 557/553/521 558/554/522 545/541/511
f 546/542/512 545/541/511 558/554/522
f 559/555/520 560/556/519 557/553/521
f 558/554/522 557/553/521 560/556/519
f 562/557/523 551/546/516 561/558/524
f 550/545/515 561/558/524 551/546/516
f 532/530/502 563/559/525 533/531/503
f 564/560/526 533/531/503 563/559/525
f 563/559/525 565/561/527 564/560/526
f 566/562/528 564/560/526 565/561/527
f 565/561/527 567/563/529 566/562/528
f 568/564/530 566/562/528 567/563/529
f 548/544/514 561/558/524 518/516/488
f 554/550/518 556/552/520 524/524/496
f 534/532/504 524/524/496 556/552/520
f 524/524/496 527/525/497 554/550/518
f 536/534/506 554/550/518 527/525/497
f 567/563/529 569/565/531 568/564/530
f 550/545/515 549/547/504 557/553/521
f 559/555/520 557/553/521 549/547/504
f 561/558/524 550/545/515 545/541/511
f 557/553/521 545/541/511 550/545/515
f 561/558/524 545/541/511 518/516/488
f 527/525/497 570/566/532 536/534/506
f 523/521/493 536/534/506 570/566/532
f 510/508/480 509/507/479 570/566/532
f 523/521/493 570/566/532 509/507/479
f 571/567/533 568/564/530 569/565/531
f 573/568/531 574/569/534 572/570/535
f 575/571/516 572/570/535 574/569/534
f 530/527/499 529/526/498 576/572/536
f 578/573/537 579/574/538 577/575/539
f 580/576/540 577/575/539 579/574/538
f 582/577/541 578/573/537 581/578/542
f 577/575/539 581/578/542 578/573/537
f 581/578/542 583/579/543 582/577/541
f 585/580/544 576/572/536 584/581/545
f 587/582/546 585/580/544 586/583/547
f 584/581/545 586/583/547 585/580/544
f 586/583/547 575/571/516 587/582/546
f 588/584/548 587/582/546 575/571/516
f 574/569/534 588/584/548 575/571/516
f 585/580/544 530/527/499 576/572/536
f 589/585/549 590/586/550 587/582/546
f 585/580/544 587/582/546 590/586/550
f 590/586/550 530/527/499 585/580/544
f 574/569/534 591/587/551 588/584/548
f 593/588/552 594/589/553 592/590/554
f 595/591/555 592/590/554 594/589/553
f 596/592/556 597/593/557 592/590/554
f 593/588/552 592/590/554 597/593/557
f 597/593/557 598/594/558 589/585/549
f 590/586/550 589/585/549 598/594/558
f 587/582/546 588/584/548 589/585/549
f 591/587/551 589/585/549 588/584/548
f 593/588/552 597/593/557 591/587/551
f 589/585/549 591/587/551 597/593/557
f 512/510/482 599/595/528 548/544/514
f 600/596/530 548/544/514 599/595/528
f 602/597/503 510/508/480 601/598/498
f 570/566/532 601/598/498 510/508/480
f 526/523/495 601/598/498 527/525/497
f 570/566/532 527/525/497 601/598/498
f 548/544/514 600/596/530 561/558/524
f 562/557/523 561/558/524 600/596/530
f 603/599/559 599/595/528 511/509/481
f 512/510/482 511/509/481 599/595/528
f 602/597/503 603/599/559 510/508/480
f 511/509/481 510/508/480 603/599/559
f 530/527/499 590/586/550 531/529/501
f 598/594/558 531/529/501 590/586/550
f 605/600/560 606/601/561 604/602/382
f 607/603/562 604/602/382 606/601/561
f 606/601/561 608/604/563 607/603/562
f 609/605/564 607/603/562 608/604/563
f 611/606/565 612/607/566 610/608/567
f 613/609/568 610/608/567 612/607/566
f 615/610/566 616/611/569 614/612/570
f 617/613/571 614/612/570 616/611/569
f 618/614/572 619/615/415 616/611/569
f 617/613/571 616/611/569 619/615/415
f 620/616/573 621/617/574 618/614/572
f 619/615/415 618/614/572 621/617/574
f 623/618/575 624/619/576 622/620/577
f 625/621/578 622/620/577 624/619/576
f 627/622/579 628/623/580 626/624/581
f 629/625/582 630/626/583 623/618/575
f 624/619/576 623/618/575 630/626/583
f 632/627/584 633/628/585 631/629/586
f 634/630/587 631/629/586 633/628/585
f 633/628/585 635/631/588 623/618/575
f 632/627/584 618/614/572 633/628/585
f 616/611/569 633/628/585 618/614/572
f 628/623/580 636/632/589 626/624/581
f 637/633/590 626/624/581 636/632/589
f 638/634/591 620/616/573 632/627/584
f 618/614/572 632/627/584 620/616/573
f 639/635/592 638/634/591 631/629/586
f 632/627/584 631/629/586 638/634/591
f 149/151/144 152/152/145 640/636/593
f 641/637/594 640/636/593 152/152/145
f 642/638/595 643/639/596 641/637/594
f 640/636/593 641/637/594 643/639/596
f 156/156/149 191/191/182 644/640/597
f 645/641/598 644/640/597 191/191/182
f 643/639/596 646/642/599 640/636/593
f 642/638/595 641/637/594 647/643/600
f 193/193/184 153/155/148 648/644/600
f 649/645/601 648/644/600 153/155/148
f 153/155/148 156/156/149 649/645/601
f 644/640/597 649/645/601 156/156/149
f 124/124/117 135/135/128 650/646/602
f 651/647/603 650/646/602 135/135/128
f 132/132/125 134/134/127 652/648/604
f 653/649/605 652/648/604 134/134/127
f 654/650/606 655/651/607 653/649/605
f 652/648/604 653/649/605 655/651/607
f 136/136/129 132/132/125 656/652/608
f 652/648/604 656/652/608 132/132/125
f 655/651/607 657/653/609 652/648/604
f 656/652/608 652/648/604 657/653/609
f 135/135/128 187/187/178 651/647/603
f 658/654/610 651/647/603 187/187/178
f 657/653/609 659/655/611 656/652/608
f 189/189/180 122/123/116 660/656/612
f 661/657/613 660/656/612 122/123/116
f 654/650/606 653/649/605 662/658/614
f 122/123/116 124/124/117 661/657/613
f 650/646/602 661/657/613 124/124/117
f 188/188/179 662/658/614 653/649/605
f 134/134/127 188/188/179 653/649/605
f 186/186/177 656/652/608 659/655/611
f 136/136/129 656/652/608 186/186/177
f 190/190/181 640/636/593 646/642/599
f 149/151/144 640/636/593 190/190/181
f 192/192/183 647/643/600 641/637/594
f 152/152/145 192/192/183 641/637/594
f 113/113/106 115/115/108 663/659/615
f 664/660/616 663/659/615 115/115/108
f 661/657/613 650/646/602 664/660/616
f 663/659/615 664/660/616 650/646/602
f 112/112/105 113/113/106 665/661/617
f 663/659/615 665/661/617 113/113/106
f 650/646/602 651/647/603 663/659/615
f 665/661/617 663/659/615 651/647/603
f 116/118/111 128/128/121 666/662/618
f 667/663/619 666/662/618 128/128/121
f 655/651/607 654/650/606 667/663/619
f 666/662/618 667/663/619 654/650/606
f 128/128/121 121/121/114 667/663/619
f 668/664/620 667/663/619 121/121/114
f 657/653/609 655/651/607 668/664/620
f 667/663/619 668/664/620 655/651/607
f 121/121/114 669/665/621 668/664/620
f 670/666/622 668/664/620 669/665/621
f 659/655/611 657/653/609 670/666/622
f 668/664/620 670/666/622 657/653/609
f 672/667/621 112/112/105 671/668/623
f 665/661/617 671/668/623 112/112/105
f 651/647/603 658/654/610 665/661/617
f 671/668/623 665/661/617 658/654/610
f 176/176/167 116/118/111 673/669/624
f 666/662/618 673/669/624 116/118/111
f 654/650/606 662/658/614 666/662/618
f 673/669/624 666/662/618 662/658/614
f 115/115/108 177/177/168 664/660/616
f 674/670/625 664/660/616 177/177/168
f 660/656/612 661/657/613 674/670/625
f 664/660/616 674/670/625 661/657/613
f 121/121/114 120/120/113 675/671/626
f 676/672/627 675/671/626 120/120/113
f 643/639/596 642/638/595 676/672/627
f 675/671/626 676/672/627 642/638/595
f 109/111/104 112/112/105 677/673/628
f 678/674/629 677/673/628 112/112/105
f 649/645/601 644/640/597 678/674/629
f 677/673/628 678/674/629 644/640/597
f 120/120/113 182/182/173 676/672/627
f 679/675/630 676/672/627 182/182/173
f 646/642/599 643/639/596 679/675/630
f 676/672/627 679/675/630 643/639/596
f 185/185/176 109/111/104 680/676/631
f 677/673/628 680/676/631 109/111/104
f 644/640/597 645/641/598 677/673/628
f 680/676/631 677/673/628 645/641/598
f 669/665/621 121/121/114 681/677/632
f 675/671/626 681/677/632 121/121/114
f 642/638/595 647/643/600 675/671/626
f 681/677/632 675/671/626 647/643/600
f 112/112/105 672/667/621 678/674/629
f 682/678/633 678/674/629 672/667/621
f 648/644/600 649/645/601 682/678/633
f 678/674/629 682/678/633 649/645/601
f 258/256/241 257/254/239 683/679/634
f 684/680/635 683/679/634 257/254/239
f 252/250/235 254/252/237 685/681/636
f 686/682/637 685/681/636 254/252/237
f 264/262/247 250/248/233 687/683/638
f 688/684/639 687/683/638 250/248/233
f 262/260/245 264/262/247 689/685/640
f 687/683/638 689/685/640 264/262/247
f 260/258/243 262/260/245 690/686/641
f 689/685/640 690/686/641 262/260/245
f 250/248/233 249/246/231 688/684/639
f 691/687/642 688/684/639 249/246/231
f 249/246/231 252/250/235 691/687/642
f 685/681/636 691/687/642 252/250/235
f 257/254/239 260/258/243 684/680/635
f 690/686/641 684/680/635 260/258/243
f 684/680/635 690/686/641 30/29/29
f 31/30/30 30/29/29 690/686/641
f 683/679/634 684/680/635 85/85/80
f 30/29/29 85/85/80 684/680/635
f 51/50/49 692/688/643 52/51/50
f 689/685/640 687/683/638 75/75/71
f 76/76/72 75/75/71 687/683/638
f 77/77/73 76/76/72 693/689/644
f 690/686/641 689/685/640 31/30/30
f 75/75/71 31/30/30 689/685/640
f 688/684/639 691/687/642 693/689/644
f 694/690/645 693/689/644 691/687/642
f 68/68/64 77/77/73 694/690/645
f 693/689/644 694/690/645 77/77/73
f 691/687/642 685/681/636 694/690/645
f 692/688/643 694/690/645 685/681/636
f 51/50/49 68/68/64 692/688/643
f 694/690/645 692/688/643 68/68/64
f 686/682/637 52/51/50 692/688/643
f 685/681/636 686/682/637 692/688/643
f 687/683/638 693/689/644 76/76/72
f 688/684/639 693/689/644 687/683/638
f 696/691/646 697/692/647 695/693/648
f 698/694/649 695/693/648 697/692/647
f 700/695/650 701/696/651 699/697/652
f 702/698/653 699/697/652 701/696/651
f 699/697/652 702/698/653 703/699/654
f 704/700/655 703/699/654 702/698/653
f 706/701/656 700/695/650 705/702/657
f 699/697/652 705/702/657 700/695/650
f 704/700/655 708/703/658 707/704/659
f 709/705/660 707/704/659 708/703/658
f 705/702/657 699/697/652 710/706/661
f 703/699/654 710/706/661 699/697/652
f 712/707/662 713/708/663 711/709/664
f 714/710/665 711/709/664 713/708/663
f 716/711/666 717/712/667 715/713/662
f 718/714/663 715/713/662 717/712/667
f 720/715/668 696/691/646 719/716/669
f 695/693/648 719/716/669 696/691/646
f 721/717/670 722/718/671 40/42/41
f 41/40/39 40/42/41 722/718/671
f 724/719/672 725/720/673 723/721/674
f 726/722/675 723/721/674 725/720/673
f 728/723/676 729/724/677 727/725/678
f 730/726/679 727/725/678 729/724/677
f 732/727/680 733/728/681 731/729/682
f 734/730/683 731/729/682 733/728/681
f 736/731/684 723/721/674 735/732/685
f 737/733/686 735/732/685 723/721/674
f 735/732/685 737/733/686 721/717/670
f 722/718/671 721/717/670 737/733/686
f 738/734/687 724/719/672 736/731/684
f 723/721/674 736/731/684 724/719/672
f 740/735/688 734/730/683 739/736/668
f 733/728/681 739/736/668 734/730/683
f 723/721/674 726/722/675 737/733/686
f 741/737/689 737/733/686 726/722/675
f 711/709/664 714/710/665 736/731/684
f 738/734/687 736/731/684 714/710/665
f 742/738/690 743/739/691 706/701/656
f 700/695/650 706/701/656 743/739/691
f 719/716/669 695/693/648 742/738/690
f 743/739/691 742/738/690 695/693/648
f 740/735/688 739/736/668 716/711/666
f 717/712/667 716/711/666 739/736/668
f 727/725/678 730/726/679 697/692/647
f 744/740/692 697/692/647 730/726/679
f 746/741/693 732/727/680 745/742/694
f 731/729/682 745/742/694 732/727/680
f 725/720/673 747/743/695 726/722/675
f 748/744/696 726/722/675 747/743/695
f 703/699/654 704/700/655 707/704/659
f 743/739/691 749/745/697 700/695/650
f 701/696/651 700/695/650 749/745/697
f 695/693/648 698/694/649 743/739/691
f 749/745/697 743/739/691 698/694/649
f 702/698/653 750/746/698 704/700/655
f 708/703/658 704/700/655 750/746/698
f 698/694/649 751/747/699 749/745/697
f 752/748/700 749/745/697 751/747/699
f 697/692/647 744/740/692 698/694/649
f 751/747/699 698/694/649 744/740/692
f 754/749/701 728/723/676 753/750/702
f 727/725/678 753/750/702 728/723/676
f 756/751/703 728/723/676 755/752/704
f 754/749/701 755/752/704 728/723/676
f 758/753/705 707/704/659 757/754/706
f 759/755/707 757/754/706 707/704/659
f 727/725/678 697/692/647 696/691/646
f 749/745/697 752/748/700 701/696/651
f 701/696/651 752/748/700 702/698/653
f 750/746/698 702/698/653 752/748/700
f 756/751/703 729/724/677 728/723/676
f 707/704/659 709/705/660 759/755/707
f 760/756/708 759/755/707 709/705/660
f 748/744/696 761/757/709 726/722/675
f 762/758/710 726/722/675 761/757/709
f 764/759/709 745/742/694 763/760/711
f 731/729/682 763/760/711 745/742/694
f 726/722/675 762/758/710 741/737/689
f 765/761/712 741/737/689 762/758/710
f 762/758/710 766/762/713 765/761/712
f 767/763/714 765/761/712 766/762/713
f 761/757/709 768/764/715 762/758/710
f 766/762/713 762/758/710 768/764/715
f 769/765/716 770/766/717 763/760/711
f 764/759/709 763/760/711 770/766/717
f 772/767/718 773/768/334 771/769/719
f 710/706/661 703/699/654 758/753/705
f 703/699/654 707/704/659 758/753/705
f 753/750/702 696/691/646 720/715/668
f 753/750/702 727/725/678 696/691/646
f 351/351/334 774/770/718 352/349/332
f 775/771/720 352/349/332 774/770/718
f 776/772/721 777/773/722 774/770/718
f 775/771/720 774/770/718 777/773/722
f 779/771/720 780/773/722 778/349/723
f 781/774/724 778/349/723 780/773/722
f 363/361/344 353/350/333 782/774/725
f 352/349/332 782/774/725 353/350/333
f 784/775/726 785/776/727 783/777/728
f 786/778/729 783/777/728 785/776/727
f 370/368/351 369/367/350 784/775/726
f 785/776/727 784/775/726 369/367/350
f 783/777/728 786/778/729 787/779/730
f 788/780/731 787/779/730 786/778/729
f 772/767/718 771/769/719 789/781/732
f 767/763/714 789/781/732 771/769/719
f 791/782/718 792/783/732 790/784/733
f 793/785/734 790/784/733 792/783/732
f 768/764/715 794/786/735 766/762/713
f 795/787/736 766/762/713 794/786/735
f 770/766/717 769/765/716 796/788/737
f 798/789/738 389/386/365 797/790/739
f 388/385/364 797/790/739 389/386/365
f 799/791/726 797/790/739 391/389/368
f 388/385/364 391/389/368 797/790/739
f 767/763/714 766/762/713 789/781/732
f 795/787/736 789/781/732 766/762/713
f 789/781/732 795/787/736 800/792/740
f 797/790/739 799/791/726 801/793/741
f 802/794/728 801/793/741 799/791/726
f 797/790/739 801/793/741 798/789/738
f 769/765/716 798/789/738 801/793/741
f 795/787/736 794/786/735 803/795/742
f 803/795/742 804/796/730 795/787/736
f 800/792/740 795/787/736 804/796/730
f 801/793/741 802/794/728 805/797/743
f 806/798/730 805/797/743 802/794/728
f 801/793/741 805/797/743 769/765/716
f 796/788/737 769/765/716 805/797/743
f 792/783/732 807/799/744 793/785/734
f 808/800/745 793/785/734 807/799/744
f 810/801/746 811/802/747 809/803/748
f 812/804/749 809/803/748 811/802/747
f 814/805/750 815/806/751 813/807/752
f 816/808/753 813/807/752 815/806/751
f 818/809/754 819/810/755 817/811/756
f 820/812/757 817/811/756 819/810/755
f 818/809/754 817/811/756 821/813/758
f 822/814/759 821/813/758 817/811/756
f 822/814/759 823/815/760 821/813/758
f 824/816/761 821/813/758 823/815/760
f 825/817/762 826/818/763 819/810/755
f 820/812/757 819/810/755 826/818/763
f 815/806/751 826/818/763 816/808/753
f 825/817/762 816/808/753 826/818/763
f 823/815/760 812/804/749 824/816/761
f 811/802/747 824/816/761 812/804/749
f 708/703/658 824/816/761 709/705/660
f 811/802/747 709/705/660 824/816/761
f 709/705/660 811/802/747 760/756/708
f 810/801/746 760/756/708 811/802/747
f 827/819/764 730/726/679 729/724/677
f 752/748/700 818/809/754 750/746/698
f 821/813/758 750/746/698 818/809/754
f 752/748/700 751/747/699 828/820/765
f 750/746/698 821/813/758 708/703/658
f 824/816/761 708/703/658 821/813/758
f 829/821/766 825/817/762 828/820/765
f 819/810/755 828/820/765 825/817/762
f 828/820/765 751/747/699 829/821/766
f 744/740/692 829/821/766 751/747/699
f 827/819/764 816/808/753 829/821/766
f 825/817/762 829/821/766 816/808/753
f 829/821/766 744/740/692 827/819/764
f 730/726/679 827/819/764 744/740/692
f 729/724/677 813/807/752 827/819/764
f 813/807/752 816/808/753 827/819/764
f 828/820/765 818/809/754 752/748/700
f 828/820/765 819/810/755 818/809/754
f 782/774/725 830/822/767 363/361/344
f 364/362/345 363/361/344 830/822/767
f 830/822/767 782/774/725 776/772/721
f 777/773/722 776/772/721 782/774/725
f 605/600/560 604/602/382 831/823/768
f 832/824/769 831/823/768 604/602/382
f 833/825/770 605/600/560 831/823/768
f 834/826/771 835/827/350 620/616/573
f 621/617/574 620/616/573 835/827/350
f 638/634/591 834/826/771 620/616/573
f 639/635/592 837/828/772 836/829/729
f 638/634/591 836/829/729 834/826/771
f 639/635/592 836/829/729 638/634/591
f 839/830/773 808/800/745 838/831/730
f 807/799/744 838/831/730 808/800/745
f 841/832/774 842/833/775 840/834/734
f 843/835/776 840/834/734 842/833/775
f 840/834/734 844/836/777 841/832/774
f 844/836/777 845/837/772 841/832/774
f 608/604/563 606/601/561 846/838/778
f 847/839/779 846/838/778 606/601/561
f 847/839/779 848/840/780 846/838/778
f 849/841/781 846/838/778 848/840/780
f 850/842/782 851/843/783 848/840/780
f 849/841/781 848/840/780 851/843/783
f 848/840/780 842/833/775 850/842/782
f 852/844/784 850/842/782 842/833/775
f 843/835/776 842/833/775 847/839/779
f 848/840/780 847/839/779 842/833/775
f 842/833/775 841/832/774 852/844/784
f 845/837/772 852/844/784 841/832/774
f 606/601/561 605/600/560 847/839/779
f 843/835/776 847/839/779 605/600/560
f 605/600/560 833/825/770 843/835/776
f 840/834/734 843/835/776 833/825/770
f 270/267/252 854/845/785 853/846/786
f 325/322/306 305/303/288 299/296/281
f 299/296/281 305/303/288 855/847/787
f 305/303/288 271/269/254 855/847/787
f 305/303/288 325/322/306 289/286/271
f 290/287/272 289/286/271 325/322/306
f 853/846/786 855/847/787 270/267/252
f 271/269/254 270/267/252 855/847/787
f 297/297/282 299/296/281 853/846/786
f 855/847/787 853/846/786 299/296/281
f 856/848/788 854/845/785 343/341/325
f 854/845/785 270/267/252 343/341/325
f 854/845/785 856/848/788 857/849/789
f 859/850/790 860/851/791 858/852/792
f 860/851/791 636/632/589 858/852/792
f 862/853/793 863/854/794 861/855/795
f 864/856/796 861/855/795 863/854/794
f 864/856/796 865/857/797 861/855/795
f 866/858/798 861/855/795 865/857/797
f 868/859/799 629/625/582 867/860/800
f 869/861/801 867/860/800 629/625/582
f 871/862/802 872/863/803 870/864/804
f 873/865/805 870/864/804 872/863/803
f 874/866/806 875/867/807 870/864/804
f 875/867/807 871/862/802 870/864/804
f 875/867/807 874/866/806 876/868/808
f 877/869/809 876/868/808 874/866/806
f 879/870/810 866/858/798 878/871/811
f 880/872/812 878/871/811 866/858/798
f 882/873/813 883/874/814 881/875/815
f 884/876/816 881/875/815 883/874/814
f 883/874/814 885/877/817 884/876/816
f 886/878/818 884/876/816 885/877/817
f 888/879/819 886/878/818 887/880/820
f 885/877/817 887/880/820 886/878/818
f 887/880/820 890/881/821 889/882/822
f 891/883/823 889/882/822 890/881/821
f 883/874/814 872/863/803 890/881/821
f 891/883/823 890/881/821 872/863/803
f 891/883/823 892/884/824 889/882/822
f 893/885/825 889/882/822 892/884/824
f 872/863/803 871/862/802 891/883/823
f 892/884/824 891/883/823 871/862/802
f 875/867/807 894/886/826 871/862/802
f 892/884/824 871/862/802 894/886/826
f 890/881/821 887/880/820 885/877/817
f 883/874/814 890/881/821 885/877/817
f 879/870/810 896/887/827 895/888/828
f 898/889/829 899/890/830 897/891/831
f 900/892/832 897/891/831 899/890/830
f 897/891/831 900/892/832 858/852/792
f 859/850/790 858/852/792 900/892/832
f 878/871/811 896/887/827 879/870/810
f 902/893/833 903/894/834 901/895/835
f 904/896/836 901/895/835 903/894/834
f 906/897/837 889/882/822 905/898/838
f 893/885/825 905/898/838 889/882/822
f 867/860/800 906/897/837 868/859/799
f 905/898/838 868/859/799 906/897/837
f 906/897/837 907/899/839 889/882/822
f 887/880/820 889/882/822 907/899/839
f 867/860/800 908/900/840 906/897/837
f 907/899/839 906/897/837 908/900/840
f 887/880/820 907/899/839 888/879/819
f 909/901/841 888/879/819 907/899/839
f 901/895/835 904/896/836 905/898/838
f 868/859/799 905/898/838 904/896/836
f 901/895/835 905/898/838 910/902/842
f 893/885/825 910/902/842 905/898/838
f 911/903/843 895/888/828 896/887/827
f 913/904/844 914/905/845 912/906/846
f 911/903/843 912/906/846 914/905/845
f 911/903/843 896/887/827 912/906/846
f 858/852/792 636/632/589 915/907/847
f 863/854/794 862/853/793 916/908/848
f 917/909/849 916/908/848 862/853/793
f 918/910/850 919/911/851 915/907/847
f 920/912/852 915/907/847 919/911/851
f 897/891/831 858/852/792 920/912/852
f 915/907/847 920/912/852 858/852/792
f 899/890/830 898/889/829 921/913/853
f 922/914/854 921/913/853 898/889/829
f 866/858/798 879/870/810 861/855/795
f 910/902/842 894/886/826 923/915/855
f 924/916/856 923/915/855 894/886/826
f 894/886/826 875/867/807 924/916/856
f 876/868/808 924/916/856 875/867/807
f 892/884/824 894/886/826 893/885/825
f 910/902/842 893/885/825 894/886/826
f 925/917/857 917/909/849 922/914/854
f 862/853/793 922/914/854 917/909/849
f 927/918/858 928/919/859 926/920/860
f 930/921/861 903/894/834 929/922/862
f 876/868/808 932/923/863 931/924/860
f 927/918/858 933/925/864 928/919/859
f 877/869/809 932/923/863 876/868/808
f 630/626/583 904/896/836 930/921/861
f 903/894/834 930/921/861 904/896/836
f 934/926/865 935/927/866 923/915/855
f 902/893/833 923/915/855 935/927/866
f 937/928/867 919/911/851 936/929/868
f 938/930/866 936/929/868 919/911/851
f 938/930/866 919/911/851 939/931/862
f 918/910/850 939/931/862 919/911/851
f 902/893/833 935/927/866 903/894/834
f 929/922/862 903/894/834 935/927/866
f 924/916/856 876/868/808 940/932/869
f 931/924/860 940/932/869 876/868/808
f 936/929/868 941/933/869 937/928/867
f 942/934/870 937/928/867 941/933/869
f 923/915/855 924/916/856 934/926/865
f 940/932/869 934/926/865 924/916/856
f 939/931/862 918/910/850 628/623/580
f 943/935/871 939/931/862 628/623/580
f 628/623/580 915/907/847 636/632/589
f 918/910/850 915/907/847 628/623/580
f 933/925/864 916/908/848 928/919/859
f 917/909/849 928/919/859 916/908/848
f 944/936/872 898/889/829 920/912/852
f 897/891/831 920/912/852 898/889/829
f 945/937/873 946/938/874 928/919/859
f 942/934/870 928/919/859 946/938/874
f 898/889/829 945/937/873 922/914/854
f 925/917/857 922/914/854 945/937/873
f 941/933/869 926/920/860 942/934/870
f 928/919/859 942/934/870 926/920/860
f 944/936/872 946/938/874 898/889/829
f 945/937/873 898/889/829 946/938/874
f 919/911/851 937/928/867 920/912/852
f 944/936/872 920/912/852 937/928/867
f 899/890/830 895/888/828 900/892/832
f 911/903/843 900/892/832 895/888/828
f 921/913/853 922/914/854 861/855/795
f 862/853/793 861/855/795 922/914/854
f 921/913/853 861/855/795 879/870/810
f 895/888/828 921/913/853 879/870/810
f 895/888/828 899/890/830 921/913/853
f 611/606/565 947/939/875 612/607/566
f 948/940/876 612/607/566 947/939/875
f 908/900/840 867/860/800 949/941/877
f 869/861/801 949/941/877 867/860/800
f 630/626/583 629/625/582 904/896/836
f 868/859/799 904/896/836 629/625/582
f 635/631/588 950/942/878 623/618/575
f 930/921/861 625/621/578 630/626/583
f 624/619/576 630/626/583 625/621/578
f 902/893/833 901/895/835 910/902/842
f 923/915/855 902/893/833 910/902/842
f 946/938/874 944/936/872 937/928/867
f 942/934/870 946/938/874 937/928/867
f 637/633/590 636/632/589 951/943/879
f 860/851/791 951/943/879 636/632/589
f 951/943/879 860/851/791 947/939/875
f 952/944/880 947/939/875 860/851/791
f 635/631/588 616/611/569 953/945/881
f 615/610/566 953/945/881 616/611/569
f 947/939/875 952/944/880 948/940/876
f 954/946/882 948/940/876 952/944/880
f 950/942/878 869/861/801 623/618/575
f 629/625/582 623/618/575 869/861/801
f 628/623/580 627/622/579 943/935/871
f 955/947/883 943/935/871 627/622/579
f 849/841/781 626/624/581 846/838/778
f 637/633/590 846/838/778 626/624/581
f 956/948/884 949/941/877 953/945/881
f 635/631/588 953/945/881 949/941/877
f 949/941/877 869/861/801 635/631/588
f 950/942/878 635/631/588 869/861/801
f 633/628/585 616/611/569 635/631/588
f 851/843/783 957/949/885 849/841/781
f 626/624/581 849/841/781 957/949/885
f 633/628/585 623/618/575 634/630/587
f 622/620/577 634/630/587 623/618/575
f 957/949/885 955/947/883 626/624/581
f 627/622/579 626/624/581 955/947/883
f 947/939/875 611/606/565 951/943/879
f 608/604/563 951/943/879 611/606/565
f 637/633/590 951/943/879 846/838/778
f 608/604/563 846/838/778 951/943/879
f 859/850/790 914/905/845 958/950/886
f 958/950/886 914/905/845 959/951/887
f 913/904/844 959/951/887 914/905/845
f 958/950/886 959/951/887 952/944/880
f 954/946/882 952/944/880 959/951/887
f 961/952/888 908/900/840 960/953/889
f 900/892/832 911/903/843 859/850/790
f 914/905/845 859/850/790 911/903/843
f 908/900/840 961/952/888 907/899/839
f 909/901/841 907/899/839 961/952/888
f 949/941/877 960/953/889 908/900/840
f 956/948/884 960/953/889 949/941/877
f 958/950/886 860/851/791 859/850/790
f 952/944/880 860/851/791 958/950/886
f 925/917/857 945/937/873 928/919/859
f 917/909/849 925/917/857 928/919/859
f 963/954/890 964/955/891 962/956/209
f 965/957/210 962/956/209 964/955/891
f 964/955/891 966/958/892 965/957/210
f 967/959/893 965/957/210 966/958/892
f 966/958/892 968/960/894 967/959/893
f 969/961/203 967/959/893 968/960/894
f 968/960/894 970/962/895 969/961/203
f 971/963/896 969/961/203 970/962/895
f 973/964/895 974/965/897 972/966/896
f 975/967/898 972/966/896 974/965/897
f 974/965/897 976/968/899 975/967/898
f 977/969/206 975/967/898 976/968/899
f 976/968/899 979/970/900 978/971/207
f 979/970/900 963/954/890 978/971/207
f 962/956/209 978/971/207 963/954/890
f 981/972/901 982/973/902 980/974/427
f 981/972/901 983/975/436 982/973/902
f 981/972/901 985/976/432 984/977/903
f 981/972/901 986/978/430 985/976/432
f 981/972/901 980/974/427 986/978/430
f 988/979/904 592/590/554 987/980/905
f 989/981/906 987/980/905 592/590/554
f 596/592/556 592/590/554 988/979/904
f 987/980/905 990/982/907 988/979/904
f 991/983/908 988/979/904 990/982/907
f 990/982/907 992/984/909 991/983/908
f 993/985/910 991/983/908 992/984/909
f 992/984/909 994/986/911 993/985/910
f 995/987/912 993/985/910 994/986/911
f 994/986/911 996/988/913 995/987/912
f 997/989/914 995/987/912 996/988/913
f 999/990/915 1000/991/916 998/992/917
f 1001/993/918 998/992/917 1000/991/916
f 1002/994/919 998/992/917 1001/993/918
f 1004/995/920 1005/996/921 1003/997/922
f 1006/998/923 1003/997/922 1005/996/921
f 997/989/914 1007/999/924 995/987/912
f 1008/1000/925 995/987/912 1007/999/924
f 1010/1001/926 1011/1002/927 1009/1003/928
f 1012/1004/929 1009/1003/928 1011/1002/927
f 1004/995/920 1003/997/922 1002/994/919
f 1013/1005/930 1002/994/919 1003/997/922
f 998/992/917 997/989/914 999/990/915
f 996/988/913 999/990/915 997/989/914
f 1010/1001/926 1014/1006/931 1011/1002/927
f 1015/1007/932 1011/1002/927 1014/1006/931
f 998/992/917 1016/1008/933 997/989/914
f 1007/999/924 997/989/914 1016/1008/933
f 1002/994/919 1013/1005/930 998/992/917
f 1016/1008/933 998/992/917 1013/1005/930
f 1018/1009/934 1019/1010/935 1017/1011/936
f 1020/1012/937 1017/1011/936 1019/1010/935
f 1022/1013/938 1015/1007/932 1021/1014/939
f 1014/1006/931 1021/1014/939 1015/1007/932
f 988/979/904 991/983/908 1023/1015/940
f 1024/1016/941 1023/1015/940 993/985/910
f 991/983/908 993/985/910 1023/1015/940
f 1023/1015/940 1017/1011/936 988/979/904
f 596/592/556 988/979/904 1017/1011/936
f 1020/1012/937 596/592/556 1017/1011/936
f 1014/1006/931 1010/1001/926 1025/1017/942
f 1026/1018/943 1025/1017/942 1010/1001/926
f 1028/1019/944 1029/1020/945 1027/1021/946
f 1030/1022/947 1027/1021/946 1029/1020/945
f 1028/1019/944 1027/1021/946 1015/1007/932
f 1011/1002/927 1015/1007/932 1027/1021/946
f 1032/1023/948 1009/1003/928 1031/1024/949
f 1012/1004/929 1031/1024/949 1009/1003/928
f 1034/1025/950 1010/1001/926 1033/1026/951
f 1009/1003/928 1033/1026/951 1010/1001/926
f 1035/1027/952 1026/1018/943 1034/1025/950
f 1010/1001/926 1034/1025/950 1026/1018/943
f 1037/1028/953 1014/1006/931 1036/1029/954
f 1025/1017/942 1036/1029/954 1014/1006/931
f 1038/1030/955 1021/1014/939 1037/1028/953
f 1014/1006/931 1037/1028/953 1021/1014/939
f 1040/1031/956 1022/1013/938 1039/1032/957
f 1021/1014/939 1039/1032/957 1022/1013/938
f 1042/1033/958 1015/1007/932 1041/1034/959
f 1022/1013/938 1041/1034/959 1015/1007/932
f 1043/1035/960 1028/1019/944 1042/1033/958
f 1015/1007/932 1042/1033/958 1028/1019/944
f 1044/1036/961 1029/1020/945 1043/1035/960
f 1028/1019/944 1043/1035/960 1029/1020/945
f 1046/1037/962 1030/1022/947 1045/1038/961
f 1029/1020/945 1045/1038/961 1030/1022/947
f 1048/1039/963 1027/1021/946 1047/1040/964
f 1030/1022/947 1047/1040/964 1027/1021/946
f 1049/1041/965 1011/1002/927 1048/1039/963
f 1027/1021/946 1048/1039/963 1011/1002/927
f 1050/1042/966 1012/1004/929 1049/1041/965
f 1011/1002/927 1049/1041/965 1012/1004/929
f 1035/1027/952 1051/1043/967 1026/1018/943
f 1026/1018/943 1051/1043/967 1025/1017/942
f 1052/1044/968 1025/1017/942 1051/1043/967
f 1025/1017/942 1052/1044/968 1036/1029/954
f 1054/1045/969 1055/1046/970 1053/1047/970
f 1056/1048/971 1053/1047/970 1055/1046/970
f 565/561/527 563/559/525 1001/993/918
f 1002/994/919 1001/993/918 563/559/525
f 563/559/525 532/530/502 1002/994/919
f 1004/995/920 1002/994/919 532/530/502
f 1004/995/920 532/530/502 1005/996/921
f 528/528/500 1005/996/921 532/530/502
f 1005/996/921 528/528/500 1019/1010/935
f 531/529/501 1019/1010/935 528/528/500
f 531/529/501 598/594/558 1019/1010/935
f 1020/1012/937 1019/1010/935 598/594/558
f 1020/1012/937 598/594/558 596/592/556
f 597/593/557 596/592/556 598/594/558
f 593/588/552 591/587/551 574/569/534
f 594/589/553 593/588/552 573/568/531
f 574/569/534 573/568/531 593/588/552
f 1057/1049/972 567/563/529 1001/993/918
f 565/561/527 1001/993/918 567/563/529
f 1058/1050/973 880/872/812 865/857/797
f 866/858/798 865/857/797 880/872/812
f 883/874/814 882/873/813 872/863/803
f 873/865/805 872/863/803 882/873/813
f 882/873/813 881/875/815 873/865/805
f 1060/1051/974 1061/1052/974 1059/1053/974
f 1063/1054/974 1060/1051/974 1062/1055/974
f 1059/1053/974 1062/1055/974 1060/1051/974
f 1065/1056/975 1066/1057/976 1064/1058/977
f 1067/1059/978 1064/1058/977 1066/1057/976
f 1067/1059/978 1068/1060/979 1064/1058/977
f 1069/1061/980 1064/1058/977 1068/1060/979
f 1071/1062/981 1072/1063/982 1070/1064/983
f 1074/1065/984 1075/1066/985 1073/1067/986
f 1076/1068/987 1073/1067/986 1075/1066/985
f 1078/1069/988 1079/1070/989 1077/1071/990
f 1080/1072/991 1077/1071/990 1079/1070/989
f 1071/1062/981 1070/1064/983 1081/1073/992
f 1073/1067/986 1081/1073/992 1070/1064/983
f 1077/1071/990 1080/1072/991 1082/1074/993
f 1083/1075/994 1082/1074/993 1080/1072/991
f 1084/1076/995 1085/1077/996 1065/1056/975
f 1066/1057/976 1065/1056/975 1085/1077/996
f 1087/1078/997 1088/1079/997 1086/1080/998
f 1089/1081/998 1086/1080/998 1088/1079/997
f 1091/1082/995 1092/1083/975 1090/1084/999
f 1093/1085/1000 1090/1084/999 1092/1083/975
f 1095/1086/1001 1090/1084/999 1094/1087/992
f 1093/1085/1000 1094/1087/992 1090/1084/999
f 1097/1088/1002 1098/1089/1003 1096/1090/1002
f 1099/1091/1003 1096/1090/1002 1098/1089/1003
f 1093/1085/1000 1077/1071/990 1094/1087/992
f 1082/1074/993 1094/1087/992 1077/1071/990
f 1092/1083/975 1078/1069/988 1093/1085/1000
f 1077/1071/990 1093/1085/1000 1078/1069/988
f 1101/1092/1004 1102/1093/1004 1100/1094/1005
f 1103/1095/1005 1100/1094/1005 1102/1093/1004
f 1105/1096/1006 1106/1097/1006 1104/1098/1007
f 1107/1099/1008 1104/1098/1007 1106/1097/1006
f 1108/1100/1009 1109/1101/1009 1105/1096/1006
f 1106/1097/1006 1105/1096/1006 1109/1101/1009
f 1066/1057/976 1085/1077/996 1067/1059/978
f 1068/1060/979 1067/1059/978 1085/1077/996
f 1110/1102/1010 1111/1103/1010 1108/1100/1009
f 1109/1101/1009 1108/1100/1009 1111/1103/1010
f 1089/1081/998 1111/1103/1010 1086/1080/998
f 1110/1102/1010 1086/1080/998 1111/1103/1010
f 1100/1094/1005 1103/1095/1005 1087/1078/997
f 1088/1079/997 1087/1078/997 1103/1095/1005
f 1113/1104/1011 1114/1105/1012 1112/1106/1013
f 1115/1107/1012 1112/1106/1013 1114/1105/1012
f 1117/1108/1008 1118/1109/1014 1116/1110/1015
f 1119/1111/1014 1116/1110/1015 1118/1109/1014
f 1074/1065/984 1073/1067/986 1070/1064/983
f 1062/1055/974 1059/1053/974 1075/1066/985
f 1076/1068/987 1075/1066/985 1059/1053/974
f 1118/1109/1014 1113/1104/1011 1119/1111/1014
f 1112/1106/1013 1119/1111/1014 1113/1104/1011
f 1115/1107/1012 1114/1105/1012 1096/1090/1002
f 1097/1088/1002 1096/1090/1002 1114/1105/1012
f 1121/1112/1016 1122/1113/1016 1120/1114/1016
f 1123/1115/1016 1120/1114/1016 1122/1113/1016
f 1125/1116/1017 1126/1117/1017 1124/1118/1017
f 1128/1119/1018 1129/1120/1015 1127/1121/1019
f 1130/1122/1015 1127/1121/1019 1129/1120/1015
f 1132/1123/1020 1133/1124/1021 1131/1125/1022
f 1134/1126/1023 1131/1125/1022 1133/1124/1021
f 1136/1127/1024 1137/1128/1025 1135/1129/1026
f 1139/1130/1027 1140/1131/1028 1138/1132/1029
f 1141/1133/1030 1138/1132/1029 1140/1131/1028
f 1143/1134/1031 1144/1135/1032 1142/1136/1033
f 1146/1137/1034 1136/1127/1024 1145/1138/1029
f 1148/1139/1035 1149/1140/1036 1147/1141/1037
f 1150/1142/1038 1147/1141/1037 1149/1140/1036
f 1152/1143/1039 1153/1144/1040 1151/1145/1041
f 1154/1146/1042 1151/1145/1041 1153/1144/1040
f 1156/1147/1043 1143/1134/1031 1155/1148/1044
f 1158/1149/1045 1159/1150/1046 1157/1151/1047
f 1160/1152/1048 1157/1151/1047 1159/1150/1046
f 1161/1153/1049 1162/1154/1050 1148/1139/1035
f 1149/1140/1036 1148/1139/1035 1162/1154/1050
f 1164/1155/1051 1165/1156/1051 1163/1157/1052
f 1166/1158/1052 1163/1157/1052 1165/1156/1051
f 1168/1159/1053 1169/1160/1054 1167/1161/1055
f 1170/1162/1054 1167/1161/1055 1169/1160/1054
f 1172/1163/1056 1173/1164/1057 1171/1165/1058
f 1175/1166/1059 1176/1167/1060 1174/1168/1061
f 1177/1169/1060 1174/1168/1061 1176/1167/1060
f 1177/1169/1060 1176/1167/1060 1178/1170/1062
f 1179/1171/1063 1178/1170/1062 1176/1167/1060
f 1181/1172/1064 1182/1173/1065 1180/1174/1066
f 1183/1175/1067 1180/1174/1066 1182/1173/1065
f 1185/1165/1068 1186/1176/1069 1184/1177/1070
f 1187/1178/1070 1184/1177/1070 1186/1176/1069
f 1184/1177/1070 1187/1178/1070 1180/1174/1066
f 1181/1172/1064 1180/1174/1066 1187/1178/1070
f 1189/1179/1071 1190/1180/1072 1188/1181/1073
f 1192/1182/1016 1193/1183/1016 1191/1184/1016
f 1195/1185/1074 1196/1186/1075 1194/1164/1076
f 1197/1187/1077 1194/1164/1076 1196/1186/1075
f 1178/1170/1062 1179/1171/1063 1198/1188/1078
f 1199/1189/1079 1198/1188/1078 1179/1171/1063
f 1201/1190/1080 1202/1191/1081 1200/1192/1082
f 1203/1193/1083 1200/1192/1082 1202/1191/1081
f 1199/1189/1079 1204/1194/1084 1198/1188/1078
f 1205/1195/1085 1198/1188/1078 1204/1194/1084
f 1207/1196/1086 1208/1197/1087 1206/1198/1088
f 1209/1199/1089 1206/1198/1088 1208/1197/1087
f 1211/1200/1090 1212/1201/1091 1210/1202/1092
f 1213/1203/1093 1210/1202/1092 1212/1201/1091
f 1215/1204/1094 1216/1205/1095 1214/1206/1094
f 1217/1207/1096 1214/1206/1094 1216/1205/1095
f 1169/1160/1054 1212/1201/1091 1170/1162/1054
f 1211/1200/1090 1170/1162/1054 1212/1201/1091
f 1219/1208/1097 1220/1209/1098 1218/1210/1099
f 1221/1211/1100 1218/1210/1099 1220/1209/1098
f 1223/1212/1101 1224/1213/1102 1222/1214/1103
f 1225/1215/1104 1222/1214/1103 1224/1213/1102
f 1227/1216/1105 1228/1217/1106 1226/1211/1103
f 1229/1210/1107 1226/1211/1103 1228/1217/1106
f 1231/1218/1108 1215/1204/1094 1230/1219/1108
f 1214/1206/1094 1230/1219/1108 1215/1204/1094
f 1213/1203/1093 1232/1220/1109 1210/1202/1092
f 1233/1221/1110 1210/1202/1092 1232/1220/1109
f 1235/1212/1111 1236/1222/1071 1234/1223/1112
f 1237/1224/1113 1234/1223/1112 1236/1222/1071
f 1238/1223/1114 1239/1225/1115 1223/1212/1101
f 1224/1213/1102 1223/1212/1101 1239/1225/1115
f 1240/1226/1116 1202/1191/1081 1201/1190/1080
f 1241/1227/1117 1242/1228/1118 1201/1190/1080
f 1240/1226/1116 1201/1190/1080 1242/1228/1118
f 1188/1181/1073 1190/1180/1072 1243/1229/1119
f 1244/1230/1120 1243/1229/1119 1190/1180/1072
f 1245/1231/1121 1242/1228/1118 1241/1227/1117
f 1229/1210/1107 1228/1217/1106 1167/1161/1055
f 1168/1159/1053 1167/1161/1055 1228/1217/1106
f 1200/1192/1082 1188/1181/1073 1246/1232/1122
f 1248/1233/1123 1249/1234/1124 1247/1200/1125
f 1250/1162/1126 1247/1200/1125 1249/1234/1124
f 1241/1227/1117 1201/1190/1080 1246/1232/1122
f 1201/1190/1080 1200/1192/1082 1246/1232/1122
f 1252/1235/1127 1239/1225/1115 1251/1236/1127
f 1238/1223/1114 1251/1236/1127 1239/1225/1115
f 1216/1205/1095 1252/1235/1127 1217/1207/1096
f 1251/1236/1127 1217/1207/1096 1252/1235/1127
f 1254/1236/1128 1255/1237/1083 1253/1207/1129
f 1256/1238/1130 1253/1207/1129 1255/1237/1083
f 1256/1238/1130 1257/1239/1131 1253/1207/1129
f 1258/1206/1132 1253/1207/1129 1257/1239/1131
f 1249/1234/1124 1259/1240/1133 1250/1162/1126
f 1260/1161/1134 1250/1162/1126 1259/1240/1133
f 1257/1239/1131 1261/1241/1135 1258/1206/1132
f 1262/1219/1136 1258/1206/1132 1261/1241/1135
f 1188/1181/1073 1243/1229/1119 1246/1232/1122
f 1237/1224/1113 1255/1237/1083 1234/1223/1112
f 1254/1236/1128 1234/1223/1112 1255/1237/1083
f 1263/1242/1137 1241/1227/1117 1246/1232/1122
f 1260/1161/1134 1259/1240/1133 1218/1210/1099
f 1219/1208/1097 1218/1210/1099 1259/1240/1133
f 1265/1221/1138 1266/1243/1139 1264/1202/1140
f 1267/1244/1121 1264/1202/1140 1266/1243/1139
f 1269/1245/1141 1236/1222/1071 1268/1214/1100
f 1235/1212/1111 1268/1214/1100 1236/1222/1071
f 1263/1242/1137 1270/1246/1142 1241/1227/1117
f 1245/1231/1121 1241/1227/1117 1270/1246/1142
f 1271/1247/1143 1270/1246/1142 1263/1242/1137
f 1203/1193/1083 1272/1248/1113 1200/1192/1082
f 1244/1230/1120 1273/1249/1144 1243/1229/1119
f 1243/1229/1119 1273/1249/1144 1263/1242/1137
f 1271/1247/1143 1263/1242/1137 1273/1249/1144
f 1200/1192/1082 1272/1248/1113 1188/1181/1073
f 1189/1179/1071 1188/1181/1073 1272/1248/1113
f 1243/1229/1119 1263/1242/1137 1246/1232/1122
f 1209/1199/1089 1175/1166/1059 1206/1198/1088
f 1174/1168/1061 1206/1198/1088 1175/1166/1059
f 1182/1173/1065 1274/1250/1087 1183/1175/1067
f 1275/1251/1086 1183/1175/1067 1274/1250/1087
f 1197/1187/1077 1186/1176/1069 1194/1164/1076
f 1185/1165/1068 1194/1164/1076 1186/1176/1069
f 1192/1182/1016 1191/1184/1016 1276/1252/1016
f 1192/1182/1016 1276/1252/1016 1277/1253/1016
f 1192/1182/1016 1277/1253/1016 1278/1254/1016
f 1192/1182/1016 1278/1254/1016 1279/1255/1016
f 1281/1175/1145 1282/1256/1146 1280/1174/1147
f 1283/1257/1148 1280/1174/1147 1282/1256/1146
f 1283/1257/1148 1284/1177/1149 1280/1174/1147
f 1286/1198/1150 1287/1258/1151 1285/1196/1152
f 1288/1259/1153 1285/1196/1152 1287/1258/1151
f 1290/1195/1154 1291/1260/1155 1289/1188/1156
f 1172/1163/1056 1292/1261/1157 1173/1164/1057
f 1293/1185/1158 1173/1164/1057 1292/1261/1157
f 1284/1177/1149 1283/1257/1148 1171/1165/1058
f 1172/1163/1056 1171/1165/1058 1283/1257/1148
f 1295/1169/1159 1296/1262/1160 1294/1168/1161
f 1287/1258/1151 1294/1168/1161 1296/1262/1160
f 1282/1256/1146 1281/1175/1145 1297/1251/1162
f 1298/1170/1163 1296/1262/1160 1295/1169/1159
f 1192/1182/1016 1279/1255/1016 1193/1183/1016
f 1287/1258/1151 1286/1198/1150 1294/1168/1161
f 1299/1263/1164 1153/1144/1040 1152/1143/1039
f 1300/1264/1165 1149/1140/1036 1162/1154/1050
f 1302/1265/1166 1303/1266/1167 1301/1267/1168
f 1304/1268/1169 1301/1267/1168 1303/1266/1167
f 1306/1269/1170 1307/1270/1171 1305/1271/1172
f 1308/1272/1173 1305/1271/1172 1307/1270/1171
f 1310/1273/1174 1311/1274/1175 1309/1275/1176
f 1312/1276/1177 1309/1275/1176 1311/1274/1175
f 1309/1275/1176 1313/1277/1178 1310/1273/1174
f 1314/1278/1179 1310/1273/1174 1313/1277/1178
f 1303/1266/1167 1315/1279/1180 1304/1268/1169
f 1316/1280/1181 1304/1268/1169 1315/1279/1180
f 1153/1144/1040 1317/1281/1182 1154/1146/1042
f 1318/1282/1183 1154/1146/1042 1317/1281/1182
f 1155/1148/1044 1143/1134/1031 1319/1283/1184
f 1320/1284/1185 1319/1283/1184 1143/1134/1031
f 1321/1285/1186 1322/1286/1187 1157/1151/1047
f 1158/1149/1045 1157/1151/1047 1322/1286/1187
f 1324/1287/1188 1131/1125/1022 1323/1288/1189
f 1134/1126/1023 1323/1288/1189 1131/1125/1022
f 1306/1269/1170 1325/1289/1190 1307/1270/1171
f 1326/1290/1191 1307/1270/1171 1325/1289/1190
f 1328/1291/1192 1136/1127/1024 1327/1292/1193
f 1135/1129/1026 1327/1292/1193 1136/1127/1024
f 1320/1284/1185 1143/1134/1031 1329/1293/1194
f 1142/1136/1033 1329/1293/1194 1143/1134/1031
f 1331/1294/1195 1139/1130/1027 1330/1295/1196
f 1138/1132/1029 1330/1295/1196 1139/1130/1027
f 1145/1138/1029 1136/1127/1024 1332/1296/1197
f 1328/1291/1192 1332/1296/1197 1136/1127/1024
f 1163/1157/1052 1166/1158/1052 1333/1297/1198
f 1334/1298/1199 1333/1297/1198 1166/1158/1052
f 1336/1299/1200 1337/1300/1201 1335/1301/1200
f 1338/1302/1202 1335/1301/1200 1337/1300/1201
f 1340/1303/1203 1341/1304/1203 1339/1305/1204
f 1342/1306/1204 1339/1305/1204 1341/1304/1203
f 1344/1307/1205 1341/1304/1203 1343/1308/1206
f 1340/1303/1203 1343/1308/1206 1341/1304/1203
f 1346/1309/1207 1344/1307/1205 1345/1310/1207
f 1343/1308/1206 1345/1310/1207 1344/1307/1205
f 1347/1311/1208 1348/1312/1208 1345/1310/1207
f 1346/1309/1207 1345/1310/1207 1348/1312/1208
f 1350/1313/1209 1351/1314/1210 1349/1315/1211
f 1333/1297/1198 1334/1298/1199 1335/1301/1200
f 1336/1299/1200 1335/1301/1200 1334/1298/1199
f 1352/1316/1212 1353/1317/1213 1349/1315/1211
f 1354/1318/1214 1352/1316/1212 1349/1315/1211
f 1355/1319/1215 1354/1318/1214 1349/1315/1211
f 1356/1320/1216 1355/1319/1215 1349/1315/1211
f 1357/1321/1217 1356/1320/1216 1349/1315/1211
f 1351/1314/1210 1357/1321/1217 1349/1315/1211
f 1353/1317/1213 1350/1313/1209 1349/1315/1211
f 1359/1322/1218 1360/1323/1219 1358/1324/1220
f 1361/1325/1220 1358/1324/1220 1360/1323/1219
f 1363/1326/1221 1364/1327/1222 1362/1328/1211
f 1364/1327/1222 1365/1329/1223 1362/1328/1211
f 1366/1330/1224 1363/1326/1221 1362/1328/1211
f 1367/1331/1225 1366/1330/1224 1362/1328/1211
f 1368/1332/1226 1367/1331/1225 1362/1328/1211
f 1369/1333/1227 1368/1332/1226 1362/1328/1211
f 1370/1334/1228 1369/1333/1227 1362/1328/1211
f 1365/1329/1223 1370/1334/1228 1362/1328/1211
f 1372/1335/1229 1373/1336/1229 1371/1337/1230
f 1374/1338/1231 1371/1337/1230 1373/1336/1229
f 1376/1339/1232 1373/1336/1229 1375/1340/1233
f 1372/1335/1229 1375/1340/1233 1373/1336/1229
f 1378/1341/1234 1379/1342/1234 1377/1343/1234
f 1264/1202/1140 1267/1244/1121 1247/1200/1125
f 1248/1233/1123 1247/1200/1125 1267/1244/1121
f 1289/1188/1156 1291/1260/1155 1298/1170/1163
f 1296/1262/1160 1298/1170/1163 1291/1260/1155
f 1380/1344/1235 1381/1345/1235 1375/1340/1233
f 1376/1339/1232 1375/1340/1233 1381/1345/1235
f 1383/1346/1236 1381/1345/1235 1382/1347/1236
f 1380/1344/1235 1382/1347/1236 1381/1345/1235
f 1385/1348/1237 1386/1349/1237 1384/1350/1238
f 1387/1351/1236 1384/1350/1238 1386/1349/1237
f 1389/1352/1239 1386/1349/1237 1388/1353/1240
f 1385/1348/1237 1388/1353/1240 1386/1349/1237
f 1361/1325/1220 1389/1352/1239 1358/1324/1220
f 1388/1353/1240 1358/1324/1220 1389/1352/1239
f 1149/1140/1036 1390/1354/1241 1150/1142/1038
f 1153/1144/1040 1391/1355/1242 1317/1281/1182
f 1393/1255/1243 1394/1356/1244 1392/1183/1245
f 1395/1357/1246 1392/1183/1245 1394/1356/1244
f 1397/1358/1247 1398/1359/1248 1396/1184/1249
f 1399/1252/1250 1396/1184/1249 1398/1359/1248
f 1392/1183/1245 1395/1357/1246 1396/1184/1249
f 1397/1358/1247 1396/1184/1249 1395/1357/1246
f 1401/1360/1251 1402/1361/1252 1400/1253/1251
f 1403/1254/1252 1400/1253/1251 1402/1361/1252
f 1399/1252/1250 1398/1359/1248 1400/1253/1251
f 1401/1360/1251 1400/1253/1251 1398/1359/1248
f 1402/1361/1252 1394/1356/1244 1403/1254/1252
f 1393/1255/1243 1403/1254/1252 1394/1356/1244
f 857/849/789 277/274/259 297/297/282
f 1404/1362/1253 281/279/264 277/274/259
f 279/278/263 277/274/259 281/279/264
f 857/849/789 1404/1362/1253 277/274/259
f 857/849/789 856/848/788 1404/1362/1253
f 853/846/786 854/845/785 297/297/282
f 857/849/789 297/297/282 854/845/785
f 1406/1363/1254 274/271/256 1405/1364/1255
f 273/270/255 1405/1364/1255 274/271/256
f 308/305/290 1406/1363/1254 327/325/309
f 1405/1364/1255 327/325/309 1406/1363/1254
f 1407/1365/1256 286/283/268 1406/1363/1254
f 274/271/256 1406/1363/1254 286/283/268
f 1407/1365/1256 1406/1363/1254 1408/1366/1257
f 308/305/290 1408/1366/1257 1406/1363/1254
f 342/340/324 330/330/314 332/329/313
f 342/340/324 1405/1364/1255 330/330/314
f 273/270/255 330/330/314 1405/1364/1255
f 342/340/324 327/325/309 1405/1364/1255
f 332/329/313 350/348/331 342/340/324
f 345/342/326 1409/1367/1258 343/341/325
f 856/848/788 343/341/325 1409/1367/1258
f 1410/1368/1259 1411/1369/1260 1404/1362/1253
f 1404/1362/1253 856/848/788 1410/1368/1259
f 856/848/788 1409/1367/1258 1410/1368/1259
f 307/307/292 1408/1366/1257 308/305/290
f 307/307/292 320/318/303 1408/1366/1257
f 282/280/265 281/279/264 323/320/303
f 1411/1369/1260 281/279/264 1404/1362/1253
f 1411/1369/1260 323/320/303 281/279/264
f 293/293/278 304/302/287 294/291/276
f 303/301/286 304/302/287 293/293/278
f 1413/1370/1261 1414/1371/1261 1412/1372/1261
f 1412/1372/1261 1414/1371/1261 1415/1373/1261
f 1416/1374/1262 1415/1373/1261 1414/1371/1261
f 1068/1060/979 1085/1077/996 1069/1061/980
f 1084/1076/995 1069/1061/980 1085/1077/996
f 1418/1375/1263 1419/1376/1264 1417/1377/1265
f 1421/1378/1266 1422/1379/1267 1420/1380/1268
f 1423/1381/1269 1420/1380/1268 1422/1379/1267
f 1420/1380/1268 1417/1377/1265 1424/1382/1270
f 1419/1376/1264 1424/1382/1270 1417/1377/1265
f 1083/1075/994 1080/1072/991 1095/1086/1001
f 1090/1084/999 1095/1086/1001 1080/1072/991
f 1080/1072/991 1079/1070/989 1090/1084/999
f 1091/1082/995 1090/1084/999 1079/1070/989
f 1420/1380/1268 1423/1381/1269 1417/1377/1265
f 1421/1378/1266 1412/1372/1261 1422/1379/1267
f 1415/1373/1261 1422/1379/1267 1412/1372/1261
f 55/54/53 16/16/16 15/14/14
f 1425/1383/1271 734/730/683 740/735/688
f 1427/1384/1272 1428/1385/1272 1426/1386/1273
f 1429/1387/1273 1426/1386/1273 1428/1385/1272
f 1431/1388/1274 1432/1389/1019 1430/1390/1272
f 1433/1391/1275 1430/1390/1272 1432/1389/1019
f 1434/1392/1017 1126/1117/1017 1125/1116/1017
f 1378/1341/1234 1435/1393/1234 1379/1342/1234
f 378/375/358 1436/1394/1276 379/377/337
f 1437/1395/1277 1438/1396/1278 378/375/358
f 1436/1394/1276 378/375/358 1438/1396/1278
f 773/768/334 1438/1396/1278 771/769/719
f 1437/1395/1277 771/769/719 1438/1396/1278
f 354/352/335 353/350/333 358/356/339
f 355/355/338 358/356/339 353/350/333
f 283/282/267 1439/1397/1279 284/281/266
f 1441/1398/1280 1439/1397/1279 1440/1399/1281
f 1439/1397/1279 283/282/267 282/280/265
f 322/321/305 1440/1399/1281 1439/1397/1279
f 282/280/265 322/321/305 1439/1397/1279
f 1442/1400/1282 989/981/906 595/591/555
f 592/590/554 595/591/555 989/981/906
f 1000/991/916 1443/1401/1283 1001/993/918
f 1057/1049/972 1001/993/918 1443/1401/1283
f 609/605/564 608/604/563 610/608/567
f 611/606/565 610/608/567 608/604/563
f 1445/1402/1284 1446/1403/1285 1444/1404/1286
f 1447/1405/1287 1444/1404/1286 1446/1403/1285
f 1449/1406/1288 1450/1407/1289 1448/1408/1290
f 1451/1409/1291 1448/1408/1290 1450/1407/1289
f 1453/1410/1292 1454/1411/1293 1452/1412/1294
f 1455/1413/1295 1452/1412/1294 1454/1411/1293
f 1457/1414/1296 1458/1415/1297 1456/1416/1298
f 1459/1417/1299 1456/1416/1298 1458/1415/1297
f 1461/1418/1300 1462/1419/1301 1460/1420/1302
f 1463/1421/1303 1460/1420/1302 1462/1419/1301
f 1465/1422/1304 1466/1423/1305 1464/1424/1306
f 1467/1425/1307 1464/1424/1306 1466/1423/1305
f 1469/1426/1308 1470/1427/1306 1468/1428/1309
f 1471/1429/1310 1468/1428/1309 1470/1427/1306
f 1473/1430/1305 1474/1431/1311 1472/1432/1312
f 1475/1433/1313 1472/1432/1312 1474/1431/1311
f 1477/1434/1314 1478/1435/1315 1476/1436/1316
f 1479/1437/1306 1476/1436/1316 1478/1435/1315
f 1480/1438/1296 1481/1439/1298 1462/1419/1301
f 1463/1421/1303 1462/1419/1301 1481/1439/1298
f 1446/1403/1285 1482/1440/1298 1447/1405/1287
f 1483/1441/1317 1447/1405/1287 1482/1440/1298
f 1484/1442/1318 1485/1443/1296 1453/1410/1292
f 1454/1411/1293 1453/1410/1292 1485/1443/1296
f 1486/1444/1317 1487/1445/1319 1450/1407/1289
f 1451/1409/1291 1450/1407/1289 1487/1445/1319
f 1489/1446/1310 1490/1447/1320 1488/1448/1321
f 1491/1449/1322 1488/1448/1321 1490/1447/1320
f 1493/1450/1323 1494/1451/1324 1492/1452/1325
f 1496/1453/1326 1497/1454/1327 1495/1455/1328
f 1498/1456/1329 1499/1457/1330 1495/1455/1328
f 1500/1458/1331 1495/1455/1328 1499/1457/1330
f 1502/1459/1332 1503/1460/1333 1501/1461/1334
f 1504/1462/1335 1501/1461/1334 1503/1460/1333
f 1505/1463/1336 1503/1460/1333 1502/1459/1332
f 1506/1464/1337 1507/1465/1338 1505/1463/1336
f 1503/1460/1333 1505/1463/1336 1507/1465/1338
f 1509/1466/1339 1510/1467/1340 1508/1468/1341
f 1511/1469/1342 1512/1470/1343 1509/1466/1339
f 1513/1471/1344 1509/1466/1339 1512/1470/1343
f 1515/1472/1345 1500/1458/1331 1514/1473/1346
f 1516/1474/1347 1514/1473/1346 1500/1458/1331
f 1500/1458/1331 1515/1472/1345 1495/1455/1328
f 1517/1475/1348 1518/1476/1349 1509/1466/1339
f 1510/1467/1340 1509/1466/1339 1518/1476/1349
f 1519/1477/1350 1517/1475/1348 1513/1471/1344
f 1509/1466/1339 1513/1471/1344 1517/1475/1348
f 1511/1469/1342 1509/1466/1339 1520/1478/1351
f 1522/1479/1352 1523/1480/1353 1521/1481/1354
f 1493/1450/1323 1521/1481/1354 1523/1480/1353
f 1508/1468/1341 1520/1478/1351 1509/1466/1339
f 1493/1450/1323 1524/1482/1355 1521/1481/1354
f 1525/1483/1356 1526/1484/1357 1521/1481/1354
f 1496/1453/1326 1495/1455/1328 1527/1485/1358
f 1515/1472/1345 1527/1485/1358 1495/1455/1328
f 1525/1483/1356 1521/1481/1354 1524/1482/1355
f 1524/1482/1355 1493/1450/1323 1528/1486/1359
f 1492/1452/1325 1528/1486/1359 1493/1450/1323
f 1530/1487/1360 1531/1488/1361 1529/1489/1362
f 1532/1490/1363 1529/1489/1362 1531/1488/1361
f 1529/1489/1362 1533/1491/1364 1530/1487/1360
f 1534/1492/1365 1530/1487/1360 1533/1491/1364
f 1536/1493/1366 1537/1494/1367 1535/1495/1368
f 1538/1496/1369 1535/1495/1368 1537/1494/1367
f 1539/1497/1370 1540/1498/1371 1536/1493/1366
f 1537/1494/1367 1536/1493/1366 1540/1498/1371
f 1542/1499/1372 1543/1500/1373 1541/1501/1374
f 1544/1502/1375 1541/1501/1374 1543/1500/1373
f 1546/1503/1376 1547/1504/1377 1545/1505/1378
f 1548/1506/1379 1545/1505/1378 1547/1504/1377
f 1550/1507/1380 1492/1452/1325 1549/1508/1381
f 1494/1451/1324 1549/1508/1381 1492/1452/1325
f 1552/1509/1382 1497/1454/1327 1551/1510/1380
f 1496/1453/1326 1551/1510/1380 1497/1454/1327
f 1549/1508/1381 1494/1451/1324 1553/1511/1383
f 1493/1450/1323 1553/1511/1383 1494/1451/1324
f 1554/1512/1384 1495/1455/1328 1552/1509/1382
f 1497/1454/1327 1552/1509/1382 1495/1455/1328
f 1553/1511/1383 1493/1450/1323 1555/1513/1385
f 1523/1480/1353 1555/1513/1385 1493/1450/1323
f 1556/1514/1386 1498/1456/1329 1554/1512/1384
f 1495/1455/1328 1554/1512/1384 1498/1456/1329
f 1555/1513/1385 1523/1480/1353 1557/1515/1387
f 1522/1479/1352 1557/1515/1387 1523/1480/1353
f 1558/1516/1388 1499/1457/1330 1556/1514/1386
f 1498/1456/1329 1556/1514/1386 1499/1457/1330
f 1560/1517/1389 1521/1481/1354 1559/1518/1390
f 1526/1484/1357 1559/1518/1390 1521/1481/1354
f 1562/1519/1391 1516/1474/1347 1561/1520/1392
f 1500/1458/1331 1561/1520/1392 1516/1474/1347
f 1564/1521/1393 1544/1502/1375 1563/1522/1394
f 1543/1500/1373 1563/1522/1394 1544/1502/1375
f 1566/1523/1395 1548/1506/1379 1565/1524/1396
f 1547/1504/1377 1565/1524/1396 1548/1506/1379
f 1568/1525/1397 1508/1468/1341 1567/1526/1398
f 1510/1467/1340 1567/1526/1398 1508/1468/1341
f 1570/1527/1398 1507/1465/1338 1569/1528/1399
f 1506/1464/1337 1569/1528/1399 1507/1465/1338
f 1567/1526/1398 1510/1467/1340 1571/1529/1400
f 1518/1476/1349 1571/1529/1400 1510/1467/1340
f 1572/1530/1401 1573/1531/1402 1570/1527/1398
f 1507/1465/1338 1570/1527/1398 1573/1531/1402
f 1575/1532/1403 1513/1471/1344 1574/1533/1404
f 1512/1470/1343 1574/1533/1404 1513/1471/1344
f 1577/1534/1405 1501/1461/1334 1576/1535/1403
f 1504/1462/1335 1576/1535/1403 1501/1461/1334
f 1578/1536/1406 1528/1486/1359 1550/1507/1380
f 1492/1452/1325 1550/1507/1380 1528/1486/1359
f 1551/1510/1380 1496/1453/1326 1579/1537/1407
f 1527/1485/1358 1579/1537/1407 1496/1453/1326
f 1557/1515/1387 1522/1479/1352 1560/1517/1389
f 1521/1481/1354 1560/1517/1389 1522/1479/1352
f 1561/1520/1392 1500/1458/1331 1558/1516/1388
f 1499/1457/1330 1558/1516/1388 1500/1458/1331
f 1559/1518/1390 1526/1484/1357 1580/1538/1408
f 1525/1483/1356 1580/1538/1408 1526/1484/1357
f 1581/1539/1409 1514/1473/1346 1562/1519/1391
f 1516/1474/1347 1562/1519/1391 1514/1473/1346
f 1582/1540/1410 1541/1501/1374 1564/1521/1393
f 1544/1502/1375 1564/1521/1393 1541/1501/1374
f 1565/1524/1396 1547/1504/1377 1583/1541/1411
f 1546/1503/1376 1583/1541/1411 1547/1504/1377
f 1563/1522/1394 1543/1500/1373 1584/1542/1412
f 1542/1499/1372 1584/1542/1412 1543/1500/1373
f 1585/1543/1413 1545/1505/1378 1566/1523/1395
f 1548/1506/1379 1566/1523/1395 1545/1505/1378
f 1587/1544/1414 1529/1489/1362 1586/1545/1415
f 1532/1490/1363 1586/1545/1415 1529/1489/1362
f 1589/1546/1416 1538/1496/1369 1588/1547/1417
f 1537/1494/1367 1588/1547/1417 1538/1496/1369
f 1590/1548/1418 1533/1491/1364 1587/1544/1414
f 1529/1489/1362 1587/1544/1414 1533/1491/1364
f 1588/1547/1417 1537/1494/1367 1591/1549/1418
f 1540/1498/1371 1591/1549/1418 1537/1494/1367
f 1593/1550/1419 1530/1487/1360 1592/1551/1420
f 1534/1492/1365 1592/1551/1420 1530/1487/1360
f 1595/1552/1420 1539/1497/1370 1594/1553/1421
f 1536/1493/1366 1594/1553/1421 1539/1497/1370
f 1596/1554/1422 1531/1488/1361 1593/1550/1419
f 1530/1487/1360 1593/1550/1419 1531/1488/1361
f 1594/1553/1421 1536/1493/1366 1597/1555/1422
f 1535/1495/1368 1597/1555/1422 1536/1493/1366
f 1586/1545/1415 1532/1490/1363 1596/1554/1422
f 1531/1488/1361 1596/1554/1422 1532/1490/1363
f 1597/1555/1422 1535/1495/1368 1589/1546/1416
f 1538/1496/1369 1589/1546/1416 1535/1495/1368
f 1590/1548/1418 1598/1556/1423 1533/1491/1364
f 1599/1557/1424 1533/1491/1364 1598/1556/1423
f 1591/1549/1418 1540/1498/1371 1600/1558/1423
f 1601/1559/1425 1600/1558/1423 1540/1498/1371
f 1603/1560/1426 1539/1497/1370 1602/1561/1427
f 1595/1552/1420 1602/1561/1427 1539/1497/1370
f 1602/1561/1427 1576/1535/1403 1603/1560/1426
f 1504/1462/1335 1603/1560/1426 1576/1535/1403
f 1605/1562/1428 1592/1551/1420 1604/1563/1429
f 1534/1492/1365 1604/1563/1429 1592/1551/1420
f 1604/1563/1429 1513/1471/1344 1605/1562/1428
f 1575/1532/1403 1605/1562/1428 1513/1471/1344
f 1601/1559/1425 1540/1498/1371 1603/1560/1426
f 1539/1497/1370 1603/1560/1426 1540/1498/1371
f 1603/1560/1426 1504/1462/1335 1601/1559/1425
f 1503/1460/1333 1601/1559/1425 1504/1462/1335
f 1507/1465/1338 1573/1531/1402 1503/1460/1333
f 1606/1564/1430 1503/1460/1333 1573/1531/1402
f 1600/1558/1423 1601/1559/1425 1606/1564/1430
f 1503/1460/1333 1606/1564/1430 1601/1559/1425
f 1534/1492/1365 1533/1491/1364 1604/1563/1429
f 1599/1557/1424 1604/1563/1429 1533/1491/1364
f 1513/1471/1344 1604/1563/1429 1519/1477/1350
f 1599/1557/1424 1519/1477/1350 1604/1563/1429
f 1598/1556/1423 1607/1565/1431 1599/1557/1424
f 1608/1566/1432 1599/1557/1424 1607/1565/1431
f 1608/1566/1432 1519/1477/1350 1599/1557/1424
f 1606/1564/1430 1609/1567/1433 1600/1558/1423
f 1610/1568/1434 1611/1569/1435 1573/1531/1402
f 1606/1564/1430 1573/1531/1402 1611/1569/1435
f 1611/1569/1435 1609/1567/1433 1606/1564/1430
f 1572/1530/1401 1612/1570/1436 1573/1531/1402
f 1610/1568/1434 1573/1531/1402 1612/1570/1436
f 1571/1529/1400 1518/1476/1349 1613/1571/1436
f 1614/1572/1437 1613/1571/1436 1518/1476/1349
f 1519/1477/1350 1615/1573/1438 1517/1475/1348
f 1616/1574/1439 1517/1475/1348 1615/1573/1438
f 1608/1566/1432 1615/1573/1438 1519/1477/1350
f 1614/1572/1437 1518/1476/1349 1616/1574/1439
f 1517/1475/1348 1616/1574/1439 1518/1476/1349
f 1618/1575/1440 1619/1576/1441 1617/1577/1442
f 1620/1578/1443 1617/1577/1442 1619/1576/1441
f 1617/1577/1442 1621/1579/1444 1618/1575/1440
f 1622/1580/1445 1618/1575/1440 1621/1579/1444
f 1623/1581/1446 1624/1582/1447 1618/1575/1440
f 1619/1576/1441 1618/1575/1440 1624/1582/1447
f 1618/1575/1440 1622/1580/1445 1623/1581/1446
f 1625/1583/1448 1623/1581/1446 1622/1580/1445
f 1626/1584/1449 1627/1585/1450 1623/1581/1446
f 1624/1582/1447 1623/1581/1446 1627/1585/1450
f 1623/1581/1446 1625/1583/1448 1626/1584/1449
f 1628/1586/1451 1626/1584/1449 1625/1583/1448
f 1629/1587/433 1630/1588/1452 1626/1584/1449
f 1627/1585/1450 1626/1584/1449 1630/1588/1452
f 1626/1584/1449 1628/1586/1451 1629/1587/433
f 1631/1589/1453 1629/1587/433 1628/1586/1451
f 1617/1577/1442 1620/1578/1443 1632/1590/435
f 1633/1591/1454 1632/1590/435 1620/1578/1443
f 1632/1590/435 1634/1592/1455 1617/1577/1442
f 1621/1579/1444 1617/1577/1442 1634/1592/1455
f 1636/1593/1456 1637/1594/1457 1635/1595/1458
f 1638/1596/1459 1635/1595/1458 1637/1594/1457
f 1639/1597/1460 1640/1598/1461 1636/1593/1456
f 1637/1594/1457 1636/1593/1456 1640/1598/1461
f 1640/1598/1461 1641/1599/1462 1637/1594/1457
f 1642/1600/1463 1637/1594/1457 1641/1599/1462
f 1637/1594/1457 1642/1600/1463 1638/1596/1459
f 1643/1601/1464 1638/1596/1459 1642/1600/1463
f 1645/1602/1465 1646/1603/1466 1644/1604/1467
f 1647/1605/1468 1644/1604/1467 1646/1603/1466
f 1645/1602/1465 1648/1606/1469 1646/1603/1466
f 1649/1607/1470 1646/1603/1466 1648/1606/1469
f 1650/1608/1471 1651/1609/1472 1647/1605/1468
f 1644/1604/1467 1647/1605/1468 1651/1609/1472
f 1651/1609/1472 1650/1608/1471 1652/1610/1473
f 1653/1611/1474 1652/1610/1473 1650/1608/1471
f 1653/1611/1474 1654/1612/1475 1652/1610/1473
f 1655/1613/1476 1652/1610/1473 1654/1612/1475
f 1654/1612/1475 1656/1614/1477 1655/1613/1476
f 1657/1615/1478 1655/1613/1476 1656/1614/1477
f 1655/1613/1476 1638/1596/1459 1652/1610/1473
f 1643/1601/1464 1652/1610/1473 1638/1596/1459
f 1657/1615/1478 1635/1595/1458 1655/1613/1476
f 1638/1596/1459 1655/1613/1476 1635/1595/1458
f 1652/1610/1473 1643/1601/1464 1651/1609/1472
f 1642/1600/1463 1651/1609/1472 1643/1601/1464
f 1651/1609/1472 1642/1600/1463 1644/1604/1467
f 1641/1599/1462 1644/1604/1467 1642/1600/1463
f 1644/1604/1467 1641/1599/1462 1645/1602/1465
f 1640/1598/1461 1645/1602/1465 1641/1599/1462
f 1645/1602/1465 1640/1598/1461 1648/1606/1469
f 1639/1597/1460 1648/1606/1469 1640/1598/1461
f 1657/1615/1478 1658/1616/1479 1635/1595/1458
f 1659/1617/1480 1635/1595/1458 1658/1616/1479
f 1656/1614/1477 1660/1618/1481 1657/1615/1478
f 1658/1616/1479 1657/1615/1478 1660/1618/1481
f 1648/1606/1469 1661/1619/1482 1649/1607/1470
f 1662/1620/1483 1649/1607/1470 1661/1619/1482
f 1639/1597/1460 1663/1621/1484 1648/1606/1469
f 1661/1619/1482 1648/1606/1469 1663/1621/1484
f 1664/1622/1485 1663/1621/1484 1636/1593/1456
f 1639/1597/1460 1636/1593/1456 1663/1621/1484
f 1659/1617/1480 1664/1622/1485 1635/1595/1458
f 1636/1593/1456 1635/1595/1458 1664/1622/1485
f 1664/1622/1485 1665/1623/1486 1663/1621/1484
f 1666/1624/1487 1663/1621/1484 1665/1623/1486
f 1659/1617/1480 1667/1625/1488 1664/1622/1485
f 1665/1623/1486 1664/1622/1485 1667/1625/1488
f 1658/1616/1479 1667/1625/1488 1659/1617/1480
f 1666/1624/1487 1661/1619/1482 1663/1621/1484
f 1669/1626/1489 1670/1627/1490 1668/1628/1491
f 1671/1629/1492 1668/1628/1491 1670/1627/1490
f 1672/1630/1493 1673/1631/1494 1671/1629/1492
f 1668/1628/1491 1671/1629/1492 1673/1631/1494
f 1672/1630/1493 1674/1632/1495 1673/1631/1494
f 1675/1633/1496 1673/1631/1494 1674/1632/1495
f 1674/1632/1495 1676/1634/1497 1675/1633/1496
f 1666/1624/1487 1677/1635/1498 1661/1619/1482
f 1678/1636/1499 1661/1619/1482 1677/1635/1498
f 1666/1624/1487 1665/1623/1486 1677/1635/1498
f 1679/1637/1500 1677/1635/1498 1665/1623/1486
f 1665/1623/1486 1667/1625/1488 1679/1637/1500
f 1680/1638/1501 1679/1637/1500 1667/1625/1488
f 1667/1625/1488 1658/1616/1479 1680/1638/1501
f 1681/1639/1502 1680/1638/1501 1658/1616/1479
f 1660/1618/1481 1682/1640/1503 1658/1616/1479
f 1681/1639/1502 1658/1616/1479 1682/1640/1503
f 1669/1626/1489 1683/1641/1504 1670/1627/1490
f 1684/1642/1505 1670/1627/1490 1683/1641/1504
f 1661/1619/1482 1678/1636/1499 1662/1620/1483
f 1685/1643/1506 1662/1620/1483 1678/1636/1499
f 1682/1640/1503 1686/1644/1507 1681/1639/1502
f 1687/1645/1508 1681/1639/1502 1686/1644/1507
f 1683/1641/1504 1688/1646/1509 1684/1642/1505
f 1689/1647/1510 1684/1642/1505 1688/1646/1509
f 1678/1636/1499 1690/1648/1511 1685/1643/1506
f 1691/1649/1512 1685/1643/1506 1690/1648/1511
f 1693/1650/1513 1694/1651/1514 1692/1652/1515
f 1695/1653/1516 1692/1652/1515 1694/1651/1514
f 1697/1654/1517 1698/1655/1518 1696/1656/1519
f 1699/1657/1520 1696/1656/1519 1698/1655/1518
f 1700/1658/1521 1701/1659/1522 1699/1657/1520
f 1696/1656/1519 1699/1657/1520 1701/1659/1522
f 1695/1653/1516 1702/1660/1523 1692/1652/1515
f 1703/1661/1524 1692/1652/1515 1702/1660/1523
f 1690/1648/1511 1704/1662/1525 1691/1649/1512
f 1704/1662/1525 1705/1663/1526 1691/1649/1512
f 1706/1664/1527 1691/1649/1512 1705/1663/1526
f 1708/1665/1528 1709/1666/1528 1707/1667/1528
f 1711/1668/1529 1712/1667/1529 1710/1666/1529
f 1686/1644/1507 1713/1669/1530 1687/1645/1508
f 1686/1644/1507 1714/1670/1531 1713/1669/1530
f 1715/1671/1532 1713/1669/1530 1714/1670/1531
f 1716/1672/1533 1680/1638/1501 1687/1645/1508
f 1681/1639/1502 1687/1645/1508 1680/1638/1501
f 1718/1673/1523 1719/1674/1534 1717/1675/1535
f 1720/1676/1536 1717/1675/1535 1719/1674/1534
f 1704/1662/1525 1721/1677/1537 1705/1663/1526
f 1722/1678/1538 1705/1663/1526 1721/1677/1537
f 1721/1677/1537 1723/1679/1539 1722/1678/1538
f 1724/1680/1540 1722/1678/1538 1723/1679/1539
f 1715/1671/1532 1725/1681/1541 1713/1669/1530
f 1726/1682/1542 1713/1669/1530 1725/1681/1541
f 1725/1681/1541 1727/1683/1540 1726/1682/1542
f 1728/1684/1539 1726/1682/1542 1727/1683/1540
f 1720/1676/1536 1719/1674/1534 1729/1685/1543
f 1730/1686/1544 1729/1685/1543 1719/1674/1534
f 1731/1687/1545 1732/1688/1546 1700/1658/1521
f 1701/1659/1522 1700/1658/1521 1732/1688/1546
f 1733/1689/1547 1734/1690/1548 1731/1687/1545
f 1732/1688/1546 1731/1687/1545 1734/1690/1548
f 1735/1691/1549 1736/1692/1550 1733/1689/1547
f 1734/1690/1548 1733/1689/1547 1736/1692/1550
f 1729/1685/1543 1716/1672/1533 1687/1645/1508
f 1703/1661/1524 1723/1679/1539 1692/1652/1515
f 1721/1677/1537 1692/1652/1515 1723/1679/1539
f 1704/1662/1525 1693/1650/1513 1721/1677/1537
f 1692/1652/1515 1721/1677/1537 1693/1650/1513
f 1737/1693/1551 1736/1692/1550 1735/1691/1549
f 1728/1684/1539 1717/1675/1535 1726/1682/1542
f 1720/1676/1536 1726/1682/1542 1717/1675/1535
f 1726/1682/1542 1720/1676/1536 1713/1669/1530
f 1729/1685/1543 1713/1669/1530 1720/1676/1536
f 1713/1669/1530 1729/1685/1543 1687/1645/1508
f 1690/1648/1511 1738/1694/1552 1704/1662/1525
f 1693/1650/1513 1704/1662/1525 1738/1694/1552
f 1678/1636/1499 1677/1635/1498 1738/1694/1552
f 1738/1694/1552 1690/1648/1511 1678/1636/1499
f 1735/1691/1549 1739/1695/1544 1737/1693/1551
f 1741/1696/1553 1742/1697/1554 1740/1698/1555
f 1743/1699/1556 1740/1698/1555 1742/1697/1554
f 1699/1657/1520 1698/1655/1518 1744/1700/1514
f 1746/1701/1557 1747/1702/1558 1745/1703/1559
f 1748/1704/1560 1745/1703/1559 1747/1702/1558
f 1745/1703/1559 1748/1704/1560 1749/1705/1561
f 1750/1706/1562 1749/1705/1561 1748/1704/1560
f 1751/1707/1563 1749/1705/1561 1750/1706/1562
f 1744/1700/1514 1753/1708/1564 1752/1709/1565
f 1752/1709/1565 1753/1708/1564 1754/1710/1566
f 1755/1711/1567 1754/1710/1566 1753/1708/1564
f 1756/1712/1568 1741/1696/1553 1755/1711/1567
f 1754/1710/1566 1755/1711/1567 1741/1696/1553
f 1756/1712/1568 1742/1697/1554 1741/1696/1553
f 1698/1655/1518 1753/1708/1564 1744/1700/1514
f 1753/1708/1564 1757/1713/1569 1755/1711/1567
f 1758/1714/1570 1755/1711/1567 1757/1713/1569
f 1698/1655/1518 1757/1713/1569 1753/1708/1564
f 1759/1715/1571 1742/1697/1554 1756/1712/1568
f 1761/1716/1572 1762/1717/1573 1760/1718/1574
f 1763/1719/1575 1760/1718/1574 1762/1717/1573
f 1763/1719/1575 1764/1720/1576 1760/1718/1574
f 1765/1721/1577 1760/1718/1574 1764/1720/1576
f 1757/1713/1569 1766/1722/1578 1758/1714/1570
f 1764/1720/1576 1758/1714/1570 1766/1722/1578
f 1759/1715/1571 1756/1712/1568 1758/1714/1570
f 1755/1711/1567 1758/1714/1570 1756/1712/1568
f 1758/1714/1570 1764/1720/1576 1759/1715/1571
f 1763/1719/1575 1759/1715/1571 1764/1720/1576
f 1767/1723/1549 1768/1724/1547 1716/1672/1533
f 1680/1638/1501 1716/1672/1533 1768/1724/1547
f 1738/1694/1552 1677/1635/1498 1769/1725/1520
f 1770/1726/1579 1769/1725/1520 1677/1635/1498
f 1738/1694/1552 1769/1725/1520 1693/1650/1513
f 1694/1651/1514 1693/1650/1513 1769/1725/1520
f 1730/1686/1544 1767/1723/1549 1729/1685/1543
f 1716/1672/1533 1729/1685/1543 1767/1723/1549
f 1680/1638/1501 1768/1724/1547 1679/1637/1500
f 1771/1727/1545 1679/1637/1500 1768/1724/1547
f 1679/1637/1500 1771/1727/1545 1677/1635/1498
f 1770/1726/1579 1677/1635/1498 1771/1727/1545
f 1766/1722/1578 1757/1713/1569 1697/1654/1517
f 1698/1655/1518 1697/1654/1517 1757/1713/1569
f 1773/1728/1580 1542/1499/1372 1772/1729/1581
f 1541/1501/1374 1772/1729/1581 1542/1499/1372
f 1772/1729/1581 1774/1730/1582 1773/1728/1580
f 1775/1731/1583 1773/1728/1580 1774/1730/1582
f 1777/1732/1584 1583/1541/1411 1776/1733/1585
f 1546/1503/1376 1776/1733/1585 1583/1541/1411
f 1778/1734/1586 1774/1730/1582 1772/1729/1581
f 1773/1728/1580 1775/1731/1583 1779/1735/1587
f 1781/1736/1588 1545/1505/1378 1780/1737/1589
f 1585/1543/1413 1780/1737/1589 1545/1505/1378
f 1776/1733/1585 1546/1503/1376 1781/1736/1588
f 1545/1505/1378 1781/1736/1588 1546/1503/1376
f 1783/1738/1590 1527/1485/1358 1782/1739/1591
f 1515/1472/1345 1782/1739/1591 1527/1485/1358
f 1785/1740/1592 1525/1483/1356 1784/1741/1593
f 1524/1482/1355 1784/1741/1593 1525/1483/1356
f 1784/1741/1593 1786/1742/1594 1785/1740/1592
f 1787/1743/1595 1785/1740/1592 1786/1742/1594
f 1784/1741/1593 1524/1482/1355 1788/1744/1596
f 1528/1486/1359 1788/1744/1596 1524/1482/1355
f 1788/1744/1596 1789/1745/1597 1784/1741/1593
f 1786/1742/1594 1784/1741/1593 1789/1745/1597
f 1790/1746/1598 1579/1537/1407 1783/1738/1590
f 1527/1485/1358 1783/1738/1590 1579/1537/1407
f 1791/1747/1599 1789/1745/1597 1788/1744/1596
f 1793/1748/1600 1514/1473/1346 1792/1749/1601
f 1581/1539/1409 1792/1749/1601 1514/1473/1346
f 1785/1740/1592 1787/1743/1595 1794/1750/1602
f 1782/1739/1591 1515/1472/1345 1793/1748/1600
f 1514/1473/1346 1793/1748/1600 1515/1472/1345
f 1794/1750/1602 1580/1538/1408 1785/1740/1592
f 1580/1538/1408 1525/1483/1356 1785/1740/1592
f 1788/1744/1596 1578/1536/1406 1791/1747/1599
f 1788/1744/1596 1528/1486/1359 1578/1536/1406
f 1772/1729/1581 1582/1540/1410 1778/1734/1586
f 1772/1729/1581 1541/1501/1374 1582/1540/1410
f 1779/1735/1587 1584/1542/1412 1773/1728/1580
f 1584/1542/1412 1542/1499/1372 1773/1728/1580
f 1796/1751/1603 1506/1464/1337 1795/1752/1604
f 1505/1463/1336 1795/1752/1604 1506/1464/1337
f 1795/1752/1604 1782/1739/1591 1796/1751/1603
f 1793/1748/1600 1796/1751/1603 1782/1739/1591
f 1795/1752/1604 1505/1463/1336 1797/1753/1605
f 1502/1459/1332 1797/1753/1605 1505/1463/1336
f 1797/1753/1605 1783/1738/1590 1795/1752/1604
f 1782/1739/1591 1795/1752/1604 1783/1738/1590
f 1799/1754/1606 1520/1478/1351 1798/1755/1607
f 1508/1468/1341 1798/1755/1607 1520/1478/1351
f 1798/1755/1607 1787/1743/1595 1799/1754/1606
f 1786/1742/1594 1799/1754/1606 1787/1743/1595
f 1800/1756/1608 1511/1469/1342 1799/1754/1606
f 1520/1478/1351 1799/1754/1606 1511/1469/1342
f 1799/1754/1606 1786/1742/1594 1800/1756/1608
f 1789/1745/1597 1800/1756/1608 1786/1742/1594
f 1801/1757/1609 1802/1758/1610 1800/1756/1608
f 1511/1469/1342 1800/1756/1608 1802/1758/1610
f 1800/1756/1608 1789/1745/1597 1801/1757/1609
f 1791/1747/1599 1801/1757/1609 1789/1745/1597
f 1797/1753/1605 1502/1459/1332 1803/1759/1611
f 1804/1760/1610 1803/1759/1611 1502/1459/1332
f 1803/1759/1611 1790/1746/1598 1797/1753/1605
f 1783/1738/1590 1797/1753/1605 1790/1746/1598
f 1798/1755/1607 1508/1468/1341 1805/1761/1612
f 1568/1525/1397 1805/1761/1612 1508/1468/1341
f 1805/1761/1612 1794/1750/1602 1798/1755/1607
f 1787/1743/1595 1798/1755/1607 1794/1750/1602
f 1806/1762/1613 1569/1528/1399 1796/1751/1603
f 1506/1464/1337 1796/1751/1603 1569/1528/1399
f 1796/1751/1603 1793/1748/1600 1806/1762/1613
f 1792/1749/1601 1806/1762/1613 1793/1748/1600
f 1808/1763/1614 1512/1470/1343 1807/1764/1615
f 1511/1469/1342 1807/1764/1615 1512/1470/1343
f 1807/1764/1615 1775/1731/1583 1808/1763/1614
f 1774/1730/1582 1808/1763/1614 1775/1731/1583
f 1810/1765/1616 1502/1459/1332 1809/1766/1617
f 1501/1461/1334 1809/1766/1617 1502/1459/1332
f 1809/1766/1617 1776/1733/1585 1810/1765/1616
f 1781/1736/1588 1810/1765/1616 1776/1733/1585
f 1811/1767/1618 1574/1533/1404 1808/1763/1614
f 1512/1470/1343 1808/1763/1614 1574/1533/1404
f 1808/1763/1614 1774/1730/1582 1811/1767/1618
f 1778/1734/1586 1811/1767/1618 1774/1730/1582
f 1809/1766/1617 1501/1461/1334 1812/1768/1619
f 1577/1534/1405 1812/1768/1619 1501/1461/1334
f 1812/1768/1619 1777/1732/1584 1809/1766/1617
f 1776/1733/1585 1809/1766/1617 1777/1732/1584
f 1807/1764/1615 1511/1469/1342 1813/1769/1620
f 1802/1758/1610 1813/1769/1620 1511/1469/1342
f 1813/1769/1620 1779/1735/1587 1807/1764/1615
f 1775/1731/1583 1807/1764/1615 1779/1735/1587
f 1814/1770/1621 1804/1760/1610 1810/1765/1616
f 1502/1459/1332 1810/1765/1616 1804/1760/1610
f 1810/1765/1616 1781/1736/1588 1814/1770/1621
f 1780/1737/1589 1814/1770/1621 1781/1736/1588
f 1816/1771/1622 1817/1772/1439 1815/1773/1623
f 1818/1774/1624 1815/1773/1623 1817/1772/1439
f 1815/1773/1623 1818/1774/1624 1819/1775/1625
f 1820/1776/1626 1819/1775/1625 1818/1774/1624
f 1819/1775/1625 1820/1776/1626 1821/1777/1627
f 1822/1778/1433 1821/1777/1627 1820/1776/1626
f 1821/1777/1627 1822/1778/1433 1823/1779/1628
f 1824/1780/1629 1823/1779/1628 1822/1778/1433
f 1826/1781/1630 1827/1782/1629 1825/1783/1631
f 1828/1784/1632 1825/1783/1631 1827/1782/1629
f 1825/1783/1631 1828/1784/1632 1829/1785/1633
f 1830/1786/1436 1829/1785/1633 1828/1784/1632
f 1829/1785/1633 1830/1786/1436 1831/1787/1634
f 1832/1788/1437 1831/1787/1634 1830/1786/1436
f 1831/1787/1634 1832/1788/1437 1816/1771/1622
f 1817/1772/1439 1816/1771/1622 1832/1788/1437
f 1834/1789/1444 1835/1790/1635 1833/1791/1636
f 1836/1792/436 1835/1790/1635 1834/1789/1444
f 1838/1793/1637 1835/1790/1635 1837/1794/903
f 1839/1795/1448 1835/1790/1635 1838/1793/1637
f 1833/1791/1636 1835/1790/1635 1839/1795/1448
f 1760/1718/1574 1765/1721/1577 1840/1796/1638
f 1842/1797/1639 1843/1798/1640 1841/1799/1641
f 1845/1800/1642 1846/1801/1643 1844/1802/1644
f 1847/1803/1645 1844/1802/1644 1846/1801/1643
f 1849/1804/1646 1850/1805/1647 1848/1806/1648
f 1851/1807/1649 1848/1806/1648 1850/1805/1647
f 1853/1808/1650 1854/1809/1651 1852/1810/1652
f 1855/1811/1653 1852/1810/1652 1854/1809/1651
f 1856/1812/1654 1844/1802/1644 1843/1798/1640
f 1847/1803/1645 1843/1798/1640 1844/1802/1644
f 1857/1813/1655 1858/1814/1656 1854/1809/1651
f 1855/1811/1653 1854/1809/1651 1858/1814/1656
f 1850/1805/1647 1859/1815/1657 1851/1807/1649
f 1842/1797/1639 1851/1807/1649 1859/1815/1657
f 1859/1815/1657 1856/1812/1654 1842/1797/1639
f 1843/1798/1640 1842/1797/1639 1856/1812/1654
f 1861/1816/1658 1862/1817/1659 1860/1818/1660
f 1863/1819/1661 1860/1818/1660 1862/1817/1659
f 1858/1814/1656 1857/1813/1655 1864/1820/1662
f 1865/1821/1663 1864/1820/1662 1857/1813/1655
f 1867/1822/1664 1840/1796/1638 1866/1823/1665
f 1867/1822/1664 1866/1823/1665 1868/1824/1666
f 1869/1825/1667 1868/1824/1666 1866/1823/1665
f 1765/1721/1577 1860/1818/1660 1840/1796/1638
f 1866/1823/1665 1840/1796/1638 1860/1818/1660
f 1765/1721/1577 1861/1816/1658 1860/1818/1660
f 1871/1826/1668 1855/1811/1653 1870/1827/1669
f 1858/1814/1656 1870/1827/1669 1855/1811/1653
f 1873/1828/1670 1874/1829/1671 1872/1830/1672
f 1875/1831/1673 1872/1830/1672 1874/1829/1671
f 1854/1809/1651 1872/1830/1672 1857/1813/1655
f 1875/1831/1673 1857/1813/1655 1872/1830/1672
f 1853/1808/1650 1852/1810/1652 1876/1832/1674
f 1877/1833/1675 1876/1832/1674 1852/1810/1652
f 1852/1810/1652 1855/1811/1653 1878/1834/1676
f 1879/1835/1677 1878/1834/1676 1855/1811/1653
f 1855/1811/1653 1871/1826/1668 1879/1835/1677
f 1880/1836/1678 1879/1835/1677 1871/1826/1668
f 1870/1827/1669 1858/1814/1656 1881/1837/1679
f 1882/1838/1680 1881/1837/1679 1858/1814/1656
f 1858/1814/1656 1864/1820/1662 1882/1838/1680
f 1883/1839/1681 1882/1838/1680 1864/1820/1662
f 1864/1820/1662 1865/1821/1663 1884/1840/1682
f 1885/1841/1683 1884/1840/1682 1865/1821/1663
f 1865/1821/1663 1857/1813/1655 1886/1842/1684
f 1887/1843/1685 1886/1842/1684 1857/1813/1655
f 1857/1813/1655 1875/1831/1673 1887/1843/1685
f 1888/1844/1686 1887/1843/1685 1875/1831/1673
f 1875/1831/1673 1874/1829/1671 1888/1844/1686
f 1889/1845/1687 1888/1844/1686 1874/1829/1671
f 1874/1829/1671 1873/1828/1670 1890/1846/1687
f 1891/1847/1688 1890/1846/1687 1873/1828/1670
f 1873/1828/1670 1872/1830/1672 1892/1848/1689
f 1893/1849/1690 1892/1848/1689 1872/1830/1672
f 1872/1830/1672 1854/1809/1651 1893/1849/1690
f 1894/1850/1691 1893/1849/1690 1854/1809/1651
f 1854/1809/1651 1853/1808/1650 1894/1850/1691
f 1895/1851/1692 1894/1850/1691 1853/1808/1650
f 1896/1852/1693 1880/1836/1678 1871/1826/1668
f 1897/1853/1694 1896/1852/1693 1870/1827/1669
f 1871/1826/1668 1870/1827/1669 1896/1852/1693
f 1897/1853/1694 1870/1827/1669 1881/1837/1679
f 1899/1854/1695 1900/1855/1695 1898/1856/1695
f 1902/1857/1696 1903/1856/1696 1901/1855/1696
f 1843/1798/1640 1732/1688/1546 1841/1799/1641
f 1734/1690/1548 1841/1799/1641 1732/1688/1546
f 1847/1803/1645 1701/1659/1522 1843/1798/1640
f 1732/1688/1546 1843/1798/1640 1701/1659/1522
f 1696/1656/1519 1701/1659/1522 1846/1801/1643
f 1847/1803/1645 1846/1801/1643 1701/1659/1522
f 1697/1654/1517 1696/1656/1519 1862/1817/1659
f 1846/1801/1643 1862/1817/1659 1696/1656/1519
f 1861/1816/1658 1766/1722/1578 1862/1817/1659
f 1697/1654/1517 1862/1817/1659 1766/1722/1578
f 1764/1720/1576 1766/1722/1578 1765/1721/1577
f 1861/1816/1658 1765/1721/1577 1766/1722/1578
f 1759/1715/1571 1763/1719/1575 1742/1697/1554
f 1742/1697/1554 1763/1719/1575 1743/1699/1556
f 1762/1717/1573 1743/1699/1556 1763/1719/1575
f 1734/1690/1548 1736/1692/1550 1841/1799/1641
f 1904/1858/1697 1841/1799/1641 1736/1692/1550
f 865/857/797 864/856/796 1905/1859/1698
f 1906/1860/1699 1905/1859/1698 864/856/796
f 1907/1861/1700 1906/1860/1699 863/854/794
f 864/856/796 863/854/794 1906/1860/1699
f 1908/1862/1701 1909/1863/1702 874/866/806
f 874/866/806 1909/1863/1702 877/869/809
f 874/866/806 870/864/804 1908/1862/1701
f 933/925/864 1910/1864/1703 916/908/848
f 1907/1861/1700 863/854/794 1910/1864/1703
f 916/908/848 1910/1864/1703 863/854/794
f 1911/1865/1704 1910/1864/1703 927/918/858
f 933/925/864 927/918/858 1910/1864/1703
f 877/869/809 1909/1863/1702 932/923/863
f 1912/1866/1705 932/923/863 1909/1863/1702
f 1913/1867/1706 870/864/804 873/865/805
f 1908/1862/1701 870/864/804 1913/1867/1706
f 865/857/797 1905/1859/1698 1058/1050/973
f 1914/1868/1707 1058/1050/973 1905/1859/1698
f 881/875/815 1915/1869/1707 873/865/805
f 1913/1867/1706 873/865/805 1915/1869/1707
f 1917/1870/1708 1760/1718/1574 1916/1871/1709
f 1840/1796/1638 1916/1871/1709 1760/1718/1574
f 1867/1822/1664 1918/1872/1710 1840/1796/1638
f 1916/1871/1709 1840/1796/1638 1918/1872/1710
f 1868/1824/1666 1919/1873/1711 1867/1822/1664
f 1918/1872/1710 1867/1822/1664 1919/1873/1711
f 1848/1806/1648 1920/1874/1712 1868/1824/1666
f 1919/1873/1711 1868/1824/1666 1920/1874/1712
f 1851/1807/1649 1921/1875/1713 1848/1806/1648
f 1920/1874/1712 1848/1806/1648 1921/1875/1713
f 1841/1799/1641 1922/1876/1714 1842/1797/1639
f 1923/1877/1715 1842/1797/1639 1922/1876/1714
f 1921/1875/1713 1851/1807/1649 1923/1877/1715
f 1842/1797/1639 1923/1877/1715 1851/1807/1649
f 1760/1718/1574 1917/1870/1708 1761/1716/1572
f 1924/1878/1716 1761/1716/1572 1917/1870/1708
f 1904/1858/1697 1925/1879/1717 1841/1799/1641
f 1922/1876/1714 1841/1799/1641 1925/1879/1717
f 812/804/749 823/815/760 1926/1880/1718
f 1927/1881/1719 1926/1880/1718 823/815/760
f 814/805/750 1928/1882/1720 815/806/751
f 1929/1883/1721 815/806/751 1928/1882/1720
f 812/804/749 1926/1880/1718 809/803/748
f 1930/1884/1720 809/803/748 1926/1880/1718
f 820/812/757 826/818/763 1931/1885/1722
f 1932/1886/1723 1931/1885/1722 826/818/763
f 1929/1883/1721 1932/1886/1723 815/806/751
f 826/818/763 815/806/751 1932/1886/1723
f 820/812/757 1931/1885/1722 817/811/756
f 1933/1887/1724 817/811/756 1931/1885/1722
f 822/814/759 1934/1888/1725 823/815/760
f 1927/1881/1719 823/815/760 1934/1888/1725
f 1933/1887/1724 1934/1888/1725 817/811/756
f 822/814/759 817/811/756 1934/1888/1725
f 1936/1889/1726 1937/1890/1727 1935/1891/1728
f 1938/1892/1729 1935/1891/1728 1937/1890/1727
f 1939/1893/1730 1940/1894/1731 1936/1889/1726
f 1937/1890/1727 1936/1889/1726 1940/1894/1731
f 1941/1895/1732 1942/1896/1733 1939/1893/1730
f 1940/1894/1731 1939/1893/1730 1942/1896/1733
f 1943/1897/1734 1944/1898/1735 1941/1895/1732
f 1942/1896/1733 1941/1895/1732 1944/1898/1735
f 1946/1899/1736 1947/1900/1737 1945/1901/1738
f 1948/1902/1739 1945/1901/1738 1947/1900/1737
f 1949/1903/1740 1950/1904/1741 1946/1899/1736
f 1947/1900/1737 1946/1899/1736 1950/1904/1741
f 1951/1905/1742 1952/1906/1743 1949/1903/1740
f 1950/1904/1741 1949/1903/1740 1952/1906/1743
f 1953/1907/1744 1954/1908/1745 1951/1905/1742
f 1952/1906/1743 1951/1905/1742 1954/1908/1745
f 1425/1383/1271 740/735/688 1955/1909/1746
f 716/711/666 1955/1909/1746 740/735/688
f 45/45/44 44/44/43 1955/1909/1746
f 1425/1383/1271 1955/1909/1746 44/44/43
f 1956/1910/1747 721/717/670 64/64/62
f 40/42/41 64/64/62 721/717/670
f 1955/1909/1746 716/711/666 1957/1911/1748
f 715/713/662 1957/1911/1748 716/711/666
f 711/709/664 736/731/684 1958/1912/1749
f 735/732/685 1958/1912/1749 736/731/684
f 1959/1913/1750 712/707/662 1958/1912/1749
f 711/709/664 1958/1912/1749 712/707/662
f 721/717/670 1956/1910/1747 735/732/685
f 1958/1912/1749 735/732/685 1956/1910/1747
f 1620/1578/1443 1960/1914/1747 1633/1591/1454
f 1961/1915/1751 1633/1591/1454 1960/1914/1747
f 1620/1578/1443 1619/1576/1441 1960/1914/1747
f 1962/1916/1749 1960/1914/1747 1619/1576/1441
f 1619/1576/1441 1624/1582/1447 1962/1916/1749
f 1963/1917/1750 1962/1916/1749 1624/1582/1447
f 1627/1585/1450 1630/1588/1452 1964/1918/1746
f 1965/1919/1752 1964/1918/1746 1630/1588/1452
f 1624/1582/1447 1627/1585/1450 1963/1917/1750
f 1964/1918/1746 1963/1917/1750 1627/1585/1450
f 1967/1123/1020 1968/1124/1021 1966/1125/1026
f 1969/1126/1023 1966/1125/1026 1968/1124/1021
f 1971/1127/1024 1972/1128/1025 1970/1129/1022
f 1974/1130/1027 1975/1131/1028 1973/1132/1029
f 1976/1133/1753 1973/1132/1029 1975/1131/1028
f 1978/1134/1031 1979/1135/1032 1977/1136/1033
f 1981/1137/1754 1971/1127/1024 1980/1138/1755
f 1983/1147/1043 1978/1134/1031 1982/1148/1044
f 1985/1273/1174 1986/1274/1175 1984/1275/1756
f 1987/1276/1177 1984/1275/1756 1986/1274/1175
f 1984/1275/1756 1988/1277/1178 1985/1273/1174
f 1989/1278/1179 1985/1273/1174 1988/1277/1178
f 1982/1148/1044 1978/1134/1031 1990/1283/1184
f 1991/1284/1185 1990/1283/1184 1978/1134/1031
f 1993/1287/1188 1966/1125/1026 1992/1288/1189
f 1969/1126/1023 1992/1288/1189 1966/1125/1026
f 1995/1291/1192 1971/1127/1024 1994/1292/1193
f 1970/1129/1022 1994/1292/1193 1971/1127/1024
f 1991/1284/1185 1978/1134/1031 1996/1293/1194
f 1977/1136/1033 1996/1293/1194 1978/1134/1031
f 1998/1294/1195 1974/1130/1027 1997/1295/1196
f 1973/1132/1029 1997/1295/1196 1974/1130/1027
f 1980/1138/1755 1971/1127/1024 1999/1296/1197
f 1995/1291/1192 1999/1296/1197 1971/1127/1024
f 2001/1920/1757 2002/1921/1758 2000/1922/1759
f 2003/1923/1760 2000/1922/1759 2002/1921/1758
f 2004/1924/1761 2005/1925/1762 2001/1920/1757
f 2002/1921/1758 2006/1926/1763 2003/1923/1760
f 2008/1927/1764 2009/1928/1765 2007/1929/1766
f 2010/1930/1767 2007/1929/1766 2009/1928/1765
f 2012/1931/1768 2013/1932/1769 2011/1933/1770
f 2015/1934/1771 2016/1935/1772 2014/1936/1773
f 2017/1937/1774 2014/1936/1773 2016/1935/1772
f 2016/1935/1772 2019/1938/1775 2018/1939/1776
f 2020/1940/1777 2018/1939/1776 2019/1938/1775
f 2022/1941/1778 2023/1942/1779 2021/1943/1780
f 2024/1924/1781 2021/1943/1780 2023/1942/1779
f 2026/1926/1782 2027/1933/1783 2025/1944/1784
f 2028/1945/1785 2025/1944/1784 2027/1933/1783
f 2030/1946/1786 2031/1925/1787 2029/1947/1788
f 2032/1948/1789 2029/1947/1788 2031/1925/1787
f 2034/1949/1790 2035/1950/1791 2033/1951/1792
f 2036/1952/1793 2033/1951/1792 2035/1950/1791
f 2004/1924/1761 2037/1942/1794 2005/1925/1762
f 2038/1953/1795 2005/1925/1762 2037/1942/1794
f 2016/1935/1772 2018/1939/1776 2017/1937/1774
f 2040/1954/1796 2041/1955/1797 2039/1956/1798
f 2042/1957/1799 2039/1956/1798 2041/1955/1797
f 2008/1927/1764 2007/1929/1766 2002/1921/1758
f 2043/1958/1800 2002/1921/1758 2007/1929/1766
f 2038/1953/1795 2037/1942/1794 2044/1959/1801
f 2012/1931/1768 2015/1934/1771 2045/1952/1802
f 2014/1936/1773 2045/1952/1802 2015/1934/1771
f 2041/1955/1797 2046/1946/1803 2042/1957/1799
f 2012/1931/1768 2045/1952/1802 2047/1950/1804
f 2041/1955/1797 2040/1954/1796 2008/1927/1764
f 2009/1928/1765 2008/1927/1764 2040/1954/1796
f 2043/1958/1800 2015/1934/1771 2012/1931/1768
f 2001/1920/1757 2041/1955/1797 2002/1921/1758
f 2008/1927/1764 2002/1921/1758 2041/1955/1797
f 2043/1958/1800 2007/1929/1766 2015/1934/1771
f 2016/1935/1772 2015/1934/1771 2007/1929/1766
f 2019/1938/1775 2016/1935/1772 2010/1930/1767
f 2007/1929/1766 2010/1930/1767 2016/1935/1772
f 2037/1942/1794 2048/1960/1805 2044/1959/1801
f 2050/1961/1806 2051/1932/1807 2049/1962/1808
f 2035/1950/1791 2049/1962/1808 2051/1932/1807
f 2052/1963/1809 2053/1923/1810 2025/1944/1784
f 2026/1926/1782 2025/1944/1784 2053/1923/1810
f 2027/1933/1783 2051/1932/1807 2028/1945/1785
f 2054/1964/1811 2028/1945/1785 2051/1932/1807
f 2056/1965/1812 2057/1937/1813 2055/1966/1814
f 2058/1939/1815 2055/1966/1814 2057/1937/1813
f 2060/1967/1816 2061/1959/1817 2059/1968/1818
f 2062/1960/1819 2059/1968/1818 2061/1959/1817
f 2055/1966/1814 2058/1939/1815 2063/1969/1820
f 2064/1940/1821 2063/1969/1820 2058/1939/1815
f 2066/1936/1822 2057/1937/1813 2065/1970/1823
f 2056/1965/1812 2065/1970/1823 2057/1937/1813
f 2033/1951/1792 2036/1952/1793 2065/1970/1823
f 2066/1936/1822 2065/1970/1823 2036/1952/1793
f 2068/1922/1824 2053/1923/1810 2067/1971/1825
f 2052/1963/1809 2067/1971/1825 2053/1923/1810
f 2031/1925/1787 2069/1953/1826 2032/1948/1789
f 2070/1972/1827 2032/1948/1789 2069/1953/1826
f 2072/1957/1828 2030/1946/1786 2071/1973/1829
f 2029/1947/1788 2071/1973/1829 2030/1946/1786
f 2021/1943/1780 2024/1924/1781 2067/1971/1825
f 2068/1922/1824 2067/1971/1825 2024/1924/1781
f 2073/1974/1830 2074/1956/1831 2071/1973/1829
f 2072/1957/1828 2071/1973/1829 2074/1956/1831
f 2069/1953/1826 2075/1959/1832 2070/1972/1827
f 2076/1975/1833 2070/1972/1827 2075/1959/1832
f 2077/1976/1834 2078/1960/1835 2022/1941/1778
f 2023/1942/1779 2022/1941/1778 2078/1960/1835
f 2080/1977/1836 2081/1978/1837 2079/1979/1838
f 2082/1980/1839 2079/1979/1838 2081/1978/1837
f 2084/1981/1840 2085/1982/1841 2083/1983/1842
f 2086/1984/1843 2083/1983/1842 2085/1982/1841
f 2088/1985/1844 2089/1986/1845 2087/1987/1846
f 2090/1988/1847 2087/1987/1846 2089/1986/1845
f 2092/1989/1848 2093/1990/1849 2091/1991/1850
f 2094/1992/1851 2091/1991/1850 2093/1990/1849
f 2096/1993/1852 2097/1994/1853 2095/1995/1854
f 2098/1996/1855 2095/1995/1854 2097/1994/1853
f 2100/1997/1856 2101/1998/1857 2099/1999/1858
f 2102/2000/1859 2099/1999/1858 2101/1998/1857
f 2104/2001/1860 2092/1989/1848 2103/2002/1861
f 2091/1991/1850 2103/2002/1861 2092/1989/1848
f 2106/2003/1862 2107/2004/1863 2105/2005/1864
f 2108/2006/1865 2105/2005/1864 2107/2004/1863
f 2110/2007/1866 2096/1993/1852 2109/2008/1867
f 2095/1995/1854 2109/2008/1867 2096/1993/1852
f 2112/2009/1868 2088/1985/1844 2111/2010/1869
f 2087/1987/1846 2111/2010/1869 2088/1985/1844
f 2114/2011/1870 2115/2012/1871 2113/2013/1872
f 2116/2014/1873 2113/2013/1872 2115/2012/1871
f 2118/2015/1874 2119/2016/1875 2117/2017/1876
f 2120/2018/1877 2117/2017/1876 2119/2016/1875
f 2122/2019/1878 2123/2020/1879 2121/2021/1880
f 2122/2019/1878 2121/2021/1880 2124/2022/1881
f 2122/2019/1878 2124/2022/1881 2125/2023/1882
f 2122/2019/1878 2125/2023/1882 2126/2024/1883
f 2122/2019/1878 2126/2024/1883 2127/2025/1884
f 2122/2019/1878 2127/2025/1884 2128/2026/1885
f 2122/2019/1878 2128/2026/1885 2129/2027/1886
f 2122/2019/1878 2129/2027/1886 2130/2028/1887
f 2122/2019/1878 2130/2028/1887 2131/2029/1888
f 2122/2019/1878 2131/2029/1888 2132/2030/1889
f 2122/2019/1878 2132/2030/1889 2133/2031/1890
f 2122/2019/1878 2133/2031/1890 2134/2032/1891
f 2122/2019/1878 2134/2032/1891 2135/2033/1892
f 2122/2019/1878 2135/2033/1892 2136/2034/1893
f 2122/2019/1878 2136/2034/1893 2137/2035/1894
f 2122/2019/1878 2137/2035/1894 2123/2020/1879
f 2139/2036/1895 2140/2037/1896 2138/2038/1897
f 2141/2039/1898 2138/2038/1897 2140/2037/1896
f 2143/2040/1899 2144/2041/1900 2142/2042/1901
f 2145/2043/1902 2142/2042/1901 2144/2041/1900
f 2144/2041/1900 2138/2038/1897 2145/2043/1902
f 2141/2039/1898 2145/2043/1902 2138/2038/1897
f 2146/2044/1903 2147/2045/1904 2142/2042/1901
f 2143/2040/1899 2142/2042/1901 2147/2045/1904
f 2149/2046/1905 2150/2047/1906 2148/2048/1907
f 2149/2046/1905 2148/2048/1907 2151/2049/1908
f 2149/2046/1905 2151/2049/1908 2152/2050/1909
f 2149/2046/1905 2152/2050/1909 2153/2051/1910
f 2149/2046/1905 2153/2051/1910 2154/2052/1911
f 2149/2046/1905 2154/2052/1911 2155/2053/1912
f 2149/2046/1905 2155/2053/1912 2156/2054/1913
f 2149/2046/1905 2156/2054/1913 2150/2047/1906
f 2158/2055/1914 2159/2056/1915 2157/2057/1916
f 2160/2058/1917 2157/2057/1916 2159/2056/1915
f 2157/2057/1916 2160/2058/1917 2161/2059/1918
f 2162/2060/1919 2161/2059/1918 2160/2058/1917
f 2161/2059/1918 2162/2060/1919 2163/2061/1920
f 2164/2062/1921 2163/2061/1920 2162/2060/1919
f 2163/2061/1920 2164/2062/1921 2165/2063/1922
f 2166/2064/1923 2165/2063/1922 2164/2062/1921
f 2165/2063/1922 2166/2064/1923 2167/2065/1924
f 2168/2066/1925 2167/2065/1924 2166/2064/1923
f 2167/2065/1924 2168/2066/1925 2169/2067/1926
f 2170/2068/1927 2169/2067/1926 2168/2066/1925
f 2169/2067/1926 2170/2068/1927 2171/2069/1928
f 2172/2070/1929 2171/2069/1928 2170/2068/1927
f 2172/2070/1929 2159/2056/1915 2171/2069/1928
f 2158/2055/1914 2171/2069/1928 2159/2056/1915
f 2172/2070/1929 2173/2071/1930 2159/2056/1915
f 2170/2068/1927 2173/2071/1930 2172/2070/1929
f 2168/2066/1925 2173/2071/1930 2170/2068/1927
f 2166/2064/1923 2173/2071/1930 2168/2066/1925
f 2164/2062/1921 2173/2071/1930 2166/2064/1923
f 2162/2060/1919 2173/2071/1930 2164/2062/1921
f 2160/2058/1917 2173/2071/1930 2162/2060/1919
f 2159/2056/1915 2173/2071/1930 2160/2058/1917
f 2151/2049/1908 2148/2048/1907 2174/2072/1931
f 2175/2073/1932 2174/2072/1931 2148/2048/1907
f 2152/2050/1909 2151/2049/1908 2176/2074/1933
f 2174/2072/1931 2176/2074/1933 2151/2049/1908
f 2153/2051/1910 2152/2050/1909 2177/2075/1934
f 2176/2074/1933 2177/2075/1934 2152/2050/1909
f 2154/2052/1911 2153/2051/1910 2178/2076/1935
f 2177/2075/1934 2178/2076/1935 2153/2051/1910
f 2155/2053/1912 2154/2052/1911 2179/2077/1936
f 2178/2076/1935 2179/2077/1936 2154/2052/1911
f 2156/2054/1913 2155/2053/1912 2180/2078/1937
f 2179/2077/1936 2180/2078/1937 2155/2053/1912
f 2150/2047/1906 2156/2054/1913 2181/2079/1938
f 2180/2078/1937 2181/2079/1938 2156/2054/1913
f 2175/2073/1932 2148/2048/1907 2181/2079/1938
f 2150/2047/1906 2181/2079/1938 2148/2048/1907
f 2183/2080/1939 2184/2081/1940 2182/2082/1941
f 2185/2083/1942 2182/2082/1941 2184/2081/1940
f 2187/2084/1943 2188/2085/1944 2186/2086/1945
f 2189/2087/1946 2186/2086/1945 2188/2085/1944
f 2191/2088/1947 2192/2089/1948 2190/2090/1949
f 2193/2091/1950 2190/2090/1949 2192/2089/1948
f 2193/2091/1950 2192/2089/1948 2194/2092/1951
f 2195/2093/1952 2194/2092/1951 2192/2089/1948
f 2195/2093/1952 2196/2094/1953 2194/2092/1951
f 2197/2095/1954 2194/2092/1951 2196/2094/1953
f 2196/2094/1953 2198/2096/1955 2197/2095/1954
f 2199/2097/1956 2197/2095/1954 2198/2096/1955
f 2201/2098/1957 2202/2099/1958 2200/2100/1959
f 2204/2101/1960 2205/2102/1961 2203/2103/1962
f 2206/2104/1963 2203/2103/1962 2205/2102/1961
f 2208/2105/1964 2209/2106/1965 2207/2107/1966
f 2210/2108/1967 2207/2107/1966 2209/2106/1965
f 2212/2109/1968 2213/2110/1969 2211/2111/1970
f 2214/2112/1971 2211/2111/1970 2213/2110/1969
f 2216/2113/1972 2217/2114/1973 2215/2115/1974
f 2218/2116/1975 2215/2115/1974 2217/2114/1973
f 2220/2117/1976 2221/2118/1977 2219/2119/1978
f 2222/2120/1979 2219/2119/1978 2221/2118/1977
f 2224/2121/1980 2225/2122/1981 2223/2123/1982
f 2226/2124/1983 2223/2123/1982 2225/2122/1981
f 2228/2125/1984 2229/2126/1985 2227/2127/1986
f 2230/2128/1987 2227/2127/1986 2229/2126/1985
f 2232/2129/1988 2233/2130/1989 2231/2131/1990
f 2234/2132/1991 2231/2131/1990 2233/2130/1989
f 2235/2133/1992 2236/2134/1993 2229/2126/1985
f 2230/2128/1987 2229/2126/1985 2236/2134/1993
f 2238/2135/1994 2223/2123/1982 2237/2136/1995
f 2226/2124/1983 2237/2136/1995 2223/2123/1982
f 2240/2137/1996 2241/2138/1997 2239/2139/1998
f 2242/2140/1999 2239/2139/1998 2241/2138/1997
f 2243/2141/2000 2244/2142/2001 2231/2131/1990
f 2232/2129/1988 2231/2131/1990 2244/2142/2001
f 2240/2137/1996 2245/2143/2002 2241/2138/1997
f 2246/2144/2003 2241/2138/1997 2245/2143/2002
f 2221/2118/1977 2247/2145/2004 2222/2120/1979
f 2248/2146/2005 2222/2120/1979 2247/2145/2004
f 2249/2147/2006 2250/2148/2007 2216/2113/1972
f 2217/2114/1973 2216/2113/1972 2250/2148/2007
f 2252/2149/2008 2238/2135/1994 2251/2150/2009
f 2237/2136/1995 2251/2150/2009 2238/2135/1994
f 2254/2151/2010 2252/2149/2008 2253/2152/2011
f 2251/2150/2009 2253/2152/2011 2252/2149/2008
f 2256/2153/2012 2257/2154/2013 2255/2155/2014
f 2258/2156/2015 2255/2155/2014 2257/2154/2013
f 2259/2157/2016 2260/2158/2017 2255/2155/2014
f 2256/2153/2012 2255/2155/2014 2260/2158/2017
f 2198/2096/1955 2186/2086/1945 2199/2097/1956
f 2189/2087/1946 2199/2097/1956 2186/2086/1945
f 2183/2080/1939 2182/2082/1941 2190/2090/1949
f 2191/2088/1947 2190/2090/1949 2182/2082/1941
f 2215/2115/1974 2218/2116/1975 2259/2157/2016
f 2260/2158/2017 2259/2157/2016 2218/2116/1975
f 2257/2154/2013 2220/2117/1976 2258/2156/2015
f 2219/2119/1978 2258/2156/2015 2220/2117/1976
f 2262/2159/2018 2263/2160/2019 2261/2161/2020
f 2264/2162/2021 2261/2161/2020 2263/2160/2019
f 2265/2163/2022 2266/2164/2023 2261/2161/2020
f 2262/2159/2018 2261/2161/2020 2266/2164/2023
f 2233/2130/1989 2266/2164/2023 2234/2132/1991
f 2265/2163/2022 2234/2132/1991 2266/2164/2023
f 2264/2162/2021 2263/2160/2019 2227/2127/1986
f 2228/2125/1984 2227/2127/1986 2263/2160/2019
f 2267/2165/2024 2268/2166/2025 2253/2152/2011
f 2254/2151/2010 2253/2152/2011 2268/2166/2025
f 2239/2139/1998 2242/2140/1999 2267/2165/2024
f 2268/2166/2025 2267/2165/2024 2242/2140/1999
f 2269/2167/2026 2200/2100/1959 2206/2104/1963
f 2203/2103/1962 2206/2104/1963 2200/2100/1959
f 2271/2168/2027 2272/2169/2028 2270/2170/2029
f 2273/2171/2030 2270/2170/2029 2272/2169/2028
f 2273/2171/2030 2274/2172/2031 2270/2170/2029
f 2275/2173/2032 2270/2170/2029 2274/2172/2031
f 2214/2112/1971 2213/2110/1969 2274/2172/2031
f 2275/2173/2032 2274/2172/2031 2213/2110/1969
f 2272/2169/2028 2271/2168/2027 2208/2105/1964
f 2209/2106/1965 2208/2105/1964 2271/2168/2027
f 2276/2174/2033 2277/2175/2034 2211/2111/1970
f 2212/2109/1968 2211/2111/1970 2277/2175/2034
f 2210/2108/1967 2278/2176/2035 2207/2107/1966
f 2279/2177/2036 2207/2107/1966 2278/2176/2035
f 2269/2167/2026 2280/2178/2037 2200/2100/1959
f 2201/2098/1957 2200/2100/1959 2280/2178/2037
f 2282/2179/2038 2283/2180/2039 2281/2181/2040
f 2284/2182/2041 2281/2181/2040 2283/2180/2039
f 2281/2181/2040 2284/2182/2041 2285/2183/2042
f 2286/2184/2043 2285/2183/2042 2284/2182/2041
f 2288/2185/1881 2289/2186/2044 2287/2187/1882
f 2290/2188/2045 2287/2187/1882 2289/2186/2044
f 2287/2187/1882 2290/2188/2045 2291/2189/1883
f 2292/2190/2046 2291/2189/1883 2290/2188/2045
f 2291/2189/1883 2292/2190/2046 2293/2191/2047
f 2294/2192/2048 2293/2191/2047 2292/2190/2046
f 2294/2192/2048 2295/2193/2049 2293/2191/2047
f 2296/2194/2050 2293/2191/2047 2295/2193/2049
f 2296/2194/2050 2295/2193/2049 2297/2195/2051
f 2298/2196/2052 2297/2195/2051 2295/2193/2049
f 2298/2196/2052 2299/2197/2053 2297/2195/2051
f 2300/2198/2054 2297/2195/2051 2299/2197/2053
f 2299/2197/2053 2301/2199/2055 2300/2198/2054
f 2302/2200/2056 2300/2198/2054 2301/2199/2055
f 2301/2199/2055 2303/2201/2057 2302/2200/2056
f 2304/2202/2058 2302/2200/2056 2303/2201/2057
f 2306/2203/2059 2307/2204/2060 2305/2205/2061
f 2308/2206/2062 2305/2205/2061 2307/2204/2060
f 2307/2204/2060 2309/2207/2063 2308/2206/2062
f 2310/2208/1891 2308/2206/2062 2309/2207/2063
f 2310/2208/1891 2309/2207/2063 2311/2209/2064
f 2312/2210/2065 2311/2209/2064 2309/2207/2063
f 2311/2209/2064 2312/2210/2065 2313/2211/2066
f 2314/2212/2067 2313/2211/2066 2312/2210/2065
f 2313/2211/2066 2314/2212/2067 2315/2213/2068
f 2316/2214/2069 2315/2213/2068 2314/2212/2067
f 2315/2213/2068 2316/2214/2069 2282/2179/2038
f 2283/2180/2039 2282/2179/2038 2316/2214/2069
f 2318/2215/974 2319/2216/974 2317/2217/2070
f 2320/2218/2071 2317/2217/2070 2319/2216/974
f 2138/2038/1897 2144/2041/1900 2320/2218/2071
f 2317/2217/2070 2320/2218/2071 2144/2041/1900
f 2322/2219/2072 2323/2220/2073 2321/2221/2074
f 2324/2222/2075 2321/2221/2074 2323/2220/2073
f 2140/2037/1896 2139/2036/1895 2324/2222/2075
f 2321/2221/2074 2324/2222/2075 2139/2036/1895
f 2319/2216/974 2322/2219/2072 2320/2218/2071
f 2321/2221/2074 2320/2218/2071 2322/2219/2072
f 2139/2036/1895 2138/2038/1897 2321/2221/2074
f 2320/2218/2071 2321/2221/2074 2138/2038/1897
f 2326/2223/974 2327/2224/974 2325/2225/2076
f 2328/2226/2077 2325/2225/2076 2327/2224/974
f 2143/2040/1899 2147/2045/1904 2328/2226/2077
f 2325/2225/2076 2328/2226/2077 2147/2045/1904
f 2327/2224/974 2318/2215/974 2328/2226/2077
f 2317/2217/2070 2328/2226/2077 2318/2215/974
f 2144/2041/1900 2143/2040/1899 2317/2217/2070
f 2328/2226/2077 2317/2217/2070 2143/2040/1899
f 2330/2227/2078 2331/2228/2079 2329/2229/2080
f 2333/2230/2081 2334/2231/2082 2332/2232/2083
f 2335/2233/2084 2332/2232/2083 2334/2231/2082
f 2337/2234/2085 2338/2235/2086 2336/2236/2087
f 2339/2237/2088 2336/2236/2087 2338/2235/2086
f 2341/2238/2089 2342/2239/2090 2340/2240/2091
f 2343/2241/2092 2344/2242/2093 2340/2240/2091
f 2346/2243/2094 2347/2244/2095 2345/2245/2096
f 2348/2246/2097 2345/2245/2096 2347/2244/2095
f 2329/2229/2080 2331/2228/2079 2349/2247/2098
f 2349/2247/2098 2331/2228/2079 2350/2248/2099
f 2350/2248/2099 2331/2228/2079 2351/2249/2100
f 2351/2249/2100 2331/2228/2079 2352/2250/2101
f 2352/2250/2101 2331/2228/2079 2353/2251/2102
f 2353/2251/2102 2331/2228/2079 2354/2252/2103
f 2354/2252/2103 2331/2228/2079 2355/2253/2104
f 2357/2254/2105 2358/2255/2106 2356/2256/2107
f 2359/2257/2108 2356/2256/2107 2358/2255/2106
f 2361/2258/2109 2362/2259/2110 2360/2260/2111
f 2363/2261/2112 2360/2260/2111 2362/2259/2110
f 2365/2262/2113 2366/2263/2114 2364/2264/2115
f 2367/2265/2116 2364/2264/2115 2366/2263/2114
f 2369/2266/2117 2370/2267/2118 2368/2268/2119
f 2371/2269/2120 2368/2268/2119 2370/2267/2118
f 2344/2242/2093 2341/2238/2089 2340/2240/2091
f 2372/2270/2121 2343/2241/2092 2340/2240/2091
f 2374/2271/2122 2375/2272/2123 2373/2273/2124
f 2376/2274/2125 2373/2273/2124 2375/2272/2123
f 2378/2275/2126 2379/2276/2126 2377/2277/2127
f 2380/2278/2127 2377/2277/2127 2379/2276/2126
f 2382/2279/2128 2383/2280/2129 2381/2281/2130
f 2384/2282/2131 2381/2281/2130 2383/2280/2129
f 2385/2283/2132 2386/2284/2133 2381/2281/2130
f 2382/2279/2128 2381/2281/2130 2386/2284/2133
f 2387/2285/2134 2388/2286/2134 2385/2283/2132
f 2386/2284/2133 2385/2283/2132 2388/2286/2134
f 2390/2287/2135 2388/2286/2134 2389/2288/2136
f 2387/2285/2134 2389/2288/2136 2388/2286/2134
f 2391/2289/2137 2392/2290/2138 2389/2288/2136
f 2390/2287/2135 2389/2288/2136 2392/2290/2138
f 2393/2291/2139 2394/2292/2139 2391/2289/2137
f 2392/2290/2138 2391/2289/2137 2394/2292/2139
f 2377/2277/2127 2380/2278/2127 2393/2291/2139
f 2394/2292/2139 2393/2291/2139 2380/2278/2127
f 2370/2267/2118 2369/2266/2117 2395/2293/2140
f 2396/2294/2141 2395/2293/2140 2369/2266/2117
f 2375/2272/2123 2374/2271/2122 2348/2246/2097
f 2345/2245/2096 2348/2246/2097 2374/2271/2122
f 2366/2263/2114 2365/2262/2113 2371/2269/2120
f 2368/2268/2119 2371/2269/2120 2365/2262/2113
f 2362/2259/2110 2361/2258/2109 2397/2295/2142
f 2398/2296/2083 2397/2295/2142 2361/2258/2109
f 2358/2255/2106 2357/2254/2105 2367/2265/2116
f 2364/2264/2115 2367/2265/2116 2357/2254/2105
f 2347/2244/2095 2346/2243/2094 2339/2237/2088
f 2336/2236/2087 2339/2237/2088 2346/2243/2094
f 2338/2235/2086 2337/2234/2085 2363/2261/2112
f 2360/2260/2111 2363/2261/2112 2337/2234/2085
f 2334/2231/2082 2333/2230/2081 2359/2257/2108
f 2356/2256/2107 2359/2257/2108 2333/2230/2081
f 2400/2297/2143 2401/2298/2144 2399/2299/2145
f 2401/2298/2144 2400/2297/2143 2402/2300/2146
f 2403/2301/2147 2402/2300/2146 2400/2297/2143
f 2403/2301/2147 2404/2302/2148 2402/2300/2146
f 2404/2302/2148 2405/2303/2149 2402/2300/2146
f 2406/2304/2150 2402/2300/2146 2405/2303/2149
f 2405/2303/2149 2407/2305/2151 2406/2304/2150
f 2406/2304/2150 2407/2305/2151 2408/2306/2152
f 2409/2307/2153 2408/2306/2152 2407/2305/2151
f 2409/2307/2153 2410/2308/2154 2408/2306/2152
f 2408/2306/2152 2410/2308/2154 2411/2309/2155
f 2412/2310/2156 2411/2309/2155 2410/2308/2154
f 2414/2311/2157 2415/2312/2158 2413/2313/2157
f 2416/2314/2158 2413/2313/2157 2415/2312/2158
f 2418/2315/2159 2419/2316/2159 2417/2317/2160
f 2420/2318/2160 2417/2317/2160 2419/2316/2159
f 2420/2318/2160 2421/2319/2161 2417/2317/2160
f 2422/2320/2161 2417/2317/2160 2421/2319/2161
f 2421/2319/2161 2423/2321/2162 2422/2320/2161
f 2424/2322/2162 2422/2320/2161 2423/2321/2162
f 2424/2322/2162 2423/2321/2162 2425/2323/2163
f 2426/2324/2163 2425/2323/2163 2423/2321/2162
f 2426/2324/2163 2427/2325/2164 2425/2323/2163
f 2428/2326/2164 2425/2323/2163 2427/2325/2164
f 2428/2326/2164 2427/2325/2164 2429/2327/2165
f 2430/2328/2165 2429/2327/2165 2427/2325/2164
f 2432/2329/2166 2433/2330/2166 2431/2331/2167
f 2434/2332/2167 2431/2331/2167 2433/2330/2166
f 2429/2327/2165 2430/2328/2165 2435/2333/2168
f 2436/2334/2168 2435/2333/2168 2430/2328/2165
f 2438/2335/2169 2439/2336/2170 2437/2337/2120
f 2440/2338/2116 2437/2337/2120 2439/2336/2170
f 2442/2339/2171 2443/2340/2172 2441/2341/2173
f 2444/2342/2173 2441/2341/2173 2443/2340/2172
f 2446/2343/2174 2447/2344/2175 2445/2345/2176
f 2448/2346/2176 2445/2345/2176 2447/2344/2175
f 2444/2342/2173 2449/2347/2177 2441/2341/2173
f 2450/2348/2177 2441/2341/2173 2449/2347/2177
f 2445/2345/2176 2448/2346/2176 2442/2339/2171
f 2443/2340/2172 2442/2339/2171 2448/2346/2176
f 2452/2349/2084 2453/2350/2178 2451/2351/2179
f 2455/2352/2088 2456/2353/2180 2454/2354/2181
f 2439/2336/2170 2457/2355/2182 2440/2338/2116
f 2456/2353/2180 2458/2356/2183 2454/2354/2181
f 2459/2357/2125 2454/2354/2181 2458/2356/2183
f 2438/2335/2169 2437/2337/2120 2460/2358/2184
f 2451/2351/2179 2453/2350/2178 2455/2352/2088
f 2456/2353/2180 2455/2352/2088 2453/2350/2178
f 2439/2336/2170 2453/2350/2178 2457/2355/2182
f 2452/2349/2084 2457/2355/2182 2453/2350/2178
f 2436/2334/2168 2461/2359/2185 2435/2333/2168
f 2462/2360/2186 2435/2333/2168 2461/2359/2185
f 2434/2332/2167 2463/2361/2187 2431/2331/2167
f 2464/2362/2187 2431/2331/2167 2463/2361/2187
f 2463/2361/2187 2465/2363/2188 2464/2362/2187
f 2466/2364/2188 2464/2362/2187 2465/2363/2188
f 2466/2364/2188 2465/2363/2188 2467/2365/2189
f 2468/2366/2189 2467/2365/2189 2465/2363/2188
f 2468/2366/2189 2469/2367/2190 2467/2365/2189
f 2470/2368/2190 2467/2365/2189 2469/2367/2190
f 2470/2368/2190 2469/2367/2190 2471/2369/2191
f 2472/2370/2191 2471/2369/2191 2469/2367/2190
f 2416/2314/2158 2415/2312/2158 2432/2329/2166
f 2433/2330/2166 2432/2329/2166 2415/2312/2158
f 2473/2371/2192 2454/2354/2181 2459/2357/2125
f 2474/2372/2193 2460/2358/2184 2437/2337/2120
f 2475/2373/2194 2437/2337/2120 2440/2338/2116
f 2451/2351/2179 2476/2374/2195 2452/2349/2084
f 2477/2375/2196 2440/2338/2116 2457/2355/2182
f 2454/2354/2181 2478/2376/2197 2455/2352/2088
f 2455/2352/2088 2479/2377/2198 2451/2351/2179
f 2480/2378/2082 2457/2355/2182 2452/2349/2084
f 2482/2379/2199 2483/2380/2200 2481/2381/2201
f 2484/2382/2202 2481/2381/2201 2483/2380/2200
f 2483/2380/2200 2485/2383/2203 2484/2382/2202
f 2486/2384/2204 2484/2382/2202 2485/2383/2203
f 2485/2383/2203 2487/2385/2205 2486/2384/2204
f 2488/2386/2206 2486/2384/2204 2487/2385/2205
f 2487/2385/2205 2489/2387/2207 2488/2386/2206
f 2490/2388/2208 2488/2386/2206 2489/2387/2207
f 2492/2389/2209 2493/2390/2210 2491/2391/2211
f 2494/2392/2212 2491/2391/2211 2493/2390/2210
f 2492/2389/2209 2491/2391/2211 2495/2393/2213
f 2496/2394/2214 2495/2393/2213 2491/2391/2211
f 2495/2393/2213 2496/2394/2214 2497/2395/2215
f 2498/2396/2216 2497/2395/2215 2496/2394/2214
f 2500/2397/2217 2501/2398/2218 2499/2399/2219
f 2502/2400/2220 2499/2399/2219 2501/2398/2218
f 2503/2401/2221 2504/2402/2222 2500/2397/2217
f 2501/2398/2218 2500/2397/2217 2504/2402/2222
f 2505/2403/2223 2506/2404/2224 2503/2401/2221
f 2504/2402/2222 2503/2401/2221 2506/2404/2224
f 2507/2405/2225 2508/2406/2226 2505/2403/2223
f 2506/2404/2224 2505/2403/2223 2508/2406/2226
f 2509/2407/2227 2510/2408/2228 2507/2405/2225
f 2508/2406/2226 2507/2405/2225 2510/2408/2228
f 2512/2409/2229 2483/2380/2200 2511/2410/2230
f 2482/2379/2199 2511/2410/2230 2483/2380/2200
f 2513/2411/2231 2485/2383/2203 2512/2409/2229
f 2483/2380/2200 2512/2409/2229 2485/2383/2203
f 2514/2412/2232 2487/2385/2205 2513/2411/2231
f 2485/2383/2203 2513/2411/2231 2487/2385/2205
f 2515/2413/2233 2489/2387/2207 2514/2412/2232
f 2487/2385/2205 2514/2412/2232 2489/2387/2207
f 2517/2414/2234 2500/2397/2217 2516/2415/2235
f 2499/2399/2219 2516/2415/2235 2500/2397/2217
f 2518/2416/2236 2503/2401/2221 2517/2414/2234
f 2500/2397/2217 2517/2414/2234 2503/2401/2221
f 2519/2417/2237 2505/2403/2223 2518/2416/2236
f 2503/2401/2221 2518/2416/2236 2505/2403/2223
f 2520/2418/2238 2507/2405/2225 2519/2417/2237
f 2505/2403/2223 2519/2417/2237 2507/2405/2225
f 2522/2419/2239 2520/2418/2238 2521/2420/2240
f 2523/2421/2241 2521/2420/2240 2520/2418/2238
f 2520/2418/2238 2519/2417/2237 2523/2421/2241
f 2524/2422/2242 2523/2421/2241 2519/2417/2237
f 2518/2416/2236 2525/2423/2243 2519/2417/2237
f 2524/2422/2242 2519/2417/2237 2525/2423/2243
f 2517/2414/2234 2526/2424/2244 2518/2416/2236
f 2525/2423/2243 2518/2416/2236 2526/2424/2244
f 2516/2415/2235 2494/2392/2212 2517/2414/2234
f 2526/2424/2244 2517/2414/2234 2494/2392/2212
f 2527/2425/2245 2528/2426/2246 2492/2389/2209
f 2493/2390/2210 2492/2389/2209 2528/2426/2246
f 2529/2427/2247 2527/2425/2245 2495/2393/2213
f 2492/2389/2209 2495/2393/2213 2527/2425/2245
f 2529/2427/2247 2495/2393/2213 2530/2428/2248
f 2497/2395/2215 2530/2428/2248 2495/2393/2213
f 2515/2413/2233 2514/2412/2232 2498/2396/2216
f 2531/2429/2249 2498/2396/2216 2514/2412/2232
f 2514/2412/2232 2513/2411/2231 2531/2429/2249
f 2532/2430/2250 2531/2429/2249 2513/2411/2231
f 2513/2411/2231 2512/2409/2229 2532/2430/2250
f 2533/2431/2251 2532/2430/2250 2512/2409/2229
f 2512/2409/2229 2511/2410/2230 2533/2431/2251
f 2534/2432/2252 2533/2431/2251 2511/2410/2230
f 2536/2433/2253 2537/2434/2254 2535/2435/2255
f 2538/2436/2256 2535/2435/2255 2537/2434/2254
f 2537/2434/2254 2539/2437/2257 2538/2436/2256
f 2540/2438/2258 2538/2436/2256 2539/2437/2257
f 2539/2437/2257 2541/2439/2259 2540/2438/2258
f 2542/2440/2260 2540/2438/2258 2541/2439/2259
f 2541/2439/2259 2530/2428/2248 2542/2440/2260
f 2497/2395/2215 2542/2440/2260 2530/2428/2248
f 2543/2441/2261 2515/2413/2233 2496/2394/2214
f 2498/2396/2216 2496/2394/2214 2515/2413/2233
f 2544/2442/2262 2543/2441/2261 2491/2391/2211
f 2496/2394/2214 2491/2391/2211 2543/2441/2261
f 2544/2442/2262 2491/2391/2211 2516/2415/2235
f 2494/2392/2212 2516/2415/2235 2491/2391/2211
f 2528/2426/2246 2545/2443/2263 2493/2390/2210
f 2546/2444/2264 2493/2390/2210 2545/2443/2263
f 2545/2443/2263 2547/2445/2265 2546/2444/2264
f 2548/2446/2266 2546/2444/2264 2547/2445/2265
f 2547/2445/2265 2549/2447/2267 2548/2446/2266
f 2550/2448/2268 2548/2446/2266 2549/2447/2267
f 2549/2447/2267 2551/2449/2269 2550/2448/2268
f 2552/2450/2270 2550/2448/2268 2551/2449/2269
f 2551/2449/2269 2553/2451/2271 2552/2450/2270
f 2554/2452/2272 2552/2450/2270 2553/2451/2271
f 2516/2415/2235 2499/2399/2219 2544/2442/2262
f 2555/2453/2273 2544/2442/2262 2499/2399/2219
f 2544/2442/2262 2555/2453/2273 2543/2441/2261
f 2556/2454/2274 2543/2441/2261 2555/2453/2273
f 2515/2413/2233 2543/2441/2261 2489/2387/2207
f 2556/2454/2274 2489/2387/2207 2543/2441/2261
f 2538/2436/2256 2533/2431/2251 2535/2435/2255
f 2534/2432/2252 2535/2435/2255 2533/2431/2251
f 2540/2438/2258 2532/2430/2250 2538/2436/2256
f 2533/2431/2251 2538/2436/2256 2532/2430/2250
f 2542/2440/2260 2531/2429/2249 2540/2438/2258
f 2532/2430/2250 2540/2438/2258 2531/2429/2249
f 2497/2395/2215 2498/2396/2216 2542/2440/2260
f 2531/2429/2249 2542/2440/2260 2498/2396/2216
f 2499/2399/2219 2502/2400/2220 2555/2453/2273
f 2557/2455/2245 2555/2453/2273 2502/2400/2220
f 2556/2454/2274 2555/2453/2273 2558/2456/2275
f 2557/2455/2245 2558/2456/2275 2555/2453/2273
f 2489/2387/2207 2556/2454/2274 2490/2388/2208
f 2558/2456/2275 2490/2388/2208 2556/2454/2274
f 2493/2390/2210 2546/2444/2264 2494/2392/2212
f 2526/2424/2244 2494/2392/2212 2546/2444/2264
f 2546/2444/2264 2548/2446/2266 2526/2424/2244
f 2525/2423/2243 2526/2424/2244 2548/2446/2266
f 2548/2446/2266 2550/2448/2268 2525/2423/2243
f 2524/2422/2242 2525/2423/2243 2550/2448/2268
f 2550/2448/2268 2552/2450/2270 2524/2422/2242
f 2523/2421/2241 2524/2422/2242 2552/2450/2270
f 2552/2450/2270 2554/2452/2272 2523/2421/2241
f 2521/2420/2240 2523/2421/2241 2554/2452/2272
f 2522/2419/2239 2509/2407/2227 2520/2418/2238
f 2507/2405/2225 2520/2418/2238 2509/2407/2227
f 2560/2457/2276 2561/2458/2277 2559/2459/2278
f 2562/2460/2279 2559/2459/2278 2561/2458/2277
f 2564/2461/2280 2565/2462/2280 2563/2463/2281
f 2566/2464/2281 2563/2463/2281 2565/2462/2280
f 2568/2465/2282 2561/2458/2277 2567/2466/2283
f 2560/2457/2276 2567/2466/2283 2561/2458/2277
f 2570/2467/2284 2568/2465/2282 2569/2468/2285
f 2567/2466/2283 2569/2468/2285 2568/2465/2282
f 2572/2469/2286 2573/2470/2287 2571/2471/2288
f 2574/2472/2289 2571/2471/2288 2573/2470/2287
f 2573/2470/2287 2575/2473/2290 2574/2472/2289
f 2576/2474/2291 2574/2472/2289 2575/2473/2290
f 2563/2463/2281 2566/2464/2281 2577/2475/2292
f 2578/2476/2292 2577/2475/2292 2566/2464/2281
f 2578/2476/2292 2579/2477/2293 2577/2475/2292
f 2580/2478/2293 2577/2475/2292 2579/2477/2293
f 2581/2479/2294 2582/2480/2295 2569/2468/2285
f 2570/2467/2284 2569/2468/2285 2582/2480/2295
f 2576/2474/2291 2575/2473/2290 2583/2481/2296
f 2584/2482/2297 2583/2481/2296 2575/2473/2290
f 2583/2481/2296 2584/2482/2297 2585/2483/2298
f 2586/2484/2299 2585/2483/2298 2584/2482/2297
f 2001/1920/1757 2000/1922/1759 2004/1924/1761
f 2043/1958/1800 2012/1931/1768 2011/1933/1770
f 2047/1950/1804 2013/1932/1769 2012/1931/1768
f 2041/1955/1797 2001/1920/1757 2046/1946/1803
f 2005/1925/1762 2046/1946/1803 2001/1920/1757
f 2043/1958/1800 2011/1933/1770 2006/1926/1763
f 2002/1921/1758 2043/1958/1800 2006/1926/1763
f 2588/2485/2300 2589/2486/2301 2587/2487/2302
f 2590/2488/2303 2587/2487/2302 2589/2486/2301
f 2592/2489/2304 2593/2490/2305 2591/2491/2306
f 2594/2492/2307 2591/2491/2306 2593/2490/2305
f 2596/2493/2308 2597/2494/2309 2595/2495/2310
f 2598/2496/2311 2595/2495/2310 2597/2494/2309
f 2600/2497/2312 2601/2498/2313 2599/2499/2314
f 2603/2500/2315 2604/2501/2316 2602/2502/2317
f 2605/2503/2318 2602/2502/2317 2604/2501/2316
f 2607/2504/2319 2608/2505/2320 2606/2506/2321
f 2609/2507/2322 2606/2506/2321 2608/2505/2320
f 2611/2508/2323 2612/2509/2324 2610/2510/2325
f 2613/2511/2326 2610/2510/2325 2612/2509/2324
f 2587/2487/2302 2614/2512/2327 2613/2511/2326
f 2610/2510/2325 2613/2511/2326 2614/2512/2327
f 2588/2485/2300 2587/2487/2302 2615/2513/2328
f 2613/2511/2326 2615/2513/2328 2587/2487/2302
f 2612/2509/2324 2616/2514/2329 2613/2511/2326
f 2615/2513/2328 2613/2511/2326 2616/2514/2329
f 2607/2504/2319 2617/2515/2330 2611/2508/2323
f 2612/2509/2324 2611/2508/2323 2617/2515/2330
f 2606/2506/2321 2618/2516/2331 2607/2504/2319
f 2617/2515/2330 2607/2504/2319 2618/2516/2331
f 2620/2517/2332 2621/2518/2333 2619/2519/2334
f 2622/2520/2335 2619/2519/2334 2621/2518/2333
f 2624/2521/2336 2625/2522/2337 2623/2523/2338
f 2626/2524/2339 2623/2523/2338 2625/2522/2337
f 2628/2525/2340 2629/2526/2341 2627/2527/2342
f 2630/2528/2343 2627/2527/2342 2629/2526/2341
f 2631/2529/2344 2632/2530/2345 2622/2520/2335
f 2630/2528/2343 2622/2520/2335 2632/2530/2345
f 2634/2531/2346 2635/2532/2347 2633/2533/2348
f 2637/2534/2349 2634/2531/2346 2636/2535/2350
f 2633/2533/2348 2636/2535/2350 2634/2531/2346
f 2631/2529/2344 2638/2536/2351 2632/2530/2345
f 2639/2537/2352 2632/2530/2345 2638/2536/2351
f 2640/2538/2353 2631/2529/2344 2621/2518/2333
f 2622/2520/2335 2621/2518/2333 2631/2529/2344
f 2640/2538/2353 2641/2539/2354 2631/2529/2344
f 2638/2536/2351 2631/2529/2344 2641/2539/2354
f 2643/2540/2355 2644/2541/2356 2642/2542/2357
f 2645/2543/2358 2642/2542/2357 2644/2541/2356
f 2646/2544/2359 2622/2520/2335 2629/2526/2341
f 2630/2528/2343 2629/2526/2341 2622/2520/2335
f 2625/2522/2337 2647/2545/2360 2626/2524/2339
f 2648/2546/2361 2626/2524/2339 2647/2545/2360
f 2650/2547/2362 2651/2548/2363 2649/2549/2364
f 2652/2550/2365 2649/2549/2364 2651/2548/2363
f 2654/2551/2366 2655/2552/2367 2653/2553/2368
f 2656/2554/2369 2653/2553/2368 2655/2552/2367
f 2658/2555/2370 2659/2556/2371 2657/2557/2372
f 2660/2558/2373 2657/2557/2372 2659/2556/2371
f 2662/2559/2374 2627/2527/2342 2661/2560/2375
f 2663/2561/2376 2661/2560/2375 2627/2527/2342
f 2665/2562/2377 2655/2552/2367 2664/2563/2378
f 2654/2551/2366 2664/2563/2378 2655/2552/2367
f 2628/2525/2340 2627/2527/2342 2666/2564/2379
f 2662/2559/2374 2666/2564/2379 2627/2527/2342
f 2668/2565/2380 2669/2566/2381 2667/2567/2382
f 2670/2568/2383 2667/2567/2382 2669/2566/2381
f 2672/2569/2384 2673/2570/2385 2671/2571/2386
f 2675/2572/2387 2676/2573/2388 2674/2574/2389
f 2678/2575/2390 2679/2576/2391 2677/2577/2392
f 2680/2578/2393 2677/2577/2392 2679/2576/2391
f 2682/2579/2394 2683/2580/2395 2681/2581/2396
f 2684/2582/2397 2681/2581/2396 2683/2580/2395
f 2683/2580/2395 2685/2583/2398 2684/2582/2397
f 2686/2584/2399 2684/2582/2397 2685/2583/2398
f 2688/2585/2400 2689/2586/2401 2687/2587/2402
f 2690/2588/2403 2687/2587/2402 2689/2586/2401
f 2692/2589/2404 2693/2590/2405 2691/2591/2406
f 2695/2592/2407 2687/2587/2402 2694/2593/2408
f 2696/2594/2409 2694/2593/2408 2687/2587/2402
f 2698/2595/2410 2609/2507/2322 2697/2596/2411
f 2700/2597/2412 2701/2598/2413 2699/2599/2414
f 2702/2600/2415 2699/2599/2414 2701/2598/2413
f 2700/2597/2412 2704/2601/2416 2703/2602/2417
f 2705/2603/2418 2703/2602/2417 2704/2601/2416
f 2704/2601/2416 2706/2604/2419 2705/2603/2418
f 2707/2605/2420 2705/2603/2418 2706/2604/2419
f 2708/2606/2421 2709/2607/2422 2706/2604/2419
f 2707/2605/2420 2706/2604/2419 2709/2607/2422
f 2695/2592/2407 2694/2593/2408 2708/2606/2421
f 2709/2607/2422 2708/2606/2421 2694/2593/2408
f 2711/2608/2423 2712/2609/2424 2710/2610/2425
f 2713/2611/2426 2710/2610/2425 2712/2609/2424
f 2715/2612/2427 2716/2613/2428 2714/2614/2429
f 2717/2615/2430 2714/2614/2429 2716/2613/2428
f 2719/2616/2431 2720/2612/2432 2718/2617/2433
f 2721/2614/2434 2718/2617/2433 2720/2612/2432
f 2687/2587/2402 2695/2592/2407 2688/2585/2400
f 2722/2615/2435 2688/2585/2400 2695/2592/2407
f 2724/2618/2436 2701/2598/2413 2723/2619/2437
f 2726/2620/2438 2719/2616/2431 2725/2621/2439
f 2718/2617/2433 2725/2621/2439 2719/2616/2431
f 2704/2601/2416 2700/2597/2412 2725/2621/2439
f 2699/2599/2414 2725/2621/2439 2700/2597/2412
f 2706/2604/2419 2704/2601/2416 2718/2617/2433
f 2725/2621/2439 2718/2617/2433 2704/2601/2416
f 2716/2613/2428 2727/2622/2440 2717/2615/2430
f 2728/2585/2441 2717/2615/2430 2727/2622/2440
f 2708/2606/2421 2706/2604/2419 2721/2614/2434
f 2718/2617/2433 2721/2614/2434 2706/2604/2419
f 2695/2592/2407 2708/2606/2421 2722/2615/2435
f 2721/2614/2434 2722/2615/2435 2708/2606/2421
f 2713/2611/2426 2729/2623/2442 2710/2610/2425
f 2730/2624/2443 2710/2610/2425 2729/2623/2442
f 2732/2625/2444 2733/2626/2445 2731/2627/2446
f 2734/2628/2447 2731/2627/2446 2733/2626/2445
f 2736/2629/2448 2737/2630/2449 2735/2631/2450
f 2739/2632/2451 2740/2633/2446 2738/2634/2452
f 2741/2635/2453 2738/2634/2452 2740/2633/2446
f 2742/2636/2454 2743/2637/2455 2604/2501/2316
f 2605/2503/2318 2604/2501/2316 2743/2637/2455
f 2745/2638/2456 2746/2639/2457 2744/2640/2458
f 2595/2495/2310 2598/2496/2311 2747/2641/2459
f 2598/2496/2311 2748/2642/2460 2747/2641/2459
f 2749/2643/2461 2747/2641/2459 2748/2642/2460
f 2593/2490/2305 2750/2644/2462 2594/2492/2307
f 2751/2645/2463 2594/2492/2307 2750/2644/2462
f 2601/2498/2313 2745/2638/2456 2744/2640/2458
f 2753/2646/2464 2754/2647/2465 2752/2648/2466
f 2748/2642/2460 2755/2649/2467 2749/2643/2461
f 2756/2650/2468 2749/2643/2461 2755/2649/2467
f 2758/2651/2469 2759/2652/2470 2757/2653/2471
f 2760/2654/2472 2757/2653/2471 2759/2652/2470
f 2601/2498/2313 2744/2640/2458 2599/2499/2314
f 2757/2653/2471 2762/2655/2473 2761/2656/2474
f 2763/2657/2475 2761/2656/2474 2762/2655/2473
f 2761/2656/2474 2763/2657/2475 2764/2658/2476
f 2765/2659/2477 2764/2658/2476 2763/2657/2475
f 2751/2645/2463 2750/2644/2462 2766/2660/2478
f 2767/2661/2479 2766/2660/2478 2750/2644/2462
f 2769/2662/2480 2746/2639/2457 2768/2663/2481
f 2745/2638/2456 2768/2663/2481 2746/2639/2457
f 2771/2664/2482 2772/2665/2483 2770/2666/2484
f 2773/2667/2485 2770/2666/2484 2772/2665/2483
f 2775/2668/2486 2668/2565/2380 2774/2669/2487
f 2667/2567/2382 2774/2669/2487 2668/2565/2380
f 2777/2670/2488 2778/2671/2489 2776/2672/2490
f 2779/2673/2491 2780/2674/2492 2673/2570/2385
f 2671/2571/2386 2673/2570/2385 2780/2674/2492
f 2782/2675/2493 2783/2676/2494 2781/2677/2495
f 2784/2678/2496 2781/2677/2495 2783/2676/2494
f 2786/2679/2497 2787/2680/2498 2785/2681/2499
f 2788/2682/2500 2785/2681/2499 2787/2680/2498
f 2787/2680/2498 2789/2683/2501 2788/2682/2500
f 2790/2684/2502 2788/2682/2500 2789/2683/2501
f 2792/2685/2503 2793/2686/2504 2791/2687/2505
f 2794/2688/2506 2791/2687/2505 2793/2686/2504
f 2777/2670/2488 2795/2689/2507 2778/2671/2489
f 2796/2690/2508 2778/2671/2489 2795/2689/2507
f 2798/2691/2509 2799/2692/2510 2797/2693/2511
f 2800/2694/2512 2636/2535/2350 2639/2537/2352
f 2675/2572/2387 2777/2670/2488 2676/2573/2388
f 2776/2672/2490 2676/2573/2388 2777/2670/2488
f 2802/2695/2513 2793/2686/2504 2801/2696/2514
f 2792/2685/2503 2801/2696/2514 2793/2686/2504
f 2644/2541/2356 2803/2697/2515 2645/2543/2358
f 2804/2698/2516 2645/2543/2358 2803/2697/2515
f 2806/2699/2517 2807/2700/2518 2805/2701/2519
f 2808/2702/2520 2805/2701/2519 2807/2700/2518
f 2810/2703/2521 2811/2704/2521 2809/2705/2521
f 2813/2706/2522 2814/2705/2522 2812/2704/2522
f 2653/2553/2368 2656/2554/2369 2815/2707/2523
f 2816/2708/2524 2815/2707/2523 2656/2554/2369
f 2818/2709/2525 2806/2699/2517 2817/2710/2526
f 2805/2701/2519 2817/2710/2526 2806/2699/2517
f 2820/2711/2527 2665/2562/2377 2819/2712/2528
f 2664/2563/2378 2819/2712/2528 2665/2562/2377
f 2652/2550/2365 2651/2548/2363 2821/2713/2529
f 2822/2714/2530 2821/2713/2529 2651/2548/2363
f 2823/2715/2531 2662/2559/2374 2661/2560/2375
f 2822/2714/2530 2824/2716/2532 2821/2713/2529
f 2825/2717/2533 2800/2694/2512 2638/2536/2351
f 2639/2537/2352 2638/2536/2351 2800/2694/2512
f 2630/2528/2343 2632/2530/2345 2627/2527/2342
f 2633/2533/2348 2627/2527/2342 2632/2530/2345
f 2826/2718/2534 2827/2719/2535 2625/2522/2337
f 2647/2545/2360 2625/2522/2337 2827/2719/2535
f 2828/2720/2536 2826/2718/2534 2624/2521/2336
f 2625/2522/2337 2624/2521/2336 2826/2718/2534
f 2620/2517/2332 2623/2523/2338 2621/2518/2333
f 2626/2524/2339 2621/2518/2333 2623/2523/2338
f 2830/2721/2537 2815/2707/2523 2829/2722/2538
f 2826/2718/2534 2828/2720/2536 2831/2723/2539
f 2832/2724/2540 2831/2723/2539 2828/2720/2536
f 2621/2518/2333 2626/2524/2339 2640/2538/2353
f 2648/2546/2361 2640/2538/2353 2626/2524/2339
f 2641/2539/2354 2833/2725/2541 2638/2536/2351
f 2825/2717/2533 2638/2536/2351 2833/2725/2541
f 2808/2702/2520 2807/2700/2518 2834/2726/2542
f 2835/2727/2543 2834/2726/2542 2807/2700/2518
f 2831/2723/2539 2837/2728/2544 2836/2729/2545
f 2619/2519/2334 2622/2520/2335 2646/2544/2359
f 2839/2730/2546 2818/2709/2525 2838/2731/2547
f 2817/2710/2526 2838/2731/2547 2818/2709/2525
f 2841/2732/2548 2650/2547/2362 2840/2733/2549
f 2649/2549/2364 2840/2733/2549 2650/2547/2362
f 2843/2734/2550 2844/2735/2551 2842/2736/2552
f 2845/2737/2553 2842/2736/2552 2844/2735/2551
f 2847/2738/2554 2848/2739/2555 2846/2740/2556
f 2849/2741/2557 2846/2740/2556 2848/2739/2555
f 2851/2742/2558 2852/2743/2559 2850/2744/2560
f 2853/2745/2561 2850/2744/2560 2852/2743/2559
f 2854/2746/2562 2855/2747/2563 2651/2548/2363
f 2822/2714/2530 2651/2548/2363 2855/2747/2563
f 2857/2748/2564 2858/2749/2565 2856/2750/2566
f 2859/2751/2567 2856/2750/2566 2858/2749/2565
f 2861/2752/2568 2857/2748/2564 2860/2753/2569
f 2856/2750/2566 2860/2753/2569 2857/2748/2564
f 2863/2754/2570 2637/2534/2349 2862/2755/2571
f 2636/2535/2350 2862/2755/2571 2637/2534/2349
f 2676/2573/2388 2802/2695/2513 2674/2574/2389
f 2801/2696/2514 2674/2574/2389 2802/2695/2513
f 2663/2561/2376 2627/2527/2342 2635/2532/2347
f 2633/2533/2348 2635/2532/2347 2627/2527/2342
f 2804/2698/2516 2803/2697/2515 2789/2683/2501
f 2790/2684/2502 2789/2683/2501 2803/2697/2515
f 2632/2530/2345 2639/2537/2352 2633/2533/2348
f 2636/2535/2350 2633/2533/2348 2639/2537/2352
f 2600/2497/2312 2599/2499/2314 2864/2756/2572
f 2866/2757/2573 2867/2758/2574 2865/2759/2575
f 2868/2760/2576 2865/2759/2575 2867/2758/2574
f 2755/2649/2467 2869/2761/2577 2756/2650/2468
f 2870/2762/2578 2756/2650/2468 2869/2761/2577
f 2743/2637/2455 2871/2763/2579 2605/2503/2318
f 2764/2658/2476 2605/2503/2318 2871/2763/2579
f 2871/2763/2579 2872/2764/2580 2764/2658/2476
f 2761/2656/2474 2764/2658/2476 2872/2764/2580
f 2752/2648/2466 2754/2647/2465 2873/2765/2581
f 2874/2766/2582 2873/2765/2581 2754/2647/2465
f 2669/2566/2381 2875/2767/2583 2670/2568/2383
f 2876/2768/2584 2670/2568/2383 2875/2767/2583
f 2858/2749/2565 2847/2738/2554 2859/2751/2567
f 2846/2740/2556 2859/2751/2567 2847/2738/2554
f 2848/2739/2555 2877/2769/2585 2849/2741/2557
f 2878/2770/2586 2849/2741/2557 2877/2769/2585
f 2880/2771/2587 2881/2772/2588 2879/2773/2589
f 2882/2774/2590 2879/2773/2589 2881/2772/2588
f 2884/2775/2591 2885/2776/2592 2883/2777/2593
f 2886/2778/2594 2883/2777/2593 2885/2776/2592
f 2888/2779/2595 2884/2775/2591 2887/2780/2596
f 2883/2777/2593 2887/2780/2596 2884/2775/2591
f 2890/2781/2597 2891/2782/2598 2889/2783/2599
f 2892/2784/2600 2889/2783/2599 2891/2782/2598
f 2885/2776/2592 2890/2781/2597 2886/2778/2594
f 2889/2783/2599 2886/2778/2594 2890/2781/2597
f 2891/2782/2598 2880/2771/2587 2892/2784/2600
f 2879/2773/2589 2892/2784/2600 2880/2771/2587
f 2650/2547/2362 2893/2785/2601 2651/2548/2363
f 2854/2746/2562 2651/2548/2363 2893/2785/2601
f 2875/2767/2583 2894/2786/2602 2876/2768/2584
f 2895/2787/2603 2876/2768/2584 2894/2786/2602
f 2614/2512/2327 2587/2487/2302 2896/2788/2604
f 2590/2488/2303 2896/2788/2604 2587/2487/2302
f 2897/2789/2605 2898/2790/2606 2590/2488/2303
f 2900/2791/2607 2901/2792/2608 2899/2793/2609
f 2902/2794/2610 2899/2793/2609 2901/2792/2608
f 2904/2795/2611 2905/2796/2612 2903/2797/2613
f 2906/2798/2614 2903/2797/2613 2905/2796/2612
f 2905/2796/2612 2682/2579/2394 2906/2798/2614
f 2681/2581/2396 2906/2798/2614 2682/2579/2394
f 2908/2799/2615 2909/2800/2616 2907/2801/2617
f 2910/2802/2618 2907/2801/2617 2909/2800/2616
f 2907/2801/2617 2910/2802/2618 2911/2803/2619
f 2912/2804/2620 2911/2803/2619 2910/2802/2618
f 2686/2584/2399 2685/2583/2398 2913/2805/2621
f 2914/2806/2622 2913/2805/2621 2685/2583/2398
f 2913/2805/2621 2914/2806/2622 2908/2799/2615
f 2909/2800/2616 2908/2799/2615 2914/2806/2622
f 2911/2803/2619 2912/2804/2620 2915/2807/2623
f 2916/2808/2624 2915/2807/2623 2912/2804/2620
f 2918/2809/2625 2904/2795/2611 2917/2810/2626
f 2903/2797/2613 2917/2810/2626 2904/2795/2611
f 2902/2794/2610 2920/2811/2627 2919/2812/2628
f 2899/2793/2609 2902/2794/2610 2919/2812/2628
f 2922/2813/2629 2771/2664/2482 2921/2814/2630
f 2770/2666/2484 2921/2814/2630 2771/2664/2482
f 2924/2815/2631 2782/2675/2493 2923/2816/2632
f 2781/2677/2495 2923/2816/2632 2782/2675/2493
f 2925/2817/2633 2926/2818/2634 2921/2814/2630
f 2922/2813/2629 2921/2814/2630 2926/2818/2634
f 2928/2819/2635 2929/2820/2636 2927/2821/2637
f 2896/2788/2604 2927/2821/2637 2929/2820/2636
f 2931/2822/2638 2611/2508/2323 2930/2823/2639
f 2610/2510/2325 2930/2823/2639 2611/2508/2323
f 2614/2512/2327 2932/2824/2640 2610/2510/2325
f 2930/2823/2639 2610/2510/2325 2932/2824/2640
f 2608/2505/2320 2607/2504/2319 2931/2822/2638
f 2611/2508/2323 2931/2822/2638 2607/2504/2319
f 2934/2825/2641 2935/2826/2642 2933/2827/2643
f 2936/2828/2644 2933/2827/2643 2935/2826/2642
f 2932/2824/2640 2614/2512/2327 2929/2820/2636
f 2896/2788/2604 2929/2820/2636 2614/2512/2327
f 2865/2759/2575 2868/2760/2576 2874/2766/2582
f 2873/2765/2581 2874/2766/2582 2868/2760/2576
f 2760/2654/2472 2762/2655/2473 2757/2653/2471
f 2759/2652/2470 2937/2829/2645 2760/2654/2472
f 2938/2830/2646 2760/2654/2472 2937/2829/2645
f 2940/2831/2647 2941/2832/2648 2939/2833/2649
f 2942/2834/2650 2939/2833/2649 2941/2832/2648
f 2941/2832/2648 2943/2835/2651 2942/2834/2650
f 2944/2836/2652 2942/2834/2650 2943/2835/2651
f 2943/2835/2651 2945/2837/2653 2944/2836/2652
f 2946/2838/2654 2944/2836/2652 2945/2837/2653
f 2948/2839/2655 2940/2831/2647 2947/2840/2656
f 2939/2833/2649 2947/2840/2656 2940/2831/2647
f 2938/2830/2646 2937/2829/2645 2947/2840/2656
f 2948/2839/2655 2947/2840/2656 2937/2829/2645
f 2950/2841/2657 2951/2842/2658 2949/2843/2659
f 2952/2844/2660 2949/2843/2659 2951/2842/2658
f 2953/2845/2661 2829/2722/2538 2815/2707/2523
f 2954/2846/2662 2829/2722/2538 2953/2845/2661
f 2955/2847/2663 2662/2559/2374 2823/2715/2531
f 2666/2564/2379 2662/2559/2374 2955/2847/2663
f 2956/2848/2664 2640/2538/2353 2648/2546/2361
f 2958/2849/2665 2959/2850/2666 2957/2851/2667
f 2960/2852/2668 2957/2851/2667 2959/2850/2666
f 2962/2853/2669 2963/2854/2670 2961/2855/2671
f 2964/2856/2672 2961/2855/2671 2963/2854/2670
f 2965/2857/2673 2959/2850/2666 2664/2563/2378
f 2958/2849/2665 2664/2563/2378 2959/2850/2666
f 2967/2858/2674 2962/2853/2669 2966/2859/2675
f 2961/2855/2671 2966/2859/2675 2962/2853/2669
f 2953/2845/2661 2968/2860/2676 2954/2846/2662
f 2653/2553/2368 2815/2707/2523 2830/2721/2537
f 2969/2861/2677 2653/2553/2368 2830/2721/2537
f 2839/2730/2546 2838/2731/2547 2970/2862/2678
f 2971/2863/2679 2970/2862/2678 2838/2731/2547
f 2664/2563/2378 2958/2849/2665 2819/2712/2528
f 2972/2864/2680 2819/2712/2528 2958/2849/2665
f 2841/2732/2548 2973/2865/2681 2650/2547/2362
f 2893/2785/2601 2650/2547/2362 2973/2865/2681
f 2975/2866/2682 2924/2815/2631 2974/2867/2683
f 2923/2816/2632 2974/2867/2683 2924/2815/2631
f 2785/2681/2499 2878/2770/2586 2786/2679/2497
f 2877/2769/2585 2786/2679/2497 2878/2770/2586
f 2957/2851/2667 2960/2852/2668 2851/2742/2558
f 2852/2743/2559 2851/2742/2558 2960/2852/2668
f 2967/2858/2674 2966/2859/2675 2976/2868/2684
f 2977/2869/2685 2976/2868/2684 2966/2859/2675
f 2978/2870/2686 2979/2871/2687 2952/2844/2660
f 2949/2843/2659 2952/2844/2660 2979/2871/2687
f 2952/2844/2660 2851/2742/2558 2978/2870/2686
f 2850/2744/2560 2978/2870/2686 2851/2742/2558
f 2965/2857/2673 2664/2563/2378 2980/2872/2688
f 2654/2551/2366 2980/2872/2688 2664/2563/2378
f 2653/2553/2368 2969/2861/2677 2654/2551/2366
f 2980/2872/2688 2654/2551/2366 2969/2861/2677
f 2964/2856/2672 2963/2854/2670 2981/2873/2689
f 2982/2874/2690 2981/2873/2689 2963/2854/2670
f 2775/2668/2486 2774/2669/2487 2982/2874/2690
f 2981/2873/2689 2982/2874/2690 2774/2669/2487
f 2983/2875/2691 2665/2562/2377 2820/2711/2527
f 2687/2587/2402 2690/2588/2403 2696/2594/2409
f 2985/2876/2692 2986/2877/2693 2984/2878/2693
f 2987/2879/2694 2712/2609/2424 2711/2608/2423
f 2988/2880/2695 2987/2879/2694 2711/2608/2423
f 2727/2622/2440 2989/2881/2696 2728/2585/2441
f 2990/2586/2697 2728/2585/2441 2989/2881/2696
f 2991/2882/2698 2992/2883/2699 2729/2623/2442
f 2730/2624/2443 2729/2623/2442 2992/2883/2699
f 2994/2884/2700 2995/2885/2701 2993/2886/2702
f 2993/2886/2702 2995/2885/2701 2996/2887/2703
f 2998/2888/2704 2999/2889/2705 2997/2890/2706
f 2997/2890/2706 3001/2891/2707 3000/2892/2708
f 3002/2893/2709 3000/2892/2708 3001/2891/2707
f 3004/2894/2710 3005/2895/2711 3003/2896/2712
f 3006/2897/2713 3003/2896/2712 3005/2895/2711
f 3008/2898/2714 2741/2635/2453 3007/2899/2715
f 3010/2900/2716 3011/2901/2717 3009/2902/2718
f 3012/2903/2719 3009/2902/2718 3011/2901/2717
f 3013/2904/2720 3014/2905/2721 3005/2895/2711
f 3012/2903/2719 3005/2895/2711 3014/2905/2721
f 3016/2906/2722 3017/2907/2723 3015/2908/2724
f 3018/2909/2725 3015/2908/2724 3017/2907/2723
f 2994/2884/2700 3020/2910/2726 3019/2911/2727
f 3019/2911/2727 3020/2910/2726 3021/2912/2728
f 3022/2913/2729 3021/2912/2728 3020/2910/2726
f 3009/2902/2718 3012/2903/2719 2995/2885/2701
f 3014/2905/2721 2995/2885/2701 3012/2903/2719
f 3021/2912/2728 3010/2900/2716 3009/2902/2718
f 2712/2609/2424 2932/2824/2640 2713/2611/2426
f 2729/2623/2442 2713/2611/2426 2929/2820/2636
f 2932/2824/2640 2929/2820/2636 2713/2611/2426
f 3023/2914/2730 3024/2915/2438 2931/2822/2638
f 2608/2505/2320 2931/2822/2638 3024/2915/2438
f 2712/2609/2424 2987/2879/2694 2932/2824/2640
f 2930/2823/2639 2932/2824/2640 2987/2879/2694
f 2987/2879/2694 3023/2914/2730 2930/2823/2639
f 2931/2822/2638 2930/2823/2639 3023/2914/2730
f 2991/2882/2698 2729/2623/2442 2928/2819/2635
f 2929/2820/2636 2928/2819/2635 2729/2623/2442
f 3025/2877/2731 3026/2916/2732 3018/2909/2725
f 3015/2908/2724 3018/2909/2725 3026/2916/2732
f 2933/2827/2643 3026/2916/2732 2934/2825/2641
f 2996/2887/2703 3027/2917/2733 2993/2886/2702
f 3026/2916/2732 2933/2827/2643 3015/2908/2724
f 3028/2918/2734 3015/2908/2724 2933/2827/2643
f 2589/2486/2301 3029/2919/2735 2590/2488/2303
f 2897/2789/2605 2590/2488/2303 3029/2919/2735
f 2933/2827/2643 2936/2828/2644 3028/2918/2734
f 3030/2920/2736 3028/2918/2734 2936/2828/2644
f 3031/2921/2737 3028/2918/2734 3030/2920/2736
f 2996/2887/2703 3028/2918/2734 3027/2917/2733
f 3031/2921/2737 3027/2917/2733 3028/2918/2734
f 3028/2918/2734 2996/2887/2703 3015/2908/2724
f 3016/2906/2722 3015/2908/2724 2996/2887/2703
f 3030/2920/2736 2936/2828/2644 3032/2922/2738
f 3033/2923/2739 3032/2922/2738 2936/2828/2644
f 3035/2924/2740 2741/2635/2453 3034/2925/2741
f 2740/2633/2446 3034/2925/2741 2741/2635/2453
f 3013/2904/2720 3017/2907/2723 3014/2905/2721
f 3016/2906/2722 3014/2905/2721 3017/2907/2723
f 2996/2887/2703 2995/2885/2701 3016/2906/2722
f 3014/2905/2721 3016/2906/2722 2995/2885/2701
f 2738/2634/2452 2741/2635/2453 3008/2898/2714
f 3025/2877/2731 3001/2891/2707 3036/2878/2742
f 3002/2893/2709 3025/2877/2731 3018/2909/2725
f 3005/2895/2711 3004/2894/2710 3013/2904/2720
f 3008/2898/2714 3013/2904/2720 3004/2894/2710
f 3002/2893/2709 3037/2926/2743 3000/2892/2708
f 3007/2899/2715 3000/2892/2708 3037/2926/2743
f 3037/2926/2743 3017/2907/2723 3013/2904/2720
f 3032/2922/2738 3033/2923/2739 3038/2927/2744
f 3039/2928/2676 3038/2927/2744 3033/2923/2739
f 3039/2928/2676 3040/2929/2745 3038/2927/2744
f 3042/2930/2746 3043/2931/2747 3041/2932/2748
f 3044/2933/2749 3041/2932/2748 3043/2931/2747
f 3041/2932/2748 3044/2933/2749 3045/2934/2750
f 3046/2935/2751 3045/2934/2750 3044/2933/2749
f 3048/2936/2752 3049/2937/2753 3047/2938/2754
f 3050/2939/2755 3047/2938/2754 3049/2937/2753
f 3052/2940/2756 3048/2936/2752 3051/2941/2757
f 3047/2938/2754 3051/2941/2757 3048/2936/2752
f 3054/2942/2758 3052/2940/2756 3053/2943/2759
f 3051/2941/2757 3053/2943/2759 3052/2940/2756
f 2896/2788/2604 2590/2488/2303 2927/2821/2637
f 2898/2790/2606 2927/2821/2637 2590/2488/2303
f 2936/2828/2644 2935/2826/2642 3033/2923/2739
f 3055/2944/2760 3033/2923/2739 2935/2826/2642
f 3056/2945/2761 3057/2946/2762 2954/2846/2662
f 3033/2923/2739 3055/2944/2760 3039/2928/2676
f 3058/2947/2761 3039/2928/2676 3055/2944/2760
f 2968/2860/2676 3056/2945/2761 2954/2846/2662
f 3060/2948/2763 2656/2554/2369 3059/2949/2764
f 2655/2552/2367 3059/2949/2764 2656/2554/2369
f 2660/2558/2373 2882/2774/2590 2657/2557/2372
f 2881/2772/2588 2657/2557/2372 2882/2774/2590
f 2665/2562/2377 3061/2950/2765 2655/2552/2367
f 3059/2949/2764 2655/2552/2367 3061/2950/2765
f 2656/2554/2369 3062/2951/2766 2816/2708/2524
f 2665/2562/2377 2983/2875/2691 3061/2950/2765
f 3062/2951/2766 2656/2554/2369 3060/2948/2763
f 2761/2656/2474 2872/2764/2580 2757/2653/2471
f 2758/2651/2469 2757/2653/2471 2872/2764/2580
f 2945/2837/2653 2769/2662/2480 3063/2952/2767
f 2768/2663/2481 3063/2952/2767 2769/2662/2480
f 3065/2953/2768 3066/2954/2769 3064/2955/2770
f 3067/2956/2771 3064/2955/2770 3066/2954/2769
f 2766/2660/2478 2767/2661/2479 2596/2493/2308
f 2597/2494/2309 2596/2493/2308 2767/2661/2479
f 2867/2758/2574 2866/2757/2573 3068/2957/2306
f 3069/2958/2772 3068/2957/2306 2866/2757/2573
f 3049/2937/2753 3045/2934/2750 3050/2939/2755
f 3046/2935/2751 3050/2939/2755 3045/2934/2750
f 3071/2959/2773 3072/2960/2774 3070/2961/2775
f 3066/2954/2769 3065/2953/2768 3072/2960/2774
f 3070/2961/2775 3072/2960/2774 3065/2953/2768
f 3074/2962/2776 3075/2963/2777 3073/2964/2778
f 3064/2955/2770 3076/2965/2779 3065/2953/2768
f 3077/2966/2780 3065/2953/2768 3076/2965/2779
f 3064/2955/2770 3074/2962/2776 3076/2965/2779
f 3073/2964/2778 3076/2965/2779 3074/2962/2776
f 3077/2966/2780 3078/2967/2781 3065/2953/2768
f 3070/2961/2775 3065/2953/2768 3078/2967/2781
f 3078/2967/2781 3079/2968/2782 3070/2961/2775
f 3080/2969/2783 3070/2961/2775 3079/2968/2782
f 3070/2961/2775 3080/2969/2783 3071/2959/2773
f 2742/2636/2454 2604/2501/2316 3081/2970/2784
f 2864/2756/2572 2742/2636/2454 2600/2497/2312
f 3081/2970/2784 2600/2497/2312 2742/2636/2454
f 3018/2909/2725 3017/2907/2723 3002/2893/2709
f 3037/2926/2743 3002/2893/2709 3017/2907/2723
f 3083/2971/2785 3084/2972/2786 3082/2973/2787
f 3085/2974/2788 3082/2973/2787 3084/2972/2786
f 3086/2975/2789 3087/2976/2790 3085/2974/2788
f 3082/2973/2787 3085/2974/2788 3087/2976/2790
f 3089/2977/2415 3090/2978/2791 3088/2979/2792
f 3091/2980/2793 3088/2979/2792 3090/2978/2791
f 3093/2981/2794 3094/2982/2795 3092/2983/2796
f 3095/2984/2797 3092/2983/2796 3094/2982/2795
f 3097/2985/2798 3094/2982/2795 3096/2986/2799
f 3093/2981/2794 3096/2986/2799 3094/2982/2795
f 3099/2987/2800 3100/2988/2801 3098/2975/2802
f 3101/2989/2803 3102/2976/2804 3100/2988/2801
f 3098/2975/2802 3100/2988/2801 3102/2976/2804
f 2703/2602/2417 3103/2990/2805 2701/2598/2413
f 2723/2619/2437 2701/2598/2413 3103/2990/2805
f 2672/2569/2384 2797/2693/2511 2673/2570/2385
f 3105/2991/2806 3106/2992/2807 3104/2993/2808
f 3107/2994/2809 3104/2993/2808 3106/2992/2807
f 3108/2995/2810 2798/2691/2509 2672/2569/2384
f 2797/2693/2511 2672/2569/2384 2798/2691/2509
f 2861/2752/2568 2860/2753/2569 3104/2993/2808
f 3105/2991/2806 3104/2993/2808 2860/2753/2569
f 3109/2996/2811 2773/2667/2485 2772/2665/2483
f 2977/2869/2685 3110/2997/2812 2976/2868/2684
f 3111/2998/2813 2976/2868/2684 3110/2997/2812
f 2961/2855/2671 2964/2856/2672 3112/2999/2814
f 3113/3000/2815 3112/2999/2814 2964/2856/2672
f 3113/3000/2815 2964/2856/2672 3114/3001/2816
f 2981/2873/2689 3114/3001/2816 2964/2856/2672
f 3114/3001/2816 2981/2873/2689 3115/3002/2817
f 2774/2669/2487 3115/3002/2817 2981/2873/2689
f 3115/3002/2817 2774/2669/2487 3116/3003/2818
f 2667/2567/2382 3116/3003/2818 2774/2669/2487
f 3116/3003/2818 2667/2567/2382 3117/3004/2819
f 2670/2568/2383 3117/3004/2819 2667/2567/2382
f 3117/3004/2819 2670/2568/2383 3118/3005/2820
f 2876/2768/2584 3118/3005/2820 2670/2568/2383
f 3118/3005/2820 2876/2768/2584 3119/3006/2821
f 2895/2787/2603 3119/3006/2821 2876/2768/2584
f 2588/2485/2300 3120/3007/2822 2589/2486/2301
f 3121/3008/2823 2918/2809/2625 2917/2810/2626
f 2961/2855/2671 3112/2999/2814 2966/2859/2675
f 3122/3009/2824 2966/2859/2675 3112/2999/2814
f 2977/2869/2685 2966/2859/2675 3123/3010/2825
f 3122/3009/2824 3123/3010/2825 2966/2859/2675
f 3110/2997/2812 2977/2869/2685 3124/3011/2826
f 3123/3010/2825 3124/3011/2826 2977/2869/2685
f 3126/3012/2827 2773/2667/2485 3125/3013/2828
f 3109/2996/2811 3125/3013/2828 2773/2667/2485
f 2916/2808/2624 3127/3014/2829 2915/2807/2623
f 3128/3015/2830 2773/2667/2485 3126/3012/2827
f 3130/3016/2485 3131/3017/2831 3129/3018/2484
f 3132/3019/2832 3133/3020/2833 2916/2808/2624
f 3127/3014/2829 2916/2808/2624 3133/3020/2833
f 3135/3021/2834 2918/2809/2625 3134/3022/2835
f 3121/3008/2823 3134/3022/2835 2918/2809/2625
f 3136/3023/2836 3135/3021/2834 3134/3022/2835
f 3137/3024/2837 3135/3021/2834 3136/3023/2836
f 3139/3025/2838 3140/3026/2839 3138/3027/2840
f 3141/3028/2841 3138/3027/2840 3140/3026/2839
f 3138/3027/2840 3141/3028/2841 3142/3029/2842
f 3143/3030/2843 3142/3029/2842 3141/3028/2841
f 3144/3031/2844 2919/2812/2628 2920/2811/2627
f 3142/3029/2842 3143/3030/2843 2920/2811/2627
f 3144/3031/2844 2920/2811/2627 3143/3030/2843
f 3146/3032/2845 3147/3033/2846 3145/3034/2847
f 3148/3035/2848 3145/3034/2847 3147/3033/2846
f 3146/3032/2845 3145/3034/2847 3003/2896/2712
f 3004/2894/2710 3003/2896/2712 3145/3034/2847
f 3006/2897/2713 3005/2895/2711 3011/2901/2717
f 3012/2903/2719 3011/2901/2717 3005/2895/2711
f 3022/2913/2729 3149/3036/2849 3021/2912/2728
f 3150/3037/2850 3021/2912/2728 3149/3036/2849
f 3013/2904/2720 3008/2898/2714 3037/2926/2743
f 3007/2899/2715 3037/2926/2743 3008/2898/2714
f 2994/2884/2700 3019/2911/2727 2995/2885/2701
f 3009/2902/2718 2995/2885/2701 3019/2911/2727
f 3021/2912/2728 3150/3037/2850 3010/2900/2716
f 3021/2912/2728 3009/2902/2718 3019/2911/2727
f 3151/3038/2851 2998/2888/2704 3034/2925/2741
f 3035/2924/2740 3034/2925/2741 2998/2888/2704
f 3152/3039/2852 2999/2889/2705 3151/3038/2851
f 2998/2888/2704 3151/3038/2851 2999/2889/2705
f 3154/3040/2853 2734/2628/2447 3153/3041/2854
f 2733/2626/2445 3153/3041/2854 2734/2628/2447
f 3156/3042/2855 3157/3043/2856 3155/3044/2857
f 3158/3045/2858 3155/3044/2857 3157/3043/2856
f 2691/2591/2406 2732/2625/2444 2692/2589/2404
f 2731/2627/2446 2692/2589/2404 2732/2625/2444
f 3159/3046/2859 3160/3047/2860 3153/3041/2854
f 3154/3040/2853 3153/3041/2854 3160/3047/2860
f 3162/2626/2861 2732/2625/2862 3161/3048/2863
f 2736/2629/2448 3156/3042/2855 2737/2630/2449
f 3155/3044/2857 2737/2630/2449 3156/3042/2855
f 3000/2892/2708 2998/2888/2704 2997/2890/2706
f 3007/2899/2715 2741/2635/2453 3000/2892/2708
f 3035/2924/2740 3000/2892/2708 2741/2635/2453
f 3035/2924/2740 2998/2888/2704 3000/2892/2708
f 3163/2632/2864 2738/2634/2452 3148/3035/2848
f 3145/3034/2847 3148/3035/2848 2738/2634/2452
f 2738/2634/2452 3004/2894/2710 3145/3034/2847
f 3164/3049/2865 3165/3050/2866 3096/2986/2799
f 3097/2985/2798 3096/2986/2799 3165/3050/2866
f 3167/3051/2867 3168/3052/2868 3166/3053/2869
f 3169/3054/2870 3166/3053/2869 3168/3052/2868
f 3171/3055/2871 3172/3056/2872 3170/3057/2873
f 3173/3058/2874 3170/3057/2873 3172/3056/2872
f 3174/3059/2875 3175/3060/2876 3171/3055/2871
f 3172/3056/2872 3171/3055/2871 3175/3060/2876
f 3176/3061/2877 3177/3062/2878 3174/3059/2875
f 3175/3060/2876 3174/3059/2875 3177/3062/2878
f 3179/3063/2879 3180/3064/2880 3178/3065/2881
f 3181/3066/2882 3178/3065/2881 3180/3064/2880
f 3183/3067/2883 3184/3068/2884 3182/3069/2885
f 3185/3070/2886 3182/3069/2885 3184/3068/2884
f 3187/3071/2887 3188/3072/2888 3186/3073/2889
f 3189/3074/2890 3186/3073/2889 3188/3072/2888
f 3191/3075/2891 3192/3076/2892 3190/3077/2893
f 3193/3078/2894 3190/3077/2893 3192/3076/2892
f 3195/3079/2895 3196/3080/2896 3194/3081/2897
f 3197/3082/2898 3194/3081/2897 3196/3080/2896
f 3195/3079/2895 3198/3083/2892 3196/3080/2896
f 3199/3084/2899 3196/3080/2896 3198/3083/2892
f 3201/3085/2900 3202/3082/2901 3200/3080/2902
f 3204/3086/2903 3205/3087/2904 3203/3088/2890
f 3206/3089/2884 3203/3088/2890 3205/3087/2904
f 3197/3082/2898 3204/3086/2903 3194/3081/2897
f 3203/3088/2890 3194/3081/2897 3204/3086/2903
f 3207/3087/2905 3208/3086/2906 3201/3085/2900
f 3208/3086/2906 3202/3082/2901 3201/3085/2900
f 3210/3090/2907 3211/3091/2908 3209/3092/2886
f 3212/3093/2909 3209/3092/2886 3211/3091/2908
f 3206/3089/2884 3205/3087/2904 3209/3092/2886
f 3210/3090/2907 3209/3092/2886 3205/3087/2904
f 3214/3091/2910 3215/3090/2911 3213/3094/2912
f 3213/3094/2912 3215/3090/2911 3201/3085/2900
f 3207/3087/2905 3201/3085/2900 3215/3090/2911
f 3217/3095/2913 3218/3096/2914 3216/3097/2915
f 3219/3098/2878 3216/3097/2915 3218/3096/2914
f 3211/3091/2908 3217/3095/2913 3212/3093/2909
f 3216/3097/2915 3212/3093/2909 3217/3095/2913
f 3221/3096/2916 3222/3095/2917 3220/3099/2918
f 3213/3094/2912 3220/3099/2918 3214/3091/2910
f 3222/3095/2917 3214/3091/2910 3220/3099/2918
f 3218/3096/2914 3223/3100/2919 3219/3098/2878
f 3224/3101/2920 3219/3098/2878 3223/3100/2919
f 3225/3102/2921 3226/3100/2922 3220/3099/2918
f 3221/3096/2916 3220/3099/2918 3226/3100/2922
f 3223/3100/2919 3227/3103/2923 3224/3101/2920
f 3228/3104/2872 3224/3101/2920 3227/3103/2923
f 3225/3102/2921 3229/3105/2924 3226/3100/2922
f 3230/3103/2925 3226/3100/2922 3229/3105/2924
f 3232/3106/2926 3233/3107/2927 3231/3054/2928
f 3228/3104/2872 3227/3103/2923 3232/3106/2926
f 3233/3107/2927 3232/3106/2926 3227/3103/2923
f 3169/3054/2870 3234/3107/2929 3166/3053/2869
f 3235/3108/2930 3166/3053/2869 3234/3107/2929
f 3229/3105/2924 3235/3108/2930 3230/3103/2925
f 3234/3107/2929 3230/3103/2925 3235/3108/2930
f 2694/2593/2408 2696/2594/2409 3236/3109/2931
f 3237/3110/2932 3236/3109/2931 2696/2594/2409
f 3238/3111/2933 3237/3110/2932 2696/2594/2409
f 3103/2990/2805 2703/2602/2417 3239/3112/2934
f 2705/2603/2418 3239/3112/2934 2703/2602/2417
f 2705/2603/2418 2707/2605/2420 3239/3112/2934
f 3240/3113/2935 3239/3112/2934 2707/2605/2420
f 2707/2605/2420 2709/2607/2422 3240/3113/2935
f 3241/3114/2936 3240/3113/2935 2709/2607/2422
f 2709/2607/2422 2694/2593/2408 3241/3114/2936
f 3236/3109/2931 3241/3114/2936 2694/2593/2408
f 3091/2980/2793 3242/3115/2937 3088/2979/2792
f 3243/3116/2938 3088/2979/2792 3242/3115/2937
f 3238/3111/2933 2696/2594/2409 2690/2588/2403
f 2703/2602/2417 2701/2598/2413 2700/2597/2412
f 3245/3117/2939 3246/3118/2928 3244/3119/2940
f 3247/3120/2941 3244/3119/2940 3246/3118/2928
f 2723/2619/2437 3245/3117/2939 2724/2618/2436
f 3245/3117/2939 3244/3119/2940 2724/2618/2436
f 3173/3058/2874 3245/3117/2939 3170/3057/2873
f 3103/2990/2805 3170/3057/2873 2723/2619/2437
f 3170/3057/2873 3245/3117/2939 2723/2619/2437
f 3103/2990/2805 3171/3055/2871 3170/3057/2873
f 3174/3059/2875 3171/3055/2871 3239/3112/2934
f 3171/3055/2871 3103/2990/2805 3239/3112/2934
f 3239/3112/2934 3240/3113/2935 3174/3059/2875
f 3240/3113/2935 3176/3061/2877 3174/3059/2875
f 3178/3065/2881 3181/3066/2882 3176/3061/2877
f 3177/3062/2878 3176/3061/2877 3181/3066/2882
f 3240/3113/2935 3178/3065/2881 3176/3061/2877
f 3240/3113/2935 3241/3114/2936 3178/3065/2881
f 3241/3114/2936 3179/3063/2879 3178/3065/2881
f 3182/3069/2885 3185/3070/2886 3179/3063/2879
f 3180/3064/2880 3179/3063/2879 3185/3070/2886
f 3241/3114/2936 3182/3069/2885 3179/3063/2879
f 3241/3114/2936 3236/3109/2931 3182/3069/2885
f 3236/3109/2931 3183/3067/2883 3182/3069/2885
f 3186/3073/2889 3189/3074/2890 3183/3067/2883
f 3184/3068/2884 3183/3067/2883 3189/3074/2890
f 3236/3109/2931 3186/3073/2889 3183/3067/2883
f 3236/3109/2931 3237/3110/2932 3186/3073/2889
f 3237/3110/2932 3187/3071/2887 3186/3073/2889
f 3193/3078/2894 3188/3072/2888 3190/3077/2893
f 3187/3071/2887 3190/3077/2893 3188/3072/2888
f 3238/3111/2933 3190/3077/2893 3237/3110/2932
f 3190/3077/2893 3187/3071/2887 3237/3110/2932
f 3238/3111/2933 3191/3075/2891 3190/3077/2893
f 2680/2578/2393 2679/2576/2391 3248/3121/2942
f 2679/2576/2391 3249/3122/2943 3248/3121/2942
f 2605/2503/2318 2764/2658/2476 2602/2502/2317
f 2765/2659/2477 2602/2502/2317 2764/2658/2476
f 3251/3123/2944 3252/3124/2945 3250/3125/2944
f 3252/3124/2945 3040/2929/2745 3250/3125/2944
f 3252/3124/2945 3038/2927/2744 3040/2929/2745
f 3091/2980/2793 3085/2974/2788 3242/3115/2937
f 3085/2974/2788 3084/2972/2786 3242/3115/2937
f 3090/2978/2791 3253/2987/2946 3091/2980/2793
f 3085/2974/2788 3091/2980/2793 3086/2975/2789
f 3254/2880/2947 3023/2914/2730 2987/2879/2694
f 3023/2914/2730 3254/2880/2947 3255/2915/2948
f 2608/2505/2320 3024/2915/2438 2609/2507/2322
f 2697/2596/2411 2609/2507/2322 3024/2915/2438
f 3256/3126/2949 2726/2620/2438 2699/2599/2414
f 2725/2621/2439 2699/2599/2414 2726/2620/2438
f 3253/2987/2946 3086/2975/2789 3091/2980/2793
f 3256/3126/2949 2699/2599/2414 2702/2600/2415
f 3258/3127/2831 3259/3128/2950 3257/3129/2951
f 3131/3017/2831 3130/3016/2485 3260/3130/2952
f 2887/2780/2596 3261/3131/2953 2888/2779/2595
f 3262/3132/2954 2888/2779/2595 3261/3131/2953
f 2950/2841/2657 3263/3133/2955 2951/2842/2658
f 3264/3134/2956 2951/2842/2658 3263/3133/2955
f 3266/3135/2957 3267/3136/2958 3265/3137/2959
f 3268/3138/2960 3265/3137/2959 3267/3136/2958
f 3265/3137/2959 3268/3138/2960 3261/3131/2953
f 3262/3132/2954 3261/3131/2953 3268/3138/2960
f 2819/2712/2528 2972/2864/2680 3269/3139/2961
f 2832/2724/2540 2837/2728/2544 2831/2723/2539
f 3200/3080/2902 3271/3084/2962 3270/3140/2963
f 3201/3085/2900 3200/3080/2902 3270/3140/2963
f 3272/3141/2964 3273/3041/2965 3161/3048/2863
f 3275/3142/2966 2736/2629/2967 3274/3143/2968
f 3276/2631/2406 3274/3143/2968 2736/2629/2967
f 3162/2626/2861 3161/3048/2863 3273/3041/2965
f 3278/3144/2969 3279/3145/2970 3277/3146/2971
f 3280/3147/2971 3277/3146/2971 3279/3145/2970
f 2693/2590/2405 3281/3148/2972 2691/2591/2406
f 3282/3149/2973 3281/3148/2972 2693/2590/2405
f 3277/3146/2971 3280/3147/2971 3157/3043/2856
f 3283/3150/2971 3157/3043/2856 3280/3147/2971
f 3284/3151/2971 3285/3152/2971 3158/3045/2858
f 3157/3043/2856 3283/3150/2971 3158/3045/2858
f 3284/3151/2971 3158/3045/2858 3283/3150/2971
f 3067/2956/2771 3286/3153/2974 3064/2955/2770
f 3074/2962/2776 3064/2955/2770 3286/3153/2974
f 3287/3154/2975 3075/2963/2777 3074/2962/2776
f 3286/3153/2974 3287/3154/2975 3074/2962/2776
f 2985/2876/2976 3288/3155/2698 3025/2877/2731
f 3025/2877/2731 3288/3155/2698 3026/2916/2732
f 2934/2825/2641 3026/2916/2732 3288/3155/2698
f 3249/3122/2943 2679/2576/2391 3289/3156/2977
f 3290/3157/2978 3249/3122/2943 3289/3156/2977
f 3292/3158/2979 3293/3159/2980 3291/3160/2981
f 3294/3161/2982 3291/3160/2981 3293/3159/2980
f 3295/3162/2983 3296/3163/2984 2855/2747/2563
f 2822/2714/2530 2855/2747/2563 3296/3163/2984
f 3296/3163/2984 3297/3164/2985 2822/2714/2530
f 2824/2716/2532 2822/2714/2530 3297/3164/2985
f 3295/3162/2983 3299/3165/2986 3298/3166/2987
f 3301/3167/2988 3298/3166/2987 3300/3168/2989
f 3299/3165/2986 3300/3168/2989 3298/3166/2987
f 2792/2685/2503 2791/2687/2505 2974/2867/2683
f 2975/2866/2682 2974/2867/2683 2791/2687/2505
f 2826/2718/2534 2831/2723/2539 2827/2719/2535
f 3302/3169/2990 2827/2719/2535 2831/2723/2539
f 2834/2726/2542 2835/2727/2543 3303/3170/2991
f 3304/3171/2992 3303/3170/2991 2835/2727/2543
f 3305/3172/2993 3306/3173/2994 2831/2723/2539
f 3302/3169/2990 2831/2723/2539 3306/3173/2994
f 2831/2723/2539 2836/2729/2545 3305/3172/2993
f 3297/3164/2985 3296/3163/2984 3307/3174/2995
f 3308/3175/2996 3307/3174/2995 3296/3163/2984
f 3298/3166/2987 3301/3167/2988 3308/3175/2996
f 3307/3174/2995 3308/3175/2996 3301/3167/2988
f 3308/3175/2996 3296/3163/2984 3298/3166/2987
f 3295/3162/2983 3298/3166/2987 3296/3163/2984
f 3309/3176/2997 3310/3177/2998 3266/3135/2957
f 3267/3136/2958 3266/3135/2957 3310/3177/2998
f 3311/3178/2999 2972/2864/2680 2957/2851/2667
f 2958/2849/2665 2957/2851/2667 2972/2864/2680
f 3312/3179/3000 3269/3139/2961 3311/3178/2999
f 2972/2864/2680 3311/3178/2999 3269/3139/2961
f 2952/2844/2660 2951/2842/2658 2851/2742/2558
f 2957/2851/2667 2851/2742/2558 2951/2842/2658
f 3304/3171/2992 3313/3180/3001 3303/3170/2991
f 3314/3181/3002 3303/3170/2991 3313/3180/3001
f 3264/3134/2956 3316/3182/3003 3315/3183/3004
f 3312/3179/3000 3311/3178/2999 3316/3182/3003
f 3315/3183/3004 3316/3182/3003 3311/3178/2999
f 3311/3178/2999 2957/2851/2667 3315/3183/3004
f 2951/2842/2658 3315/3183/3004 2957/2851/2667
f 3264/3134/2956 3315/3183/3004 2951/2842/2658
f 3263/3133/2955 3317/3184/3005 3264/3134/2956
f 2779/2673/2491 3318/3185/3006 2780/2674/2492
f 2841/2732/2548 2840/2733/2549 3317/3184/3005
f 3319/3186/3007 3317/3184/3005 2840/2733/2549
f 3317/3184/3005 3319/3186/3007 3264/3134/2956
f 3316/3182/3003 3264/3134/2956 3319/3186/3007
f 3263/3133/2955 2973/2865/2681 3317/3184/3005
f 2973/2865/2681 2841/2732/2548 3317/3184/3005
f 3320/3187/3008 2616/2514/2329 2617/2515/2330
f 2612/2509/2324 2617/2515/2330 2616/2514/2329
f 3322/3188/3009 3323/3189/3010 3321/3190/3011
f 3322/3188/3009 3321/3190/3011 3259/3128/2950
f 3257/3129/2951 3259/3128/2950 3321/3190/3011
f 3324/3191/3012 3320/3187/3008 2618/2516/2331
f 2617/2515/2330 2618/2516/2331 3320/3187/3008
f 3325/3192/3013 3326/3193/3014 3132/3019/2832
f 3133/3020/2833 3132/3019/2832 3326/3193/3014
f 3318/3185/3006 2779/2673/2491 2784/2678/2496
f 2783/2676/2494 3318/3185/3006 2784/2678/2496
f 2641/2539/2354 3327/3194/3015 2833/2725/2541
f 3328/3195/3016 2833/2725/2541 3327/3194/3015
f 2970/2862/2678 2971/2863/2679 3329/3196/3017
f 3330/3197/3018 3329/3196/3017 2971/2863/2679
f 3330/3197/3018 3293/3159/2980 3329/3196/3017
f 3292/3158/2979 3329/3196/3017 3293/3159/2980
f 2956/2848/2664 3331/3198/3019 2640/2538/2353
f 3331/3198/3019 2641/2539/2354 2640/2538/2353
f 3331/3198/3019 3327/3194/3015 2641/2539/2354
f 2869/2761/2577 3332/3199/3020 2870/2762/2578
f 3333/3200/3021 2870/2762/2578 3332/3199/3020
f 3335/3201/3022 2753/2646/2464 3334/3202/3023
f 2945/2837/2653 2943/2835/2651 2769/2662/2480
f 3337/3203/2553 3338/3204/3024 3336/3205/3025
f 3339/3206/3026 3338/3204/3024 3337/3203/2553
f 3340/3207/3027 3338/3204/3024 3339/3206/3026
f 3341/3208/3028 3338/3204/3024 3340/3207/3027
f 3342/3209/2951 3338/3204/3024 3341/3208/3028
f 3344/3210/3029 3345/3211/3030 3343/3212/2951
f 3346/3213/3031 3345/3211/3030 3344/3210/3029
f 3347/3214/3032 3345/3211/3030 3346/3213/3031
f 3348/3215/2410 3345/3211/3030 3347/3214/3032
f 3349/3216/2792 3345/3211/3030 3348/3215/2410
f 3350/3217/2938 3345/3211/3030 3349/3216/2792
f 3352/3218/2079 3353/3219/2078 3351/3220/3033
f 3355/3221/3034 3356/3222/3035 3354/3223/3036
f 3357/3224/3037 3354/3223/3036 3356/3222/3035
f 3359/3225/3038 3360/3226/3039 3358/3227/3040
f 3361/3228/3041 3358/3227/3040 3360/3226/3039
f 3363/3229/2090 3364/3230/3042 3362/3231/2091
f 3364/3230/3042 3365/3232/3043 3362/3231/2091
f 3365/3232/3043 3366/3233/3044 3362/3231/2091
f 3366/3233/3044 3367/3234/3045 3362/3231/2091
f 3369/3235/3046 3370/3236/3047 3368/3237/3048
f 3371/3238/3049 3368/3237/3048 3370/3236/3047
f 3352/3218/2079 3351/3220/3033 3372/3239/3050
f 3352/3218/2079 3372/3239/3050 3373/3240/3051
f 3352/3218/2079 3373/3240/3051 3374/3241/3052
f 3352/3218/2079 3374/3241/3052 3375/3242/3053
f 3352/3218/2079 3375/3242/3053 3376/3243/3054
f 3352/3218/2079 3376/3243/3054 3377/3244/3055
f 3352/3218/2079 3377/3244/3055 3378/3245/3056
f 3380/3246/3057 3381/3247/3058 3379/3248/3059
f 3382/3249/3060 3379/3248/3059 3381/3247/3058
f 3384/3250/3061 3385/3251/3062 3383/3252/3063
f 3386/3253/3064 3383/3252/3063 3385/3251/3062
f 3388/3254/3065 3389/3255/3066 3387/3256/3067
f 3390/3257/3068 3387/3256/3067 3389/3255/3066
f 3392/3258/3069 3393/3259/3070 3391/3260/3071
f 3394/3261/3072 3391/3260/3071 3393/3259/3070
f 3396/3262/3073 3397/3263/3074 3395/3264/3075
f 3398/3265/3076 3395/3264/3075 3397/3263/3074
f 3400/3266/3077 3401/3267/3078 3399/3268/3079
f 3402/3269/3080 3399/3268/3079 3401/3267/3078
f 3404/3270/2131 3405/3271/3081 3403/3272/3082
f 3406/3273/3082 3403/3272/3082 3405/3271/3081
f 3406/3273/3082 3407/3274/3083 3403/3272/3082
f 3408/3275/3084 3403/3272/3082 3407/3274/3083
f 3407/3274/3083 3409/3276/3085 3408/3275/3084
f 3410/3277/3085 3408/3275/3084 3409/3276/3085
f 3410/3277/3085 3409/3276/3085 3411/3278/3086
f 3412/3279/3087 3411/3278/3086 3409/3276/3085
f 3412/3279/3087 3413/3280/3088 3411/3278/3086
f 3414/3281/3089 3411/3278/3086 3413/3280/3088
f 3413/3280/3088 3415/3282/3090 3414/3281/3089
f 3416/3283/3091 3414/3281/3089 3415/3282/3090
f 3415/3282/3090 3400/3266/3077 3416/3283/3091
f 3399/3268/3079 3416/3283/3091 3400/3266/3077
f 3418/3284/3092 3394/3261/3072 3417/3285/3093
f 3393/3259/3070 3417/3285/3093 3394/3261/3072
f 3368/3237/3048 3398/3265/3076 3369/3235/3046
f 3397/3263/3074 3369/3235/3046 3398/3265/3076
f 3391/3260/3071 3390/3257/3068 3392/3258/3069
f 3389/3255/3066 3392/3258/3069 3390/3257/3068
f 3420/3286/3036 3386/3253/3064 3419/3287/3034
f 3385/3251/3062 3419/3287/3034 3386/3253/3064
f 3387/3256/3067 3382/3249/3060 3388/3254/3065
f 3381/3247/3058 3388/3254/3065 3382/3249/3060
f 3358/3227/3040 3371/3238/3049 3359/3225/3038
f 3370/3236/3047 3359/3225/3038 3371/3238/3049
f 3383/3252/3063 3361/3228/3041 3384/3250/3061
f 3360/3226/3039 3384/3250/3061 3361/3228/3041
f 3379/3248/3059 3357/3224/3037 3380/3246/3057
f 3356/3222/3035 3380/3246/3057 3357/3224/3037
f 3422/3288/3094 3423/3289/3095 3421/3290/3096
f 3424/3291/3097 3421/3290/3096 3423/3289/3095
f 3423/3289/3095 3422/3288/3094 3425/3292/3098
f 3427/3293/3099 3425/3292/3098 3426/3294/3100
f 3422/3288/3094 3426/3294/3100 3425/3292/3098
f 3428/3295/3101 3427/3293/3099 3426/3294/3100
f 3430/3296/3102 3428/3295/3101 3429/3297/3103
f 3426/3294/3100 3429/3297/3103 3428/3295/3101
f 3430/3296/3102 3429/3297/3103 3431/3298/3104
f 3433/3299/3105 3431/3298/3104 3432/3300/3106
f 3429/3297/3103 3432/3300/3106 3431/3298/3104
f 3433/3299/3105 3432/3300/3106 3434/3301/3107
f 3436/3302/3108 3437/3303/3108 3435/3304/2157
f 3438/3305/2157 3435/3304/2157 3437/3303/3108
f 3440/3306/3109 3441/3307/3110 3439/3308/3109
f 3442/3309/3110 3439/3308/3109 3441/3307/3110
f 3443/3310/3111 3444/3311/3111 3439/3308/3109
f 3440/3306/3109 3439/3308/3109 3444/3311/3111
f 3445/3312/3112 3446/3313/3112 3443/3310/3111
f 3444/3311/3111 3443/3310/3111 3446/3313/3112
f 3448/3314/3113 3446/3313/3112 3447/3315/3114
f 3445/3312/3112 3447/3315/3114 3446/3313/3112
f 3449/3316/3115 3450/3317/3116 3447/3315/3114
f 3448/3314/3113 3447/3315/3114 3450/3317/3116
f 3452/3318/3117 3450/3317/3116 3451/3319/3117
f 3449/3316/3115 3451/3319/3117 3450/3317/3116
f 3454/3320/3118 3455/3321/3119 3453/3322/3118
f 3456/3323/3119 3453/3322/3118 3455/3321/3119
f 3458/3324/3120 3452/3318/3117 3457/3325/3120
f 3451/3319/3117 3457/3325/3120 3452/3318/3117
f 3460/3326/3121 3461/3327/3122 3459/3328/3069
f 3463/3329/3123 3464/3330/3123 3462/3331/3124
f 3465/3332/3124 3462/3331/3124 3464/3330/3123
f 3466/3333/3125 3467/3334/3126 3463/3329/3123
f 3464/3330/3123 3463/3329/3123 3467/3334/3126
f 3469/3335/3127 3470/3336/3128 3468/3337/3127
f 3471/3338/3129 3468/3337/3127 3470/3336/3128
f 3471/3338/3129 3470/3336/3128 3466/3333/3125
f 3467/3334/3126 3466/3333/3125 3470/3336/3128
f 3473/3339/3130 3474/3340/3131 3472/3341/3061
f 3475/3342/3034 3472/3341/3061 3474/3340/3131
f 3477/3343/2183 3473/3339/3130 3476/3344/3046
f 3478/3345/3132 3476/3344/3046 3473/3339/3130
f 3479/3346/3133 3474/3340/3131 3460/3326/3121
f 3461/3327/3122 3460/3326/3121 3474/3340/3131
f 3480/3347/2125 3477/3343/2183 3476/3344/3046
f 3459/3328/3069 3461/3327/3122 3481/3348/2140
f 3482/3349/2169 3481/3348/2140 3461/3327/3122
f 3473/3339/3130 3472/3341/3061 3478/3345/3132
f 3475/3342/3034 3474/3340/3131 3479/3346/3133
f 3483/3350/3134 3484/3351/3134 3457/3325/3120
f 3458/3324/3120 3457/3325/3120 3484/3351/3134
f 3485/3352/3135 3486/3353/3135 3453/3322/3118
f 3454/3320/3118 3453/3322/3118 3486/3353/3135
f 3487/3354/3136 3488/3355/3136 3485/3352/3135
f 3486/3353/3135 3485/3352/3135 3488/3355/3136
f 3490/3356/3137 3488/3355/3136 3489/3357/3137
f 3487/3354/3136 3489/3357/3137 3488/3355/3136
f 3491/3358/3138 3492/3359/3138 3489/3357/3137
f 3490/3356/3137 3489/3357/3137 3492/3359/3138
f 3494/3360/3139 3492/3359/3138 3493/3361/2191
f 3491/3358/3138 3493/3361/2191 3492/3359/3138
f 3455/3321/3119 3437/3303/3108 3456/3323/3119
f 3436/3302/3108 3456/3323/3119 3437/3303/3108
f 3476/3344/3046 3495/3362/3140 3480/3347/2125
f 3481/3348/2140 3496/3363/3070 3459/3328/3069
f 3459/3328/3069 3497/3364/3066 3460/3326/3121
f 3498/3365/3141 3472/3341/3061 3475/3342/3034
f 3460/3326/3121 3499/3366/3058 3479/3346/3133
f 3500/3367/3142 3476/3344/3046 3478/3345/3132
f 3501/3368/3143 3478/3345/3132 3472/3341/3061
f 3479/3346/3133 3502/3369/3144 3475/3342/3034
f 3504/3370/3145 3505/3371/3146 3503/3372/2091
f 3506/3373/3147 3504/3370/3145 3503/3372/2091
f 3507/3374/3148 3506/3373/3147 3503/3372/2091
f 3508/3375/3149 3507/3374/3148 3503/3372/2091
f 3510/3376/3146 3511/3377/3150 3509/3378/974
f 3511/3377/3150 3512/3379/3151 3509/3378/974
f 3512/3379/3151 3513/3380/3152 3509/3378/974
f 3513/3380/3152 3514/3381/3149 3509/3378/974
f 3515/3382/3153 3072/2960/2774 3071/2959/2773
f 3334/3202/3023 2753/2646/2464 2752/2648/2466
f 3517/2055/3154 3518/2056/1915 3516/2057/3155
f 3519/2058/3156 3516/2057/3155 3518/2056/1915
f 3516/2057/3155 3519/2058/3156 3520/2059/1918
f 3521/2060/1919 3520/2059/1918 3519/2058/3156
f 3520/2059/1918 3521/2060/1919 3522/2061/3157
f 3523/2062/1921 3522/2061/3157 3521/2060/1919
f 3522/2061/3157 3523/2062/1921 3524/2063/1922
f 3525/2064/3158 3524/2063/1922 3523/2062/1921
f 3524/2063/1922 3525/2064/3158 3526/2065/1924
f 3527/2066/3159 3526/2065/1924 3525/2064/3158
f 3526/2065/1924 3527/2066/3159 3528/2067/1926
f 3529/2068/1927 3528/2067/1926 3527/2066/3159
f 3528/2067/1926 3529/2068/1927 3530/2069/1928
f 3531/2070/3160 3530/2069/1928 3529/2068/1927
f 3531/2070/3160 3518/2056/1915 3530/2069/1928
f 3517/2055/3154 3530/2069/1928 3518/2056/1915
f 3531/2070/3160 3532/2071/3161 3518/2056/1915
f 3529/2068/1927 3532/2071/3161 3531/2070/3160
f 3527/2066/3159 3532/2071/3161 3529/2068/1927
f 3525/2064/3158 3532/2071/3161 3527/2066/3159
f 3523/2062/1921 3532/2071/3161 3525/2064/3158
f 3521/2060/1919 3532/2071/3161 3523/2062/1921
f 3519/2058/3156 3532/2071/3161 3521/2060/1919
f 3518/2056/1915 3532/2071/3161 3519/2058/3156
f 3534/2055/1914 3535/2056/1915 3533/2057/3155
f 3536/2058/1917 3533/2057/3155 3535/2056/1915
f 3533/2057/3155 3536/2058/1917 3537/2059/1918
f 3538/2060/1919 3537/2059/1918 3536/2058/1917
f 3537/2059/1918 3538/2060/1919 3539/2061/3157
f 3540/2062/1921 3539/2061/3157 3538/2060/1919
f 3539/2061/3157 3540/2062/1921 3541/2063/1922
f 3542/2064/3158 3541/2063/1922 3540/2062/1921
f 3541/2063/1922 3542/2064/3158 3543/2065/3162
f 3544/2066/1925 3543/2065/3162 3542/2064/3158
f 3543/2065/3162 3544/2066/1925 3545/2067/3163
f 3546/2068/1927 3545/2067/3163 3544/2066/1925
f 3545/2067/3163 3546/2068/1927 3547/2069/1928
f 3548/2070/3160 3547/2069/1928 3546/2068/1927
f 3548/2070/3160 3535/2056/1915 3547/2069/1928
f 3534/2055/1914 3547/2069/1928 3535/2056/1915
f 3548/2070/3160 3549/2071/3161 3535/2056/1915
f 3546/2068/1927 3549/2071/3161 3548/2070/3160
f 3544/2066/1925 3549/2071/3161 3546/2068/1927
f 3542/2064/3158 3549/2071/3161 3544/2066/1925
f 3540/2062/1921 3549/2071/3161 3542/2064/3158
f 3538/2060/1919 3549/2071/3161 3540/2062/1921
f 3536/2058/1917 3549/2071/3161 3538/2060/1919
f 3535/2056/1915 3549/2071/3161 3536/2058/1917
f 3246/3118/2928 3245/3117/2939 3173/3058/2874
f 3004/2894/2710 2738/2634/2452 3008/2898/2714
f 3550/3046/3164 3273/3041/2965 3272/3141/2964
f 3552/1923/3165 3553/1921/3166 3551/1922/3167
f 3554/1920/3168 3551/1922/3167 3553/1921/3166
f 3555/1925/3169 3556/1924/3170 3554/1920/3168
f 3557/1926/3171 3553/1921/3166 3552/1923/3165
f 2010/1930/1767 2009/1928/1765 3558/1929/3172
f 3559/1927/3173 3558/1929/3172 2009/1928/1765
f 3561/1932/3174 3562/1931/3175 3560/1933/3176
f 3564/1937/3177 3565/1935/3178 3563/1936/3179
f 3566/1934/3180 3563/1936/3179 3565/1935/3178
f 2020/1940/1777 2019/1938/1775 3567/1939/3181
f 3565/1935/3178 3567/1939/3181 2019/1938/1775
f 3569/1924/3182 3570/1942/3183 3568/1943/3184
f 3571/1941/3185 3568/1943/3184 3570/1942/3183
f 3573/1945/3186 3574/1933/3187 3572/1944/3188
f 3575/1926/3189 3572/1944/3188 3574/1933/3187
f 3577/1948/3190 3578/1925/3191 3576/1947/3192
f 3579/1946/3193 3576/1947/3192 3578/1925/3191
f 3581/1952/3194 3582/1950/3195 3580/1951/3196
f 3583/1949/3197 3580/1951/3196 3582/1950/3195
f 3584/1953/3198 3585/1942/3199 3555/1925/3169
f 3556/1924/3170 3555/1925/3169 3585/1942/3199
f 3567/1939/3181 3565/1935/3178 3564/1937/3177
f 3586/1957/3200 3587/1955/3201 2039/1956/1798
f 2040/1954/1796 2039/1956/1798 3587/1955/3201
f 3588/1958/3202 3558/1929/3172 3553/1921/3166
f 3559/1927/3173 3553/1921/3166 3558/1929/3172
f 3585/1942/3199 3584/1953/3198 3589/1959/3203
f 3563/1936/3179 3566/1934/3180 3590/1952/3204
f 3562/1931/3175 3590/1952/3204 3566/1934/3180
f 3591/1946/3205 3587/1955/3201 3586/1957/3200
f 3590/1952/3204 3562/1931/3175 3592/1950/3206
f 2009/1928/1765 2040/1954/1796 3559/1927/3173
f 3587/1955/3201 3559/1927/3173 2040/1954/1796
f 3566/1934/3180 3588/1958/3202 3562/1931/3175
f 3559/1927/3173 3587/1955/3201 3553/1921/3166
f 3554/1920/3168 3553/1921/3166 3587/1955/3201
f 3565/1935/3178 3558/1929/3172 3566/1934/3180
f 3588/1958/3202 3566/1934/3180 3558/1929/3172
f 3558/1929/3172 3565/1935/3178 2010/1930/1767
f 2019/1938/1775 2010/1930/1767 3565/1935/3178
f 3593/1960/3207 3585/1942/3199 3589/1959/3203
f 3582/1950/3195 3595/1932/3208 3594/1962/3209
f 3596/1961/3210 3594/1962/3209 3595/1932/3208
f 3575/1926/3189 3597/1923/3211 3572/1944/3188
f 3598/1963/3212 3572/1944/3188 3597/1923/3211
f 3599/1964/3210 3595/1932/3208 3573/1945/3186
f 3574/1933/3187 3573/1945/3186 3595/1932/3208
f 3601/1939/3213 3602/1937/3214 3600/1966/3215
f 3603/1965/3216 3600/1966/3215 3602/1937/3214
f 3605/1960/3217 3606/1959/3218 3604/1968/3219
f 3607/1967/3220 3604/1968/3219 3606/1959/3218
f 2064/1940/1821 3601/1939/3213 2063/1969/1820
f 3600/1966/3215 2063/1969/1820 3601/1939/3213
f 3603/1965/3216 3602/1937/3214 3608/1970/3221
f 3609/1936/3222 3608/1970/3221 3602/1937/3214
f 3609/1936/3222 3581/1952/3194 3608/1970/3221
f 3580/1951/3196 3608/1970/3221 3581/1952/3194
f 3598/1963/3212 3597/1923/3211 3610/1971/3223
f 3611/1922/3224 3610/1971/3223 3597/1923/3211
f 3612/1972/3225 3613/1953/3226 3577/1948/3190
f 3578/1925/3191 3577/1948/3190 3613/1953/3226
f 3576/1947/3192 3579/1946/3193 3614/1973/3227
f 3615/1957/3228 3614/1973/3227 3579/1946/3193
f 3611/1922/3224 3569/1924/3182 3610/1971/3223
f 3568/1943/3184 3610/1971/3223 3569/1924/3182
f 3615/1957/3228 2074/1956/1831 3614/1973/3227
f 2073/1974/1830 3614/1973/3227 2074/1956/1831
f 3616/1975/3229 3617/1959/3230 3612/1972/3225
f 3613/1953/3226 3612/1972/3225 3617/1959/3230
f 3570/1942/3183 3618/1960/3231 3571/1941/3185
f 3619/1976/3232 3571/1941/3185 3618/1960/3231
f 3621/1980/3233 3622/1978/3234 3620/1979/3235
f 3623/1977/3236 3620/1979/3235 3622/1978/3234
f 3625/1984/3237 3626/1982/3238 3624/1983/3239
f 3627/1981/3240 3624/1983/3239 3626/1982/3238
f 3629/1988/3241 3630/1986/3242 3628/1987/3243
f 3631/1985/3244 3628/1987/3243 3630/1986/3242
f 3633/1992/3245 3634/1990/3246 3632/1991/3247
f 3635/1989/3248 3632/1991/3247 3634/1990/3246
f 2098/1996/1855 3636/1994/3241 2095/1995/1854
f 3637/1993/3249 2095/1995/1854 3636/1994/3241
f 3639/2000/3250 2101/1998/1857 3638/1999/3251
f 2100/1997/1856 3638/1999/3251 2101/1998/1857
f 3632/1991/3247 3635/1989/3248 2103/2002/1861
f 2104/2001/1860 2103/2002/1861 3635/1989/3248
f 3640/2006/3252 3641/2004/3253 2105/2005/1864
f 2106/2003/1862 2105/2005/1864 3641/2004/3253
f 2095/1995/1854 3637/1993/3249 2109/2008/1867
f 3642/2007/3254 2109/2008/1867 3637/1993/3249
f 3628/1987/3243 3631/1985/3244 3643/2010/3255
f 3644/2009/3256 3643/2010/3255 3631/1985/3244
f 3646/2014/3257 3647/2012/3258 3645/2013/3259
f 3648/2011/3260 3645/2013/3259 3647/2012/3258
f 3650/2018/3261 3651/2016/3262 3649/2017/3263
f 3652/2015/3264 3649/2017/3263 3651/2016/3262
f 3654/2020/3265 3655/2019/3266 3653/2021/3267
f 3653/2021/3267 3655/2019/3266 3656/2022/3268
f 3656/2022/3268 3655/2019/3266 3657/2023/3269
f 3657/2023/3269 3655/2019/3266 3658/2024/3270
f 3658/2024/3270 3655/2019/3266 3659/2025/3271
f 3659/2025/3271 3655/2019/3266 3660/2026/3272
f 3660/2026/3272 3655/2019/3266 3661/2027/3273
f 3661/2027/3273 3655/2019/3266 3662/2028/3274
f 3662/2028/3274 3655/2019/3266 3663/2029/3275
f 3663/2029/3275 3655/2019/3266 3664/2030/3276
f 3664/2030/3276 3655/2019/3266 3665/2031/3277
f 3665/2031/3277 3655/2019/3266 3666/2032/3278
f 3666/2032/3278 3655/2019/3266 3667/2033/3279
f 3667/2033/3279 3655/2019/3266 3668/2034/3280
f 3668/2034/3280 3655/2019/3266 3669/2035/3281
f 3669/2035/3281 3655/2019/3266 3654/2020/3265
f 2141/2039/1898 2140/2037/1896 3670/2038/3282
f 3671/2036/3283 3670/2038/3282 2140/2037/1896
f 2145/2043/1902 3672/2041/3284 2142/2042/1901
f 3673/2040/3285 2142/2042/1901 3672/2041/3284
f 2141/2039/1898 3670/2038/3282 2145/2043/1902
f 3672/2041/3284 2145/2043/1902 3670/2038/3282
f 3673/2040/3285 3674/2045/3286 2142/2042/1901
f 2146/2044/1903 2142/2042/1901 3674/2045/3286
f 3676/2047/3287 3677/2046/3288 3675/2048/3289
f 3675/2048/3289 3677/2046/3288 3678/2049/3290
f 3678/2049/3290 3677/2046/3288 3679/2050/3291
f 3679/2050/3291 3677/2046/3288 3680/2051/3292
f 3680/2051/3292 3677/2046/3288 3681/2052/3293
f 3681/2052/3293 3677/2046/3288 3682/2053/3294
f 3682/2053/3294 3677/2046/3288 3683/2054/3295
f 3683/2054/3295 3677/2046/3288 3676/2047/3287
f 3685/2058/3296 3686/2056/3297 3684/2057/3298
f 3687/2055/3299 3684/2057/3298 3686/2056/3297
f 3689/2060/3300 3685/2058/3296 3688/2059/3301
f 3684/2057/3298 3688/2059/3301 3685/2058/3296
f 3691/2062/3302 3689/2060/3300 3690/2061/3303
f 3688/2059/3301 3690/2061/3303 3689/2060/3300
f 3693/2064/3304 3691/2062/3302 3692/2063/3305
f 3690/2061/3303 3692/2063/3305 3691/2062/3302
f 3695/2066/3306 3693/2064/3304 3694/2065/3307
f 3692/2063/3305 3694/2065/3307 3693/2064/3304
f 3697/2068/3308 3695/2066/3306 3696/2067/3309
f 3694/2065/3307 3696/2067/3309 3695/2066/3306
f 3699/2070/3310 3697/2068/3308 3698/2069/3311
f 3696/2067/3309 3698/2069/3311 3697/2068/3308
f 3687/2055/3299 3686/2056/3297 3698/2069/3311
f 3699/2070/3310 3698/2069/3311 3686/2056/3297
f 3700/2071/3312 3699/2070/3310 3686/2056/3297
f 3700/2071/3312 3697/2068/3308 3699/2070/3310
f 3700/2071/3312 3695/2066/3306 3697/2068/3308
f 3700/2071/3312 3693/2064/3304 3695/2066/3306
f 3700/2071/3312 3691/2062/3302 3693/2064/3304
f 3700/2071/3312 3689/2060/3300 3691/2062/3302
f 3700/2071/3312 3685/2058/3296 3689/2060/3300
f 3700/2071/3312 3686/2056/3297 3685/2058/3296
f 3702/2073/3313 3675/2048/3289 3701/2072/3314
f 3678/2049/3290 3701/2072/3314 3675/2048/3289
f 3701/2072/3314 3678/2049/3290 3703/2074/3315
f 3679/2050/3291 3703/2074/3315 3678/2049/3290
f 3703/2074/3315 3679/2050/3291 3704/2075/3316
f 3680/2051/3292 3704/2075/3316 3679/2050/3291
f 3704/2075/3316 3680/2051/3292 3705/2076/3317
f 3681/2052/3293 3705/2076/3317 3680/2051/3292
f 3705/2076/3317 3681/2052/3293 3706/2077/3318
f 3682/2053/3294 3706/2077/3318 3681/2052/3293
f 3706/2077/3318 3682/2053/3294 3707/2078/3319
f 3683/2054/3295 3707/2078/3319 3682/2053/3294
f 3707/2078/3319 3683/2054/3295 3708/2079/3320
f 3676/2047/3287 3708/2079/3320 3683/2054/3295
f 3676/2047/3287 3675/2048/3289 3708/2079/3320
f 3702/2073/3313 3708/2079/3320 3675/2048/3289
f 3710/2083/3321 3711/2081/3322 3709/2082/3323
f 3712/2080/3324 3709/2082/3323 3711/2081/3322
f 3714/2087/3325 3715/2085/3326 3713/2086/3327
f 3716/2084/3328 3713/2086/3327 3715/2085/3326
f 3718/2091/3329 3719/2089/3330 3717/2090/3331
f 3720/2088/3332 3717/2090/3331 3719/2089/3330
f 3722/2093/3333 3719/2089/3330 3721/2092/3334
f 3718/2091/3329 3721/2092/3334 3719/2089/3330
f 3723/2095/3335 3724/2094/3336 3721/2092/3334
f 3722/2093/3333 3721/2092/3334 3724/2094/3336
f 3725/2097/3337 3726/2096/3338 3723/2095/3335
f 3724/2094/3336 3723/2095/3335 3726/2096/3338
f 3728/2099/3339 3729/2098/3340 3727/2100/3341
f 3731/2104/3342 3732/2102/3343 3730/2103/3344
f 3733/2101/3345 3730/2103/3344 3732/2102/3343
f 3735/2108/3346 3736/2106/3347 3734/2107/3348
f 3737/2105/3349 3734/2107/3348 3736/2106/3347
f 3739/2112/3350 3740/2110/3351 3738/2111/3352
f 3741/2109/3353 3738/2111/3352 3740/2110/3351
f 3743/2116/3354 3744/2114/3355 3742/2115/3356
f 3745/2113/3357 3742/2115/3356 3744/2114/3355
f 3747/2120/3358 3748/2118/3359 3746/2119/3360
f 3749/2117/3361 3746/2119/3360 3748/2118/3359
f 2226/2124/1983 2225/2122/1981 3750/2123/3362
f 3751/2121/3363 3750/2123/3362 2225/2122/1981
f 3753/2128/3364 3754/2126/3365 3752/2127/3366
f 3755/2125/3367 3752/2127/3366 3754/2126/3365
f 3757/2132/3368 3758/2130/3369 3756/2131/3370
f 3759/2129/3371 3756/2131/3370 3758/2130/3369
f 3753/2128/3364 3760/2134/3372 3754/2126/3365
f 3761/2133/3373 3754/2126/3365 3760/2134/3372
f 2226/2124/1983 3750/2123/3362 2237/2136/1995
f 3762/2135/3374 2237/2136/1995 3750/2123/3362
f 3763/2140/3375 3764/2138/3376 2239/2139/1998
f 2240/2137/1996 2239/2139/1998 3764/2138/3376
f 3759/2129/3371 3765/2142/3377 3756/2131/3370
f 3766/2141/3378 3756/2131/3370 3765/2142/3377
f 3767/2144/3379 2245/2143/2002 3764/2138/3376
f 2240/2137/1996 3764/2138/3376 2245/2143/2002
f 3768/2146/3380 3769/2145/3381 3747/2120/3358
f 3748/2118/3359 3747/2120/3358 3769/2145/3381
f 3744/2114/3355 3770/2148/3382 3745/2113/3357
f 3771/2147/3383 3745/2113/3357 3770/2148/3382
f 2237/2136/1995 3762/2135/3374 2251/2150/2009
f 3772/2149/3384 2251/2150/2009 3762/2135/3374
f 2251/2150/2009 3772/2149/3384 2253/2152/2011
f 3773/2151/3385 2253/2152/2011 3772/2149/3384
f 3775/2156/3386 3776/2154/3387 3774/2155/3388
f 3777/2153/3389 3774/2155/3388 3776/2154/3387
f 3777/2153/3389 3778/2158/3390 3774/2155/3388
f 3779/2157/3391 3774/2155/3388 3778/2158/3390
f 3714/2087/3325 3713/2086/3327 3725/2097/3337
f 3726/2096/3338 3725/2097/3337 3713/2086/3327
f 3720/2088/3332 3709/2082/3323 3717/2090/3331
f 3712/2080/3324 3717/2090/3331 3709/2082/3323
f 3778/2158/3390 3743/2116/3354 3779/2157/3391
f 3742/2115/3356 3779/2157/3391 3743/2116/3354
f 3746/2119/3360 3749/2117/3361 3775/2156/3386
f 3776/2154/3387 3775/2156/3386 3749/2117/3361
f 3781/2162/3392 3782/2160/3393 3780/2161/3394
f 3783/2159/3395 3780/2161/3394 3782/2160/3393
f 3783/2159/3395 3784/2164/3396 3780/2161/3394
f 3785/2163/3397 3780/2161/3394 3784/2164/3396
f 3785/2163/3397 3784/2164/3396 3757/2132/3368
f 3758/2130/3369 3757/2132/3368 3784/2164/3396
f 3755/2125/3367 3782/2160/3393 3752/2127/3366
f 3781/2162/3392 3752/2127/3366 3782/2160/3393
f 3773/2151/3385 3786/2166/3398 2253/2152/2011
f 2267/2165/2024 2253/2152/2011 3786/2166/3398
f 3786/2166/3398 3763/2140/3375 2267/2165/2024
f 2239/2139/1998 2267/2165/2024 3763/2140/3375
f 3730/2103/3344 3727/2100/3341 3731/2104/3342
f 3787/2167/3399 3731/2104/3342 3727/2100/3341
f 3789/2171/3400 3790/2169/3401 3788/2170/3402
f 3791/2168/3403 3788/2170/3402 3790/2169/3401
f 3792/2173/3404 3793/2172/3405 3788/2170/3402
f 3789/2171/3400 3788/2170/3402 3793/2172/3405
f 3792/2173/3404 3740/2110/3351 3793/2172/3405
f 3739/2112/3350 3793/2172/3405 3740/2110/3351
f 3736/2106/3347 3791/2168/3403 3737/2105/3349
f 3790/2169/3401 3737/2105/3349 3791/2168/3403
f 3741/2109/3353 3794/2175/3406 3738/2111/3352
f 3795/2174/3407 3738/2111/3352 3794/2175/3406
f 3796/2177/3408 3797/2176/3409 3734/2107/3348
f 3735/2108/3346 3734/2107/3348 3797/2176/3409
f 3729/2098/3340 3798/2178/3410 3727/2100/3341
f 3787/2167/3399 3727/2100/3341 3798/2178/3410
f 3800/2182/3411 3801/2180/3412 3799/2181/3413
f 3802/2179/3414 3799/2181/3413 3801/2180/3412
f 3804/2184/3415 3800/2182/3411 3803/2183/3416
f 3799/2181/3413 3803/2183/3416 3800/2182/3411
f 3806/2188/3417 3807/2186/3418 3805/2187/3419
f 3808/2185/3420 3805/2187/3419 3807/2186/3418
f 3810/2190/3421 3806/2188/3417 3809/2189/3422
f 3805/2187/3419 3809/2189/3422 3806/2188/3417
f 3812/2192/3423 3810/2190/3421 3811/2191/3424
f 3809/2189/3422 3811/2191/3424 3810/2190/3421
f 3813/2194/3425 3814/2193/3426 3811/2191/3424
f 3812/2192/3423 3811/2191/3424 3814/2193/3426
f 3816/2196/3427 3814/2193/3426 3815/2195/3428
f 3813/2194/3425 3815/2195/3428 3814/2193/3426
f 3817/2198/3429 3818/2197/3430 3815/2195/3428
f 3816/2196/3427 3815/2195/3428 3818/2197/3430
f 3819/2200/3431 3820/2199/3432 3817/2198/3429
f 3818/2197/3430 3817/2198/3429 3820/2199/3432
f 3821/2202/3433 3822/2201/3434 3819/2200/3431
f 3820/2199/3432 3819/2200/3431 3822/2201/3434
f 3824/2206/3277 3825/2204/3435 3823/2205/3436
f 3826/2203/3434 3823/2205/3436 3825/2204/3435
f 3827/2208/3437 3828/2207/3438 3824/2206/3277
f 3825/2204/3435 3824/2206/3277 3828/2207/3438
f 3830/2210/3439 3828/2207/3438 3829/2209/3440
f 3827/2208/3437 3829/2209/3440 3828/2207/3438
f 3832/2212/3441 3830/2210/3439 3831/2211/3442
f 3829/2209/3440 3831/2211/3442 3830/2210/3439
f 3834/2214/3443 3832/2212/3441 3833/2213/3444
f 3831/2211/3442 3833/2213/3444 3832/2212/3441
f 3801/2180/3412 3834/2214/3443 3802/2179/3414
f 3833/2213/3444 3802/2179/3414 3834/2214/3443
f 3836/2218/3445 3837/2216/1261 3835/2217/3446
f 3838/2215/1261 3835/2217/3446 3837/2216/1261
f 3835/2217/3446 3672/2041/3284 3836/2218/3445
f 3670/2038/3282 3836/2218/3445 3672/2041/3284
f 2324/2222/2075 2323/2220/2073 3839/2221/3447
f 3840/2219/3448 3839/2221/3447 2323/2220/2073
f 3839/2221/3447 3671/2036/3283 2324/2222/2075
f 2140/2037/1896 2324/2222/2075 3671/2036/3283
f 3839/2221/3447 3840/2219/3448 3836/2218/3445
f 3837/2216/1261 3836/2218/3445 3840/2219/3448
f 3836/2218/3445 3670/2038/3282 3839/2221/3447
f 3671/2036/3283 3839/2221/3447 3670/2038/3282
f 3842/2226/3449 3843/2224/1261 3841/2225/3450
f 3844/2223/1261 3841/2225/3450 3843/2224/1261
f 3841/2225/3450 3674/2045/3286 3842/2226/3449
f 3673/2040/3285 3842/2226/3449 3674/2045/3286
f 3835/2217/3446 3838/2215/1261 3842/2226/3449
f 3843/2224/1261 3842/2226/3449 3838/2215/1261
f 3842/2226/3449 3673/2040/3285 3835/2217/3446
f 3672/2041/3284 3835/2217/3446 3673/2040/3285
f 3846/2228/3451 3847/2227/3452 3845/2229/3453
f 3849/2233/3454 3850/2231/3455 3848/2232/3456
f 3851/2230/3457 3848/2232/3456 3850/2231/3455
f 3853/2237/3458 3854/2235/3459 3852/2236/3460
f 3855/2234/3461 3852/2236/3460 3854/2235/3459
f 3857/2239/3462 3858/2238/3463 3856/2240/1261
f 3859/2242/3464 3860/2241/3465 3856/2240/1261
f 3862/2246/3466 3863/2244/3467 3861/2245/3468
f 3864/2243/3469 3861/2245/3468 3863/2244/3467
f 3846/2228/3451 3845/2229/3453 3865/2247/3470
f 3846/2228/3451 3865/2247/3470 3866/2248/3471
f 3846/2228/3451 3866/2248/3471 3867/2249/3472
f 3846/2228/3451 3867/2249/3472 3868/2250/3473
f 3846/2228/3451 3868/2250/3473 3869/2251/3474
f 3846/2228/3451 3869/2251/3474 3870/2252/3475
f 3846/2228/3451 3870/2252/3475 3871/2253/3476
f 3873/2257/3477 3874/2255/3478 3872/2256/3479
f 3875/2254/3480 3872/2256/3479 3874/2255/3478
f 3877/2261/3481 3878/2259/3482 3876/2260/3483
f 3879/2258/3484 3876/2260/3483 3878/2259/3482
f 3881/2265/3485 3882/2263/3486 3880/2264/3487
f 3883/2262/3488 3880/2264/3487 3882/2263/3486
f 3885/2269/3489 3886/2267/3490 3884/2268/3491
f 3887/2266/3492 3884/2268/3491 3886/2267/3490
f 3858/2238/3463 3859/2242/3464 3856/2240/1261
f 3860/2241/3465 3888/2270/3493 3856/2240/1261
f 3890/2274/3494 3891/2272/3495 3889/2273/3496
f 3892/2271/3497 3889/2273/3496 3891/2272/3495
f 3894/2278/3498 3895/2276/3499 3893/2277/3498
f 3896/2275/3500 3893/2277/3498 3895/2276/3499
f 3898/2282/3501 3899/2280/3502 3897/2281/3503
f 3900/2279/3504 3897/2281/3503 3899/2280/3502
f 3900/2279/3504 3901/2284/3505 3897/2281/3503
f 3902/2283/3505 3897/2281/3503 3901/2284/3505
f 3901/2284/3505 3903/2286/3506 3902/2283/3505
f 3904/2285/3506 3902/2283/3505 3903/2286/3506
f 3904/2285/3506 3903/2286/3506 3905/2288/3507
f 3906/2287/3507 3905/2288/3507 3903/2286/3506
f 3906/2287/3507 3907/2290/3508 3905/2288/3507
f 3908/2289/3508 3905/2288/3507 3907/2290/3508
f 3907/2290/3508 3909/2292/3509 3908/2289/3508
f 3910/2291/3509 3908/2289/3508 3909/2292/3509
f 3909/2292/3509 3894/2278/3498 3910/2291/3509
f 3893/2277/3498 3910/2291/3509 3894/2278/3498
f 3912/2294/3510 3887/2266/3492 3911/2293/3511
f 3886/2267/3490 3911/2293/3511 3887/2266/3492
f 3861/2245/3468 3892/2271/3497 3862/2246/3466
f 3891/2272/3495 3862/2246/3466 3892/2271/3497
f 3884/2268/3491 3883/2262/3488 3885/2269/3489
f 3882/2263/3486 3885/2269/3489 3883/2262/3488
f 3914/2296/3456 3879/2258/3484 3913/2295/3512
f 3878/2259/3482 3913/2295/3512 3879/2258/3484
f 3880/2264/3487 3875/2254/3480 3881/2265/3485
f 3874/2255/3478 3881/2265/3485 3875/2254/3480
f 3852/2236/3460 3864/2243/3469 3853/2237/3458
f 3863/2244/3467 3853/2237/3458 3864/2243/3469
f 3876/2260/3483 3855/2234/3461 3877/2261/3481
f 3854/2235/3459 3877/2261/3481 3855/2234/3461
f 3872/2256/3479 3851/2230/3457 3873/2257/3477
f 3850/2231/3455 3873/2257/3477 3851/2230/3457
f 3916/2298/3513 3917/2297/3514 3915/2299/3515
f 3919/2301/3516 3917/2297/3514 3918/2300/3517
f 3916/2298/3513 3918/2300/3517 3917/2297/3514
f 3920/2302/3518 3919/2301/3516 3918/2300/3517
f 3921/2304/3519 3922/2303/3520 3918/2300/3517
f 3920/2302/3518 3918/2300/3517 3922/2303/3520
f 3923/2305/3521 3922/2303/3520 3921/2304/3519
f 3925/2307/3522 3923/2305/3521 3924/2306/3523
f 3921/2304/3519 3924/2306/3523 3923/2305/3521
f 3926/2308/3524 3925/2307/3522 3924/2306/3523
f 3928/2310/3525 3926/2308/3524 3927/2309/3526
f 3924/2306/3523 3927/2309/3526 3926/2308/3524
f 3930/2314/3527 3931/2312/3527 3929/2313/3528
f 3932/2311/3528 3929/2313/3528 3931/2312/3527
f 3934/2318/3529 3935/2316/3530 3933/2317/3529
f 3936/2315/3530 3933/2317/3529 3935/2316/3530
f 3937/2320/3531 3938/2319/3531 3933/2317/3529
f 3934/2318/3529 3933/2317/3529 3938/2319/3531
f 3939/2322/3532 3940/2321/3532 3937/2320/3531
f 3938/2319/3531 3937/2320/3531 3940/2321/3532
f 3942/2324/3533 3940/2321/3532 3941/2323/3533
f 3939/2322/3532 3941/2323/3533 3940/2321/3532
f 3943/2326/3534 3944/2325/3534 3941/2323/3533
f 3942/2324/3533 3941/2323/3533 3944/2325/3534
f 3946/2328/3535 3944/2325/3534 3945/2327/3535
f 3943/2326/3534 3945/2327/3535 3944/2325/3534
f 3948/2332/3536 3949/2330/3537 3947/2331/3536
f 3950/2329/3537 3947/2331/3536 3949/2330/3537
f 3952/2334/3538 3946/2328/3535 3951/2333/3538
f 3945/2327/3535 3951/2333/3538 3946/2328/3535
f 3954/2338/3485 3955/2336/3539 3953/2337/3489
f 3956/2335/3540 3953/2337/3489 3955/2336/3539
f 3958/2342/3541 3959/2340/3542 3957/2341/3541
f 3960/2339/3543 3957/2341/3541 3959/2340/3542
f 3962/2346/3544 3963/2344/3545 3961/2345/3546
f 3964/2343/3545 3961/2345/3546 3963/2344/3545
f 3965/2348/3547 3966/2347/3547 3957/2341/3541
f 3958/2342/3541 3957/2341/3541 3966/2347/3547
f 3959/2340/3542 3962/2346/3544 3960/2339/3543
f 3961/2345/3546 3960/2339/3543 3962/2346/3544
f 3968/2350/3548 3969/2349/3454 3967/2351/3549
f 3971/2353/3550 3972/2352/3458 3970/2354/3551
f 3973/2355/3552 3955/2336/3539 3954/2338/3485
f 3974/2357/3553 3975/2356/3554 3970/2354/3551
f 3971/2353/3550 3970/2354/3551 3975/2356/3554
f 3953/2337/3489 3956/2335/3540 3976/2358/3555
f 3971/2353/3550 3968/2350/3548 3972/2352/3458
f 3967/2351/3549 3972/2352/3458 3968/2350/3548
f 3969/2349/3454 3968/2350/3548 3973/2355/3552
f 3955/2336/3539 3973/2355/3552 3968/2350/3548
f 3977/2360/3556 3978/2359/3556 3951/2333/3538
f 3952/2334/3538 3951/2333/3538 3978/2359/3556
f 3979/2362/3557 3980/2361/3557 3947/2331/3536
f 3948/2332/3536 3947/2331/3536 3980/2361/3557
f 3981/2364/3558 3982/2363/3558 3979/2362/3557
f 3980/2361/3557 3979/2362/3557 3982/2363/3558
f 3984/2366/3559 3982/2363/3558 3983/2365/3559
f 3981/2364/3558 3983/2365/3559 3982/2363/3558
f 3985/2368/3560 3986/2367/3560 3983/2365/3559
f 3984/2366/3559 3983/2365/3559 3986/2367/3560
f 3988/2370/3561 3986/2367/3560 3987/2369/3561
f 3985/2368/3560 3987/2369/3561 3986/2367/3560
f 3949/2330/3537 3931/2312/3527 3950/2329/3537
f 3930/2314/3527 3950/2329/3537 3931/2312/3527
f 3970/2354/3551 3989/2371/3562 3974/2357/3553
f 3976/2358/3555 3990/2372/3563 3953/2337/3489
f 3953/2337/3489 3991/2373/3564 3954/2338/3485
f 3992/2374/3482 3967/2351/3549 3969/2349/3454
f 3954/2338/3485 3993/2375/3565 3973/2355/3552
f 3994/2376/3467 3970/2354/3551 3972/2352/3458
f 3995/2377/3566 3972/2352/3458 3967/2351/3549
f 3973/2355/3552 3996/2378/3567 3969/2349/3454
f 3998/2382/3568 3999/2380/3569 3997/2381/3570
f 4000/2379/3571 3997/2381/3570 3999/2380/3569
f 4001/2384/3572 4002/2383/3573 3998/2382/3568
f 3999/2380/3569 3998/2382/3568 4002/2383/3573
f 4003/2386/3574 4004/2385/3575 4001/2384/3572
f 4002/2383/3573 4001/2384/3572 4004/2385/3575
f 4005/2388/3576 4006/2387/3577 4003/2386/3574
f 4004/2385/3575 4003/2386/3574 4006/2387/3577
f 4008/2392/3578 4009/2390/3579 4007/2391/3580
f 4010/2389/3581 4007/2391/3580 4009/2390/3579
f 4012/2394/3582 4007/2391/3580 4011/2393/3583
f 4010/2389/3581 4011/2393/3583 4007/2391/3580
f 4014/2396/3584 4012/2394/3582 4013/2395/3585
f 4011/2393/3583 4013/2395/3585 4012/2394/3582
f 4016/2400/3586 4017/2398/3587 4015/2399/3588
f 4018/2397/3589 4015/2399/3588 4017/2398/3587
f 4017/2398/3587 4019/2402/3590 4018/2397/3589
f 4020/2401/3591 4018/2397/3589 4019/2402/3590
f 4019/2402/3590 4021/2404/3592 4020/2401/3591
f 4022/2403/3593 4020/2401/3591 4021/2404/3592
f 4021/2404/3592 4023/2406/3594 4022/2403/3593
f 4024/2405/3595 4022/2403/3593 4023/2406/3594
f 4023/2406/3594 4025/2408/3596 4024/2405/3595
f 4026/2407/3597 4024/2405/3595 4025/2408/3596
f 4000/2379/3571 3999/2380/3569 4027/2410/3598
f 4028/2409/3599 4027/2410/3598 3999/2380/3569
f 3999/2380/3569 4002/2383/3573 4028/2409/3599
f 4029/2411/3600 4028/2409/3599 4002/2383/3573
f 4002/2383/3573 4004/2385/3575 4029/2411/3600
f 4030/2412/3601 4029/2411/3600 4004/2385/3575
f 4004/2385/3575 4006/2387/3577 4030/2412/3601
f 4031/2413/3602 4030/2412/3601 4006/2387/3577
f 4015/2399/3588 4018/2397/3589 4032/2415/3603
f 4033/2414/3604 4032/2415/3603 4018/2397/3589
f 4018/2397/3589 4020/2401/3591 4033/2414/3604
f 4034/2416/3605 4033/2414/3604 4020/2401/3591
f 4020/2401/3591 4022/2403/3593 4034/2416/3605
f 4035/2417/3606 4034/2416/3605 4022/2403/3593
f 4022/2403/3593 4024/2405/3595 4035/2417/3606
f 4036/2418/3607 4035/2417/3606 4024/2405/3595
f 4038/2421/3608 4036/2418/3607 4037/2420/3609
f 4039/2419/3610 4037/2420/3609 4036/2418/3607
f 4040/2422/3611 4035/2417/3606 4038/2421/3608
f 4036/2418/3607 4038/2421/3608 4035/2417/3606
f 4040/2422/3611 4041/2423/3612 4035/2417/3606
f 4034/2416/3605 4035/2417/3606 4041/2423/3612
f 4041/2423/3612 4042/2424/3613 4034/2416/3605
f 4033/2414/3604 4034/2416/3605 4042/2424/3613
f 4042/2424/3613 4008/2392/3578 4033/2414/3604
f 4032/2415/3603 4033/2414/3604 4008/2392/3578
f 4009/2390/3579 4043/2426/3614 4010/2389/3581
f 4044/2425/3615 4010/2389/3581 4043/2426/3614
f 4010/2389/3581 4044/2425/3615 4011/2393/3583
f 4045/2427/3616 4011/2393/3583 4044/2425/3615
f 4013/2395/3585 4011/2393/3583 4046/2428/3617
f 4045/2427/3616 4046/2428/3617 4011/2393/3583
f 4047/2429/3618 4030/2412/3601 4014/2396/3584
f 4031/2413/3602 4014/2396/3584 4030/2412/3601
f 4048/2430/3619 4029/2411/3600 4047/2429/3618
f 4030/2412/3601 4047/2429/3618 4029/2411/3600
f 4049/2431/3620 4028/2409/3599 4048/2430/3619
f 4029/2411/3600 4048/2430/3619 4028/2409/3599
f 4050/2432/3621 4027/2410/3598 4049/2431/3620
f 4028/2409/3599 4049/2431/3620 4027/2410/3598
f 4052/2436/3622 4053/2434/3568 4051/2435/3623
f 4054/2433/3624 4051/2435/3623 4053/2434/3568
f 4055/2438/3625 4056/2437/3572 4052/2436/3622
f 4053/2434/3568 4052/2436/3622 4056/2437/3572
f 4057/2440/3626 4058/2439/3627 4055/2438/3625
f 4056/2437/3572 4055/2438/3625 4058/2439/3627
f 4013/2395/3585 4046/2428/3617 4057/2440/3626
f 4058/2439/3627 4057/2440/3626 4046/2428/3617
f 4014/2396/3584 4031/2413/3602 4012/2394/3582
f 4059/2441/3628 4012/2394/3582 4031/2413/3602
f 4012/2394/3582 4059/2441/3628 4007/2391/3580
f 4060/2442/3629 4007/2391/3580 4059/2441/3628
f 4008/2392/3578 4007/2391/3580 4032/2415/3603
f 4060/2442/3629 4032/2415/3603 4007/2391/3580
f 4061/2444/3630 4062/2443/3631 4009/2390/3579
f 4043/2426/3614 4009/2390/3579 4062/2443/3631
f 4063/2446/3632 4064/2445/3633 4061/2444/3630
f 4062/2443/3631 4061/2444/3630 4064/2445/3633
f 4065/2448/3634 4066/2447/3635 4063/2446/3632
f 4064/2445/3633 4063/2446/3632 4066/2447/3635
f 4067/2450/3636 4068/2449/3637 4065/2448/3634
f 4066/2447/3635 4065/2448/3634 4068/2449/3637
f 4069/2452/3638 4070/2451/3596 4067/2450/3636
f 4068/2449/3637 4067/2450/3636 4070/2451/3596
f 4071/2453/3639 4015/2399/3588 4060/2442/3629
f 4032/2415/3603 4060/2442/3629 4015/2399/3588
f 4072/2454/3640 4071/2453/3639 4059/2441/3628
f 4060/2442/3629 4059/2441/3628 4071/2453/3639
f 4072/2454/3640 4059/2441/3628 4006/2387/3577
f 4031/2413/3602 4006/2387/3577 4059/2441/3628
f 4050/2432/3621 4049/2431/3620 4051/2435/3623
f 4052/2436/3622 4051/2435/3623 4049/2431/3620
f 4049/2431/3620 4048/2430/3619 4052/2436/3622
f 4055/2438/3625 4052/2436/3622 4048/2430/3619
f 4048/2430/3619 4047/2429/3618 4055/2438/3625
f 4057/2440/3626 4055/2438/3625 4047/2429/3618
f 4047/2429/3618 4014/2396/3584 4057/2440/3626
f 4013/2395/3585 4057/2440/3626 4014/2396/3584
f 4073/2455/3641 4016/2400/3586 4071/2453/3639
f 4015/2399/3588 4071/2453/3639 4016/2400/3586
f 4073/2455/3641 4071/2453/3639 4074/2456/3642
f 4072/2454/3640 4074/2456/3642 4071/2453/3639
f 4074/2456/3642 4072/2454/3640 4005/2388/3576
f 4006/2387/3577 4005/2388/3576 4072/2454/3640
f 4042/2424/3613 4061/2444/3630 4008/2392/3578
f 4009/2390/3579 4008/2392/3578 4061/2444/3630
f 4041/2423/3612 4063/2446/3632 4042/2424/3613
f 4061/2444/3630 4042/2424/3613 4063/2446/3632
f 4040/2422/3611 4065/2448/3634 4041/2423/3612
f 4063/2446/3632 4041/2423/3612 4065/2448/3634
f 4038/2421/3608 4067/2450/3636 4040/2422/3611
f 4065/2448/3634 4040/2422/3611 4067/2450/3636
f 4037/2420/3609 4069/2452/3638 4038/2421/3608
f 4067/2450/3636 4038/2421/3608 4069/2452/3638
f 4024/2405/3595 4026/2407/3597 4036/2418/3607
f 4039/2419/3610 4036/2418/3607 4026/2407/3597
f 4076/2460/3643 4077/2458/3644 4075/2459/3645
f 4078/2457/3646 4075/2459/3645 4077/2458/3644
f 4080/2464/3647 4081/2462/3648 4079/2463/3647
f 4082/2461/3649 4079/2463/3647 4081/2462/3648
f 4078/2457/3646 4077/2458/3644 4083/2466/3650
f 4084/2465/3651 4083/2466/3650 4077/2458/3644
f 4083/2466/3650 4084/2465/3651 4085/2468/3652
f 4086/2467/3653 4085/2468/3652 4084/2465/3651
f 4088/2472/3654 4089/2470/3655 4087/2471/3656
f 4090/2469/3657 4087/2471/3656 4089/2470/3655
f 4091/2474/3658 4092/2473/3659 4088/2472/3654
f 4089/2470/3655 4088/2472/3654 4092/2473/3659
f 4094/2476/3660 4080/2464/3647 4093/2475/3660
f 4079/2463/3647 4093/2475/3660 4080/2464/3647
f 4095/2478/3661 4096/2477/3661 4093/2475/3660
f 4094/2476/3660 4093/2475/3660 4096/2477/3661
f 4086/2467/3653 4097/2480/3662 4085/2468/3652
f 4098/2479/3663 4085/2468/3652 4097/2480/3662
f 4100/2482/3664 4092/2473/3659 4099/2481/3665
f 4091/2474/3658 4099/2481/3665 4092/2473/3659
f 4102/2484/3666 4100/2482/3664 4101/2483/3667
f 4099/2481/3665 4101/2483/3667 4100/2482/3664
f 3551/1922/3167 3554/1920/3168 3556/1924/3170
f 3562/1931/3175 3588/1958/3202 3560/1933/3176
f 3561/1932/3174 3592/1950/3206 3562/1931/3175
f 3555/1925/3169 3554/1920/3168 3591/1946/3205
f 3587/1955/3201 3591/1946/3205 3554/1920/3168
f 3560/1933/3176 3588/1958/3202 3557/1926/3171
f 3588/1958/3202 3553/1921/3166 3557/1926/3171
f 4104/2488/3668 4105/2486/3669 4103/2487/3670
f 4106/2485/3671 4103/2487/3670 4105/2486/3669
f 4108/2492/3672 4109/2490/3673 4107/2491/3674
f 4110/2489/3675 4107/2491/3674 4109/2490/3673
f 4112/2496/3676 4113/2494/3677 4111/2495/3678
f 4114/2493/3679 4111/2495/3678 4113/2494/3677
f 4116/2498/3680 4117/2497/3681 4115/2499/3682
f 4119/2503/3683 4120/2501/3684 4118/2502/3685
f 4121/2500/3686 4118/2502/3685 4120/2501/3684
f 4123/2507/3687 4124/2505/3688 4122/2506/3689
f 4125/2504/3690 4122/2506/3689 4124/2505/3688
f 4127/2511/3691 4128/2509/3692 4126/2510/3693
f 4129/2508/3694 4126/2510/3693 4128/2509/3692
f 4126/2510/3693 4130/2512/3695 4127/2511/3691
f 4103/2487/3670 4127/2511/3691 4130/2512/3695
f 4127/2511/3691 4103/2487/3670 4131/2513/3696
f 4106/2485/3671 4131/2513/3696 4103/2487/3670
f 4131/2513/3696 4132/2514/3697 4127/2511/3691
f 4128/2509/3692 4127/2511/3691 4132/2514/3697
f 4128/2509/3692 4133/2515/3698 4129/2508/3694
f 4125/2504/3690 4129/2508/3694 4133/2515/3698
f 4133/2515/3698 4134/2516/3699 4125/2504/3690
f 4122/2506/3689 4125/2504/3690 4134/2516/3699
f 4136/2520/3700 4137/2518/3701 4135/2519/3702
f 4138/2517/3703 4135/2519/3702 4137/2518/3701
f 4140/2524/3704 4141/2522/3705 4139/2523/3706
f 4142/2521/3707 4139/2523/3706 4141/2522/3705
f 4144/2528/3708 4145/2526/3709 4143/2527/3710
f 4146/2525/3711 4143/2527/3710 4145/2526/3709
f 4144/2528/3708 4147/2530/3712 4136/2520/3700
f 4148/2529/3713 4136/2520/3700 4147/2530/3712
f 4150/2531/3714 4151/2533/3715 4149/2532/3716
f 4151/2533/3715 4150/2531/3714 4152/2535/3717
f 4153/2534/3718 4152/2535/3717 4150/2531/3714
f 4154/2537/3719 4155/2536/3720 4147/2530/3712
f 4148/2529/3713 4147/2530/3712 4155/2536/3720
f 4136/2520/3700 4148/2529/3713 4137/2518/3701
f 4156/2538/3721 4137/2518/3701 4148/2529/3713
f 4155/2536/3720 4157/2539/3722 4148/2529/3713
f 4156/2538/3721 4148/2529/3713 4157/2539/3722
f 2645/2543/2358 4158/2541/3723 2642/2542/2357
f 4159/2540/3724 2642/2542/2357 4158/2541/3723
f 4144/2528/3708 4136/2520/3700 4145/2526/3709
f 4160/2544/3725 4145/2526/3709 4136/2520/3700
f 4161/2546/3726 4162/2545/3727 4140/2524/3704
f 4141/2522/3705 4140/2524/3704 4162/2545/3727
f 4164/2550/3728 4165/2548/3729 4163/2549/3730
f 4166/2547/3731 4163/2549/3730 4165/2548/3729
f 4168/2554/3732 4169/2552/3733 4167/2553/3734
f 4170/2551/3735 4167/2553/3734 4169/2552/3733
f 4172/2558/3736 4173/2556/3737 4171/2557/3738
f 4174/2555/3739 4171/2557/3738 4173/2556/3737
f 4176/2561/3740 4143/2527/3710 4175/2560/3741
f 4177/2559/3742 4175/2560/3741 4143/2527/3710
f 4170/2551/3735 4169/2552/3733 4178/2563/3743
f 4179/2562/3744 4178/2563/3743 4169/2552/3733
f 4177/2559/3742 4143/2527/3710 4180/2564/3745
f 4146/2525/3711 4180/2564/3745 4143/2527/3710
f 4182/2568/3746 4183/2566/3747 4181/2567/3748
f 4184/2565/3749 4181/2567/3748 4183/2566/3747
f 4186/2570/3750 4187/2569/3751 4185/2571/3752
f 4189/2573/3753 4190/2572/3754 4188/2574/3755
f 4192/2578/3756 4193/2576/3757 4191/2577/3758
f 4194/2575/3759 4191/2577/3758 4193/2576/3757
f 4196/2582/3760 4197/2580/3761 4195/2581/3762
f 4198/2579/3763 4195/2581/3762 4197/2580/3761
f 4199/2584/3764 4200/2583/3765 4196/2582/3760
f 4197/2580/3761 4196/2582/3760 4200/2583/3765
f 4202/2588/3766 4203/2586/3767 4201/2587/3768
f 4204/2585/3769 4201/2587/3768 4203/2586/3767
f 4206/2590/3770 4207/2589/3771 4205/2591/3772
f 4209/2594/3773 4201/2587/3768 4208/2593/3774
f 4210/2592/3775 4208/2593/3774 4201/2587/3768
f 4123/2507/3687 4212/2595/3776 4211/2596/3777
f 4214/2600/3778 4215/2598/3779 4213/2599/3780
f 4216/2597/3781 4213/2599/3780 4215/2598/3779
f 4218/2603/3782 4219/2601/3783 4217/2602/3784
f 4216/2597/3781 4217/2602/3784 4219/2601/3783
f 4220/2605/3785 4221/2604/3786 4218/2603/3782
f 4219/2601/3783 4218/2603/3782 4221/2604/3786
f 4220/2605/3785 4222/2607/3787 4221/2604/3786
f 4223/2606/3788 4221/2604/3786 4222/2607/3787
f 4222/2607/3787 4208/2593/3774 4223/2606/3788
f 4210/2592/3775 4223/2606/3788 4208/2593/3774
f 4225/2611/3789 4226/2609/3790 4224/2610/3791
f 4227/2608/3792 4224/2610/3791 4226/2609/3790
f 4229/2615/3793 4230/2613/3794 4228/2614/3795
f 4231/2612/3796 4228/2614/3795 4230/2613/3794
f 4228/2614/3795 4231/2612/3796 4232/2617/3797
f 4233/2616/3798 4232/2617/3797 4231/2612/3796
f 4229/2615/3793 4210/2592/3775 4204/2585/3769
f 4201/2587/3768 4204/2585/3769 4210/2592/3775
f 4215/2598/3779 4235/2618/3799 4234/2619/3800
f 4232/2617/3797 4233/2616/3798 4236/2621/3801
f 4237/2620/3802 4236/2621/3801 4233/2616/3798
f 4213/2599/3780 4216/2597/3781 4236/2621/3801
f 4219/2601/3783 4236/2621/3801 4216/2597/3781
f 4236/2621/3801 4219/2601/3783 4232/2617/3797
f 4221/2604/3786 4232/2617/3797 4219/2601/3783
f 4204/2585/3769 4238/2622/3803 4229/2615/3793
f 4230/2613/3794 4229/2615/3793 4238/2622/3803
f 4232/2617/3797 4221/2604/3786 4228/2614/3795
f 4223/2606/3788 4228/2614/3795 4221/2604/3786
f 4228/2614/3795 4223/2606/3788 4229/2615/3793
f 4210/2592/3775 4229/2615/3793 4223/2606/3788
f 4239/2624/3804 4240/2623/3805 4224/2610/3791
f 4225/2611/3789 4224/2610/3791 4240/2623/3805
f 4242/2628/3806 4243/2626/3807 4241/2627/3808
f 4244/2625/3809 4241/2627/3808 4243/2626/3807
f 4246/2630/3809 4247/2629/3810 4245/2631/3811
f 4249/2635/3812 4250/2633/3813 4248/2634/3814
f 4251/2632/3815 4248/2634/3814 4250/2633/3813
f 4119/2503/3683 4252/2637/3816 4120/2501/3684
f 4253/2636/3817 4120/2501/3684 4252/2637/3816
f 4255/2639/3818 4256/2638/3819 4254/2640/3820
f 4112/2496/3676 4111/2495/3678 4257/2641/3821
f 4258/2643/3822 4259/2642/3823 4257/2641/3821
f 4112/2496/3676 4257/2641/3821 4259/2642/3823
f 4260/2645/3824 4261/2644/3825 4108/2492/3672
f 4109/2490/3673 4108/2492/3672 4261/2644/3825
f 4256/2638/3819 4116/2498/3680 4254/2640/3820
f 4263/2647/3826 4264/2646/3827 4262/2648/3828
f 4265/2650/3829 4266/2649/3830 4258/2643/3822
f 4259/2642/3823 4258/2643/3822 4266/2649/3830
f 4268/2654/3831 4269/2652/3832 4267/2653/3833
f 4270/2651/3834 4267/2653/3833 4269/2652/3832
f 4254/2640/3820 4116/2498/3680 4115/2499/3682
f 4272/2657/3835 4273/2655/3836 4271/2656/3837
f 4267/2653/3833 4271/2656/3837 4273/2655/3836
f 4275/2659/3838 4272/2657/3835 4274/2658/3839
f 4271/2656/3837 4274/2658/3839 4272/2657/3835
f 4277/2661/3840 4261/2644/3825 4276/2660/3841
f 4260/2645/3824 4276/2660/3841 4261/2644/3825
f 4256/2638/3819 4255/2639/3818 4278/2663/3842
f 4279/2662/3843 4278/2663/3842 4255/2639/3818
f 4281/2667/3844 4282/2665/3845 4280/2666/3846
f 4283/2664/3847 4280/2666/3846 4282/2665/3845
f 4181/2567/3748 4184/2565/3749 4284/2669/3848
f 4285/2668/3849 4284/2669/3848 4184/2565/3749
f 4287/2671/3850 4288/2670/3851 4286/2672/3852
f 4185/2571/3752 4289/2674/3853 4186/2570/3750
f 4290/2673/3854 4186/2570/3750 4289/2674/3853
f 4292/2678/3855 4293/2676/3856 4291/2677/3857
f 4294/2675/3858 4291/2677/3857 4293/2676/3856
f 4296/2682/3859 2787/2680/2498 4295/2681/3860
f 2786/2679/2497 4295/2681/3860 2787/2680/2498
f 4297/2684/3861 2789/2683/2501 4296/2682/3859
f 2787/2680/2498 4296/2682/3859 2789/2683/2501
f 4299/2688/3862 4300/2686/3863 4298/2687/3864
f 4301/2685/3865 4298/2687/3864 4300/2686/3863
f 4302/2690/3866 4303/2689/3867 4287/2671/3850
f 4288/2670/3851 4287/2671/3850 4303/2689/3867
f 4305/2692/3868 4306/2691/3869 4304/2693/3870
f 4152/2535/3717 4307/2694/3871 4154/2537/3719
f 4286/2672/3852 4288/2670/3851 4189/2573/3753
f 4190/2572/3754 4189/2573/3753 4288/2670/3851
f 4301/2685/3865 4300/2686/3863 4308/2696/3872
f 4309/2695/3873 4308/2696/3872 4300/2686/3863
f 2804/2698/2516 4310/2697/3874 2645/2543/2358
f 4158/2541/3723 2645/2543/2358 4310/2697/3874
f 4312/2702/3875 4313/2700/3876 4311/2701/3877
f 4314/2699/3878 4311/2701/3877 4313/2700/3876
f 4316/2706/3879 4317/2704/3879 4315/2705/3879
f 4319/2703/3880 4320/2705/3880 4318/2704/3880
f 4322/2708/3881 4168/2554/3732 4321/2707/3882
f 4167/2553/3734 4321/2707/3882 4168/2554/3732
f 4311/2701/3877 4314/2699/3878 4323/2710/3883
f 4324/2709/3884 4323/2710/3883 4314/2699/3878
f 4178/2563/3743 4179/2562/3744 4325/2712/3885
f 4326/2711/3886 4325/2712/3885 4179/2562/3744
f 4328/2714/3887 4165/2548/3729 4327/2713/3888
f 4164/2550/3728 4327/2713/3888 4165/2548/3729
f 4177/2559/3742 4329/2715/3889 4175/2560/3741
f 4330/2716/3890 4328/2714/3887 4327/2713/3888
f 4154/2537/3719 4307/2694/3871 4155/2536/3720
f 4331/2717/3891 4155/2536/3720 4307/2694/3871
f 4151/2533/3715 4147/2530/3712 4143/2527/3710
f 4144/2528/3708 4143/2527/3710 4147/2530/3712
f 4162/2545/3727 4332/2719/3892 4141/2522/3705
f 4333/2718/3893 4141/2522/3705 4332/2719/3892
f 4141/2522/3705 4333/2718/3893 4142/2521/3707
f 4334/2720/3894 4142/2521/3707 4333/2718/3893
f 4140/2524/3704 4139/2523/3706 4137/2518/3701
f 4138/2517/3703 4137/2518/3701 4139/2523/3706
f 4321/2707/3882 4336/2721/3895 4335/2722/3896
f 4338/2724/3897 4334/2720/3894 4337/2723/3898
f 4333/2718/3893 4337/2723/3898 4334/2720/3894
f 4161/2546/3726 4140/2524/3704 4156/2538/3721
f 4137/2518/3701 4156/2538/3721 4140/2524/3704
f 4331/2717/3891 4339/2725/3899 4155/2536/3720
f 4157/2539/3722 4155/2536/3720 4339/2725/3899
f 4341/2727/3900 4313/2700/3876 4340/2726/3901
f 4312/2702/3875 4340/2726/3901 4313/2700/3876
f 4343/2728/3902 4337/2723/3898 4342/2729/3903
f 4136/2520/3700 4135/2519/3702 4160/2544/3725
f 4323/2710/3883 4324/2709/3884 4344/2731/3904
f 4345/2730/3905 4344/2731/3904 4324/2709/3884
f 4163/2549/3730 4166/2547/3731 4346/2733/3906
f 4347/2732/3907 4346/2733/3906 4166/2547/3731
f 4348/2737/3908 4349/2735/3909 2842/2736/2552
f 2843/2734/2550 2842/2736/2552 4349/2735/3909
f 4351/2741/3910 2848/2739/2555 4350/2740/3911
f 2847/2738/2554 4350/2740/3911 2848/2739/2555
f 4353/2745/3912 4354/2743/3913 4352/2744/3914
f 4355/2742/3915 4352/2744/3914 4354/2743/3913
f 4328/2714/3887 4356/2747/3916 4165/2548/3729
f 4357/2746/3917 4165/2548/3729 4356/2747/3916
f 4359/2751/3918 2858/2749/2565 4358/2750/3919
f 2857/2748/2564 4358/2750/3919 2858/2749/2565
f 4358/2750/3919 2857/2748/2564 4360/2753/3920
f 2861/2752/2568 4360/2753/3920 2857/2748/2564
f 4152/2535/3717 4153/2534/3718 4361/2755/3921
f 4362/2754/3922 4361/2755/3921 4153/2534/3718
f 4308/2696/3872 4309/2695/3873 4188/2574/3755
f 4189/2573/3753 4188/2574/3755 4309/2695/3873
f 4151/2533/3715 4143/2527/3710 4149/2532/3716
f 4176/2561/3740 4149/2532/3716 4143/2527/3710
f 4297/2684/3861 4310/2697/3874 2789/2683/2501
f 2804/2698/2516 2789/2683/2501 4310/2697/3874
f 4152/2535/3717 4154/2537/3719 4151/2533/3715
f 4147/2530/3712 4151/2533/3715 4154/2537/3719
f 4115/2499/3682 4117/2497/3681 4363/2756/3923
f 4365/2760/3924 4366/2758/3925 4364/2759/3926
f 4367/2757/3927 4364/2759/3926 4366/2758/3925
f 4368/2762/3928 4369/2761/3929 4265/2650/3829
f 4266/2649/3830 4265/2650/3829 4369/2761/3929
f 4274/2658/3839 4370/2763/3930 4119/2503/3683
f 4252/2637/3816 4119/2503/3683 4370/2763/3930
f 4271/2656/3837 4371/2764/3931 4274/2658/3839
f 4370/2763/3930 4274/2658/3839 4371/2764/3931
f 4373/2766/3932 4263/2647/3826 4372/2765/3933
f 4262/2648/3828 4372/2765/3933 4263/2647/3826
f 4374/2768/3934 4375/2767/3935 4182/2568/3746
f 4183/2566/3747 4182/2568/3746 4375/2767/3935
f 4350/2740/3911 2847/2738/2554 4359/2751/3918
f 2858/2749/2565 4359/2751/3918 2847/2738/2554
f 4376/2770/3936 2877/2769/2585 4351/2741/3910
f 2848/2739/2555 4351/2741/3910 2877/2769/2585
f 4378/2774/3937 4379/2772/3938 4377/2773/3939
f 4380/2771/3940 4377/2773/3939 4379/2772/3938
f 4382/2778/3941 4383/2776/3942 4381/2777/3943
f 4384/2775/3944 4381/2777/3943 4383/2776/3942
f 4381/2777/3943 4384/2775/3944 4385/2780/3945
f 4386/2779/3946 4385/2780/3945 4384/2775/3944
f 4388/2784/3947 4389/2782/3948 4387/2783/3949
f 4390/2781/3950 4387/2783/3949 4389/2782/3948
f 4387/2783/3949 4390/2781/3950 4382/2778/3941
f 4383/2776/3942 4382/2778/3941 4390/2781/3950
f 4377/2773/3939 4380/2771/3940 4388/2784/3947
f 4389/2782/3948 4388/2784/3947 4380/2771/3940
f 4357/2746/3917 4391/2785/3951 4165/2548/3729
f 4166/2547/3731 4165/2548/3729 4391/2785/3951
f 4392/2787/3952 4393/2786/3953 4374/2768/3934
f 4375/2767/3935 4374/2768/3934 4393/2786/3953
f 4104/2488/3668 4103/2487/3670 4394/2788/3954
f 4130/2512/3695 4394/2788/3954 4103/2487/3670
f 4395/2790/3955 4396/2789/3956 4104/2488/3668
f 4398/2794/3957 4399/2792/3958 4397/2793/3959
f 4400/2791/3960 4397/2793/3959 4399/2792/3958
f 4402/2798/3961 4403/2796/3962 4401/2797/3963
f 4404/2795/3964 4401/2797/3963 4403/2796/3962
f 4195/2581/3762 4198/2579/3763 4402/2798/3961
f 4403/2796/3962 4402/2798/3961 4198/2579/3763
f 4406/2802/3965 4407/2800/3966 4405/2801/3967
f 4408/2799/3968 4405/2801/3967 4407/2800/3966
f 4410/2804/3969 4406/2802/3965 4409/2803/3970
f 4405/2801/3967 4409/2803/3970 4406/2802/3965
f 4412/2806/3971 4200/2583/3765 4411/2805/3972
f 4199/2584/3764 4411/2805/3972 4200/2583/3765
f 4407/2800/3966 4412/2806/3971 4408/2799/3968
f 4411/2805/3972 4408/2799/3968 4412/2806/3971
f 4414/2808/3973 4410/2804/3969 4413/2807/3974
f 4409/2803/3970 4413/2807/3974 4410/2804/3969
f 4401/2797/3963 4404/2795/3964 4415/2810/3975
f 4416/2809/3976 4415/2810/3975 4404/2795/3964
f 4418/2811/3977 4398/2794/3957 4417/2812/3978
f 4398/2794/3957 4397/2793/3959 4417/2812/3978
f 4280/2666/3846 4283/2664/3847 4419/2814/3979
f 4420/2813/3980 4419/2814/3979 4283/2664/3847
f 4291/2677/3857 4294/2675/3858 4421/2816/3981
f 4422/2815/3982 4421/2816/3981 4294/2675/3858
f 4420/2813/3980 4423/2818/3983 4419/2814/3979
f 4424/2817/3984 4419/2814/3979 4423/2818/3983
f 4394/2788/3954 4426/2820/3985 4425/2821/3986
f 4427/2819/3987 4425/2821/3986 4426/2820/3985
f 4126/2510/3693 4129/2508/3694 4428/2823/3988
f 4429/2822/3989 4428/2823/3988 4129/2508/3694
f 4428/2823/3988 4430/2824/3990 4126/2510/3693
f 4130/2512/3695 4126/2510/3693 4430/2824/3990
f 4129/2508/3694 4125/2504/3690 4429/2822/3989
f 4124/2505/3688 4429/2822/3989 4125/2504/3690
f 4432/2828/3991 4433/2826/3992 4431/2827/3993
f 4434/2825/3994 4431/2827/3993 4433/2826/3992
f 4394/2788/3954 4130/2512/3695 4426/2820/3985
f 4430/2824/3990 4426/2820/3985 4130/2512/3695
f 4372/2765/3933 4365/2760/3924 4373/2766/3932
f 4364/2759/3926 4373/2766/3932 4365/2760/3924
f 4273/2655/3836 4268/2654/3831 4267/2653/3833
f 4435/2830/3995 4436/2829/3996 4268/2654/3831
f 4269/2652/3832 4268/2654/3831 4436/2829/3996
f 4438/2834/3997 4439/2832/3998 4437/2833/3999
f 4440/2831/4000 4437/2833/3999 4439/2832/3998
f 4441/2836/4001 4442/2835/4002 4438/2834/3997
f 4439/2832/3998 4438/2834/3997 4442/2835/4002
f 2946/2838/2654 2945/2837/2653 4441/2836/4001
f 4442/2835/4002 4441/2836/4001 2945/2837/2653
f 4437/2833/3999 4440/2831/4000 4443/2840/4003
f 4444/2839/4004 4443/2840/4003 4440/2831/4000
f 4444/2839/4004 4436/2829/3996 4443/2840/4003
f 4435/2830/3995 4443/2840/4003 4436/2829/3996
f 4446/2844/4005 4447/2842/4006 4445/2843/4007
f 4448/2841/4008 4445/2843/4007 4447/2842/4006
f 4335/2722/3896 4449/2845/4009 4321/2707/3882
f 4335/2722/3896 4450/2846/4010 4449/2845/4009
f 4177/2559/3742 4451/2847/4011 4329/2715/3889
f 4177/2559/3742 4180/2564/3745 4451/2847/4011
f 4156/2538/3721 4452/2848/4012 4161/2546/3726
f 4454/2852/4013 4455/2850/4014 4453/2851/4015
f 4456/2849/4016 4453/2851/4015 4455/2850/4014
f 4458/2856/4017 4459/2854/4018 4457/2855/4019
f 4460/2853/4020 4457/2855/4019 4459/2854/4018
f 4456/2849/4016 4455/2850/4014 4178/2563/3743
f 4461/2857/4021 4178/2563/3743 4455/2850/4014
f 4457/2855/4019 4460/2853/4020 4462/2859/4022
f 4463/2858/4023 4462/2859/4022 4460/2853/4020
f 4464/2860/4024 4449/2845/4009 4450/2846/4010
f 4321/2707/3882 4167/2553/3734 4336/2721/3895
f 4167/2553/3734 4465/2861/4025 4336/2721/3895
f 4467/2863/4026 4344/2731/3904 4466/2862/4027
f 4345/2730/3905 4466/2862/4027 4344/2731/3904
f 4468/2864/4028 4456/2849/4016 4325/2712/3885
f 4178/2563/3743 4325/2712/3885 4456/2849/4016
f 4391/2785/3951 4469/2865/4029 4166/2547/3731
f 4347/2732/3907 4166/2547/3731 4469/2865/4029
f 4421/2816/3981 4422/2815/3982 4470/2867/4030
f 4471/2866/4031 4470/2867/4030 4422/2815/3982
f 2877/2769/2585 4376/2770/3936 2786/2679/2497
f 4295/2681/3860 2786/2679/2497 4376/2770/3936
f 4354/2743/3913 4454/2852/4013 4355/2742/3915
f 4453/2851/4015 4355/2742/3915 4454/2852/4013
f 4473/2869/4032 4462/2859/4022 4472/2868/4033
f 4463/2858/4023 4472/2868/4033 4462/2859/4022
f 4445/2843/4007 4474/2871/4034 4446/2844/4005
f 4475/2870/4035 4446/2844/4005 4474/2871/4034
f 4352/2744/3914 4355/2742/3915 4475/2870/4035
f 4446/2844/4005 4475/2870/4035 4355/2742/3915
f 4170/2551/3735 4178/2563/3743 4476/2872/4036
f 4461/2857/4021 4476/2872/4036 4178/2563/3743
f 4476/2872/4036 4465/2861/4025 4170/2551/3735
f 4167/2553/3734 4170/2551/3735 4465/2861/4025
f 4478/2874/4037 4459/2854/4018 4477/2873/4038
f 4458/2856/4017 4477/2873/4038 4459/2854/4018
f 4477/2873/4038 4284/2669/3848 4478/2874/4037
f 4285/2668/3849 4478/2874/4037 4284/2669/3848
f 4179/2562/3744 4479/2875/4039 4326/2711/3886
f 4202/2588/3766 4201/2587/3768 4209/2594/3773
f 4481/2877/4040 4482/2876/4041 4480/2878/4042
f 4226/2609/3790 4483/2879/4043 4227/2608/3792
f 4483/2879/4043 4484/2880/4044 4227/2608/3792
f 4203/2586/3767 4485/2881/4045 4204/2585/3769
f 4238/2622/3803 4204/2585/3769 4485/2881/4045
f 4239/2624/3804 4486/2883/4041 4240/2623/3805
f 4487/2882/4046 4240/2623/3805 4486/2883/4041
f 4489/2885/4047 4490/2884/4048 4488/2886/4049
f 4489/2885/4047 4488/2886/4049 4491/2887/4050
f 4493/2889/4051 4494/2888/4052 4492/2890/4053
f 4496/2893/4054 4497/2891/4055 4495/2892/4056
f 4492/2890/4053 4495/2892/4056 4497/2891/4055
f 3006/2897/2713 4498/2895/4057 3003/2896/2712
f 4499/2894/4058 3003/2896/2712 4498/2895/4057
f 4249/2635/3812 4501/2898/4059 4500/2899/4060
f 4503/2903/4061 3011/2901/2717 4502/2902/4062
f 3010/2900/2716 4502/2902/4062 3011/2901/2717
f 4503/2903/4061 4504/2905/4063 4498/2895/4057
f 4505/2904/4064 4498/2895/4057 4504/2905/4063
f 4507/2909/4065 4508/2907/4066 4506/2908/4067
f 4509/2906/4068 4506/2908/4067 4508/2907/4066
f 4511/2910/4069 4490/2884/4048 4510/2911/4070
f 4513/2913/4071 4511/2910/4069 4512/2912/4072
f 4510/2911/4070 4512/2912/4072 4511/2910/4069
f 4504/2905/4063 4503/2903/4061 4489/2885/4047
f 4502/2902/4062 4489/2885/4047 4503/2903/4061
f 3010/2900/2716 4512/2912/4072 4502/2902/4062
f 4430/2824/3990 4226/2609/3790 4225/2611/3789
f 4430/2824/3990 4225/2611/3789 4426/2820/3985
f 4240/2623/3805 4426/2820/3985 4225/2611/3789
f 4124/2505/3688 4514/2915/4073 4429/2822/3989
f 4515/2914/4074 4429/2822/3989 4514/2915/4073
f 4428/2823/3988 4483/2879/4043 4430/2824/3990
f 4226/2609/3790 4430/2824/3990 4483/2879/4043
f 4429/2822/3989 4515/2914/4074 4428/2823/3988
f 4483/2879/4043 4428/2823/3988 4515/2914/4074
f 4426/2820/3985 4240/2623/3805 4427/2819/3987
f 4516/2882/4075 4427/2819/3987 4240/2623/3805
f 4506/2908/4067 4517/2916/4076 4507/2909/4065
f 4481/2877/4040 4507/2909/4065 4517/2916/4076
f 4517/2916/4076 4431/2827/3993 4434/2825/3994
f 4518/2917/4077 4491/2887/4050 4488/2886/4049
f 4519/2918/4078 4431/2827/3993 4506/2908/4067
f 4517/2916/4076 4506/2908/4067 4431/2827/3993
f 4396/2789/3956 4520/2919/4079 4104/2488/3668
f 4105/2486/3669 4104/2488/3668 4520/2919/4079
f 4521/2920/4080 4432/2828/3991 4519/2918/4078
f 4431/2827/3993 4519/2918/4078 4432/2828/3991
f 4519/2918/4078 4522/2921/4081 4521/2920/4080
f 4522/2921/4081 4519/2918/4078 4518/2917/4077
f 4491/2887/4050 4518/2917/4077 4519/2918/4078
f 4509/2906/4068 4491/2887/4050 4506/2908/4067
f 4519/2918/4078 4506/2908/4067 4491/2887/4050
f 4524/2923/4082 4432/2828/3991 4523/2922/4083
f 4521/2920/4080 4523/2922/4083 4432/2828/3991
f 4250/2633/3813 4249/2635/3812 4525/2925/3806
f 4526/2924/4084 4525/2925/3806 4249/2635/3812
f 4509/2906/4068 4508/2907/4066 4504/2905/4063
f 4505/2904/4064 4504/2905/4063 4508/2907/4066
f 4504/2905/4063 4489/2885/4047 4509/2906/4068
f 4491/2887/4050 4509/2906/4068 4489/2885/4047
f 4249/2635/3812 4248/2634/3814 4501/2898/4059
f 4497/2891/4055 4481/2877/4040 4480/2878/4042
f 4481/2877/4040 4496/2893/4054 4507/2909/4065
f 4501/2898/4059 4499/2894/4058 4505/2904/4064
f 4498/2895/4057 4505/2904/4064 4499/2894/4058
f 4500/2899/4060 4527/2926/4085 4495/2892/4056
f 4496/2893/4054 4495/2892/4056 4527/2926/4085
f 4508/2907/4066 4527/2926/4085 4505/2904/4064
f 4529/2928/4024 4524/2923/4082 4528/2927/4086
f 4523/2922/4083 4528/2927/4086 4524/2923/4082
f 4530/2929/4087 4529/2928/4024 4528/2927/4086
f 4532/2933/4088 4533/2931/4089 4531/2932/4090
f 4534/2930/4091 4531/2932/4090 4533/2931/4089
f 4536/2935/4092 4532/2933/4088 4535/2934/4093
f 4531/2932/4090 4535/2934/4093 4532/2933/4088
f 4538/2939/4094 4539/2937/4095 4537/2938/4096
f 4540/2936/4097 4537/2938/4096 4539/2937/4095
f 4537/2938/4096 4540/2936/4097 4541/2941/4098
f 4542/2940/4099 4541/2941/4098 4540/2936/4097
f 4541/2941/4098 4542/2940/4099 3053/2943/2759
f 3054/2942/2758 3053/2943/2759 4542/2940/4099
f 4395/2790/3955 4104/2488/3668 4425/2821/3986
f 4394/2788/3954 4425/2821/3986 4104/2488/3668
f 4543/2944/4100 4433/2826/3992 4524/2923/4082
f 4432/2828/3991 4524/2923/4082 4433/2826/3992
f 4544/2946/4101 4545/2945/4102 4450/2846/4010
f 4546/2947/4102 4543/2944/4100 4529/2928/4024
f 4524/2923/4082 4529/2928/4024 4543/2944/4100
f 4545/2945/4102 4464/2860/4024 4450/2846/4010
f 4169/2552/3733 4168/2554/3732 4547/2949/4103
f 4548/2948/4104 4547/2949/4103 4168/2554/3732
f 4379/2772/3938 4378/2774/3937 4171/2557/3738
f 4172/2558/3736 4171/2557/3738 4378/2774/3937
f 4547/2949/4103 4549/2950/4105 4169/2552/3733
f 4179/2562/3744 4169/2552/3733 4549/2950/4105
f 4550/2951/4106 4168/2554/3732 4322/2708/3881
f 4479/2875/4039 4179/2562/3744 4549/2950/4105
f 4168/2554/3732 4550/2951/4106 4548/2948/4104
f 4270/2651/3834 4371/2764/3931 4267/2653/3833
f 4271/2656/3837 4267/2653/3833 4371/2764/3931
f 4278/2663/3842 4279/2662/3843 3063/2952/2767
f 2945/2837/2653 3063/2952/2767 4279/2662/3843
f 4552/2956/4107 4553/2954/4108 4551/2955/4109
f 4554/2953/4110 4551/2955/4109 4553/2954/4108
f 4113/2494/3677 4277/2661/3840 4114/2493/3679
f 4276/2660/3841 4114/2493/3679 4277/2661/3840
f 4556/2958/3675 4367/2757/3927 4555/2957/4111
f 4366/2758/3925 4555/2957/4111 4367/2757/3927
f 4536/2935/4092 4535/2934/4093 4538/2939/4094
f 4539/2937/4095 4538/2939/4094 4535/2934/4093
f 4558/2960/4112 4559/2959/4113 4557/2961/4114
f 4557/2961/4114 4554/2953/4110 4558/2960/4112
f 4553/2954/4108 4558/2960/4112 4554/2953/4110
f 4561/2963/4115 4562/2962/4116 4560/2964/4117
f 4563/2966/4118 4564/2965/4119 4554/2953/4110
f 4551/2955/4109 4554/2953/4110 4564/2965/4119
f 4560/2964/4117 4562/2962/4116 4564/2965/4119
f 4551/2955/4109 4564/2965/4119 4562/2962/4116
f 4557/2961/4114 4565/2967/4120 4554/2953/4110
f 4563/2966/4118 4554/2953/4110 4565/2967/4120
f 4566/2969/4121 4567/2968/4122 4557/2961/4114
f 4565/2967/4120 4557/2961/4114 4567/2968/4122
f 4566/2969/4121 4557/2961/4114 4559/2959/4113
f 4120/2501/3684 4253/2636/3817 4568/2970/4123
f 4568/2970/4123 4253/2636/3817 4117/2497/3681
f 4363/2756/3923 4117/2497/3681 4253/2636/3817
f 4527/2926/4085 4508/2907/4066 4496/2893/4054
f 4507/2909/4065 4496/2893/4054 4508/2907/4066
f 4570/2974/4124 3084/2972/2786 4569/2973/4125
f 3083/2971/2785 4569/2973/4125 3084/2972/2786
f 4569/2973/4125 4571/2976/4126 4570/2974/4124
f 4572/2975/4127 4570/2974/4124 4571/2976/4126
f 4574/2980/4128 4575/2978/4129 4573/2979/4130
f 4576/2977/3778 4573/2979/4130 4575/2978/4129
f 4578/2984/4131 4579/2982/4132 4577/2983/4133
f 4580/2981/4134 4577/2983/4133 4579/2982/4132
f 4580/2981/4134 4579/2982/4132 4581/2986/4135
f 4582/2985/4136 4581/2986/4135 4579/2982/4132
f 4584/2988/4137 4585/2987/4138 4583/2975/4139
f 4583/2975/4139 4586/2976/4140 4584/2988/4137
f 4587/2989/4141 4584/2988/4137 4586/2976/4140
f 4234/2619/3800 4588/2990/4142 4215/2598/3779
f 4217/2602/3784 4215/2598/3779 4588/2990/4142
f 4304/2693/3870 4187/2569/3751 4186/2570/3750
f 3107/2994/2809 4589/2992/4143 3104/2993/2808
f 4590/2991/4144 3104/2993/2808 4589/2992/4143
f 4304/2693/3870 4306/2691/3869 4187/2569/3751
f 4591/2995/4145 4187/2569/3751 4306/2691/3869
f 4590/2991/4144 4360/2753/3920 3104/2993/2808
f 2861/2752/2568 3104/2993/2808 4360/2753/3920
f 4281/2667/3844 4592/2996/4146 4282/2665/3845
f 4593/2998/4147 4594/2997/4148 4472/2868/4033
f 4473/2869/4032 4472/2868/4033 4594/2997/4148
f 4596/3000/4149 4458/2856/4017 4595/2999/4150
f 4457/2855/4019 4595/2999/4150 4458/2856/4017
f 4477/2873/4038 4458/2856/4017 4597/3001/4151
f 4596/3000/4149 4597/3001/4151 4458/2856/4017
f 4284/2669/3848 4477/2873/4038 4598/3002/4152
f 4597/3001/4151 4598/3002/4152 4477/2873/4038
f 4181/2567/3748 4284/2669/3848 4599/3003/4153
f 4598/3002/4152 4599/3003/4153 4284/2669/3848
f 4182/2568/3746 4181/2567/3748 4600/3004/4154
f 4599/3003/4153 4600/3004/4154 4181/2567/3748
f 4374/2768/3934 4182/2568/3746 4601/3005/4155
f 4600/3004/4154 4601/3005/4155 4182/2568/3746
f 4392/2787/3952 4374/2768/3934 4602/3006/4156
f 4601/3005/4155 4602/3006/4156 4374/2768/3934
f 4603/3007/4157 4106/2485/3671 4105/2486/3669
f 4416/2809/3976 4604/3008/4158 4415/2810/3975
f 4605/3009/4159 4595/2999/4150 4462/2859/4022
f 4457/2855/4019 4462/2859/4022 4595/2999/4150
f 4605/3009/4159 4462/2859/4022 4606/3010/4160
f 4473/2869/4032 4606/3010/4160 4462/2859/4022
f 4606/3010/4160 4473/2869/4032 4607/3011/4161
f 4594/2997/4148 4607/3011/4161 4473/2869/4032
f 4592/2996/4146 4281/2667/3844 4608/3013/4161
f 4609/3012/4162 4608/3013/4161 4281/2667/3844
f 4610/3014/4163 4414/2808/3973 4413/2807/3974
f 4281/2667/3844 4611/3015/4164 4609/3012/4162
f 4613/3017/4165 4614/3016/4166 4612/3018/4167
f 4610/3014/4163 4615/3020/4168 4414/2808/3973
f 4616/3019/4169 4414/2808/3973 4615/3020/4168
f 4604/3008/4158 4416/2809/3976 4617/3022/4170
f 4618/3021/4171 4617/3022/4170 4416/2809/3976
f 4618/3021/4171 4619/3023/4172 4617/3022/4170
f 4618/3021/4171 4620/3024/4173 4619/3023/4172
f 4622/3028/4174 4623/3026/4175 4621/3027/4176
f 4624/3025/4177 4621/3027/4176 4623/3026/4175
f 4626/3030/4178 4622/3028/4174 4625/3029/4179
f 4621/3027/4176 4625/3029/4179 4622/3028/4174
f 4417/2812/3978 4627/3031/4180 4418/2811/3977
f 4627/3031/4180 4626/3030/4178 4418/2811/3977
f 4625/3029/4179 4418/2811/3977 4626/3030/4178
f 4629/3035/4181 3147/3033/2846 4628/3034/4182
f 3146/3032/2845 4628/3034/4182 3147/3033/2846
f 4499/2894/4058 4628/3034/4182 3003/2896/2712
f 3146/3032/2845 3003/2896/2712 4628/3034/4182
f 4503/2903/4061 4498/2895/4057 3011/2901/2717
f 3006/2897/2713 3011/2901/2717 4498/2895/4057
f 3150/3037/2850 3149/3036/2849 4512/2912/4072
f 4513/2913/4071 4512/2912/4072 3149/3036/2849
f 4500/2899/4060 4501/2898/4059 4527/2926/4085
f 4505/2904/4064 4527/2926/4085 4501/2898/4059
f 4502/2902/4062 4510/2911/4070 4489/2885/4047
f 4490/2884/4048 4489/2885/4047 4510/2911/4070
f 3150/3037/2850 4512/2912/4072 3010/2900/2716
f 4502/2902/4062 4512/2912/4072 4510/2911/4070
f 4526/2924/4084 4494/2888/4052 4525/2925/3806
f 4630/3038/4183 4525/2925/3806 4494/2888/4052
f 4494/2888/4052 4493/2889/4051 4630/3038/4183
f 4631/3039/4184 4630/3038/4183 4493/2889/4051
f 4243/2626/3807 4242/2628/3806 4632/3041/4185
f 4633/3040/4186 4632/3041/4185 4242/2628/3806
f 4635/3045/4187 4636/3043/4188 4634/3044/4189
f 4637/3042/4190 4634/3044/4189 4636/3043/4188
f 4241/2627/3808 4244/2625/3809 4207/2589/3771
f 4205/2591/3772 4207/2589/3771 4244/2625/3809
f 4633/3040/4186 4638/3047/4191 4632/3041/4185
f 4639/3046/4192 4632/3041/4185 4638/3047/4191
f 4244/2625/4193 4641/2626/4194 4640/3048/4195
f 4634/3044/4189 4637/3042/4190 4246/2630/3809
f 4247/2629/3810 4246/2630/3809 4637/3042/4190
f 4494/2888/4052 4495/2892/4056 4492/2890/4053
f 4526/2924/4084 4249/2635/3812 4495/2892/4056
f 4500/2899/4060 4495/2892/4056 4249/2635/3812
f 4494/2888/4052 4526/2924/4084 4495/2892/4056
f 4628/3034/4182 4248/2634/3814 4629/3035/4181
f 4642/2632/4196 4629/3035/4181 4248/2634/3814
f 4499/2894/4058 4248/2634/3814 4628/3034/4182
f 4582/2985/4136 3165/3050/2866 4581/2986/4135
f 3164/3049/2865 4581/2986/4135 3165/3050/2866
f 4644/3054/4197 4645/3052/4198 4643/3053/4199
f 4646/3051/4200 4643/3053/4199 4645/3052/4198
f 4648/3058/4201 4649/3056/4202 4647/3057/4203
f 4650/3055/4204 4647/3057/4203 4649/3056/4202
f 4649/3056/4202 4651/3060/4205 4650/3055/4204
f 4652/3059/4206 4650/3055/4204 4651/3060/4205
f 4651/3060/4205 4653/3062/4207 4652/3059/4206
f 4654/3061/4208 4652/3059/4206 4653/3062/4207
f 4656/3066/4209 4657/3064/4210 4655/3065/4211
f 4658/3063/4212 4655/3065/4211 4657/3064/4210
f 4660/3070/4213 4661/3068/4214 4659/3069/4215
f 4662/3067/4216 4659/3069/4215 4661/3068/4214
f 4664/3074/4217 4665/3072/4218 4663/3073/4219
f 4666/3071/4220 4663/3073/4219 4665/3072/4218
f 4668/3078/4221 4669/3076/4222 4667/3077/4223
f 4670/3075/4224 4667/3077/4223 4669/3076/4222
f 4672/3082/4225 4673/3080/4226 4671/3081/4218
f 4674/3079/4227 4671/3081/4218 4673/3080/4226
f 4675/3084/4228 4676/3083/4229 4673/3080/4226
f 4674/3079/4227 4673/3080/4226 4676/3083/4229
f 4678/3082/4230 4679/3085/4231 4677/3080/4232
f 4681/3089/4233 4682/3087/4234 4680/3088/4235
f 4683/3086/4236 4680/3088/4235 4682/3087/4234
f 4680/3088/4235 4683/3086/4236 4671/3081/4218
f 4672/3082/4225 4671/3081/4218 4683/3086/4236
f 4684/3086/4237 4685/3087/4238 4679/3085/4231
f 4678/3082/4230 4684/3086/4237 4679/3085/4231
f 4687/3093/4210 4688/3091/4239 4686/3092/4240
f 4689/3090/4241 4686/3092/4240 4688/3091/4239
f 4689/3090/4241 4682/3087/4234 4686/3092/4240
f 4681/3089/4233 4686/3092/4240 4682/3087/4234
f 4691/3090/4242 4692/3091/4243 4690/3094/4244
f 4685/3087/4238 4691/3090/4242 4679/3085/4231
f 4690/3094/4244 4679/3085/4231 4691/3090/4242
f 4694/3098/4245 4695/3096/4246 4693/3097/4209
f 4696/3095/4247 4693/3097/4209 4695/3096/4246
f 4693/3097/4209 4696/3095/4247 4687/3093/4210
f 4688/3091/4239 4687/3093/4210 4696/3095/4247
f 4698/3095/4248 4699/3096/4249 4697/3099/4250
f 4698/3095/4248 4697/3099/4250 4692/3091/4243
f 4690/3094/4244 4692/3091/4243 4697/3099/4250
f 4700/3101/4251 4701/3100/4252 4694/3098/4245
f 4695/3096/4246 4694/3098/4245 4701/3100/4252
f 4699/3096/4249 4702/3100/4253 4697/3099/4250
f 4703/3102/4254 4697/3099/4250 4702/3100/4253
f 4704/3104/4255 4705/3103/4256 4700/3101/4251
f 4701/3100/4252 4700/3101/4251 4705/3103/4256
f 4706/3103/4257 4707/3105/4258 4702/3100/4253
f 4703/3102/4254 4702/3100/4253 4707/3105/4258
f 4709/3107/4259 4710/3106/4260 4708/3054/4261
f 4709/3107/4259 4705/3103/4256 4710/3106/4260
f 4704/3104/4255 4710/3106/4260 4705/3103/4256
f 4711/3108/4262 4712/3107/4263 4643/3053/4199
f 4644/3054/4197 4643/3053/4199 4712/3107/4263
f 4712/3107/4263 4711/3108/4262 4706/3103/4257
f 4707/3105/4258 4706/3103/4257 4711/3108/4262
f 4714/3110/4264 4209/2594/3773 4713/3109/4265
f 4208/2593/3774 4713/3109/4265 4209/2594/3773
f 4714/3110/4264 4715/3111/4266 4209/2594/3773
f 4218/2603/3782 4217/2602/3784 4716/3112/4267
f 4588/2990/4142 4716/3112/4267 4217/2602/3784
f 4717/3113/4268 4220/2605/3785 4716/3112/4267
f 4218/2603/3782 4716/3112/4267 4220/2605/3785
f 4718/3114/4269 4222/2607/3787 4717/3113/4268
f 4220/2605/3785 4717/3113/4268 4222/2607/3787
f 4713/3109/4265 4208/2593/3774 4718/3114/4269
f 4222/2607/3787 4718/3114/4269 4208/2593/3774
f 3243/3116/2938 3242/3115/2937 4573/2979/4130
f 4574/2980/4128 4573/2979/4130 3242/3115/2937
f 4209/2594/3773 4715/3111/4266 4202/2588/3766
f 4215/2598/3779 4217/2602/3784 4216/2597/3781
f 4720/3120/4270 4721/3118/4271 4719/3119/4272
f 4722/3117/4273 4719/3119/4272 4721/3118/4271
f 4722/3117/4273 4234/2619/3800 4235/2618/3799
f 4719/3119/4272 4722/3117/4273 4235/2618/3799
f 4722/3117/4273 4648/3058/4201 4647/3057/4203
f 4647/3057/4203 4588/2990/4142 4234/2619/3800
f 4722/3117/4273 4647/3057/4203 4234/2619/3800
f 4650/3055/4204 4588/2990/4142 4647/3057/4203
f 4650/3055/4204 4652/3059/4206 4716/3112/4267
f 4588/2990/4142 4650/3055/4204 4716/3112/4267
f 4717/3113/4268 4716/3112/4267 4652/3059/4206
f 4654/3061/4208 4717/3113/4268 4652/3059/4206
f 4653/3062/4207 4656/3066/4209 4654/3061/4208
f 4655/3065/4211 4654/3061/4208 4656/3066/4209
f 4655/3065/4211 4717/3113/4268 4654/3061/4208
f 4718/3114/4269 4717/3113/4268 4655/3065/4211
f 4658/3063/4212 4718/3114/4269 4655/3065/4211
f 4657/3064/4210 4660/3070/4213 4658/3063/4212
f 4659/3069/4215 4658/3063/4212 4660/3070/4213
f 4659/3069/4215 4718/3114/4269 4658/3063/4212
f 4713/3109/4265 4718/3114/4269 4659/3069/4215
f 4662/3067/4216 4713/3109/4265 4659/3069/4215
f 4661/3068/4214 4664/3074/4217 4662/3067/4216
f 4663/3073/4219 4662/3067/4216 4664/3074/4217
f 4663/3073/4219 4713/3109/4265 4662/3067/4216
f 4714/3110/4264 4713/3109/4265 4663/3073/4219
f 4666/3071/4220 4714/3110/4264 4663/3073/4219
f 4666/3071/4220 4665/3072/4218 4667/3077/4223
f 4668/3078/4221 4667/3077/4223 4665/3072/4218
f 4667/3077/4223 4715/3111/4266 4714/3110/4264
f 4666/3071/4220 4667/3077/4223 4714/3110/4264
f 4670/3075/4224 4715/3111/4266 4667/3077/4223
f 4193/2576/3757 4192/2578/3756 4723/3121/4274
f 4724/3122/4275 4193/2576/3757 4723/3121/4274
f 4275/2659/3838 4274/2658/3839 4118/2502/3685
f 4119/2503/3683 4118/2502/3685 4274/2658/3839
f 4726/3124/4276 4727/3123/4277 4725/3125/4277
f 4530/2929/4087 4726/3124/4276 4725/3125/4277
f 4528/2927/4086 4726/3124/4276 4530/2929/4087
f 4570/2974/4124 4574/2980/4128 3242/3115/2937
f 3084/2972/2786 4570/2974/4124 3242/3115/2937
f 4728/2987/3799 4575/2978/4129 4574/2980/4128
f 4574/2980/4128 4570/2974/4124 4572/2975/4127
f 4515/2914/4074 4729/2880/4278 4483/2879/4043
f 4729/2880/4278 4515/2914/4074 4730/2915/4279
f 4211/2596/3777 4514/2915/4073 4123/2507/3687
f 4124/2505/3688 4123/2507/3687 4514/2915/4073
f 4236/2621/3801 4237/2620/3802 4213/2599/3780
f 4731/3126/4280 4213/2599/3780 4237/2620/3802
f 4572/2975/4127 4728/2987/3799 4574/2980/4128
f 4213/2599/3780 4731/3126/4280 4214/2600/3778
f 4733/3128/4281 4734/3127/4165 4732/3129/4282
f 4614/3016/4166 4613/3017/4165 4735/3130/4283
f 4736/3132/4284 4737/3131/4285 4386/2779/3946
f 4385/2780/3945 4386/2779/3946 4737/3131/4285
f 4738/3134/4286 4739/3133/4287 4447/2842/4006
f 4448/2841/4008 4447/2842/4006 4739/3133/4287
f 4741/3138/4288 4742/3136/4289 4740/3137/4290
f 4743/3135/4291 4740/3137/4290 4742/3136/4289
f 4736/3132/4284 4741/3138/4288 4737/3131/4285
f 4740/3137/4290 4737/3131/4285 4741/3138/4288
f 4468/2864/4028 4325/2712/3885 4744/3139/4292
f 4343/2728/3902 4338/2724/3897 4337/2723/3898
f 4746/3084/4293 4677/3080/4232 4745/3140/4294
f 4677/3080/4232 4679/3085/4231 4745/3140/4294
f 4747/3041/4295 4748/3141/4296 4640/3048/4195
f 4749/2631/4297 4247/2629/3810 3274/3143/2968
f 3275/3142/2966 3274/3143/2968 4247/2629/3810
f 4640/3048/4195 4641/2626/4194 4747/3041/4295
f 4751/3147/4298 4752/3145/4298 4750/3146/4299
f 4753/3144/4299 4750/3146/4299 4752/3145/4298
f 3281/3148/2972 4206/2590/3770 4205/2591/3772
f 3281/3148/2972 3282/3149/2973 4206/2590/3770
f 4754/3150/4298 4751/3147/4298 4636/3043/4188
f 4750/3146/4299 4636/3043/4188 4751/3147/4298
f 4755/3152/4298 4756/3151/4299 4635/3045/4187
f 4756/3151/4299 4754/3150/4298 4635/3045/4187
f 4636/3043/4188 4635/3045/4187 4754/3150/4298
f 4562/2962/4116 4757/3153/4300 4551/2955/4109
f 4552/2956/4107 4551/2955/4109 4757/3153/4300
f 4561/2963/4115 4758/3154/4301 4562/2962/4116
f 4758/3154/4301 4757/3153/4300 4562/2962/4116
f 4759/3155/4046 4482/2876/4041 4481/2877/4040
f 4434/2825/3994 4759/3155/4046 4517/2916/4076
f 4481/2877/4040 4517/2916/4076 4759/3155/4046
f 4193/2576/3757 4724/3122/4275 4760/3156/4302
f 4724/3122/4275 4761/3157/4303 4760/3156/4302
f 4763/3161/4304 4764/3159/4305 4762/3160/4306
f 4765/3158/4307 4762/3160/4306 4764/3159/4305
f 4328/2714/3887 4766/3163/4308 4356/2747/3916
f 4767/3162/4309 4356/2747/3916 4766/3163/4308
f 4330/2716/3890 4768/3164/4310 4328/2714/3887
f 4766/3163/4308 4328/2714/3887 4768/3164/4310
f 4770/3165/4311 4767/3162/4309 4769/3166/4312
f 4770/3165/4311 4769/3166/4312 4771/3168/4313
f 4772/3167/4314 4771/3168/4313 4769/3166/4312
f 4471/2866/4031 4298/2687/3864 4470/2867/4030
f 4301/2685/3865 4470/2867/4030 4298/2687/3864
f 4773/3169/4315 4337/2723/3898 4332/2719/3892
f 4333/2718/3893 4332/2719/3892 4337/2723/3898
f 4775/3171/4316 4341/2727/3900 4774/3170/4317
f 4340/2726/3901 4774/3170/4317 4341/2727/3900
f 4773/3169/4315 4776/3173/4318 4337/2723/3898
f 4777/3172/4319 4337/2723/3898 4776/3173/4318
f 4342/2729/3903 4337/2723/3898 4777/3172/4319
f 4779/3175/4320 4766/3163/4308 4778/3174/4321
f 4768/3164/4310 4778/3174/4321 4766/3163/4308
f 4778/3174/4321 4772/3167/4314 4779/3175/4320
f 4769/3166/4312 4779/3175/4320 4772/3167/4314
f 4767/3162/4309 4766/3163/4308 4769/3166/4312
f 4779/3175/4320 4769/3166/4312 4766/3163/4308
f 4742/3136/4289 4780/3177/4322 4743/3135/4291
f 4781/3176/4323 4743/3135/4291 4780/3177/4322
f 4456/2849/4016 4468/2864/4028 4453/2851/4015
f 4782/3178/4324 4453/2851/4015 4468/2864/4028
f 4468/2864/4028 4744/3139/4292 4782/3178/4324
f 4783/3179/4325 4782/3178/4324 4744/3139/4292
f 4453/2851/4015 4447/2842/4006 4355/2742/3915
f 4446/2844/4005 4355/2742/3915 4447/2842/4006
f 4784/3181/4326 4785/3180/4327 4774/3170/4317
f 4775/3171/4316 4774/3170/4317 4785/3180/4327
f 4787/3182/4328 4738/3134/4286 4786/3183/4329
f 4786/3183/4329 4782/3178/4324 4787/3182/4328
f 4783/3179/4325 4787/3182/4328 4782/3178/4324
f 4453/2851/4015 4782/3178/4324 4786/3183/4329
f 4786/3183/4329 4447/2842/4006 4453/2851/4015
f 4786/3183/4329 4738/3134/4286 4447/2842/4006
f 4788/3184/4330 4739/3133/4287 4738/3134/4286
f 4789/3185/4331 4290/2673/3854 4289/2674/3853
f 4790/3186/4332 4346/2733/3906 4788/3184/4330
f 4347/2732/3907 4788/3184/4330 4346/2733/3906
f 4787/3182/4328 4790/3186/4332 4738/3134/4286
f 4788/3184/4330 4738/3134/4286 4790/3186/4332
f 4469/2865/4029 4739/3133/4287 4788/3184/4330
f 4347/2732/3907 4469/2865/4029 4788/3184/4330
f 4128/2509/3692 4132/2514/3697 4133/2515/3698
f 4791/3187/4333 4133/2515/3698 4132/2514/3697
f 4793/3189/4334 4794/3188/4335 4792/3190/4336
f 4732/3129/4282 4792/3190/4336 4733/3128/4281
f 4794/3188/4335 4733/3128/4281 4792/3190/4336
f 4133/2515/3698 4791/3187/4333 4134/2516/3699
f 4795/3191/4337 4134/2516/3699 4791/3187/4333
f 4615/3020/4168 4796/3193/4338 4616/3019/4169
f 4797/3192/4339 4616/3019/4169 4796/3193/4338
f 4290/2673/3854 4789/3185/4331 4292/2678/3855
f 4789/3185/4331 4293/2676/3856 4292/2678/3855
f 4798/3195/4340 4799/3194/4341 4339/2725/3899
f 4157/2539/3722 4339/2725/3899 4799/3194/4341
f 4801/3197/4342 4467/2863/4026 4800/3196/4343
f 4466/2862/4027 4800/3196/4343 4467/2863/4026
f 4765/3158/4307 4764/3159/4305 4800/3196/4343
f 4801/3197/4342 4800/3196/4343 4764/3159/4305
f 4802/3198/4344 4452/2848/4012 4156/2538/3721
f 4157/2539/3722 4802/3198/4344 4156/2538/3721
f 4799/3194/4341 4802/3198/4344 4157/2539/3722
f 4803/3200/4345 4804/3199/4346 4368/2762/3928
f 4369/2761/3929 4368/2762/3928 4804/3199/4346
f 4264/2646/3827 4806/3201/4347 4805/3202/4348
f 4442/2835/4002 2945/2837/2653 4279/2662/3843
f 3338/3204/3024 4807/3203/3984 3336/3205/3025
f 3338/3204/3024 4808/3206/3979 4807/3203/3984
f 3338/3204/3024 4809/3207/3846 4808/3206/3979
f 3338/3204/3024 4810/3208/4349 4809/3207/3846
f 3338/3204/3024 4811/3209/4350 4810/3208/4349
f 3345/3211/3030 4813/3210/4351 4812/3212/4352
f 3345/3211/3030 4814/3213/4353 4813/3210/4351
f 3345/3211/3030 4815/3214/4354 4814/3213/4353
f 3345/3211/3030 4816/3215/4355 4815/3214/4354
f 3345/3211/3030 4817/3216/4130 4816/3215/4355
f 3345/3211/3030 3350/3217/2938 4817/3216/4130
f 4819/3219/3452 4820/3218/3451 4818/3220/4356
f 4822/3224/4357 4823/3222/4358 4821/3223/4359
f 4824/3221/4360 4821/3223/4359 4823/3222/4358
f 4826/3228/4361 4827/3226/4362 4825/3227/4363
f 4828/3225/4364 4825/3227/4363 4827/3226/4362
f 4830/3230/4365 4831/3229/4366 4829/3231/1262
f 4832/3232/4367 4830/3230/4365 4829/3231/1262
f 4833/3233/4368 4832/3232/4367 4829/3231/1262
f 4834/3234/4369 4833/3233/4368 4829/3231/1262
f 4836/3238/4370 4837/3236/4371 4835/3237/4372
f 4838/3235/4373 4835/3237/4372 4837/3236/4371
f 4818/3220/4356 4820/3218/3451 4839/3239/4374
f 4839/3239/4374 4820/3218/3451 4840/3240/4375
f 4840/3240/4375 4820/3218/3451 4841/3241/4376
f 4841/3241/4376 4820/3218/3451 4842/3242/4377
f 4842/3242/4377 4820/3218/3451 4843/3243/4378
f 4843/3243/4378 4820/3218/3451 4844/3244/4379
f 4844/3244/4379 4820/3218/3451 4845/3245/4380
f 4847/3249/4381 4848/3247/4382 4846/3248/4383
f 4849/3246/4384 4846/3248/4383 4848/3247/4382
f 4851/3253/4385 4852/3251/4386 4850/3252/4387
f 4853/3250/4388 4850/3252/4387 4852/3251/4386
f 4855/3257/4389 4856/3255/4390 4854/3256/4391
f 4857/3254/4392 4854/3256/4391 4856/3255/4390
f 4859/3261/4393 4860/3259/4394 4858/3260/4395
f 4861/3258/4396 4858/3260/4395 4860/3259/4394
f 4863/3265/4397 4864/3263/4398 4862/3264/4399
f 4865/3262/4400 4862/3264/4399 4864/3263/4398
f 4867/3269/3500 4868/3267/4401 4866/3268/4402
f 4869/3266/4403 4866/3268/4402 4868/3267/4401
f 4871/3273/4404 4872/3271/4405 4870/3272/4406
f 4873/3270/4407 4870/3272/4406 4872/3271/4405
f 4874/3275/4408 4875/3274/4408 4870/3272/4406
f 4871/3273/4404 4870/3272/4406 4875/3274/4408
f 4876/3277/4409 4877/3276/4409 4874/3275/4408
f 4875/3274/4408 4874/3275/4408 4877/3276/4409
f 4879/3279/4410 4877/3276/4409 4878/3278/4411
f 4876/3277/4409 4878/3278/4411 4877/3276/4409
f 4880/3281/4412 4881/3280/4413 4878/3278/4411
f 4879/3279/4410 4878/3278/4411 4881/3280/4413
f 4882/3283/4414 4883/3282/4415 4880/3281/4412
f 4881/3280/4413 4880/3281/4412 4883/3282/4415
f 4866/3268/4402 4869/3266/4403 4882/3283/4414
f 4883/3282/4415 4882/3283/4414 4869/3266/4403
f 4860/3259/4394 4859/3261/4393 4884/3285/4416
f 4885/3284/4417 4884/3285/4416 4859/3261/4393
f 4864/3263/4398 4863/3265/4397 4838/3235/4373
f 4835/3237/4372 4838/3235/4373 4863/3265/4397
f 4856/3255/4390 4855/3257/4389 4861/3258/4396
f 4858/3260/4395 4861/3258/4396 4855/3257/4389
f 4852/3251/4386 4851/3253/4385 4886/3287/4418
f 4887/3286/4359 4886/3287/4418 4851/3253/4385
f 4848/3247/4382 4847/3249/4381 4857/3254/4392
f 4854/3256/4391 4857/3254/4392 4847/3249/4381
f 4837/3236/4371 4836/3238/4370 4828/3225/4364
f 4825/3227/4363 4828/3225/4364 4836/3238/4370
f 4827/3226/4362 4826/3228/4361 4853/3250/4388
f 4850/3252/4387 4853/3250/4388 4826/3228/4361
f 4823/3222/4358 4822/3224/4357 4849/3246/4384
f 4846/3248/4383 4849/3246/4384 4822/3224/4357
f 4889/3291/4419 4890/3289/4420 4888/3290/4421
f 4891/3288/4422 4888/3290/4421 4890/3289/4420
f 4891/3288/4422 4890/3289/4420 4892/3292/4423
f 4891/3288/4422 4892/3292/4423 4893/3294/4424
f 4894/3293/4425 4893/3294/4424 4892/3292/4423
f 4894/3293/4425 4895/3295/4426 4893/3294/4424
f 4893/3294/4424 4895/3295/4426 4896/3297/4427
f 4897/3296/4428 4896/3297/4427 4895/3295/4426
f 4896/3297/4427 4897/3296/4428 4898/3298/4429
f 4896/3297/4427 4898/3298/4429 4899/3300/4430
f 4900/3299/4431 4899/3300/4430 4898/3298/4429
f 4899/3300/4430 4900/3299/4431 4901/3301/4432
f 4903/3305/3528 4904/3303/4433 4902/3304/3528
f 4905/3302/4433 4902/3304/3528 4904/3303/4433
f 4907/3309/4434 4908/3307/4435 4906/3308/4436
f 4909/3306/4436 4906/3308/4436 4908/3307/4435
f 4909/3306/4436 4910/3311/4437 4906/3308/4436
f 4911/3310/4437 4906/3308/4436 4910/3311/4437
f 4910/3311/4437 4912/3313/4438 4911/3310/4437
f 4913/3312/4438 4911/3310/4437 4912/3313/4438
f 4913/3312/4438 4912/3313/4438 4914/3315/4439
f 4915/3314/4439 4914/3315/4439 4912/3313/4438
f 4915/3314/4439 4916/3317/4440 4914/3315/4439
f 4917/3316/4440 4914/3315/4439 4916/3317/4440
f 4917/3316/4440 4916/3317/4440 4918/3319/4441
f 4919/3318/4441 4918/3319/4441 4916/3317/4440
f 4921/3323/4442 4922/3321/4442 4920/3322/4443
f 4923/3320/4443 4920/3322/4443 4922/3321/4442
f 4918/3319/4441 4919/3318/4441 4924/3325/4444
f 4925/3324/4444 4924/3325/4444 4919/3318/4441
f 4927/3327/4445 4928/3326/4392 4926/3328/4446
f 4930/3332/4447 4931/3330/4448 4929/3331/4449
f 4932/3329/4448 4929/3331/4449 4931/3330/4448
f 4931/3330/4448 4933/3334/4450 4932/3329/4448
f 4934/3333/4451 4932/3329/4448 4933/3334/4450
f 4936/3338/4452 4937/3336/4453 4935/3337/4454
f 4938/3335/4454 4935/3337/4454 4937/3336/4453
f 4933/3334/4450 4937/3336/4453 4934/3333/4451
f 4936/3338/4452 4934/3333/4451 4937/3336/4453
f 4940/3342/4418 4941/3340/4455 4939/3341/4388
f 4942/3339/4456 4939/3341/4388 4941/3340/4455
f 4944/3345/4364 4942/3339/4456 4943/3344/4457
f 4945/3343/3554 4943/3344/4457 4942/3339/4456
f 4927/3327/4445 4941/3340/4455 4928/3326/4392
f 4946/3346/4458 4928/3326/4392 4941/3340/4455
f 4945/3343/3554 4947/3347/3553 4943/3344/4457
f 4949/3349/4459 4927/3327/4445 4948/3348/4416
f 4926/3328/4446 4948/3348/4416 4927/3327/4445
f 4939/3341/4388 4942/3339/4456 4944/3345/4364
f 4941/3340/4455 4940/3342/4418 4946/3346/4458
f 4925/3324/4444 4950/3351/4460 4924/3325/4444
f 4951/3350/4460 4924/3325/4444 4950/3351/4460
f 4923/3320/4443 4952/3353/4461 4920/3322/4443
f 4953/3352/4461 4920/3322/4443 4952/3353/4461
f 4952/3353/4461 4954/3355/4462 4953/3352/4461
f 4955/3354/4462 4953/3352/4461 4954/3355/4462
f 4955/3354/4462 4954/3355/4462 4956/3357/4463
f 4957/3356/4463 4956/3357/4463 4954/3355/4462
f 4957/3356/4463 4958/3359/4464 4956/3357/4463
f 4959/3358/4464 4956/3357/4463 4958/3359/4464
f 4959/3358/4464 4958/3359/4464 4960/3361/3561
f 4961/3360/3561 4960/3361/3561 4958/3359/4464
f 4905/3302/4433 4904/3303/4433 4921/3323/4442
f 4922/3321/4442 4921/3323/4442 4904/3303/4433
f 4962/3362/4465 4943/3344/4457 4947/3347/3553
f 4963/3363/4466 4948/3348/4416 4926/3328/4446
f 4964/3364/4467 4926/3328/4446 4928/3326/4392
f 4939/3341/4388 4965/3365/4386 4940/3342/4418
f 4966/3366/4382 4928/3326/4392 4946/3346/4458
f 4943/3344/4457 4967/3367/4371 4944/3345/4364
f 4944/3345/4364 4968/3368/4362 4939/3341/4388
f 4969/3369/4468 4946/3346/4458 4940/3342/4418
f 4971/3371/4469 4972/3370/4470 4970/3372/1261
f 4972/3370/4470 4973/3373/4471 4970/3372/1261
f 4973/3373/4471 4974/3374/4472 4970/3372/1261
f 4974/3374/4472 4975/3375/4473 4970/3372/1261
f 4977/3377/4474 4978/3376/4469 4976/3378/1262
f 4979/3379/4475 4977/3377/4474 4976/3378/1262
f 4980/3380/4476 4979/3379/4475 4976/3378/1262
f 4981/3381/4473 4980/3380/4476 4976/3378/1262
f 4558/2960/4112 4982/3382/4477 4559/2959/4113
f 4264/2646/3827 4805/3202/4348 4262/2648/3828
f 4984/2058/4478 4985/2056/4479 4983/2057/3298
f 4986/2055/4480 4983/2057/3298 4985/2056/4479
f 4988/2060/3300 4984/2058/4478 4987/2059/3301
f 4983/2057/3298 4987/2059/3301 4984/2058/4478
f 4990/2062/3302 4988/2060/3300 4989/2061/4481
f 4987/2059/3301 4989/2061/4481 4988/2060/3300
f 4992/2064/4482 4990/2062/3302 4991/2063/4483
f 4989/2061/4481 4991/2063/4483 4990/2062/3302
f 4994/2066/3306 4992/2064/4482 4993/2065/3307
f 4991/2063/4483 4993/2065/3307 4992/2064/4482
f 4996/2068/3308 4994/2066/3306 4995/2067/3309
f 4993/2065/3307 4995/2067/3309 4994/2066/3306
f 4998/2070/3310 4996/2068/3308 4997/2069/3311
f 4995/2067/3309 4997/2069/3311 4996/2068/3308
f 4986/2055/4480 4985/2056/4479 4997/2069/3311
f 4998/2070/3310 4997/2069/3311 4985/2056/4479
f 4999/2071/3312 4998/2070/3310 4985/2056/4479
f 4999/2071/3312 4996/2068/3308 4998/2070/3310
f 4999/2071/3312 4994/2066/3306 4996/2068/3308
f 4999/2071/3312 4992/2064/4482 4994/2066/3306
f 4999/2071/3312 4990/2062/3302 4992/2064/4482
f 4999/2071/3312 4988/2060/3300 4990/2062/3302
f 4999/2071/3312 4984/2058/4478 4988/2060/3300
f 4999/2071/3312 4985/2056/4479 4984/2058/4478
f 5001/2058/4478 5002/2056/4479 5000/2057/3298
f 5003/2055/4484 5000/2057/3298 5002/2056/4479
f 5005/2060/3300 5001/2058/4478 5004/2059/4485
f 5000/2057/3298 5004/2059/4485 5001/2058/4478
f 5007/2062/3302 5005/2060/3300 5006/2061/4486
f 5004/2059/4485 5006/2061/4486 5005/2060/3300
f 5009/2064/4482 5007/2062/3302 5008/2063/4483
f 5006/2061/4486 5008/2063/4483 5007/2062/3302
f 5011/2066/3306 5009/2064/4482 5010/2065/3307
f 5008/2063/4483 5010/2065/3307 5009/2064/4482
f 5013/2068/3308 5011/2066/3306 5012/2067/4487
f 5010/2065/3307 5012/2067/4487 5011/2066/3306
f 5015/2070/3310 5013/2068/3308 5014/2069/3311
f 5012/2067/4487 5014/2069/3311 5013/2068/3308
f 5003/2055/4484 5002/2056/4479 5014/2069/3311
f 5015/2070/3310 5014/2069/3311 5002/2056/4479
f 5016/2071/3312 5015/2070/3310 5002/2056/4479
f 5016/2071/3312 5013/2068/3308 5015/2070/3310
f 5016/2071/3312 5011/2066/3306 5013/2068/3308
f 5016/2071/3312 5009/2064/4482 5011/2066/3306
f 5016/2071/3312 5007/2062/3302 5009/2064/4482
f 5016/2071/3312 5005/2060/3300 5007/2062/3302
f 5016/2071/3312 5001/2058/4478 5005/2060/3300
f 5016/2071/3312 5002/2056/4479 5001/2058/4478
f 4722/3117/4273 4721/3118/4271 4648/3058/4201
f 4248/2634/3814 4499/2894/4058 4501/2898/4059
f 4747/3041/4295 5017/3046/4488 4748/3141/4296
f 2862/2755/2571 2636/2535/2350 2800/2694/2512
f 4361/2755/3921 4307/2694/3871 4152/2535/3717
f 977/969/206 976/968/899 978/971/207
f 3002/2893/2709 3001/2891/2707 3025/2877/2731
f 4496/2893/4054 4481/2877/4040 4497/2891/4055
f 5019/3383/4489 5020/3384/4490 5018/3385/4491
f 5021/3386/4492 5018/3385/4491 5020/3384/4490
f 5023/3387/4493 5024/3388/4494 5022/3389/4495
f 5025/3390/4496 5022/3389/4495 5024/3388/4494
f 5027/3391/4497 5028/3392/4498 5026/3393/4499
f 5029/3394/4500 5026/3393/4499 5028/3392/4498
f 5026/3393/4499 5029/3394/4500 5030/3395/4501
f 5031/3396/4502 5030/3395/4501 5029/3394/4500
f 5033/3397/4503 5034/3398/4504 5032/3399/4505
f 5036/3400/4506 5037/3401/4507 5035/3402/4508
f 5038/3403/4509 5035/3402/4508 5037/3401/4507
f 5038/3403/4509 5039/3404/4510 5035/3402/4508
f 5040/3405/4511 5035/3402/4508 5039/3404/4510
f 5042/3406/4512 5043/3407/4513 5041/3408/4514
f 5044/3409/4515 5041/3408/4514 5043/3407/4513
f 5046/3410/4516 5047/3411/4517 5045/3412/4518
f 5048/3413/4519 5045/3412/4518 5047/3411/4517
f 5050/3414/4520 5051/3415/4521 5049/3416/4522
f 5053/3417/4523 5054/3418/4524 5052/3419/4525
f 5034/3398/4504 5055/3420/4526 5032/3399/4505
f 5045/3412/4518 5048/3413/4519 5056/3421/4527
f 5057/3422/4509 5056/3421/4527 5048/3413/4519
f 5022/3389/4495 5025/3390/4496 5058/3423/4528
f 5059/3424/4529 5058/3423/4528 5025/3390/4496
f 5061/3425/4530 5062/3426/4531 5060/3427/4532
f 5064/3428/4533 5065/3429/4534 5063/3430/4535
f 5066/3431/4536 5063/3430/4535 5065/3429/4534
f 5039/3404/4510 5067/3432/4537 5040/3405/4511
f 5068/3433/4533 5040/3405/4511 5067/3432/4537
f 5070/3434/4538 5071/3435/4539 5069/3436/4540
f 5072/3437/4541 5069/3436/4540 5071/3435/4539
f 5073/3438/4537 5065/3429/4534 5064/3428/4533
f 5075/3439/4542 5033/3397/4503 5074/3440/4543
f 5077/3441/4544 5078/3442/4545 5076/3443/4546
f 5079/3444/4547 5076/3443/4546 5078/3442/4545
f 5081/3445/4548 5082/3446/4549 5080/3447/4550
f 5082/3446/4549 5083/3448/4551 5080/3447/4550
f 5084/3449/4552 5080/3447/4550 5083/3448/4551
f 5085/3450/4553 5081/3445/4548 5080/3447/4550
f 5056/3421/4527 5057/3422/4509 5086/3451/4554
f 5087/3452/4507 5086/3451/4554 5057/3422/4509
f 5021/3386/4492 5020/3384/4490 5027/3391/4497
f 5028/3392/4498 5027/3391/4497 5020/3384/4490
f 5089/3453/4555 5090/3454/4556 5088/3455/4557
f 5091/3456/4558 5088/3455/4557 5090/3454/4556
f 5092/3457/4559 5093/3458/4560 5049/3416/4522
f 5052/3419/4525 5054/3418/4524 5094/3459/4561
f 5095/3460/4562 5094/3459/4561 5054/3418/4524
f 5095/3460/4562 5096/3461/4563 5094/3459/4561
f 5098/3462/4564 5099/3463/4565 5097/3464/4566
f 5100/3465/4567 5061/3425/4530 5060/3427/4532
f 5101/3466/4568 5033/3397/4503 5032/3399/4505
f 5099/3463/4565 5102/3467/4569 5097/3464/4566
f 5093/3458/4560 5050/3414/4520 5049/3416/4522
f 5075/3439/4542 5103/3468/4570 5033/3397/4503
f 5034/3398/4504 5033/3397/4503 5103/3468/4570
f 5105/3469/4571 5106/3470/4572 5104/3471/4573
f 5107/3472/4574 5104/3471/4573 5106/3470/4572
f 5109/3473/4536 5110/3474/4502 5108/3475/4575
f 5085/3450/4553 5108/3475/4575 5110/3474/4502
f 5030/3395/4501 5031/3396/4502 5111/3476/4576
f 5112/3477/4577 5111/3476/4576 5031/3396/4502
f 5070/3434/4538 5114/3478/4578 5113/3479/4579
f 5115/3480/4580 5113/3479/4579 5114/3478/4578
f 5114/3478/4578 5051/3415/4521 5116/3481/4581
f 5117/3482/4582 5116/3481/4581 5051/3415/4521
f 5118/3483/4583 5101/3466/4568 5032/3399/4505
f 5074/3440/4543 5033/3397/4503 5101/3466/4568
f 5118/3483/4583 5093/3458/4560 5092/3457/4559
f 5119/3484/4584 5062/3426/4531 5061/3425/4530
f 5120/3485/4585 5099/3463/4565 5098/3462/4564
f 5101/3466/4568 5118/3483/4583 5092/3457/4559
f 5113/3479/4579 5121/3486/4586 5070/3434/4538
f 5071/3435/4539 5070/3434/4538 5121/3486/4586
f 5069/3436/4540 5051/3415/4521 5070/3434/4538
f 5114/3478/4578 5070/3434/4538 5051/3415/4521
f 5122/3487/4587 5115/3480/4580 5116/3481/4581
f 5114/3478/4578 5116/3481/4581 5115/3480/4580
f 5117/3482/4582 5051/3415/4521 5050/3414/4520
f 5124/3488/4588 5090/3454/4556 5123/3489/4589
f 5089/3453/4555 5123/3489/4589 5090/3454/4556
f 5125/3490/4590 5126/3491/4591 5075/3439/4542
f 5103/3468/4570 5075/3439/4542 5126/3491/4591
f 5127/3492/4592 5125/3490/4590 5074/3440/4543
f 5075/3439/4542 5074/3440/4543 5125/3490/4590
f 5110/3474/4502 5081/3445/4548 5085/3450/4553
f 5128/3493/4593 5129/3494/4594 5034/3398/4504
f 5055/3420/4526 5034/3398/4504 5129/3494/4594
f 5130/3495/4595 5131/3496/4547 5018/3385/4491
f 5019/3383/4489 5018/3385/4491 5131/3496/4547
f 5133/3496/4596 5134/3496/4596 5132/3383/4596
f 5136/3383/4597 5137/3383/4597 5135/3496/4597
f 5139/3448/4598 5140/3448/4598 5138/3449/4598
f 5142/3449/4599 5143/3449/4599 5141/3448/4599
f 5145/3497/4600 5146/3498/4601 5144/3499/4602
f 5148/3500/4603 5149/3501/4604 5147/3502/4605
f 5150/3503/4606 5147/3502/4605 5149/3501/4604
f 5152/3504/4607 5153/3505/4608 5151/3506/4609
f 5154/3507/4610 5151/3506/4609 5153/3505/4608
f 5156/3508/4611 5157/3509/4612 5155/3510/4613
f 5159/3511/4614 5160/3512/4615 5158/3513/4616
f 5161/3514/4617 5158/3513/4616 5160/3512/4615
f 5163/3515/4618 5164/3516/4619 5162/3517/4620
f 5165/3518/4621 5162/3517/4620 5164/3516/4619
f 5167/3519/4622 5145/3497/4600 5166/3520/4623
f 5144/3499/4602 5166/3520/4623 5145/3497/4600
f 5169/3521/4624 5162/3517/4620 5168/3522/4625
f 5165/3518/4621 5168/3522/4625 5162/3517/4620
f 5155/3510/4613 5157/3509/4612 5170/3523/4626
f 5171/3524/4627 5170/3523/4626 5157/3509/4612
f 5149/3501/4604 5172/3525/4628 5150/3503/4606
f 5173/3526/4629 5150/3503/4606 5172/3525/4628
f 5174/3527/4630 5175/3528/4631 5153/3505/4608
f 5154/3507/4610 5153/3505/4608 5175/3528/4631
f 5176/3529/4632 5177/3530/4633 5159/3511/4614
f 5160/3512/4615 5159/3511/4614 5177/3530/4633
f 5172/3525/4628 5167/3519/4622 5173/3526/4629
f 5166/3520/4623 5173/3526/4629 5167/3519/4622
f 5170/3523/4626 5171/3524/4627 5174/3527/4630
f 5175/3528/4631 5174/3527/4630 5171/3524/4627
f 5176/3529/4632 5169/3521/4624 5177/3530/4633
f 5168/3522/4625 5177/3530/4633 5169/3521/4624
f 5179/2457/4634 5180/2458/4635 5178/2459/4636
f 5181/2460/4637 5178/2459/4636 5180/2458/4635
f 5183/3531/4638 5184/3532/4639 5182/2461/4640
f 5185/2463/4641 5182/2461/4640 5184/3532/4639
f 5187/3533/4642 5188/3534/4643 5186/2465/4644
f 5189/2466/4645 5186/2465/4644 5188/3534/4643
f 5191/2467/4646 5186/2465/4644 5190/2468/4647
f 5189/2466/4645 5190/2468/4647 5186/2465/4644
f 5193/2469/4648 5194/2470/4649 5192/2471/4650
f 5195/2472/4651 5192/2471/4650 5194/2470/4649
f 5194/2470/4649 5196/2473/4652 5195/2472/4651
f 5197/2474/4653 5195/2472/4651 5196/2473/4652
f 5184/3532/4639 5198/3535/4654 5185/2463/4641
f 5199/2475/4655 5185/2463/4641 5198/3535/4654
f 5200/3536/4656 5201/2478/4657 5198/3535/4654
f 5199/2475/4655 5198/3535/4654 5201/2478/4657
f 5202/2479/4658 5203/2480/4659 5190/2468/4647
f 5191/2467/4646 5190/2468/4647 5203/2480/4659
f 5205/3537/4660 5206/2482/4661 5204/3538/4662
f 5207/2481/4663 5204/3538/4662 5206/2482/4661
f 5207/2481/4663 5206/2482/4661 5208/2483/4664
f 5209/2484/4665 5208/2483/4664 5206/2482/4661
f 5211/2464/4666 5184/3532/4639 5210/2462/4667
f 5183/3531/4638 5210/2462/4667 5184/3532/4639
f 5179/2457/4634 5188/3534/4643 5180/2458/4635
f 5187/3533/4642 5180/2458/4635 5188/3534/4643
f 5212/2476/4668 5198/3535/4654 5211/2464/4666
f 5184/3532/4639 5211/2464/4666 5198/3535/4654
f 5212/2476/4668 5213/2477/4669 5198/3535/4654
f 5200/3536/4656 5198/3535/4654 5213/2477/4669
f 5196/2473/4652 5205/3537/4660 5197/2474/4653
f 5204/3538/4662 5197/2474/4653 5205/3537/4660
f 5215/3386/4670 5216/3384/4671 5214/3385/4672
f 5217/3383/4673 5214/3385/4672 5216/3384/4671
f 5219/3390/4674 5220/3388/4675 5218/3389/4676
f 5221/3387/4677 5218/3389/4676 5220/3388/4675
f 5223/3394/4678 5224/3392/4679 5222/3393/4680
f 5225/3391/4681 5222/3393/4680 5224/3392/4679
f 5227/3396/4682 5223/3394/4678 5226/3395/4683
f 5222/3393/4680 5226/3395/4683 5223/3394/4678
f 5229/3398/4684 5230/3397/4685 5228/3399/4686
f 5232/3403/4687 5037/3401/4507 5231/3402/4688
f 5036/3400/4506 5231/3402/4688 5037/3401/4507
f 5233/3405/4689 5234/3404/4690 5231/3402/4688
f 5232/3403/4687 5231/3402/4688 5234/3404/4690
f 5236/3409/4691 5237/3407/4692 5235/3408/4693
f 5238/3406/4694 5235/3408/4693 5237/3407/4692
f 5240/3413/4695 5241/3411/4696 5239/3412/4697
f 5242/3410/4698 5239/3412/4697 5241/3411/4696
f 5244/3415/4699 5245/3414/4700 5243/3416/4701
f 5247/3418/4702 5248/3417/4703 5246/3419/4704
f 5249/3420/4705 5229/3398/4684 5228/3399/4686
f 5251/3422/4687 5240/3413/4695 5250/3421/4706
f 5239/3412/4697 5250/3421/4706 5240/3413/4695
f 5253/3424/4707 5219/3390/4674 5252/3423/4708
f 5218/3389/4676 5252/3423/4708 5219/3390/4674
f 5062/3426/4531 5255/3425/4709 5254/3427/4710
f 5257/3431/4711 5258/3429/4712 5256/3430/4713
f 5259/3428/4714 5256/3430/4713 5258/3429/4712
f 5260/3433/4714 5261/3432/4696 5233/3405/4689
f 5234/3404/4690 5233/3405/4689 5261/3432/4696
f 5072/3437/4541 5071/3435/4539 5262/3436/4715
f 5263/3434/4716 5262/3436/4715 5071/3435/4539
f 5258/3429/4712 5264/3438/4717 5259/3428/4714
f 5230/3397/4685 5266/3439/4718 5265/3440/4719
f 5268/3444/4720 5269/3442/4721 5267/3443/4722
f 5270/3441/4723 5267/3443/4722 5269/3442/4721
f 5272/3446/4724 5273/3445/4678 5271/3447/4725
f 5274/3449/4726 5275/3448/4727 5271/3447/4725
f 5272/3446/4724 5271/3447/4725 5275/3448/4727
f 5273/3445/4678 5276/3450/4728 5271/3447/4725
f 5087/3452/4507 5251/3422/4687 5086/3451/4554
f 5250/3421/4706 5086/3451/4554 5251/3422/4687
f 5224/3392/4679 5216/3384/4671 5225/3391/4681
f 5215/3386/4670 5225/3391/4681 5216/3384/4671
f 5091/3456/4558 5277/3454/4729 5088/3455/4557
f 5278/3453/4730 5088/3455/4557 5277/3454/4729
f 5279/3458/4731 5280/3457/4732 5243/3416/4701
f 5282/3460/4733 5247/3418/4702 5281/3459/4734
f 5246/3419/4704 5281/3459/4734 5247/3418/4702
f 5283/3461/4735 5282/3460/4733 5281/3459/4734
f 5285/3463/4736 5098/3462/4564 5284/3464/4737
f 5255/3425/4709 5286/3465/4738 5254/3427/4710
f 5230/3397/4685 5287/3466/4739 5228/3399/4686
f 5288/3467/4740 5285/3463/4736 5284/3464/4737
f 5245/3414/4700 5279/3458/4731 5243/3416/4701
f 5229/3398/4684 5289/3468/4741 5230/3397/4685
f 5266/3439/4718 5230/3397/4685 5289/3468/4741
f 5291/3472/4742 5106/3470/4572 5290/3471/4743
f 5105/3469/4571 5290/3471/4743 5106/3470/4572
f 5276/3450/4728 5293/3474/4744 5292/3475/4745
f 5294/3473/4746 5292/3475/4745 5293/3474/4744
f 5296/3477/4747 5227/3396/4682 5295/3476/4748
f 5226/3395/4683 5295/3476/4748 5227/3396/4682
f 5298/3480/4749 5299/3478/4750 5297/3479/4751
f 5263/3434/4716 5297/3479/4751 5299/3478/4750
f 5301/3482/4752 5244/3415/4699 5300/3481/4753
f 5299/3478/4750 5300/3481/4753 5244/3415/4699
f 5287/3466/4739 5302/3483/4754 5228/3399/4686
f 5230/3397/4685 5265/3440/4719 5287/3466/4739
f 5279/3458/4731 5302/3483/4754 5280/3457/4732
f 5062/3426/4531 5119/3484/4584 5255/3425/4709
f 5285/3463/4736 5120/3485/4585 5098/3462/4564
f 5302/3483/4754 5287/3466/4739 5280/3457/4732
f 5071/3435/4539 5121/3486/4586 5263/3434/4716
f 5297/3479/4751 5263/3434/4716 5121/3486/4586
f 5299/3478/4750 5244/3415/4699 5263/3434/4716
f 5262/3436/4715 5263/3434/4716 5244/3415/4699
f 5299/3478/4750 5298/3480/4749 5300/3481/4753
f 5303/3487/4755 5300/3481/4753 5298/3480/4749
f 5244/3415/4699 5301/3482/4752 5245/3414/4700
f 5278/3453/4730 5277/3454/4729 5304/3489/4756
f 5305/3488/4757 5304/3489/4756 5277/3454/4729
f 5289/3468/4741 5126/3491/4591 5266/3439/4718
f 5125/3490/4590 5266/3439/4718 5126/3491/4591
f 5266/3439/4718 5125/3490/4590 5265/3440/4719
f 5127/3492/4592 5265/3440/4719 5125/3490/4590
f 5273/3445/4678 5293/3474/4744 5276/3450/4728
f 5249/3420/4705 5306/3494/4758 5229/3398/4684
f 5307/3493/4759 5229/3398/4684 5306/3494/4758
f 5217/3383/4673 5308/3496/4760 5214/3385/4672
f 5309/3495/4761 5214/3385/4672 5308/3496/4760
f 5311/3383/4762 5312/3496/4762 5310/3383/4762
f 5314/3496/4763 5315/3383/4763 5313/3496/4763
f 5317/3449/4764 5318/3448/4764 5316/3449/4764
f 5320/3448/4765 5321/3449/4765 5319/3448/4765
f 5323/3498/4766 5324/3497/4767 5322/3499/4768
f 5326/3503/4769 5327/3501/4770 5325/3502/4771
f 5328/3500/4772 5325/3502/4771 5327/3501/4770
f 5330/3507/4773 5331/3505/4774 5329/3506/4775
f 5332/3504/4776 5329/3506/4775 5331/3505/4774
f 5334/3509/4777 5335/3508/4778 5333/3510/4779
f 5337/3514/4780 5338/3512/4781 5336/3513/4782
f 5339/3511/4783 5336/3513/4782 5338/3512/4781
f 5341/3518/4784 5342/3516/4785 5340/3517/4786
f 5343/3515/4787 5340/3517/4786 5342/3516/4785
f 5322/3499/4768 5324/3497/4767 5344/3520/4788
f 5345/3519/4789 5344/3520/4788 5324/3497/4767
f 5341/3518/4784 5340/3517/4786 5346/3522/4790
f 5347/3521/4791 5346/3522/4790 5340/3517/4786
f 5349/3524/4792 5334/3509/4777 5348/3523/4793
f 5333/3510/4779 5348/3523/4793 5334/3509/4777
f 5350/3526/4794 5351/3525/4795 5326/3503/4769
f 5327/3501/4770 5326/3503/4769 5351/3525/4795
f 5330/3507/4773 5352/3528/4796 5331/3505/4774
f 5353/3527/4797 5331/3505/4774 5352/3528/4796
f 5338/3512/4781 5354/3530/4798 5339/3511/4783
f 5355/3529/4799 5339/3511/4783 5354/3530/4798
f 5344/3520/4788 5345/3519/4789 5350/3526/4794
f 5351/3525/4795 5350/3526/4794 5345/3519/4789
f 5352/3528/4796 5349/3524/4792 5353/3527/4797
f 5348/3523/4793 5353/3527/4797 5349/3524/4792
f 5346/3522/4790 5347/3521/4791 5354/3530/4798
f 5355/3529/4799 5354/3530/4798 5347/3521/4791
f 5357/2460/4800 5358/2458/4801 5356/2459/4802
f 5359/2457/4803 5356/2459/4802 5358/2458/4801
f 5361/2463/4804 5362/3532/4805 5360/2461/4806
f 5363/3531/4807 5360/2461/4806 5362/3532/4805
f 5365/2466/4808 5366/3534/4809 5364/2465/4810
f 5367/3533/4811 5364/2465/4810 5366/3534/4809
f 5365/2466/4808 5364/2465/4810 5368/2468/4812
f 5369/2467/4813 5368/2468/4812 5364/2465/4810
f 5371/2472/4814 5372/2470/4815 5370/2471/4802
f 5373/2469/4816 5370/2471/4802 5372/2470/4815
f 5374/2474/4817 5375/2473/4818 5371/2472/4814
f 5372/2470/4815 5371/2472/4814 5375/2473/4818
f 5376/2475/4819 5377/3535/4820 5361/2463/4804
f 5362/3532/4805 5361/2463/4804 5377/3535/4820
f 5376/2475/4819 5378/2478/4821 5377/3535/4820
f 5379/3536/4822 5377/3535/4820 5378/2478/4821
f 5369/2467/4813 5380/2480/4823 5368/2468/4812
f 5381/2479/4824 5368/2468/4812 5380/2480/4823
f 5383/2481/4825 5384/2482/4826 5382/3538/4827
f 5385/3537/4828 5382/3538/4827 5384/2482/4826
f 5387/2484/4829 5384/2482/4826 5386/2483/4830
f 5383/2481/4825 5386/2483/4830 5384/2482/4826
f 5363/3531/4807 5362/3532/4805 5388/2462/4831
f 5389/2464/4832 5388/2462/4831 5362/3532/4805
f 5367/3533/4811 5366/3534/4809 5358/2458/4801
f 5359/2457/4803 5358/2458/4801 5366/3534/4809
f 5362/3532/4805 5377/3535/4820 5389/2464/4832
f 5390/2476/4833 5389/2464/4832 5377/3535/4820
f 5379/3536/4822 5391/2477/4834 5377/3535/4820
f 5390/2476/4833 5377/3535/4820 5391/2477/4834
f 5382/3538/4827 5385/3537/4828 5374/2474/4817
f 5375/2473/4818 5374/2474/4817 5385/3537/4828
f 5393/1088/1015 5394/1090/1015 5392/1088/1015
f 5396/1090/1015 5397/1088/1015 5395/1090/1015
f 5399/1089/4835 5400/1088/4835 5398/1089/4835
f 5402/1088/4835 5398/1089/4835 5401/1088/4835
f 5404/1091/1273 5405/1089/1273 5403/1091/1273
f 5406/1089/1273 5403/1091/1273 5405/1089/1273
f 5408/1090/4836 5409/1091/4836 5407/1090/4836
f 5411/1091/4836 5412/1090/4836 5410/1091/4836
